{
  "summary": {
    "energy_depletion": 1306.8810675562956,
    "energy_transition": -10.760967472894441,
    "high_energy_trend": 3736.5226502311234,
    "low_energy_range": 11.759630200311305,
    "multi_whipsaw_sweep": -4.437596301995202,
    "panic_reversal": 182155.79861431866,
    "random_walk": 13.534668721111847,
    "slow_grind_break": 162.10539291217728,
    "spread_widening": 252.27734976887646,
    "trend_continuation": 1590.5454545454572,
    "universal_energy_morph": 743.407802600867,
    "whipsaw_spike_fade": 73.13304721031068
  },
  "details": {
    "energy_depletion": [
      1392.200166805673,
      1236.3102585487911,
      1315.6363636363583,
      1562.802335279399,
      1027.456213511257
    ],
    "energy_transition": [
      4.804003336111565,
      -25.221017514594052,
      -23.779816513759915,
      25.521267723103108,
      -35.12927439533291
    ],
    "high_energy_trend": [
      3910.742681047767,
      3701.2881355932113,
      3951.5685670262033,
      4167.457627118637,
      2951.5562403697986
    ],
    "low_energy_range": [
      43.82126348228422,
      -29.953775038519964,
      7.765793528507,
      94.29892141756741,
      -57.13405238828215
    ],
    "multi_whipsaw_sweep": [
      -4.437596301995202,
      -4.437596301995202,
      -4.437596301995202,
      -4.437596301995202,
      -4.437596301995202
    ],
    "panic_reversal": [
      176994.34642032327,
      180773.87528868346,
      173970.1801385682,
      226480.90531177822,
      152559.6859122401
    ],
    "random_walk": [
      131.46379044684036,
      -146.99537750384204,
      -0.5546995377417023,
      322.8351309707206,
      -239.07550077041802
    ],
    "slow_grind_break": [
      203.46379044684156,
      106.50231124808194,
      162.74884437596998,
      261.263482280431,
      76.54853620956197
    ],
    "spread_widening": [
      323.2788906009313,
      184.93682588597062,
      237.18952234206174,
      369.0970724191127,
      146.88443759630601
    ],
    "trend_continuation": [
      1775.815100154082,
      1329.6147919876757,
      1625.6024653312845,
      2028.536209553158,
      1193.1587057010863
    ],
    "universal_energy_morph": [
      770.8729576525507,
      753.3471157052352,
      741.2950983661226,
      848.9229743247743,
      602.6008669556521
    ],
    "whipsaw_spike_fade": [
      73.13304721031068,
      73.13304721031068,
      73.13304721031068,
      73.13304721031068,
      73.13304721031068
    ]
  },
  "global_avg": 15835.897259524194
}