cluster_id,distance,direction,timestamp,future_mfe,future_mae,time_to_target,harvester_profit,harvester_reason,runner_extension,runner_static_profit,runner_static_reason,runner_partial_tp,runner_partial_fraction,stop_hit
LONG_1.5_001,1.5,LONG,2024-01-15T08:00:00.000000000Z,6.800000000000139,11.699999999998933,3,1.5,TP_HIT,5.300000000000139,1.2000000000000002,PARTIAL_THEN_SL,1.5,0.9,False
LONG_1.5_001,1.5,LONG,2024-01-15T08:01:00.000000000Z,6.6000000000010495,11.899999999998023,2,1.5,TP_HIT,5.1000000000010495,1.2000000000000002,PARTIAL_THEN_SL,1.5,0.9,False
LONG_1.5_001,1.5,LONG,2024-01-15T08:02:00.000000000Z,5.399999999999849,13.099999999999223,1,1.5,TP_HIT,3.8999999999998494,1.2000000000000002,PARTIAL_THEN_SL,1.5,0.9,False
LONG_1.5_001,1.5,LONG,2024-01-15T08:03:00.000000000Z,3.4000000000000696,15.099999999999003,6,-1.5,SL_HIT,1.9000000000000696,-1.5,SL_HIT,1.5,0.9,True
LONG_1.5_001,1.5,LONG,2024-01-15T08:04:00.000000000Z,3.9999999999995595,14.499999999999513,5,-1.5,SL_HIT,2.4999999999995595,-1.5,SL_HIT,1.5,0.9,True
LONG_1.5_001,1.5,LONG,2024-01-15T08:05:00.000000000Z,3.5000000000007248,14.999999999998348,4,-1.5,SL_HIT,2.0000000000007248,-1.5,SL_HIT,1.5,0.9,True
LONG_1.5_001,1.5,LONG,2024-01-15T08:06:00.000000000Z,4.299999999999304,14.199999999999768,3,1.5,TP_HIT,2.7999999999993044,1.2000000000000002,PARTIAL_THEN_SL,1.5,0.9,False
LONG_1.5_001,1.5,LONG,2024-01-15T08:07:00.000000000Z,5.699999999999594,13.600000000000279,1,1.5,TP_HIT,4.199999999999594,1.2000000000000002,PARTIAL_THEN_SL,1.5,0.9,False
LONG_1.5_001,1.5,LONG,2024-01-15T08:08:00.000000000Z,3.6999999999998145,15.600000000000058,1,1.5,TP_HIT,2.1999999999998145,1.2000000000000002,PARTIAL_THEN_SL,1.5,0.9,False
LONG_1.5_001,1.5,LONG,2024-01-15T08:09:00.000000000Z,1.5999999999993797,17.700000000000493,15,-1.5,SL_HIT,0.0999999999993797,-1.5,SL_HIT,1.5,0.9,True
LONG_1.5_001,1.5,LONG,2024-01-15T08:10:00.000000000Z,1.5999999999993797,17.700000000000493,14,-1.5,SL_HIT,0.0999999999993797,-1.5,SL_HIT,1.5,0.9,True
LONG_1.5_001,1.5,LONG,2024-01-15T08:11:00.000000000Z,0.1999999999990898,19.100000000000783,101,-1.5,SL_HIT,0.0,-1.5,SL_HIT,1.5,0.9,True
LONG_1.5_001,1.5,LONG,2024-01-15T08:12:00.000000000Z,2.2999999999995246,17.000000000000348,2,1.5,TP_HIT,0.7999999999995246,1.2000000000000002,PARTIAL_THEN_SL,1.5,0.9,False
LONG_1.5_001,1.5,LONG,2024-01-15T08:13:00.000000000Z,2.4000000000001798,16.899999999999693,1,1.5,TP_HIT,0.9000000000001798,1.2000000000000002,PARTIAL_THEN_SL,1.5,0.9,False
LONG_1.5_001,1.5,LONG,2024-01-15T08:14:00.000000000Z,0.5999999999994898,18.700000000000383,101,-1.5,SL_HIT,0.0,-1.5,SL_HIT,1.5,0.9,True
LONG_1.5_001,1.5,LONG,2024-01-15T08:15:00.000000000Z,0.1999999999990898,19.100000000000783,101,-1.5,SL_HIT,0.0,-1.5,SL_HIT,1.5,0.9,True
LONG_1.5_001,1.5,LONG,2024-01-15T08:16:00.000000000Z,3.5000000000007248,15.799999999999148,8,1.5,TP_HIT,2.0000000000007248,1.2000000000000002,PARTIAL_THEN_SL,1.5,0.9,False
LONG_1.5_001,1.5,LONG,2024-01-15T08:17:00.000000000Z,2.5999999999992696,16.700000000000603,7,1.5,TP_HIT,1.0999999999992696,1.2000000000000002,PARTIAL_THEN_SL,1.5,0.9,False
LONG_1.5_001,1.5,LONG,2024-01-15T08:18:00.000000000Z,2.80000000000058,16.499999999999293,6,1.5,TP_HIT,1.3000000000005798,1.2000000000000002,PARTIAL_THEN_SL,1.5,0.9,False
LONG_1.5_001,1.5,LONG,2024-01-15T08:19:00.000000000Z,2.5999999999992696,16.700000000000603,5,1.5,TP_HIT,1.0999999999992696,1.2000000000000002,PARTIAL_THEN_SL,1.5,0.9,False
LONG_1.5_001,1.5,LONG,2024-01-15T08:20:00.000000000Z,3.20000000000098,16.299999999997983,4,1.5,TP_HIT,1.7000000000009798,1.2000000000000002,PARTIAL_THEN_SL,1.5,0.9,False
LONG_1.5_001,1.5,LONG,2024-01-15T08:21:00.000000000Z,2.100000000000435,17.399999999998528,3,1.5,TP_HIT,0.6000000000004349,1.2000000000000002,PARTIAL_THEN_SL,1.5,0.9,False
LONG_1.5_001,1.5,LONG,2024-01-15T08:22:00.000000000Z,2.9999999999996696,17.599999999999838,2,1.5,TP_HIT,1.4999999999996696,1.2000000000000002,PARTIAL_THEN_SL,1.5,0.9,False
LONG_1.5_001,1.5,LONG,2024-01-15T08:23:00.000000000Z,2.2999999999995246,19.299999999999873,1,1.5,TP_HIT,0.7999999999995246,1.2000000000000002,PARTIAL_THEN_SL,1.5,0.9,False
LONG_1.5_001,1.5,LONG,2024-01-15T08:24:00.000000000Z,0.0,23.100000000000342,101,-1.5,SL_HIT,0.0,-1.5,SL_HIT,1.5,0.9,True
LONG_1.5_002,1.5,LONG,2024-01-15T08:32:00.000000000Z,2.100000000000435,20.599999999999508,7,1.5,TP_HIT,0.6000000000004349,1.2000000000000002,PARTIAL_THEN_SL,1.5,0.9,False
LONG_1.5_002,1.5,LONG,2024-01-15T08:33:00.000000000Z,1.9999999999997797,20.700000000000163,6,1.5,TP_HIT,0.49999999999977973,1.2000000000000002,PARTIAL_THEN_SL,1.5,0.9,False
LONG_1.5_002,1.5,LONG,2024-01-15T08:34:00.000000000Z,2.100000000000435,20.599999999999508,5,1.5,TP_HIT,0.6000000000004349,1.2000000000000002,PARTIAL_THEN_SL,1.5,0.9,False
LONG_1.5_002,1.5,LONG,2024-01-15T08:35:00.000000000Z,1.9999999999997797,21.299999999999653,4,1.5,TP_HIT,0.49999999999977973,1.2000000000000002,PARTIAL_THEN_SL,1.5,0.9,False
LONG_1.5_002,1.5,LONG,2024-01-15T08:36:00.000000000Z,2.4999999999986144,21.000000000002128,3,1.5,TP_HIT,0.9999999999986144,1.2000000000000002,PARTIAL_THEN_SL,1.5,0.9,False
LONG_1.5_002,1.5,LONG,2024-01-15T08:37:00.000000000Z,1.9999999999997797,22.699999999999942,2,1.5,TP_HIT,0.49999999999977973,1.2000000000000002,PARTIAL_THEN_SL,1.5,0.9,False
LONG_1.5_002,1.5,LONG,2024-01-15T08:38:00.000000000Z,0.9999999999998899,25.399999999999867,101,-1.5,SL_HIT,0.0,-1.5,SL_HIT,1.5,0.9,True
LONG_1.5_002,1.5,LONG,2024-01-15T08:39:00.000000000Z,0.0,26.399999999999757,101,-1.5,SL_HIT,0.0,-1.5,SL_HIT,1.5,0.9,True
LONG_1.5_002,1.5,LONG,2024-01-15T08:40:00.000000000Z,0.0,25.999999999999357,101,-1.5,SL_HIT,0.0,-1.5,SL_HIT,1.5,0.9,True
LONG_1.5_002,1.5,LONG,2024-01-15T08:41:00.000000000Z,1.8999999999991246,24.100000000000232,2,1.5,TP_HIT,0.3999999999991246,1.2000000000000002,PARTIAL_THEN_SL,1.5,0.9,False
LONG_1.5_002,1.5,LONG,2024-01-15T08:42:00.000000000Z,1.0999999999983245,25.200000000000777,101,-1.5,SL_HIT,0.0,-1.5,SL_HIT,1.5,0.9,True
LONG_1.5_002,1.5,LONG,2024-01-15T08:43:00.000000000Z,0.2999999999997449,25.999999999999357,101,-1.5,SL_HIT,0.0,-1.5,SL_HIT,1.5,0.9,True
LONG_1.5_002,1.5,LONG,2024-01-15T08:44:00.000000000Z,0.0,26.299999999999102,101,-1.5,SL_HIT,0.0,-1.5,SL_HIT,1.5,0.9,True
LONG_1.5_002,1.5,LONG,2024-01-15T08:45:00.000000000Z,1.6000000000016001,24.599999999999067,2,1.5,TP_HIT,0.10000000000160014,1.2000000000000002,PARTIAL_THEN_SL,1.5,0.9,False
LONG_1.5_002,1.5,LONG,2024-01-15T08:46:00.000000000Z,0.40000000000040004,25.800000000000267,101,-1.5,SL_HIT,0.0,-1.5,SL_HIT,1.5,0.9,True
LONG_1.5_002,1.5,LONG,2024-01-15T08:47:00.000000000Z,0.0,26.200000000000667,101,-1.5,SL_HIT,0.0,-1.5,SL_HIT,1.5,0.9,True
LONG_1.5_003,1.5,LONG,2024-01-15T09:02:00.000000000Z,2.100000000000435,20.000000000000018,4,1.5,TP_HIT,0.6000000000004349,1.2000000000000002,PARTIAL_THEN_SL,1.5,0.9,False
LONG_1.5_003,1.5,LONG,2024-01-15T09:03:00.000000000Z,1.80000000000069,20.299999999999763,3,1.5,TP_HIT,0.30000000000068994,1.2000000000000002,PARTIAL_THEN_SL,1.5,0.9,False
LONG_1.5_003,1.5,LONG,2024-01-15T09:04:00.000000000Z,1.2999999999996348,20.800000000000818,101,-1.5,SL_HIT,0.0,-1.5,SL_HIT,1.5,0.9,True
LONG_1.5_003,1.5,LONG,2024-01-15T09:05:00.000000000Z,1.2999999999996348,20.800000000000818,101,-1.5,SL_HIT,0.0,-1.5,SL_HIT,1.5,0.9,True
LONG_1.5_003,1.5,LONG,2024-01-15T09:06:00.000000000Z,0.2999999999997449,21.800000000000708,101,-1.5,SL_HIT,0.0,-1.5,SL_HIT,1.5,0.9,True
LONG_1.5_003,1.5,LONG,2024-01-15T09:07:00.000000000Z,0.8000000000008001,21.299999999999653,101,-1.5,SL_HIT,0.0,-1.5,SL_HIT,1.5,0.9,True
LONG_1.5_003,1.5,LONG,2024-01-15T09:08:00.000000000Z,1.500000000000945,20.599999999999508,22,-1.5,SL_HIT,9.450218385609332e-13,-1.5,SL_HIT,1.5,0.9,True
LONG_1.5_003,1.5,LONG,2024-01-15T09:09:00.000000000Z,0.9000000000014552,21.199999999998997,101,-1.5,SL_HIT,0.0,-1.5,SL_HIT,1.5,0.9,True
LONG_1.5_003,1.5,LONG,2024-01-15T09:10:00.000000000Z,0.700000000000145,21.400000000000308,101,-1.5,SL_HIT,0.0,-1.5,SL_HIT,1.5,0.9,True
LONG_1.5_003,1.5,LONG,2024-01-15T09:11:00.000000000Z,0.40000000000040004,21.700000000000053,101,-1.5,SL_HIT,0.0,-1.5,SL_HIT,1.5,0.9,True
LONG_1.5_003,1.5,LONG,2024-01-15T09:12:00.000000000Z,0.10000000000065512,21.999999999999797,101,-1.5,SL_HIT,0.0,-1.5,SL_HIT,1.5,0.9,True
LONG_1.5_003,1.5,LONG,2024-01-15T09:13:00.000000000Z,1.80000000000069,20.299999999999763,17,-1.5,SL_HIT,0.30000000000068994,-1.5,SL_HIT,1.5,0.9,True
LONG_1.5_003,1.5,LONG,2024-01-15T09:14:00.000000000Z,0.8000000000008001,21.299999999999653,101,-1.5,SL_HIT,0.0,-1.5,SL_HIT,1.5,0.9,True
LONG_1.5_003,1.5,LONG,2024-01-15T09:15:00.000000000Z,1.500000000000945,20.599999999999508,15,-1.5,SL_HIT,9.450218385609332e-13,-1.5,SL_HIT,1.5,0.9,True
LONG_1.5_003,1.5,LONG,2024-01-15T09:16:00.000000000Z,2.500000000000835,19.599999999999618,14,1.5,TP_HIT,1.0000000000008349,1.2000000000000002,PARTIAL_THEN_SL,1.5,0.9,False
LONG_1.5_003,1.5,LONG,2024-01-15T09:17:00.000000000Z,2.9999999999996696,19.100000000000783,4,1.5,TP_HIT,1.4999999999996696,1.2000000000000002,PARTIAL_THEN_SL,1.5,0.9,False
LONG_1.5_003,1.5,LONG,2024-01-15T09:18:00.000000000Z,3.5000000000007248,18.599999999999728,3,1.5,TP_HIT,2.0000000000007248,1.2000000000000002,PARTIAL_THEN_SL,1.5,0.9,False
LONG_1.5_003,1.5,LONG,2024-01-15T09:19:00.000000000Z,2.500000000000835,19.599999999999618,11,1.5,TP_HIT,1.0000000000008349,1.2000000000000002,PARTIAL_THEN_SL,1.5,0.9,False
LONG_1.5_003,1.5,LONG,2024-01-15T09:20:00.000000000Z,2.80000000000058,19.299999999999873,1,1.5,TP_HIT,1.3000000000005798,1.2000000000000002,PARTIAL_THEN_SL,1.5,0.9,False
LONG_1.5_003,1.5,LONG,2024-01-15T09:21:00.000000000Z,1.100000000000545,20.999999999999908,101,-1.5,SL_HIT,0.0,-1.5,SL_HIT,1.5,0.9,True
LONG_1.5_003,1.5,LONG,2024-01-15T09:22:00.000000000Z,1.2000000000012,20.899999999999253,101,-1.5,SL_HIT,0.0,-1.5,SL_HIT,1.5,0.9,True
LONG_1.5_003,1.5,LONG,2024-01-15T09:23:00.000000000Z,1.7000000000000348,20.400000000000418,7,1.5,TP_HIT,0.20000000000003482,1.2000000000000002,PARTIAL_THEN_SL,1.5,0.9,False
LONG_1.5_003,1.5,LONG,2024-01-15T09:24:00.000000000Z,1.900000000001345,20.199999999999108,6,1.5,TP_HIT,0.40000000000134506,1.2000000000000002,PARTIAL_THEN_SL,1.5,0.9,False
LONG_1.5_003,1.5,LONG,2024-01-15T09:25:00.000000000Z,2.6999999999999247,19.400000000000528,5,1.5,TP_HIT,1.1999999999999247,1.2000000000000002,PARTIAL_THEN_SL,1.5,0.9,False
LONG_1.5_003,1.5,LONG,2024-01-15T09:26:00.000000000Z,1.500000000000945,20.599999999999508,4,1.5,TP_HIT,9.450218385609332e-13,1.2000000000000002,PARTIAL_THEN_SL,1.5,0.9,False
LONG_1.5_003,1.5,LONG,2024-01-15T09:27:00.000000000Z,1.500000000000945,20.599999999999508,3,1.5,TP_HIT,9.450218385609332e-13,1.2000000000000002,PARTIAL_THEN_SL,1.5,0.9,False
LONG_1.5_003,1.5,LONG,2024-01-15T09:28:00.000000000Z,1.900000000001345,20.199999999999108,2,1.5,TP_HIT,0.40000000000134506,1.2000000000000002,PARTIAL_THEN_SL,1.5,0.9,False
LONG_1.5_003,1.5,LONG,2024-01-15T09:29:00.000000000Z,1.9999999999997797,20.100000000000673,1,1.5,TP_HIT,0.49999999999977973,1.2000000000000002,PARTIAL_THEN_SL,1.5,0.9,False
LONG_1.5_003,1.5,LONG,2024-01-15T09:30:00.000000000Z,0.0,22.100000000000453,101,-1.5,SL_HIT,0.0,-1.5,SL_HIT,1.5,0.9,True
LONG_1.5_004,1.5,LONG,2024-01-15T09:37:00.000000000Z,1.5999999999993797,12.600000000000389,18,-1.5,SL_HIT,0.0999999999993797,-1.5,SL_HIT,1.5,0.9,True
LONG_1.5_004,1.5,LONG,2024-01-15T09:38:00.000000000Z,2.8999999999990145,11.300000000000754,1,1.5,TP_HIT,1.3999999999990145,1.2000000000000002,PARTIAL_THEN_SL,1.5,0.9,False
LONG_1.5_004,1.5,LONG,2024-01-15T09:39:00.000000000Z,0.700000000000145,13.499999999999623,101,-1.5,SL_HIT,0.0,-1.5,SL_HIT,1.5,0.9,True
LONG_1.5_004,1.5,LONG,2024-01-15T09:40:00.000000000Z,0.9999999999998899,13.199999999999878,101,-1.5,SL_HIT,0.0,-1.5,SL_HIT,1.5,0.9,True
LONG_1.5_004,1.5,LONG,2024-01-15T09:41:00.000000000Z,0.5000000000010552,13.699999999998713,101,-1.5,SL_HIT,0.0,-1.5,SL_HIT,1.5,0.9,True
LONG_1.5_004,1.5,LONG,2024-01-15T09:42:00.000000000Z,0.8999999999992347,13.300000000000534,101,-1.5,SL_HIT,0.0,-1.5,SL_HIT,1.5,0.9,True
LONG_1.5_004,1.5,LONG,2024-01-15T09:43:00.000000000Z,1.1999999999989797,13.000000000000789,101,-1.5,SL_HIT,0.0,-1.5,SL_HIT,1.5,0.9,True
LONG_1.5_004,1.5,LONG,2024-01-15T09:44:00.000000000Z,2.1999999999988695,12.000000000000899,11,-1.5,SL_HIT,0.6999999999988695,-1.5,SL_HIT,1.5,0.9,True
LONG_1.5_004,1.5,LONG,2024-01-15T09:45:00.000000000Z,1.1999999999989797,13.000000000000789,101,-1.5,SL_HIT,0.0,-1.5,SL_HIT,1.5,0.9,True
LONG_1.5_004,1.5,LONG,2024-01-15T09:46:00.000000000Z,1.500000000000945,12.699999999998823,9,-1.5,SL_HIT,9.450218385609332e-13,-1.5,SL_HIT,1.5,0.9,True
LONG_1.5_004,1.5,LONG,2024-01-15T09:47:00.000000000Z,3.6999999999998145,10.499999999999954,2,1.5,TP_HIT,2.1999999999998145,1.2000000000000002,PARTIAL_THEN_SL,1.5,0.9,False
LONG_1.5_004,1.5,LONG,2024-01-15T09:48:00.000000000Z,2.80000000000058,11.399999999999189,1,1.5,TP_HIT,1.3000000000005798,1.2000000000000002,PARTIAL_THEN_SL,1.5,0.9,False
LONG_1.5_004,1.5,LONG,2024-01-15T09:49:00.000000000Z,0.9999999999998899,13.199999999999878,101,-1.5,SL_HIT,0.0,-1.5,SL_HIT,1.5,0.9,True
LONG_1.5_004,1.5,LONG,2024-01-15T09:50:00.000000000Z,1.8999999999991246,12.300000000000644,5,-1.5,SL_HIT,0.3999999999991246,-1.5,SL_HIT,1.5,0.9,True
LONG_1.5_004,1.5,LONG,2024-01-15T09:51:00.000000000Z,3.4000000000000696,10.799999999999699,4,1.5,TP_HIT,1.9000000000000696,1.2000000000000002,PARTIAL_THEN_SL,1.5,0.9,False
LONG_1.5_004,1.5,LONG,2024-01-15T09:52:00.000000000Z,2.9999999999996696,11.200000000000099,3,1.5,TP_HIT,1.4999999999996696,1.2000000000000002,PARTIAL_THEN_SL,1.5,0.9,False
LONG_1.5_004,1.5,LONG,2024-01-15T09:53:00.000000000Z,2.4000000000001798,11.799999999999589,2,1.5,TP_HIT,0.9000000000001798,1.2000000000000002,PARTIAL_THEN_SL,1.5,0.9,False
LONG_1.5_004,1.5,LONG,2024-01-15T09:54:00.000000000Z,1.9999999999997797,12.199999999999989,1,1.5,TP_HIT,0.49999999999977973,1.2000000000000002,PARTIAL_THEN_SL,1.5,0.9,False
LONG_1.5_004,1.5,LONG,2024-01-15T09:55:00.000000000Z,0.0,14.199999999999768,101,-1.5,SL_HIT,0.0,-1.5,SL_HIT,1.5,0.9,True
LONG_1.5_004,1.5,LONG,2024-01-15T09:56:00.000000000Z,0.0,14.000000000000679,101,-1.5,SL_HIT,0.0,-1.5,SL_HIT,1.5,0.9,True
LONG_1.5_004,1.5,LONG,2024-01-15T09:57:00.000000000Z,0.0,13.000000000000789,101,-1.5,SL_HIT,0.0,-1.5,SL_HIT,1.5,0.9,True
LONG_1.5_004,1.5,LONG,2024-01-15T09:58:00.000000000Z,2.100000000000435,12.199999999999989,100,-1.5,SL_HIT,0.6000000000004349,-1.5,SL_HIT,1.5,0.9,True
LONG_1.5_004,1.5,LONG,2024-01-15T09:59:00.000000000Z,1.2999999999996348,13.000000000000789,101,-1.5,SL_HIT,0.0,-1.5,SL_HIT,1.5,0.9,True
LONG_1.5_004,1.5,LONG,2024-01-15T10:00:00.000000000Z,4.799999999998139,10.300000000000864,89,-1.5,SL_HIT,3.299999999998139,-1.5,SL_HIT,1.5,0.9,True
LONG_1.5_004,1.5,LONG,2024-01-15T10:01:00.000000000Z,4.799999999998139,10.300000000000864,88,-1.5,SL_HIT,3.299999999998139,-1.5,SL_HIT,1.5,0.9,True
LONG_1.5_004,1.5,LONG,2024-01-15T10:02:00.000000000Z,5.899999999998684,9.200000000000319,84,-1.5,SL_HIT,4.399999999998684,-1.5,SL_HIT,1.5,0.9,True
LONG_1.5_004,1.5,LONG,2024-01-15T10:03:00.000000000Z,6.899999999998574,8.20000000000043,82,-1.5,SL_HIT,5.399999999998574,-1.5,SL_HIT,1.5,0.9,True
LONG_1.5_004,1.5,LONG,2024-01-15T10:04:00.000000000Z,8.399999999999519,6.699999999999484,60,-1.5,SL_HIT,6.899999999999519,-1.5,SL_HIT,1.5,0.9,True
LONG_1.5_004,1.5,LONG,2024-01-15T10:05:00.000000000Z,7.899999999998464,7.200000000000539,69,-1.5,SL_HIT,6.399999999998464,-1.5,SL_HIT,1.5,0.9,True
LONG_1.5_004,1.5,LONG,2024-01-15T10:06:00.000000000Z,7.199999999998319,7.900000000000684,79,-1.5,SL_HIT,5.699999999998319,-1.5,SL_HIT,1.5,0.9,True
LONG_1.5_004,1.5,LONG,2024-01-15T10:07:00.000000000Z,7.399999999999629,7.699999999999374,76,-1.5,SL_HIT,5.899999999999629,-1.5,SL_HIT,1.5,0.9,True
LONG_1.5_004,1.5,LONG,2024-01-15T10:08:00.000000000Z,7.500000000000284,7.599999999998719,75,-1.5,SL_HIT,6.000000000000284,-1.5,SL_HIT,1.5,0.9,True
LONG_1.5_004,1.5,LONG,2024-01-15T10:09:00.000000000Z,9.500000000000064,5.599999999998939,47,-1.5,SL_HIT,8.000000000000064,-1.5,SL_HIT,1.5,0.9,True
LONG_1.5_004,1.5,LONG,2024-01-15T10:10:00.000000000Z,10.499999999999954,4.599999999999049,46,-1.5,SL_HIT,8.999999999999954,-1.5,SL_HIT,1.5,0.9,True
LONG_1.5_004,1.5,LONG,2024-01-15T10:11:00.000000000Z,9.699999999999154,5.399999999999849,45,-1.5,SL_HIT,8.199999999999154,-1.5,SL_HIT,1.5,0.9,True
LONG_1.5_004,1.5,LONG,2024-01-15T10:12:00.000000000Z,11.099999999999444,3.9999999999995595,39,-1.5,SL_HIT,9.599999999999444,-1.5,SL_HIT,1.5,0.9,True
LONG_1.5_004,1.5,LONG,2024-01-15T10:13:00.000000000Z,10.899999999998133,4.20000000000087,42,-1.5,SL_HIT,9.399999999998133,-1.5,SL_HIT,1.5,0.9,True
LONG_1.5_004,1.5,LONG,2024-01-15T10:14:00.000000000Z,10.200000000000209,4.899999999998794,42,-1.5,SL_HIT,8.700000000000209,-1.5,SL_HIT,1.5,0.9,True
LONG_1.5_004,1.5,LONG,2024-01-15T10:15:00.000000000Z,11.699999999998933,3.4000000000000696,36,-1.5,SL_HIT,10.199999999998933,-1.5,SL_HIT,1.5,0.9,True
LONG_1.5_004,1.5,LONG,2024-01-15T10:16:00.000000000Z,11.900000000000244,3.1999999999987594,35,-1.5,SL_HIT,10.400000000000244,-1.5,SL_HIT,1.5,0.9,True
LONG_1.5_004,1.5,LONG,2024-01-15T10:17:00.000000000Z,13.099999999999223,1.9999999999997797,13,-1.5,SL_HIT,11.599999999999223,-1.5,SL_HIT,1.5,0.9,True
LONG_1.5_004,1.5,LONG,2024-01-15T10:18:00.000000000Z,14.799999999999258,0.2999999999997449,7,1.5,TP_HIT,13.299999999999258,1.35,PARTIAL_PLUS_TP,1.5,0.9,False
LONG_1.5_004,1.5,LONG,2024-01-15T10:19:00.000000000Z,13.900000000000023,1.1999999999989797,11,1.5,TP_HIT,12.400000000000023,1.35,PARTIAL_PLUS_TP,1.5,0.9,False
LONG_1.5_004,1.5,LONG,2024-01-15T10:20:00.000000000Z,14.699999999998603,0.40000000000040004,8,1.5,TP_HIT,13.199999999998603,1.35,PARTIAL_PLUS_TP,1.5,0.9,False
LONG_1.5_004,1.5,LONG,2024-01-15T10:21:00.000000000Z,14.299999999998203,0.8000000000008001,7,1.5,TP_HIT,12.799999999998203,1.35,PARTIAL_PLUS_TP,1.5,0.9,False
LONG_1.5_004,1.5,LONG,2024-01-15T10:22:00.000000000Z,15.099999999999003,0.0,3,1.5,TP_HIT,13.599999999999003,1.35,PARTIAL_PLUS_TP,1.5,0.9,False
LONG_1.5_004,1.5,LONG,2024-01-15T10:23:00.000000000Z,14.699999999998603,0.0,5,1.5,TP_HIT,13.199999999998603,1.35,PARTIAL_PLUS_TP,1.5,0.9,False
LONG_1.5_004,1.5,LONG,2024-01-15T10:24:00.000000000Z,14.199999999999768,0.0,4,1.5,TP_HIT,12.699999999999768,1.35,PARTIAL_PLUS_TP,1.5,0.9,False
LONG_1.5_004,1.5,LONG,2024-01-15T10:25:00.000000000Z,14.100000000001334,0.4999999999988347,5,1.5,TP_HIT,12.600000000001334,1.35,PARTIAL_PLUS_TP,1.5,0.9,False
LONG_1.5_004,1.5,LONG,2024-01-15T10:26:00.000000000Z,14.600000000000168,0.0,4,1.5,TP_HIT,13.100000000000168,1.35,PARTIAL_PLUS_TP,1.5,0.9,False
LONG_1.5_004,1.5,LONG,2024-01-15T10:27:00.000000000Z,14.500000000001734,0.0,3,1.5,TP_HIT,13.000000000001734,1.35,PARTIAL_PLUS_TP,1.5,0.9,False
LONG_1.5_004,1.5,LONG,2024-01-15T10:28:00.000000000Z,13.600000000000279,0.9000000000014552,2,1.5,TP_HIT,12.100000000000279,1.35,PARTIAL_PLUS_TP,1.5,0.9,False
LONG_1.5_004,1.5,LONG,2024-01-15T10:29:00.000000000Z,15.799999999999148,0.20000000000131024,1,1.5,TP_HIT,14.299999999999148,1.35,PARTIAL_PLUS_TP,1.5,0.9,False
LONG_1.5_004,1.5,LONG,2024-01-15T10:30:00.000000000Z,13.199999999999878,3.1000000000003247,26,-1.5,SL_HIT,11.699999999999878,-1.5,SL_HIT,1.5,0.9,True
LONG_1.5_004,1.5,LONG,2024-01-15T10:31:00.000000000Z,14.799999999999258,1.900000000001345,20,-1.5,SL_HIT,13.299999999999258,-1.5,SL_HIT,1.5,0.9,True
LONG_1.5_004,1.5,LONG,2024-01-15T10:32:00.000000000Z,15.499999999999403,1.900000000001345,19,-1.5,SL_HIT,13.999999999999403,-1.5,SL_HIT,1.5,0.9,True
LONG_1.5_004,1.5,LONG,2024-01-15T10:33:00.000000000Z,16.40000000000086,2.500000000000835,18,-1.5,SL_HIT,14.900000000000858,-1.5,SL_HIT,1.5,0.9,True
LONG_1.5_004,1.5,LONG,2024-01-15T10:34:00.000000000Z,18.599999999999728,0.9000000000014552,17,1.5,TP_HIT,17.099999999999728,1.35,PARTIAL_PLUS_TP,1.5,0.9,False
LONG_1.5_004,1.5,LONG,2024-01-15T10:35:00.000000000Z,19.400000000000528,0.10000000000065512,4,1.5,TP_HIT,17.900000000000528,1.35,PARTIAL_PLUS_TP,1.5,0.9,False
LONG_1.5_004,1.5,LONG,2024-01-15T10:36:00.000000000Z,19.400000000000528,0.10000000000065512,3,1.5,TP_HIT,17.900000000000528,1.35,PARTIAL_PLUS_TP,1.5,0.9,False
LONG_1.5_004,1.5,LONG,2024-01-15T10:37:00.000000000Z,19.799999999998708,0.9000000000014552,14,1.5,TP_HIT,18.299999999998708,1.35,PARTIAL_PLUS_TP,1.5,0.9,False
LONG_1.5_004,1.5,LONG,2024-01-15T10:38:00.000000000Z,20.400000000000418,0.9000000000014552,13,1.5,TP_HIT,18.900000000000418,1.35,PARTIAL_PLUS_TP,1.5,0.9,False
LONG_1.5_004,1.5,LONG,2024-01-15T10:39:00.000000000Z,19.400000000000528,1.900000000001345,12,-1.5,SL_HIT,17.900000000000528,-1.5,SL_HIT,1.5,0.9,True
LONG_1.5_004,1.5,LONG,2024-01-15T10:40:00.000000000Z,19.900000000001583,1.40000000000029,11,1.5,TP_HIT,18.400000000001583,1.35,PARTIAL_PLUS_TP,1.5,0.9,False
LONG_1.5_004,1.5,LONG,2024-01-15T10:41:00.000000000Z,20.000000000000018,1.3000000000018552,10,1.5,TP_HIT,18.500000000000018,1.35,PARTIAL_PLUS_TP,1.5,0.9,False
LONG_1.5_004,1.5,LONG,2024-01-15T10:42:00.000000000Z,19.600000000001838,1.7000000000000348,9,-1.5,SL_HIT,18.100000000001838,-1.5,SL_HIT,1.5,0.9,True
LONG_1.5_004,1.5,LONG,2024-01-15T10:43:00.000000000Z,20.800000000000818,0.5000000000010552,8,1.5,TP_HIT,19.300000000000818,1.35,PARTIAL_PLUS_TP,1.5,0.9,False
LONG_1.5_004,1.5,LONG,2024-01-15T10:44:00.000000000Z,20.299999999999763,1.0000000000021103,7,1.5,TP_HIT,18.799999999999763,1.35,PARTIAL_PLUS_TP,1.5,0.9,False
LONG_1.5_004,1.5,LONG,2024-01-15T10:45:00.000000000Z,20.299999999999763,1.0000000000021103,6,1.5,TP_HIT,18.799999999999763,1.35,PARTIAL_PLUS_TP,1.5,0.9,False
LONG_1.5_004,1.5,LONG,2024-01-15T10:46:00.000000000Z,21.300000000001873,0.0,4,1.5,TP_HIT,19.800000000001873,1.35,PARTIAL_PLUS_TP,1.5,0.9,False
LONG_1.5_004,1.5,LONG,2024-01-15T10:47:00.000000000Z,21.300000000001873,0.0,3,1.5,TP_HIT,19.800000000001873,1.35,PARTIAL_PLUS_TP,1.5,0.9,False
LONG_1.5_004,1.5,LONG,2024-01-15T10:48:00.000000000Z,20.999999999999908,0.0,2,1.5,TP_HIT,19.499999999999908,1.35,PARTIAL_PLUS_TP,1.5,0.9,False
LONG_1.5_004,1.5,LONG,2024-01-15T10:49:00.000000000Z,20.299999999999763,0.0,2,1.5,TP_HIT,18.799999999999763,1.35,PARTIAL_PLUS_TP,1.5,0.9,False
LONG_1.5_004,1.5,LONG,2024-01-15T10:50:00.000000000Z,19.400000000000528,0.0,1,1.5,TP_HIT,17.900000000000528,1.35,PARTIAL_PLUS_TP,1.5,0.9,False
LONG_1.5_004,1.5,LONG,2024-01-15T10:51:00.000000000Z,17.300000000000093,0.9000000000014552,5,1.5,TP_HIT,15.800000000000093,1.35,PARTIAL_PLUS_TP,1.5,0.9,False
LONG_1.5_004,1.5,LONG,2024-01-15T10:52:00.000000000Z,18.20000000000155,0.0,4,1.5,TP_HIT,16.70000000000155,1.35,PARTIAL_PLUS_TP,1.5,0.9,False
LONG_1.5_004,1.5,LONG,2024-01-15T10:53:00.000000000Z,18.000000000000238,0.0,3,1.5,TP_HIT,16.500000000000238,1.35,PARTIAL_PLUS_TP,1.5,0.9,False
LONG_1.5_004,1.5,LONG,2024-01-15T10:54:00.000000000Z,17.900000000001803,0.0,2,1.5,TP_HIT,16.400000000001803,1.35,PARTIAL_PLUS_TP,1.5,0.9,False
LONG_1.5_004,1.5,LONG,2024-01-15T10:55:00.000000000Z,16.899999999999693,0.0,5,1.5,TP_HIT,15.399999999999693,1.35,PARTIAL_PLUS_TP,1.5,0.9,False
LONG_1.5_004,1.5,LONG,2024-01-15T10:56:00.000000000Z,15.500000000001624,0.8999999999992347,18,1.5,TP_HIT,14.000000000001624,1.35,PARTIAL_PLUS_TP,1.5,0.9,False
LONG_1.5_004,1.5,LONG,2024-01-15T10:57:00.000000000Z,15.400000000000968,0.9999999999998899,21,1.5,TP_HIT,13.900000000000968,1.35,PARTIAL_PLUS_TP,1.5,0.9,False
LONG_1.5_004,1.5,LONG,2024-01-15T10:58:00.000000000Z,15.400000000000968,0.9999999999998899,20,1.5,TP_HIT,13.900000000000968,1.35,PARTIAL_PLUS_TP,1.5,0.9,False
LONG_1.5_004,1.5,LONG,2024-01-15T10:59:00.000000000Z,16.40000000000086,0.0,2,1.5,TP_HIT,14.900000000000858,1.35,PARTIAL_PLUS_TP,1.5,0.9,False
LONG_1.5_004,1.5,LONG,2024-01-15T11:00:00.000000000Z,15.200000000001879,0.3999999999981796,23,1.5,TP_HIT,13.700000000001879,1.35,PARTIAL_PLUS_TP,1.5,0.9,False
LONG_1.5_004,1.5,LONG,2024-01-15T11:01:00.000000000Z,16.40000000000086,0.7999999999985796,24,1.5,TP_HIT,14.900000000000858,1.35,PARTIAL_PLUS_TP,1.5,0.9,False
LONG_1.5_004,1.5,LONG,2024-01-15T11:02:00.000000000Z,16.899999999999693,0.2999999999997449,21,1.5,TP_HIT,15.399999999999693,1.35,PARTIAL_PLUS_TP,1.5,0.9,False
LONG_1.5_004,1.5,LONG,2024-01-15T11:03:00.000000000Z,16.40000000000086,0.7999999999985796,22,1.5,TP_HIT,14.900000000000858,1.35,PARTIAL_PLUS_TP,1.5,0.9,False
LONG_1.5_004,1.5,LONG,2024-01-15T11:04:00.000000000Z,16.199999999999548,0.9999999999998899,21,1.5,TP_HIT,14.699999999999548,1.35,PARTIAL_PLUS_TP,1.5,0.9,False
LONG_1.5_004,1.5,LONG,2024-01-15T11:05:00.000000000Z,17.000000000000348,0.1999999999990898,13,1.5,TP_HIT,15.500000000000348,1.35,PARTIAL_PLUS_TP,1.5,0.9,False
LONG_1.5_004,1.5,LONG,2024-01-15T11:06:00.000000000Z,17.199999999999438,0.0,8,1.5,TP_HIT,15.699999999999438,1.35,PARTIAL_PLUS_TP,1.5,0.9,False
LONG_1.5_004,1.5,LONG,2024-01-15T11:07:00.000000000Z,17.199999999999438,0.0,7,1.5,TP_HIT,15.699999999999438,1.35,PARTIAL_PLUS_TP,1.5,0.9,False
LONG_1.5_004,1.5,LONG,2024-01-15T11:08:00.000000000Z,16.199999999999548,0.9999999999998899,17,1.5,TP_HIT,14.699999999999548,1.35,PARTIAL_PLUS_TP,1.5,0.9,False
LONG_1.5_004,1.5,LONG,2024-01-15T11:09:00.000000000Z,16.599999999999948,0.5999999999994898,14,1.5,TP_HIT,15.099999999999948,1.35,PARTIAL_PLUS_TP,1.5,0.9,False
LONG_1.5_004,1.5,LONG,2024-01-15T11:10:00.000000000Z,16.499999999999293,0.700000000000145,15,1.5,TP_HIT,14.999999999999293,1.35,PARTIAL_PLUS_TP,1.5,0.9,False
LONG_1.5_004,1.5,LONG,2024-01-15T11:11:00.000000000Z,17.199999999999438,0.0,3,1.5,TP_HIT,15.699999999999438,1.35,PARTIAL_PLUS_TP,1.5,0.9,False
LONG_1.5_004,1.5,LONG,2024-01-15T11:12:00.000000000Z,16.599999999999948,0.2999999999997449,11,1.5,TP_HIT,15.099999999999948,1.35,PARTIAL_PLUS_TP,1.5,0.9,False
LONG_1.5_004,1.5,LONG,2024-01-15T11:13:00.000000000Z,15.799999999999148,1.100000000000545,12,1.5,TP_HIT,14.299999999999148,1.35,PARTIAL_PLUS_TP,1.5,0.9,False
LONG_1.5_004,1.5,LONG,2024-01-15T11:14:00.000000000Z,15.600000000000058,1.2999999999996348,11,1.5,TP_HIT,14.100000000000058,1.35,PARTIAL_PLUS_TP,1.5,0.9,False
LONG_1.5_004,1.5,LONG,2024-01-15T11:15:00.000000000Z,16.100000000001113,0.7999999999985796,10,1.5,TP_HIT,14.600000000001113,1.35,PARTIAL_PLUS_TP,1.5,0.9,False
LONG_1.5_004,1.5,LONG,2024-01-15T11:16:00.000000000Z,15.600000000000058,1.2999999999996348,9,1.5,TP_HIT,14.100000000000058,1.35,PARTIAL_PLUS_TP,1.5,0.9,False
LONG_1.5_004,1.5,LONG,2024-01-15T11:17:00.000000000Z,15.600000000000058,1.2999999999996348,8,1.5,TP_HIT,14.100000000000058,1.35,PARTIAL_PLUS_TP,1.5,0.9,False
LONG_1.5_004,1.5,LONG,2024-01-15T11:18:00.000000000Z,15.400000000000968,1.4999999999987246,7,1.5,TP_HIT,13.900000000000968,1.35,PARTIAL_PLUS_TP,1.5,0.9,False
LONG_1.5_004,1.5,LONG,2024-01-15T11:19:00.000000000Z,16.899999999999693,0.0,4,1.5,TP_HIT,15.399999999999693,1.35,PARTIAL_PLUS_TP,1.5,0.9,False
LONG_1.5_004,1.5,LONG,2024-01-15T11:20:00.000000000Z,16.499999999999293,0.30000000000196536,5,1.5,TP_HIT,14.999999999999293,1.35,PARTIAL_PLUS_TP,1.5,0.9,False
LONG_1.5_004,1.5,LONG,2024-01-15T11:21:00.000000000Z,16.199999999999548,0.6000000000017103,4,1.5,TP_HIT,14.699999999999548,1.35,PARTIAL_PLUS_TP,1.5,0.9,False
LONG_1.5_004,1.5,LONG,2024-01-15T11:22:00.000000000Z,16.80000000000126,0.0,1,1.5,TP_HIT,15.300000000001258,1.35,PARTIAL_PLUS_TP,1.5,0.9,False
LONG_1.5_004,1.5,LONG,2024-01-15T11:23:00.000000000Z,15.000000000000568,1.1999999999989797,4,1.5,TP_HIT,13.500000000000568,1.35,PARTIAL_PLUS_TP,1.5,0.9,False
LONG_1.5_004,1.5,LONG,2024-01-15T11:24:00.000000000Z,15.199999999999658,0.9999999999998899,2,1.5,TP_HIT,13.699999999999658,1.35,PARTIAL_PLUS_TP,1.5,0.9,False
LONG_1.5_004,1.5,LONG,2024-01-15T11:25:00.000000000Z,13.799999999999368,2.4000000000001798,4,1.5,TP_HIT,12.299999999999368,1.2000000000000002,PARTIAL_THEN_SL,1.5,0.9,False
LONG_1.5_004,1.5,LONG,2024-01-15T11:26:00.000000000Z,13.600000000000279,2.5999999999992696,3,1.5,TP_HIT,12.100000000000279,1.2000000000000002,PARTIAL_THEN_SL,1.5,0.9,False
LONG_1.5_004,1.5,LONG,2024-01-15T11:27:00.000000000Z,13.300000000000534,2.8999999999990145,2,1.5,TP_HIT,11.800000000000534,1.2000000000000002,PARTIAL_THEN_SL,1.5,0.9,False
LONG_1.5_004,1.5,LONG,2024-01-15T11:28:00.000000000Z,13.499999999999623,2.6999999999999247,1,1.5,TP_HIT,11.999999999999623,1.2000000000000002,PARTIAL_THEN_SL,1.5,0.9,False
LONG_1.5_004,1.5,LONG,2024-01-15T11:29:00.000000000Z,11.799999999999589,4.3999999999999595,9,-1.5,SL_HIT,10.299999999999589,-1.5,SL_HIT,1.5,0.9,True
LONG_1.5_004,1.5,LONG,2024-01-15T11:30:00.000000000Z,12.399999999999078,3.8000000000004697,8,-1.5,SL_HIT,10.899999999999078,-1.5,SL_HIT,1.5,0.9,True
LONG_1.5_004,1.5,LONG,2024-01-15T11:31:00.000000000Z,11.600000000000499,4.599999999999049,7,-1.5,SL_HIT,10.100000000000499,-1.5,SL_HIT,1.5,0.9,True
LONG_1.5_004,1.5,LONG,2024-01-15T11:32:00.000000000Z,11.399999999999189,4.8000000000003595,8,-1.5,SL_HIT,9.899999999999189,-1.5,SL_HIT,1.5,0.9,True
LONG_1.5_004,1.5,LONG,2024-01-15T11:33:00.000000000Z,12.399999999999078,3.8000000000004697,5,-1.5,SL_HIT,10.899999999999078,-1.5,SL_HIT,1.5,0.9,True
LONG_1.5_004,1.5,LONG,2024-01-15T11:34:00.000000000Z,14.099999999999113,2.100000000000435,2,1.5,TP_HIT,12.599999999999113,1.2000000000000002,PARTIAL_THEN_SL,1.5,0.9,False
LONG_1.5_004,1.5,LONG,2024-01-15T11:35:00.000000000Z,14.000000000000679,2.1999999999988695,1,1.5,TP_HIT,12.500000000000679,1.2000000000000002,PARTIAL_THEN_SL,1.5,0.9,False
LONG_1.5_004,1.5,LONG,2024-01-15T11:36:00.000000000Z,12.000000000000899,4.199999999998649,2,1.5,TP_HIT,10.500000000000899,1.2000000000000002,PARTIAL_THEN_SL,1.5,0.9,False
LONG_1.5_004,1.5,LONG,2024-01-15T11:37:00.000000000Z,11.399999999999189,4.8000000000003595,3,1.5,TP_HIT,9.899999999999189,1.2000000000000002,PARTIAL_THEN_SL,1.5,0.9,False
LONG_1.5_004,1.5,LONG,2024-01-15T11:38:00.000000000Z,10.099999999999554,6.099999999999994,27,-1.5,SL_HIT,8.599999999999554,-1.5,SL_HIT,1.5,0.9,True
LONG_1.5_004,1.5,LONG,2024-01-15T11:39:00.000000000Z,10.200000000000209,5.999999999999339,26,-1.5,SL_HIT,8.700000000000209,-1.5,SL_HIT,1.5,0.9,True
LONG_1.5_004,1.5,LONG,2024-01-15T11:40:00.000000000Z,9.300000000000974,6.899999999998574,29,-1.5,SL_HIT,7.800000000000974,-1.5,SL_HIT,1.5,0.9,True
LONG_1.5_004,1.5,LONG,2024-01-15T11:41:00.000000000Z,12.199999999999989,3.9999999999995595,23,-1.5,SL_HIT,10.699999999999989,-1.5,SL_HIT,1.5,0.9,True
LONG_1.5_004,1.5,LONG,2024-01-15T11:42:00.000000000Z,12.099999999999334,4.100000000000215,22,-1.5,SL_HIT,10.599999999999334,-1.5,SL_HIT,1.5,0.9,True
LONG_1.5_004,1.5,LONG,2024-01-15T11:43:00.000000000Z,11.600000000000499,4.599999999999049,21,-1.5,SL_HIT,10.100000000000499,-1.5,SL_HIT,1.5,0.9,True
LONG_1.5_004,1.5,LONG,2024-01-15T11:44:00.000000000Z,11.799999999999589,4.3999999999999595,20,-1.5,SL_HIT,10.299999999999589,-1.5,SL_HIT,1.5,0.9,True
LONG_1.5_004,1.5,LONG,2024-01-15T11:45:00.000000000Z,13.799999999999368,2.4000000000001798,2,1.5,TP_HIT,12.299999999999368,1.2000000000000002,PARTIAL_THEN_SL,1.5,0.9,False
LONG_1.5_004,1.5,LONG,2024-01-15T11:46:00.000000000Z,14.799999999999258,1.40000000000029,1,1.5,TP_HIT,13.299999999999258,1.35,PARTIAL_PLUS_TP,1.5,0.9,False
LONG_1.5_004,1.5,LONG,2024-01-15T11:47:00.000000000Z,12.199999999999989,3.9999999999995595,17,-1.5,SL_HIT,10.699999999999989,-1.5,SL_HIT,1.5,0.9,True
LONG_1.5_004,1.5,LONG,2024-01-15T11:48:00.000000000Z,12.099999999999334,4.100000000000215,16,-1.5,SL_HIT,10.599999999999334,-1.5,SL_HIT,1.5,0.9,True
LONG_1.5_004,1.5,LONG,2024-01-15T11:49:00.000000000Z,13.600000000000279,2.5999999999992696,8,-1.5,SL_HIT,12.100000000000279,-1.5,SL_HIT,1.5,0.9,True
LONG_1.5_004,1.5,LONG,2024-01-15T11:50:00.000000000Z,13.600000000000279,2.5999999999992696,7,-1.5,SL_HIT,12.100000000000279,-1.5,SL_HIT,1.5,0.9,True
LONG_1.5_004,1.5,LONG,2024-01-15T11:51:00.000000000Z,13.700000000000934,2.4999999999986144,6,-1.5,SL_HIT,12.200000000000934,-1.5,SL_HIT,1.5,0.9,True
LONG_1.5_004,1.5,LONG,2024-01-15T11:52:00.000000000Z,16.199999999999548,0.0,4,1.5,TP_HIT,14.699999999999548,1.35,PARTIAL_PLUS_TP,1.5,0.9,False
LONG_1.5_004,1.5,LONG,2024-01-15T11:53:00.000000000Z,15.600000000000058,0.0,3,1.5,TP_HIT,14.100000000000058,1.35,PARTIAL_PLUS_TP,1.5,0.9,False
LONG_1.5_004,1.5,LONG,2024-01-15T11:54:00.000000000Z,15.400000000000968,0.0,2,1.5,TP_HIT,13.900000000000968,1.35,PARTIAL_PLUS_TP,1.5,0.9,False
LONG_1.5_004,1.5,LONG,2024-01-15T11:55:00.000000000Z,15.100000000001224,0.0,1,1.5,TP_HIT,13.600000000001224,1.35,PARTIAL_PLUS_TP,1.5,0.9,False
LONG_1.5_004,1.5,LONG,2024-01-15T11:56:00.000000000Z,13.600000000000279,0.0,1,1.5,TP_HIT,12.100000000000279,1.35,PARTIAL_PLUS_TP,1.5,0.9,False
LONG_1.5_004,1.5,LONG,2024-01-15T11:57:00.000000000Z,11.900000000000244,1.500000000000945,7,-1.5,SL_HIT,10.400000000000244,-1.5,SL_HIT,1.5,0.9,True
LONG_1.5_004,1.5,LONG,2024-01-15T11:58:00.000000000Z,11.399999999999189,2.000000000002,7,-1.5,SL_HIT,9.899999999999189,-1.5,SL_HIT,1.5,0.9,True
LONG_1.5_004,1.5,LONG,2024-01-15T11:59:00.000000000Z,12.799999999999478,0.6000000000017103,5,1.5,TP_HIT,11.299999999999478,1.35,PARTIAL_PLUS_TP,1.5,0.9,False
LONG_1.5_004,1.5,LONG,2024-01-15T12:00:00.000000000Z,13.099999999999223,0.30000000000196536,4,1.5,TP_HIT,11.599999999999223,1.35,PARTIAL_PLUS_TP,1.5,0.9,False
LONG_1.5_004,1.5,LONG,2024-01-15T12:01:00.000000000Z,13.400000000001189,0.0,3,1.5,TP_HIT,11.900000000001189,1.35,PARTIAL_PLUS_TP,1.5,0.9,False
LONG_1.5_004,1.5,LONG,2024-01-15T12:02:00.000000000Z,13.199999999999878,0.20000000000131024,2,1.5,TP_HIT,11.699999999999878,1.35,PARTIAL_PLUS_TP,1.5,0.9,False
LONG_1.5_004,1.5,LONG,2024-01-15T12:03:00.000000000Z,13.400000000001189,0.0,1,1.5,TP_HIT,11.900000000001189,1.35,PARTIAL_PLUS_TP,1.5,0.9,False
LONG_1.5_004,1.5,LONG,2024-01-15T12:04:00.000000000Z,9.900000000000464,3.5000000000007248,1,1.5,TP_HIT,8.400000000000464,1.2000000000000002,PARTIAL_THEN_SL,1.5,0.9,False
LONG_1.5_004,1.5,LONG,2024-01-15T12:05:00.000000000Z,8.399999999999519,5.00000000000167,5,1.5,TP_HIT,6.899999999999519,1.2000000000000002,PARTIAL_THEN_SL,1.5,0.9,False
LONG_1.5_004,1.5,LONG,2024-01-15T12:06:00.000000000Z,8.699999999999264,4.700000000001925,3,1.5,TP_HIT,7.199999999999264,1.2000000000000002,PARTIAL_THEN_SL,1.5,0.9,False
LONG_1.5_004,1.5,LONG,2024-01-15T12:07:00.000000000Z,9.200000000000319,4.20000000000087,2,1.5,TP_HIT,7.700000000000319,1.2000000000000002,PARTIAL_THEN_SL,1.5,0.9,False
LONG_1.5_004,1.5,LONG,2024-01-15T12:08:00.000000000Z,8.799999999999919,4.60000000000127,1,1.5,TP_HIT,7.299999999999919,1.2000000000000002,PARTIAL_THEN_SL,1.5,0.9,False
LONG_1.5_004,1.5,LONG,2024-01-15T12:09:00.000000000Z,6.900000000000794,6.500000000000394,4,1.5,TP_HIT,5.400000000000794,1.2000000000000002,PARTIAL_THEN_SL,1.5,0.9,False
LONG_1.5_004,1.5,LONG,2024-01-15T12:10:00.000000000Z,6.6000000000010495,6.800000000000139,3,1.5,TP_HIT,5.1000000000010495,1.2000000000000002,PARTIAL_THEN_SL,1.5,0.9,False
LONG_1.5_004,1.5,LONG,2024-01-15T12:11:00.000000000Z,6.200000000000649,7.200000000000539,2,1.5,TP_HIT,4.700000000000649,1.2000000000000002,PARTIAL_THEN_SL,1.5,0.9,False
LONG_1.5_004,1.5,LONG,2024-01-15T12:12:00.000000000Z,5.5000000000005045,7.900000000000684,1,1.5,TP_HIT,4.0000000000005045,1.2000000000000002,PARTIAL_THEN_SL,1.5,0.9,False
LONG_1.5_004,1.5,LONG,2024-01-15T12:13:00.000000000Z,3.9999999999995595,9.40000000000163,4,1.5,TP_HIT,2.4999999999995595,1.2000000000000002,PARTIAL_THEN_SL,1.5,0.9,False
LONG_1.5_004,1.5,LONG,2024-01-15T12:14:00.000000000Z,3.4000000000000696,10.000000000001119,4,1.5,TP_HIT,1.9000000000000696,1.2000000000000002,PARTIAL_THEN_SL,1.5,0.9,False
LONG_1.5_004,1.5,LONG,2024-01-15T12:15:00.000000000Z,3.4000000000000696,10.000000000001119,3,1.5,TP_HIT,1.9000000000000696,1.2000000000000002,PARTIAL_THEN_SL,1.5,0.9,False
LONG_1.5_004,1.5,LONG,2024-01-15T12:16:00.000000000Z,3.5000000000007248,9.900000000000464,2,1.5,TP_HIT,2.0000000000007248,1.2000000000000002,PARTIAL_THEN_SL,1.5,0.9,False
LONG_1.5_004,1.5,LONG,2024-01-15T12:17:00.000000000Z,2.20000000000109,11.200000000000099,24,-1.5,SL_HIT,0.70000000000109,-1.5,SL_HIT,1.5,0.9,True
LONG_1.5_004,1.5,LONG,2024-01-15T12:18:00.000000000Z,1.5999999999993797,11.800000000001809,23,-1.5,SL_HIT,0.0999999999993797,-1.5,SL_HIT,1.5,0.9,True
LONG_1.5_004,1.5,LONG,2024-01-15T12:19:00.000000000Z,3.900000000001125,9.500000000000064,22,-1.5,SL_HIT,2.400000000001125,-1.5,SL_HIT,1.5,0.9,True
LONG_1.5_004,1.5,LONG,2024-01-15T12:20:00.000000000Z,3.8000000000004697,9.600000000000719,21,-1.5,SL_HIT,2.3000000000004697,-1.5,SL_HIT,1.5,0.9,True
LONG_1.5_004,1.5,LONG,2024-01-15T12:21:00.000000000Z,3.20000000000098,10.200000000000209,20,-1.5,SL_HIT,1.7000000000009798,-1.5,SL_HIT,1.5,0.9,True
LONG_1.5_004,1.5,LONG,2024-01-15T12:22:00.000000000Z,4.20000000000087,9.200000000000319,18,-1.5,SL_HIT,2.7000000000008697,-1.5,SL_HIT,1.5,0.9,True
LONG_1.5_004,1.5,LONG,2024-01-15T12:23:00.000000000Z,5.800000000000249,7.600000000000939,17,-1.5,SL_HIT,4.300000000000249,-1.5,SL_HIT,1.5,0.9,True
LONG_1.5_004,1.5,LONG,2024-01-15T12:24:00.000000000Z,6.200000000000649,7.200000000000539,2,1.5,TP_HIT,4.700000000000649,1.2000000000000002,PARTIAL_THEN_SL,1.5,0.9,False
LONG_1.5_004,1.5,LONG,2024-01-15T12:25:00.000000000Z,6.6000000000010495,7.999999999999119,1,1.5,TP_HIT,5.1000000000010495,1.2000000000000002,PARTIAL_THEN_SL,1.5,0.9,False
LONG_1.5_004,1.5,LONG,2024-01-15T12:26:00.000000000Z,4.699999999999704,12.100000000001554,14,-1.5,SL_HIT,3.1999999999997044,-1.5,SL_HIT,1.5,0.9,True
LONG_1.5_004,1.5,LONG,2024-01-15T12:27:00.000000000Z,6.800000000000139,10.499999999999954,13,-1.5,SL_HIT,5.300000000000139,-1.5,SL_HIT,1.5,0.9,True
LONG_1.5_004,1.5,LONG,2024-01-15T12:28:00.000000000Z,7.600000000000939,10.399999999999299,12,-1.5,SL_HIT,6.100000000000939,-1.5,SL_HIT,1.5,0.9,True
LONG_1.5_004,1.5,LONG,2024-01-15T12:29:00.000000000Z,7.600000000000939,10.399999999999299,11,-1.5,SL_HIT,6.100000000000939,-1.5,SL_HIT,1.5,0.9,True
LONG_1.5_004,1.5,LONG,2024-01-15T12:30:00.000000000Z,8.799999999999919,9.200000000000319,4,-1.5,SL_HIT,7.299999999999919,-1.5,SL_HIT,1.5,0.9,True
LONG_1.5_004,1.5,LONG,2024-01-15T12:31:00.000000000Z,9.00000000000123,8.999999999999009,3,-1.5,SL_HIT,7.500000000001229,-1.5,SL_HIT,1.5,0.9,True
LONG_1.5_004,1.5,LONG,2024-01-15T12:32:00.000000000Z,8.799999999999919,9.200000000000319,2,-1.5,SL_HIT,7.299999999999919,-1.5,SL_HIT,1.5,0.9,True
LONG_1.5_004,1.5,LONG,2024-01-15T12:33:00.000000000Z,11.200000000000099,6.800000000000139,1,1.5,TP_HIT,9.700000000000099,1.2000000000000002,PARTIAL_THEN_SL,1.5,0.9,False
LONG_1.5_004,1.5,LONG,2024-01-15T12:34:00.000000000Z,6.999999999999229,11.300000000000754,6,-1.5,SL_HIT,5.499999999999229,-1.5,SL_HIT,1.5,0.9,True
LONG_1.5_004,1.5,LONG,2024-01-15T12:35:00.000000000Z,7.999999999999119,10.300000000000864,5,-1.5,SL_HIT,6.499999999999119,-1.5,SL_HIT,1.5,0.9,True
LONG_1.5_004,1.5,LONG,2024-01-15T12:36:00.000000000Z,7.300000000001194,10.999999999998789,4,-1.5,SL_HIT,5.800000000001194,-1.5,SL_HIT,1.5,0.9,True
LONG_1.5_004,1.5,LONG,2024-01-15T12:37:00.000000000Z,8.20000000000043,10.099999999999554,2,-1.5,SL_HIT,6.700000000000429,-1.5,SL_HIT,1.5,0.9,True
LONG_1.5_004,1.5,LONG,2024-01-15T12:38:00.000000000Z,10.200000000000209,8.099999999999774,1,1.5,TP_HIT,8.700000000000209,1.2000000000000002,PARTIAL_THEN_SL,1.5,0.9,False
LONG_1.5_004,1.5,LONG,2024-01-15T12:39:00.000000000Z,6.6000000000010495,12.199999999999989,1,1.5,TP_HIT,5.1000000000010495,1.2000000000000002,PARTIAL_THEN_SL,1.5,0.9,False
LONG_1.5_004,1.5,LONG,2024-01-15T12:40:00.000000000Z,2.5999999999992696,16.20000000000177,1,1.5,TP_HIT,1.0999999999992696,1.2000000000000002,PARTIAL_THEN_SL,1.5,0.9,False
LONG_1.5_004,1.5,LONG,2024-01-15T12:41:00.000000000Z,0.0,19.000000000000128,101,-1.5,SL_HIT,0.0,-1.5,SL_HIT,1.5,0.9,True
LONG_1.5_004,1.5,LONG,2024-01-15T12:42:00.000000000Z,1.7000000000000348,16.099999999998893,1,1.5,TP_HIT,0.20000000000003482,1.2000000000000002,PARTIAL_THEN_SL,1.5,0.9,False
LONG_1.5_004,1.5,LONG,2024-01-15T12:43:00.000000000Z,0.1999999999990898,17.599999999999838,101,-1.5,SL_HIT,0.0,-1.5,SL_HIT,1.5,0.9,True
LONG_1.5_004,1.5,LONG,2024-01-15T12:44:00.000000000Z,2.5999999999992696,15.199999999999658,6,-1.5,SL_HIT,1.0999999999992696,-1.5,SL_HIT,1.5,0.9,True
LONG_1.5_004,1.5,LONG,2024-01-15T12:45:00.000000000Z,2.7999999999983594,15.000000000000568,5,-1.5,SL_HIT,1.2999999999983594,-1.5,SL_HIT,1.5,0.9,True
LONG_1.5_004,1.5,LONG,2024-01-15T12:46:00.000000000Z,4.3999999999999595,13.399999999998968,3,1.5,TP_HIT,2.8999999999999595,1.2000000000000002,PARTIAL_THEN_SL,1.5,0.9,False
LONG_1.5_004,1.5,LONG,2024-01-15T12:47:00.000000000Z,3.4000000000000696,14.399999999998858,2,1.5,TP_HIT,1.9000000000000696,1.2000000000000002,PARTIAL_THEN_SL,1.5,0.9,False
LONG_1.5_004,1.5,LONG,2024-01-15T12:48:00.000000000Z,2.9999999999996696,14.799999999999258,2,1.5,TP_HIT,1.4999999999996696,1.2000000000000002,PARTIAL_THEN_SL,1.5,0.9,False
LONG_1.5_004,1.5,LONG,2024-01-15T12:49:00.000000000Z,1.5999999999993797,16.199999999999548,4,1.5,TP_HIT,0.0999999999993797,1.2000000000000002,PARTIAL_THEN_SL,1.5,0.9,False
LONG_1.5_004,1.5,LONG,2024-01-15T12:50:00.000000000Z,0.6999999999979245,17.100000000001003,101,-1.5,SL_HIT,0.0,-1.5,SL_HIT,1.5,0.9,True
LONG_1.5_004,1.5,LONG,2024-01-15T12:51:00.000000000Z,2.1999999999988695,15.600000000000058,2,1.5,TP_HIT,0.6999999999988695,1.2000000000000002,PARTIAL_THEN_SL,1.5,0.9,False
LONG_1.5_004,1.5,LONG,2024-01-15T12:52:00.000000000Z,0.9999999999998899,16.799999999999038,101,-1.5,SL_HIT,0.0,-1.5,SL_HIT,1.5,0.9,True
LONG_1.5_004,1.5,LONG,2024-01-15T12:53:00.000000000Z,0.0,17.799999999998928,101,-1.5,SL_HIT,0.0,-1.5,SL_HIT,1.5,0.9,True
LONG_1.5_005,1.5,LONG,2024-01-15T13:00:00.000000000Z,1.6000000000016001,11.699999999998933,35,-1.5,SL_HIT,0.10000000000160014,-1.5,SL_HIT,1.5,0.9,True
LONG_1.5_005,1.5,LONG,2024-01-15T13:01:00.000000000Z,0.2999999999997449,13.000000000000789,101,-1.5,SL_HIT,0.0,-1.5,SL_HIT,1.5,0.9,True
LONG_1.5_005,1.5,LONG,2024-01-15T13:02:00.000000000Z,0.700000000000145,12.600000000000389,101,-1.5,SL_HIT,0.0,-1.5,SL_HIT,1.5,0.9,True
LONG_1.5_005,1.5,LONG,2024-01-15T13:03:00.000000000Z,1.7000000000000348,11.600000000000499,32,-1.5,SL_HIT,0.20000000000003482,-1.5,SL_HIT,1.5,0.9,True
LONG_1.5_005,1.5,LONG,2024-01-15T13:04:00.000000000Z,3.1000000000003247,10.200000000000209,27,-1.5,SL_HIT,1.6000000000003247,-1.5,SL_HIT,1.5,0.9,True
LONG_1.5_005,1.5,LONG,2024-01-15T13:05:00.000000000Z,1.7000000000000348,11.600000000000499,30,-1.5,SL_HIT,0.20000000000003482,-1.5,SL_HIT,1.5,0.9,True
LONG_1.5_005,1.5,LONG,2024-01-15T13:06:00.000000000Z,3.300000000001635,9.999999999998899,25,-1.5,SL_HIT,1.800000000001635,-1.5,SL_HIT,1.5,0.9,True
LONG_1.5_005,1.5,LONG,2024-01-15T13:07:00.000000000Z,3.6999999999998145,9.600000000000719,12,-1.5,SL_HIT,2.1999999999998145,-1.5,SL_HIT,1.5,0.9,True
LONG_1.5_005,1.5,LONG,2024-01-15T13:08:00.000000000Z,5.1000000000001044,8.20000000000043,11,-1.5,SL_HIT,3.6000000000001044,-1.5,SL_HIT,1.5,0.9,True
LONG_1.5_005,1.5,LONG,2024-01-15T13:09:00.000000000Z,7.7000000000015945,5.599999999998939,1,1.5,TP_HIT,6.2000000000015945,1.2000000000000002,PARTIAL_THEN_SL,1.5,0.9,False
LONG_1.5_005,1.5,LONG,2024-01-15T13:10:00.000000000Z,5.9000000000009045,7.399999999999629,7,1.5,TP_HIT,4.4000000000009045,1.2000000000000002,PARTIAL_THEN_SL,1.5,0.9,False
LONG_1.5_005,1.5,LONG,2024-01-15T13:11:00.000000000Z,4.500000000000615,8.799999999999919,8,-1.5,SL_HIT,3.0000000000006146,-1.5,SL_HIT,1.5,0.9,True
LONG_1.5_005,1.5,LONG,2024-01-15T13:12:00.000000000Z,5.699999999999594,7.600000000000939,5,1.5,TP_HIT,4.199999999999594,1.2000000000000002,PARTIAL_THEN_SL,1.5,0.9,False
LONG_1.5_005,1.5,LONG,2024-01-15T13:13:00.000000000Z,6.500000000000394,6.800000000000139,3,1.5,TP_HIT,5.000000000000394,1.2000000000000002,PARTIAL_THEN_SL,1.5,0.9,False
LONG_1.5_005,1.5,LONG,2024-01-15T13:14:00.000000000Z,6.500000000000394,6.800000000000139,2,1.5,TP_HIT,5.000000000000394,1.2000000000000002,PARTIAL_THEN_SL,1.5,0.9,False
LONG_1.5_005,1.5,LONG,2024-01-15T13:15:00.000000000Z,7.099999999999884,6.200000000000649,1,1.5,TP_HIT,5.599999999999884,1.2000000000000002,PARTIAL_THEN_SL,1.5,0.9,False
LONG_1.5_005,1.5,LONG,2024-01-15T13:16:00.000000000Z,4.900000000001015,8.399999999999519,3,1.5,TP_HIT,3.4000000000010147,1.2000000000000002,PARTIAL_THEN_SL,1.5,0.9,False
LONG_1.5_005,1.5,LONG,2024-01-15T13:17:00.000000000Z,3.900000000001125,9.399999999999409,2,1.5,TP_HIT,2.400000000001125,1.2000000000000002,PARTIAL_THEN_SL,1.5,0.9,False
LONG_1.5_005,1.5,LONG,2024-01-15T13:18:00.000000000Z,3.9999999999995595,9.300000000000974,1,1.5,TP_HIT,2.4999999999995595,1.2000000000000002,PARTIAL_THEN_SL,1.5,0.9,False
LONG_1.5_005,1.5,LONG,2024-01-15T13:19:00.000000000Z,2.100000000000435,11.200000000000099,15,-1.5,SL_HIT,0.6000000000004349,-1.5,SL_HIT,1.5,0.9,True
LONG_1.5_005,1.5,LONG,2024-01-15T13:20:00.000000000Z,2.100000000000435,11.200000000000099,14,-1.5,SL_HIT,0.6000000000004349,-1.5,SL_HIT,1.5,0.9,True
LONG_1.5_005,1.5,LONG,2024-01-15T13:21:00.000000000Z,2.100000000000435,11.200000000000099,13,-1.5,SL_HIT,0.6000000000004349,-1.5,SL_HIT,1.5,0.9,True
LONG_1.5_005,1.5,LONG,2024-01-15T13:22:00.000000000Z,3.6999999999998145,9.600000000000719,9,1.5,TP_HIT,2.1999999999998145,1.2000000000000002,PARTIAL_THEN_SL,1.5,0.9,False
LONG_1.5_005,1.5,LONG,2024-01-15T13:23:00.000000000Z,3.6999999999998145,9.600000000000719,8,1.5,TP_HIT,2.1999999999998145,1.2000000000000002,PARTIAL_THEN_SL,1.5,0.9,False
LONG_1.5_005,1.5,LONG,2024-01-15T13:24:00.000000000Z,4.100000000000215,9.200000000000319,6,1.5,TP_HIT,2.6000000000002146,1.2000000000000002,PARTIAL_THEN_SL,1.5,0.9,False
LONG_1.5_005,1.5,LONG,2024-01-15T13:25:00.000000000Z,2.900000000001235,10.399999999999299,6,-1.5,SL_HIT,1.400000000001235,-1.5,SL_HIT,1.5,0.9,True
LONG_1.5_005,1.5,LONG,2024-01-15T13:26:00.000000000Z,4.100000000000215,9.200000000000319,4,1.5,TP_HIT,2.6000000000002146,1.2000000000000002,PARTIAL_THEN_SL,1.5,0.9,False
LONG_1.5_005,1.5,LONG,2024-01-15T13:27:00.000000000Z,2.9999999999996696,10.300000000000864,4,-1.5,SL_HIT,1.4999999999996696,-1.5,SL_HIT,1.5,0.9,True
LONG_1.5_005,1.5,LONG,2024-01-15T13:28:00.000000000Z,5.1000000000001044,8.20000000000043,2,1.5,TP_HIT,3.6000000000001044,1.2000000000000002,PARTIAL_THEN_SL,1.5,0.9,False
LONG_1.5_005,1.5,LONG,2024-01-15T13:29:00.000000000Z,5.1000000000001044,8.20000000000043,1,1.5,TP_HIT,3.6000000000001044,1.2000000000000002,PARTIAL_THEN_SL,1.5,0.9,False
LONG_1.5_005,1.5,LONG,2024-01-15T13:30:00.000000000Z,2.500000000000835,10.799999999999699,1,1.5,TP_HIT,1.0000000000008349,1.2000000000000002,PARTIAL_THEN_SL,1.5,0.9,False
LONG_1.5_005,1.5,LONG,2024-01-15T13:31:00.000000000Z,0.9999999999998899,12.300000000000644,101,-1.5,SL_HIT,0.0,-1.5,SL_HIT,1.5,0.9,True
LONG_1.5_005,1.5,LONG,2024-01-15T13:32:00.000000000Z,0.9000000000014552,12.399999999999078,101,-1.5,SL_HIT,0.0,-1.5,SL_HIT,1.5,0.9,True
LONG_1.5_005,1.5,LONG,2024-01-15T13:33:00.000000000Z,1.2999999999996348,12.000000000000899,101,-1.5,SL_HIT,0.0,-1.5,SL_HIT,1.5,0.9,True
LONG_1.5_005,1.5,LONG,2024-01-15T13:34:00.000000000Z,0.5999999999994898,12.700000000001044,101,-1.5,SL_HIT,0.0,-1.5,SL_HIT,1.5,0.9,True
LONG_1.5_005,1.5,LONG,2024-01-15T13:35:00.000000000Z,0.0,13.300000000000534,101,-1.5,SL_HIT,0.0,-1.5,SL_HIT,1.5,0.9,True
LONG_1.5_005,1.5,LONG,2024-01-15T13:36:00.000000000Z,0.9000000000014552,11.399999999999189,101,-1.5,SL_HIT,0.0,-1.5,SL_HIT,1.5,0.9,True
LONG_1.5_005,1.5,LONG,2024-01-15T13:37:00.000000000Z,2.4000000000001798,9.900000000000464,13,1.5,TP_HIT,0.9000000000001798,1.2000000000000002,PARTIAL_THEN_SL,1.5,0.9,False
LONG_1.5_005,1.5,LONG,2024-01-15T13:38:00.000000000Z,1.500000000000945,10.799999999999699,13,1.5,TP_HIT,9.450218385609332e-13,1.2000000000000002,PARTIAL_THEN_SL,1.5,0.9,False
LONG_1.5_005,1.5,LONG,2024-01-15T13:39:00.000000000Z,1.6000000000016001,10.699999999999044,12,1.5,TP_HIT,0.10000000000160014,1.2000000000000002,PARTIAL_THEN_SL,1.5,0.9,False
LONG_1.5_005,1.5,LONG,2024-01-15T13:40:00.000000000Z,2.300000000001745,9.999999999998899,10,1.5,TP_HIT,0.8000000000017451,1.2000000000000002,PARTIAL_THEN_SL,1.5,0.9,False
LONG_1.5_005,1.5,LONG,2024-01-15T13:41:00.000000000Z,2.900000000001235,9.399999999999409,8,1.5,TP_HIT,1.400000000001235,1.2000000000000002,PARTIAL_THEN_SL,1.5,0.9,False
LONG_1.5_005,1.5,LONG,2024-01-15T13:42:00.000000000Z,2.4000000000001798,9.900000000000464,8,1.5,TP_HIT,0.9000000000001798,1.2000000000000002,PARTIAL_THEN_SL,1.5,0.9,False
LONG_1.5_005,1.5,LONG,2024-01-15T13:43:00.000000000Z,2.100000000000435,10.200000000000209,8,1.5,TP_HIT,0.6000000000004349,1.2000000000000002,PARTIAL_THEN_SL,1.5,0.9,False
LONG_1.5_005,1.5,LONG,2024-01-15T13:44:00.000000000Z,1.7000000000000348,10.600000000000609,7,1.5,TP_HIT,0.20000000000003482,1.2000000000000002,PARTIAL_THEN_SL,1.5,0.9,False
LONG_1.5_005,1.5,LONG,2024-01-15T13:45:00.000000000Z,1.7000000000000348,10.600000000000609,6,1.5,TP_HIT,0.20000000000003482,1.2000000000000002,PARTIAL_THEN_SL,1.5,0.9,False
LONG_1.5_005,1.5,LONG,2024-01-15T13:46:00.000000000Z,2.100000000000435,10.200000000000209,5,1.5,TP_HIT,0.6000000000004349,1.2000000000000002,PARTIAL_THEN_SL,1.5,0.9,False
LONG_1.5_005,1.5,LONG,2024-01-15T13:47:00.000000000Z,2.500000000000835,9.799999999999809,3,1.5,TP_HIT,1.0000000000008349,1.2000000000000002,PARTIAL_THEN_SL,1.5,0.9,False
LONG_1.5_005,1.5,LONG,2024-01-15T13:48:00.000000000Z,2.100000000000435,10.200000000000209,3,1.5,TP_HIT,0.6000000000004349,1.2000000000000002,PARTIAL_THEN_SL,1.5,0.9,False
LONG_1.5_005,1.5,LONG,2024-01-15T13:49:00.000000000Z,1.2999999999996348,11.000000000001009,101,-1.5,SL_HIT,0.0,-1.5,SL_HIT,1.5,0.9,True
LONG_1.5_005,1.5,LONG,2024-01-15T13:50:00.000000000Z,0.700000000000145,11.600000000000499,101,-1.5,SL_HIT,0.0,-1.5,SL_HIT,1.5,0.9,True
LONG_1.5_005,1.5,LONG,2024-01-15T13:51:00.000000000Z,0.0,12.300000000000644,101,-1.5,SL_HIT,0.0,-1.5,SL_HIT,1.5,0.9,True
LONG_1.5_005,1.5,LONG,2024-01-15T13:52:00.000000000Z,1.1999999999989797,11.000000000001009,101,-1.5,SL_HIT,0.0,-1.5,SL_HIT,1.5,0.9,True
LONG_1.5_005,1.5,LONG,2024-01-15T13:53:00.000000000Z,1.7000000000000348,10.499999999999954,8,1.5,TP_HIT,0.20000000000003482,1.2000000000000002,PARTIAL_THEN_SL,1.5,0.9,False
LONG_1.5_005,1.5,LONG,2024-01-15T13:54:00.000000000Z,2.2999999999995246,9.900000000000464,4,1.5,TP_HIT,0.7999999999995246,1.2000000000000002,PARTIAL_THEN_SL,1.5,0.9,False
LONG_1.5_005,1.5,LONG,2024-01-15T13:55:00.000000000Z,1.5999999999993797,10.600000000000609,6,1.5,TP_HIT,0.0999999999993797,1.2000000000000002,PARTIAL_THEN_SL,1.5,0.9,False
LONG_1.5_005,1.5,LONG,2024-01-15T13:56:00.000000000Z,1.7000000000000348,10.499999999999954,5,1.5,TP_HIT,0.20000000000003482,1.2000000000000002,PARTIAL_THEN_SL,1.5,0.9,False
LONG_1.5_005,1.5,LONG,2024-01-15T13:57:00.000000000Z,1.9999999999997797,10.700000000001264,4,1.5,TP_HIT,0.49999999999977973,1.2000000000000002,PARTIAL_THEN_SL,1.5,0.9,False
LONG_1.5_005,1.5,LONG,2024-01-15T13:58:00.000000000Z,0.5999999999994898,12.400000000001299,101,-1.5,SL_HIT,0.0,-1.5,SL_HIT,1.5,0.9,True
LONG_1.5_005,1.5,LONG,2024-01-15T13:59:00.000000000Z,0.8000000000008001,12.199999999999989,101,-1.5,SL_HIT,0.0,-1.5,SL_HIT,1.5,0.9,True
LONG_1.5_005,1.5,LONG,2024-01-15T14:00:00.000000000Z,1.1999999999989797,11.800000000001809,101,-1.5,SL_HIT,0.0,-1.5,SL_HIT,1.5,0.9,True
LONG_1.5_005,1.5,LONG,2024-01-15T14:01:00.000000000Z,0.0,13.000000000000789,101,-1.5,SL_HIT,0.0,-1.5,SL_HIT,1.5,0.9,True
LONG_1.5_005,1.5,LONG,2024-01-15T14:02:00.000000000Z,0.0,10.40000000000152,101,-1.5,SL_HIT,0.0,-1.5,SL_HIT,1.5,0.9,True
LONG_1.5_005,1.5,LONG,2024-01-15T14:03:00.000000000Z,0.0,9.00000000000123,101,-1.5,SL_HIT,0.0,-1.5,SL_HIT,1.5,0.9,True
LONG_1.5_005,1.5,LONG,2024-01-15T14:04:00.000000000Z,0.0,8.40000000000174,101,-1.5,SL_HIT,0.0,-1.5,SL_HIT,1.5,0.9,True
LONG_1.5_005,1.5,LONG,2024-01-15T14:05:00.000000000Z,2.9999999999996696,5.20000000000076,62,-1.5,SL_HIT,1.4999999999996696,-1.5,SL_HIT,1.5,0.9,True
LONG_1.5_005,1.5,LONG,2024-01-15T14:06:00.000000000Z,5.20000000000076,2.9999999999996696,20,-1.5,SL_HIT,3.7000000000007596,-1.5,SL_HIT,1.5,0.9,True
LONG_1.5_005,1.5,LONG,2024-01-15T14:07:00.000000000Z,5.699999999999594,2.500000000000835,17,-1.5,SL_HIT,4.199999999999594,-1.5,SL_HIT,1.5,0.9,True
LONG_1.5_005,1.5,LONG,2024-01-15T14:08:00.000000000Z,6.399999999999739,1.80000000000069,9,1.5,TP_HIT,4.899999999999739,1.2000000000000002,PARTIAL_THEN_SL,1.5,0.9,False
LONG_1.5_005,1.5,LONG,2024-01-15T14:09:00.000000000Z,5.399999999999849,2.80000000000058,17,-1.5,SL_HIT,3.8999999999998494,-1.5,SL_HIT,1.5,0.9,True
LONG_1.5_005,1.5,LONG,2024-01-15T14:10:00.000000000Z,6.500000000000394,1.9999999999997797,14,1.5,TP_HIT,5.000000000000394,1.2000000000000002,PARTIAL_THEN_SL,1.5,0.9,False
LONG_1.5_005,1.5,LONG,2024-01-15T14:11:00.000000000Z,6.399999999999739,2.4000000000001798,13,-1.5,SL_HIT,4.899999999999739,-1.5,SL_HIT,1.5,0.9,True
LONG_1.5_005,1.5,LONG,2024-01-15T14:12:00.000000000Z,6.599999999998829,2.20000000000109,12,1.5,TP_HIT,5.099999999998829,1.2000000000000002,PARTIAL_THEN_SL,1.5,0.9,False
LONG_1.5_005,1.5,LONG,2024-01-15T14:13:00.000000000Z,7.899999999998464,2.300000000001745,11,-1.5,SL_HIT,6.399999999998464,-1.5,SL_HIT,1.5,0.9,True
LONG_1.5_005,1.5,LONG,2024-01-15T14:14:00.000000000Z,9.299999999998754,1.500000000000945,3,1.5,TP_HIT,7.799999999998754,1.2000000000000002,PARTIAL_THEN_SL,1.5,0.9,False
LONG_1.5_005,1.5,LONG,2024-01-15T14:15:00.000000000Z,8.60000000000083,2.4000000000001798,9,-1.5,SL_HIT,7.100000000000829,-1.5,SL_HIT,1.5,0.9,True
LONG_1.5_005,1.5,LONG,2024-01-15T14:16:00.000000000Z,8.500000000000174,2.500000000000835,8,-1.5,SL_HIT,7.000000000000174,-1.5,SL_HIT,1.5,0.9,True
LONG_1.5_005,1.5,LONG,2024-01-15T14:17:00.000000000Z,8.40000000000174,3.4000000000000696,13,-1.5,SL_HIT,6.900000000001739,-1.5,SL_HIT,1.5,0.9,True
LONG_1.5_005,1.5,LONG,2024-01-15T14:18:00.000000000Z,10.40000000000152,1.9999999999997797,6,1.5,TP_HIT,8.90000000000152,1.2000000000000002,PARTIAL_THEN_SL,1.5,0.9,False
LONG_1.5_005,1.5,LONG,2024-01-15T14:19:00.000000000Z,11.400000000001409,0.9999999999998899,3,1.5,TP_HIT,9.900000000001409,1.35,PARTIAL_PLUS_TP,1.5,0.9,False
LONG_1.5_005,1.5,LONG,2024-01-15T14:20:00.000000000Z,11.499999999999844,0.9999999999998899,2,1.5,TP_HIT,9.999999999999844,1.35,PARTIAL_PLUS_TP,1.5,0.9,False
LONG_1.5_005,1.5,LONG,2024-01-15T14:21:00.000000000Z,11.699999999998933,0.8000000000008001,1,1.5,TP_HIT,10.199999999998933,1.35,PARTIAL_PLUS_TP,1.5,0.9,False
LONG_1.5_005,1.5,LONG,2024-01-15T14:22:00.000000000Z,9.999999999998899,2.500000000000835,2,1.5,TP_HIT,8.499999999998899,1.2000000000000002,PARTIAL_THEN_SL,1.5,0.9,False
LONG_1.5_005,1.5,LONG,2024-01-15T14:23:00.000000000Z,9.299999999998754,3.20000000000098,7,1.5,TP_HIT,7.799999999998754,1.2000000000000002,PARTIAL_THEN_SL,1.5,0.9,False
LONG_1.5_005,1.5,LONG,2024-01-15T14:24:00.000000000Z,8.299999999998864,4.20000000000087,36,-1.5,SL_HIT,6.799999999998864,-1.5,SL_HIT,1.5,0.9,True
LONG_1.5_005,1.5,LONG,2024-01-15T14:25:00.000000000Z,9.699999999999154,2.80000000000058,1,1.5,TP_HIT,8.199999999999154,1.2000000000000002,PARTIAL_THEN_SL,1.5,0.9,False
LONG_1.5_005,1.5,LONG,2024-01-15T14:26:00.000000000Z,7.800000000000029,4.699999999999704,39,-1.5,SL_HIT,6.300000000000029,-1.5,SL_HIT,1.5,0.9,True
LONG_1.5_005,1.5,LONG,2024-01-15T14:27:00.000000000Z,8.099999999999774,4.3999999999999595,38,-1.5,SL_HIT,6.599999999999774,-1.5,SL_HIT,1.5,0.9,True
LONG_1.5_005,1.5,LONG,2024-01-15T14:28:00.000000000Z,9.099999999999664,3.4000000000000696,2,1.5,TP_HIT,7.599999999999664,1.2000000000000002,PARTIAL_THEN_SL,1.5,0.9,False
LONG_1.5_005,1.5,LONG,2024-01-15T14:29:00.000000000Z,8.899999999998354,3.60000000000138,1,1.5,TP_HIT,7.399999999998354,1.2000000000000002,PARTIAL_THEN_SL,1.5,0.9,False
LONG_1.5_005,1.5,LONG,2024-01-15T14:30:00.000000000Z,7.299999999998974,5.20000000000076,37,-1.5,SL_HIT,5.799999999998974,-1.5,SL_HIT,1.5,0.9,True
LONG_1.5_005,1.5,LONG,2024-01-15T14:31:00.000000000Z,8.299999999998864,4.20000000000087,29,-1.5,SL_HIT,6.799999999998864,-1.5,SL_HIT,1.5,0.9,True
LONG_1.5_005,1.5,LONG,2024-01-15T14:32:00.000000000Z,8.899999999998354,3.60000000000138,25,1.5,TP_HIT,7.399999999998354,1.2000000000000002,PARTIAL_THEN_SL,1.5,0.9,False
LONG_1.5_005,1.5,LONG,2024-01-15T14:33:00.000000000Z,8.299999999998864,4.20000000000087,27,-1.5,SL_HIT,6.799999999998864,-1.5,SL_HIT,1.5,0.9,True
LONG_1.5_005,1.5,LONG,2024-01-15T14:34:00.000000000Z,8.799999999999919,3.6999999999998145,23,1.5,TP_HIT,7.299999999999919,1.2000000000000002,PARTIAL_THEN_SL,1.5,0.9,False
LONG_1.5_005,1.5,LONG,2024-01-15T14:35:00.000000000Z,9.899999999998244,2.60000000000149,4,1.5,TP_HIT,8.399999999998244,1.2000000000000002,PARTIAL_THEN_SL,1.5,0.9,False
LONG_1.5_005,1.5,LONG,2024-01-15T14:36:00.000000000Z,8.499999999997954,4.00000000000178,24,-1.5,SL_HIT,6.999999999997954,-1.5,SL_HIT,1.5,0.9,True
LONG_1.5_005,1.5,LONG,2024-01-15T14:37:00.000000000Z,9.899999999998244,2.60000000000149,2,1.5,TP_HIT,8.399999999998244,1.2000000000000002,PARTIAL_THEN_SL,1.5,0.9,False
LONG_1.5_005,1.5,LONG,2024-01-15T14:38:00.000000000Z,8.799999999999919,3.6999999999998145,19,1.5,TP_HIT,7.299999999999919,1.2000000000000002,PARTIAL_THEN_SL,1.5,0.9,False
LONG_1.5_005,1.5,LONG,2024-01-15T14:39:00.000000000Z,7.899999999998464,4.60000000000127,26,-1.5,SL_HIT,6.399999999998464,-1.5,SL_HIT,1.5,0.9,True
LONG_1.5_005,1.5,LONG,2024-01-15T14:40:00.000000000Z,7.899999999998464,4.60000000000127,25,-1.5,SL_HIT,6.399999999998464,-1.5,SL_HIT,1.5,0.9,True
LONG_1.5_005,1.5,LONG,2024-01-15T14:41:00.000000000Z,7.899999999998464,4.60000000000127,24,-1.5,SL_HIT,6.399999999998464,-1.5,SL_HIT,1.5,0.9,True
LONG_1.5_005,1.5,LONG,2024-01-15T14:42:00.000000000Z,8.099999999999774,4.3999999999999595,23,-1.5,SL_HIT,6.599999999999774,-1.5,SL_HIT,1.5,0.9,True
LONG_1.5_005,1.5,LONG,2024-01-15T14:43:00.000000000Z,8.299999999998864,4.20000000000087,17,-1.5,SL_HIT,6.799999999998864,-1.5,SL_HIT,1.5,0.9,True
LONG_1.5_005,1.5,LONG,2024-01-15T14:44:00.000000000Z,7.999999999999119,4.500000000000615,21,-1.5,SL_HIT,6.499999999999119,-1.5,SL_HIT,1.5,0.9,True
LONG_1.5_005,1.5,LONG,2024-01-15T14:45:00.000000000Z,7.899999999998464,4.60000000000127,20,-1.5,SL_HIT,6.399999999998464,-1.5,SL_HIT,1.5,0.9,True
LONG_1.5_005,1.5,LONG,2024-01-15T14:46:00.000000000Z,9.299999999998754,3.20000000000098,11,1.5,TP_HIT,7.799999999998754,1.2000000000000002,PARTIAL_THEN_SL,1.5,0.9,False
LONG_1.5_005,1.5,LONG,2024-01-15T14:47:00.000000000Z,9.600000000000719,3.8000000000004697,13,1.5,TP_HIT,8.100000000000719,1.2000000000000002,PARTIAL_THEN_SL,1.5,0.9,False
LONG_1.5_005,1.5,LONG,2024-01-15T14:48:00.000000000Z,9.500000000000064,4.00000000000178,12,-1.5,SL_HIT,8.000000000000064,-1.5,SL_HIT,1.5,0.9,True
LONG_1.5_005,1.5,LONG,2024-01-15T14:49:00.000000000Z,11.000000000001009,3.1000000000003247,8,1.5,TP_HIT,9.500000000001009,1.2000000000000002,PARTIAL_THEN_SL,1.5,0.9,False
LONG_1.5_005,1.5,LONG,2024-01-15T14:50:00.000000000Z,11.600000000000499,2.500000000000835,6,1.5,TP_HIT,10.100000000000499,1.2000000000000002,PARTIAL_THEN_SL,1.5,0.9,False
LONG_1.5_005,1.5,LONG,2024-01-15T14:51:00.000000000Z,11.499999999999844,2.60000000000149,6,1.5,TP_HIT,9.999999999999844,1.2000000000000002,PARTIAL_THEN_SL,1.5,0.9,False
LONG_1.5_005,1.5,LONG,2024-01-15T14:52:00.000000000Z,11.700000000001154,2.4000000000001798,4,1.5,TP_HIT,10.200000000001154,1.2000000000000002,PARTIAL_THEN_SL,1.5,0.9,False
LONG_1.5_005,1.5,LONG,2024-01-15T14:53:00.000000000Z,11.499999999999844,2.60000000000149,4,1.5,TP_HIT,9.999999999999844,1.2000000000000002,PARTIAL_THEN_SL,1.5,0.9,False
LONG_1.5_005,1.5,LONG,2024-01-15T14:54:00.000000000Z,11.700000000001154,2.4000000000001798,2,1.5,TP_HIT,10.200000000001154,1.2000000000000002,PARTIAL_THEN_SL,1.5,0.9,False
LONG_1.5_005,1.5,LONG,2024-01-15T14:55:00.000000000Z,10.900000000000354,3.20000000000098,2,1.5,TP_HIT,9.400000000000354,1.2000000000000002,PARTIAL_THEN_SL,1.5,0.9,False
LONG_1.5_005,1.5,LONG,2024-01-15T14:56:00.000000000Z,10.000000000001119,4.100000000000215,4,1.5,TP_HIT,8.500000000001119,1.2000000000000002,PARTIAL_THEN_SL,1.5,0.9,False
LONG_1.5_005,1.5,LONG,2024-01-15T14:57:00.000000000Z,8.900000000000574,5.20000000000076,10,-1.5,SL_HIT,7.400000000000574,-1.5,SL_HIT,1.5,0.9,True
LONG_1.5_005,1.5,LONG,2024-01-15T14:58:00.000000000Z,9.500000000000064,4.60000000000127,7,1.5,TP_HIT,8.000000000000064,1.2000000000000002,PARTIAL_THEN_SL,1.5,0.9,False
LONG_1.5_005,1.5,LONG,2024-01-15T14:59:00.000000000Z,9.099999999999664,5.00000000000167,8,-1.5,SL_HIT,7.599999999999664,-1.5,SL_HIT,1.5,0.9,True
LONG_1.5_005,1.5,LONG,2024-01-15T15:00:00.000000000Z,8.300000000001084,5.800000000000249,25,-1.5,SL_HIT,6.800000000001084,-1.5,SL_HIT,1.5,0.9,True
LONG_1.5_005,1.5,LONG,2024-01-15T15:01:00.000000000Z,10.300000000000864,3.8000000000004697,3,1.5,TP_HIT,8.800000000000864,1.2000000000000002,PARTIAL_THEN_SL,1.5,0.9,False
LONG_1.5_005,1.5,LONG,2024-01-15T15:02:00.000000000Z,10.700000000001264,3.4000000000000696,2,1.5,TP_HIT,9.200000000001264,1.2000000000000002,PARTIAL_THEN_SL,1.5,0.9,False
LONG_1.5_005,1.5,LONG,2024-01-15T15:03:00.000000000Z,10.000000000001119,4.100000000000215,2,1.5,TP_HIT,8.500000000001119,1.2000000000000002,PARTIAL_THEN_SL,1.5,0.9,False
LONG_1.5_005,1.5,LONG,2024-01-15T15:04:00.000000000Z,8.700000000001484,5.399999999999849,3,1.5,TP_HIT,7.200000000001484,1.2000000000000002,PARTIAL_THEN_SL,1.5,0.9,False
LONG_1.5_005,1.5,LONG,2024-01-15T15:05:00.000000000Z,7.900000000000684,6.200000000000649,21,-1.5,SL_HIT,6.400000000000684,-1.5,SL_HIT,1.5,0.9,True
LONG_1.5_005,1.5,LONG,2024-01-15T15:06:00.000000000Z,8.00000000000134,6.099999999999994,19,-1.5,SL_HIT,6.500000000001339,-1.5,SL_HIT,1.5,0.9,True
LONG_1.5_005,1.5,LONG,2024-01-15T15:07:00.000000000Z,7.099999999999884,7.0000000000014495,44,-1.5,SL_HIT,5.599999999999884,-1.5,SL_HIT,1.5,0.9,True
LONG_1.5_005,1.5,LONG,2024-01-15T15:08:00.000000000Z,8.00000000000134,6.099999999999994,17,-1.5,SL_HIT,6.500000000001339,-1.5,SL_HIT,1.5,0.9,True
LONG_1.5_005,1.5,LONG,2024-01-15T15:09:00.000000000Z,8.20000000000043,5.9000000000009045,16,-1.5,SL_HIT,6.700000000000429,-1.5,SL_HIT,1.5,0.9,True
LONG_1.5_005,1.5,LONG,2024-01-15T15:10:00.000000000Z,9.00000000000123,5.1000000000001044,15,-1.5,SL_HIT,7.500000000001229,-1.5,SL_HIT,1.5,0.9,True
LONG_1.5_005,1.5,LONG,2024-01-15T15:11:00.000000000Z,10.700000000001264,3.4000000000000696,13,-1.5,SL_HIT,9.200000000001264,-1.5,SL_HIT,1.5,0.9,True
LONG_1.5_005,1.5,LONG,2024-01-15T15:12:00.000000000Z,13.300000000000534,0.8000000000008001,1,1.5,TP_HIT,11.800000000000534,1.35,PARTIAL_PLUS_TP,1.5,0.9,False
LONG_1.5_005,1.5,LONG,2024-01-15T15:13:00.000000000Z,11.499999999999844,2.60000000000149,9,1.5,TP_HIT,9.999999999999844,1.2000000000000002,PARTIAL_THEN_SL,1.5,0.9,False
LONG_1.5_005,1.5,LONG,2024-01-15T15:14:00.000000000Z,11.400000000001409,2.6999999999999247,8,1.5,TP_HIT,9.900000000001409,1.2000000000000002,PARTIAL_THEN_SL,1.5,0.9,False
LONG_1.5_005,1.5,LONG,2024-01-15T15:15:00.000000000Z,10.600000000000609,3.5000000000007248,9,1.5,TP_HIT,9.100000000000609,1.2000000000000002,PARTIAL_THEN_SL,1.5,0.9,False
LONG_1.5_005,1.5,LONG,2024-01-15T15:16:00.000000000Z,10.099999999999554,4.00000000000178,9,-1.5,SL_HIT,8.599999999999554,-1.5,SL_HIT,1.5,0.9,True
LONG_1.5_005,1.5,LONG,2024-01-15T15:17:00.000000000Z,11.100000000001664,2.9999999999996696,5,1.5,TP_HIT,9.600000000001664,1.2000000000000002,PARTIAL_THEN_SL,1.5,0.9,False
LONG_1.5_005,1.5,LONG,2024-01-15T15:18:00.000000000Z,11.300000000000754,2.80000000000058,4,1.5,TP_HIT,9.800000000000754,1.2000000000000002,PARTIAL_THEN_SL,1.5,0.9,False
LONG_1.5_005,1.5,LONG,2024-01-15T15:19:00.000000000Z,11.300000000000754,2.80000000000058,3,1.5,TP_HIT,9.800000000000754,1.2000000000000002,PARTIAL_THEN_SL,1.5,0.9,False
LONG_1.5_005,1.5,LONG,2024-01-15T15:20:00.000000000Z,11.600000000000499,2.500000000000835,2,1.5,TP_HIT,10.100000000000499,1.2000000000000002,PARTIAL_THEN_SL,1.5,0.9,False
LONG_1.5_005,1.5,LONG,2024-01-15T15:21:00.000000000Z,11.499999999999844,2.60000000000149,1,1.5,TP_HIT,9.999999999999844,1.2000000000000002,PARTIAL_THEN_SL,1.5,0.9,False
LONG_1.5_005,1.5,LONG,2024-01-15T15:22:00.000000000Z,9.300000000000974,4.8000000000003595,3,-1.5,SL_HIT,7.800000000000974,-1.5,SL_HIT,1.5,0.9,True
LONG_1.5_005,1.5,LONG,2024-01-15T15:23:00.000000000Z,11.100000000001664,2.9999999999996696,1,1.5,TP_HIT,9.600000000001664,1.2000000000000002,PARTIAL_THEN_SL,1.5,0.9,False
LONG_1.5_005,1.5,LONG,2024-01-15T15:24:00.000000000Z,9.099999999999664,5.00000000000167,1,1.5,TP_HIT,7.599999999999664,1.2000000000000002,PARTIAL_THEN_SL,1.5,0.9,False
LONG_1.5_005,1.5,LONG,2024-01-15T15:25:00.000000000Z,6.500000000000394,7.600000000000939,28,-1.5,SL_HIT,5.000000000000394,-1.5,SL_HIT,1.5,0.9,True
LONG_1.5_005,1.5,LONG,2024-01-15T15:26:00.000000000Z,5.9000000000009045,8.20000000000043,27,-1.5,SL_HIT,4.4000000000009045,-1.5,SL_HIT,1.5,0.9,True
LONG_1.5_005,1.5,LONG,2024-01-15T15:27:00.000000000Z,7.7000000000015945,6.399999999999739,23,-1.5,SL_HIT,6.2000000000015945,-1.5,SL_HIT,1.5,0.9,True
LONG_1.5_005,1.5,LONG,2024-01-15T15:28:00.000000000Z,8.099999999999774,6.00000000000156,22,-1.5,SL_HIT,6.599999999999774,-1.5,SL_HIT,1.5,0.9,True
LONG_1.5_005,1.5,LONG,2024-01-15T15:29:00.000000000Z,7.200000000000539,6.900000000000794,21,-1.5,SL_HIT,5.700000000000539,-1.5,SL_HIT,1.5,0.9,True
LONG_1.5_005,1.5,LONG,2024-01-15T15:30:00.000000000Z,9.500000000000064,4.60000000000127,20,-1.5,SL_HIT,8.000000000000064,-1.5,SL_HIT,1.5,0.9,True
LONG_1.5_005,1.5,LONG,2024-01-15T15:31:00.000000000Z,10.099999999999554,4.00000000000178,18,-1.5,SL_HIT,8.599999999999554,-1.5,SL_HIT,1.5,0.9,True
LONG_1.5_005,1.5,LONG,2024-01-15T15:32:00.000000000Z,10.300000000000864,3.8000000000004697,17,-1.5,SL_HIT,8.800000000000864,-1.5,SL_HIT,1.5,0.9,True
LONG_1.5_005,1.5,LONG,2024-01-15T15:33:00.000000000Z,10.799999999999699,3.300000000001635,15,-1.5,SL_HIT,9.299999999999699,-1.5,SL_HIT,1.5,0.9,True
LONG_1.5_005,1.5,LONG,2024-01-15T15:34:00.000000000Z,11.100000000001664,2.9999999999996696,11,-1.5,SL_HIT,9.600000000001664,-1.5,SL_HIT,1.5,0.9,True
LONG_1.5_005,1.5,LONG,2024-01-15T15:35:00.000000000Z,11.600000000000499,2.500000000000835,10,-1.5,SL_HIT,10.100000000000499,-1.5,SL_HIT,1.5,0.9,True
LONG_1.5_005,1.5,LONG,2024-01-15T15:36:00.000000000Z,12.499999999999734,1.6000000000016001,9,-1.5,SL_HIT,10.999999999999734,-1.5,SL_HIT,1.5,0.9,True
LONG_1.5_005,1.5,LONG,2024-01-15T15:37:00.000000000Z,13.800000000001589,0.2999999999997449,5,1.5,TP_HIT,12.300000000001589,1.35,PARTIAL_PLUS_TP,1.5,0.9,False
LONG_1.5_005,1.5,LONG,2024-01-15T15:38:00.000000000Z,14.100000000001334,0.0,4,1.5,TP_HIT,12.600000000001334,1.35,PARTIAL_PLUS_TP,1.5,0.9,False
LONG_1.5_005,1.5,LONG,2024-01-15T15:39:00.000000000Z,13.900000000000023,0.0,3,1.5,TP_HIT,12.400000000000023,1.35,PARTIAL_PLUS_TP,1.5,0.9,False
LONG_1.5_005,1.5,LONG,2024-01-15T15:40:00.000000000Z,13.199999999999878,0.0,2,1.5,TP_HIT,11.699999999999878,1.35,PARTIAL_PLUS_TP,1.5,0.9,False
LONG_1.5_005,1.5,LONG,2024-01-15T15:41:00.000000000Z,13.100000000001444,0.0,1,1.5,TP_HIT,11.600000000001444,1.35,PARTIAL_PLUS_TP,1.5,0.9,False
LONG_1.5_005,1.5,LONG,2024-01-15T15:42:00.000000000Z,11.499999999999844,1.100000000000545,3,1.5,TP_HIT,9.999999999999844,1.35,PARTIAL_PLUS_TP,1.5,0.9,False
LONG_1.5_005,1.5,LONG,2024-01-15T15:43:00.000000000Z,12.600000000000389,0.0,2,1.5,TP_HIT,11.100000000000389,1.35,PARTIAL_PLUS_TP,1.5,0.9,False
LONG_1.5_005,1.5,LONG,2024-01-15T15:44:00.000000000Z,11.100000000001664,0.0,1,1.5,TP_HIT,9.600000000001664,1.35,PARTIAL_PLUS_TP,1.5,0.9,False
LONG_1.5_005,1.5,LONG,2024-01-15T15:45:00.000000000Z,9.500000000000064,1.500000000000945,5,-1.5,SL_HIT,8.000000000000064,-1.5,SL_HIT,1.5,0.9,True
LONG_1.5_005,1.5,LONG,2024-01-15T15:46:00.000000000Z,11.000000000001009,0.0,2,1.5,TP_HIT,9.500000000001009,1.35,PARTIAL_PLUS_TP,1.5,0.9,False
LONG_1.5_005,1.5,LONG,2024-01-15T15:47:00.000000000Z,10.200000000000209,0.0,2,1.5,TP_HIT,8.700000000000209,1.35,PARTIAL_PLUS_TP,1.5,0.9,False
LONG_1.5_005,1.5,LONG,2024-01-15T15:48:00.000000000Z,9.099999999999664,0.0,2,1.5,TP_HIT,7.599999999999664,1.35,PARTIAL_PLUS_TP,1.5,0.9,False
LONG_1.5_005,1.5,LONG,2024-01-15T15:49:00.000000000Z,8.099999999999774,0.0,1,1.5,TP_HIT,6.599999999999774,1.35,PARTIAL_PLUS_TP,1.5,0.9,False
LONG_1.5_005,1.5,LONG,2024-01-15T15:50:00.000000000Z,5.60000000000116,0.0,3,1.5,TP_HIT,4.10000000000116,1.35,PARTIAL_PLUS_TP,1.5,0.9,False
LONG_1.5_005,1.5,LONG,2024-01-15T15:51:00.000000000Z,5.300000000001415,0.09999999999843467,3,1.5,TP_HIT,3.8000000000014147,1.35,PARTIAL_PLUS_TP,1.5,0.9,False
LONG_1.5_005,1.5,LONG,2024-01-15T15:52:00.000000000Z,5.300000000001415,0.09999999999843467,2,1.5,TP_HIT,3.8000000000014147,1.35,PARTIAL_PLUS_TP,1.5,0.9,False
LONG_1.5_005,1.5,LONG,2024-01-15T15:53:00.000000000Z,3.900000000001125,1.4999999999987246,4,1.5,TP_HIT,2.400000000001125,1.35,PARTIAL_PLUS_TP,1.5,0.9,False
LONG_1.5_005,1.5,LONG,2024-01-15T15:54:00.000000000Z,3.300000000001635,2.0999999999982144,4,1.5,TP_HIT,1.800000000001635,1.2000000000000002,PARTIAL_THEN_SL,1.5,0.9,False
LONG_1.5_005,1.5,LONG,2024-01-15T15:55:00.000000000Z,3.1000000000003247,2.2999999999995246,32,-1.5,SL_HIT,1.6000000000003247,-1.5,SL_HIT,1.5,0.9,True
LONG_1.5_005,1.5,LONG,2024-01-15T15:56:00.000000000Z,3.5000000000007248,1.8999999999991246,2,1.5,TP_HIT,2.0000000000007248,1.2000000000000002,PARTIAL_THEN_SL,1.5,0.9,False
LONG_1.5_005,1.5,LONG,2024-01-15T15:57:00.000000000Z,2.2999999999995246,3.1000000000003247,30,-1.5,SL_HIT,0.7999999999995246,-1.5,SL_HIT,1.5,0.9,True
LONG_1.5_005,1.5,LONG,2024-01-15T15:58:00.000000000Z,1.7000000000000348,3.6999999999998145,31,-1.5,SL_HIT,0.20000000000003482,-1.5,SL_HIT,1.5,0.9,True
LONG_1.5_005,1.5,LONG,2024-01-15T15:59:00.000000000Z,2.6999999999999247,2.6999999999999247,28,-1.5,SL_HIT,1.1999999999999247,-1.5,SL_HIT,1.5,0.9,True
LONG_1.5_005,1.5,LONG,2024-01-15T16:00:00.000000000Z,1.6000000000016001,3.7999999999982492,29,-1.5,SL_HIT,0.10000000000160014,-1.5,SL_HIT,1.5,0.9,True
LONG_1.5_005,1.5,LONG,2024-01-15T16:01:00.000000000Z,1.6000000000016001,3.7999999999982492,28,-1.5,SL_HIT,0.10000000000160014,-1.5,SL_HIT,1.5,0.9,True
LONG_1.5_005,1.5,LONG,2024-01-15T16:02:00.000000000Z,1.9999999999997797,3.4000000000000696,27,-1.5,SL_HIT,0.49999999999977973,-1.5,SL_HIT,1.5,0.9,True
LONG_1.5_005,1.5,LONG,2024-01-15T16:03:00.000000000Z,3.1000000000003247,2.2999999999995246,24,-1.5,SL_HIT,1.6000000000003247,-1.5,SL_HIT,1.5,0.9,True
LONG_1.5_005,1.5,LONG,2024-01-15T16:04:00.000000000Z,4.100000000000215,1.2999999999996348,23,1.5,TP_HIT,2.6000000000002146,1.35,PARTIAL_PLUS_TP,1.5,0.9,False
LONG_1.5_005,1.5,LONG,2024-01-15T16:05:00.000000000Z,3.6999999999998145,1.7000000000000348,22,1.5,TP_HIT,2.1999999999998145,1.2000000000000002,PARTIAL_THEN_SL,1.5,0.9,False
LONG_1.5_005,1.5,LONG,2024-01-15T16:06:00.000000000Z,3.4000000000000696,1.9999999999997797,21,-1.5,SL_HIT,1.9000000000000696,-1.5,SL_HIT,1.5,0.9,True
LONG_1.5_005,1.5,LONG,2024-01-15T16:07:00.000000000Z,3.5000000000007248,1.8999999999991246,20,-1.5,SL_HIT,2.0000000000007248,-1.5,SL_HIT,1.5,0.9,True
LONG_1.5_005,1.5,LONG,2024-01-15T16:08:00.000000000Z,3.60000000000138,1.7999999999984695,19,1.5,TP_HIT,2.10000000000138,1.2000000000000002,PARTIAL_THEN_SL,1.5,0.9,False
LONG_1.5_005,1.5,LONG,2024-01-15T16:09:00.000000000Z,3.5000000000007248,1.8999999999991246,18,-1.5,SL_HIT,2.0000000000007248,-1.5,SL_HIT,1.5,0.9,True
LONG_1.5_005,1.5,LONG,2024-01-15T16:10:00.000000000Z,2.80000000000058,2.5999999999992696,17,-1.5,SL_HIT,1.3000000000005798,-1.5,SL_HIT,1.5,0.9,True
LONG_1.5_005,1.5,LONG,2024-01-15T16:11:00.000000000Z,3.6999999999998145,1.7000000000000348,16,1.5,TP_HIT,2.1999999999998145,1.2000000000000002,PARTIAL_THEN_SL,1.5,0.9,False
LONG_1.5_005,1.5,LONG,2024-01-15T16:12:00.000000000Z,3.60000000000138,1.7999999999984695,15,1.5,TP_HIT,2.10000000000138,1.2000000000000002,PARTIAL_THEN_SL,1.5,0.9,False
LONG_1.5_005,1.5,LONG,2024-01-15T16:13:00.000000000Z,4.699999999999704,0.700000000000145,2,1.5,TP_HIT,3.1999999999997044,1.35,PARTIAL_PLUS_TP,1.5,0.9,False
LONG_1.5_005,1.5,LONG,2024-01-15T16:14:00.000000000Z,3.6999999999998145,1.7000000000000348,13,1.5,TP_HIT,2.1999999999998145,1.2000000000000002,PARTIAL_THEN_SL,1.5,0.9,False
LONG_1.5_005,1.5,LONG,2024-01-15T16:15:00.000000000Z,2.900000000001235,2.4999999999986144,12,-1.5,SL_HIT,1.400000000001235,-1.5,SL_HIT,1.5,0.9,True
LONG_1.5_005,1.5,LONG,2024-01-15T16:16:00.000000000Z,3.9999999999995595,1.40000000000029,11,1.5,TP_HIT,2.4999999999995595,1.35,PARTIAL_PLUS_TP,1.5,0.9,False
LONG_1.5_005,1.5,LONG,2024-01-15T16:17:00.000000000Z,3.300000000001635,2.0999999999982144,10,-1.5,SL_HIT,1.800000000001635,-1.5,SL_HIT,1.5,0.9,True
LONG_1.5_005,1.5,LONG,2024-01-15T16:18:00.000000000Z,4.300000000001525,1.0999999999983245,9,1.5,TP_HIT,2.800000000001525,1.35,PARTIAL_PLUS_TP,1.5,0.9,False
LONG_1.5_005,1.5,LONG,2024-01-15T16:19:00.000000000Z,5.1000000000001044,0.2999999999997449,4,1.5,TP_HIT,3.6000000000001044,1.35,PARTIAL_PLUS_TP,1.5,0.9,False
LONG_1.5_005,1.5,LONG,2024-01-15T16:20:00.000000000Z,5.1000000000001044,0.2999999999997449,3,1.5,TP_HIT,3.6000000000001044,1.35,PARTIAL_PLUS_TP,1.5,0.9,False
LONG_1.5_005,1.5,LONG,2024-01-15T16:21:00.000000000Z,4.3999999999999595,0.9999999999998899,6,1.5,TP_HIT,2.8999999999999595,1.35,PARTIAL_PLUS_TP,1.5,0.9,False
LONG_1.5_005,1.5,LONG,2024-01-15T16:22:00.000000000Z,4.100000000000215,1.2999999999996348,5,1.5,TP_HIT,2.6000000000002146,1.35,PARTIAL_PLUS_TP,1.5,0.9,False
LONG_1.5_005,1.5,LONG,2024-01-15T16:23:00.000000000Z,2.9999999999996696,2.4000000000001798,4,1.5,TP_HIT,1.4999999999996696,1.2000000000000002,PARTIAL_THEN_SL,1.5,0.9,False
LONG_1.5_005,1.5,LONG,2024-01-15T16:24:00.000000000Z,3.5000000000007248,1.8999999999991246,3,1.5,TP_HIT,2.0000000000007248,1.2000000000000002,PARTIAL_THEN_SL,1.5,0.9,False
LONG_1.5_005,1.5,LONG,2024-01-15T16:25:00.000000000Z,3.60000000000138,1.7999999999984695,2,1.5,TP_HIT,2.10000000000138,1.2000000000000002,PARTIAL_THEN_SL,1.5,0.9,False
LONG_1.5_005,1.5,LONG,2024-01-15T16:26:00.000000000Z,3.1000000000003247,2.2999999999995246,1,1.5,TP_HIT,1.6000000000003247,1.2000000000000002,PARTIAL_THEN_SL,1.5,0.9,False
LONG_1.5_005,1.5,LONG,2024-01-15T16:27:00.000000000Z,0.700000000000145,4.699999999999704,101,-1.5,SL_HIT,0.0,-1.5,SL_HIT,1.5,0.9,True
LONG_1.5_005,1.5,LONG,2024-01-15T16:28:00.000000000Z,0.5999999999994898,4.8000000000003595,101,-1.5,SL_HIT,0.0,-1.5,SL_HIT,1.5,0.9,True
LONG_1.5_005,1.5,LONG,2024-01-15T16:29:00.000000000Z,0.0,5.399999999999849,101,-1.5,SL_HIT,0.0,-1.5,SL_HIT,1.5,0.9,True
LONG_1.5_005,1.5,LONG,2024-01-15T16:30:00.000000000Z,0.0,4.8000000000003595,101,-1.5,SL_HIT,0.0,-1.5,SL_HIT,1.5,0.9,True
LONG_1.5_005,1.5,LONG,2024-01-15T16:31:00.000000000Z,0.20000000000131024,3.4999999999985043,101,-1.5,SL_HIT,0.0,-1.5,SL_HIT,1.5,0.9,True
LONG_1.5_005,1.5,LONG,2024-01-15T16:32:00.000000000Z,1.6000000000016001,2.0999999999982144,2,1.5,TP_HIT,0.10000000000160014,1.2000000000000002,PARTIAL_THEN_SL,1.5,0.9,False
LONG_1.5_005,1.5,LONG,2024-01-15T16:33:00.000000000Z,0.9999999999998899,2.6999999999999247,101,-1.5,SL_HIT,0.0,-1.5,SL_HIT,1.5,0.9,True
LONG_1.5_005,1.5,LONG,2024-01-15T16:34:00.000000000Z,0.0,3.6999999999998145,101,-1.5,SL_HIT,0.0,-1.5,SL_HIT,1.5,0.9,True
LONG_1.5_006,1.5,LONG,2024-01-15T16:42:00.000000000Z,1.900000000001345,1.1999999999989797,6,1.5,TP_HIT,0.40000000000134506,1.35,PARTIAL_PLUS_TP,1.5,0.9,False
LONG_1.5_006,1.5,LONG,2024-01-15T16:43:00.000000000Z,2.700000000002145,0.3999999999981796,3,1.5,TP_HIT,1.2000000000021451,1.35,PARTIAL_PLUS_TP,1.5,0.9,False
LONG_1.5_006,1.5,LONG,2024-01-15T16:44:00.000000000Z,2.60000000000149,0.4999999999988347,2,1.5,TP_HIT,1.10000000000149,1.35,PARTIAL_PLUS_TP,1.5,0.9,False
LONG_1.5_006,1.5,LONG,2024-01-15T16:45:00.000000000Z,2.4000000000001798,0.700000000000145,3,1.5,TP_HIT,0.9000000000001798,1.35,PARTIAL_PLUS_TP,1.5,0.9,False
LONG_1.5_006,1.5,LONG,2024-01-15T16:46:00.000000000Z,1.100000000000545,1.9999999999997797,101,-1.5,SL_HIT,0.0,-1.5,SL_HIT,1.5,0.9,True
LONG_1.5_006,1.5,LONG,2024-01-15T16:47:00.000000000Z,1.100000000000545,1.9999999999997797,101,-1.5,SL_HIT,0.0,-1.5,SL_HIT,1.5,0.9,True
LONG_1.5_006,1.5,LONG,2024-01-15T16:48:00.000000000Z,0.0,3.1000000000003247,101,-1.5,SL_HIT,0.0,-1.5,SL_HIT,1.5,0.9,True
SHORT_1.5_001,1.5,SHORT,2024-01-15T08:00:00.000000000Z,11.699999999998933,6.800000000000139,62,-1.5,SL_HIT,10.199999999998933,-1.5,SL_HIT,1.5,0.9,True
SHORT_1.5_001,1.5,SHORT,2024-01-15T08:01:00.000000000Z,11.899999999998023,6.6000000000010495,61,-1.5,SL_HIT,10.399999999998023,-1.5,SL_HIT,1.5,0.9,True
SHORT_1.5_001,1.5,SHORT,2024-01-15T08:02:00.000000000Z,13.099999999999223,5.399999999999849,59,-1.5,SL_HIT,11.599999999999223,-1.5,SL_HIT,1.5,0.9,True
SHORT_1.5_001,1.5,SHORT,2024-01-15T08:03:00.000000000Z,15.099999999999003,3.4000000000000696,4,1.5,TP_HIT,13.599999999999003,1.2000000000000002,PARTIAL_THEN_SL,1.5,0.9,False
SHORT_1.5_001,1.5,SHORT,2024-01-15T08:04:00.000000000Z,14.499999999999513,3.9999999999995595,3,1.5,TP_HIT,12.999999999999513,1.2000000000000002,PARTIAL_THEN_SL,1.5,0.9,False
SHORT_1.5_001,1.5,SHORT,2024-01-15T08:05:00.000000000Z,14.999999999998348,3.5000000000007248,2,1.5,TP_HIT,13.499999999998348,1.2000000000000002,PARTIAL_THEN_SL,1.5,0.9,False
SHORT_1.5_001,1.5,SHORT,2024-01-15T08:06:00.000000000Z,14.199999999999768,4.299999999999304,54,-1.5,SL_HIT,12.699999999999768,-1.5,SL_HIT,1.5,0.9,True
SHORT_1.5_001,1.5,SHORT,2024-01-15T08:07:00.000000000Z,13.600000000000279,5.699999999999594,54,-1.5,SL_HIT,12.100000000000279,-1.5,SL_HIT,1.5,0.9,True
SHORT_1.5_001,1.5,SHORT,2024-01-15T08:08:00.000000000Z,15.600000000000058,3.6999999999998145,24,-1.5,SL_HIT,14.100000000000058,-1.5,SL_HIT,1.5,0.9,True
SHORT_1.5_001,1.5,SHORT,2024-01-15T08:09:00.000000000Z,17.700000000000493,1.5999999999993797,7,1.5,TP_HIT,16.200000000000493,1.2000000000000002,PARTIAL_THEN_SL,1.5,0.9,False
SHORT_1.5_001,1.5,SHORT,2024-01-15T08:10:00.000000000Z,17.700000000000493,1.5999999999993797,6,1.5,TP_HIT,16.200000000000493,1.2000000000000002,PARTIAL_THEN_SL,1.5,0.9,False
SHORT_1.5_001,1.5,SHORT,2024-01-15T08:11:00.000000000Z,19.100000000000783,0.1999999999990898,1,1.5,TP_HIT,17.600000000000783,1.35,PARTIAL_PLUS_TP,1.5,0.9,False
SHORT_1.5_001,1.5,SHORT,2024-01-15T08:12:00.000000000Z,17.000000000000348,2.2999999999995246,18,-1.5,SL_HIT,15.500000000000348,-1.5,SL_HIT,1.5,0.9,True
SHORT_1.5_001,1.5,SHORT,2024-01-15T08:13:00.000000000Z,16.899999999999693,2.4000000000001798,17,-1.5,SL_HIT,15.399999999999693,-1.5,SL_HIT,1.5,0.9,True
SHORT_1.5_001,1.5,SHORT,2024-01-15T08:14:00.000000000Z,18.700000000000383,0.5999999999994898,2,1.5,TP_HIT,17.200000000000383,1.35,PARTIAL_PLUS_TP,1.5,0.9,False
SHORT_1.5_001,1.5,SHORT,2024-01-15T08:15:00.000000000Z,19.100000000000783,0.1999999999990898,1,1.5,TP_HIT,17.600000000000783,1.35,PARTIAL_PLUS_TP,1.5,0.9,False
SHORT_1.5_001,1.5,SHORT,2024-01-15T08:16:00.000000000Z,15.799999999999148,3.5000000000007248,16,-1.5,SL_HIT,14.299999999999148,-1.5,SL_HIT,1.5,0.9,True
SHORT_1.5_001,1.5,SHORT,2024-01-15T08:17:00.000000000Z,16.700000000000603,2.5999999999992696,13,-1.5,SL_HIT,15.200000000000603,-1.5,SL_HIT,1.5,0.9,True
SHORT_1.5_001,1.5,SHORT,2024-01-15T08:18:00.000000000Z,16.499999999999293,2.80000000000058,12,-1.5,SL_HIT,14.999999999999293,-1.5,SL_HIT,1.5,0.9,True
SHORT_1.5_001,1.5,SHORT,2024-01-15T08:19:00.000000000Z,16.700000000000603,2.5999999999992696,11,-1.5,SL_HIT,15.200000000000603,-1.5,SL_HIT,1.5,0.9,True
SHORT_1.5_001,1.5,SHORT,2024-01-15T08:20:00.000000000Z,16.299999999997983,3.20000000000098,12,-1.5,SL_HIT,14.799999999997983,-1.5,SL_HIT,1.5,0.9,True
SHORT_1.5_001,1.5,SHORT,2024-01-15T08:21:00.000000000Z,17.399999999998528,2.100000000000435,9,-1.5,SL_HIT,15.899999999998528,-1.5,SL_HIT,1.5,0.9,True
SHORT_1.5_001,1.5,SHORT,2024-01-15T08:22:00.000000000Z,17.599999999999838,2.9999999999996696,8,-1.5,SL_HIT,16.099999999999838,-1.5,SL_HIT,1.5,0.9,True
SHORT_1.5_001,1.5,SHORT,2024-01-15T08:23:00.000000000Z,19.299999999999873,2.2999999999995246,7,-1.5,SL_HIT,17.799999999999873,-1.5,SL_HIT,1.5,0.9,True
SHORT_1.5_001,1.5,SHORT,2024-01-15T08:24:00.000000000Z,23.100000000000342,0.0,4,1.5,TP_HIT,21.600000000000342,1.35,PARTIAL_PLUS_TP,1.5,0.9,False
SHORT_1.5_001,1.5,SHORT,2024-01-15T08:25:00.000000000Z,22.900000000001253,0.0,3,1.5,TP_HIT,21.400000000001253,1.35,PARTIAL_PLUS_TP,1.5,0.9,False
SHORT_1.5_001,1.5,SHORT,2024-01-15T08:26:00.000000000Z,22.900000000001253,0.0,2,1.5,TP_HIT,21.400000000001253,1.35,PARTIAL_PLUS_TP,1.5,0.9,False
SHORT_1.5_001,1.5,SHORT,2024-01-15T08:27:00.000000000Z,22.500000000000853,0.0,3,1.5,TP_HIT,21.000000000000853,1.35,PARTIAL_PLUS_TP,1.5,0.9,False
SHORT_1.5_001,1.5,SHORT,2024-01-15T08:28:00.000000000Z,21.100000000000563,0.8000000000008001,2,1.5,TP_HIT,19.600000000000563,1.35,PARTIAL_PLUS_TP,1.5,0.9,False
SHORT_1.5_001,1.5,SHORT,2024-01-15T08:29:00.000000000Z,23.000000000001908,0.0,1,1.5,TP_HIT,21.500000000001908,1.35,PARTIAL_PLUS_TP,1.5,0.9,False
SHORT_1.5_001,1.5,SHORT,2024-01-15T08:30:00.000000000Z,20.600000000001728,1.4999999999987246,30,1.5,TP_HIT,19.100000000001728,1.35,PARTIAL_PLUS_TP,1.5,0.9,False
SHORT_1.5_001,1.5,SHORT,2024-01-15T08:31:00.000000000Z,21.400000000000308,0.700000000000145,5,1.5,TP_HIT,19.900000000000308,1.35,PARTIAL_PLUS_TP,1.5,0.9,False
SHORT_1.5_001,1.5,SHORT,2024-01-15T08:32:00.000000000Z,20.599999999999508,2.100000000000435,29,-1.5,SL_HIT,19.099999999999508,-1.5,SL_HIT,1.5,0.9,True
SHORT_1.5_001,1.5,SHORT,2024-01-15T08:33:00.000000000Z,20.700000000000163,1.9999999999997797,27,-1.5,SL_HIT,19.200000000000163,-1.5,SL_HIT,1.5,0.9,True
SHORT_1.5_001,1.5,SHORT,2024-01-15T08:34:00.000000000Z,20.599999999999508,2.100000000000435,27,-1.5,SL_HIT,19.099999999999508,-1.5,SL_HIT,1.5,0.9,True
SHORT_1.5_001,1.5,SHORT,2024-01-15T08:35:00.000000000Z,21.299999999999653,1.9999999999997797,25,-1.5,SL_HIT,19.799999999999653,-1.5,SL_HIT,1.5,0.9,True
SHORT_1.5_001,1.5,SHORT,2024-01-15T08:36:00.000000000Z,21.000000000002128,2.4999999999986144,25,-1.5,SL_HIT,19.500000000002128,-1.5,SL_HIT,1.5,0.9,True
SHORT_1.5_001,1.5,SHORT,2024-01-15T08:37:00.000000000Z,22.699999999999942,1.9999999999997797,23,-1.5,SL_HIT,21.199999999999942,-1.5,SL_HIT,1.5,0.9,True
SHORT_1.5_001,1.5,SHORT,2024-01-15T08:38:00.000000000Z,25.399999999999867,0.9999999999998899,22,1.5,TP_HIT,23.899999999999867,1.35,PARTIAL_PLUS_TP,1.5,0.9,False
SHORT_1.5_001,1.5,SHORT,2024-01-15T08:39:00.000000000Z,26.399999999999757,0.0,2,1.5,TP_HIT,24.899999999999757,1.35,PARTIAL_PLUS_TP,1.5,0.9,False
SHORT_1.5_001,1.5,SHORT,2024-01-15T08:40:00.000000000Z,25.999999999999357,0.0,1,1.5,TP_HIT,24.499999999999357,1.35,PARTIAL_PLUS_TP,1.5,0.9,False
SHORT_1.5_001,1.5,SHORT,2024-01-15T08:41:00.000000000Z,24.100000000000232,1.8999999999991246,20,-1.5,SL_HIT,22.600000000000232,-1.5,SL_HIT,1.5,0.9,True
SHORT_1.5_001,1.5,SHORT,2024-01-15T08:42:00.000000000Z,25.200000000000777,1.0999999999983245,18,1.5,TP_HIT,23.700000000000777,1.35,PARTIAL_PLUS_TP,1.5,0.9,False
SHORT_1.5_001,1.5,SHORT,2024-01-15T08:43:00.000000000Z,25.999999999999357,0.2999999999997449,12,1.5,TP_HIT,24.499999999999357,1.35,PARTIAL_PLUS_TP,1.5,0.9,False
SHORT_1.5_001,1.5,SHORT,2024-01-15T08:44:00.000000000Z,26.299999999999102,0.0,1,1.5,TP_HIT,24.799999999999102,1.35,PARTIAL_PLUS_TP,1.5,0.9,False
SHORT_1.5_001,1.5,SHORT,2024-01-15T08:45:00.000000000Z,24.599999999999067,1.6000000000016001,16,-1.5,SL_HIT,23.099999999999067,-1.5,SL_HIT,1.5,0.9,True
SHORT_1.5_001,1.5,SHORT,2024-01-15T08:46:00.000000000Z,25.800000000000267,0.40000000000040004,10,1.5,TP_HIT,24.300000000000267,1.35,PARTIAL_PLUS_TP,1.5,0.9,False
SHORT_1.5_001,1.5,SHORT,2024-01-15T08:47:00.000000000Z,26.200000000000667,0.0,1,1.5,TP_HIT,24.700000000000667,1.35,PARTIAL_PLUS_TP,1.5,0.9,False
SHORT_1.5_001,1.5,SHORT,2024-01-15T08:48:00.000000000Z,24.699999999999722,1.100000000000545,12,1.5,TP_HIT,23.199999999999722,1.35,PARTIAL_PLUS_TP,1.5,0.9,False
SHORT_1.5_001,1.5,SHORT,2024-01-15T08:49:00.000000000Z,24.999999999999467,0.8000000000008001,11,1.5,TP_HIT,23.499999999999467,1.35,PARTIAL_PLUS_TP,1.5,0.9,False
SHORT_1.5_001,1.5,SHORT,2024-01-15T08:50:00.000000000Z,25.800000000000267,0.0,6,1.5,TP_HIT,24.300000000000267,1.35,PARTIAL_PLUS_TP,1.5,0.9,False
SHORT_1.5_001,1.5,SHORT,2024-01-15T08:51:00.000000000Z,25.800000000000267,0.0,5,1.5,TP_HIT,24.300000000000267,1.35,PARTIAL_PLUS_TP,1.5,0.9,False
SHORT_1.5_001,1.5,SHORT,2024-01-15T08:52:00.000000000Z,25.800000000000267,0.0,4,1.5,TP_HIT,24.300000000000267,1.35,PARTIAL_PLUS_TP,1.5,0.9,False
SHORT_1.5_001,1.5,SHORT,2024-01-15T08:53:00.000000000Z,25.399999999999867,0.2999999999997449,7,1.5,TP_HIT,23.899999999999867,1.35,PARTIAL_PLUS_TP,1.5,0.9,False
SHORT_1.5_001,1.5,SHORT,2024-01-15T08:54:00.000000000Z,25.699999999999612,0.0,6,1.5,TP_HIT,24.199999999999612,1.35,PARTIAL_PLUS_TP,1.5,0.9,False
SHORT_1.5_001,1.5,SHORT,2024-01-15T08:55:00.000000000Z,24.399999999999977,0.1999999999990898,6,1.5,TP_HIT,22.899999999999977,1.35,PARTIAL_PLUS_TP,1.5,0.9,False
SHORT_1.5_001,1.5,SHORT,2024-01-15T08:56:00.000000000Z,24.200000000000887,0.3999999999981796,5,1.5,TP_HIT,22.700000000000887,1.35,PARTIAL_PLUS_TP,1.5,0.9,False
SHORT_1.5_001,1.5,SHORT,2024-01-15T08:57:00.000000000Z,24.200000000000887,0.3999999999981796,4,1.5,TP_HIT,22.700000000000887,1.35,PARTIAL_PLUS_TP,1.5,0.9,False
SHORT_1.5_001,1.5,SHORT,2024-01-15T08:58:00.000000000Z,24.599999999999067,0.0,3,1.5,TP_HIT,23.099999999999067,1.35,PARTIAL_PLUS_TP,1.5,0.9,False
SHORT_1.5_001,1.5,SHORT,2024-01-15T08:59:00.000000000Z,24.399999999999977,0.0,2,1.5,TP_HIT,22.899999999999977,1.35,PARTIAL_PLUS_TP,1.5,0.9,False
SHORT_1.5_001,1.5,SHORT,2024-01-15T09:00:00.000000000Z,23.199999999998777,0.0,2,1.5,TP_HIT,21.699999999998777,1.35,PARTIAL_PLUS_TP,1.5,0.9,False
SHORT_1.5_001,1.5,SHORT,2024-01-15T09:01:00.000000000Z,22.100000000000453,0.0,1,1.5,TP_HIT,20.600000000000453,1.35,PARTIAL_PLUS_TP,1.5,0.9,False
SHORT_1.5_001,1.5,SHORT,2024-01-15T09:02:00.000000000Z,20.000000000000018,2.100000000000435,32,-1.5,SL_HIT,18.500000000000018,-1.5,SL_HIT,1.5,0.9,True
SHORT_1.5_001,1.5,SHORT,2024-01-15T09:03:00.000000000Z,20.299999999999763,1.80000000000069,15,-1.5,SL_HIT,18.799999999999763,-1.5,SL_HIT,1.5,0.9,True
SHORT_1.5_001,1.5,SHORT,2024-01-15T09:04:00.000000000Z,20.800000000000818,1.2999999999996348,13,1.5,TP_HIT,19.300000000000818,1.35,PARTIAL_PLUS_TP,1.5,0.9,False
SHORT_1.5_001,1.5,SHORT,2024-01-15T09:05:00.000000000Z,20.800000000000818,1.2999999999996348,12,1.5,TP_HIT,19.300000000000818,1.35,PARTIAL_PLUS_TP,1.5,0.9,False
SHORT_1.5_001,1.5,SHORT,2024-01-15T09:06:00.000000000Z,21.800000000000708,0.2999999999997449,7,1.5,TP_HIT,20.300000000000708,1.35,PARTIAL_PLUS_TP,1.5,0.9,False
SHORT_1.5_001,1.5,SHORT,2024-01-15T09:07:00.000000000Z,21.299999999999653,0.8000000000008001,9,1.5,TP_HIT,19.799999999999653,1.35,PARTIAL_PLUS_TP,1.5,0.9,False
SHORT_1.5_001,1.5,SHORT,2024-01-15T09:08:00.000000000Z,20.599999999999508,1.500000000000945,10,1.5,TP_HIT,19.099999999999508,1.2000000000000002,PARTIAL_THEN_SL,1.5,0.9,False
SHORT_1.5_001,1.5,SHORT,2024-01-15T09:09:00.000000000Z,21.199999999998997,0.9000000000014552,7,1.5,TP_HIT,19.699999999998997,1.35,PARTIAL_PLUS_TP,1.5,0.9,False
SHORT_1.5_001,1.5,SHORT,2024-01-15T09:10:00.000000000Z,21.400000000000308,0.700000000000145,6,1.5,TP_HIT,19.900000000000308,1.35,PARTIAL_PLUS_TP,1.5,0.9,False
SHORT_1.5_001,1.5,SHORT,2024-01-15T09:11:00.000000000Z,21.700000000000053,0.40000000000040004,5,1.5,TP_HIT,20.200000000000053,1.35,PARTIAL_PLUS_TP,1.5,0.9,False
SHORT_1.5_001,1.5,SHORT,2024-01-15T09:12:00.000000000Z,21.999999999999797,0.10000000000065512,1,1.5,TP_HIT,20.499999999999797,1.35,PARTIAL_PLUS_TP,1.5,0.9,False
SHORT_1.5_001,1.5,SHORT,2024-01-15T09:13:00.000000000Z,20.299999999999763,1.80000000000069,5,1.5,TP_HIT,18.799999999999763,1.2000000000000002,PARTIAL_THEN_SL,1.5,0.9,False
SHORT_1.5_001,1.5,SHORT,2024-01-15T09:14:00.000000000Z,21.299999999999653,0.8000000000008001,2,1.5,TP_HIT,19.799999999999653,1.35,PARTIAL_PLUS_TP,1.5,0.9,False
SHORT_1.5_001,1.5,SHORT,2024-01-15T09:15:00.000000000Z,20.599999999999508,1.500000000000945,3,1.5,TP_HIT,19.099999999999508,1.2000000000000002,PARTIAL_THEN_SL,1.5,0.9,False
SHORT_1.5_001,1.5,SHORT,2024-01-15T09:16:00.000000000Z,19.599999999999618,2.500000000000835,19,-1.5,SL_HIT,18.099999999999618,-1.5,SL_HIT,1.5,0.9,True
SHORT_1.5_001,1.5,SHORT,2024-01-15T09:17:00.000000000Z,19.100000000000783,2.9999999999996696,18,-1.5,SL_HIT,17.600000000000783,-1.5,SL_HIT,1.5,0.9,True
SHORT_1.5_001,1.5,SHORT,2024-01-15T09:18:00.000000000Z,18.599999999999728,3.5000000000007248,17,-1.5,SL_HIT,17.099999999999728,-1.5,SL_HIT,1.5,0.9,True
SHORT_1.5_001,1.5,SHORT,2024-01-15T09:19:00.000000000Z,19.599999999999618,2.500000000000835,16,-1.5,SL_HIT,18.099999999999618,-1.5,SL_HIT,1.5,0.9,True
SHORT_1.5_001,1.5,SHORT,2024-01-15T09:20:00.000000000Z,19.299999999999873,2.80000000000058,15,-1.5,SL_HIT,17.799999999999873,-1.5,SL_HIT,1.5,0.9,True
SHORT_1.5_001,1.5,SHORT,2024-01-15T09:21:00.000000000Z,20.999999999999908,1.100000000000545,4,1.5,TP_HIT,19.499999999999908,1.35,PARTIAL_PLUS_TP,1.5,0.9,False
SHORT_1.5_001,1.5,SHORT,2024-01-15T09:22:00.000000000Z,20.899999999999253,1.2000000000012,12,1.5,TP_HIT,19.399999999999253,1.35,PARTIAL_PLUS_TP,1.5,0.9,False
SHORT_1.5_001,1.5,SHORT,2024-01-15T09:23:00.000000000Z,20.400000000000418,1.7000000000000348,11,-1.5,SL_HIT,18.900000000000418,-1.5,SL_HIT,1.5,0.9,True
SHORT_1.5_001,1.5,SHORT,2024-01-15T09:24:00.000000000Z,20.199999999999108,1.900000000001345,10,-1.5,SL_HIT,18.699999999999108,-1.5,SL_HIT,1.5,0.9,True
SHORT_1.5_001,1.5,SHORT,2024-01-15T09:25:00.000000000Z,19.400000000000528,2.6999999999999247,10,-1.5,SL_HIT,17.900000000000528,-1.5,SL_HIT,1.5,0.9,True
SHORT_1.5_001,1.5,SHORT,2024-01-15T09:26:00.000000000Z,20.599999999999508,1.500000000000945,8,-1.5,SL_HIT,19.099999999999508,-1.5,SL_HIT,1.5,0.9,True
SHORT_1.5_001,1.5,SHORT,2024-01-15T09:27:00.000000000Z,20.599999999999508,1.500000000000945,7,-1.5,SL_HIT,19.099999999999508,-1.5,SL_HIT,1.5,0.9,True
SHORT_1.5_001,1.5,SHORT,2024-01-15T09:28:00.000000000Z,20.199999999999108,1.900000000001345,6,-1.5,SL_HIT,18.699999999999108,-1.5,SL_HIT,1.5,0.9,True
SHORT_1.5_001,1.5,SHORT,2024-01-15T09:29:00.000000000Z,20.100000000000673,1.9999999999997797,5,-1.5,SL_HIT,18.600000000000673,-1.5,SL_HIT,1.5,0.9,True
SHORT_1.5_001,1.5,SHORT,2024-01-15T09:30:00.000000000Z,22.100000000000453,0.0,1,1.5,TP_HIT,20.600000000000453,1.35,PARTIAL_PLUS_TP,1.5,0.9,False
SHORT_1.5_001,1.5,SHORT,2024-01-15T09:31:00.000000000Z,20.599999999999508,0.0,3,1.5,TP_HIT,19.099999999999508,1.35,PARTIAL_PLUS_TP,1.5,0.9,False
SHORT_1.5_001,1.5,SHORT,2024-01-15T09:32:00.000000000Z,20.199999999999108,0.0,2,1.5,TP_HIT,18.699999999999108,1.35,PARTIAL_PLUS_TP,1.5,0.9,False
SHORT_1.5_001,1.5,SHORT,2024-01-15T09:33:00.000000000Z,20.199999999999108,0.0,1,1.5,TP_HIT,18.699999999999108,1.35,PARTIAL_PLUS_TP,1.5,0.9,False
SHORT_1.5_001,1.5,SHORT,2024-01-15T09:34:00.000000000Z,18.400000000000638,0.0,1,1.5,TP_HIT,16.900000000000638,1.35,PARTIAL_PLUS_TP,1.5,0.9,False
SHORT_1.5_001,1.5,SHORT,2024-01-15T09:35:00.000000000Z,15.899999999999803,0.0,2,1.5,TP_HIT,14.399999999999803,1.35,PARTIAL_PLUS_TP,1.5,0.9,False
SHORT_1.5_001,1.5,SHORT,2024-01-15T09:36:00.000000000Z,15.799999999999148,0.0,1,1.5,TP_HIT,14.299999999999148,1.35,PARTIAL_PLUS_TP,1.5,0.9,False
SHORT_1.5_001,1.5,SHORT,2024-01-15T09:37:00.000000000Z,12.600000000000389,1.5999999999993797,10,1.5,TP_HIT,11.100000000000389,1.2000000000000002,PARTIAL_THEN_SL,1.5,0.9,False
SHORT_1.5_001,1.5,SHORT,2024-01-15T09:38:00.000000000Z,11.300000000000754,2.8999999999990145,24,-1.5,SL_HIT,9.800000000000754,-1.5,SL_HIT,1.5,0.9,True
SHORT_1.5_001,1.5,SHORT,2024-01-15T09:39:00.000000000Z,13.499999999999623,0.700000000000145,8,1.5,TP_HIT,11.999999999999623,1.35,PARTIAL_PLUS_TP,1.5,0.9,False
SHORT_1.5_001,1.5,SHORT,2024-01-15T09:40:00.000000000Z,13.199999999999878,0.9999999999998899,7,1.5,TP_HIT,11.699999999999878,1.35,PARTIAL_PLUS_TP,1.5,0.9,False
SHORT_1.5_001,1.5,SHORT,2024-01-15T09:41:00.000000000Z,13.699999999998713,0.5000000000010552,3,1.5,TP_HIT,12.199999999998713,1.35,PARTIAL_PLUS_TP,1.5,0.9,False
SHORT_1.5_001,1.5,SHORT,2024-01-15T09:42:00.000000000Z,13.300000000000534,0.8999999999992347,5,1.5,TP_HIT,11.800000000000534,1.35,PARTIAL_PLUS_TP,1.5,0.9,False
SHORT_1.5_001,1.5,SHORT,2024-01-15T09:43:00.000000000Z,13.000000000000789,1.1999999999989797,4,1.5,TP_HIT,11.500000000000789,1.35,PARTIAL_PLUS_TP,1.5,0.9,False
SHORT_1.5_001,1.5,SHORT,2024-01-15T09:44:00.000000000Z,12.000000000000899,2.1999999999988695,3,1.5,TP_HIT,10.500000000000899,1.2000000000000002,PARTIAL_THEN_SL,1.5,0.9,False
SHORT_1.5_001,1.5,SHORT,2024-01-15T09:45:00.000000000Z,13.000000000000789,1.1999999999989797,2,1.5,TP_HIT,11.500000000000789,1.35,PARTIAL_PLUS_TP,1.5,0.9,False
SHORT_1.5_001,1.5,SHORT,2024-01-15T09:46:00.000000000Z,12.699999999998823,1.500000000000945,1,1.5,TP_HIT,11.199999999998823,1.2000000000000002,PARTIAL_THEN_SL,1.5,0.9,False
SHORT_1.5_001,1.5,SHORT,2024-01-15T09:47:00.000000000Z,10.499999999999954,3.6999999999998145,16,-1.5,SL_HIT,8.999999999999954,-1.5,SL_HIT,1.5,0.9,True
SHORT_1.5_001,1.5,SHORT,2024-01-15T09:48:00.000000000Z,11.399999999999189,2.80000000000058,14,-1.5,SL_HIT,9.899999999999189,-1.5,SL_HIT,1.5,0.9,True
SHORT_1.5_001,1.5,SHORT,2024-01-15T09:49:00.000000000Z,13.199999999999878,0.9999999999998899,2,1.5,TP_HIT,11.699999999999878,1.35,PARTIAL_PLUS_TP,1.5,0.9,False
SHORT_1.5_001,1.5,SHORT,2024-01-15T09:50:00.000000000Z,12.300000000000644,1.8999999999991246,1,1.5,TP_HIT,10.800000000000644,1.2000000000000002,PARTIAL_THEN_SL,1.5,0.9,False
SHORT_1.5_001,1.5,SHORT,2024-01-15T09:51:00.000000000Z,10.799999999999699,3.4000000000000696,11,-1.5,SL_HIT,9.299999999999699,-1.5,SL_HIT,1.5,0.9,True
SHORT_1.5_001,1.5,SHORT,2024-01-15T09:52:00.000000000Z,11.200000000000099,2.9999999999996696,10,-1.5,SL_HIT,9.700000000000099,-1.5,SL_HIT,1.5,0.9,True
SHORT_1.5_001,1.5,SHORT,2024-01-15T09:53:00.000000000Z,11.799999999999589,2.4000000000001798,9,-1.5,SL_HIT,10.299999999999589,-1.5,SL_HIT,1.5,0.9,True
SHORT_1.5_001,1.5,SHORT,2024-01-15T09:54:00.000000000Z,12.199999999999989,1.9999999999997797,6,-1.5,SL_HIT,10.699999999999989,-1.5,SL_HIT,1.5,0.9,True
SHORT_1.5_001,1.5,SHORT,2024-01-15T09:55:00.000000000Z,14.199999999999768,0.0,3,1.5,TP_HIT,12.699999999999768,1.35,PARTIAL_PLUS_TP,1.5,0.9,False
SHORT_1.5_001,1.5,SHORT,2024-01-15T09:56:00.000000000Z,14.000000000000679,0.0,2,1.5,TP_HIT,12.500000000000679,1.35,PARTIAL_PLUS_TP,1.5,0.9,False
SHORT_1.5_001,1.5,SHORT,2024-01-15T09:57:00.000000000Z,13.000000000000789,0.0,3,1.5,TP_HIT,11.500000000000789,1.35,PARTIAL_PLUS_TP,1.5,0.9,False
SHORT_1.5_001,1.5,SHORT,2024-01-15T09:58:00.000000000Z,12.199999999999989,2.100000000000435,2,1.5,TP_HIT,10.699999999999989,1.2000000000000002,PARTIAL_THEN_SL,1.5,0.9,False
SHORT_1.5_001,1.5,SHORT,2024-01-15T09:59:00.000000000Z,13.000000000000789,1.2999999999996348,1,1.5,TP_HIT,11.500000000000789,1.35,PARTIAL_PLUS_TP,1.5,0.9,False
SHORT_1.5_001,1.5,SHORT,2024-01-15T10:00:00.000000000Z,10.300000000000864,4.799999999998139,3,1.5,TP_HIT,8.800000000000864,1.2000000000000002,PARTIAL_THEN_SL,1.5,0.9,False
SHORT_1.5_001,1.5,SHORT,2024-01-15T10:01:00.000000000Z,10.300000000000864,4.799999999998139,2,1.5,TP_HIT,8.800000000000864,1.2000000000000002,PARTIAL_THEN_SL,1.5,0.9,False
SHORT_1.5_001,1.5,SHORT,2024-01-15T10:02:00.000000000Z,9.200000000000319,5.899999999998684,2,1.5,TP_HIT,7.700000000000319,1.2000000000000002,PARTIAL_THEN_SL,1.5,0.9,False
SHORT_1.5_001,1.5,SHORT,2024-01-15T10:03:00.000000000Z,8.20000000000043,6.899999999998574,1,1.5,TP_HIT,6.700000000000429,1.2000000000000002,PARTIAL_THEN_SL,1.5,0.9,False
SHORT_1.5_001,1.5,SHORT,2024-01-15T10:04:00.000000000Z,6.699999999999484,8.399999999999519,6,1.5,TP_HIT,5.199999999999484,1.2000000000000002,PARTIAL_THEN_SL,1.5,0.9,False
SHORT_1.5_001,1.5,SHORT,2024-01-15T10:05:00.000000000Z,7.200000000000539,7.899999999998464,4,1.5,TP_HIT,5.700000000000539,1.2000000000000002,PARTIAL_THEN_SL,1.5,0.9,False
SHORT_1.5_001,1.5,SHORT,2024-01-15T10:06:00.000000000Z,7.900000000000684,7.199999999998319,3,1.5,TP_HIT,6.400000000000684,1.2000000000000002,PARTIAL_THEN_SL,1.5,0.9,False
SHORT_1.5_001,1.5,SHORT,2024-01-15T10:07:00.000000000Z,7.699999999999374,7.399999999999629,2,1.5,TP_HIT,6.199999999999374,1.2000000000000002,PARTIAL_THEN_SL,1.5,0.9,False
SHORT_1.5_001,1.5,SHORT,2024-01-15T10:08:00.000000000Z,7.599999999998719,7.500000000000284,1,1.5,TP_HIT,6.099999999998719,1.2000000000000002,PARTIAL_THEN_SL,1.5,0.9,False
SHORT_1.5_001,1.5,SHORT,2024-01-15T10:09:00.000000000Z,5.599999999998939,9.500000000000064,3,1.5,TP_HIT,4.099999999998939,1.2000000000000002,PARTIAL_THEN_SL,1.5,0.9,False
SHORT_1.5_001,1.5,SHORT,2024-01-15T10:10:00.000000000Z,4.599999999999049,10.499999999999954,7,1.5,TP_HIT,3.0999999999990493,1.2000000000000002,PARTIAL_THEN_SL,1.5,0.9,False
SHORT_1.5_001,1.5,SHORT,2024-01-15T10:11:00.000000000Z,5.399999999999849,9.699999999999154,4,1.5,TP_HIT,3.8999999999998494,1.2000000000000002,PARTIAL_THEN_SL,1.5,0.9,False
SHORT_1.5_001,1.5,SHORT,2024-01-15T10:12:00.000000000Z,3.9999999999995595,11.099999999999444,5,1.5,TP_HIT,2.4999999999995595,1.2000000000000002,PARTIAL_THEN_SL,1.5,0.9,False
SHORT_1.5_001,1.5,SHORT,2024-01-15T10:13:00.000000000Z,4.20000000000087,10.899999999998133,4,1.5,TP_HIT,2.7000000000008697,1.2000000000000002,PARTIAL_THEN_SL,1.5,0.9,False
SHORT_1.5_001,1.5,SHORT,2024-01-15T10:14:00.000000000Z,4.899999999998794,10.200000000000209,2,1.5,TP_HIT,3.399999999998794,1.2000000000000002,PARTIAL_THEN_SL,1.5,0.9,False
SHORT_1.5_001,1.5,SHORT,2024-01-15T10:15:00.000000000Z,3.4000000000000696,11.699999999998933,3,1.5,TP_HIT,1.9000000000000696,1.2000000000000002,PARTIAL_THEN_SL,1.5,0.9,False
SHORT_1.5_001,1.5,SHORT,2024-01-15T10:16:00.000000000Z,3.1999999999987594,11.900000000000244,2,1.5,TP_HIT,1.6999999999987594,1.2000000000000002,PARTIAL_THEN_SL,1.5,0.9,False
SHORT_1.5_001,1.5,SHORT,2024-01-15T10:17:00.000000000Z,1.9999999999997797,13.099999999999223,1,1.5,TP_HIT,0.49999999999977973,1.2000000000000002,PARTIAL_THEN_SL,1.5,0.9,False
SHORT_1.5_001,1.5,SHORT,2024-01-15T10:18:00.000000000Z,0.2999999999997449,14.799999999999258,101,-1.5,SL_HIT,0.0,-1.5,SL_HIT,1.5,0.9,True
SHORT_1.5_002,1.5,SHORT,2024-01-15T10:30:00.000000000Z,3.1000000000003247,13.199999999999878,4,1.5,TP_HIT,1.6000000000003247,1.2000000000000002,PARTIAL_THEN_SL,1.5,0.9,False
SHORT_1.5_002,1.5,SHORT,2024-01-15T10:31:00.000000000Z,1.900000000001345,14.799999999999258,4,1.5,TP_HIT,0.40000000000134506,1.2000000000000002,PARTIAL_THEN_SL,1.5,0.9,False
SHORT_1.5_002,1.5,SHORT,2024-01-15T10:32:00.000000000Z,1.900000000001345,15.499999999999403,3,1.5,TP_HIT,0.40000000000134506,1.2000000000000002,PARTIAL_THEN_SL,1.5,0.9,False
SHORT_1.5_002,1.5,SHORT,2024-01-15T10:33:00.000000000Z,2.500000000000835,16.40000000000086,1,1.5,TP_HIT,1.0000000000008349,1.2000000000000002,PARTIAL_THEN_SL,1.5,0.9,False
SHORT_1.5_002,1.5,SHORT,2024-01-15T10:34:00.000000000Z,0.9000000000014552,18.599999999999728,101,-1.5,SL_HIT,0.0,-1.5,SL_HIT,1.5,0.9,True
SHORT_1.5_002,1.5,SHORT,2024-01-15T10:35:00.000000000Z,0.10000000000065512,19.400000000000528,101,-1.5,SL_HIT,0.0,-1.5,SL_HIT,1.5,0.9,True
SHORT_1.5_002,1.5,SHORT,2024-01-15T10:36:00.000000000Z,0.10000000000065512,19.400000000000528,101,-1.5,SL_HIT,0.0,-1.5,SL_HIT,1.5,0.9,True
SHORT_1.5_002,1.5,SHORT,2024-01-15T10:37:00.000000000Z,0.9000000000014552,19.799999999998708,101,-1.5,SL_HIT,0.0,-1.5,SL_HIT,1.5,0.9,True
SHORT_1.5_002,1.5,SHORT,2024-01-15T10:38:00.000000000Z,0.9000000000014552,20.400000000000418,101,-1.5,SL_HIT,0.0,-1.5,SL_HIT,1.5,0.9,True
SHORT_1.5_002,1.5,SHORT,2024-01-15T10:39:00.000000000Z,1.900000000001345,19.400000000000528,7,1.5,TP_HIT,0.40000000000134506,1.2000000000000002,PARTIAL_THEN_SL,1.5,0.9,False
SHORT_1.5_002,1.5,SHORT,2024-01-15T10:40:00.000000000Z,1.40000000000029,19.900000000001583,101,-1.5,SL_HIT,0.0,-1.5,SL_HIT,1.5,0.9,True
SHORT_1.5_002,1.5,SHORT,2024-01-15T10:41:00.000000000Z,1.3000000000018552,20.000000000000018,101,-1.5,SL_HIT,0.0,-1.5,SL_HIT,1.5,0.9,True
SHORT_1.5_002,1.5,SHORT,2024-01-15T10:42:00.000000000Z,1.7000000000000348,19.600000000001838,4,1.5,TP_HIT,0.20000000000003482,1.2000000000000002,PARTIAL_THEN_SL,1.5,0.9,False
SHORT_1.5_002,1.5,SHORT,2024-01-15T10:43:00.000000000Z,0.5000000000010552,20.800000000000818,101,-1.5,SL_HIT,0.0,-1.5,SL_HIT,1.5,0.9,True
SHORT_1.5_002,1.5,SHORT,2024-01-15T10:44:00.000000000Z,1.0000000000021103,20.299999999999763,101,-1.5,SL_HIT,0.0,-1.5,SL_HIT,1.5,0.9,True
SHORT_1.5_002,1.5,SHORT,2024-01-15T10:45:00.000000000Z,1.0000000000021103,20.299999999999763,101,-1.5,SL_HIT,0.0,-1.5,SL_HIT,1.5,0.9,True
SHORT_1.5_002,1.5,SHORT,2024-01-15T10:46:00.000000000Z,0.0,21.300000000001873,101,-1.5,SL_HIT,0.0,-1.5,SL_HIT,1.5,0.9,True
SHORT_1.5_003,1.5,SHORT,2024-01-15T11:25:00.000000000Z,2.4000000000001798,13.799999999999368,27,-1.5,SL_HIT,0.9000000000001798,-1.5,SL_HIT,1.5,0.9,True
SHORT_1.5_003,1.5,SHORT,2024-01-15T11:26:00.000000000Z,2.5999999999992696,13.600000000000279,26,-1.5,SL_HIT,1.0999999999992696,-1.5,SL_HIT,1.5,0.9,True
SHORT_1.5_003,1.5,SHORT,2024-01-15T11:27:00.000000000Z,2.8999999999990145,13.300000000000534,25,-1.5,SL_HIT,1.3999999999990145,-1.5,SL_HIT,1.5,0.9,True
SHORT_1.5_003,1.5,SHORT,2024-01-15T11:28:00.000000000Z,2.6999999999999247,13.499999999999623,24,-1.5,SL_HIT,1.1999999999999247,-1.5,SL_HIT,1.5,0.9,True
SHORT_1.5_003,1.5,SHORT,2024-01-15T11:29:00.000000000Z,4.3999999999999595,11.799999999999589,5,1.5,TP_HIT,2.8999999999999595,1.2000000000000002,PARTIAL_THEN_SL,1.5,0.9,False
SHORT_1.5_003,1.5,SHORT,2024-01-15T11:30:00.000000000Z,3.8000000000004697,12.399999999999078,4,1.5,TP_HIT,2.3000000000004697,1.2000000000000002,PARTIAL_THEN_SL,1.5,0.9,False
SHORT_1.5_003,1.5,SHORT,2024-01-15T11:31:00.000000000Z,4.599999999999049,11.600000000000499,3,1.5,TP_HIT,3.0999999999990493,1.2000000000000002,PARTIAL_THEN_SL,1.5,0.9,False
SHORT_1.5_003,1.5,SHORT,2024-01-15T11:32:00.000000000Z,4.8000000000003595,11.399999999999189,2,1.5,TP_HIT,3.3000000000003595,1.2000000000000002,PARTIAL_THEN_SL,1.5,0.9,False
SHORT_1.5_003,1.5,SHORT,2024-01-15T11:33:00.000000000Z,3.8000000000004697,12.399999999999078,1,1.5,TP_HIT,2.3000000000004697,1.2000000000000002,PARTIAL_THEN_SL,1.5,0.9,False
SHORT_1.5_003,1.5,SHORT,2024-01-15T11:34:00.000000000Z,2.100000000000435,14.099999999999113,18,-1.5,SL_HIT,0.6000000000004349,-1.5,SL_HIT,1.5,0.9,True
SHORT_1.5_003,1.5,SHORT,2024-01-15T11:35:00.000000000Z,2.1999999999988695,14.000000000000679,17,-1.5,SL_HIT,0.6999999999988695,-1.5,SL_HIT,1.5,0.9,True
SHORT_1.5_003,1.5,SHORT,2024-01-15T11:36:00.000000000Z,4.199999999998649,12.000000000000899,9,-1.5,SL_HIT,2.6999999999986493,-1.5,SL_HIT,1.5,0.9,True
SHORT_1.5_003,1.5,SHORT,2024-01-15T11:37:00.000000000Z,4.8000000000003595,11.399999999999189,8,-1.5,SL_HIT,3.3000000000003595,-1.5,SL_HIT,1.5,0.9,True
SHORT_1.5_003,1.5,SHORT,2024-01-15T11:38:00.000000000Z,6.099999999999994,10.099999999999554,3,1.5,TP_HIT,4.599999999999994,1.2000000000000002,PARTIAL_THEN_SL,1.5,0.9,False
SHORT_1.5_003,1.5,SHORT,2024-01-15T11:39:00.000000000Z,5.999999999999339,10.200000000000209,2,1.5,TP_HIT,4.499999999999339,1.2000000000000002,PARTIAL_THEN_SL,1.5,0.9,False
SHORT_1.5_003,1.5,SHORT,2024-01-15T11:40:00.000000000Z,6.899999999998574,9.300000000000974,1,1.5,TP_HIT,5.399999999998574,1.2000000000000002,PARTIAL_THEN_SL,1.5,0.9,False
SHORT_1.5_003,1.5,SHORT,2024-01-15T11:41:00.000000000Z,3.9999999999995595,12.199999999999989,4,1.5,TP_HIT,2.4999999999995595,1.2000000000000002,PARTIAL_THEN_SL,1.5,0.9,False
SHORT_1.5_003,1.5,SHORT,2024-01-15T11:42:00.000000000Z,4.100000000000215,12.099999999999334,3,1.5,TP_HIT,2.6000000000002146,1.2000000000000002,PARTIAL_THEN_SL,1.5,0.9,False
SHORT_1.5_003,1.5,SHORT,2024-01-15T11:43:00.000000000Z,4.599999999999049,11.600000000000499,2,1.5,TP_HIT,3.0999999999990493,1.2000000000000002,PARTIAL_THEN_SL,1.5,0.9,False
SHORT_1.5_003,1.5,SHORT,2024-01-15T11:44:00.000000000Z,4.3999999999999595,11.799999999999589,1,1.5,TP_HIT,2.8999999999999595,1.2000000000000002,PARTIAL_THEN_SL,1.5,0.9,False
SHORT_1.5_003,1.5,SHORT,2024-01-15T11:45:00.000000000Z,2.4000000000001798,13.799999999999368,7,-1.5,SL_HIT,0.9000000000001798,-1.5,SL_HIT,1.5,0.9,True
SHORT_1.5_003,1.5,SHORT,2024-01-15T11:46:00.000000000Z,1.40000000000029,14.799999999999258,101,-1.5,SL_HIT,0.0,-1.5,SL_HIT,1.5,0.9,True
SHORT_1.5_003,1.5,SHORT,2024-01-15T11:47:00.000000000Z,3.9999999999995595,12.199999999999989,4,1.5,TP_HIT,2.4999999999995595,1.2000000000000002,PARTIAL_THEN_SL,1.5,0.9,False
SHORT_1.5_003,1.5,SHORT,2024-01-15T11:48:00.000000000Z,4.100000000000215,12.099999999999334,1,1.5,TP_HIT,2.6000000000002146,1.2000000000000002,PARTIAL_THEN_SL,1.5,0.9,False
SHORT_1.5_003,1.5,SHORT,2024-01-15T11:49:00.000000000Z,2.5999999999992696,13.600000000000279,3,1.5,TP_HIT,1.0999999999992696,1.2000000000000002,PARTIAL_THEN_SL,1.5,0.9,False
SHORT_1.5_003,1.5,SHORT,2024-01-15T11:50:00.000000000Z,2.5999999999992696,13.600000000000279,2,1.5,TP_HIT,1.0999999999992696,1.2000000000000002,PARTIAL_THEN_SL,1.5,0.9,False
SHORT_1.5_003,1.5,SHORT,2024-01-15T11:51:00.000000000Z,2.4999999999986144,13.700000000000934,1,1.5,TP_HIT,0.9999999999986144,1.2000000000000002,PARTIAL_THEN_SL,1.5,0.9,False
SHORT_1.5_003,1.5,SHORT,2024-01-15T11:52:00.000000000Z,0.0,16.199999999999548,101,-1.5,SL_HIT,0.0,-1.5,SL_HIT,1.5,0.9,True
SHORT_1.5_003,1.5,SHORT,2024-01-15T11:53:00.000000000Z,0.0,15.600000000000058,101,-1.5,SL_HIT,0.0,-1.5,SL_HIT,1.5,0.9,True
SHORT_1.5_003,1.5,SHORT,2024-01-15T11:54:00.000000000Z,0.0,15.400000000000968,101,-1.5,SL_HIT,0.0,-1.5,SL_HIT,1.5,0.9,True
SHORT_1.5_003,1.5,SHORT,2024-01-15T11:55:00.000000000Z,0.0,15.100000000001224,101,-1.5,SL_HIT,0.0,-1.5,SL_HIT,1.5,0.9,True
SHORT_1.5_003,1.5,SHORT,2024-01-15T11:56:00.000000000Z,0.0,13.600000000000279,101,-1.5,SL_HIT,0.0,-1.5,SL_HIT,1.5,0.9,True
SHORT_1.5_003,1.5,SHORT,2024-01-15T11:57:00.000000000Z,1.500000000000945,11.900000000000244,4,1.5,TP_HIT,9.450218385609332e-13,1.2000000000000002,PARTIAL_THEN_SL,1.5,0.9,False
SHORT_1.5_003,1.5,SHORT,2024-01-15T11:58:00.000000000Z,2.000000000002,11.399999999999189,2,1.5,TP_HIT,0.5000000000020002,1.2000000000000002,PARTIAL_THEN_SL,1.5,0.9,False
SHORT_1.5_003,1.5,SHORT,2024-01-15T11:59:00.000000000Z,0.6000000000017103,12.799999999999478,101,-1.5,SL_HIT,0.0,-1.5,SL_HIT,1.5,0.9,True
SHORT_1.5_003,1.5,SHORT,2024-01-15T12:00:00.000000000Z,0.30000000000196536,13.099999999999223,101,-1.5,SL_HIT,0.0,-1.5,SL_HIT,1.5,0.9,True
SHORT_1.5_003,1.5,SHORT,2024-01-15T12:01:00.000000000Z,0.0,13.400000000001189,101,-1.5,SL_HIT,0.0,-1.5,SL_HIT,1.5,0.9,True
SHORT_1.5_003,1.5,SHORT,2024-01-15T12:02:00.000000000Z,0.20000000000131024,13.199999999999878,101,-1.5,SL_HIT,0.0,-1.5,SL_HIT,1.5,0.9,True
SHORT_1.5_003,1.5,SHORT,2024-01-15T12:03:00.000000000Z,0.0,13.400000000001189,101,-1.5,SL_HIT,0.0,-1.5,SL_HIT,1.5,0.9,True
SHORT_1.5_003,1.5,SHORT,2024-01-15T12:04:00.000000000Z,3.5000000000007248,9.900000000000464,65,-1.5,SL_HIT,2.0000000000007248,-1.5,SL_HIT,1.5,0.9,True
SHORT_1.5_003,1.5,SHORT,2024-01-15T12:05:00.000000000Z,5.00000000000167,8.399999999999519,28,-1.5,SL_HIT,3.5000000000016698,-1.5,SL_HIT,1.5,0.9,True
SHORT_1.5_003,1.5,SHORT,2024-01-15T12:06:00.000000000Z,4.700000000001925,8.699999999999264,27,-1.5,SL_HIT,3.200000000001925,-1.5,SL_HIT,1.5,0.9,True
SHORT_1.5_003,1.5,SHORT,2024-01-15T12:07:00.000000000Z,4.20000000000087,9.200000000000319,26,-1.5,SL_HIT,2.7000000000008697,-1.5,SL_HIT,1.5,0.9,True
SHORT_1.5_003,1.5,SHORT,2024-01-15T12:08:00.000000000Z,4.60000000000127,8.799999999999919,25,-1.5,SL_HIT,3.1000000000012697,-1.5,SL_HIT,1.5,0.9,True
SHORT_1.5_003,1.5,SHORT,2024-01-15T12:09:00.000000000Z,6.500000000000394,6.900000000000794,21,-1.5,SL_HIT,5.000000000000394,-1.5,SL_HIT,1.5,0.9,True
SHORT_1.5_003,1.5,SHORT,2024-01-15T12:10:00.000000000Z,6.800000000000139,6.6000000000010495,20,-1.5,SL_HIT,5.300000000000139,-1.5,SL_HIT,1.5,0.9,True
SHORT_1.5_003,1.5,SHORT,2024-01-15T12:11:00.000000000Z,7.200000000000539,6.200000000000649,19,-1.5,SL_HIT,5.700000000000539,-1.5,SL_HIT,1.5,0.9,True
SHORT_1.5_003,1.5,SHORT,2024-01-15T12:12:00.000000000Z,7.900000000000684,5.5000000000005045,16,-1.5,SL_HIT,6.400000000000684,-1.5,SL_HIT,1.5,0.9,True
SHORT_1.5_003,1.5,SHORT,2024-01-15T12:13:00.000000000Z,9.40000000000163,3.9999999999995595,10,-1.5,SL_HIT,7.900000000001629,-1.5,SL_HIT,1.5,0.9,True
SHORT_1.5_003,1.5,SHORT,2024-01-15T12:14:00.000000000Z,10.000000000001119,3.4000000000000696,9,-1.5,SL_HIT,8.500000000001119,-1.5,SL_HIT,1.5,0.9,True
SHORT_1.5_003,1.5,SHORT,2024-01-15T12:15:00.000000000Z,10.000000000001119,3.4000000000000696,8,-1.5,SL_HIT,8.500000000001119,-1.5,SL_HIT,1.5,0.9,True
SHORT_1.5_003,1.5,SHORT,2024-01-15T12:16:00.000000000Z,9.900000000000464,3.5000000000007248,7,-1.5,SL_HIT,8.400000000000464,-1.5,SL_HIT,1.5,0.9,True
SHORT_1.5_003,1.5,SHORT,2024-01-15T12:17:00.000000000Z,11.200000000000099,2.20000000000109,2,1.5,TP_HIT,9.700000000000099,1.2000000000000002,PARTIAL_THEN_SL,1.5,0.9,False
SHORT_1.5_003,1.5,SHORT,2024-01-15T12:18:00.000000000Z,11.800000000001809,1.5999999999993797,1,1.5,TP_HIT,10.300000000001809,1.2000000000000002,PARTIAL_THEN_SL,1.5,0.9,False
SHORT_1.5_003,1.5,SHORT,2024-01-15T12:19:00.000000000Z,9.500000000000064,3.900000000001125,4,1.5,TP_HIT,8.000000000000064,1.2000000000000002,PARTIAL_THEN_SL,1.5,0.9,False
SHORT_1.5_003,1.5,SHORT,2024-01-15T12:20:00.000000000Z,9.600000000000719,3.8000000000004697,3,1.5,TP_HIT,8.100000000000719,1.2000000000000002,PARTIAL_THEN_SL,1.5,0.9,False
SHORT_1.5_003,1.5,SHORT,2024-01-15T12:21:00.000000000Z,10.200000000000209,3.20000000000098,2,1.5,TP_HIT,8.700000000000209,1.2000000000000002,PARTIAL_THEN_SL,1.5,0.9,False
SHORT_1.5_003,1.5,SHORT,2024-01-15T12:22:00.000000000Z,9.200000000000319,4.20000000000087,1,1.5,TP_HIT,7.700000000000319,1.2000000000000002,PARTIAL_THEN_SL,1.5,0.9,False
SHORT_1.5_003,1.5,SHORT,2024-01-15T12:23:00.000000000Z,7.600000000000939,5.800000000000249,5,1.5,TP_HIT,6.100000000000939,1.2000000000000002,PARTIAL_THEN_SL,1.5,0.9,False
SHORT_1.5_003,1.5,SHORT,2024-01-15T12:24:00.000000000Z,7.200000000000539,6.200000000000649,6,-1.5,SL_HIT,5.700000000000539,-1.5,SL_HIT,1.5,0.9,True
SHORT_1.5_003,1.5,SHORT,2024-01-15T12:25:00.000000000Z,7.999999999999119,6.6000000000010495,5,-1.5,SL_HIT,6.499999999999119,-1.5,SL_HIT,1.5,0.9,True
SHORT_1.5_003,1.5,SHORT,2024-01-15T12:26:00.000000000Z,12.100000000001554,4.699999999999704,1,1.5,TP_HIT,10.600000000001554,1.2000000000000002,PARTIAL_THEN_SL,1.5,0.9,False
SHORT_1.5_003,1.5,SHORT,2024-01-15T12:27:00.000000000Z,10.499999999999954,6.800000000000139,3,1.5,TP_HIT,8.999999999999954,1.2000000000000002,PARTIAL_THEN_SL,1.5,0.9,False
SHORT_1.5_003,1.5,SHORT,2024-01-15T12:28:00.000000000Z,10.399999999999299,7.600000000000939,5,1.5,TP_HIT,8.899999999999299,1.2000000000000002,PARTIAL_THEN_SL,1.5,0.9,False
SHORT_1.5_003,1.5,SHORT,2024-01-15T12:29:00.000000000Z,10.399999999999299,7.600000000000939,4,1.5,TP_HIT,8.899999999999299,1.2000000000000002,PARTIAL_THEN_SL,1.5,0.9,False
SHORT_1.5_003,1.5,SHORT,2024-01-15T12:30:00.000000000Z,9.200000000000319,8.799999999999919,3,1.5,TP_HIT,7.700000000000319,1.2000000000000002,PARTIAL_THEN_SL,1.5,0.9,False
SHORT_1.5_003,1.5,SHORT,2024-01-15T12:31:00.000000000Z,8.999999999999009,9.00000000000123,2,1.5,TP_HIT,7.499999999999009,1.2000000000000002,PARTIAL_THEN_SL,1.5,0.9,False
SHORT_1.5_003,1.5,SHORT,2024-01-15T12:32:00.000000000Z,9.200000000000319,8.799999999999919,1,1.5,TP_HIT,7.700000000000319,1.2000000000000002,PARTIAL_THEN_SL,1.5,0.9,False
SHORT_1.5_003,1.5,SHORT,2024-01-15T12:33:00.000000000Z,6.800000000000139,11.200000000000099,36,-1.5,SL_HIT,5.300000000000139,-1.5,SL_HIT,1.5,0.9,True
SHORT_1.5_003,1.5,SHORT,2024-01-15T12:34:00.000000000Z,11.300000000000754,6.999999999999229,4,1.5,TP_HIT,9.800000000000754,1.2000000000000002,PARTIAL_THEN_SL,1.5,0.9,False
SHORT_1.5_003,1.5,SHORT,2024-01-15T12:35:00.000000000Z,10.300000000000864,7.999999999999119,3,1.5,TP_HIT,8.800000000000864,1.2000000000000002,PARTIAL_THEN_SL,1.5,0.9,False
SHORT_1.5_003,1.5,SHORT,2024-01-15T12:36:00.000000000Z,10.999999999998789,7.300000000001194,2,1.5,TP_HIT,9.499999999998789,1.2000000000000002,PARTIAL_THEN_SL,1.5,0.9,False
SHORT_1.5_003,1.5,SHORT,2024-01-15T12:37:00.000000000Z,10.099999999999554,8.20000000000043,1,1.5,TP_HIT,8.599999999999554,1.2000000000000002,PARTIAL_THEN_SL,1.5,0.9,False
SHORT_1.5_003,1.5,SHORT,2024-01-15T12:38:00.000000000Z,8.099999999999774,10.200000000000209,31,-1.5,SL_HIT,6.599999999999774,-1.5,SL_HIT,1.5,0.9,True
SHORT_1.5_003,1.5,SHORT,2024-01-15T12:39:00.000000000Z,12.199999999999989,6.6000000000010495,25,-1.5,SL_HIT,10.699999999999989,-1.5,SL_HIT,1.5,0.9,True
SHORT_1.5_003,1.5,SHORT,2024-01-15T12:40:00.000000000Z,16.20000000000177,2.5999999999992696,6,-1.5,SL_HIT,14.700000000001769,-1.5,SL_HIT,1.5,0.9,True
SHORT_1.5_003,1.5,SHORT,2024-01-15T12:41:00.000000000Z,19.000000000000128,0.0,1,1.5,TP_HIT,17.500000000000128,1.35,PARTIAL_PLUS_TP,1.5,0.9,False
SHORT_1.5_003,1.5,SHORT,2024-01-15T12:42:00.000000000Z,16.099999999998893,1.7000000000000348,4,-1.5,SL_HIT,14.599999999998893,-1.5,SL_HIT,1.5,0.9,True
SHORT_1.5_003,1.5,SHORT,2024-01-15T12:43:00.000000000Z,17.599999999999838,0.1999999999990898,1,1.5,TP_HIT,16.099999999999838,1.35,PARTIAL_PLUS_TP,1.5,0.9,False
SHORT_1.5_003,1.5,SHORT,2024-01-15T12:44:00.000000000Z,15.199999999999658,2.5999999999992696,2,1.5,TP_HIT,13.699999999999658,1.2000000000000002,PARTIAL_THEN_SL,1.5,0.9,False
SHORT_1.5_003,1.5,SHORT,2024-01-15T12:45:00.000000000Z,15.000000000000568,2.7999999999983594,1,1.5,TP_HIT,13.500000000000568,1.2000000000000002,PARTIAL_THEN_SL,1.5,0.9,False
SHORT_1.5_003,1.5,SHORT,2024-01-15T12:46:00.000000000Z,13.399999999998968,4.3999999999999595,14,-1.5,SL_HIT,11.899999999998968,-1.5,SL_HIT,1.5,0.9,True
SHORT_1.5_003,1.5,SHORT,2024-01-15T12:47:00.000000000Z,14.399999999998858,3.4000000000000696,13,-1.5,SL_HIT,12.899999999998858,-1.5,SL_HIT,1.5,0.9,True
SHORT_1.5_003,1.5,SHORT,2024-01-15T12:48:00.000000000Z,14.799999999999258,2.9999999999996696,12,-1.5,SL_HIT,13.299999999999258,-1.5,SL_HIT,1.5,0.9,True
SHORT_1.5_003,1.5,SHORT,2024-01-15T12:49:00.000000000Z,16.199999999999548,1.5999999999993797,8,-1.5,SL_HIT,14.699999999999548,-1.5,SL_HIT,1.5,0.9,True
SHORT_1.5_003,1.5,SHORT,2024-01-15T12:50:00.000000000Z,17.100000000001003,0.6999999999979245,1,1.5,TP_HIT,15.600000000001003,1.35,PARTIAL_PLUS_TP,1.5,0.9,False
SHORT_1.5_003,1.5,SHORT,2024-01-15T12:51:00.000000000Z,15.600000000000058,2.1999999999988695,6,-1.5,SL_HIT,14.100000000000058,-1.5,SL_HIT,1.5,0.9,True
SHORT_1.5_003,1.5,SHORT,2024-01-15T12:52:00.000000000Z,16.799999999999038,0.9999999999998899,5,1.5,TP_HIT,15.299999999999038,1.35,PARTIAL_PLUS_TP,1.5,0.9,False
SHORT_1.5_003,1.5,SHORT,2024-01-15T12:53:00.000000000Z,17.799999999998928,0.0,3,1.5,TP_HIT,16.299999999998928,1.35,PARTIAL_PLUS_TP,1.5,0.9,False
SHORT_1.5_003,1.5,SHORT,2024-01-15T12:54:00.000000000Z,17.799999999998928,0.0,2,1.5,TP_HIT,16.299999999998928,1.35,PARTIAL_PLUS_TP,1.5,0.9,False
SHORT_1.5_003,1.5,SHORT,2024-01-15T12:55:00.000000000Z,16.40000000000086,0.0,2,1.5,TP_HIT,14.900000000000858,1.35,PARTIAL_PLUS_TP,1.5,0.9,False
SHORT_1.5_003,1.5,SHORT,2024-01-15T12:56:00.000000000Z,16.00000000000046,0.0,1,1.5,TP_HIT,14.500000000000458,1.35,PARTIAL_PLUS_TP,1.5,0.9,False
SHORT_1.5_003,1.5,SHORT,2024-01-15T12:57:00.000000000Z,13.600000000000279,0.9999999999998899,3,1.5,TP_HIT,12.100000000000279,1.35,PARTIAL_PLUS_TP,1.5,0.9,False
SHORT_1.5_003,1.5,SHORT,2024-01-15T12:58:00.000000000Z,14.000000000000679,0.5999999999994898,2,1.5,TP_HIT,12.500000000000679,1.35,PARTIAL_PLUS_TP,1.5,0.9,False
SHORT_1.5_003,1.5,SHORT,2024-01-15T12:59:00.000000000Z,14.600000000000168,0.0,1,1.5,TP_HIT,13.100000000000168,1.35,PARTIAL_PLUS_TP,1.5,0.9,False
SHORT_1.5_003,1.5,SHORT,2024-01-15T13:00:00.000000000Z,11.699999999998933,1.6000000000016001,6,1.5,TP_HIT,10.199999999998933,1.2000000000000002,PARTIAL_THEN_SL,1.5,0.9,False
SHORT_1.5_003,1.5,SHORT,2024-01-15T13:01:00.000000000Z,13.000000000000789,0.2999999999997449,3,1.5,TP_HIT,11.500000000000789,1.35,PARTIAL_PLUS_TP,1.5,0.9,False
SHORT_1.5_003,1.5,SHORT,2024-01-15T13:02:00.000000000Z,12.600000000000389,0.700000000000145,2,1.5,TP_HIT,11.100000000000389,1.35,PARTIAL_PLUS_TP,1.5,0.9,False
SHORT_1.5_003,1.5,SHORT,2024-01-15T13:03:00.000000000Z,11.600000000000499,1.7000000000000348,3,1.5,TP_HIT,10.100000000000499,1.2000000000000002,PARTIAL_THEN_SL,1.5,0.9,False
SHORT_1.5_003,1.5,SHORT,2024-01-15T13:04:00.000000000Z,10.200000000000209,3.1000000000003247,4,1.5,TP_HIT,8.700000000000209,1.2000000000000002,PARTIAL_THEN_SL,1.5,0.9,False
SHORT_1.5_003,1.5,SHORT,2024-01-15T13:05:00.000000000Z,11.600000000000499,1.7000000000000348,1,1.5,TP_HIT,10.100000000000499,1.2000000000000002,PARTIAL_THEN_SL,1.5,0.9,False
SHORT_1.5_003,1.5,SHORT,2024-01-15T13:06:00.000000000Z,9.999999999998899,3.300000000001635,2,1.5,TP_HIT,8.499999999998899,1.2000000000000002,PARTIAL_THEN_SL,1.5,0.9,False
SHORT_1.5_003,1.5,SHORT,2024-01-15T13:07:00.000000000Z,9.600000000000719,3.6999999999998145,2,1.5,TP_HIT,8.100000000000719,1.2000000000000002,PARTIAL_THEN_SL,1.5,0.9,False
SHORT_1.5_003,1.5,SHORT,2024-01-15T13:08:00.000000000Z,8.20000000000043,5.1000000000001044,1,1.5,TP_HIT,6.700000000000429,1.2000000000000002,PARTIAL_THEN_SL,1.5,0.9,False
SHORT_1.5_003,1.5,SHORT,2024-01-15T13:09:00.000000000Z,5.599999999998939,7.7000000000015945,57,-1.5,SL_HIT,4.099999999998939,-1.5,SL_HIT,1.5,0.9,True
SHORT_1.5_003,1.5,SHORT,2024-01-15T13:10:00.000000000Z,7.399999999999629,5.9000000000009045,55,-1.5,SL_HIT,5.899999999999629,-1.5,SL_HIT,1.5,0.9,True
SHORT_1.5_003,1.5,SHORT,2024-01-15T13:11:00.000000000Z,8.799999999999919,4.500000000000615,2,1.5,TP_HIT,7.299999999999919,1.2000000000000002,PARTIAL_THEN_SL,1.5,0.9,False
SHORT_1.5_003,1.5,SHORT,2024-01-15T13:12:00.000000000Z,7.600000000000939,5.699999999999594,53,-1.5,SL_HIT,6.100000000000939,-1.5,SL_HIT,1.5,0.9,True
SHORT_1.5_003,1.5,SHORT,2024-01-15T13:13:00.000000000Z,6.800000000000139,6.500000000000394,52,-1.5,SL_HIT,5.300000000000139,-1.5,SL_HIT,1.5,0.9,True
SHORT_1.5_003,1.5,SHORT,2024-01-15T13:14:00.000000000Z,6.800000000000139,6.500000000000394,51,-1.5,SL_HIT,5.300000000000139,-1.5,SL_HIT,1.5,0.9,True
SHORT_1.5_003,1.5,SHORT,2024-01-15T13:15:00.000000000Z,6.200000000000649,7.099999999999884,50,-1.5,SL_HIT,4.700000000000649,-1.5,SL_HIT,1.5,0.9,True
SHORT_1.5_003,1.5,SHORT,2024-01-15T13:16:00.000000000Z,8.399999999999519,4.900000000001015,49,-1.5,SL_HIT,6.899999999999519,-1.5,SL_HIT,1.5,0.9,True
SHORT_1.5_003,1.5,SHORT,2024-01-15T13:17:00.000000000Z,9.399999999999409,3.900000000001125,47,-1.5,SL_HIT,7.899999999999409,-1.5,SL_HIT,1.5,0.9,True
SHORT_1.5_003,1.5,SHORT,2024-01-15T13:18:00.000000000Z,9.300000000000974,3.9999999999995595,46,-1.5,SL_HIT,7.800000000000974,-1.5,SL_HIT,1.5,0.9,True
SHORT_1.5_003,1.5,SHORT,2024-01-15T13:19:00.000000000Z,11.200000000000099,2.100000000000435,3,1.5,TP_HIT,9.700000000000099,1.2000000000000002,PARTIAL_THEN_SL,1.5,0.9,False
SHORT_1.5_003,1.5,SHORT,2024-01-15T13:20:00.000000000Z,11.200000000000099,2.100000000000435,2,1.5,TP_HIT,9.700000000000099,1.2000000000000002,PARTIAL_THEN_SL,1.5,0.9,False
SHORT_1.5_003,1.5,SHORT,2024-01-15T13:21:00.000000000Z,11.200000000000099,2.100000000000435,1,1.5,TP_HIT,9.700000000000099,1.2000000000000002,PARTIAL_THEN_SL,1.5,0.9,False
SHORT_1.5_003,1.5,SHORT,2024-01-15T13:22:00.000000000Z,9.600000000000719,3.6999999999998145,42,-1.5,SL_HIT,8.100000000000719,-1.5,SL_HIT,1.5,0.9,True
SHORT_1.5_003,1.5,SHORT,2024-01-15T13:23:00.000000000Z,9.600000000000719,3.6999999999998145,41,-1.5,SL_HIT,8.100000000000719,-1.5,SL_HIT,1.5,0.9,True
SHORT_1.5_003,1.5,SHORT,2024-01-15T13:24:00.000000000Z,9.200000000000319,4.100000000000215,40,-1.5,SL_HIT,7.700000000000319,-1.5,SL_HIT,1.5,0.9,True
SHORT_1.5_003,1.5,SHORT,2024-01-15T13:25:00.000000000Z,10.399999999999299,2.900000000001235,3,1.5,TP_HIT,8.899999999999299,1.2000000000000002,PARTIAL_THEN_SL,1.5,0.9,False
SHORT_1.5_003,1.5,SHORT,2024-01-15T13:26:00.000000000Z,9.200000000000319,4.100000000000215,38,-1.5,SL_HIT,7.700000000000319,-1.5,SL_HIT,1.5,0.9,True
SHORT_1.5_003,1.5,SHORT,2024-01-15T13:27:00.000000000Z,10.300000000000864,2.9999999999996696,1,1.5,TP_HIT,8.800000000000864,1.2000000000000002,PARTIAL_THEN_SL,1.5,0.9,False
SHORT_1.5_003,1.5,SHORT,2024-01-15T13:28:00.000000000Z,8.20000000000043,5.1000000000001044,37,-1.5,SL_HIT,6.700000000000429,-1.5,SL_HIT,1.5,0.9,True
SHORT_1.5_003,1.5,SHORT,2024-01-15T13:29:00.000000000Z,8.20000000000043,5.1000000000001044,36,-1.5,SL_HIT,6.700000000000429,-1.5,SL_HIT,1.5,0.9,True
SHORT_1.5_003,1.5,SHORT,2024-01-15T13:30:00.000000000Z,10.799999999999699,2.500000000000835,33,-1.5,SL_HIT,9.299999999999699,-1.5,SL_HIT,1.5,0.9,True
SHORT_1.5_003,1.5,SHORT,2024-01-15T13:31:00.000000000Z,12.300000000000644,0.9999999999998899,6,1.5,TP_HIT,10.800000000000644,1.35,PARTIAL_PLUS_TP,1.5,0.9,False
SHORT_1.5_003,1.5,SHORT,2024-01-15T13:32:00.000000000Z,12.399999999999078,0.9000000000014552,5,1.5,TP_HIT,10.899999999999078,1.35,PARTIAL_PLUS_TP,1.5,0.9,False
SHORT_1.5_003,1.5,SHORT,2024-01-15T13:33:00.000000000Z,12.000000000000899,1.2999999999996348,4,1.5,TP_HIT,10.500000000000899,1.35,PARTIAL_PLUS_TP,1.5,0.9,False
SHORT_1.5_003,1.5,SHORT,2024-01-15T13:34:00.000000000Z,12.700000000001044,0.5999999999994898,3,1.5,TP_HIT,11.200000000001044,1.35,PARTIAL_PLUS_TP,1.5,0.9,False
SHORT_1.5_003,1.5,SHORT,2024-01-15T13:35:00.000000000Z,13.300000000000534,0.0,1,1.5,TP_HIT,11.800000000000534,1.35,PARTIAL_PLUS_TP,1.5,0.9,False
SHORT_1.5_003,1.5,SHORT,2024-01-15T13:36:00.000000000Z,11.399999999999189,0.9000000000014552,5,1.5,TP_HIT,9.899999999999189,1.35,PARTIAL_PLUS_TP,1.5,0.9,False
SHORT_1.5_003,1.5,SHORT,2024-01-15T13:37:00.000000000Z,9.900000000000464,2.4000000000001798,26,-1.5,SL_HIT,8.400000000000464,-1.5,SL_HIT,1.5,0.9,True
SHORT_1.5_003,1.5,SHORT,2024-01-15T13:38:00.000000000Z,10.799999999999699,1.500000000000945,25,-1.5,SL_HIT,9.299999999999699,-1.5,SL_HIT,1.5,0.9,True
SHORT_1.5_003,1.5,SHORT,2024-01-15T13:39:00.000000000Z,10.699999999999044,1.6000000000016001,24,-1.5,SL_HIT,9.199999999999044,-1.5,SL_HIT,1.5,0.9,True
SHORT_1.5_003,1.5,SHORT,2024-01-15T13:40:00.000000000Z,9.999999999998899,2.300000000001745,23,-1.5,SL_HIT,8.499999999998899,-1.5,SL_HIT,1.5,0.9,True
SHORT_1.5_003,1.5,SHORT,2024-01-15T13:41:00.000000000Z,9.399999999999409,2.900000000001235,23,-1.5,SL_HIT,7.899999999999409,-1.5,SL_HIT,1.5,0.9,True
SHORT_1.5_003,1.5,SHORT,2024-01-15T13:42:00.000000000Z,9.900000000000464,2.4000000000001798,21,-1.5,SL_HIT,8.400000000000464,-1.5,SL_HIT,1.5,0.9,True
SHORT_1.5_003,1.5,SHORT,2024-01-15T13:43:00.000000000Z,10.200000000000209,2.100000000000435,20,-1.5,SL_HIT,8.700000000000209,-1.5,SL_HIT,1.5,0.9,True
SHORT_1.5_003,1.5,SHORT,2024-01-15T13:44:00.000000000Z,10.600000000000609,1.7000000000000348,19,-1.5,SL_HIT,9.100000000000609,-1.5,SL_HIT,1.5,0.9,True
SHORT_1.5_003,1.5,SHORT,2024-01-15T13:45:00.000000000Z,10.600000000000609,1.7000000000000348,18,-1.5,SL_HIT,9.100000000000609,-1.5,SL_HIT,1.5,0.9,True
SHORT_1.5_003,1.5,SHORT,2024-01-15T13:46:00.000000000Z,10.200000000000209,2.100000000000435,17,-1.5,SL_HIT,8.700000000000209,-1.5,SL_HIT,1.5,0.9,True
SHORT_1.5_003,1.5,SHORT,2024-01-15T13:47:00.000000000Z,9.799999999999809,2.500000000000835,16,-1.5,SL_HIT,8.299999999999809,-1.5,SL_HIT,1.5,0.9,True
SHORT_1.5_003,1.5,SHORT,2024-01-15T13:48:00.000000000Z,10.200000000000209,2.100000000000435,15,-1.5,SL_HIT,8.700000000000209,-1.5,SL_HIT,1.5,0.9,True
SHORT_1.5_003,1.5,SHORT,2024-01-15T13:49:00.000000000Z,11.000000000001009,1.2999999999996348,14,1.5,TP_HIT,9.500000000001009,1.35,PARTIAL_PLUS_TP,1.5,0.9,False
SHORT_1.5_003,1.5,SHORT,2024-01-15T13:50:00.000000000Z,11.600000000000499,0.700000000000145,4,1.5,TP_HIT,10.100000000000499,1.35,PARTIAL_PLUS_TP,1.5,0.9,False
SHORT_1.5_003,1.5,SHORT,2024-01-15T13:51:00.000000000Z,12.300000000000644,0.0,2,1.5,TP_HIT,10.800000000000644,1.35,PARTIAL_PLUS_TP,1.5,0.9,False
SHORT_1.5_003,1.5,SHORT,2024-01-15T13:52:00.000000000Z,11.000000000001009,1.1999999999989797,11,1.5,TP_HIT,9.500000000001009,1.35,PARTIAL_PLUS_TP,1.5,0.9,False
SHORT_1.5_003,1.5,SHORT,2024-01-15T13:53:00.000000000Z,10.499999999999954,1.7000000000000348,10,-1.5,SL_HIT,8.999999999999954,-1.5,SL_HIT,1.5,0.9,True
SHORT_1.5_003,1.5,SHORT,2024-01-15T13:54:00.000000000Z,9.900000000000464,2.2999999999995246,9,-1.5,SL_HIT,8.400000000000464,-1.5,SL_HIT,1.5,0.9,True
SHORT_1.5_003,1.5,SHORT,2024-01-15T13:55:00.000000000Z,10.600000000000609,1.5999999999993797,8,-1.5,SL_HIT,9.100000000000609,-1.5,SL_HIT,1.5,0.9,True
SHORT_1.5_003,1.5,SHORT,2024-01-15T13:56:00.000000000Z,10.499999999999954,1.7000000000000348,7,-1.5,SL_HIT,8.999999999999954,-1.5,SL_HIT,1.5,0.9,True
SHORT_1.5_003,1.5,SHORT,2024-01-15T13:57:00.000000000Z,10.700000000001264,1.9999999999997797,6,-1.5,SL_HIT,9.200000000001264,-1.5,SL_HIT,1.5,0.9,True
SHORT_1.5_003,1.5,SHORT,2024-01-15T13:58:00.000000000Z,12.400000000001299,0.5999999999994898,4,1.5,TP_HIT,10.900000000001299,1.35,PARTIAL_PLUS_TP,1.5,0.9,False
SHORT_1.5_003,1.5,SHORT,2024-01-15T13:59:00.000000000Z,12.199999999999989,0.8000000000008001,3,1.5,TP_HIT,10.699999999999989,1.35,PARTIAL_PLUS_TP,1.5,0.9,False
SHORT_1.5_003,1.5,SHORT,2024-01-15T14:00:00.000000000Z,11.800000000001809,1.1999999999989797,3,1.5,TP_HIT,10.300000000001809,1.35,PARTIAL_PLUS_TP,1.5,0.9,False
SHORT_1.5_003,1.5,SHORT,2024-01-15T14:01:00.000000000Z,13.000000000000789,0.0,1,1.5,TP_HIT,11.500000000000789,1.35,PARTIAL_PLUS_TP,1.5,0.9,False
SHORT_1.5_003,1.5,SHORT,2024-01-15T14:02:00.000000000Z,10.40000000000152,0.0,2,1.5,TP_HIT,8.90000000000152,1.35,PARTIAL_PLUS_TP,1.5,0.9,False
SHORT_1.5_003,1.5,SHORT,2024-01-15T14:03:00.000000000Z,9.00000000000123,0.0,2,1.5,TP_HIT,7.500000000001229,1.35,PARTIAL_PLUS_TP,1.5,0.9,False
SHORT_1.5_003,1.5,SHORT,2024-01-15T14:04:00.000000000Z,8.40000000000174,0.0,1,1.5,TP_HIT,6.900000000001739,1.35,PARTIAL_PLUS_TP,1.5,0.9,False
SHORT_1.5_003,1.5,SHORT,2024-01-15T14:05:00.000000000Z,5.20000000000076,2.9999999999996696,1,1.5,TP_HIT,3.7000000000007596,1.2000000000000002,PARTIAL_THEN_SL,1.5,0.9,False
SHORT_1.5_003,1.5,SHORT,2024-01-15T14:06:00.000000000Z,2.9999999999996696,5.20000000000076,13,1.5,TP_HIT,1.4999999999996696,1.2000000000000002,PARTIAL_THEN_SL,1.5,0.9,False
SHORT_1.5_003,1.5,SHORT,2024-01-15T14:07:00.000000000Z,2.500000000000835,5.699999999999594,12,1.5,TP_HIT,1.0000000000008349,1.2000000000000002,PARTIAL_THEN_SL,1.5,0.9,False
SHORT_1.5_003,1.5,SHORT,2024-01-15T14:08:00.000000000Z,1.80000000000069,6.399999999999739,89,-1.5,SL_HIT,0.30000000000068994,-1.5,SL_HIT,1.5,0.9,True
SHORT_1.5_003,1.5,SHORT,2024-01-15T14:09:00.000000000Z,2.80000000000058,5.399999999999849,10,1.5,TP_HIT,1.3000000000005798,1.2000000000000002,PARTIAL_THEN_SL,1.5,0.9,False
SHORT_1.5_003,1.5,SHORT,2024-01-15T14:10:00.000000000Z,1.9999999999997797,6.500000000000394,87,-1.5,SL_HIT,0.49999999999977973,-1.5,SL_HIT,1.5,0.9,True
SHORT_1.5_003,1.5,SHORT,2024-01-15T14:11:00.000000000Z,2.4000000000001798,6.399999999999739,10,1.5,TP_HIT,0.9000000000001798,1.2000000000000002,PARTIAL_THEN_SL,1.5,0.9,False
SHORT_1.5_003,1.5,SHORT,2024-01-15T14:12:00.000000000Z,2.20000000000109,6.599999999998829,85,-1.5,SL_HIT,0.70000000000109,-1.5,SL_HIT,1.5,0.9,True
SHORT_1.5_003,1.5,SHORT,2024-01-15T14:13:00.000000000Z,2.300000000001745,7.899999999998464,8,1.5,TP_HIT,0.8000000000017451,1.2000000000000002,PARTIAL_THEN_SL,1.5,0.9,False
SHORT_1.5_003,1.5,SHORT,2024-01-15T14:14:00.000000000Z,1.500000000000945,9.299999999998754,84,-1.5,SL_HIT,9.450218385609332e-13,-1.5,SL_HIT,1.5,0.9,True
SHORT_1.5_003,1.5,SHORT,2024-01-15T14:15:00.000000000Z,2.4000000000001798,8.60000000000083,6,1.5,TP_HIT,0.9000000000001798,1.2000000000000002,PARTIAL_THEN_SL,1.5,0.9,False
SHORT_1.5_003,1.5,SHORT,2024-01-15T14:16:00.000000000Z,2.500000000000835,8.500000000000174,3,1.5,TP_HIT,1.0000000000008349,1.2000000000000002,PARTIAL_THEN_SL,1.5,0.9,False
SHORT_1.5_003,1.5,SHORT,2024-01-15T14:17:00.000000000Z,3.4000000000000696,8.40000000000174,2,1.5,TP_HIT,1.9000000000000696,1.2000000000000002,PARTIAL_THEN_SL,1.5,0.9,False
SHORT_1.5_003,1.5,SHORT,2024-01-15T14:18:00.000000000Z,1.9999999999997797,10.40000000000152,79,-1.5,SL_HIT,0.49999999999977973,-1.5,SL_HIT,1.5,0.9,True
SHORT_1.5_003,1.5,SHORT,2024-01-15T14:19:00.000000000Z,0.9999999999998899,11.400000000001409,101,-1.5,SL_HIT,0.0,-1.5,SL_HIT,1.5,0.9,True
SHORT_1.5_003,1.5,SHORT,2024-01-15T14:20:00.000000000Z,0.9999999999998899,11.499999999999844,101,-1.5,SL_HIT,0.0,-1.5,SL_HIT,1.5,0.9,True
SHORT_1.5_003,1.5,SHORT,2024-01-15T14:21:00.000000000Z,0.8000000000008001,11.699999999998933,101,-1.5,SL_HIT,0.0,-1.5,SL_HIT,1.5,0.9,True
SHORT_1.5_003,1.5,SHORT,2024-01-15T14:22:00.000000000Z,2.500000000000835,9.999999999998899,50,-1.5,SL_HIT,1.0000000000008349,-1.5,SL_HIT,1.5,0.9,True
SHORT_1.5_003,1.5,SHORT,2024-01-15T14:23:00.000000000Z,3.20000000000098,9.299999999998754,49,-1.5,SL_HIT,1.7000000000009798,-1.5,SL_HIT,1.5,0.9,True
SHORT_1.5_003,1.5,SHORT,2024-01-15T14:24:00.000000000Z,4.20000000000087,8.299999999998864,11,1.5,TP_HIT,2.7000000000008697,1.2000000000000002,PARTIAL_THEN_SL,1.5,0.9,False
SHORT_1.5_003,1.5,SHORT,2024-01-15T14:25:00.000000000Z,2.80000000000058,9.699999999999154,47,-1.5,SL_HIT,1.3000000000005798,-1.5,SL_HIT,1.5,0.9,True
SHORT_1.5_003,1.5,SHORT,2024-01-15T14:26:00.000000000Z,4.699999999999704,7.800000000000029,9,1.5,TP_HIT,3.1999999999997044,1.2000000000000002,PARTIAL_THEN_SL,1.5,0.9,False
SHORT_1.5_003,1.5,SHORT,2024-01-15T14:27:00.000000000Z,4.3999999999999595,8.099999999999774,8,1.5,TP_HIT,2.8999999999999595,1.2000000000000002,PARTIAL_THEN_SL,1.5,0.9,False
SHORT_1.5_003,1.5,SHORT,2024-01-15T14:28:00.000000000Z,3.4000000000000696,9.099999999999664,44,-1.5,SL_HIT,1.9000000000000696,-1.5,SL_HIT,1.5,0.9,True
SHORT_1.5_003,1.5,SHORT,2024-01-15T14:29:00.000000000Z,3.60000000000138,8.899999999998354,43,-1.5,SL_HIT,2.10000000000138,-1.5,SL_HIT,1.5,0.9,True
SHORT_1.5_003,1.5,SHORT,2024-01-15T14:30:00.000000000Z,5.20000000000076,7.299999999998974,2,1.5,TP_HIT,3.7000000000007596,1.2000000000000002,PARTIAL_THEN_SL,1.5,0.9,False
SHORT_1.5_003,1.5,SHORT,2024-01-15T14:31:00.000000000Z,4.20000000000087,8.299999999998864,4,1.5,TP_HIT,2.7000000000008697,1.2000000000000002,PARTIAL_THEN_SL,1.5,0.9,False
SHORT_1.5_003,1.5,SHORT,2024-01-15T14:32:00.000000000Z,3.60000000000138,8.899999999998354,40,-1.5,SL_HIT,2.10000000000138,-1.5,SL_HIT,1.5,0.9,True
SHORT_1.5_003,1.5,SHORT,2024-01-15T14:33:00.000000000Z,4.20000000000087,8.299999999998864,2,1.5,TP_HIT,2.7000000000008697,1.2000000000000002,PARTIAL_THEN_SL,1.5,0.9,False
SHORT_1.5_003,1.5,SHORT,2024-01-15T14:34:00.000000000Z,3.6999999999998145,8.799999999999919,38,-1.5,SL_HIT,2.1999999999998145,-1.5,SL_HIT,1.5,0.9,True
SHORT_1.5_003,1.5,SHORT,2024-01-15T14:35:00.000000000Z,2.60000000000149,9.899999999998244,37,-1.5,SL_HIT,1.10000000000149,-1.5,SL_HIT,1.5,0.9,True
SHORT_1.5_003,1.5,SHORT,2024-01-15T14:36:00.000000000Z,4.00000000000178,8.499999999997954,14,1.5,TP_HIT,2.50000000000178,1.2000000000000002,PARTIAL_THEN_SL,1.5,0.9,False
SHORT_1.5_003,1.5,SHORT,2024-01-15T14:37:00.000000000Z,2.60000000000149,9.899999999998244,35,-1.5,SL_HIT,1.10000000000149,-1.5,SL_HIT,1.5,0.9,True
SHORT_1.5_003,1.5,SHORT,2024-01-15T14:38:00.000000000Z,3.6999999999998145,8.799999999999919,34,-1.5,SL_HIT,2.1999999999998145,-1.5,SL_HIT,1.5,0.9,True
SHORT_1.5_003,1.5,SHORT,2024-01-15T14:39:00.000000000Z,4.60000000000127,7.899999999998464,10,1.5,TP_HIT,3.1000000000012697,1.2000000000000002,PARTIAL_THEN_SL,1.5,0.9,False
SHORT_1.5_003,1.5,SHORT,2024-01-15T14:40:00.000000000Z,4.60000000000127,7.899999999998464,9,1.5,TP_HIT,3.1000000000012697,1.2000000000000002,PARTIAL_THEN_SL,1.5,0.9,False
SHORT_1.5_003,1.5,SHORT,2024-01-15T14:41:00.000000000Z,4.60000000000127,7.899999999998464,8,1.5,TP_HIT,3.1000000000012697,1.2000000000000002,PARTIAL_THEN_SL,1.5,0.9,False
SHORT_1.5_003,1.5,SHORT,2024-01-15T14:42:00.000000000Z,4.3999999999999595,8.099999999999774,8,1.5,TP_HIT,2.8999999999999595,1.2000000000000002,PARTIAL_THEN_SL,1.5,0.9,False
SHORT_1.5_003,1.5,SHORT,2024-01-15T14:43:00.000000000Z,4.20000000000087,8.299999999998864,7,1.5,TP_HIT,2.7000000000008697,1.2000000000000002,PARTIAL_THEN_SL,1.5,0.9,False
SHORT_1.5_003,1.5,SHORT,2024-01-15T14:44:00.000000000Z,4.500000000000615,7.999999999999119,6,1.5,TP_HIT,3.0000000000006146,1.2000000000000002,PARTIAL_THEN_SL,1.5,0.9,False
SHORT_1.5_003,1.5,SHORT,2024-01-15T14:45:00.000000000Z,4.60000000000127,7.899999999998464,4,1.5,TP_HIT,3.1000000000012697,1.2000000000000002,PARTIAL_THEN_SL,1.5,0.9,False
SHORT_1.5_003,1.5,SHORT,2024-01-15T14:46:00.000000000Z,3.20000000000098,9.299999999998754,26,-1.5,SL_HIT,1.7000000000009798,-1.5,SL_HIT,1.5,0.9,True
SHORT_1.5_003,1.5,SHORT,2024-01-15T14:47:00.000000000Z,3.8000000000004697,9.600000000000719,25,-1.5,SL_HIT,2.3000000000004697,-1.5,SL_HIT,1.5,0.9,True
SHORT_1.5_003,1.5,SHORT,2024-01-15T14:48:00.000000000Z,4.00000000000178,9.500000000000064,2,1.5,TP_HIT,2.50000000000178,1.2000000000000002,PARTIAL_THEN_SL,1.5,0.9,False
SHORT_1.5_003,1.5,SHORT,2024-01-15T14:49:00.000000000Z,3.1000000000003247,11.000000000001009,23,-1.5,SL_HIT,1.6000000000003247,-1.5,SL_HIT,1.5,0.9,True
SHORT_1.5_003,1.5,SHORT,2024-01-15T14:50:00.000000000Z,2.500000000000835,11.600000000000499,22,-1.5,SL_HIT,1.0000000000008349,-1.5,SL_HIT,1.5,0.9,True
SHORT_1.5_003,1.5,SHORT,2024-01-15T14:51:00.000000000Z,2.60000000000149,11.499999999999844,21,-1.5,SL_HIT,1.10000000000149,-1.5,SL_HIT,1.5,0.9,True
SHORT_1.5_003,1.5,SHORT,2024-01-15T14:52:00.000000000Z,2.4000000000001798,11.700000000001154,20,-1.5,SL_HIT,0.9000000000001798,-1.5,SL_HIT,1.5,0.9,True
SHORT_1.5_003,1.5,SHORT,2024-01-15T14:53:00.000000000Z,2.60000000000149,11.499999999999844,19,-1.5,SL_HIT,1.10000000000149,-1.5,SL_HIT,1.5,0.9,True
SHORT_1.5_003,1.5,SHORT,2024-01-15T14:54:00.000000000Z,2.4000000000001798,11.700000000001154,18,-1.5,SL_HIT,0.9000000000001798,-1.5,SL_HIT,1.5,0.9,True
SHORT_1.5_003,1.5,SHORT,2024-01-15T14:55:00.000000000Z,3.20000000000098,10.900000000000354,17,-1.5,SL_HIT,1.7000000000009798,-1.5,SL_HIT,1.5,0.9,True
SHORT_1.5_003,1.5,SHORT,2024-01-15T14:56:00.000000000Z,4.100000000000215,10.000000000001119,16,-1.5,SL_HIT,2.6000000000002146,-1.5,SL_HIT,1.5,0.9,True
SHORT_1.5_003,1.5,SHORT,2024-01-15T14:57:00.000000000Z,5.20000000000076,8.900000000000574,5,1.5,TP_HIT,3.7000000000007596,1.2000000000000002,PARTIAL_THEN_SL,1.5,0.9,False
SHORT_1.5_003,1.5,SHORT,2024-01-15T14:58:00.000000000Z,4.60000000000127,9.500000000000064,14,-1.5,SL_HIT,3.1000000000012697,-1.5,SL_HIT,1.5,0.9,True
SHORT_1.5_003,1.5,SHORT,2024-01-15T14:59:00.000000000Z,5.00000000000167,9.099999999999664,3,1.5,TP_HIT,3.5000000000016698,1.2000000000000002,PARTIAL_THEN_SL,1.5,0.9,False
SHORT_1.5_003,1.5,SHORT,2024-01-15T15:00:00.000000000Z,5.800000000000249,8.300000000001084,1,1.5,TP_HIT,4.300000000000249,1.2000000000000002,PARTIAL_THEN_SL,1.5,0.9,False
SHORT_1.5_003,1.5,SHORT,2024-01-15T15:01:00.000000000Z,3.8000000000004697,10.300000000000864,11,-1.5,SL_HIT,2.3000000000004697,-1.5,SL_HIT,1.5,0.9,True
SHORT_1.5_003,1.5,SHORT,2024-01-15T15:02:00.000000000Z,3.4000000000000696,10.700000000001264,10,-1.5,SL_HIT,1.9000000000000696,-1.5,SL_HIT,1.5,0.9,True
SHORT_1.5_003,1.5,SHORT,2024-01-15T15:03:00.000000000Z,4.100000000000215,10.000000000001119,9,-1.5,SL_HIT,2.6000000000002146,-1.5,SL_HIT,1.5,0.9,True
SHORT_1.5_003,1.5,SHORT,2024-01-15T15:04:00.000000000Z,5.399999999999849,8.700000000001484,7,-1.5,SL_HIT,3.8999999999998494,-1.5,SL_HIT,1.5,0.9,True
SHORT_1.5_003,1.5,SHORT,2024-01-15T15:05:00.000000000Z,6.200000000000649,7.900000000000684,6,1.5,TP_HIT,4.700000000000649,1.2000000000000002,PARTIAL_THEN_SL,1.5,0.9,False
SHORT_1.5_003,1.5,SHORT,2024-01-15T15:06:00.000000000Z,6.099999999999994,8.00000000000134,5,1.5,TP_HIT,4.599999999999994,1.2000000000000002,PARTIAL_THEN_SL,1.5,0.9,False
SHORT_1.5_003,1.5,SHORT,2024-01-15T15:07:00.000000000Z,7.0000000000014495,7.099999999999884,3,1.5,TP_HIT,5.5000000000014495,1.2000000000000002,PARTIAL_THEN_SL,1.5,0.9,False
SHORT_1.5_003,1.5,SHORT,2024-01-15T15:08:00.000000000Z,6.099999999999994,8.00000000000134,3,1.5,TP_HIT,4.599999999999994,1.2000000000000002,PARTIAL_THEN_SL,1.5,0.9,False
SHORT_1.5_003,1.5,SHORT,2024-01-15T15:09:00.000000000Z,5.9000000000009045,8.20000000000043,2,1.5,TP_HIT,4.4000000000009045,1.2000000000000002,PARTIAL_THEN_SL,1.5,0.9,False
SHORT_1.5_003,1.5,SHORT,2024-01-15T15:10:00.000000000Z,5.1000000000001044,9.00000000000123,1,1.5,TP_HIT,3.6000000000001044,1.2000000000000002,PARTIAL_THEN_SL,1.5,0.9,False
SHORT_1.5_003,1.5,SHORT,2024-01-15T15:11:00.000000000Z,3.4000000000000696,10.700000000001264,1,1.5,TP_HIT,1.9000000000000696,1.2000000000000002,PARTIAL_THEN_SL,1.5,0.9,False
SHORT_1.5_003,1.5,SHORT,2024-01-15T15:12:00.000000000Z,0.8000000000008001,13.300000000000534,101,-1.5,SL_HIT,0.0,-1.5,SL_HIT,1.5,0.9,True
SHORT_1.5_003,1.5,SHORT,2024-01-15T15:13:00.000000000Z,2.60000000000149,11.499999999999844,24,-1.5,SL_HIT,1.10000000000149,-1.5,SL_HIT,1.5,0.9,True
SHORT_1.5_003,1.5,SHORT,2024-01-15T15:14:00.000000000Z,2.6999999999999247,11.400000000001409,23,-1.5,SL_HIT,1.1999999999999247,-1.5,SL_HIT,1.5,0.9,True
SHORT_1.5_003,1.5,SHORT,2024-01-15T15:15:00.000000000Z,3.5000000000007248,10.600000000000609,21,-1.5,SL_HIT,2.0000000000007248,-1.5,SL_HIT,1.5,0.9,True
SHORT_1.5_003,1.5,SHORT,2024-01-15T15:16:00.000000000Z,4.00000000000178,10.099999999999554,4,1.5,TP_HIT,2.50000000000178,1.2000000000000002,PARTIAL_THEN_SL,1.5,0.9,False
SHORT_1.5_003,1.5,SHORT,2024-01-15T15:17:00.000000000Z,2.9999999999996696,11.100000000001664,20,-1.5,SL_HIT,1.4999999999996696,-1.5,SL_HIT,1.5,0.9,True
SHORT_1.5_003,1.5,SHORT,2024-01-15T15:18:00.000000000Z,2.80000000000058,11.300000000000754,19,-1.5,SL_HIT,1.3000000000005798,-1.5,SL_HIT,1.5,0.9,True
SHORT_1.5_003,1.5,SHORT,2024-01-15T15:19:00.000000000Z,2.80000000000058,11.300000000000754,18,-1.5,SL_HIT,1.3000000000005798,-1.5,SL_HIT,1.5,0.9,True
SHORT_1.5_003,1.5,SHORT,2024-01-15T15:20:00.000000000Z,2.500000000000835,11.600000000000499,17,-1.5,SL_HIT,1.0000000000008349,-1.5,SL_HIT,1.5,0.9,True
SHORT_1.5_003,1.5,SHORT,2024-01-15T15:21:00.000000000Z,2.60000000000149,11.499999999999844,16,-1.5,SL_HIT,1.10000000000149,-1.5,SL_HIT,1.5,0.9,True
SHORT_1.5_003,1.5,SHORT,2024-01-15T15:22:00.000000000Z,4.8000000000003595,9.300000000000974,1,1.5,TP_HIT,3.3000000000003595,1.2000000000000002,PARTIAL_THEN_SL,1.5,0.9,False
SHORT_1.5_003,1.5,SHORT,2024-01-15T15:23:00.000000000Z,2.9999999999996696,11.100000000001664,14,-1.5,SL_HIT,1.4999999999996696,-1.5,SL_HIT,1.5,0.9,True
SHORT_1.5_003,1.5,SHORT,2024-01-15T15:24:00.000000000Z,5.00000000000167,9.099999999999664,9,-1.5,SL_HIT,3.5000000000016698,-1.5,SL_HIT,1.5,0.9,True
SHORT_1.5_003,1.5,SHORT,2024-01-15T15:25:00.000000000Z,7.600000000000939,6.500000000000394,3,1.5,TP_HIT,6.100000000000939,1.2000000000000002,PARTIAL_THEN_SL,1.5,0.9,False
SHORT_1.5_003,1.5,SHORT,2024-01-15T15:26:00.000000000Z,8.20000000000043,5.9000000000009045,1,1.5,TP_HIT,6.700000000000429,1.2000000000000002,PARTIAL_THEN_SL,1.5,0.9,False
SHORT_1.5_003,1.5,SHORT,2024-01-15T15:27:00.000000000Z,6.399999999999739,7.7000000000015945,3,1.5,TP_HIT,4.899999999999739,1.2000000000000002,PARTIAL_THEN_SL,1.5,0.9,False
SHORT_1.5_003,1.5,SHORT,2024-01-15T15:28:00.000000000Z,6.00000000000156,8.099999999999774,3,1.5,TP_HIT,4.50000000000156,1.2000000000000002,PARTIAL_THEN_SL,1.5,0.9,False
SHORT_1.5_003,1.5,SHORT,2024-01-15T15:29:00.000000000Z,6.900000000000794,7.200000000000539,1,1.5,TP_HIT,5.400000000000794,1.2000000000000002,PARTIAL_THEN_SL,1.5,0.9,False
SHORT_1.5_003,1.5,SHORT,2024-01-15T15:30:00.000000000Z,4.60000000000127,9.500000000000064,4,1.5,TP_HIT,3.1000000000012697,1.2000000000000002,PARTIAL_THEN_SL,1.5,0.9,False
SHORT_1.5_003,1.5,SHORT,2024-01-15T15:31:00.000000000Z,4.00000000000178,10.099999999999554,4,1.5,TP_HIT,2.50000000000178,1.2000000000000002,PARTIAL_THEN_SL,1.5,0.9,False
SHORT_1.5_003,1.5,SHORT,2024-01-15T15:32:00.000000000Z,3.8000000000004697,10.300000000000864,4,1.5,TP_HIT,2.3000000000004697,1.2000000000000002,PARTIAL_THEN_SL,1.5,0.9,False
SHORT_1.5_003,1.5,SHORT,2024-01-15T15:33:00.000000000Z,3.300000000001635,10.799999999999699,3,1.5,TP_HIT,1.800000000001635,1.2000000000000002,PARTIAL_THEN_SL,1.5,0.9,False
SHORT_1.5_003,1.5,SHORT,2024-01-15T15:34:00.000000000Z,2.9999999999996696,11.100000000001664,3,1.5,TP_HIT,1.4999999999996696,1.2000000000000002,PARTIAL_THEN_SL,1.5,0.9,False
SHORT_1.5_003,1.5,SHORT,2024-01-15T15:35:00.000000000Z,2.500000000000835,11.600000000000499,2,1.5,TP_HIT,1.0000000000008349,1.2000000000000002,PARTIAL_THEN_SL,1.5,0.9,False
SHORT_1.5_003,1.5,SHORT,2024-01-15T15:36:00.000000000Z,1.6000000000016001,12.499999999999734,2,1.5,TP_HIT,0.10000000000160014,1.2000000000000002,PARTIAL_THEN_SL,1.5,0.9,False
SHORT_1.5_003,1.5,SHORT,2024-01-15T15:37:00.000000000Z,0.2999999999997449,13.800000000001589,101,-1.5,SL_HIT,0.0,-1.5,SL_HIT,1.5,0.9,True
SHORT_1.5_003,1.5,SHORT,2024-01-15T15:38:00.000000000Z,0.0,14.100000000001334,101,-1.5,SL_HIT,0.0,-1.5,SL_HIT,1.5,0.9,True
SHORT_1.5_004,1.5,SHORT,2024-01-15T15:45:00.000000000Z,1.500000000000945,9.500000000000064,1,1.5,TP_HIT,9.450218385609332e-13,1.2000000000000002,PARTIAL_THEN_SL,1.5,0.9,False
SHORT_1.5_004,1.5,SHORT,2024-01-15T15:46:00.000000000Z,0.0,11.000000000001009,101,-1.5,SL_HIT,0.0,-1.5,SL_HIT,1.5,0.9,True
SHORT_1.5_005,1.5,SHORT,2024-01-15T15:54:00.000000000Z,2.0999999999982144,3.300000000001635,25,-1.5,SL_HIT,0.5999999999982144,-1.5,SL_HIT,1.5,0.9,True
SHORT_1.5_005,1.5,SHORT,2024-01-15T15:55:00.000000000Z,2.2999999999995246,3.1000000000003247,18,1.5,TP_HIT,0.7999999999995246,1.2000000000000002,PARTIAL_THEN_SL,1.5,0.9,False
SHORT_1.5_005,1.5,SHORT,2024-01-15T15:56:00.000000000Z,1.8999999999991246,3.5000000000007248,23,-1.5,SL_HIT,0.3999999999991246,-1.5,SL_HIT,1.5,0.9,True
SHORT_1.5_005,1.5,SHORT,2024-01-15T15:57:00.000000000Z,3.1000000000003247,2.2999999999995246,7,1.5,TP_HIT,1.6000000000003247,1.2000000000000002,PARTIAL_THEN_SL,1.5,0.9,False
SHORT_1.5_005,1.5,SHORT,2024-01-15T15:58:00.000000000Z,3.6999999999998145,1.7000000000000348,6,1.5,TP_HIT,2.1999999999998145,1.2000000000000002,PARTIAL_THEN_SL,1.5,0.9,False
SHORT_1.5_005,1.5,SHORT,2024-01-15T15:59:00.000000000Z,2.6999999999999247,2.6999999999999247,14,1.5,TP_HIT,1.1999999999999247,1.2000000000000002,PARTIAL_THEN_SL,1.5,0.9,False
SHORT_1.5_005,1.5,SHORT,2024-01-15T16:00:00.000000000Z,3.7999999999982492,1.6000000000016001,4,1.5,TP_HIT,2.2999999999982492,1.2000000000000002,PARTIAL_THEN_SL,1.5,0.9,False
SHORT_1.5_005,1.5,SHORT,2024-01-15T16:01:00.000000000Z,3.7999999999982492,1.6000000000016001,3,1.5,TP_HIT,2.2999999999982492,1.2000000000000002,PARTIAL_THEN_SL,1.5,0.9,False
SHORT_1.5_005,1.5,SHORT,2024-01-15T16:02:00.000000000Z,3.4000000000000696,1.9999999999997797,2,1.5,TP_HIT,1.9000000000000696,1.2000000000000002,PARTIAL_THEN_SL,1.5,0.9,False
SHORT_1.5_005,1.5,SHORT,2024-01-15T16:03:00.000000000Z,2.2999999999995246,3.1000000000003247,10,1.5,TP_HIT,0.7999999999995246,1.2000000000000002,PARTIAL_THEN_SL,1.5,0.9,False
SHORT_1.5_005,1.5,SHORT,2024-01-15T16:04:00.000000000Z,1.2999999999996348,4.100000000000215,101,-1.5,SL_HIT,0.0,-1.5,SL_HIT,1.5,0.9,True
SHORT_1.5_005,1.5,SHORT,2024-01-15T16:05:00.000000000Z,1.7000000000000348,3.6999999999998145,52,-1.5,SL_HIT,0.20000000000003482,-1.5,SL_HIT,1.5,0.9,True
SHORT_1.5_005,1.5,SHORT,2024-01-15T16:06:00.000000000Z,1.9999999999997797,3.4000000000000696,13,1.5,TP_HIT,0.49999999999977973,1.2000000000000002,PARTIAL_THEN_SL,1.5,0.9,False
SHORT_1.5_005,1.5,SHORT,2024-01-15T16:07:00.000000000Z,1.8999999999991246,3.5000000000007248,12,1.5,TP_HIT,0.3999999999991246,1.2000000000000002,PARTIAL_THEN_SL,1.5,0.9,False
SHORT_1.5_005,1.5,SHORT,2024-01-15T16:08:00.000000000Z,1.7999999999984695,3.60000000000138,49,-1.5,SL_HIT,0.2999999999984695,-1.5,SL_HIT,1.5,0.9,True
SHORT_1.5_005,1.5,SHORT,2024-01-15T16:09:00.000000000Z,1.8999999999991246,3.5000000000007248,10,1.5,TP_HIT,0.3999999999991246,1.2000000000000002,PARTIAL_THEN_SL,1.5,0.9,False
SHORT_1.5_005,1.5,SHORT,2024-01-15T16:10:00.000000000Z,2.5999999999992696,2.80000000000058,3,1.5,TP_HIT,1.0999999999992696,1.2000000000000002,PARTIAL_THEN_SL,1.5,0.9,False
SHORT_1.5_005,1.5,SHORT,2024-01-15T16:11:00.000000000Z,1.7000000000000348,3.6999999999998145,46,-1.5,SL_HIT,0.20000000000003482,-1.5,SL_HIT,1.5,0.9,True
SHORT_1.5_005,1.5,SHORT,2024-01-15T16:12:00.000000000Z,1.7999999999984695,3.60000000000138,45,-1.5,SL_HIT,0.2999999999984695,-1.5,SL_HIT,1.5,0.9,True
SHORT_1.5_005,1.5,SHORT,2024-01-15T16:13:00.000000000Z,0.700000000000145,4.699999999999704,101,-1.5,SL_HIT,0.0,-1.5,SL_HIT,1.5,0.9,True
SHORT_1.5_005,1.5,SHORT,2024-01-15T16:14:00.000000000Z,1.7000000000000348,3.6999999999998145,43,-1.5,SL_HIT,0.20000000000003482,-1.5,SL_HIT,1.5,0.9,True
SHORT_1.5_005,1.5,SHORT,2024-01-15T16:15:00.000000000Z,2.4999999999986144,2.900000000001235,4,1.5,TP_HIT,0.9999999999986144,1.2000000000000002,PARTIAL_THEN_SL,1.5,0.9,False
SHORT_1.5_005,1.5,SHORT,2024-01-15T16:16:00.000000000Z,1.40000000000029,3.9999999999995595,101,-1.5,SL_HIT,0.0,-1.5,SL_HIT,1.5,0.9,True
SHORT_1.5_005,1.5,SHORT,2024-01-15T16:17:00.000000000Z,2.0999999999982144,3.300000000001635,2,1.5,TP_HIT,0.5999999999982144,1.2000000000000002,PARTIAL_THEN_SL,1.5,0.9,False
SHORT_1.5_005,1.5,SHORT,2024-01-15T16:18:00.000000000Z,1.0999999999983245,4.300000000001525,101,-1.5,SL_HIT,0.0,-1.5,SL_HIT,1.5,0.9,True
SHORT_1.5_005,1.5,SHORT,2024-01-15T16:19:00.000000000Z,0.2999999999997449,5.1000000000001044,101,-1.5,SL_HIT,0.0,-1.5,SL_HIT,1.5,0.9,True
SHORT_1.5_005,1.5,SHORT,2024-01-15T16:20:00.000000000Z,0.2999999999997449,5.1000000000001044,101,-1.5,SL_HIT,0.0,-1.5,SL_HIT,1.5,0.9,True
SHORT_1.5_005,1.5,SHORT,2024-01-15T16:21:00.000000000Z,0.9999999999998899,4.3999999999999595,101,-1.5,SL_HIT,0.0,-1.5,SL_HIT,1.5,0.9,True
SHORT_1.5_005,1.5,SHORT,2024-01-15T16:22:00.000000000Z,1.2999999999996348,4.100000000000215,101,-1.5,SL_HIT,0.0,-1.5,SL_HIT,1.5,0.9,True
SHORT_1.5_005,1.5,SHORT,2024-01-15T16:23:00.000000000Z,2.4000000000001798,2.9999999999996696,20,-1.5,SL_HIT,0.9000000000001798,-1.5,SL_HIT,1.5,0.9,True
SHORT_1.5_005,1.5,SHORT,2024-01-15T16:24:00.000000000Z,1.8999999999991246,3.5000000000007248,19,-1.5,SL_HIT,0.3999999999991246,-1.5,SL_HIT,1.5,0.9,True
SHORT_1.5_005,1.5,SHORT,2024-01-15T16:25:00.000000000Z,1.7999999999984695,3.60000000000138,32,-1.5,SL_HIT,0.2999999999984695,-1.5,SL_HIT,1.5,0.9,True
SHORT_1.5_005,1.5,SHORT,2024-01-15T16:26:00.000000000Z,2.2999999999995246,3.1000000000003247,17,-1.5,SL_HIT,0.7999999999995246,-1.5,SL_HIT,1.5,0.9,True
SHORT_1.5_005,1.5,SHORT,2024-01-15T16:27:00.000000000Z,4.699999999999704,0.700000000000145,5,1.5,TP_HIT,3.1999999999997044,1.35,PARTIAL_PLUS_TP,1.5,0.9,False
SHORT_1.5_005,1.5,SHORT,2024-01-15T16:28:00.000000000Z,4.8000000000003595,0.5999999999994898,4,1.5,TP_HIT,3.3000000000003595,1.35,PARTIAL_PLUS_TP,1.5,0.9,False
SHORT_1.5_005,1.5,SHORT,2024-01-15T16:29:00.000000000Z,5.399999999999849,0.0,2,1.5,TP_HIT,3.8999999999998494,1.35,PARTIAL_PLUS_TP,1.5,0.9,False
SHORT_1.5_005,1.5,SHORT,2024-01-15T16:30:00.000000000Z,4.8000000000003595,0.0,2,1.5,TP_HIT,3.3000000000003595,1.35,PARTIAL_PLUS_TP,1.5,0.9,False
SHORT_1.5_005,1.5,SHORT,2024-01-15T16:31:00.000000000Z,3.4999999999985043,0.20000000000131024,9,1.5,TP_HIT,1.9999999999985043,1.35,PARTIAL_PLUS_TP,1.5,0.9,False
SHORT_1.5_005,1.5,SHORT,2024-01-15T16:32:00.000000000Z,2.0999999999982144,1.6000000000016001,11,-1.5,SL_HIT,0.5999999999982144,-1.5,SL_HIT,1.5,0.9,True
SHORT_1.5_005,1.5,SHORT,2024-01-15T16:33:00.000000000Z,2.6999999999999247,0.9999999999998899,9,1.5,TP_HIT,1.1999999999999247,1.35,PARTIAL_PLUS_TP,1.5,0.9,False
SHORT_1.5_005,1.5,SHORT,2024-01-15T16:34:00.000000000Z,3.6999999999998145,0.0,1,1.5,TP_HIT,2.1999999999998145,1.35,PARTIAL_PLUS_TP,1.5,0.9,False
SHORT_1.5_005,1.5,SHORT,2024-01-15T16:35:00.000000000Z,2.0999999999982144,1.0000000000021103,8,1.5,TP_HIT,0.5999999999982144,1.35,PARTIAL_PLUS_TP,1.5,0.9,False
SHORT_1.5_005,1.5,SHORT,2024-01-15T16:36:00.000000000Z,2.4999999999986144,0.6000000000017103,7,1.5,TP_HIT,0.9999999999986144,1.35,PARTIAL_PLUS_TP,1.5,0.9,False
SHORT_1.5_005,1.5,SHORT,2024-01-15T16:37:00.000000000Z,2.4999999999986144,0.6000000000017103,6,1.5,TP_HIT,0.9999999999986144,1.35,PARTIAL_PLUS_TP,1.5,0.9,False
SHORT_1.5_005,1.5,SHORT,2024-01-15T16:38:00.000000000Z,2.6999999999999247,0.40000000000040004,4,1.5,TP_HIT,1.1999999999999247,1.35,PARTIAL_PLUS_TP,1.5,0.9,False
SHORT_1.5_005,1.5,SHORT,2024-01-15T16:39:00.000000000Z,2.0999999999982144,1.0000000000021103,4,1.5,TP_HIT,0.5999999999982144,1.35,PARTIAL_PLUS_TP,1.5,0.9,False
SHORT_1.5_005,1.5,SHORT,2024-01-15T16:40:00.000000000Z,1.7000000000000348,1.40000000000029,17,1.5,TP_HIT,0.20000000000003482,1.35,PARTIAL_PLUS_TP,1.5,0.9,False
SHORT_1.5_005,1.5,SHORT,2024-01-15T16:41:00.000000000Z,1.7000000000000348,1.40000000000029,16,1.5,TP_HIT,0.20000000000003482,1.35,PARTIAL_PLUS_TP,1.5,0.9,False
SHORT_1.5_005,1.5,SHORT,2024-01-15T16:42:00.000000000Z,1.1999999999989797,1.900000000001345,101,-1.5,SL_HIT,0.0,-1.5,SL_HIT,1.5,0.9,True
SHORT_1.5_005,1.5,SHORT,2024-01-15T16:43:00.000000000Z,0.3999999999981796,2.700000000002145,101,-1.5,SL_HIT,0.0,-1.5,SL_HIT,1.5,0.9,True
SHORT_1.5_005,1.5,SHORT,2024-01-15T16:44:00.000000000Z,0.4999999999988347,2.60000000000149,101,-1.5,SL_HIT,0.0,-1.5,SL_HIT,1.5,0.9,True
SHORT_1.5_005,1.5,SHORT,2024-01-15T16:45:00.000000000Z,0.700000000000145,2.4000000000001798,101,-1.5,SL_HIT,0.0,-1.5,SL_HIT,1.5,0.9,True
SHORT_1.5_005,1.5,SHORT,2024-01-15T16:46:00.000000000Z,1.9999999999997797,1.100000000000545,9,1.5,TP_HIT,0.49999999999977973,1.35,PARTIAL_PLUS_TP,1.5,0.9,False
SHORT_1.5_005,1.5,SHORT,2024-01-15T16:47:00.000000000Z,1.9999999999997797,1.100000000000545,8,1.5,TP_HIT,0.49999999999977973,1.35,PARTIAL_PLUS_TP,1.5,0.9,False
SHORT_1.5_005,1.5,SHORT,2024-01-15T16:48:00.000000000Z,3.1000000000003247,0.0,5,1.5,TP_HIT,1.6000000000003247,1.35,PARTIAL_PLUS_TP,1.5,0.9,False
SHORT_1.5_005,1.5,SHORT,2024-01-15T16:49:00.000000000Z,2.6999999999999247,0.0,4,1.5,TP_HIT,1.1999999999999247,1.35,PARTIAL_PLUS_TP,1.5,0.9,False
SHORT_1.5_005,1.5,SHORT,2024-01-15T16:50:00.000000000Z,1.9999999999997797,0.0,5,1.5,TP_HIT,0.49999999999977973,1.35,PARTIAL_PLUS_TP,1.5,0.9,False
SHORT_1.5_005,1.5,SHORT,2024-01-15T16:51:00.000000000Z,1.8999999999991246,0.10000000000065512,6,1.5,TP_HIT,0.3999999999991246,1.35,PARTIAL_PLUS_TP,1.5,0.9,False
SHORT_1.5_005,1.5,SHORT,2024-01-15T16:52:00.000000000Z,1.9999999999997797,0.0,3,1.5,TP_HIT,0.49999999999977973,1.35,PARTIAL_PLUS_TP,1.5,0.9,False
SHORT_1.5_005,1.5,SHORT,2024-01-15T16:53:00.000000000Z,1.1999999999989797,0.0,101,0.8999999999992347,TIMEOUT,0.0,0.8999999999992347,TIMEOUT,1.5,0.9,False
SHORT_1.5_005,1.5,SHORT,2024-01-15T16:54:00.000000000Z,1.1999999999989797,0.0,101,0.8999999999992347,TIMEOUT,0.0,0.8999999999992347,TIMEOUT,1.5,0.9,False
SHORT_1.5_005,1.5,SHORT,2024-01-15T16:55:00.000000000Z,0.4999999999988347,0.20000000000131024,101,0.1999999999990898,TIMEOUT,0.0,0.1999999999990898,TIMEOUT,1.5,0.9,False
SHORT_1.5_005,1.5,SHORT,2024-01-15T16:56:00.000000000Z,0.700000000000145,0.0,101,0.40000000000040004,TIMEOUT,0.0,0.40000000000040004,TIMEOUT,1.5,0.9,False
SHORT_1.5_005,1.5,SHORT,2024-01-15T16:57:00.000000000Z,0.0,0.2999999999997449,101,-0.2999999999997449,TIMEOUT,0.0,-0.2999999999997449,TIMEOUT,1.5,0.9,False
LONG_2.5_001,2.5,LONG,2024-01-15T08:00:00.000000000Z,6.800000000000139,11.699999999998933,3,2.5,TP_HIT,4.300000000000139,1.1,PARTIAL_THEN_SL,1.5,0.9,False
LONG_2.5_001,2.5,LONG,2024-01-15T08:01:00.000000000Z,6.6000000000010495,11.899999999998023,2,2.5,TP_HIT,4.1000000000010495,1.1,PARTIAL_THEN_SL,1.5,0.9,False
LONG_2.5_001,2.5,LONG,2024-01-15T08:02:00.000000000Z,5.399999999999849,13.099999999999223,7,2.5,TP_HIT,2.8999999999998494,1.1,PARTIAL_THEN_SL,1.5,0.9,False
LONG_2.5_001,2.5,LONG,2024-01-15T08:03:00.000000000Z,3.4000000000000696,15.099999999999003,8,2.5,TP_HIT,0.9000000000000696,1.1,PARTIAL_THEN_SL,1.5,0.9,False
LONG_2.5_001,2.5,LONG,2024-01-15T08:04:00.000000000Z,3.9999999999995595,14.499999999999513,7,2.5,TP_HIT,1.4999999999995595,1.1,PARTIAL_THEN_SL,1.5,0.9,False
LONG_2.5_001,2.5,LONG,2024-01-15T08:05:00.000000000Z,3.5000000000007248,14.999999999998348,6,2.5,TP_HIT,1.0000000000007248,1.1,PARTIAL_THEN_SL,1.5,0.9,False
LONG_2.5_001,2.5,LONG,2024-01-15T08:06:00.000000000Z,4.299999999999304,14.199999999999768,3,2.5,TP_HIT,1.7999999999993044,1.1,PARTIAL_THEN_SL,1.5,0.9,False
LONG_2.5_001,2.5,LONG,2024-01-15T08:07:00.000000000Z,5.699999999999594,13.600000000000279,2,2.5,TP_HIT,3.1999999999995943,1.1,PARTIAL_THEN_SL,1.5,0.9,False
LONG_2.5_001,2.5,LONG,2024-01-15T08:08:00.000000000Z,3.6999999999998145,15.600000000000058,3,2.5,TP_HIT,1.1999999999998145,1.1,PARTIAL_THEN_SL,1.5,0.9,False
LONG_2.5_001,2.5,LONG,2024-01-15T08:09:00.000000000Z,1.5999999999993797,17.700000000000493,101,-2.5,SL_HIT,0.0,1.1,PARTIAL_THEN_SL,1.5,0.9,True
LONG_2.5_001,2.5,LONG,2024-01-15T08:10:00.000000000Z,1.5999999999993797,17.700000000000493,101,-2.5,SL_HIT,0.0,1.1,PARTIAL_THEN_SL,1.5,0.9,True
LONG_2.5_001,2.5,LONG,2024-01-15T08:11:00.000000000Z,0.1999999999990898,19.100000000000783,101,-2.5,SL_HIT,0.0,-2.5,SL_HIT,1.5,0.9,True
LONG_2.5_001,2.5,LONG,2024-01-15T08:12:00.000000000Z,2.2999999999995246,17.000000000000348,101,-2.5,SL_HIT,0.0,1.1,PARTIAL_THEN_SL,1.5,0.9,True
LONG_2.5_001,2.5,LONG,2024-01-15T08:13:00.000000000Z,2.4000000000001798,16.899999999999693,101,-2.5,SL_HIT,0.0,1.1,PARTIAL_THEN_SL,1.5,0.9,True
LONG_2.5_001,2.5,LONG,2024-01-15T08:14:00.000000000Z,0.5999999999994898,18.700000000000383,101,-2.5,SL_HIT,0.0,-2.5,SL_HIT,1.5,0.9,True
LONG_2.5_001,2.5,LONG,2024-01-15T08:15:00.000000000Z,0.1999999999990898,19.100000000000783,101,-2.5,SL_HIT,0.0,-2.5,SL_HIT,1.5,0.9,True
LONG_2.5_001,2.5,LONG,2024-01-15T08:16:00.000000000Z,3.5000000000007248,15.799999999999148,8,2.5,TP_HIT,1.0000000000007248,1.1,PARTIAL_THEN_SL,1.5,0.9,False
LONG_2.5_001,2.5,LONG,2024-01-15T08:17:00.000000000Z,2.5999999999992696,16.700000000000603,7,2.5,TP_HIT,0.09999999999926956,1.1,PARTIAL_THEN_SL,1.5,0.9,False
LONG_2.5_001,2.5,LONG,2024-01-15T08:18:00.000000000Z,2.80000000000058,16.499999999999293,6,2.5,TP_HIT,0.3000000000005798,1.1,PARTIAL_THEN_SL,1.5,0.9,False
LONG_2.5_001,2.5,LONG,2024-01-15T08:19:00.000000000Z,2.5999999999992696,16.700000000000603,5,2.5,TP_HIT,0.09999999999926956,1.1,PARTIAL_THEN_SL,1.5,0.9,False
LONG_2.5_001,2.5,LONG,2024-01-15T08:20:00.000000000Z,3.20000000000098,16.299999999997983,4,2.5,TP_HIT,0.7000000000009798,1.1,PARTIAL_THEN_SL,1.5,0.9,False
LONG_2.5_001,2.5,LONG,2024-01-15T08:21:00.000000000Z,2.100000000000435,17.399999999998528,101,-2.5,SL_HIT,0.0,1.1,PARTIAL_THEN_SL,1.5,0.9,True
LONG_2.5_001,2.5,LONG,2024-01-15T08:22:00.000000000Z,2.9999999999996696,17.599999999999838,2,2.5,TP_HIT,0.4999999999996696,1.1,PARTIAL_THEN_SL,1.5,0.9,False
LONG_2.5_001,2.5,LONG,2024-01-15T08:23:00.000000000Z,2.2999999999995246,19.299999999999873,101,-2.5,SL_HIT,0.0,1.1,PARTIAL_THEN_SL,1.5,0.9,True
LONG_2.5_001,2.5,LONG,2024-01-15T08:24:00.000000000Z,0.0,23.100000000000342,101,-2.5,SL_HIT,0.0,-2.5,SL_HIT,1.5,0.9,True
LONG_2.5_002,2.5,LONG,2024-01-15T09:16:00.000000000Z,2.500000000000835,19.599999999999618,14,2.5,TP_HIT,8.348877145181177e-13,1.1,PARTIAL_THEN_SL,1.5,0.9,False
LONG_2.5_002,2.5,LONG,2024-01-15T09:17:00.000000000Z,2.9999999999996696,19.100000000000783,13,2.5,TP_HIT,0.4999999999996696,1.1,PARTIAL_THEN_SL,1.5,0.9,False
LONG_2.5_002,2.5,LONG,2024-01-15T09:18:00.000000000Z,3.5000000000007248,18.599999999999728,12,2.5,TP_HIT,1.0000000000007248,1.1,PARTIAL_THEN_SL,1.5,0.9,False
LONG_2.5_002,2.5,LONG,2024-01-15T09:19:00.000000000Z,2.500000000000835,19.599999999999618,11,2.5,TP_HIT,8.348877145181177e-13,1.1,PARTIAL_THEN_SL,1.5,0.9,False
LONG_2.5_002,2.5,LONG,2024-01-15T09:20:00.000000000Z,2.80000000000058,19.299999999999873,10,2.5,TP_HIT,0.3000000000005798,1.1,PARTIAL_THEN_SL,1.5,0.9,False
LONG_2.5_002,2.5,LONG,2024-01-15T09:21:00.000000000Z,1.100000000000545,20.999999999999908,101,-2.5,SL_HIT,0.0,-2.5,SL_HIT,1.5,0.9,True
LONG_2.5_002,2.5,LONG,2024-01-15T09:22:00.000000000Z,1.2000000000012,20.899999999999253,101,-2.5,SL_HIT,0.0,-2.5,SL_HIT,1.5,0.9,True
LONG_2.5_002,2.5,LONG,2024-01-15T09:23:00.000000000Z,1.7000000000000348,20.400000000000418,101,-2.5,SL_HIT,0.0,1.1,PARTIAL_THEN_SL,1.5,0.9,True
LONG_2.5_002,2.5,LONG,2024-01-15T09:24:00.000000000Z,1.900000000001345,20.199999999999108,101,-2.5,SL_HIT,0.0,1.1,PARTIAL_THEN_SL,1.5,0.9,True
LONG_2.5_002,2.5,LONG,2024-01-15T09:25:00.000000000Z,2.6999999999999247,19.400000000000528,5,2.5,TP_HIT,0.19999999999992468,1.1,PARTIAL_THEN_SL,1.5,0.9,False
LONG_2.5_002,2.5,LONG,2024-01-15T09:26:00.000000000Z,1.500000000000945,20.599999999999508,101,-2.5,SL_HIT,0.0,1.1,PARTIAL_THEN_SL,1.5,0.9,True
LONG_2.5_002,2.5,LONG,2024-01-15T09:27:00.000000000Z,1.500000000000945,20.599999999999508,101,-2.5,SL_HIT,0.0,1.1,PARTIAL_THEN_SL,1.5,0.9,True
LONG_2.5_002,2.5,LONG,2024-01-15T09:28:00.000000000Z,1.900000000001345,20.199999999999108,101,-2.5,SL_HIT,0.0,1.1,PARTIAL_THEN_SL,1.5,0.9,True
LONG_2.5_002,2.5,LONG,2024-01-15T09:29:00.000000000Z,1.9999999999997797,20.100000000000673,101,-2.5,SL_HIT,0.0,1.1,PARTIAL_THEN_SL,1.5,0.9,True
LONG_2.5_002,2.5,LONG,2024-01-15T09:30:00.000000000Z,0.0,22.100000000000453,101,-2.5,SL_HIT,0.0,-2.5,SL_HIT,1.5,0.9,True
LONG_2.5_003,2.5,LONG,2024-01-15T09:38:00.000000000Z,2.8999999999990145,11.300000000000754,17,2.5,TP_HIT,0.3999999999990145,1.1,PARTIAL_THEN_SL,1.5,0.9,False
LONG_2.5_003,2.5,LONG,2024-01-15T09:39:00.000000000Z,0.700000000000145,13.499999999999623,101,-2.5,SL_HIT,0.0,-2.5,SL_HIT,1.5,0.9,True
LONG_2.5_003,2.5,LONG,2024-01-15T09:40:00.000000000Z,0.9999999999998899,13.199999999999878,101,-2.5,SL_HIT,0.0,-2.5,SL_HIT,1.5,0.9,True
LONG_2.5_003,2.5,LONG,2024-01-15T09:41:00.000000000Z,0.5000000000010552,13.699999999998713,101,-2.5,SL_HIT,0.0,-2.5,SL_HIT,1.5,0.9,True
LONG_2.5_003,2.5,LONG,2024-01-15T09:42:00.000000000Z,0.8999999999992347,13.300000000000534,101,-2.5,SL_HIT,0.0,-2.5,SL_HIT,1.5,0.9,True
LONG_2.5_003,2.5,LONG,2024-01-15T09:43:00.000000000Z,1.1999999999989797,13.000000000000789,101,-2.5,SL_HIT,0.0,-2.5,SL_HIT,1.5,0.9,True
LONG_2.5_003,2.5,LONG,2024-01-15T09:44:00.000000000Z,2.1999999999988695,12.000000000000899,101,-2.5,SL_HIT,0.0,1.1,PARTIAL_THEN_SL,1.5,0.9,True
LONG_2.5_003,2.5,LONG,2024-01-15T09:45:00.000000000Z,1.1999999999989797,13.000000000000789,101,-2.5,SL_HIT,0.0,-2.5,SL_HIT,1.5,0.9,True
LONG_2.5_003,2.5,LONG,2024-01-15T09:46:00.000000000Z,1.500000000000945,12.699999999998823,101,-2.5,SL_HIT,0.0,1.1,PARTIAL_THEN_SL,1.5,0.9,True
LONG_2.5_003,2.5,LONG,2024-01-15T09:47:00.000000000Z,3.6999999999998145,10.499999999999954,2,2.5,TP_HIT,1.1999999999998145,1.1,PARTIAL_THEN_SL,1.5,0.9,False
LONG_2.5_003,2.5,LONG,2024-01-15T09:48:00.000000000Z,2.80000000000058,11.399999999999189,7,2.5,TP_HIT,0.3000000000005798,1.1,PARTIAL_THEN_SL,1.5,0.9,False
LONG_2.5_003,2.5,LONG,2024-01-15T09:49:00.000000000Z,0.9999999999998899,13.199999999999878,101,-2.5,SL_HIT,0.0,-2.5,SL_HIT,1.5,0.9,True
LONG_2.5_003,2.5,LONG,2024-01-15T09:50:00.000000000Z,1.8999999999991246,12.300000000000644,101,-2.5,SL_HIT,0.0,1.1,PARTIAL_THEN_SL,1.5,0.9,True
LONG_2.5_003,2.5,LONG,2024-01-15T09:51:00.000000000Z,3.4000000000000696,10.799999999999699,4,2.5,TP_HIT,0.9000000000000696,1.1,PARTIAL_THEN_SL,1.5,0.9,False
LONG_2.5_003,2.5,LONG,2024-01-15T09:52:00.000000000Z,2.9999999999996696,11.200000000000099,3,2.5,TP_HIT,0.4999999999996696,1.1,PARTIAL_THEN_SL,1.5,0.9,False
LONG_2.5_003,2.5,LONG,2024-01-15T09:53:00.000000000Z,2.4000000000001798,11.799999999999589,101,-2.5,SL_HIT,0.0,1.1,PARTIAL_THEN_SL,1.5,0.9,True
LONG_2.5_003,2.5,LONG,2024-01-15T09:54:00.000000000Z,1.9999999999997797,12.199999999999989,101,-2.5,SL_HIT,0.0,1.1,PARTIAL_THEN_SL,1.5,0.9,True
LONG_2.5_003,2.5,LONG,2024-01-15T09:55:00.000000000Z,0.0,14.199999999999768,101,-2.5,SL_HIT,0.0,-2.5,SL_HIT,1.5,0.9,True
LONG_2.5_003,2.5,LONG,2024-01-15T09:56:00.000000000Z,0.0,14.000000000000679,101,-2.5,SL_HIT,0.0,-2.5,SL_HIT,1.5,0.9,True
LONG_2.5_003,2.5,LONG,2024-01-15T09:57:00.000000000Z,0.0,13.000000000000789,101,-2.5,SL_HIT,0.0,-2.5,SL_HIT,1.5,0.9,True
LONG_2.5_003,2.5,LONG,2024-01-15T09:58:00.000000000Z,2.100000000000435,12.199999999999989,101,-2.5,SL_HIT,0.0,-2.5,SL_HIT,1.5,0.9,True
LONG_2.5_003,2.5,LONG,2024-01-15T09:59:00.000000000Z,1.2999999999996348,13.000000000000789,101,-2.5,SL_HIT,0.0,-2.5,SL_HIT,1.5,0.9,True
LONG_2.5_003,2.5,LONG,2024-01-15T10:00:00.000000000Z,4.799999999998139,10.300000000000864,92,-2.5,SL_HIT,2.299999999998139,-2.5,SL_HIT,1.5,0.9,True
LONG_2.5_003,2.5,LONG,2024-01-15T10:01:00.000000000Z,4.799999999998139,10.300000000000864,91,-2.5,SL_HIT,2.299999999998139,-2.5,SL_HIT,1.5,0.9,True
LONG_2.5_003,2.5,LONG,2024-01-15T10:02:00.000000000Z,5.899999999998684,9.200000000000319,87,-2.5,SL_HIT,3.399999999998684,-2.5,SL_HIT,1.5,0.9,True
LONG_2.5_003,2.5,LONG,2024-01-15T10:03:00.000000000Z,6.899999999998574,8.20000000000043,83,-2.5,SL_HIT,4.399999999998574,-2.5,SL_HIT,1.5,0.9,True
LONG_2.5_003,2.5,LONG,2024-01-15T10:04:00.000000000Z,8.399999999999519,6.699999999999484,79,-2.5,SL_HIT,5.899999999999519,-2.5,SL_HIT,1.5,0.9,True
LONG_2.5_003,2.5,LONG,2024-01-15T10:05:00.000000000Z,7.899999999998464,7.200000000000539,80,-2.5,SL_HIT,5.399999999998464,-2.5,SL_HIT,1.5,0.9,True
LONG_2.5_003,2.5,LONG,2024-01-15T10:06:00.000000000Z,7.199999999998319,7.900000000000684,79,-2.5,SL_HIT,4.699999999998319,-2.5,SL_HIT,1.5,0.9,True
LONG_2.5_003,2.5,LONG,2024-01-15T10:07:00.000000000Z,7.399999999999629,7.699999999999374,78,-2.5,SL_HIT,4.899999999999629,-2.5,SL_HIT,1.5,0.9,True
LONG_2.5_003,2.5,LONG,2024-01-15T10:08:00.000000000Z,7.500000000000284,7.599999999998719,77,-2.5,SL_HIT,5.000000000000284,-2.5,SL_HIT,1.5,0.9,True
LONG_2.5_003,2.5,LONG,2024-01-15T10:09:00.000000000Z,9.500000000000064,5.599999999998939,55,-2.5,SL_HIT,7.000000000000064,-2.5,SL_HIT,1.5,0.9,True
LONG_2.5_003,2.5,LONG,2024-01-15T10:10:00.000000000Z,10.499999999999954,4.599999999999049,46,-2.5,SL_HIT,7.999999999999954,-2.5,SL_HIT,1.5,0.9,True
LONG_2.5_003,2.5,LONG,2024-01-15T10:11:00.000000000Z,9.699999999999154,5.399999999999849,50,-2.5,SL_HIT,7.199999999999154,-2.5,SL_HIT,1.5,0.9,True
LONG_2.5_003,2.5,LONG,2024-01-15T10:12:00.000000000Z,11.099999999999444,3.9999999999995595,44,-2.5,SL_HIT,8.599999999999444,-2.5,SL_HIT,1.5,0.9,True
LONG_2.5_003,2.5,LONG,2024-01-15T10:13:00.000000000Z,10.899999999998133,4.20000000000087,43,-2.5,SL_HIT,8.399999999998133,-2.5,SL_HIT,1.5,0.9,True
LONG_2.5_003,2.5,LONG,2024-01-15T10:14:00.000000000Z,10.200000000000209,4.899999999998794,43,-2.5,SL_HIT,7.700000000000209,-2.5,SL_HIT,1.5,0.9,True
LONG_2.5_003,2.5,LONG,2024-01-15T10:15:00.000000000Z,11.699999999998933,3.4000000000000696,40,-2.5,SL_HIT,9.199999999998933,-2.5,SL_HIT,1.5,0.9,True
LONG_2.5_003,2.5,LONG,2024-01-15T10:16:00.000000000Z,11.900000000000244,3.1999999999987594,39,-2.5,SL_HIT,9.400000000000244,-2.5,SL_HIT,1.5,0.9,True
LONG_2.5_003,2.5,LONG,2024-01-15T10:17:00.000000000Z,13.099999999999223,1.9999999999997797,13,2.5,TP_HIT,10.599999999999223,1.4500000000000002,PARTIAL_PLUS_TP,1.5,0.9,False
LONG_2.5_003,2.5,LONG,2024-01-15T10:18:00.000000000Z,14.799999999999258,0.2999999999997449,12,2.5,TP_HIT,12.299999999999258,1.4500000000000002,PARTIAL_PLUS_TP,1.5,0.9,False
LONG_2.5_003,2.5,LONG,2024-01-15T10:19:00.000000000Z,13.900000000000023,1.1999999999989797,11,2.5,TP_HIT,11.400000000000023,1.4500000000000002,PARTIAL_PLUS_TP,1.5,0.9,False
LONG_2.5_003,2.5,LONG,2024-01-15T10:20:00.000000000Z,14.699999999998603,0.40000000000040004,10,2.5,TP_HIT,12.199999999998603,1.4500000000000002,PARTIAL_PLUS_TP,1.5,0.9,False
LONG_2.5_003,2.5,LONG,2024-01-15T10:21:00.000000000Z,14.299999999998203,0.8000000000008001,9,2.5,TP_HIT,11.799999999998203,1.4500000000000002,PARTIAL_PLUS_TP,1.5,0.9,False
LONG_2.5_003,2.5,LONG,2024-01-15T10:22:00.000000000Z,15.099999999999003,0.0,8,2.5,TP_HIT,12.599999999999003,1.4500000000000002,PARTIAL_PLUS_TP,1.5,0.9,False
LONG_2.5_003,2.5,LONG,2024-01-15T10:23:00.000000000Z,14.699999999998603,0.0,7,2.5,TP_HIT,12.199999999998603,1.4500000000000002,PARTIAL_PLUS_TP,1.5,0.9,False
LONG_2.5_003,2.5,LONG,2024-01-15T10:24:00.000000000Z,14.199999999999768,0.0,6,2.5,TP_HIT,11.699999999999768,1.4500000000000002,PARTIAL_PLUS_TP,1.5,0.9,False
LONG_2.5_003,2.5,LONG,2024-01-15T10:25:00.000000000Z,14.100000000001334,0.4999999999988347,5,2.5,TP_HIT,11.600000000001334,1.4500000000000002,PARTIAL_PLUS_TP,1.5,0.9,False
LONG_2.5_003,2.5,LONG,2024-01-15T10:26:00.000000000Z,14.600000000000168,0.0,4,2.5,TP_HIT,12.100000000000168,1.4500000000000002,PARTIAL_PLUS_TP,1.5,0.9,False
LONG_2.5_003,2.5,LONG,2024-01-15T10:27:00.000000000Z,14.500000000001734,0.0,3,2.5,TP_HIT,12.000000000001734,1.4500000000000002,PARTIAL_PLUS_TP,1.5,0.9,False
LONG_2.5_003,2.5,LONG,2024-01-15T10:28:00.000000000Z,13.600000000000279,0.9000000000014552,23,2.5,TP_HIT,11.100000000000279,1.4500000000000002,PARTIAL_PLUS_TP,1.5,0.9,False
LONG_2.5_003,2.5,LONG,2024-01-15T10:29:00.000000000Z,15.799999999999148,0.20000000000131024,1,2.5,TP_HIT,13.299999999999148,1.4500000000000002,PARTIAL_PLUS_TP,1.5,0.9,False
LONG_2.5_003,2.5,LONG,2024-01-15T10:30:00.000000000Z,13.199999999999878,3.1000000000003247,26,-2.5,SL_HIT,10.699999999999878,-2.5,SL_HIT,1.5,0.9,True
LONG_2.5_003,2.5,LONG,2024-01-15T10:31:00.000000000Z,14.799999999999258,1.900000000001345,24,2.5,TP_HIT,12.299999999999258,1.4500000000000002,PARTIAL_PLUS_TP,1.5,0.9,False
LONG_2.5_003,2.5,LONG,2024-01-15T10:32:00.000000000Z,15.499999999999403,1.900000000001345,23,2.5,TP_HIT,12.999999999999403,1.4500000000000002,PARTIAL_PLUS_TP,1.5,0.9,False
LONG_2.5_003,2.5,LONG,2024-01-15T10:33:00.000000000Z,16.40000000000086,2.500000000000835,23,-2.5,SL_HIT,13.900000000000858,-2.5,SL_HIT,1.5,0.9,True
LONG_2.5_003,2.5,LONG,2024-01-15T10:34:00.000000000Z,18.599999999999728,0.9000000000014552,17,2.5,TP_HIT,16.099999999999728,1.4500000000000002,PARTIAL_PLUS_TP,1.5,0.9,False
LONG_2.5_003,2.5,LONG,2024-01-15T10:35:00.000000000Z,19.400000000000528,0.10000000000065512,16,2.5,TP_HIT,16.900000000000528,1.4500000000000002,PARTIAL_PLUS_TP,1.5,0.9,False
LONG_2.5_003,2.5,LONG,2024-01-15T10:36:00.000000000Z,19.400000000000528,0.10000000000065512,15,2.5,TP_HIT,16.900000000000528,1.4500000000000002,PARTIAL_PLUS_TP,1.5,0.9,False
LONG_2.5_003,2.5,LONG,2024-01-15T10:37:00.000000000Z,19.799999999998708,0.9000000000014552,14,2.5,TP_HIT,17.299999999998708,1.4500000000000002,PARTIAL_PLUS_TP,1.5,0.9,False
LONG_2.5_003,2.5,LONG,2024-01-15T10:38:00.000000000Z,20.400000000000418,0.9000000000014552,13,2.5,TP_HIT,17.900000000000418,1.4500000000000002,PARTIAL_PLUS_TP,1.5,0.9,False
LONG_2.5_003,2.5,LONG,2024-01-15T10:39:00.000000000Z,19.400000000000528,1.900000000001345,16,2.5,TP_HIT,16.900000000000528,1.4500000000000002,PARTIAL_PLUS_TP,1.5,0.9,False
LONG_2.5_003,2.5,LONG,2024-01-15T10:40:00.000000000Z,19.900000000001583,1.40000000000029,11,2.5,TP_HIT,17.400000000001583,1.4500000000000002,PARTIAL_PLUS_TP,1.5,0.9,False
LONG_2.5_003,2.5,LONG,2024-01-15T10:41:00.000000000Z,20.000000000000018,1.3000000000018552,10,2.5,TP_HIT,17.500000000000018,1.4500000000000002,PARTIAL_PLUS_TP,1.5,0.9,False
LONG_2.5_003,2.5,LONG,2024-01-15T10:42:00.000000000Z,19.600000000001838,1.7000000000000348,13,2.5,TP_HIT,17.100000000001838,1.4500000000000002,PARTIAL_PLUS_TP,1.5,0.9,False
LONG_2.5_003,2.5,LONG,2024-01-15T10:43:00.000000000Z,20.800000000000818,0.5000000000010552,8,2.5,TP_HIT,18.300000000000818,1.4500000000000002,PARTIAL_PLUS_TP,1.5,0.9,False
LONG_2.5_003,2.5,LONG,2024-01-15T10:44:00.000000000Z,20.299999999999763,1.0000000000021103,7,2.5,TP_HIT,17.799999999999763,1.4500000000000002,PARTIAL_PLUS_TP,1.5,0.9,False
LONG_2.5_003,2.5,LONG,2024-01-15T10:45:00.000000000Z,20.299999999999763,1.0000000000021103,6,2.5,TP_HIT,17.799999999999763,1.4500000000000002,PARTIAL_PLUS_TP,1.5,0.9,False
LONG_2.5_003,2.5,LONG,2024-01-15T10:46:00.000000000Z,21.300000000001873,0.0,5,2.5,TP_HIT,18.800000000001873,1.4500000000000002,PARTIAL_PLUS_TP,1.5,0.9,False
LONG_2.5_003,2.5,LONG,2024-01-15T10:47:00.000000000Z,21.300000000001873,0.0,4,2.5,TP_HIT,18.800000000001873,1.4500000000000002,PARTIAL_PLUS_TP,1.5,0.9,False
LONG_2.5_003,2.5,LONG,2024-01-15T10:48:00.000000000Z,20.999999999999908,0.0,3,2.5,TP_HIT,18.499999999999908,1.4500000000000002,PARTIAL_PLUS_TP,1.5,0.9,False
LONG_2.5_003,2.5,LONG,2024-01-15T10:49:00.000000000Z,20.299999999999763,0.0,2,2.5,TP_HIT,17.799999999999763,1.4500000000000002,PARTIAL_PLUS_TP,1.5,0.9,False
LONG_2.5_003,2.5,LONG,2024-01-15T10:50:00.000000000Z,19.400000000000528,0.0,5,2.5,TP_HIT,16.900000000000528,1.4500000000000002,PARTIAL_PLUS_TP,1.5,0.9,False
LONG_2.5_003,2.5,LONG,2024-01-15T10:51:00.000000000Z,17.300000000000093,0.9000000000014552,13,2.5,TP_HIT,14.800000000000093,1.4500000000000002,PARTIAL_PLUS_TP,1.5,0.9,False
LONG_2.5_003,2.5,LONG,2024-01-15T10:52:00.000000000Z,18.20000000000155,0.0,4,2.5,TP_HIT,15.700000000001548,1.4500000000000002,PARTIAL_PLUS_TP,1.5,0.9,False
LONG_2.5_003,2.5,LONG,2024-01-15T10:53:00.000000000Z,18.000000000000238,0.0,4,2.5,TP_HIT,15.500000000000238,1.4500000000000002,PARTIAL_PLUS_TP,1.5,0.9,False
LONG_2.5_003,2.5,LONG,2024-01-15T10:54:00.000000000Z,17.900000000001803,0.0,3,2.5,TP_HIT,15.400000000001803,1.4500000000000002,PARTIAL_PLUS_TP,1.5,0.9,False
LONG_2.5_003,2.5,LONG,2024-01-15T10:55:00.000000000Z,16.899999999999693,0.0,18,2.5,TP_HIT,14.399999999999693,1.4500000000000002,PARTIAL_PLUS_TP,1.5,0.9,False
LONG_2.5_003,2.5,LONG,2024-01-15T10:56:00.000000000Z,15.500000000001624,0.8999999999992347,29,2.5,TP_HIT,13.000000000001624,1.4500000000000002,PARTIAL_PLUS_TP,1.5,0.9,False
LONG_2.5_003,2.5,LONG,2024-01-15T10:57:00.000000000Z,15.400000000000968,0.9999999999998899,28,2.5,TP_HIT,12.900000000000968,1.4500000000000002,PARTIAL_PLUS_TP,1.5,0.9,False
LONG_2.5_003,2.5,LONG,2024-01-15T10:58:00.000000000Z,15.400000000000968,0.9999999999998899,27,2.5,TP_HIT,12.900000000000968,1.4500000000000002,PARTIAL_PLUS_TP,1.5,0.9,False
LONG_2.5_003,2.5,LONG,2024-01-15T10:59:00.000000000Z,16.40000000000086,0.0,19,2.5,TP_HIT,13.900000000000858,1.4500000000000002,PARTIAL_PLUS_TP,1.5,0.9,False
LONG_2.5_003,2.5,LONG,2024-01-15T11:00:00.000000000Z,15.200000000001879,0.3999999999981796,25,2.5,TP_HIT,12.700000000001879,1.4500000000000002,PARTIAL_PLUS_TP,1.5,0.9,False
LONG_2.5_003,2.5,LONG,2024-01-15T11:01:00.000000000Z,16.40000000000086,0.7999999999985796,24,2.5,TP_HIT,13.900000000000858,1.4500000000000002,PARTIAL_PLUS_TP,1.5,0.9,False
LONG_2.5_003,2.5,LONG,2024-01-15T11:02:00.000000000Z,16.899999999999693,0.2999999999997449,23,2.5,TP_HIT,14.399999999999693,1.4500000000000002,PARTIAL_PLUS_TP,1.5,0.9,False
LONG_2.5_003,2.5,LONG,2024-01-15T11:03:00.000000000Z,16.40000000000086,0.7999999999985796,22,2.5,TP_HIT,13.900000000000858,1.4500000000000002,PARTIAL_PLUS_TP,1.5,0.9,False
LONG_2.5_003,2.5,LONG,2024-01-15T11:04:00.000000000Z,16.199999999999548,0.9999999999998899,22,2.5,TP_HIT,13.699999999999548,1.4500000000000002,PARTIAL_PLUS_TP,1.5,0.9,False
LONG_2.5_003,2.5,LONG,2024-01-15T11:05:00.000000000Z,17.000000000000348,0.1999999999990898,20,2.5,TP_HIT,14.500000000000348,1.4500000000000002,PARTIAL_PLUS_TP,1.5,0.9,False
LONG_2.5_003,2.5,LONG,2024-01-15T11:06:00.000000000Z,17.199999999999438,0.0,19,2.5,TP_HIT,14.699999999999438,1.4500000000000002,PARTIAL_PLUS_TP,1.5,0.9,False
LONG_2.5_003,2.5,LONG,2024-01-15T11:07:00.000000000Z,17.199999999999438,0.0,18,2.5,TP_HIT,14.699999999999438,1.4500000000000002,PARTIAL_PLUS_TP,1.5,0.9,False
LONG_2.5_003,2.5,LONG,2024-01-15T11:08:00.000000000Z,16.199999999999548,0.9999999999998899,18,2.5,TP_HIT,13.699999999999548,1.4500000000000002,PARTIAL_PLUS_TP,1.5,0.9,False
LONG_2.5_003,2.5,LONG,2024-01-15T11:09:00.000000000Z,16.599999999999948,0.5999999999994898,16,2.5,TP_HIT,14.099999999999948,1.4500000000000002,PARTIAL_PLUS_TP,1.5,0.9,False
LONG_2.5_003,2.5,LONG,2024-01-15T11:10:00.000000000Z,16.499999999999293,0.700000000000145,15,2.5,TP_HIT,13.999999999999293,1.4500000000000002,PARTIAL_PLUS_TP,1.5,0.9,False
LONG_2.5_003,2.5,LONG,2024-01-15T11:11:00.000000000Z,17.199999999999438,0.0,14,2.5,TP_HIT,14.699999999999438,1.4500000000000002,PARTIAL_PLUS_TP,1.5,0.9,False
LONG_2.5_003,2.5,LONG,2024-01-15T11:12:00.000000000Z,16.599999999999948,0.2999999999997449,13,2.5,TP_HIT,14.099999999999948,1.4500000000000002,PARTIAL_PLUS_TP,1.5,0.9,False
LONG_2.5_003,2.5,LONG,2024-01-15T11:13:00.000000000Z,15.799999999999148,1.100000000000545,16,2.5,TP_HIT,13.299999999999148,1.4500000000000002,PARTIAL_PLUS_TP,1.5,0.9,False
LONG_2.5_003,2.5,LONG,2024-01-15T11:14:00.000000000Z,15.600000000000058,1.2999999999996348,15,2.5,TP_HIT,13.100000000000058,1.4500000000000002,PARTIAL_PLUS_TP,1.5,0.9,False
LONG_2.5_003,2.5,LONG,2024-01-15T11:15:00.000000000Z,16.100000000001113,0.7999999999985796,11,2.5,TP_HIT,13.600000000001113,1.4500000000000002,PARTIAL_PLUS_TP,1.5,0.9,False
LONG_2.5_003,2.5,LONG,2024-01-15T11:16:00.000000000Z,15.600000000000058,1.2999999999996348,13,2.5,TP_HIT,13.100000000000058,1.4500000000000002,PARTIAL_PLUS_TP,1.5,0.9,False
LONG_2.5_003,2.5,LONG,2024-01-15T11:17:00.000000000Z,15.600000000000058,1.2999999999996348,12,2.5,TP_HIT,13.100000000000058,1.4500000000000002,PARTIAL_PLUS_TP,1.5,0.9,False
LONG_2.5_003,2.5,LONG,2024-01-15T11:18:00.000000000Z,15.400000000000968,1.4999999999987246,11,2.5,TP_HIT,12.900000000000968,1.4500000000000002,PARTIAL_PLUS_TP,1.5,0.9,False
LONG_2.5_003,2.5,LONG,2024-01-15T11:19:00.000000000Z,16.899999999999693,0.0,6,2.5,TP_HIT,14.399999999999693,1.4500000000000002,PARTIAL_PLUS_TP,1.5,0.9,False
LONG_2.5_003,2.5,LONG,2024-01-15T11:20:00.000000000Z,16.499999999999293,0.30000000000196536,5,2.5,TP_HIT,13.999999999999293,1.4500000000000002,PARTIAL_PLUS_TP,1.5,0.9,False
LONG_2.5_003,2.5,LONG,2024-01-15T11:21:00.000000000Z,16.199999999999548,0.6000000000017103,5,2.5,TP_HIT,13.699999999999548,1.4500000000000002,PARTIAL_PLUS_TP,1.5,0.9,False
LONG_2.5_003,2.5,LONG,2024-01-15T11:22:00.000000000Z,16.80000000000126,0.0,3,2.5,TP_HIT,14.300000000001258,1.4500000000000002,PARTIAL_PLUS_TP,1.5,0.9,False
LONG_2.5_003,2.5,LONG,2024-01-15T11:23:00.000000000Z,15.000000000000568,1.1999999999989797,6,2.5,TP_HIT,12.500000000000568,1.4500000000000002,PARTIAL_PLUS_TP,1.5,0.9,False
LONG_2.5_003,2.5,LONG,2024-01-15T11:24:00.000000000Z,15.199999999999658,0.9999999999998899,5,2.5,TP_HIT,12.699999999999658,1.4500000000000002,PARTIAL_PLUS_TP,1.5,0.9,False
LONG_2.5_003,2.5,LONG,2024-01-15T11:25:00.000000000Z,13.799999999999368,2.4000000000001798,13,2.5,TP_HIT,11.299999999999368,1.4500000000000002,PARTIAL_PLUS_TP,1.5,0.9,False
LONG_2.5_003,2.5,LONG,2024-01-15T11:26:00.000000000Z,13.600000000000279,2.5999999999992696,12,2.5,TP_HIT,11.100000000000279,1.1,PARTIAL_THEN_SL,1.5,0.9,False
LONG_2.5_003,2.5,LONG,2024-01-15T11:27:00.000000000Z,13.300000000000534,2.8999999999990145,11,2.5,TP_HIT,10.800000000000534,1.1,PARTIAL_THEN_SL,1.5,0.9,False
LONG_2.5_003,2.5,LONG,2024-01-15T11:28:00.000000000Z,13.499999999999623,2.6999999999999247,10,2.5,TP_HIT,10.999999999999623,1.1,PARTIAL_THEN_SL,1.5,0.9,False
LONG_2.5_003,2.5,LONG,2024-01-15T11:29:00.000000000Z,11.799999999999589,4.3999999999999595,36,-2.5,SL_HIT,9.299999999999589,1.1,PARTIAL_THEN_SL,1.5,0.9,True
LONG_2.5_003,2.5,LONG,2024-01-15T11:30:00.000000000Z,12.399999999999078,3.8000000000004697,10,2.5,TP_HIT,9.899999999999078,1.1,PARTIAL_THEN_SL,1.5,0.9,False
LONG_2.5_003,2.5,LONG,2024-01-15T11:31:00.000000000Z,11.600000000000499,4.599999999999049,34,-2.5,SL_HIT,9.100000000000499,1.1,PARTIAL_THEN_SL,1.5,0.9,True
LONG_2.5_003,2.5,LONG,2024-01-15T11:32:00.000000000Z,11.399999999999189,4.8000000000003595,33,-2.5,SL_HIT,8.899999999999189,-2.5,SL_HIT,1.5,0.9,True
LONG_2.5_003,2.5,LONG,2024-01-15T11:33:00.000000000Z,12.399999999999078,3.8000000000004697,7,2.5,TP_HIT,9.899999999999078,1.1,PARTIAL_THEN_SL,1.5,0.9,False
LONG_2.5_003,2.5,LONG,2024-01-15T11:34:00.000000000Z,14.099999999999113,2.100000000000435,3,2.5,TP_HIT,11.599999999999113,1.4500000000000002,PARTIAL_PLUS_TP,1.5,0.9,False
LONG_2.5_003,2.5,LONG,2024-01-15T11:35:00.000000000Z,14.000000000000679,2.1999999999988695,2,2.5,TP_HIT,11.500000000000679,1.4500000000000002,PARTIAL_PLUS_TP,1.5,0.9,False
LONG_2.5_003,2.5,LONG,2024-01-15T11:36:00.000000000Z,12.000000000000899,4.199999999998649,4,2.5,TP_HIT,9.500000000000899,1.1,PARTIAL_THEN_SL,1.5,0.9,False
LONG_2.5_003,2.5,LONG,2024-01-15T11:37:00.000000000Z,11.399999999999189,4.8000000000003595,28,-2.5,SL_HIT,8.899999999999189,1.1,PARTIAL_THEN_SL,1.5,0.9,True
LONG_2.5_003,2.5,LONG,2024-01-15T11:38:00.000000000Z,10.099999999999554,6.099999999999994,31,-2.5,SL_HIT,7.599999999999554,-2.5,SL_HIT,1.5,0.9,True
LONG_2.5_003,2.5,LONG,2024-01-15T11:39:00.000000000Z,10.200000000000209,5.999999999999339,30,-2.5,SL_HIT,7.700000000000209,-2.5,SL_HIT,1.5,0.9,True
LONG_2.5_003,2.5,LONG,2024-01-15T11:40:00.000000000Z,9.300000000000974,6.899999999998574,30,-2.5,SL_HIT,6.800000000000974,-2.5,SL_HIT,1.5,0.9,True
LONG_2.5_003,2.5,LONG,2024-01-15T11:41:00.000000000Z,12.199999999999989,3.9999999999995595,24,-2.5,SL_HIT,9.699999999999989,-2.5,SL_HIT,1.5,0.9,True
LONG_2.5_003,2.5,LONG,2024-01-15T11:42:00.000000000Z,12.099999999999334,4.100000000000215,23,-2.5,SL_HIT,9.599999999999334,-2.5,SL_HIT,1.5,0.9,True
LONG_2.5_003,2.5,LONG,2024-01-15T11:43:00.000000000Z,11.600000000000499,4.599999999999049,22,-2.5,SL_HIT,9.100000000000499,-2.5,SL_HIT,1.5,0.9,True
LONG_2.5_003,2.5,LONG,2024-01-15T11:44:00.000000000Z,11.799999999999589,4.3999999999999595,21,-2.5,SL_HIT,9.299999999999589,-2.5,SL_HIT,1.5,0.9,True
LONG_2.5_003,2.5,LONG,2024-01-15T11:45:00.000000000Z,13.799999999999368,2.4000000000001798,19,2.5,TP_HIT,11.299999999999368,1.4500000000000002,PARTIAL_PLUS_TP,1.5,0.9,False
LONG_2.5_003,2.5,LONG,2024-01-15T11:46:00.000000000Z,14.799999999999258,1.40000000000029,1,2.5,TP_HIT,12.299999999999258,1.4500000000000002,PARTIAL_PLUS_TP,1.5,0.9,False
LONG_2.5_003,2.5,LONG,2024-01-15T11:47:00.000000000Z,12.199999999999989,3.9999999999995595,18,-2.5,SL_HIT,9.699999999999989,-2.5,SL_HIT,1.5,0.9,True
LONG_2.5_003,2.5,LONG,2024-01-15T11:48:00.000000000Z,12.099999999999334,4.100000000000215,17,-2.5,SL_HIT,9.599999999999334,-2.5,SL_HIT,1.5,0.9,True
LONG_2.5_003,2.5,LONG,2024-01-15T11:49:00.000000000Z,13.600000000000279,2.5999999999992696,15,-2.5,SL_HIT,11.100000000000279,-2.5,SL_HIT,1.5,0.9,True
LONG_2.5_003,2.5,LONG,2024-01-15T11:50:00.000000000Z,13.600000000000279,2.5999999999992696,14,-2.5,SL_HIT,11.100000000000279,-2.5,SL_HIT,1.5,0.9,True
LONG_2.5_003,2.5,LONG,2024-01-15T11:51:00.000000000Z,13.700000000000934,2.4999999999986144,13,2.5,TP_HIT,11.200000000000934,1.4500000000000002,PARTIAL_PLUS_TP,1.5,0.9,False
LONG_2.5_003,2.5,LONG,2024-01-15T11:52:00.000000000Z,16.199999999999548,0.0,4,2.5,TP_HIT,13.699999999999548,1.4500000000000002,PARTIAL_PLUS_TP,1.5,0.9,False
LONG_2.5_003,2.5,LONG,2024-01-15T11:53:00.000000000Z,15.600000000000058,0.0,4,2.5,TP_HIT,13.100000000000058,1.4500000000000002,PARTIAL_PLUS_TP,1.5,0.9,False
LONG_2.5_003,2.5,LONG,2024-01-15T11:54:00.000000000Z,15.400000000000968,0.0,3,2.5,TP_HIT,12.900000000000968,1.4500000000000002,PARTIAL_PLUS_TP,1.5,0.9,False
LONG_2.5_003,2.5,LONG,2024-01-15T11:55:00.000000000Z,15.100000000001224,0.0,2,2.5,TP_HIT,12.600000000001224,1.4500000000000002,PARTIAL_PLUS_TP,1.5,0.9,False
LONG_2.5_003,2.5,LONG,2024-01-15T11:56:00.000000000Z,13.600000000000279,0.0,8,2.5,TP_HIT,11.100000000000279,1.4500000000000002,PARTIAL_PLUS_TP,1.5,0.9,False
LONG_2.5_003,2.5,LONG,2024-01-15T11:57:00.000000000Z,11.900000000000244,1.500000000000945,8,2.5,TP_HIT,9.400000000000244,1.4500000000000002,PARTIAL_PLUS_TP,1.5,0.9,False
LONG_2.5_003,2.5,LONG,2024-01-15T11:58:00.000000000Z,11.399999999999189,2.000000000002,7,2.5,TP_HIT,8.899999999999189,1.4500000000000002,PARTIAL_PLUS_TP,1.5,0.9,False
LONG_2.5_003,2.5,LONG,2024-01-15T11:59:00.000000000Z,12.799999999999478,0.6000000000017103,5,2.5,TP_HIT,10.299999999999478,1.4500000000000002,PARTIAL_PLUS_TP,1.5,0.9,False
LONG_2.5_003,2.5,LONG,2024-01-15T12:00:00.000000000Z,13.099999999999223,0.30000000000196536,4,2.5,TP_HIT,10.599999999999223,1.4500000000000002,PARTIAL_PLUS_TP,1.5,0.9,False
LONG_2.5_003,2.5,LONG,2024-01-15T12:01:00.000000000Z,13.400000000001189,0.0,3,2.5,TP_HIT,10.900000000001189,1.4500000000000002,PARTIAL_PLUS_TP,1.5,0.9,False
LONG_2.5_003,2.5,LONG,2024-01-15T12:02:00.000000000Z,13.199999999999878,0.20000000000131024,2,2.5,TP_HIT,10.699999999999878,1.4500000000000002,PARTIAL_PLUS_TP,1.5,0.9,False
LONG_2.5_003,2.5,LONG,2024-01-15T12:03:00.000000000Z,13.400000000001189,0.0,1,2.5,TP_HIT,10.900000000001189,1.4500000000000002,PARTIAL_PLUS_TP,1.5,0.9,False
LONG_2.5_003,2.5,LONG,2024-01-15T12:04:00.000000000Z,9.900000000000464,3.5000000000007248,5,2.5,TP_HIT,7.400000000000464,1.1,PARTIAL_THEN_SL,1.5,0.9,False
LONG_2.5_003,2.5,LONG,2024-01-15T12:05:00.000000000Z,8.399999999999519,5.00000000000167,7,2.5,TP_HIT,5.899999999999519,1.1,PARTIAL_THEN_SL,1.5,0.9,False
LONG_2.5_003,2.5,LONG,2024-01-15T12:06:00.000000000Z,8.699999999999264,4.700000000001925,6,2.5,TP_HIT,6.199999999999264,1.1,PARTIAL_THEN_SL,1.5,0.9,False
LONG_2.5_003,2.5,LONG,2024-01-15T12:07:00.000000000Z,9.200000000000319,4.20000000000087,3,2.5,TP_HIT,6.700000000000319,1.1,PARTIAL_THEN_SL,1.5,0.9,False
LONG_2.5_003,2.5,LONG,2024-01-15T12:08:00.000000000Z,8.799999999999919,4.60000000000127,3,2.5,TP_HIT,6.299999999999919,1.1,PARTIAL_THEN_SL,1.5,0.9,False
LONG_2.5_003,2.5,LONG,2024-01-15T12:09:00.000000000Z,6.900000000000794,6.500000000000394,4,2.5,TP_HIT,4.400000000000794,1.1,PARTIAL_THEN_SL,1.5,0.9,False
LONG_2.5_003,2.5,LONG,2024-01-15T12:10:00.000000000Z,6.6000000000010495,6.800000000000139,3,2.5,TP_HIT,4.1000000000010495,1.1,PARTIAL_THEN_SL,1.5,0.9,False
LONG_2.5_003,2.5,LONG,2024-01-15T12:11:00.000000000Z,6.200000000000649,7.200000000000539,3,2.5,TP_HIT,3.7000000000006494,1.1,PARTIAL_THEN_SL,1.5,0.9,False
LONG_2.5_003,2.5,LONG,2024-01-15T12:12:00.000000000Z,5.5000000000005045,7.900000000000684,5,2.5,TP_HIT,3.0000000000005045,1.1,PARTIAL_THEN_SL,1.5,0.9,False
LONG_2.5_003,2.5,LONG,2024-01-15T12:13:00.000000000Z,3.9999999999995595,9.40000000000163,28,-2.5,SL_HIT,1.4999999999995595,1.1,PARTIAL_THEN_SL,1.5,0.9,True
LONG_2.5_003,2.5,LONG,2024-01-15T12:14:00.000000000Z,3.4000000000000696,10.000000000001119,27,-2.5,SL_HIT,0.9000000000000696,1.1,PARTIAL_THEN_SL,1.5,0.9,True
LONG_2.5_003,2.5,LONG,2024-01-15T12:15:00.000000000Z,3.4000000000000696,10.000000000001119,26,-2.5,SL_HIT,0.9000000000000696,1.1,PARTIAL_THEN_SL,1.5,0.9,True
LONG_2.5_003,2.5,LONG,2024-01-15T12:16:00.000000000Z,3.5000000000007248,9.900000000000464,25,-2.5,SL_HIT,1.0000000000007248,1.1,PARTIAL_THEN_SL,1.5,0.9,True
LONG_2.5_003,2.5,LONG,2024-01-15T12:17:00.000000000Z,2.20000000000109,11.200000000000099,101,-2.5,SL_HIT,0.0,-2.5,SL_HIT,1.5,0.9,True
LONG_2.5_003,2.5,LONG,2024-01-15T12:18:00.000000000Z,1.5999999999993797,11.800000000001809,101,-2.5,SL_HIT,0.0,-2.5,SL_HIT,1.5,0.9,True
LONG_2.5_003,2.5,LONG,2024-01-15T12:19:00.000000000Z,3.900000000001125,9.500000000000064,22,-2.5,SL_HIT,1.4000000000011248,-2.5,SL_HIT,1.5,0.9,True
LONG_2.5_003,2.5,LONG,2024-01-15T12:20:00.000000000Z,3.8000000000004697,9.600000000000719,21,-2.5,SL_HIT,1.3000000000004697,-2.5,SL_HIT,1.5,0.9,True
LONG_2.5_003,2.5,LONG,2024-01-15T12:21:00.000000000Z,3.20000000000098,10.200000000000209,20,-2.5,SL_HIT,0.7000000000009798,-2.5,SL_HIT,1.5,0.9,True
LONG_2.5_003,2.5,LONG,2024-01-15T12:22:00.000000000Z,4.20000000000087,9.200000000000319,19,-2.5,SL_HIT,1.7000000000008697,-2.5,SL_HIT,1.5,0.9,True
LONG_2.5_003,2.5,LONG,2024-01-15T12:23:00.000000000Z,5.800000000000249,7.600000000000939,17,-2.5,SL_HIT,3.3000000000002494,-2.5,SL_HIT,1.5,0.9,True
LONG_2.5_003,2.5,LONG,2024-01-15T12:24:00.000000000Z,6.200000000000649,7.200000000000539,16,-2.5,SL_HIT,3.7000000000006494,1.1,PARTIAL_THEN_SL,1.5,0.9,True
LONG_2.5_003,2.5,LONG,2024-01-15T12:25:00.000000000Z,6.6000000000010495,7.999999999999119,15,-2.5,SL_HIT,4.1000000000010495,1.1,PARTIAL_THEN_SL,1.5,0.9,True
LONG_2.5_003,2.5,LONG,2024-01-15T12:26:00.000000000Z,4.699999999999704,12.100000000001554,15,-2.5,SL_HIT,2.1999999999997044,-2.5,SL_HIT,1.5,0.9,True
LONG_2.5_003,2.5,LONG,2024-01-15T12:27:00.000000000Z,6.800000000000139,10.499999999999954,13,-2.5,SL_HIT,4.300000000000139,-2.5,SL_HIT,1.5,0.9,True
LONG_2.5_003,2.5,LONG,2024-01-15T12:28:00.000000000Z,7.600000000000939,10.399999999999299,12,-2.5,SL_HIT,5.100000000000939,-2.5,SL_HIT,1.5,0.9,True
LONG_2.5_003,2.5,LONG,2024-01-15T12:29:00.000000000Z,7.600000000000939,10.399999999999299,11,-2.5,SL_HIT,5.100000000000939,-2.5,SL_HIT,1.5,0.9,True
LONG_2.5_003,2.5,LONG,2024-01-15T12:30:00.000000000Z,8.799999999999919,9.200000000000319,10,2.5,TP_HIT,6.299999999999919,1.1,PARTIAL_THEN_SL,1.5,0.9,False
LONG_2.5_003,2.5,LONG,2024-01-15T12:31:00.000000000Z,9.00000000000123,8.999999999999009,9,2.5,TP_HIT,6.500000000001229,1.1,PARTIAL_THEN_SL,1.5,0.9,False
LONG_2.5_003,2.5,LONG,2024-01-15T12:32:00.000000000Z,8.799999999999919,9.200000000000319,8,2.5,TP_HIT,6.299999999999919,1.1,PARTIAL_THEN_SL,1.5,0.9,False
LONG_2.5_003,2.5,LONG,2024-01-15T12:33:00.000000000Z,11.200000000000099,6.800000000000139,1,2.5,TP_HIT,8.700000000000099,1.1,PARTIAL_THEN_SL,1.5,0.9,False
LONG_2.5_003,2.5,LONG,2024-01-15T12:34:00.000000000Z,6.999999999999229,11.300000000000754,6,-2.5,SL_HIT,4.499999999999229,-2.5,SL_HIT,1.5,0.9,True
LONG_2.5_003,2.5,LONG,2024-01-15T12:35:00.000000000Z,7.999999999999119,10.300000000000864,5,2.5,TP_HIT,5.499999999999119,1.1,PARTIAL_THEN_SL,1.5,0.9,False
LONG_2.5_003,2.5,LONG,2024-01-15T12:36:00.000000000Z,7.300000000001194,10.999999999998789,4,-2.5,SL_HIT,4.800000000001194,-2.5,SL_HIT,1.5,0.9,True
LONG_2.5_003,2.5,LONG,2024-01-15T12:37:00.000000000Z,8.20000000000043,10.099999999999554,3,2.5,TP_HIT,5.700000000000429,1.1,PARTIAL_THEN_SL,1.5,0.9,False
LONG_2.5_003,2.5,LONG,2024-01-15T12:38:00.000000000Z,10.200000000000209,8.099999999999774,1,2.5,TP_HIT,7.700000000000209,1.1,PARTIAL_THEN_SL,1.5,0.9,False
LONG_2.5_003,2.5,LONG,2024-01-15T12:39:00.000000000Z,6.6000000000010495,12.199999999999989,1,2.5,TP_HIT,4.1000000000010495,1.1,PARTIAL_THEN_SL,1.5,0.9,False
LONG_2.5_003,2.5,LONG,2024-01-15T12:40:00.000000000Z,2.5999999999992696,16.20000000000177,1,2.5,TP_HIT,0.09999999999926956,1.1,PARTIAL_THEN_SL,1.5,0.9,False
LONG_2.5_003,2.5,LONG,2024-01-15T12:41:00.000000000Z,0.0,19.000000000000128,101,-2.5,SL_HIT,0.0,-2.5,SL_HIT,1.5,0.9,True
LONG_2.5_003,2.5,LONG,2024-01-15T12:42:00.000000000Z,1.7000000000000348,16.099999999998893,101,-2.5,SL_HIT,0.0,1.1,PARTIAL_THEN_SL,1.5,0.9,True
LONG_2.5_003,2.5,LONG,2024-01-15T12:43:00.000000000Z,0.1999999999990898,17.599999999999838,101,-2.5,SL_HIT,0.0,-2.5,SL_HIT,1.5,0.9,True
LONG_2.5_003,2.5,LONG,2024-01-15T12:44:00.000000000Z,2.5999999999992696,15.199999999999658,9,2.5,TP_HIT,0.09999999999926956,1.1,PARTIAL_THEN_SL,1.5,0.9,False
LONG_2.5_003,2.5,LONG,2024-01-15T12:45:00.000000000Z,2.7999999999983594,15.000000000000568,8,2.5,TP_HIT,0.29999999999835936,1.1,PARTIAL_THEN_SL,1.5,0.9,False
LONG_2.5_003,2.5,LONG,2024-01-15T12:46:00.000000000Z,4.3999999999999595,13.399999999998968,3,2.5,TP_HIT,1.8999999999999595,1.1,PARTIAL_THEN_SL,1.5,0.9,False
LONG_2.5_003,2.5,LONG,2024-01-15T12:47:00.000000000Z,3.4000000000000696,14.399999999998858,3,2.5,TP_HIT,0.9000000000000696,1.1,PARTIAL_THEN_SL,1.5,0.9,False
LONG_2.5_003,2.5,LONG,2024-01-15T12:48:00.000000000Z,2.9999999999996696,14.799999999999258,5,2.5,TP_HIT,0.4999999999996696,1.1,PARTIAL_THEN_SL,1.5,0.9,False
LONG_2.5_003,2.5,LONG,2024-01-15T12:49:00.000000000Z,1.5999999999993797,16.199999999999548,101,-2.5,SL_HIT,0.0,1.1,PARTIAL_THEN_SL,1.5,0.9,True
LONG_2.5_003,2.5,LONG,2024-01-15T12:50:00.000000000Z,0.6999999999979245,17.100000000001003,101,-2.5,SL_HIT,0.0,-2.5,SL_HIT,1.5,0.9,True
LONG_2.5_003,2.5,LONG,2024-01-15T12:51:00.000000000Z,2.1999999999988695,15.600000000000058,101,-2.5,SL_HIT,0.0,1.1,PARTIAL_THEN_SL,1.5,0.9,True
LONG_2.5_003,2.5,LONG,2024-01-15T12:52:00.000000000Z,0.9999999999998899,16.799999999999038,101,-2.5,SL_HIT,0.0,-2.5,SL_HIT,1.5,0.9,True
LONG_2.5_003,2.5,LONG,2024-01-15T12:53:00.000000000Z,0.0,17.799999999998928,101,-2.5,SL_HIT,0.0,-2.5,SL_HIT,1.5,0.9,True
LONG_2.5_004,2.5,LONG,2024-01-15T13:04:00.000000000Z,3.1000000000003247,10.200000000000209,30,-2.5,SL_HIT,0.6000000000003247,-2.5,SL_HIT,1.5,0.9,True
LONG_2.5_004,2.5,LONG,2024-01-15T13:05:00.000000000Z,1.7000000000000348,11.600000000000499,101,-2.5,SL_HIT,0.0,-2.5,SL_HIT,1.5,0.9,True
LONG_2.5_004,2.5,LONG,2024-01-15T13:06:00.000000000Z,3.300000000001635,9.999999999998899,28,-2.5,SL_HIT,0.800000000001635,-2.5,SL_HIT,1.5,0.9,True
LONG_2.5_004,2.5,LONG,2024-01-15T13:07:00.000000000Z,3.6999999999998145,9.600000000000719,24,-2.5,SL_HIT,1.1999999999998145,-2.5,SL_HIT,1.5,0.9,True
LONG_2.5_004,2.5,LONG,2024-01-15T13:08:00.000000000Z,5.1000000000001044,8.20000000000043,11,-2.5,SL_HIT,2.6000000000001044,-2.5,SL_HIT,1.5,0.9,True
LONG_2.5_004,2.5,LONG,2024-01-15T13:09:00.000000000Z,7.7000000000015945,5.599999999998939,2,2.5,TP_HIT,5.2000000000015945,1.1,PARTIAL_THEN_SL,1.5,0.9,False
LONG_2.5_004,2.5,LONG,2024-01-15T13:10:00.000000000Z,5.9000000000009045,7.399999999999629,9,2.5,TP_HIT,3.4000000000009045,1.1,PARTIAL_THEN_SL,1.5,0.9,False
LONG_2.5_004,2.5,LONG,2024-01-15T13:11:00.000000000Z,4.500000000000615,8.799999999999919,20,-2.5,SL_HIT,2.0000000000006146,-2.5,SL_HIT,1.5,0.9,True
LONG_2.5_004,2.5,LONG,2024-01-15T13:12:00.000000000Z,5.699999999999594,7.600000000000939,7,2.5,TP_HIT,3.1999999999995943,1.1,PARTIAL_THEN_SL,1.5,0.9,False
LONG_2.5_004,2.5,LONG,2024-01-15T13:13:00.000000000Z,6.500000000000394,6.800000000000139,4,2.5,TP_HIT,4.000000000000394,1.1,PARTIAL_THEN_SL,1.5,0.9,False
LONG_2.5_004,2.5,LONG,2024-01-15T13:14:00.000000000Z,6.500000000000394,6.800000000000139,3,2.5,TP_HIT,4.000000000000394,1.1,PARTIAL_THEN_SL,1.5,0.9,False
LONG_2.5_004,2.5,LONG,2024-01-15T13:15:00.000000000Z,7.099999999999884,6.200000000000649,2,2.5,TP_HIT,4.599999999999884,1.1,PARTIAL_THEN_SL,1.5,0.9,False
LONG_2.5_004,2.5,LONG,2024-01-15T13:16:00.000000000Z,4.900000000001015,8.399999999999519,3,2.5,TP_HIT,2.4000000000010147,1.1,PARTIAL_THEN_SL,1.5,0.9,False
LONG_2.5_004,2.5,LONG,2024-01-15T13:17:00.000000000Z,3.900000000001125,9.399999999999409,14,2.5,TP_HIT,1.4000000000011248,1.1,PARTIAL_THEN_SL,1.5,0.9,False
LONG_2.5_004,2.5,LONG,2024-01-15T13:18:00.000000000Z,3.9999999999995595,9.300000000000974,13,2.5,TP_HIT,1.4999999999995595,1.1,PARTIAL_THEN_SL,1.5,0.9,False
LONG_2.5_004,2.5,LONG,2024-01-15T13:19:00.000000000Z,2.100000000000435,11.200000000000099,101,-2.5,SL_HIT,0.0,-2.5,SL_HIT,1.5,0.9,True
LONG_2.5_004,2.5,LONG,2024-01-15T13:20:00.000000000Z,2.100000000000435,11.200000000000099,101,-2.5,SL_HIT,0.0,-2.5,SL_HIT,1.5,0.9,True
LONG_2.5_004,2.5,LONG,2024-01-15T13:21:00.000000000Z,2.100000000000435,11.200000000000099,101,-2.5,SL_HIT,0.0,-2.5,SL_HIT,1.5,0.9,True
LONG_2.5_004,2.5,LONG,2024-01-15T13:22:00.000000000Z,3.6999999999998145,9.600000000000719,9,2.5,TP_HIT,1.1999999999998145,1.1,PARTIAL_THEN_SL,1.5,0.9,False
LONG_2.5_004,2.5,LONG,2024-01-15T13:23:00.000000000Z,3.6999999999998145,9.600000000000719,8,2.5,TP_HIT,1.1999999999998145,1.1,PARTIAL_THEN_SL,1.5,0.9,False
LONG_2.5_004,2.5,LONG,2024-01-15T13:24:00.000000000Z,4.100000000000215,9.200000000000319,7,2.5,TP_HIT,1.6000000000002146,1.1,PARTIAL_THEN_SL,1.5,0.9,False
LONG_2.5_004,2.5,LONG,2024-01-15T13:25:00.000000000Z,2.900000000001235,10.399999999999299,10,2.5,TP_HIT,0.4000000000012349,1.1,PARTIAL_THEN_SL,1.5,0.9,False
LONG_2.5_004,2.5,LONG,2024-01-15T13:26:00.000000000Z,4.100000000000215,9.200000000000319,5,2.5,TP_HIT,1.6000000000002146,1.1,PARTIAL_THEN_SL,1.5,0.9,False
LONG_2.5_004,2.5,LONG,2024-01-15T13:27:00.000000000Z,2.9999999999996696,10.300000000000864,8,2.5,TP_HIT,0.4999999999996696,1.1,PARTIAL_THEN_SL,1.5,0.9,False
LONG_2.5_004,2.5,LONG,2024-01-15T13:28:00.000000000Z,5.1000000000001044,8.20000000000043,2,2.5,TP_HIT,2.6000000000001044,1.1,PARTIAL_THEN_SL,1.5,0.9,False
LONG_2.5_004,2.5,LONG,2024-01-15T13:29:00.000000000Z,5.1000000000001044,8.20000000000043,1,2.5,TP_HIT,2.6000000000001044,1.1,PARTIAL_THEN_SL,1.5,0.9,False
LONG_2.5_004,2.5,LONG,2024-01-15T13:30:00.000000000Z,2.500000000000835,10.799999999999699,5,2.5,TP_HIT,8.348877145181177e-13,1.1,PARTIAL_THEN_SL,1.5,0.9,False
LONG_2.5_004,2.5,LONG,2024-01-15T13:31:00.000000000Z,0.9999999999998899,12.300000000000644,101,-2.5,SL_HIT,0.0,-2.5,SL_HIT,1.5,0.9,True
LONG_2.5_004,2.5,LONG,2024-01-15T13:32:00.000000000Z,0.9000000000014552,12.399999999999078,101,-2.5,SL_HIT,0.0,-2.5,SL_HIT,1.5,0.9,True
LONG_2.5_004,2.5,LONG,2024-01-15T13:33:00.000000000Z,1.2999999999996348,12.000000000000899,101,-2.5,SL_HIT,0.0,-2.5,SL_HIT,1.5,0.9,True
LONG_2.5_004,2.5,LONG,2024-01-15T13:34:00.000000000Z,0.5999999999994898,12.700000000001044,101,-2.5,SL_HIT,0.0,-2.5,SL_HIT,1.5,0.9,True
LONG_2.5_004,2.5,LONG,2024-01-15T13:35:00.000000000Z,0.0,13.300000000000534,101,-2.5,SL_HIT,0.0,-2.5,SL_HIT,1.5,0.9,True
LONG_2.5_005,2.5,LONG,2024-01-15T13:41:00.000000000Z,2.900000000001235,9.399999999999409,10,2.5,TP_HIT,0.4000000000012349,1.1,PARTIAL_THEN_SL,1.5,0.9,False
LONG_2.5_005,2.5,LONG,2024-01-15T13:42:00.000000000Z,2.4000000000001798,9.900000000000464,101,-2.5,SL_HIT,0.0,1.1,PARTIAL_THEN_SL,1.5,0.9,True
LONG_2.5_005,2.5,LONG,2024-01-15T13:43:00.000000000Z,2.100000000000435,10.200000000000209,101,-2.5,SL_HIT,0.0,1.1,PARTIAL_THEN_SL,1.5,0.9,True
LONG_2.5_005,2.5,LONG,2024-01-15T13:44:00.000000000Z,1.7000000000000348,10.600000000000609,101,-2.5,SL_HIT,0.0,1.1,PARTIAL_THEN_SL,1.5,0.9,True
LONG_2.5_005,2.5,LONG,2024-01-15T13:45:00.000000000Z,1.7000000000000348,10.600000000000609,101,-2.5,SL_HIT,0.0,1.1,PARTIAL_THEN_SL,1.5,0.9,True
LONG_2.5_005,2.5,LONG,2024-01-15T13:46:00.000000000Z,2.100000000000435,10.200000000000209,101,-2.5,SL_HIT,0.0,1.1,PARTIAL_THEN_SL,1.5,0.9,True
LONG_2.5_005,2.5,LONG,2024-01-15T13:47:00.000000000Z,2.500000000000835,9.799999999999809,4,2.5,TP_HIT,8.348877145181177e-13,1.1,PARTIAL_THEN_SL,1.5,0.9,False
LONG_2.5_005,2.5,LONG,2024-01-15T13:48:00.000000000Z,2.100000000000435,10.200000000000209,101,-2.5,SL_HIT,0.0,1.1,PARTIAL_THEN_SL,1.5,0.9,True
LONG_2.5_005,2.5,LONG,2024-01-15T13:49:00.000000000Z,1.2999999999996348,11.000000000001009,101,-2.5,SL_HIT,0.0,-2.5,SL_HIT,1.5,0.9,True
LONG_2.5_005,2.5,LONG,2024-01-15T13:50:00.000000000Z,0.700000000000145,11.600000000000499,101,-2.5,SL_HIT,0.0,-2.5,SL_HIT,1.5,0.9,True
LONG_2.5_005,2.5,LONG,2024-01-15T13:51:00.000000000Z,0.0,12.300000000000644,101,-2.5,SL_HIT,0.0,-2.5,SL_HIT,1.5,0.9,True
LONG_2.5_006,2.5,LONG,2024-01-15T14:05:00.000000000Z,2.9999999999996696,5.20000000000076,81,-2.5,SL_HIT,0.4999999999996696,-2.5,SL_HIT,1.5,0.9,True
LONG_2.5_006,2.5,LONG,2024-01-15T14:06:00.000000000Z,5.20000000000076,2.9999999999996696,54,2.5,TP_HIT,2.7000000000007596,1.1,PARTIAL_THEN_SL,1.5,0.9,False
LONG_2.5_006,2.5,LONG,2024-01-15T14:07:00.000000000Z,5.699999999999594,2.500000000000835,23,2.5,TP_HIT,3.1999999999995943,1.1,PARTIAL_THEN_SL,1.5,0.9,False
LONG_2.5_006,2.5,LONG,2024-01-15T14:08:00.000000000Z,6.399999999999739,1.80000000000069,18,2.5,TP_HIT,3.8999999999997392,1.4500000000000002,PARTIAL_PLUS_TP,1.5,0.9,False
LONG_2.5_006,2.5,LONG,2024-01-15T14:09:00.000000000Z,5.399999999999849,2.80000000000058,51,2.5,TP_HIT,2.8999999999998494,1.1,PARTIAL_THEN_SL,1.5,0.9,False
LONG_2.5_006,2.5,LONG,2024-01-15T14:10:00.000000000Z,6.500000000000394,1.9999999999997797,16,2.5,TP_HIT,4.000000000000394,1.4500000000000002,PARTIAL_PLUS_TP,1.5,0.9,False
LONG_2.5_006,2.5,LONG,2024-01-15T14:11:00.000000000Z,6.399999999999739,2.4000000000001798,19,2.5,TP_HIT,3.8999999999997392,1.4500000000000002,PARTIAL_PLUS_TP,1.5,0.9,False
LONG_2.5_006,2.5,LONG,2024-01-15T14:12:00.000000000Z,6.599999999998829,2.20000000000109,18,2.5,TP_HIT,4.099999999998829,1.4500000000000002,PARTIAL_PLUS_TP,1.5,0.9,False
LONG_2.5_006,2.5,LONG,2024-01-15T14:13:00.000000000Z,7.899999999998464,2.300000000001745,17,2.5,TP_HIT,5.399999999998464,1.4500000000000002,PARTIAL_PLUS_TP,1.5,0.9,False
LONG_2.5_006,2.5,LONG,2024-01-15T14:14:00.000000000Z,9.299999999998754,1.500000000000945,10,2.5,TP_HIT,6.799999999998754,1.4500000000000002,PARTIAL_PLUS_TP,1.5,0.9,False
LONG_2.5_006,2.5,LONG,2024-01-15T14:15:00.000000000Z,8.60000000000083,2.4000000000001798,15,2.5,TP_HIT,6.100000000000829,1.4500000000000002,PARTIAL_PLUS_TP,1.5,0.9,False
LONG_2.5_006,2.5,LONG,2024-01-15T14:16:00.000000000Z,8.500000000000174,2.500000000000835,14,2.5,TP_HIT,6.000000000000174,1.1,PARTIAL_THEN_SL,1.5,0.9,False
LONG_2.5_006,2.5,LONG,2024-01-15T14:17:00.000000000Z,8.40000000000174,3.4000000000000696,48,-2.5,SL_HIT,5.900000000001739,-2.5,SL_HIT,1.5,0.9,True
LONG_2.5_006,2.5,LONG,2024-01-15T14:18:00.000000000Z,10.40000000000152,1.9999999999997797,8,2.5,TP_HIT,7.900000000001519,1.4500000000000002,PARTIAL_PLUS_TP,1.5,0.9,False
LONG_2.5_006,2.5,LONG,2024-01-15T14:19:00.000000000Z,11.400000000001409,0.9999999999998899,5,2.5,TP_HIT,8.900000000001409,1.4500000000000002,PARTIAL_PLUS_TP,1.5,0.9,False
LONG_2.5_006,2.5,LONG,2024-01-15T14:20:00.000000000Z,11.499999999999844,0.9999999999998899,4,2.5,TP_HIT,8.999999999999844,1.4500000000000002,PARTIAL_PLUS_TP,1.5,0.9,False
LONG_2.5_006,2.5,LONG,2024-01-15T14:21:00.000000000Z,11.699999999998933,0.8000000000008001,3,2.5,TP_HIT,9.199999999998933,1.4500000000000002,PARTIAL_PLUS_TP,1.5,0.9,False
LONG_2.5_006,2.5,LONG,2024-01-15T14:22:00.000000000Z,9.999999999998899,2.500000000000835,8,2.5,TP_HIT,7.499999999998899,1.1,PARTIAL_THEN_SL,1.5,0.9,False
LONG_2.5_006,2.5,LONG,2024-01-15T14:23:00.000000000Z,9.299999999998754,3.20000000000098,37,2.5,TP_HIT,6.799999999998754,1.1,PARTIAL_THEN_SL,1.5,0.9,False
LONG_2.5_006,2.5,LONG,2024-01-15T14:24:00.000000000Z,8.299999999998864,4.20000000000087,43,2.5,TP_HIT,5.799999999998864,1.1,PARTIAL_THEN_SL,1.5,0.9,False
LONG_2.5_006,2.5,LONG,2024-01-15T14:25:00.000000000Z,9.699999999999154,2.80000000000058,35,2.5,TP_HIT,7.199999999999154,1.1,PARTIAL_THEN_SL,1.5,0.9,False
LONG_2.5_006,2.5,LONG,2024-01-15T14:26:00.000000000Z,7.800000000000029,4.699999999999704,59,-2.5,SL_HIT,5.300000000000029,1.1,PARTIAL_THEN_SL,1.5,0.9,True
LONG_2.5_006,2.5,LONG,2024-01-15T14:27:00.000000000Z,8.099999999999774,4.3999999999999595,40,2.5,TP_HIT,5.599999999999774,1.1,PARTIAL_THEN_SL,1.5,0.9,False
LONG_2.5_006,2.5,LONG,2024-01-15T14:28:00.000000000Z,9.099999999999664,3.4000000000000696,37,2.5,TP_HIT,6.599999999999664,1.1,PARTIAL_THEN_SL,1.5,0.9,False
LONG_2.5_006,2.5,LONG,2024-01-15T14:29:00.000000000Z,8.899999999998354,3.60000000000138,36,2.5,TP_HIT,6.399999999998354,1.1,PARTIAL_THEN_SL,1.5,0.9,False
LONG_2.5_006,2.5,LONG,2024-01-15T14:30:00.000000000Z,7.299999999998974,5.20000000000076,56,-2.5,SL_HIT,4.799999999998974,-2.5,SL_HIT,1.5,0.9,True
LONG_2.5_006,2.5,LONG,2024-01-15T14:31:00.000000000Z,8.299999999998864,4.20000000000087,36,2.5,TP_HIT,5.799999999998864,1.1,PARTIAL_THEN_SL,1.5,0.9,False
LONG_2.5_006,2.5,LONG,2024-01-15T14:32:00.000000000Z,8.899999999998354,3.60000000000138,33,2.5,TP_HIT,6.399999999998354,1.1,PARTIAL_THEN_SL,1.5,0.9,False
LONG_2.5_006,2.5,LONG,2024-01-15T14:33:00.000000000Z,8.299999999998864,4.20000000000087,34,2.5,TP_HIT,5.799999999998864,1.1,PARTIAL_THEN_SL,1.5,0.9,False
LONG_2.5_006,2.5,LONG,2024-01-15T14:34:00.000000000Z,8.799999999999919,3.6999999999998145,31,2.5,TP_HIT,6.299999999999919,1.1,PARTIAL_THEN_SL,1.5,0.9,False
LONG_2.5_006,2.5,LONG,2024-01-15T14:35:00.000000000Z,9.899999999998244,2.60000000000149,22,2.5,TP_HIT,7.3999999999982435,1.1,PARTIAL_THEN_SL,1.5,0.9,False
LONG_2.5_006,2.5,LONG,2024-01-15T14:36:00.000000000Z,8.499999999997954,4.00000000000178,31,2.5,TP_HIT,5.999999999997954,1.1,PARTIAL_THEN_SL,1.5,0.9,False
LONG_2.5_006,2.5,LONG,2024-01-15T14:37:00.000000000Z,9.899999999998244,2.60000000000149,20,2.5,TP_HIT,7.3999999999982435,1.1,PARTIAL_THEN_SL,1.5,0.9,False
LONG_2.5_006,2.5,LONG,2024-01-15T14:38:00.000000000Z,8.799999999999919,3.6999999999998145,27,2.5,TP_HIT,6.299999999999919,1.1,PARTIAL_THEN_SL,1.5,0.9,False
LONG_2.5_006,2.5,LONG,2024-01-15T14:39:00.000000000Z,7.899999999998464,4.60000000000127,46,-2.5,SL_HIT,5.399999999998464,1.1,PARTIAL_THEN_SL,1.5,0.9,True
LONG_2.5_006,2.5,LONG,2024-01-15T14:40:00.000000000Z,7.899999999998464,4.60000000000127,45,-2.5,SL_HIT,5.399999999998464,1.1,PARTIAL_THEN_SL,1.5,0.9,True
LONG_2.5_006,2.5,LONG,2024-01-15T14:41:00.000000000Z,7.899999999998464,4.60000000000127,44,-2.5,SL_HIT,5.399999999998464,1.1,PARTIAL_THEN_SL,1.5,0.9,True
LONG_2.5_006,2.5,LONG,2024-01-15T14:42:00.000000000Z,8.099999999999774,4.3999999999999595,25,2.5,TP_HIT,5.599999999999774,1.1,PARTIAL_THEN_SL,1.5,0.9,False
LONG_2.5_006,2.5,LONG,2024-01-15T14:43:00.000000000Z,8.299999999998864,4.20000000000087,24,2.5,TP_HIT,5.799999999998864,1.1,PARTIAL_THEN_SL,1.5,0.9,False
LONG_2.5_006,2.5,LONG,2024-01-15T14:44:00.000000000Z,7.999999999999119,4.500000000000615,23,2.5,TP_HIT,5.499999999999119,1.1,PARTIAL_THEN_SL,1.5,0.9,False
LONG_2.5_006,2.5,LONG,2024-01-15T14:45:00.000000000Z,7.899999999998464,4.60000000000127,40,-2.5,SL_HIT,5.399999999998464,1.1,PARTIAL_THEN_SL,1.5,0.9,True
LONG_2.5_006,2.5,LONG,2024-01-15T14:46:00.000000000Z,9.299999999998754,3.20000000000098,14,2.5,TP_HIT,6.799999999998754,1.1,PARTIAL_THEN_SL,1.5,0.9,False
LONG_2.5_006,2.5,LONG,2024-01-15T14:47:00.000000000Z,9.600000000000719,3.8000000000004697,20,2.5,TP_HIT,7.100000000000719,1.1,PARTIAL_THEN_SL,1.5,0.9,False
LONG_2.5_006,2.5,LONG,2024-01-15T14:48:00.000000000Z,9.500000000000064,4.00000000000178,19,2.5,TP_HIT,7.000000000000064,1.1,PARTIAL_THEN_SL,1.5,0.9,False
LONG_2.5_006,2.5,LONG,2024-01-15T14:49:00.000000000Z,11.000000000001009,3.1000000000003247,11,2.5,TP_HIT,8.500000000001009,1.1,PARTIAL_THEN_SL,1.5,0.9,False
LONG_2.5_006,2.5,LONG,2024-01-15T14:50:00.000000000Z,11.600000000000499,2.500000000000835,7,2.5,TP_HIT,9.100000000000499,1.1,PARTIAL_THEN_SL,1.5,0.9,False
LONG_2.5_006,2.5,LONG,2024-01-15T14:51:00.000000000Z,11.499999999999844,2.60000000000149,6,2.5,TP_HIT,8.999999999999844,1.1,PARTIAL_THEN_SL,1.5,0.9,False
LONG_2.5_006,2.5,LONG,2024-01-15T14:52:00.000000000Z,11.700000000001154,2.4000000000001798,5,2.5,TP_HIT,9.200000000001154,1.4500000000000002,PARTIAL_PLUS_TP,1.5,0.9,False
LONG_2.5_006,2.5,LONG,2024-01-15T14:53:00.000000000Z,11.499999999999844,2.60000000000149,4,2.5,TP_HIT,8.999999999999844,1.1,PARTIAL_THEN_SL,1.5,0.9,False
LONG_2.5_006,2.5,LONG,2024-01-15T14:54:00.000000000Z,11.700000000001154,2.4000000000001798,3,2.5,TP_HIT,9.200000000001154,1.4500000000000002,PARTIAL_PLUS_TP,1.5,0.9,False
LONG_2.5_006,2.5,LONG,2024-01-15T14:55:00.000000000Z,10.900000000000354,3.20000000000098,5,2.5,TP_HIT,8.400000000000354,1.1,PARTIAL_THEN_SL,1.5,0.9,False
LONG_2.5_006,2.5,LONG,2024-01-15T14:56:00.000000000Z,10.000000000001119,4.100000000000215,11,2.5,TP_HIT,7.500000000001119,1.1,PARTIAL_THEN_SL,1.5,0.9,False
LONG_2.5_006,2.5,LONG,2024-01-15T14:57:00.000000000Z,8.900000000000574,5.20000000000076,29,-2.5,SL_HIT,6.400000000000574,1.1,PARTIAL_THEN_SL,1.5,0.9,True
LONG_2.5_006,2.5,LONG,2024-01-15T14:58:00.000000000Z,9.500000000000064,4.60000000000127,27,-2.5,SL_HIT,7.000000000000064,1.1,PARTIAL_THEN_SL,1.5,0.9,True
LONG_2.5_006,2.5,LONG,2024-01-15T14:59:00.000000000Z,9.099999999999664,5.00000000000167,26,-2.5,SL_HIT,6.599999999999664,1.1,PARTIAL_THEN_SL,1.5,0.9,True
LONG_2.5_006,2.5,LONG,2024-01-15T15:00:00.000000000Z,8.300000000001084,5.800000000000249,50,-2.5,SL_HIT,5.800000000001084,-2.5,SL_HIT,1.5,0.9,True
LONG_2.5_006,2.5,LONG,2024-01-15T15:01:00.000000000Z,10.300000000000864,3.8000000000004697,6,2.5,TP_HIT,7.800000000000864,1.1,PARTIAL_THEN_SL,1.5,0.9,False
LONG_2.5_006,2.5,LONG,2024-01-15T15:02:00.000000000Z,10.700000000001264,3.4000000000000696,3,2.5,TP_HIT,8.200000000001264,1.1,PARTIAL_THEN_SL,1.5,0.9,False
LONG_2.5_006,2.5,LONG,2024-01-15T15:03:00.000000000Z,10.000000000001119,4.100000000000215,4,2.5,TP_HIT,7.500000000001119,1.1,PARTIAL_THEN_SL,1.5,0.9,False
LONG_2.5_006,2.5,LONG,2024-01-15T15:04:00.000000000Z,8.700000000001484,5.399999999999849,22,-2.5,SL_HIT,6.200000000001484,1.1,PARTIAL_THEN_SL,1.5,0.9,True
LONG_2.5_006,2.5,LONG,2024-01-15T15:05:00.000000000Z,7.900000000000684,6.200000000000649,46,-2.5,SL_HIT,5.400000000000684,-2.5,SL_HIT,1.5,0.9,True
LONG_2.5_006,2.5,LONG,2024-01-15T15:06:00.000000000Z,8.00000000000134,6.099999999999994,45,-2.5,SL_HIT,5.500000000001339,-2.5,SL_HIT,1.5,0.9,True
LONG_2.5_006,2.5,LONG,2024-01-15T15:07:00.000000000Z,7.099999999999884,7.0000000000014495,46,-2.5,SL_HIT,4.599999999999884,-2.5,SL_HIT,1.5,0.9,True
LONG_2.5_006,2.5,LONG,2024-01-15T15:08:00.000000000Z,8.00000000000134,6.099999999999994,43,-2.5,SL_HIT,5.500000000001339,-2.5,SL_HIT,1.5,0.9,True
LONG_2.5_006,2.5,LONG,2024-01-15T15:09:00.000000000Z,8.20000000000043,5.9000000000009045,41,-2.5,SL_HIT,5.700000000000429,-2.5,SL_HIT,1.5,0.9,True
LONG_2.5_006,2.5,LONG,2024-01-15T15:10:00.000000000Z,9.00000000000123,5.1000000000001044,15,-2.5,SL_HIT,6.500000000001229,-2.5,SL_HIT,1.5,0.9,True
LONG_2.5_006,2.5,LONG,2024-01-15T15:11:00.000000000Z,10.700000000001264,3.4000000000000696,14,-2.5,SL_HIT,8.200000000001264,-2.5,SL_HIT,1.5,0.9,True
LONG_2.5_006,2.5,LONG,2024-01-15T15:12:00.000000000Z,13.300000000000534,0.8000000000008001,3,2.5,TP_HIT,10.800000000000534,1.4500000000000002,PARTIAL_PLUS_TP,1.5,0.9,False
LONG_2.5_006,2.5,LONG,2024-01-15T15:13:00.000000000Z,11.499999999999844,2.60000000000149,12,2.5,TP_HIT,8.999999999999844,1.1,PARTIAL_THEN_SL,1.5,0.9,False
LONG_2.5_006,2.5,LONG,2024-01-15T15:14:00.000000000Z,11.400000000001409,2.6999999999999247,11,2.5,TP_HIT,8.900000000001409,1.1,PARTIAL_THEN_SL,1.5,0.9,False
LONG_2.5_006,2.5,LONG,2024-01-15T15:15:00.000000000Z,10.600000000000609,3.5000000000007248,10,2.5,TP_HIT,8.100000000000609,1.1,PARTIAL_THEN_SL,1.5,0.9,False
LONG_2.5_006,2.5,LONG,2024-01-15T15:16:00.000000000Z,10.099999999999554,4.00000000000178,9,2.5,TP_HIT,7.599999999999554,1.1,PARTIAL_THEN_SL,1.5,0.9,False
LONG_2.5_006,2.5,LONG,2024-01-15T15:17:00.000000000Z,11.100000000001664,2.9999999999996696,8,2.5,TP_HIT,8.600000000001664,1.1,PARTIAL_THEN_SL,1.5,0.9,False
LONG_2.5_006,2.5,LONG,2024-01-15T15:18:00.000000000Z,11.300000000000754,2.80000000000058,7,2.5,TP_HIT,8.800000000000754,1.1,PARTIAL_THEN_SL,1.5,0.9,False
LONG_2.5_006,2.5,LONG,2024-01-15T15:19:00.000000000Z,11.300000000000754,2.80000000000058,6,2.5,TP_HIT,8.800000000000754,1.1,PARTIAL_THEN_SL,1.5,0.9,False
LONG_2.5_006,2.5,LONG,2024-01-15T15:20:00.000000000Z,11.600000000000499,2.500000000000835,4,2.5,TP_HIT,9.100000000000499,1.1,PARTIAL_THEN_SL,1.5,0.9,False
LONG_2.5_006,2.5,LONG,2024-01-15T15:21:00.000000000Z,11.499999999999844,2.60000000000149,4,2.5,TP_HIT,8.999999999999844,1.1,PARTIAL_THEN_SL,1.5,0.9,False
LONG_2.5_006,2.5,LONG,2024-01-15T15:22:00.000000000Z,9.300000000000974,4.8000000000003595,3,2.5,TP_HIT,6.800000000000974,1.1,PARTIAL_THEN_SL,1.5,0.9,False
LONG_2.5_006,2.5,LONG,2024-01-15T15:23:00.000000000Z,11.100000000001664,2.9999999999996696,2,2.5,TP_HIT,8.600000000001664,1.1,PARTIAL_THEN_SL,1.5,0.9,False
LONG_2.5_006,2.5,LONG,2024-01-15T15:24:00.000000000Z,9.099999999999664,5.00000000000167,1,2.5,TP_HIT,6.599999999999664,1.1,PARTIAL_THEN_SL,1.5,0.9,False
LONG_2.5_006,2.5,LONG,2024-01-15T15:25:00.000000000Z,6.500000000000394,7.600000000000939,28,-2.5,SL_HIT,4.000000000000394,-2.5,SL_HIT,1.5,0.9,True
LONG_2.5_006,2.5,LONG,2024-01-15T15:26:00.000000000Z,5.9000000000009045,8.20000000000043,28,-2.5,SL_HIT,3.4000000000009045,-2.5,SL_HIT,1.5,0.9,True
LONG_2.5_006,2.5,LONG,2024-01-15T15:27:00.000000000Z,7.7000000000015945,6.399999999999739,26,-2.5,SL_HIT,5.2000000000015945,-2.5,SL_HIT,1.5,0.9,True
LONG_2.5_006,2.5,LONG,2024-01-15T15:28:00.000000000Z,8.099999999999774,6.00000000000156,23,-2.5,SL_HIT,5.599999999999774,-2.5,SL_HIT,1.5,0.9,True
LONG_2.5_006,2.5,LONG,2024-01-15T15:29:00.000000000Z,7.200000000000539,6.900000000000794,24,-2.5,SL_HIT,4.700000000000539,-2.5,SL_HIT,1.5,0.9,True
LONG_2.5_006,2.5,LONG,2024-01-15T15:30:00.000000000Z,9.500000000000064,4.60000000000127,20,-2.5,SL_HIT,7.000000000000064,-2.5,SL_HIT,1.5,0.9,True
LONG_2.5_006,2.5,LONG,2024-01-15T15:31:00.000000000Z,10.099999999999554,4.00000000000178,19,-2.5,SL_HIT,7.599999999999554,-2.5,SL_HIT,1.5,0.9,True
LONG_2.5_006,2.5,LONG,2024-01-15T15:32:00.000000000Z,10.300000000000864,3.8000000000004697,18,-2.5,SL_HIT,7.800000000000864,-2.5,SL_HIT,1.5,0.9,True
LONG_2.5_006,2.5,LONG,2024-01-15T15:33:00.000000000Z,10.799999999999699,3.300000000001635,16,-2.5,SL_HIT,8.299999999999699,-2.5,SL_HIT,1.5,0.9,True
LONG_2.5_006,2.5,LONG,2024-01-15T15:34:00.000000000Z,11.100000000001664,2.9999999999996696,15,-2.5,SL_HIT,8.600000000001664,-2.5,SL_HIT,1.5,0.9,True
LONG_2.5_006,2.5,LONG,2024-01-15T15:35:00.000000000Z,11.600000000000499,2.500000000000835,13,-2.5,SL_HIT,9.100000000000499,-2.5,SL_HIT,1.5,0.9,True
LONG_2.5_006,2.5,LONG,2024-01-15T15:36:00.000000000Z,12.499999999999734,1.6000000000016001,9,2.5,TP_HIT,9.999999999999734,1.4500000000000002,PARTIAL_PLUS_TP,1.5,0.9,False
LONG_2.5_006,2.5,LONG,2024-01-15T15:37:00.000000000Z,13.800000000001589,0.2999999999997449,7,2.5,TP_HIT,11.300000000001589,1.4500000000000002,PARTIAL_PLUS_TP,1.5,0.9,False
LONG_2.5_006,2.5,LONG,2024-01-15T15:38:00.000000000Z,14.100000000001334,0.0,4,2.5,TP_HIT,11.600000000001334,1.4500000000000002,PARTIAL_PLUS_TP,1.5,0.9,False
LONG_2.5_006,2.5,LONG,2024-01-15T15:39:00.000000000Z,13.900000000000023,0.0,5,2.5,TP_HIT,11.400000000000023,1.4500000000000002,PARTIAL_PLUS_TP,1.5,0.9,False
LONG_2.5_006,2.5,LONG,2024-01-15T15:40:00.000000000Z,13.199999999999878,0.0,5,2.5,TP_HIT,10.699999999999878,1.4500000000000002,PARTIAL_PLUS_TP,1.5,0.9,False
LONG_2.5_006,2.5,LONG,2024-01-15T15:41:00.000000000Z,13.100000000001444,0.0,4,2.5,TP_HIT,10.600000000001444,1.4500000000000002,PARTIAL_PLUS_TP,1.5,0.9,False
LONG_2.5_006,2.5,LONG,2024-01-15T15:42:00.000000000Z,11.499999999999844,1.100000000000545,7,2.5,TP_HIT,8.999999999999844,1.4500000000000002,PARTIAL_PLUS_TP,1.5,0.9,False
LONG_2.5_006,2.5,LONG,2024-01-15T15:43:00.000000000Z,12.600000000000389,0.0,2,2.5,TP_HIT,10.100000000000389,1.4500000000000002,PARTIAL_PLUS_TP,1.5,0.9,False
LONG_2.5_006,2.5,LONG,2024-01-15T15:44:00.000000000Z,11.100000000001664,0.0,5,2.5,TP_HIT,8.600000000001664,1.4500000000000002,PARTIAL_PLUS_TP,1.5,0.9,False
LONG_2.5_006,2.5,LONG,2024-01-15T15:45:00.000000000Z,9.500000000000064,1.500000000000945,5,2.5,TP_HIT,7.000000000000064,1.4500000000000002,PARTIAL_PLUS_TP,1.5,0.9,False
LONG_2.5_006,2.5,LONG,2024-01-15T15:46:00.000000000Z,11.000000000001009,0.0,3,2.5,TP_HIT,8.500000000001009,1.4500000000000002,PARTIAL_PLUS_TP,1.5,0.9,False
LONG_2.5_006,2.5,LONG,2024-01-15T15:47:00.000000000Z,10.200000000000209,0.0,3,2.5,TP_HIT,7.700000000000209,1.4500000000000002,PARTIAL_PLUS_TP,1.5,0.9,False
LONG_2.5_006,2.5,LONG,2024-01-15T15:48:00.000000000Z,9.099999999999664,0.0,2,2.5,TP_HIT,6.599999999999664,1.4500000000000002,PARTIAL_PLUS_TP,1.5,0.9,False
LONG_2.5_006,2.5,LONG,2024-01-15T15:49:00.000000000Z,8.099999999999774,0.0,2,2.5,TP_HIT,5.599999999999774,1.4500000000000002,PARTIAL_PLUS_TP,1.5,0.9,False
LONG_2.5_006,2.5,LONG,2024-01-15T15:50:00.000000000Z,5.60000000000116,0.0,5,2.5,TP_HIT,3.1000000000011596,1.4500000000000002,PARTIAL_PLUS_TP,1.5,0.9,False
LONG_2.5_006,2.5,LONG,2024-01-15T15:51:00.000000000Z,5.300000000001415,0.09999999999843467,6,2.5,TP_HIT,2.8000000000014147,1.4500000000000002,PARTIAL_PLUS_TP,1.5,0.9,False
LONG_2.5_006,2.5,LONG,2024-01-15T15:52:00.000000000Z,5.300000000001415,0.09999999999843467,5,2.5,TP_HIT,2.8000000000014147,1.4500000000000002,PARTIAL_PLUS_TP,1.5,0.9,False
LONG_2.5_006,2.5,LONG,2024-01-15T15:53:00.000000000Z,3.900000000001125,1.4999999999987246,34,2.5,TP_HIT,1.4000000000011248,1.4500000000000002,PARTIAL_PLUS_TP,1.5,0.9,False
LONG_2.5_006,2.5,LONG,2024-01-15T15:54:00.000000000Z,3.300000000001635,2.0999999999982144,33,2.5,TP_HIT,0.800000000001635,1.4500000000000002,PARTIAL_PLUS_TP,1.5,0.9,False
LONG_2.5_006,2.5,LONG,2024-01-15T15:55:00.000000000Z,3.1000000000003247,2.2999999999995246,33,2.5,TP_HIT,0.6000000000003247,1.4500000000000002,PARTIAL_PLUS_TP,1.5,0.9,False
LONG_2.5_006,2.5,LONG,2024-01-15T15:56:00.000000000Z,3.5000000000007248,1.8999999999991246,31,2.5,TP_HIT,1.0000000000007248,1.4500000000000002,PARTIAL_PLUS_TP,1.5,0.9,False
LONG_2.5_006,2.5,LONG,2024-01-15T15:57:00.000000000Z,2.2999999999995246,3.1000000000003247,101,-2.5,SL_HIT,0.0,-2.5,SL_HIT,1.5,0.9,True
LONG_2.5_006,2.5,LONG,2024-01-15T15:58:00.000000000Z,1.7000000000000348,3.6999999999998145,101,-2.5,SL_HIT,0.0,-2.5,SL_HIT,1.5,0.9,True
LONG_2.5_006,2.5,LONG,2024-01-15T15:59:00.000000000Z,2.6999999999999247,2.6999999999999247,30,2.5,TP_HIT,0.19999999999992468,1.1,PARTIAL_THEN_SL,1.5,0.9,False
LONG_2.5_006,2.5,LONG,2024-01-15T16:00:00.000000000Z,1.6000000000016001,3.7999999999982492,101,-2.5,SL_HIT,0.0,-2.5,SL_HIT,1.5,0.9,True
LONG_2.5_006,2.5,LONG,2024-01-15T16:01:00.000000000Z,1.6000000000016001,3.7999999999982492,101,-2.5,SL_HIT,0.0,-2.5,SL_HIT,1.5,0.9,True
LONG_2.5_006,2.5,LONG,2024-01-15T16:02:00.000000000Z,1.9999999999997797,3.4000000000000696,101,-2.5,SL_HIT,0.0,-2.5,SL_HIT,1.5,0.9,True
LONG_2.5_006,2.5,LONG,2024-01-15T16:03:00.000000000Z,3.1000000000003247,2.2999999999995246,25,2.5,TP_HIT,0.6000000000003247,1.4500000000000002,PARTIAL_PLUS_TP,1.5,0.9,False
LONG_2.5_006,2.5,LONG,2024-01-15T16:04:00.000000000Z,4.100000000000215,1.2999999999996348,23,2.5,TP_HIT,1.6000000000002146,1.4500000000000002,PARTIAL_PLUS_TP,1.5,0.9,False
LONG_2.5_006,2.5,LONG,2024-01-15T16:05:00.000000000Z,3.6999999999998145,1.7000000000000348,22,2.5,TP_HIT,1.1999999999998145,1.4500000000000002,PARTIAL_PLUS_TP,1.5,0.9,False
LONG_2.5_006,2.5,LONG,2024-01-15T16:06:00.000000000Z,3.4000000000000696,1.9999999999997797,21,2.5,TP_HIT,0.9000000000000696,1.4500000000000002,PARTIAL_PLUS_TP,1.5,0.9,False
LONG_2.5_006,2.5,LONG,2024-01-15T16:07:00.000000000Z,3.5000000000007248,1.8999999999991246,20,2.5,TP_HIT,1.0000000000007248,1.4500000000000002,PARTIAL_PLUS_TP,1.5,0.9,False
LONG_2.5_006,2.5,LONG,2024-01-15T16:08:00.000000000Z,3.60000000000138,1.7999999999984695,19,2.5,TP_HIT,1.1000000000013799,1.4500000000000002,PARTIAL_PLUS_TP,1.5,0.9,False
LONG_2.5_006,2.5,LONG,2024-01-15T16:09:00.000000000Z,3.5000000000007248,1.8999999999991246,18,2.5,TP_HIT,1.0000000000007248,1.4500000000000002,PARTIAL_PLUS_TP,1.5,0.9,False
LONG_2.5_006,2.5,LONG,2024-01-15T16:10:00.000000000Z,2.80000000000058,2.5999999999992696,19,2.5,TP_HIT,0.3000000000005798,1.1,PARTIAL_THEN_SL,1.5,0.9,False
LONG_2.5_006,2.5,LONG,2024-01-15T16:11:00.000000000Z,3.6999999999998145,1.7000000000000348,16,2.5,TP_HIT,1.1999999999998145,1.4500000000000002,PARTIAL_PLUS_TP,1.5,0.9,False
LONG_2.5_006,2.5,LONG,2024-01-15T16:12:00.000000000Z,3.60000000000138,1.7999999999984695,15,2.5,TP_HIT,1.1000000000013799,1.4500000000000002,PARTIAL_PLUS_TP,1.5,0.9,False
LONG_2.5_006,2.5,LONG,2024-01-15T16:13:00.000000000Z,4.699999999999704,0.700000000000145,14,2.5,TP_HIT,2.1999999999997044,1.4500000000000002,PARTIAL_PLUS_TP,1.5,0.9,False
LONG_2.5_006,2.5,LONG,2024-01-15T16:14:00.000000000Z,3.6999999999998145,1.7000000000000348,13,2.5,TP_HIT,1.1999999999998145,1.4500000000000002,PARTIAL_PLUS_TP,1.5,0.9,False
LONG_2.5_006,2.5,LONG,2024-01-15T16:15:00.000000000Z,2.900000000001235,2.4999999999986144,14,2.5,TP_HIT,0.4000000000012349,1.4500000000000002,PARTIAL_PLUS_TP,1.5,0.9,False
LONG_2.5_006,2.5,LONG,2024-01-15T16:16:00.000000000Z,3.9999999999995595,1.40000000000029,11,2.5,TP_HIT,1.4999999999995595,1.4500000000000002,PARTIAL_PLUS_TP,1.5,0.9,False
LONG_2.5_006,2.5,LONG,2024-01-15T16:17:00.000000000Z,3.300000000001635,2.0999999999982144,10,2.5,TP_HIT,0.800000000001635,1.4500000000000002,PARTIAL_PLUS_TP,1.5,0.9,False
LONG_2.5_006,2.5,LONG,2024-01-15T16:18:00.000000000Z,4.300000000001525,1.0999999999983245,9,2.5,TP_HIT,1.8000000000015248,1.4500000000000002,PARTIAL_PLUS_TP,1.5,0.9,False
LONG_2.5_006,2.5,LONG,2024-01-15T16:19:00.000000000Z,5.1000000000001044,0.2999999999997449,8,2.5,TP_HIT,2.6000000000001044,1.4500000000000002,PARTIAL_PLUS_TP,1.5,0.9,False
LONG_2.5_006,2.5,LONG,2024-01-15T16:20:00.000000000Z,5.1000000000001044,0.2999999999997449,7,2.5,TP_HIT,2.6000000000001044,1.4500000000000002,PARTIAL_PLUS_TP,1.5,0.9,False
LONG_2.5_006,2.5,LONG,2024-01-15T16:21:00.000000000Z,4.3999999999999595,0.9999999999998899,6,2.5,TP_HIT,1.8999999999999595,1.4500000000000002,PARTIAL_PLUS_TP,1.5,0.9,False
LONG_2.5_006,2.5,LONG,2024-01-15T16:22:00.000000000Z,4.100000000000215,1.2999999999996348,5,2.5,TP_HIT,1.6000000000002146,1.4500000000000002,PARTIAL_PLUS_TP,1.5,0.9,False
LONG_2.5_006,2.5,LONG,2024-01-15T16:23:00.000000000Z,2.9999999999996696,2.4000000000001798,6,2.5,TP_HIT,0.4999999999996696,1.4500000000000002,PARTIAL_PLUS_TP,1.5,0.9,False
LONG_2.5_006,2.5,LONG,2024-01-15T16:24:00.000000000Z,3.5000000000007248,1.8999999999991246,3,2.5,TP_HIT,1.0000000000007248,1.4500000000000002,PARTIAL_PLUS_TP,1.5,0.9,False
LONG_2.5_006,2.5,LONG,2024-01-15T16:25:00.000000000Z,3.60000000000138,1.7999999999984695,2,2.5,TP_HIT,1.1000000000013799,1.4500000000000002,PARTIAL_PLUS_TP,1.5,0.9,False
LONG_2.5_006,2.5,LONG,2024-01-15T16:26:00.000000000Z,3.1000000000003247,2.2999999999995246,2,2.5,TP_HIT,0.6000000000003247,1.4500000000000002,PARTIAL_PLUS_TP,1.5,0.9,False
LONG_2.5_006,2.5,LONG,2024-01-15T16:27:00.000000000Z,0.700000000000145,4.699999999999704,101,-2.5,SL_HIT,0.0,-2.5,SL_HIT,1.5,0.9,True
LONG_2.5_006,2.5,LONG,2024-01-15T16:28:00.000000000Z,0.5999999999994898,4.8000000000003595,101,-2.5,SL_HIT,0.0,-2.5,SL_HIT,1.5,0.9,True
LONG_2.5_006,2.5,LONG,2024-01-15T16:29:00.000000000Z,0.0,5.399999999999849,101,-2.5,SL_HIT,0.0,-2.5,SL_HIT,1.5,0.9,True
LONG_2.5_007,2.5,LONG,2024-01-15T16:43:00.000000000Z,2.700000000002145,0.3999999999981796,5,2.5,TP_HIT,0.20000000000214513,1.4500000000000002,PARTIAL_PLUS_TP,1.5,0.9,False
LONG_2.5_007,2.5,LONG,2024-01-15T16:44:00.000000000Z,2.60000000000149,0.4999999999988347,4,2.5,TP_HIT,0.10000000000149001,1.4500000000000002,PARTIAL_PLUS_TP,1.5,0.9,False
LONG_2.5_007,2.5,LONG,2024-01-15T16:45:00.000000000Z,2.4000000000001798,0.700000000000145,101,-0.40000000000040004,TIMEOUT,0.0,1.35,PARTIAL_ONLY,1.5,0.9,False
LONG_2.5_007,2.5,LONG,2024-01-15T16:46:00.000000000Z,1.100000000000545,1.9999999999997797,101,-1.7000000000000348,TIMEOUT,0.0,-1.7000000000000348,TIMEOUT,1.5,0.9,False
LONG_2.5_007,2.5,LONG,2024-01-15T16:47:00.000000000Z,1.100000000000545,1.9999999999997797,101,-1.7000000000000348,TIMEOUT,0.0,-1.7000000000000348,TIMEOUT,1.5,0.9,False
LONG_2.5_007,2.5,LONG,2024-01-15T16:48:00.000000000Z,0.0,3.1000000000003247,101,-2.5,SL_HIT,0.0,-2.5,SL_HIT,1.5,0.9,True
SHORT_2.5_001,2.5,SHORT,2024-01-15T08:00:00.000000000Z,11.699999999998933,6.800000000000139,62,-2.5,SL_HIT,9.199999999998933,-2.5,SL_HIT,2.282608695652174,0.5257142857142858,True
SHORT_2.5_001,2.5,SHORT,2024-01-15T08:01:00.000000000Z,11.899999999998023,6.6000000000010495,61,-2.5,SL_HIT,9.399999999998023,-2.5,SL_HIT,2.282608695652174,0.5257142857142858,True
SHORT_2.5_001,2.5,SHORT,2024-01-15T08:02:00.000000000Z,13.099999999999223,5.399999999999849,60,-2.5,SL_HIT,10.599999999999223,-2.5,SL_HIT,2.282608695652174,0.5257142857142858,True
SHORT_2.5_001,2.5,SHORT,2024-01-15T08:03:00.000000000Z,15.099999999999003,3.4000000000000696,57,-2.5,SL_HIT,12.599999999999003,0.014285714285714679,PARTIAL_THEN_SL,2.282608695652174,0.5257142857142858,True
SHORT_2.5_001,2.5,SHORT,2024-01-15T08:04:00.000000000Z,14.499999999999513,3.9999999999995595,56,-2.5,SL_HIT,11.999999999999513,-2.5,SL_HIT,2.282608695652174,0.5257142857142858,True
SHORT_2.5_001,2.5,SHORT,2024-01-15T08:05:00.000000000Z,14.999999999998348,3.5000000000007248,55,-2.5,SL_HIT,12.499999999998348,-2.5,SL_HIT,2.282608695652174,0.5257142857142858,True
SHORT_2.5_001,2.5,SHORT,2024-01-15T08:06:00.000000000Z,14.199999999999768,4.299999999999304,55,-2.5,SL_HIT,11.699999999999768,-2.5,SL_HIT,2.282608695652174,0.5257142857142858,True
SHORT_2.5_001,2.5,SHORT,2024-01-15T08:07:00.000000000Z,13.600000000000279,5.699999999999594,55,-2.5,SL_HIT,11.100000000000279,-2.5,SL_HIT,2.282608695652174,0.5257142857142858,True
SHORT_2.5_001,2.5,SHORT,2024-01-15T08:08:00.000000000Z,15.600000000000058,3.6999999999998145,52,-2.5,SL_HIT,13.100000000000058,-2.5,SL_HIT,2.282608695652174,0.5257142857142858,True
SHORT_2.5_001,2.5,SHORT,2024-01-15T08:09:00.000000000Z,17.700000000000493,1.5999999999993797,21,2.5,TP_HIT,15.200000000000493,1.303105590062112,PARTIAL_PLUS_TP,2.282608695652174,0.5257142857142858,False
SHORT_2.5_001,2.5,SHORT,2024-01-15T08:10:00.000000000Z,17.700000000000493,1.5999999999993797,20,2.5,TP_HIT,15.200000000000493,1.303105590062112,PARTIAL_PLUS_TP,2.282608695652174,0.5257142857142858,False
SHORT_2.5_001,2.5,SHORT,2024-01-15T08:11:00.000000000Z,19.100000000000783,0.1999999999990898,5,2.5,TP_HIT,16.600000000000783,1.303105590062112,PARTIAL_PLUS_TP,2.282608695652174,0.5257142857142858,False
SHORT_2.5_001,2.5,SHORT,2024-01-15T08:12:00.000000000Z,17.000000000000348,2.2999999999995246,20,2.5,TP_HIT,14.500000000000348,1.303105590062112,PARTIAL_PLUS_TP,2.282608695652174,0.5257142857142858,False
SHORT_2.5_001,2.5,SHORT,2024-01-15T08:13:00.000000000Z,16.899999999999693,2.4000000000001798,19,2.5,TP_HIT,14.399999999999693,1.303105590062112,PARTIAL_PLUS_TP,2.282608695652174,0.5257142857142858,False
SHORT_2.5_001,2.5,SHORT,2024-01-15T08:14:00.000000000Z,18.700000000000383,0.5999999999994898,2,2.5,TP_HIT,16.200000000000383,1.303105590062112,PARTIAL_PLUS_TP,2.282608695652174,0.5257142857142858,False
SHORT_2.5_001,2.5,SHORT,2024-01-15T08:15:00.000000000Z,19.100000000000783,0.1999999999990898,1,2.5,TP_HIT,16.600000000000783,1.303105590062112,PARTIAL_PLUS_TP,2.282608695652174,0.5257142857142858,False
SHORT_2.5_001,2.5,SHORT,2024-01-15T08:16:00.000000000Z,15.799999999999148,3.5000000000007248,44,-2.5,SL_HIT,13.299999999999148,-2.5,SL_HIT,2.282608695652174,0.5257142857142858,True
SHORT_2.5_001,2.5,SHORT,2024-01-15T08:17:00.000000000Z,16.700000000000603,2.5999999999992696,15,-2.5,SL_HIT,14.200000000000603,-2.5,SL_HIT,2.282608695652174,0.5257142857142858,True
SHORT_2.5_001,2.5,SHORT,2024-01-15T08:18:00.000000000Z,16.499999999999293,2.80000000000058,18,-2.5,SL_HIT,13.999999999999293,-2.5,SL_HIT,2.282608695652174,0.5257142857142858,True
SHORT_2.5_001,2.5,SHORT,2024-01-15T08:19:00.000000000Z,16.700000000000603,2.5999999999992696,13,-2.5,SL_HIT,14.200000000000603,-2.5,SL_HIT,2.282608695652174,0.5257142857142858,True
SHORT_2.5_001,2.5,SHORT,2024-01-15T08:20:00.000000000Z,16.299999999997983,3.20000000000098,40,-2.5,SL_HIT,13.799999999997983,-2.5,SL_HIT,2.282608695652174,0.5257142857142858,True
SHORT_2.5_001,2.5,SHORT,2024-01-15T08:21:00.000000000Z,17.399999999998528,2.100000000000435,11,2.5,TP_HIT,14.899999999998528,1.303105590062112,PARTIAL_PLUS_TP,2.282608695652174,0.5257142857142858,False
SHORT_2.5_001,2.5,SHORT,2024-01-15T08:22:00.000000000Z,17.599999999999838,2.9999999999996696,14,-2.5,SL_HIT,15.099999999999838,-2.5,SL_HIT,2.282608695652174,0.5257142857142858,True
SHORT_2.5_001,2.5,SHORT,2024-01-15T08:23:00.000000000Z,19.299999999999873,2.2999999999995246,9,2.5,TP_HIT,16.799999999999873,1.303105590062112,PARTIAL_PLUS_TP,2.282608695652174,0.5257142857142858,False
SHORT_2.5_001,2.5,SHORT,2024-01-15T08:24:00.000000000Z,23.100000000000342,0.0,6,2.5,TP_HIT,20.600000000000342,1.303105590062112,PARTIAL_PLUS_TP,2.282608695652174,0.5257142857142858,False
SHORT_2.5_001,2.5,SHORT,2024-01-15T08:25:00.000000000Z,22.900000000001253,0.0,5,2.5,TP_HIT,20.400000000001253,1.303105590062112,PARTIAL_PLUS_TP,2.282608695652174,0.5257142857142858,False
SHORT_2.5_001,2.5,SHORT,2024-01-15T08:26:00.000000000Z,22.900000000001253,0.0,4,2.5,TP_HIT,20.400000000001253,1.303105590062112,PARTIAL_PLUS_TP,2.282608695652174,0.5257142857142858,False
SHORT_2.5_001,2.5,SHORT,2024-01-15T08:27:00.000000000Z,22.500000000000853,0.0,3,2.5,TP_HIT,20.000000000000853,1.303105590062112,PARTIAL_PLUS_TP,2.282608695652174,0.5257142857142858,False
SHORT_2.5_001,2.5,SHORT,2024-01-15T08:28:00.000000000Z,21.100000000000563,0.8000000000008001,2,2.5,TP_HIT,18.600000000000563,1.303105590062112,PARTIAL_PLUS_TP,2.282608695652174,0.5257142857142858,False
SHORT_2.5_001,2.5,SHORT,2024-01-15T08:29:00.000000000Z,23.000000000001908,0.0,1,2.5,TP_HIT,20.500000000001908,1.303105590062112,PARTIAL_PLUS_TP,2.282608695652174,0.5257142857142858,False
SHORT_2.5_001,2.5,SHORT,2024-01-15T08:30:00.000000000Z,20.600000000001728,1.4999999999987246,31,2.5,TP_HIT,18.100000000001728,1.303105590062112,PARTIAL_PLUS_TP,2.282608695652174,0.5257142857142858,False
SHORT_2.5_001,2.5,SHORT,2024-01-15T08:31:00.000000000Z,21.400000000000308,0.700000000000145,29,2.5,TP_HIT,18.900000000000308,1.303105590062112,PARTIAL_PLUS_TP,2.282608695652174,0.5257142857142858,False
SHORT_2.5_001,2.5,SHORT,2024-01-15T08:32:00.000000000Z,20.599999999999508,2.100000000000435,30,2.5,TP_HIT,18.099999999999508,1.303105590062112,PARTIAL_PLUS_TP,2.282608695652174,0.5257142857142858,False
SHORT_2.5_001,2.5,SHORT,2024-01-15T08:33:00.000000000Z,20.700000000000163,1.9999999999997797,28,2.5,TP_HIT,18.200000000000163,1.4000000000000001,PARTIAL_PLUS_TP,2.282608695652174,0.5257142857142858,False
SHORT_2.5_001,2.5,SHORT,2024-01-15T08:34:00.000000000Z,20.599999999999508,2.100000000000435,28,2.5,TP_HIT,18.099999999999508,1.303105590062112,PARTIAL_PLUS_TP,2.282608695652174,0.5257142857142858,False
SHORT_2.5_001,2.5,SHORT,2024-01-15T08:35:00.000000000Z,21.299999999999653,1.9999999999997797,26,2.5,TP_HIT,18.799999999999653,1.303105590062112,PARTIAL_PLUS_TP,2.282608695652174,0.5257142857142858,False
SHORT_2.5_001,2.5,SHORT,2024-01-15T08:36:00.000000000Z,21.000000000002128,2.4999999999986144,26,2.5,TP_HIT,18.500000000002128,1.303105590062112,PARTIAL_PLUS_TP,2.282608695652174,0.5257142857142858,False
SHORT_2.5_001,2.5,SHORT,2024-01-15T08:37:00.000000000Z,22.699999999999942,1.9999999999997797,24,2.5,TP_HIT,20.199999999999942,1.303105590062112,PARTIAL_PLUS_TP,2.282608695652174,0.5257142857142858,False
SHORT_2.5_001,2.5,SHORT,2024-01-15T08:38:00.000000000Z,25.399999999999867,0.9999999999998899,22,2.5,TP_HIT,22.899999999999867,1.303105590062112,PARTIAL_PLUS_TP,2.282608695652174,0.5257142857142858,False
SHORT_2.5_001,2.5,SHORT,2024-01-15T08:39:00.000000000Z,26.399999999999757,0.0,21,2.5,TP_HIT,23.899999999999757,1.303105590062112,PARTIAL_PLUS_TP,2.282608695652174,0.5257142857142858,False
SHORT_2.5_001,2.5,SHORT,2024-01-15T08:40:00.000000000Z,25.999999999999357,0.0,20,2.5,TP_HIT,23.499999999999357,1.303105590062112,PARTIAL_PLUS_TP,2.282608695652174,0.5257142857142858,False
SHORT_2.5_001,2.5,SHORT,2024-01-15T08:41:00.000000000Z,24.100000000000232,1.8999999999991246,21,2.5,TP_HIT,21.600000000000232,1.303105590062112,PARTIAL_PLUS_TP,2.282608695652174,0.5257142857142858,False
SHORT_2.5_001,2.5,SHORT,2024-01-15T08:42:00.000000000Z,25.200000000000777,1.0999999999983245,19,2.5,TP_HIT,22.700000000000777,1.303105590062112,PARTIAL_PLUS_TP,2.282608695652174,0.5257142857142858,False
SHORT_2.5_001,2.5,SHORT,2024-01-15T08:43:00.000000000Z,25.999999999999357,0.2999999999997449,17,2.5,TP_HIT,23.499999999999357,1.303105590062112,PARTIAL_PLUS_TP,2.282608695652174,0.5257142857142858,False
SHORT_2.5_001,2.5,SHORT,2024-01-15T08:44:00.000000000Z,26.299999999999102,0.0,16,2.5,TP_HIT,23.799999999999102,1.303105590062112,PARTIAL_PLUS_TP,2.282608695652174,0.5257142857142858,False
SHORT_2.5_001,2.5,SHORT,2024-01-15T08:45:00.000000000Z,24.599999999999067,1.6000000000016001,17,2.5,TP_HIT,22.099999999999067,1.303105590062112,PARTIAL_PLUS_TP,2.282608695652174,0.5257142857142858,False
SHORT_2.5_001,2.5,SHORT,2024-01-15T08:46:00.000000000Z,25.800000000000267,0.40000000000040004,14,2.5,TP_HIT,23.300000000000267,1.303105590062112,PARTIAL_PLUS_TP,2.282608695652174,0.5257142857142858,False
SHORT_2.5_001,2.5,SHORT,2024-01-15T08:47:00.000000000Z,26.200000000000667,0.0,13,2.5,TP_HIT,23.700000000000667,1.303105590062112,PARTIAL_PLUS_TP,2.282608695652174,0.5257142857142858,False
SHORT_2.5_001,2.5,SHORT,2024-01-15T08:48:00.000000000Z,24.699999999999722,1.100000000000545,13,2.5,TP_HIT,22.199999999999722,1.303105590062112,PARTIAL_PLUS_TP,2.282608695652174,0.5257142857142858,False
SHORT_2.5_001,2.5,SHORT,2024-01-15T08:49:00.000000000Z,24.999999999999467,0.8000000000008001,12,2.5,TP_HIT,22.499999999999467,1.303105590062112,PARTIAL_PLUS_TP,2.282608695652174,0.5257142857142858,False
SHORT_2.5_001,2.5,SHORT,2024-01-15T08:50:00.000000000Z,25.800000000000267,0.0,10,2.5,TP_HIT,23.300000000000267,1.303105590062112,PARTIAL_PLUS_TP,2.282608695652174,0.5257142857142858,False
SHORT_2.5_001,2.5,SHORT,2024-01-15T08:51:00.000000000Z,25.800000000000267,0.0,9,2.5,TP_HIT,23.300000000000267,1.303105590062112,PARTIAL_PLUS_TP,2.282608695652174,0.5257142857142858,False
SHORT_2.5_001,2.5,SHORT,2024-01-15T08:52:00.000000000Z,25.800000000000267,0.0,8,2.5,TP_HIT,23.300000000000267,1.303105590062112,PARTIAL_PLUS_TP,2.282608695652174,0.5257142857142858,False
SHORT_2.5_001,2.5,SHORT,2024-01-15T08:53:00.000000000Z,25.399999999999867,0.2999999999997449,8,2.5,TP_HIT,22.899999999999867,1.303105590062112,PARTIAL_PLUS_TP,2.282608695652174,0.5257142857142858,False
SHORT_2.5_001,2.5,SHORT,2024-01-15T08:54:00.000000000Z,25.699999999999612,0.0,6,2.5,TP_HIT,23.199999999999612,1.303105590062112,PARTIAL_PLUS_TP,2.282608695652174,0.5257142857142858,False
SHORT_2.5_001,2.5,SHORT,2024-01-15T08:55:00.000000000Z,24.399999999999977,0.1999999999990898,7,2.5,TP_HIT,21.899999999999977,1.303105590062112,PARTIAL_PLUS_TP,2.282608695652174,0.5257142857142858,False
SHORT_2.5_001,2.5,SHORT,2024-01-15T08:56:00.000000000Z,24.200000000000887,0.3999999999981796,6,2.5,TP_HIT,21.700000000000887,1.303105590062112,PARTIAL_PLUS_TP,2.282608695652174,0.5257142857142858,False
SHORT_2.5_001,2.5,SHORT,2024-01-15T08:57:00.000000000Z,24.200000000000887,0.3999999999981796,5,2.5,TP_HIT,21.700000000000887,1.303105590062112,PARTIAL_PLUS_TP,2.282608695652174,0.5257142857142858,False
SHORT_2.5_001,2.5,SHORT,2024-01-15T08:58:00.000000000Z,24.599999999999067,0.0,4,2.5,TP_HIT,22.099999999999067,1.303105590062112,PARTIAL_PLUS_TP,2.282608695652174,0.5257142857142858,False
SHORT_2.5_001,2.5,SHORT,2024-01-15T08:59:00.000000000Z,24.399999999999977,0.0,3,2.5,TP_HIT,21.899999999999977,1.303105590062112,PARTIAL_PLUS_TP,2.282608695652174,0.5257142857142858,False
SHORT_2.5_001,2.5,SHORT,2024-01-15T09:00:00.000000000Z,23.199999999998777,0.0,2,2.5,TP_HIT,20.699999999998777,1.303105590062112,PARTIAL_PLUS_TP,2.282608695652174,0.5257142857142858,False
SHORT_2.5_001,2.5,SHORT,2024-01-15T09:01:00.000000000Z,22.100000000000453,0.0,15,2.5,TP_HIT,19.600000000000453,1.303105590062112,PARTIAL_PLUS_TP,2.282608695652174,0.5257142857142858,False
SHORT_2.5_001,2.5,SHORT,2024-01-15T09:02:00.000000000Z,20.000000000000018,2.100000000000435,33,2.5,TP_HIT,17.500000000000018,1.303105590062112,PARTIAL_PLUS_TP,2.282608695652174,0.5257142857142858,False
SHORT_2.5_001,2.5,SHORT,2024-01-15T09:03:00.000000000Z,20.299999999999763,1.80000000000069,32,2.5,TP_HIT,17.799999999999763,1.303105590062112,PARTIAL_PLUS_TP,2.282608695652174,0.5257142857142858,False
SHORT_2.5_001,2.5,SHORT,2024-01-15T09:04:00.000000000Z,20.800000000000818,1.2999999999996348,31,2.5,TP_HIT,18.300000000000818,1.303105590062112,PARTIAL_PLUS_TP,2.282608695652174,0.5257142857142858,False
SHORT_2.5_001,2.5,SHORT,2024-01-15T09:05:00.000000000Z,20.800000000000818,1.2999999999996348,30,2.5,TP_HIT,18.300000000000818,1.303105590062112,PARTIAL_PLUS_TP,2.282608695652174,0.5257142857142858,False
SHORT_2.5_001,2.5,SHORT,2024-01-15T09:06:00.000000000Z,21.800000000000708,0.2999999999997449,11,2.5,TP_HIT,19.300000000000708,1.303105590062112,PARTIAL_PLUS_TP,2.282608695652174,0.5257142857142858,False
SHORT_2.5_001,2.5,SHORT,2024-01-15T09:07:00.000000000Z,21.299999999999653,0.8000000000008001,11,2.5,TP_HIT,18.799999999999653,1.303105590062112,PARTIAL_PLUS_TP,2.282608695652174,0.5257142857142858,False
SHORT_2.5_001,2.5,SHORT,2024-01-15T09:08:00.000000000Z,20.599999999999508,1.500000000000945,27,2.5,TP_HIT,18.099999999999508,1.303105590062112,PARTIAL_PLUS_TP,2.282608695652174,0.5257142857142858,False
SHORT_2.5_001,2.5,SHORT,2024-01-15T09:09:00.000000000Z,21.199999999998997,0.9000000000014552,9,2.5,TP_HIT,18.699999999998997,1.303105590062112,PARTIAL_PLUS_TP,2.282608695652174,0.5257142857142858,False
SHORT_2.5_001,2.5,SHORT,2024-01-15T09:10:00.000000000Z,21.400000000000308,0.700000000000145,8,2.5,TP_HIT,18.900000000000308,1.303105590062112,PARTIAL_PLUS_TP,2.282608695652174,0.5257142857142858,False
SHORT_2.5_001,2.5,SHORT,2024-01-15T09:11:00.000000000Z,21.700000000000053,0.40000000000040004,6,2.5,TP_HIT,19.200000000000053,1.303105590062112,PARTIAL_PLUS_TP,2.282608695652174,0.5257142857142858,False
SHORT_2.5_001,2.5,SHORT,2024-01-15T09:12:00.000000000Z,21.999999999999797,0.10000000000065512,5,2.5,TP_HIT,19.499999999999797,1.303105590062112,PARTIAL_PLUS_TP,2.282608695652174,0.5257142857142858,False
SHORT_2.5_001,2.5,SHORT,2024-01-15T09:13:00.000000000Z,20.299999999999763,1.80000000000069,22,2.5,TP_HIT,17.799999999999763,1.303105590062112,PARTIAL_PLUS_TP,2.282608695652174,0.5257142857142858,False
SHORT_2.5_001,2.5,SHORT,2024-01-15T09:14:00.000000000Z,21.299999999999653,0.8000000000008001,4,2.5,TP_HIT,18.799999999999653,1.303105590062112,PARTIAL_PLUS_TP,2.282608695652174,0.5257142857142858,False
SHORT_2.5_001,2.5,SHORT,2024-01-15T09:15:00.000000000Z,20.599999999999508,1.500000000000945,20,2.5,TP_HIT,18.099999999999508,1.303105590062112,PARTIAL_PLUS_TP,2.282608695652174,0.5257142857142858,False
SHORT_2.5_001,2.5,SHORT,2024-01-15T09:16:00.000000000Z,19.599999999999618,2.500000000000835,19,-2.5,SL_HIT,17.099999999999618,-2.5,SL_HIT,2.282608695652174,0.5257142857142858,True
SHORT_2.5_001,2.5,SHORT,2024-01-15T09:17:00.000000000Z,19.100000000000783,2.9999999999996696,18,-2.5,SL_HIT,16.600000000000783,-2.5,SL_HIT,2.282608695652174,0.5257142857142858,True
SHORT_2.5_001,2.5,SHORT,2024-01-15T09:18:00.000000000Z,18.599999999999728,3.5000000000007248,17,-2.5,SL_HIT,16.099999999999728,-2.5,SL_HIT,2.282608695652174,0.5257142857142858,True
SHORT_2.5_001,2.5,SHORT,2024-01-15T09:19:00.000000000Z,19.599999999999618,2.500000000000835,16,-2.5,SL_HIT,17.099999999999618,-2.5,SL_HIT,2.282608695652174,0.5257142857142858,True
SHORT_2.5_001,2.5,SHORT,2024-01-15T09:20:00.000000000Z,19.299999999999873,2.80000000000058,15,-2.5,SL_HIT,16.799999999999873,-2.5,SL_HIT,2.282608695652174,0.5257142857142858,True
SHORT_2.5_001,2.5,SHORT,2024-01-15T09:21:00.000000000Z,20.999999999999908,1.100000000000545,13,2.5,TP_HIT,18.499999999999908,1.303105590062112,PARTIAL_PLUS_TP,2.282608695652174,0.5257142857142858,False
SHORT_2.5_001,2.5,SHORT,2024-01-15T09:22:00.000000000Z,20.899999999999253,1.2000000000012,13,2.5,TP_HIT,18.399999999999253,1.303105590062112,PARTIAL_PLUS_TP,2.282608695652174,0.5257142857142858,False
SHORT_2.5_001,2.5,SHORT,2024-01-15T09:23:00.000000000Z,20.400000000000418,1.7000000000000348,12,2.5,TP_HIT,17.900000000000418,1.303105590062112,PARTIAL_PLUS_TP,2.282608695652174,0.5257142857142858,False
SHORT_2.5_001,2.5,SHORT,2024-01-15T09:24:00.000000000Z,20.199999999999108,1.900000000001345,11,2.5,TP_HIT,17.699999999999108,1.303105590062112,PARTIAL_PLUS_TP,2.282608695652174,0.5257142857142858,False
SHORT_2.5_001,2.5,SHORT,2024-01-15T09:25:00.000000000Z,19.400000000000528,2.6999999999999247,10,-2.5,SL_HIT,16.900000000000528,-2.5,SL_HIT,2.282608695652174,0.5257142857142858,True
SHORT_2.5_001,2.5,SHORT,2024-01-15T09:26:00.000000000Z,20.599999999999508,1.500000000000945,9,2.5,TP_HIT,18.099999999999508,1.303105590062112,PARTIAL_PLUS_TP,2.282608695652174,0.5257142857142858,False
SHORT_2.5_001,2.5,SHORT,2024-01-15T09:27:00.000000000Z,20.599999999999508,1.500000000000945,8,2.5,TP_HIT,18.099999999999508,1.303105590062112,PARTIAL_PLUS_TP,2.282608695652174,0.5257142857142858,False
SHORT_2.5_001,2.5,SHORT,2024-01-15T09:28:00.000000000Z,20.199999999999108,1.900000000001345,7,2.5,TP_HIT,17.699999999999108,1.303105590062112,PARTIAL_PLUS_TP,2.282608695652174,0.5257142857142858,False
SHORT_2.5_001,2.5,SHORT,2024-01-15T09:29:00.000000000Z,20.100000000000673,1.9999999999997797,6,2.5,TP_HIT,17.600000000000673,1.303105590062112,PARTIAL_PLUS_TP,2.282608695652174,0.5257142857142858,False
SHORT_2.5_001,2.5,SHORT,2024-01-15T09:30:00.000000000Z,22.100000000000453,0.0,4,2.5,TP_HIT,19.600000000000453,1.303105590062112,PARTIAL_PLUS_TP,2.282608695652174,0.5257142857142858,False
SHORT_2.5_001,2.5,SHORT,2024-01-15T09:31:00.000000000Z,20.599999999999508,0.0,4,2.5,TP_HIT,18.099999999999508,1.303105590062112,PARTIAL_PLUS_TP,2.282608695652174,0.5257142857142858,False
SHORT_2.5_001,2.5,SHORT,2024-01-15T09:32:00.000000000Z,20.199999999999108,0.0,3,2.5,TP_HIT,17.699999999999108,1.303105590062112,PARTIAL_PLUS_TP,2.282608695652174,0.5257142857142858,False
SHORT_2.5_001,2.5,SHORT,2024-01-15T09:33:00.000000000Z,20.199999999999108,0.0,2,2.5,TP_HIT,17.699999999999108,1.303105590062112,PARTIAL_PLUS_TP,2.282608695652174,0.5257142857142858,False
SHORT_2.5_001,2.5,SHORT,2024-01-15T09:34:00.000000000Z,18.400000000000638,0.0,1,2.5,TP_HIT,15.900000000000638,1.303105590062112,PARTIAL_PLUS_TP,2.282608695652174,0.5257142857142858,False
SHORT_2.5_001,2.5,SHORT,2024-01-15T09:35:00.000000000Z,15.899999999999803,0.0,2,2.5,TP_HIT,13.399999999999803,1.303105590062112,PARTIAL_PLUS_TP,2.282608695652174,0.5257142857142858,False
SHORT_2.5_001,2.5,SHORT,2024-01-15T09:36:00.000000000Z,15.799999999999148,0.0,1,2.5,TP_HIT,13.299999999999148,1.303105590062112,PARTIAL_PLUS_TP,2.282608695652174,0.5257142857142858,False
SHORT_2.5_001,2.5,SHORT,2024-01-15T09:37:00.000000000Z,12.600000000000389,1.5999999999993797,25,2.5,TP_HIT,10.100000000000389,1.303105590062112,PARTIAL_PLUS_TP,2.282608695652174,0.5257142857142858,False
SHORT_2.5_001,2.5,SHORT,2024-01-15T09:38:00.000000000Z,11.300000000000754,2.8999999999990145,25,-2.5,SL_HIT,8.800000000000754,-2.5,SL_HIT,2.282608695652174,0.5257142857142858,True
SHORT_2.5_001,2.5,SHORT,2024-01-15T09:39:00.000000000Z,13.499999999999623,0.700000000000145,8,2.5,TP_HIT,10.999999999999623,1.303105590062112,PARTIAL_PLUS_TP,2.282608695652174,0.5257142857142858,False
SHORT_2.5_001,2.5,SHORT,2024-01-15T09:40:00.000000000Z,13.199999999999878,0.9999999999998899,7,2.5,TP_HIT,10.699999999999878,1.303105590062112,PARTIAL_PLUS_TP,2.282608695652174,0.5257142857142858,False
SHORT_2.5_001,2.5,SHORT,2024-01-15T09:41:00.000000000Z,13.699999999998713,0.5000000000010552,6,2.5,TP_HIT,11.199999999998713,1.303105590062112,PARTIAL_PLUS_TP,2.282608695652174,0.5257142857142858,False
SHORT_2.5_001,2.5,SHORT,2024-01-15T09:42:00.000000000Z,13.300000000000534,0.8999999999992347,5,2.5,TP_HIT,10.800000000000534,1.303105590062112,PARTIAL_PLUS_TP,2.282608695652174,0.5257142857142858,False
SHORT_2.5_001,2.5,SHORT,2024-01-15T09:43:00.000000000Z,13.000000000000789,1.1999999999989797,4,2.5,TP_HIT,10.500000000000789,1.303105590062112,PARTIAL_PLUS_TP,2.282608695652174,0.5257142857142858,False
SHORT_2.5_001,2.5,SHORT,2024-01-15T09:44:00.000000000Z,12.000000000000899,2.1999999999988695,18,2.5,TP_HIT,9.500000000000899,1.303105590062112,PARTIAL_PLUS_TP,2.282608695652174,0.5257142857142858,False
SHORT_2.5_001,2.5,SHORT,2024-01-15T09:45:00.000000000Z,13.000000000000789,1.1999999999989797,2,2.5,TP_HIT,10.500000000000789,1.303105590062112,PARTIAL_PLUS_TP,2.282608695652174,0.5257142857142858,False
SHORT_2.5_001,2.5,SHORT,2024-01-15T09:46:00.000000000Z,12.699999999998823,1.500000000000945,16,2.5,TP_HIT,10.199999999998823,1.303105590062112,PARTIAL_PLUS_TP,2.282608695652174,0.5257142857142858,False
SHORT_2.5_001,2.5,SHORT,2024-01-15T09:47:00.000000000Z,10.499999999999954,3.6999999999998145,17,-2.5,SL_HIT,7.999999999999954,-2.5,SL_HIT,2.282608695652174,0.5257142857142858,True
SHORT_2.5_001,2.5,SHORT,2024-01-15T09:48:00.000000000Z,11.399999999999189,2.80000000000058,15,-2.5,SL_HIT,8.899999999999189,-2.5,SL_HIT,2.282608695652174,0.5257142857142858,True
SHORT_2.5_001,2.5,SHORT,2024-01-15T09:49:00.000000000Z,13.199999999999878,0.9999999999998899,11,2.5,TP_HIT,10.699999999999878,1.303105590062112,PARTIAL_PLUS_TP,2.282608695652174,0.5257142857142858,False
SHORT_2.5_001,2.5,SHORT,2024-01-15T09:50:00.000000000Z,12.300000000000644,1.8999999999991246,12,2.5,TP_HIT,9.800000000000644,1.303105590062112,PARTIAL_PLUS_TP,2.282608695652174,0.5257142857142858,False
SHORT_2.5_001,2.5,SHORT,2024-01-15T09:51:00.000000000Z,10.799999999999699,3.4000000000000696,12,-2.5,SL_HIT,8.299999999999699,-2.5,SL_HIT,2.282608695652174,0.5257142857142858,True
SHORT_2.5_001,2.5,SHORT,2024-01-15T09:52:00.000000000Z,11.200000000000099,2.9999999999996696,11,-2.5,SL_HIT,8.700000000000099,-2.5,SL_HIT,2.282608695652174,0.5257142857142858,True
SHORT_2.5_001,2.5,SHORT,2024-01-15T09:53:00.000000000Z,11.799999999999589,2.4000000000001798,9,2.5,TP_HIT,9.299999999999589,1.303105590062112,PARTIAL_PLUS_TP,2.282608695652174,0.5257142857142858,False
SHORT_2.5_001,2.5,SHORT,2024-01-15T09:54:00.000000000Z,12.199999999999989,1.9999999999997797,8,2.5,TP_HIT,9.699999999999989,1.303105590062112,PARTIAL_PLUS_TP,2.282608695652174,0.5257142857142858,False
SHORT_2.5_001,2.5,SHORT,2024-01-15T09:55:00.000000000Z,14.199999999999768,0.0,5,2.5,TP_HIT,11.699999999999768,1.303105590062112,PARTIAL_PLUS_TP,2.282608695652174,0.5257142857142858,False
SHORT_2.5_001,2.5,SHORT,2024-01-15T09:56:00.000000000Z,14.000000000000679,0.0,4,2.5,TP_HIT,11.500000000000679,1.303105590062112,PARTIAL_PLUS_TP,2.282608695652174,0.5257142857142858,False
SHORT_2.5_001,2.5,SHORT,2024-01-15T09:57:00.000000000Z,13.000000000000789,0.0,3,2.5,TP_HIT,10.500000000000789,1.303105590062112,PARTIAL_PLUS_TP,2.282608695652174,0.5257142857142858,False
SHORT_2.5_001,2.5,SHORT,2024-01-15T09:58:00.000000000Z,12.199999999999989,2.100000000000435,4,2.5,TP_HIT,9.699999999999989,1.303105590062112,PARTIAL_PLUS_TP,2.282608695652174,0.5257142857142858,False
SHORT_2.5_001,2.5,SHORT,2024-01-15T09:59:00.000000000Z,13.000000000000789,1.2999999999996348,1,2.5,TP_HIT,10.500000000000789,1.303105590062112,PARTIAL_PLUS_TP,2.282608695652174,0.5257142857142858,False
SHORT_2.5_001,2.5,SHORT,2024-01-15T10:00:00.000000000Z,10.300000000000864,4.799999999998139,4,2.5,TP_HIT,7.800000000000864,0.014285714285714679,PARTIAL_THEN_SL,2.282608695652174,0.5257142857142858,False
SHORT_2.5_001,2.5,SHORT,2024-01-15T10:01:00.000000000Z,10.300000000000864,4.799999999998139,3,2.5,TP_HIT,7.800000000000864,0.014285714285714679,PARTIAL_THEN_SL,2.282608695652174,0.5257142857142858,False
SHORT_2.5_001,2.5,SHORT,2024-01-15T10:02:00.000000000Z,9.200000000000319,5.899999999998684,2,2.5,TP_HIT,6.700000000000319,0.014285714285714679,PARTIAL_THEN_SL,2.282608695652174,0.5257142857142858,False
SHORT_2.5_001,2.5,SHORT,2024-01-15T10:03:00.000000000Z,8.20000000000043,6.899999999998574,6,2.5,TP_HIT,5.700000000000429,0.014285714285714679,PARTIAL_THEN_SL,2.282608695652174,0.5257142857142858,False
SHORT_2.5_001,2.5,SHORT,2024-01-15T10:04:00.000000000Z,6.699999999999484,8.399999999999519,8,2.5,TP_HIT,4.199999999999484,0.014285714285714679,PARTIAL_THEN_SL,2.282608695652174,0.5257142857142858,False
SHORT_2.5_001,2.5,SHORT,2024-01-15T10:05:00.000000000Z,7.200000000000539,7.899999999998464,5,2.5,TP_HIT,4.700000000000539,0.014285714285714679,PARTIAL_THEN_SL,2.282608695652174,0.5257142857142858,False
SHORT_2.5_001,2.5,SHORT,2024-01-15T10:06:00.000000000Z,7.900000000000684,7.199999999998319,4,2.5,TP_HIT,5.400000000000684,0.014285714285714679,PARTIAL_THEN_SL,2.282608695652174,0.5257142857142858,False
SHORT_2.5_001,2.5,SHORT,2024-01-15T10:07:00.000000000Z,7.699999999999374,7.399999999999629,3,2.5,TP_HIT,5.199999999999374,0.014285714285714679,PARTIAL_THEN_SL,2.282608695652174,0.5257142857142858,False
SHORT_2.5_001,2.5,SHORT,2024-01-15T10:08:00.000000000Z,7.599999999998719,7.500000000000284,2,2.5,TP_HIT,5.099999999998719,0.014285714285714679,PARTIAL_THEN_SL,2.282608695652174,0.5257142857142858,False
SHORT_2.5_001,2.5,SHORT,2024-01-15T10:09:00.000000000Z,5.599999999998939,9.500000000000064,8,2.5,TP_HIT,3.099999999998939,0.014285714285714679,PARTIAL_THEN_SL,2.282608695652174,0.5257142857142858,False
SHORT_2.5_001,2.5,SHORT,2024-01-15T10:10:00.000000000Z,4.599999999999049,10.499999999999954,7,2.5,TP_HIT,2.0999999999990493,0.014285714285714679,PARTIAL_THEN_SL,2.282608695652174,0.5257142857142858,False
SHORT_2.5_001,2.5,SHORT,2024-01-15T10:11:00.000000000Z,5.399999999999849,9.699999999999154,6,2.5,TP_HIT,2.8999999999998494,0.014285714285714679,PARTIAL_THEN_SL,2.282608695652174,0.5257142857142858,False
SHORT_2.5_001,2.5,SHORT,2024-01-15T10:12:00.000000000Z,3.9999999999995595,11.099999999999444,6,2.5,TP_HIT,1.4999999999995595,0.014285714285714679,PARTIAL_THEN_SL,2.282608695652174,0.5257142857142858,False
SHORT_2.5_001,2.5,SHORT,2024-01-15T10:13:00.000000000Z,4.20000000000087,10.899999999998133,5,2.5,TP_HIT,1.7000000000008697,0.014285714285714679,PARTIAL_THEN_SL,2.282608695652174,0.5257142857142858,False
SHORT_2.5_001,2.5,SHORT,2024-01-15T10:14:00.000000000Z,4.899999999998794,10.200000000000209,3,2.5,TP_HIT,2.399999999998794,0.014285714285714679,PARTIAL_THEN_SL,2.282608695652174,0.5257142857142858,False
SHORT_2.5_001,2.5,SHORT,2024-01-15T10:15:00.000000000Z,3.4000000000000696,11.699999999998933,3,2.5,TP_HIT,0.9000000000000696,0.014285714285714679,PARTIAL_THEN_SL,2.282608695652174,0.5257142857142858,False
SHORT_2.5_001,2.5,SHORT,2024-01-15T10:16:00.000000000Z,3.1999999999987594,11.900000000000244,2,2.5,TP_HIT,0.6999999999987594,0.014285714285714679,PARTIAL_THEN_SL,2.282608695652174,0.5257142857142858,False
SHORT_2.5_001,2.5,SHORT,2024-01-15T10:17:00.000000000Z,1.9999999999997797,13.099999999999223,101,-2.5,SL_HIT,0.0,-2.5,SL_HIT,2.282608695652174,0.5257142857142858,True
SHORT_2.5_001,2.5,SHORT,2024-01-15T10:18:00.000000000Z,0.2999999999997449,14.799999999999258,101,-2.5,SL_HIT,0.0,-2.5,SL_HIT,2.282608695652174,0.5257142857142858,True
SHORT_2.5_002,2.5,SHORT,2024-01-15T10:30:00.000000000Z,3.1000000000003247,13.199999999999878,5,2.5,TP_HIT,0.6000000000003247,0.014285714285714679,PARTIAL_THEN_SL,2.282608695652174,0.5257142857142858,False
SHORT_2.5_002,2.5,SHORT,2024-01-15T10:31:00.000000000Z,1.900000000001345,14.799999999999258,101,-2.5,SL_HIT,0.0,-2.5,SL_HIT,2.282608695652174,0.5257142857142858,True
SHORT_2.5_002,2.5,SHORT,2024-01-15T10:32:00.000000000Z,1.900000000001345,15.499999999999403,101,-2.5,SL_HIT,0.0,-2.5,SL_HIT,2.282608695652174,0.5257142857142858,True
SHORT_2.5_002,2.5,SHORT,2024-01-15T10:33:00.000000000Z,2.500000000000835,16.40000000000086,13,2.5,TP_HIT,8.348877145181177e-13,0.014285714285714679,PARTIAL_THEN_SL,2.282608695652174,0.5257142857142858,False
SHORT_2.5_002,2.5,SHORT,2024-01-15T10:34:00.000000000Z,0.9000000000014552,18.599999999999728,101,-2.5,SL_HIT,0.0,-2.5,SL_HIT,2.282608695652174,0.5257142857142858,True
SHORT_2.5_002,2.5,SHORT,2024-01-15T10:35:00.000000000Z,0.10000000000065512,19.400000000000528,101,-2.5,SL_HIT,0.0,-2.5,SL_HIT,2.282608695652174,0.5257142857142858,True
SHORT_2.5_002,2.5,SHORT,2024-01-15T10:36:00.000000000Z,0.10000000000065512,19.400000000000528,101,-2.5,SL_HIT,0.0,-2.5,SL_HIT,2.282608695652174,0.5257142857142858,True
SHORT_2.5_002,2.5,SHORT,2024-01-15T10:37:00.000000000Z,0.9000000000014552,19.799999999998708,101,-2.5,SL_HIT,0.0,-2.5,SL_HIT,2.282608695652174,0.5257142857142858,True
SHORT_2.5_002,2.5,SHORT,2024-01-15T10:38:00.000000000Z,0.9000000000014552,20.400000000000418,101,-2.5,SL_HIT,0.0,-2.5,SL_HIT,2.282608695652174,0.5257142857142858,True
SHORT_2.5_002,2.5,SHORT,2024-01-15T10:39:00.000000000Z,1.900000000001345,19.400000000000528,101,-2.5,SL_HIT,0.0,-2.5,SL_HIT,2.282608695652174,0.5257142857142858,True
SHORT_2.5_002,2.5,SHORT,2024-01-15T10:40:00.000000000Z,1.40000000000029,19.900000000001583,101,-2.5,SL_HIT,0.0,-2.5,SL_HIT,2.282608695652174,0.5257142857142858,True
SHORT_2.5_002,2.5,SHORT,2024-01-15T10:41:00.000000000Z,1.3000000000018552,20.000000000000018,101,-2.5,SL_HIT,0.0,-2.5,SL_HIT,2.282608695652174,0.5257142857142858,True
SHORT_2.5_002,2.5,SHORT,2024-01-15T10:42:00.000000000Z,1.7000000000000348,19.600000000001838,101,-2.5,SL_HIT,0.0,-2.5,SL_HIT,2.282608695652174,0.5257142857142858,True
SHORT_2.5_002,2.5,SHORT,2024-01-15T10:43:00.000000000Z,0.5000000000010552,20.800000000000818,101,-2.5,SL_HIT,0.0,-2.5,SL_HIT,2.282608695652174,0.5257142857142858,True
SHORT_2.5_002,2.5,SHORT,2024-01-15T10:44:00.000000000Z,1.0000000000021103,20.299999999999763,101,-2.5,SL_HIT,0.0,-2.5,SL_HIT,2.282608695652174,0.5257142857142858,True
SHORT_2.5_002,2.5,SHORT,2024-01-15T10:45:00.000000000Z,1.0000000000021103,20.299999999999763,101,-2.5,SL_HIT,0.0,-2.5,SL_HIT,2.282608695652174,0.5257142857142858,True
SHORT_2.5_002,2.5,SHORT,2024-01-15T10:46:00.000000000Z,0.0,21.300000000001873,101,-2.5,SL_HIT,0.0,-2.5,SL_HIT,2.282608695652174,0.5257142857142858,True
SHORT_2.5_003,2.5,SHORT,2024-01-15T11:26:00.000000000Z,2.5999999999992696,13.600000000000279,26,-2.5,SL_HIT,0.09999999999926956,-2.5,SL_HIT,2.282608695652174,0.5257142857142858,True
SHORT_2.5_003,2.5,SHORT,2024-01-15T11:27:00.000000000Z,2.8999999999990145,13.300000000000534,25,-2.5,SL_HIT,0.3999999999990145,-2.5,SL_HIT,2.282608695652174,0.5257142857142858,True
SHORT_2.5_003,2.5,SHORT,2024-01-15T11:28:00.000000000Z,2.6999999999999247,13.499999999999623,24,-2.5,SL_HIT,0.19999999999992468,-2.5,SL_HIT,2.282608695652174,0.5257142857142858,True
SHORT_2.5_003,2.5,SHORT,2024-01-15T11:29:00.000000000Z,4.3999999999999595,11.799999999999589,17,2.5,TP_HIT,1.8999999999999595,0.014285714285714679,PARTIAL_THEN_SL,2.282608695652174,0.5257142857142858,False
SHORT_2.5_003,2.5,SHORT,2024-01-15T11:30:00.000000000Z,3.8000000000004697,12.399999999999078,22,-2.5,SL_HIT,1.3000000000004697,-2.5,SL_HIT,2.282608695652174,0.5257142857142858,True
SHORT_2.5_003,2.5,SHORT,2024-01-15T11:31:00.000000000Z,4.599999999999049,11.600000000000499,15,2.5,TP_HIT,2.0999999999990493,0.014285714285714679,PARTIAL_THEN_SL,2.282608695652174,0.5257142857142858,False
SHORT_2.5_003,2.5,SHORT,2024-01-15T11:32:00.000000000Z,4.8000000000003595,11.399999999999189,2,2.5,TP_HIT,2.3000000000003595,0.014285714285714679,PARTIAL_THEN_SL,2.282608695652174,0.5257142857142858,False
SHORT_2.5_003,2.5,SHORT,2024-01-15T11:33:00.000000000Z,3.8000000000004697,12.399999999999078,19,-2.5,SL_HIT,1.3000000000004697,-2.5,SL_HIT,2.282608695652174,0.5257142857142858,True
SHORT_2.5_003,2.5,SHORT,2024-01-15T11:34:00.000000000Z,2.100000000000435,14.099999999999113,101,-2.5,SL_HIT,0.0,-2.5,SL_HIT,2.282608695652174,0.5257142857142858,True
SHORT_2.5_003,2.5,SHORT,2024-01-15T11:35:00.000000000Z,2.1999999999988695,14.000000000000679,101,-2.5,SL_HIT,0.0,-2.5,SL_HIT,2.282608695652174,0.5257142857142858,True
SHORT_2.5_003,2.5,SHORT,2024-01-15T11:36:00.000000000Z,4.199999999998649,12.000000000000899,10,-2.5,SL_HIT,1.6999999999986493,-2.5,SL_HIT,2.282608695652174,0.5257142857142858,True
SHORT_2.5_003,2.5,SHORT,2024-01-15T11:37:00.000000000Z,4.8000000000003595,11.399999999999189,9,2.5,TP_HIT,2.3000000000003595,0.014285714285714679,PARTIAL_THEN_SL,2.282608695652174,0.5257142857142858,False
SHORT_2.5_003,2.5,SHORT,2024-01-15T11:38:00.000000000Z,6.099999999999994,10.099999999999554,7,2.5,TP_HIT,3.5999999999999943,0.014285714285714679,PARTIAL_THEN_SL,2.282608695652174,0.5257142857142858,False
SHORT_2.5_003,2.5,SHORT,2024-01-15T11:39:00.000000000Z,5.999999999999339,10.200000000000209,6,2.5,TP_HIT,3.499999999999339,0.014285714285714679,PARTIAL_THEN_SL,2.282608695652174,0.5257142857142858,False
SHORT_2.5_003,2.5,SHORT,2024-01-15T11:40:00.000000000Z,6.899999999998574,9.300000000000974,1,2.5,TP_HIT,4.399999999998574,0.014285714285714679,PARTIAL_THEN_SL,2.282608695652174,0.5257142857142858,False
SHORT_2.5_003,2.5,SHORT,2024-01-15T11:41:00.000000000Z,3.9999999999995595,12.199999999999989,5,2.5,TP_HIT,1.4999999999995595,0.014285714285714679,PARTIAL_THEN_SL,2.282608695652174,0.5257142857142858,False
SHORT_2.5_003,2.5,SHORT,2024-01-15T11:42:00.000000000Z,4.100000000000215,12.099999999999334,4,2.5,TP_HIT,1.6000000000002146,0.014285714285714679,PARTIAL_THEN_SL,2.282608695652174,0.5257142857142858,False
SHORT_2.5_003,2.5,SHORT,2024-01-15T11:43:00.000000000Z,4.599999999999049,11.600000000000499,3,2.5,TP_HIT,2.0999999999990493,0.014285714285714679,PARTIAL_THEN_SL,2.282608695652174,0.5257142857142858,False
SHORT_2.5_003,2.5,SHORT,2024-01-15T11:44:00.000000000Z,4.3999999999999595,11.799999999999589,2,2.5,TP_HIT,1.8999999999999595,0.014285714285714679,PARTIAL_THEN_SL,2.282608695652174,0.5257142857142858,False
SHORT_2.5_003,2.5,SHORT,2024-01-15T11:45:00.000000000Z,2.4000000000001798,13.799999999999368,101,-2.5,SL_HIT,0.0,0.014285714285714679,PARTIAL_THEN_SL,2.282608695652174,0.5257142857142858,True
SHORT_2.5_003,2.5,SHORT,2024-01-15T11:46:00.000000000Z,1.40000000000029,14.799999999999258,101,-2.5,SL_HIT,0.0,-2.5,SL_HIT,2.282608695652174,0.5257142857142858,True
SHORT_2.5_003,2.5,SHORT,2024-01-15T11:47:00.000000000Z,3.9999999999995595,12.199999999999989,5,2.5,TP_HIT,1.4999999999995595,0.014285714285714679,PARTIAL_THEN_SL,2.282608695652174,0.5257142857142858,False
SHORT_2.5_003,2.5,SHORT,2024-01-15T11:48:00.000000000Z,4.100000000000215,12.099999999999334,4,2.5,TP_HIT,1.6000000000002146,0.014285714285714679,PARTIAL_THEN_SL,2.282608695652174,0.5257142857142858,False
SHORT_2.5_003,2.5,SHORT,2024-01-15T11:49:00.000000000Z,2.5999999999992696,13.600000000000279,3,2.5,TP_HIT,0.09999999999926956,0.014285714285714679,PARTIAL_THEN_SL,2.282608695652174,0.5257142857142858,False
SHORT_2.5_003,2.5,SHORT,2024-01-15T11:50:00.000000000Z,2.5999999999992696,13.600000000000279,2,2.5,TP_HIT,0.09999999999926956,0.014285714285714679,PARTIAL_THEN_SL,2.282608695652174,0.5257142857142858,False
SHORT_2.5_003,2.5,SHORT,2024-01-15T11:51:00.000000000Z,2.4999999999986144,13.700000000000934,101,-2.5,SL_HIT,0.0,0.014285714285714679,PARTIAL_THEN_SL,2.282608695652174,0.5257142857142858,True
SHORT_2.5_003,2.5,SHORT,2024-01-15T11:52:00.000000000Z,0.0,16.199999999999548,101,-2.5,SL_HIT,0.0,-2.5,SL_HIT,2.282608695652174,0.5257142857142858,True
SHORT_2.5_004,2.5,SHORT,2024-01-15T12:04:00.000000000Z,3.5000000000007248,9.900000000000464,65,-2.5,SL_HIT,1.0000000000007248,-2.5,SL_HIT,2.282608695652174,0.5257142857142858,True
SHORT_2.5_004,2.5,SHORT,2024-01-15T12:05:00.000000000Z,5.00000000000167,8.399999999999519,28,-2.5,SL_HIT,2.5000000000016698,-2.5,SL_HIT,2.282608695652174,0.5257142857142858,True
SHORT_2.5_004,2.5,SHORT,2024-01-15T12:06:00.000000000Z,4.700000000001925,8.699999999999264,27,-2.5,SL_HIT,2.200000000001925,-2.5,SL_HIT,2.282608695652174,0.5257142857142858,True
SHORT_2.5_004,2.5,SHORT,2024-01-15T12:07:00.000000000Z,4.20000000000087,9.200000000000319,62,-2.5,SL_HIT,1.7000000000008697,-2.5,SL_HIT,2.282608695652174,0.5257142857142858,True
SHORT_2.5_004,2.5,SHORT,2024-01-15T12:08:00.000000000Z,4.60000000000127,8.799999999999919,61,-2.5,SL_HIT,2.1000000000012697,-2.5,SL_HIT,2.282608695652174,0.5257142857142858,True
SHORT_2.5_004,2.5,SHORT,2024-01-15T12:09:00.000000000Z,6.500000000000394,6.900000000000794,24,-2.5,SL_HIT,4.000000000000394,-2.5,SL_HIT,2.282608695652174,0.5257142857142858,True
SHORT_2.5_004,2.5,SHORT,2024-01-15T12:10:00.000000000Z,6.800000000000139,6.6000000000010495,23,-2.5,SL_HIT,4.300000000000139,-2.5,SL_HIT,2.282608695652174,0.5257142857142858,True
SHORT_2.5_004,2.5,SHORT,2024-01-15T12:11:00.000000000Z,7.200000000000539,6.200000000000649,19,-2.5,SL_HIT,4.700000000000539,-2.5,SL_HIT,2.282608695652174,0.5257142857142858,True
SHORT_2.5_004,2.5,SHORT,2024-01-15T12:12:00.000000000Z,7.900000000000684,5.5000000000005045,18,-2.5,SL_HIT,5.400000000000684,-2.5,SL_HIT,2.282608695652174,0.5257142857142858,True
SHORT_2.5_004,2.5,SHORT,2024-01-15T12:13:00.000000000Z,9.40000000000163,3.9999999999995595,12,2.5,TP_HIT,6.900000000001629,0.014285714285714679,PARTIAL_THEN_SL,2.282608695652174,0.5257142857142858,False
SHORT_2.5_004,2.5,SHORT,2024-01-15T12:14:00.000000000Z,10.000000000001119,3.4000000000000696,10,2.5,TP_HIT,7.500000000001119,0.014285714285714679,PARTIAL_THEN_SL,2.282608695652174,0.5257142857142858,False
SHORT_2.5_004,2.5,SHORT,2024-01-15T12:15:00.000000000Z,10.000000000001119,3.4000000000000696,9,2.5,TP_HIT,7.500000000001119,0.014285714285714679,PARTIAL_THEN_SL,2.282608695652174,0.5257142857142858,False
SHORT_2.5_004,2.5,SHORT,2024-01-15T12:16:00.000000000Z,9.900000000000464,3.5000000000007248,8,2.5,TP_HIT,7.400000000000464,0.014285714285714679,PARTIAL_THEN_SL,2.282608695652174,0.5257142857142858,False
SHORT_2.5_004,2.5,SHORT,2024-01-15T12:17:00.000000000Z,11.200000000000099,2.20000000000109,6,2.5,TP_HIT,8.700000000000099,1.303105590062112,PARTIAL_PLUS_TP,2.282608695652174,0.5257142857142858,False
SHORT_2.5_004,2.5,SHORT,2024-01-15T12:18:00.000000000Z,11.800000000001809,1.5999999999993797,4,2.5,TP_HIT,9.300000000001809,1.303105590062112,PARTIAL_PLUS_TP,2.282608695652174,0.5257142857142858,False
SHORT_2.5_004,2.5,SHORT,2024-01-15T12:19:00.000000000Z,9.500000000000064,3.900000000001125,6,2.5,TP_HIT,7.000000000000064,0.014285714285714679,PARTIAL_THEN_SL,2.282608695652174,0.5257142857142858,False
SHORT_2.5_004,2.5,SHORT,2024-01-15T12:20:00.000000000Z,9.600000000000719,3.8000000000004697,5,2.5,TP_HIT,7.100000000000719,0.014285714285714679,PARTIAL_THEN_SL,2.282608695652174,0.5257142857142858,False
SHORT_2.5_004,2.5,SHORT,2024-01-15T12:21:00.000000000Z,10.200000000000209,3.20000000000098,2,2.5,TP_HIT,7.700000000000209,0.014285714285714679,PARTIAL_THEN_SL,2.282608695652174,0.5257142857142858,False
SHORT_2.5_004,2.5,SHORT,2024-01-15T12:22:00.000000000Z,9.200000000000319,4.20000000000087,5,2.5,TP_HIT,6.700000000000319,0.014285714285714679,PARTIAL_THEN_SL,2.282608695652174,0.5257142857142858,False
SHORT_2.5_004,2.5,SHORT,2024-01-15T12:23:00.000000000Z,7.600000000000939,5.800000000000249,7,2.5,TP_HIT,5.100000000000939,0.014285714285714679,PARTIAL_THEN_SL,2.282608695652174,0.5257142857142858,False
SHORT_2.5_004,2.5,SHORT,2024-01-15T12:24:00.000000000Z,7.200000000000539,6.200000000000649,6,2.5,TP_HIT,4.700000000000539,0.014285714285714679,PARTIAL_THEN_SL,2.282608695652174,0.5257142857142858,False
SHORT_2.5_004,2.5,SHORT,2024-01-15T12:25:00.000000000Z,7.999999999999119,6.6000000000010495,8,2.5,TP_HIT,5.499999999999119,0.014285714285714679,PARTIAL_THEN_SL,2.282608695652174,0.5257142857142858,False
SHORT_2.5_004,2.5,SHORT,2024-01-15T12:26:00.000000000Z,12.100000000001554,4.699999999999704,2,2.5,TP_HIT,9.600000000001554,0.014285714285714679,PARTIAL_THEN_SL,2.282608695652174,0.5257142857142858,False
SHORT_2.5_004,2.5,SHORT,2024-01-15T12:27:00.000000000Z,10.499999999999954,6.800000000000139,6,2.5,TP_HIT,7.999999999999954,0.014285714285714679,PARTIAL_THEN_SL,2.282608695652174,0.5257142857142858,False
SHORT_2.5_004,2.5,SHORT,2024-01-15T12:28:00.000000000Z,10.399999999999299,7.600000000000939,5,2.5,TP_HIT,7.899999999999299,0.014285714285714679,PARTIAL_THEN_SL,2.282608695652174,0.5257142857142858,False
SHORT_2.5_004,2.5,SHORT,2024-01-15T12:29:00.000000000Z,10.399999999999299,7.600000000000939,4,2.5,TP_HIT,7.899999999999299,0.014285714285714679,PARTIAL_THEN_SL,2.282608695652174,0.5257142857142858,False
SHORT_2.5_004,2.5,SHORT,2024-01-15T12:30:00.000000000Z,9.200000000000319,8.799999999999919,39,-2.5,SL_HIT,6.700000000000319,0.014285714285714679,PARTIAL_THEN_SL,2.282608695652174,0.5257142857142858,True
SHORT_2.5_004,2.5,SHORT,2024-01-15T12:31:00.000000000Z,8.999999999999009,9.00000000000123,38,-2.5,SL_HIT,6.499999999999009,-2.5,SL_HIT,2.282608695652174,0.5257142857142858,True
SHORT_2.5_004,2.5,SHORT,2024-01-15T12:32:00.000000000Z,9.200000000000319,8.799999999999919,37,-2.5,SL_HIT,6.700000000000319,0.014285714285714679,PARTIAL_THEN_SL,2.282608695652174,0.5257142857142858,True
SHORT_2.5_004,2.5,SHORT,2024-01-15T12:33:00.000000000Z,6.800000000000139,11.200000000000099,92,-2.5,SL_HIT,4.300000000000139,-2.5,SL_HIT,2.282608695652174,0.5257142857142858,True
SHORT_2.5_004,2.5,SHORT,2024-01-15T12:34:00.000000000Z,11.300000000000754,6.999999999999229,4,2.5,TP_HIT,8.800000000000754,0.014285714285714679,PARTIAL_THEN_SL,2.282608695652174,0.5257142857142858,False
SHORT_2.5_004,2.5,SHORT,2024-01-15T12:35:00.000000000Z,10.300000000000864,7.999999999999119,33,-2.5,SL_HIT,7.800000000000864,-2.5,SL_HIT,2.282608695652174,0.5257142857142858,True
SHORT_2.5_004,2.5,SHORT,2024-01-15T12:36:00.000000000Z,10.999999999998789,7.300000000001194,2,2.5,TP_HIT,8.499999999998789,0.014285714285714679,PARTIAL_THEN_SL,2.282608695652174,0.5257142857142858,False
SHORT_2.5_004,2.5,SHORT,2024-01-15T12:37:00.000000000Z,10.099999999999554,8.20000000000043,31,-2.5,SL_HIT,7.599999999999554,-2.5,SL_HIT,2.282608695652174,0.5257142857142858,True
SHORT_2.5_004,2.5,SHORT,2024-01-15T12:38:00.000000000Z,8.099999999999774,10.200000000000209,31,-2.5,SL_HIT,5.599999999999774,-2.5,SL_HIT,2.282608695652174,0.5257142857142858,True
SHORT_2.5_004,2.5,SHORT,2024-01-15T12:39:00.000000000Z,12.199999999999989,6.6000000000010495,28,-2.5,SL_HIT,9.699999999999989,-2.5,SL_HIT,2.282608695652174,0.5257142857142858,True
SHORT_2.5_004,2.5,SHORT,2024-01-15T12:40:00.000000000Z,16.20000000000177,2.5999999999992696,6,-2.5,SL_HIT,13.700000000001769,-2.5,SL_HIT,2.282608695652174,0.5257142857142858,True
SHORT_2.5_004,2.5,SHORT,2024-01-15T12:41:00.000000000Z,19.000000000000128,0.0,1,2.5,TP_HIT,16.500000000000128,1.303105590062112,PARTIAL_PLUS_TP,2.282608695652174,0.5257142857142858,False
SHORT_2.5_004,2.5,SHORT,2024-01-15T12:42:00.000000000Z,16.099999999998893,1.7000000000000348,4,2.5,TP_HIT,13.599999999998893,1.303105590062112,PARTIAL_PLUS_TP,2.282608695652174,0.5257142857142858,False
SHORT_2.5_004,2.5,SHORT,2024-01-15T12:43:00.000000000Z,17.599999999999838,0.1999999999990898,2,2.5,TP_HIT,15.099999999999838,1.303105590062112,PARTIAL_PLUS_TP,2.282608695652174,0.5257142857142858,False
SHORT_2.5_004,2.5,SHORT,2024-01-15T12:44:00.000000000Z,15.199999999999658,2.5999999999992696,16,-2.5,SL_HIT,12.699999999999658,-2.5,SL_HIT,2.282608695652174,0.5257142857142858,True
SHORT_2.5_004,2.5,SHORT,2024-01-15T12:45:00.000000000Z,15.000000000000568,2.7999999999983594,15,-2.5,SL_HIT,12.500000000000568,-2.5,SL_HIT,2.282608695652174,0.5257142857142858,True
SHORT_2.5_004,2.5,SHORT,2024-01-15T12:46:00.000000000Z,13.399999999998968,4.3999999999999595,18,-2.5,SL_HIT,10.899999999998968,-2.5,SL_HIT,2.282608695652174,0.5257142857142858,True
SHORT_2.5_004,2.5,SHORT,2024-01-15T12:47:00.000000000Z,14.399999999998858,3.4000000000000696,13,-2.5,SL_HIT,11.899999999998858,-2.5,SL_HIT,2.282608695652174,0.5257142857142858,True
SHORT_2.5_004,2.5,SHORT,2024-01-15T12:48:00.000000000Z,14.799999999999258,2.9999999999996696,12,-2.5,SL_HIT,12.299999999999258,-2.5,SL_HIT,2.282608695652174,0.5257142857142858,True
SHORT_2.5_004,2.5,SHORT,2024-01-15T12:49:00.000000000Z,16.199999999999548,1.5999999999993797,8,2.5,TP_HIT,13.699999999999548,1.4000000000000001,PARTIAL_PLUS_TP,2.282608695652174,0.5257142857142858,False
SHORT_2.5_004,2.5,SHORT,2024-01-15T12:50:00.000000000Z,17.100000000001003,0.6999999999979245,7,2.5,TP_HIT,14.600000000001003,1.303105590062112,PARTIAL_PLUS_TP,2.282608695652174,0.5257142857142858,False
SHORT_2.5_004,2.5,SHORT,2024-01-15T12:51:00.000000000Z,15.600000000000058,2.1999999999988695,9,2.5,TP_HIT,13.100000000000058,1.303105590062112,PARTIAL_PLUS_TP,2.282608695652174,0.5257142857142858,False
SHORT_2.5_004,2.5,SHORT,2024-01-15T12:52:00.000000000Z,16.799999999999038,0.9999999999998899,5,2.5,TP_HIT,14.299999999999038,1.303105590062112,PARTIAL_PLUS_TP,2.282608695652174,0.5257142857142858,False
SHORT_2.5_004,2.5,SHORT,2024-01-15T12:53:00.000000000Z,17.799999999998928,0.0,4,2.5,TP_HIT,15.299999999998928,1.303105590062112,PARTIAL_PLUS_TP,2.282608695652174,0.5257142857142858,False
SHORT_2.5_004,2.5,SHORT,2024-01-15T12:54:00.000000000Z,17.799999999998928,0.0,3,2.5,TP_HIT,15.299999999998928,1.303105590062112,PARTIAL_PLUS_TP,2.282608695652174,0.5257142857142858,False
SHORT_2.5_004,2.5,SHORT,2024-01-15T12:55:00.000000000Z,16.40000000000086,0.0,2,2.5,TP_HIT,13.900000000000858,1.303105590062112,PARTIAL_PLUS_TP,2.282608695652174,0.5257142857142858,False
SHORT_2.5_004,2.5,SHORT,2024-01-15T12:56:00.000000000Z,16.00000000000046,0.0,4,2.5,TP_HIT,13.500000000000458,1.303105590062112,PARTIAL_PLUS_TP,2.282608695652174,0.5257142857142858,False
SHORT_2.5_004,2.5,SHORT,2024-01-15T12:57:00.000000000Z,13.600000000000279,0.9999999999998899,7,2.5,TP_HIT,11.100000000000279,1.303105590062112,PARTIAL_PLUS_TP,2.282608695652174,0.5257142857142858,False
SHORT_2.5_004,2.5,SHORT,2024-01-15T12:58:00.000000000Z,14.000000000000679,0.5999999999994898,6,2.5,TP_HIT,11.500000000000679,1.303105590062112,PARTIAL_PLUS_TP,2.282608695652174,0.5257142857142858,False
SHORT_2.5_004,2.5,SHORT,2024-01-15T12:59:00.000000000Z,14.600000000000168,0.0,1,2.5,TP_HIT,12.100000000000168,1.303105590062112,PARTIAL_PLUS_TP,2.282608695652174,0.5257142857142858,False
SHORT_2.5_004,2.5,SHORT,2024-01-15T13:00:00.000000000Z,11.699999999998933,1.6000000000016001,8,2.5,TP_HIT,9.199999999998933,1.303105590062112,PARTIAL_PLUS_TP,2.282608695652174,0.5257142857142858,False
SHORT_2.5_004,2.5,SHORT,2024-01-15T13:01:00.000000000Z,13.000000000000789,0.2999999999997449,3,2.5,TP_HIT,10.500000000000789,1.303105590062112,PARTIAL_PLUS_TP,2.282608695652174,0.5257142857142858,False
SHORT_2.5_004,2.5,SHORT,2024-01-15T13:02:00.000000000Z,12.600000000000389,0.700000000000145,4,2.5,TP_HIT,10.100000000000389,1.303105590062112,PARTIAL_PLUS_TP,2.282608695652174,0.5257142857142858,False
SHORT_2.5_004,2.5,SHORT,2024-01-15T13:03:00.000000000Z,11.600000000000499,1.7000000000000348,5,2.5,TP_HIT,9.100000000000499,1.303105590062112,PARTIAL_PLUS_TP,2.282608695652174,0.5257142857142858,False
SHORT_2.5_004,2.5,SHORT,2024-01-15T13:04:00.000000000Z,10.200000000000209,3.1000000000003247,5,2.5,TP_HIT,7.700000000000209,0.014285714285714679,PARTIAL_THEN_SL,2.282608695652174,0.5257142857142858,False
SHORT_2.5_004,2.5,SHORT,2024-01-15T13:05:00.000000000Z,11.600000000000499,1.7000000000000348,3,2.5,TP_HIT,9.100000000000499,1.303105590062112,PARTIAL_PLUS_TP,2.282608695652174,0.5257142857142858,False
SHORT_2.5_004,2.5,SHORT,2024-01-15T13:06:00.000000000Z,9.999999999998899,3.300000000001635,3,2.5,TP_HIT,7.499999999998899,0.014285714285714679,PARTIAL_THEN_SL,2.282608695652174,0.5257142857142858,False
SHORT_2.5_004,2.5,SHORT,2024-01-15T13:07:00.000000000Z,9.600000000000719,3.6999999999998145,2,2.5,TP_HIT,7.100000000000719,0.014285714285714679,PARTIAL_THEN_SL,2.282608695652174,0.5257142857142858,False
SHORT_2.5_004,2.5,SHORT,2024-01-15T13:08:00.000000000Z,8.20000000000043,5.1000000000001044,1,2.5,TP_HIT,5.700000000000429,0.014285714285714679,PARTIAL_THEN_SL,2.282608695652174,0.5257142857142858,False
SHORT_2.5_004,2.5,SHORT,2024-01-15T13:09:00.000000000Z,5.599999999998939,7.7000000000015945,57,-2.5,SL_HIT,3.099999999998939,-2.5,SL_HIT,2.282608695652174,0.5257142857142858,True
SHORT_2.5_004,2.5,SHORT,2024-01-15T13:10:00.000000000Z,7.399999999999629,5.9000000000009045,55,-2.5,SL_HIT,4.899999999999629,-2.5,SL_HIT,2.282608695652174,0.5257142857142858,True
SHORT_2.5_004,2.5,SHORT,2024-01-15T13:11:00.000000000Z,8.799999999999919,4.500000000000615,4,2.5,TP_HIT,6.299999999999919,0.014285714285714679,PARTIAL_THEN_SL,2.282608695652174,0.5257142857142858,False
SHORT_2.5_004,2.5,SHORT,2024-01-15T13:12:00.000000000Z,7.600000000000939,5.699999999999594,53,-2.5,SL_HIT,5.100000000000939,-2.5,SL_HIT,2.282608695652174,0.5257142857142858,True
SHORT_2.5_004,2.5,SHORT,2024-01-15T13:13:00.000000000Z,6.800000000000139,6.500000000000394,53,-2.5,SL_HIT,4.300000000000139,-2.5,SL_HIT,2.282608695652174,0.5257142857142858,True
SHORT_2.5_004,2.5,SHORT,2024-01-15T13:14:00.000000000Z,6.800000000000139,6.500000000000394,52,-2.5,SL_HIT,4.300000000000139,-2.5,SL_HIT,2.282608695652174,0.5257142857142858,True
SHORT_2.5_004,2.5,SHORT,2024-01-15T13:15:00.000000000Z,6.200000000000649,7.099999999999884,51,-2.5,SL_HIT,3.7000000000006494,-2.5,SL_HIT,2.282608695652174,0.5257142857142858,True
SHORT_2.5_004,2.5,SHORT,2024-01-15T13:16:00.000000000Z,8.399999999999519,4.900000000001015,49,-2.5,SL_HIT,5.899999999999519,-2.5,SL_HIT,2.282608695652174,0.5257142857142858,True
SHORT_2.5_004,2.5,SHORT,2024-01-15T13:17:00.000000000Z,9.399999999999409,3.900000000001125,48,-2.5,SL_HIT,6.899999999999409,-2.5,SL_HIT,2.282608695652174,0.5257142857142858,True
SHORT_2.5_004,2.5,SHORT,2024-01-15T13:18:00.000000000Z,9.300000000000974,3.9999999999995595,47,-2.5,SL_HIT,6.800000000000974,-2.5,SL_HIT,2.282608695652174,0.5257142857142858,True
SHORT_2.5_004,2.5,SHORT,2024-01-15T13:19:00.000000000Z,11.200000000000099,2.100000000000435,9,2.5,TP_HIT,8.700000000000099,1.303105590062112,PARTIAL_PLUS_TP,2.282608695652174,0.5257142857142858,False
SHORT_2.5_004,2.5,SHORT,2024-01-15T13:20:00.000000000Z,11.200000000000099,2.100000000000435,8,2.5,TP_HIT,8.700000000000099,1.303105590062112,PARTIAL_PLUS_TP,2.282608695652174,0.5257142857142858,False
SHORT_2.5_004,2.5,SHORT,2024-01-15T13:21:00.000000000Z,11.200000000000099,2.100000000000435,7,2.5,TP_HIT,8.700000000000099,1.303105590062112,PARTIAL_PLUS_TP,2.282608695652174,0.5257142857142858,False
SHORT_2.5_004,2.5,SHORT,2024-01-15T13:22:00.000000000Z,9.600000000000719,3.6999999999998145,43,-2.5,SL_HIT,7.100000000000719,-2.5,SL_HIT,2.282608695652174,0.5257142857142858,True
SHORT_2.5_004,2.5,SHORT,2024-01-15T13:23:00.000000000Z,9.600000000000719,3.6999999999998145,42,-2.5,SL_HIT,7.100000000000719,-2.5,SL_HIT,2.282608695652174,0.5257142857142858,True
SHORT_2.5_004,2.5,SHORT,2024-01-15T13:24:00.000000000Z,9.200000000000319,4.100000000000215,41,-2.5,SL_HIT,6.700000000000319,-2.5,SL_HIT,2.282608695652174,0.5257142857142858,True
SHORT_2.5_004,2.5,SHORT,2024-01-15T13:25:00.000000000Z,10.399999999999299,2.900000000001235,39,-2.5,SL_HIT,7.899999999999299,-2.5,SL_HIT,2.282608695652174,0.5257142857142858,True
SHORT_2.5_004,2.5,SHORT,2024-01-15T13:26:00.000000000Z,9.200000000000319,4.100000000000215,39,-2.5,SL_HIT,6.700000000000319,-2.5,SL_HIT,2.282608695652174,0.5257142857142858,True
SHORT_2.5_004,2.5,SHORT,2024-01-15T13:27:00.000000000Z,10.300000000000864,2.9999999999996696,37,-2.5,SL_HIT,7.800000000000864,-2.5,SL_HIT,2.282608695652174,0.5257142857142858,True
SHORT_2.5_004,2.5,SHORT,2024-01-15T13:28:00.000000000Z,8.20000000000043,5.1000000000001044,37,-2.5,SL_HIT,5.700000000000429,-2.5,SL_HIT,2.282608695652174,0.5257142857142858,True
SHORT_2.5_004,2.5,SHORT,2024-01-15T13:29:00.000000000Z,8.20000000000043,5.1000000000001044,36,-2.5,SL_HIT,5.700000000000429,-2.5,SL_HIT,2.282608695652174,0.5257142857142858,True
SHORT_2.5_004,2.5,SHORT,2024-01-15T13:30:00.000000000Z,10.799999999999699,2.500000000000835,33,-2.5,SL_HIT,8.299999999999699,-2.5,SL_HIT,2.282608695652174,0.5257142857142858,True
SHORT_2.5_004,2.5,SHORT,2024-01-15T13:31:00.000000000Z,12.300000000000644,0.9999999999998899,10,2.5,TP_HIT,9.800000000000644,1.303105590062112,PARTIAL_PLUS_TP,2.282608695652174,0.5257142857142858,False
SHORT_2.5_004,2.5,SHORT,2024-01-15T13:32:00.000000000Z,12.399999999999078,0.9000000000014552,9,2.5,TP_HIT,9.899999999999078,1.303105590062112,PARTIAL_PLUS_TP,2.282608695652174,0.5257142857142858,False
SHORT_2.5_004,2.5,SHORT,2024-01-15T13:33:00.000000000Z,12.000000000000899,1.2999999999996348,8,2.5,TP_HIT,9.500000000000899,1.303105590062112,PARTIAL_PLUS_TP,2.282608695652174,0.5257142857142858,False
SHORT_2.5_004,2.5,SHORT,2024-01-15T13:34:00.000000000Z,12.700000000001044,0.5999999999994898,3,2.5,TP_HIT,10.200000000001044,1.303105590062112,PARTIAL_PLUS_TP,2.282608695652174,0.5257142857142858,False
SHORT_2.5_004,2.5,SHORT,2024-01-15T13:35:00.000000000Z,13.300000000000534,0.0,2,2.5,TP_HIT,10.800000000000534,1.303105590062112,PARTIAL_PLUS_TP,2.282608695652174,0.5257142857142858,False
SHORT_2.5_004,2.5,SHORT,2024-01-15T13:36:00.000000000Z,11.399999999999189,0.9000000000014552,27,2.5,TP_HIT,8.899999999999189,1.303105590062112,PARTIAL_PLUS_TP,2.282608695652174,0.5257142857142858,False
SHORT_2.5_004,2.5,SHORT,2024-01-15T13:37:00.000000000Z,9.900000000000464,2.4000000000001798,28,2.5,TP_HIT,7.400000000000464,1.303105590062112,PARTIAL_PLUS_TP,2.282608695652174,0.5257142857142858,False
SHORT_2.5_004,2.5,SHORT,2024-01-15T13:38:00.000000000Z,10.799999999999699,1.500000000000945,25,2.5,TP_HIT,8.299999999999699,1.303105590062112,PARTIAL_PLUS_TP,2.282608695652174,0.5257142857142858,False
SHORT_2.5_004,2.5,SHORT,2024-01-15T13:39:00.000000000Z,10.699999999999044,1.6000000000016001,25,2.5,TP_HIT,8.199999999999044,1.303105590062112,PARTIAL_PLUS_TP,2.282608695652174,0.5257142857142858,False
SHORT_2.5_004,2.5,SHORT,2024-01-15T13:40:00.000000000Z,9.999999999998899,2.300000000001745,25,2.5,TP_HIT,7.499999999998899,1.303105590062112,PARTIAL_PLUS_TP,2.282608695652174,0.5257142857142858,False
SHORT_2.5_004,2.5,SHORT,2024-01-15T13:41:00.000000000Z,9.399999999999409,2.900000000001235,24,-2.5,SL_HIT,6.899999999999409,-2.5,SL_HIT,2.282608695652174,0.5257142857142858,True
SHORT_2.5_004,2.5,SHORT,2024-01-15T13:42:00.000000000Z,9.900000000000464,2.4000000000001798,23,2.5,TP_HIT,7.400000000000464,1.303105590062112,PARTIAL_PLUS_TP,2.282608695652174,0.5257142857142858,False
SHORT_2.5_004,2.5,SHORT,2024-01-15T13:43:00.000000000Z,10.200000000000209,2.100000000000435,21,2.5,TP_HIT,7.700000000000209,1.303105590062112,PARTIAL_PLUS_TP,2.282608695652174,0.5257142857142858,False
SHORT_2.5_004,2.5,SHORT,2024-01-15T13:44:00.000000000Z,10.600000000000609,1.7000000000000348,20,2.5,TP_HIT,8.100000000000609,1.303105590062112,PARTIAL_PLUS_TP,2.282608695652174,0.5257142857142858,False
SHORT_2.5_004,2.5,SHORT,2024-01-15T13:45:00.000000000Z,10.600000000000609,1.7000000000000348,19,2.5,TP_HIT,8.100000000000609,1.303105590062112,PARTIAL_PLUS_TP,2.282608695652174,0.5257142857142858,False
SHORT_2.5_004,2.5,SHORT,2024-01-15T13:46:00.000000000Z,10.200000000000209,2.100000000000435,18,2.5,TP_HIT,7.700000000000209,1.303105590062112,PARTIAL_PLUS_TP,2.282608695652174,0.5257142857142858,False
SHORT_2.5_004,2.5,SHORT,2024-01-15T13:47:00.000000000Z,9.799999999999809,2.500000000000835,18,-2.5,SL_HIT,7.299999999999809,-2.5,SL_HIT,2.282608695652174,0.5257142857142858,True
SHORT_2.5_004,2.5,SHORT,2024-01-15T13:48:00.000000000Z,10.200000000000209,2.100000000000435,16,2.5,TP_HIT,7.700000000000209,1.303105590062112,PARTIAL_PLUS_TP,2.282608695652174,0.5257142857142858,False
SHORT_2.5_004,2.5,SHORT,2024-01-15T13:49:00.000000000Z,11.000000000001009,1.2999999999996348,14,2.5,TP_HIT,8.500000000001009,1.303105590062112,PARTIAL_PLUS_TP,2.282608695652174,0.5257142857142858,False
SHORT_2.5_004,2.5,SHORT,2024-01-15T13:50:00.000000000Z,11.600000000000499,0.700000000000145,13,2.5,TP_HIT,9.100000000000499,1.303105590062112,PARTIAL_PLUS_TP,2.282608695652174,0.5257142857142858,False
SHORT_2.5_004,2.5,SHORT,2024-01-15T13:51:00.000000000Z,12.300000000000644,0.0,11,2.5,TP_HIT,9.800000000000644,1.303105590062112,PARTIAL_PLUS_TP,2.282608695652174,0.5257142857142858,False
SHORT_2.5_004,2.5,SHORT,2024-01-15T13:52:00.000000000Z,11.000000000001009,1.1999999999989797,11,2.5,TP_HIT,8.500000000001009,1.303105590062112,PARTIAL_PLUS_TP,2.282608695652174,0.5257142857142858,False
SHORT_2.5_004,2.5,SHORT,2024-01-15T13:53:00.000000000Z,10.499999999999954,1.7000000000000348,11,2.5,TP_HIT,7.999999999999954,1.303105590062112,PARTIAL_PLUS_TP,2.282608695652174,0.5257142857142858,False
SHORT_2.5_004,2.5,SHORT,2024-01-15T13:54:00.000000000Z,9.900000000000464,2.2999999999995246,11,2.5,TP_HIT,7.400000000000464,1.303105590062112,PARTIAL_PLUS_TP,2.282608695652174,0.5257142857142858,False
SHORT_2.5_004,2.5,SHORT,2024-01-15T13:55:00.000000000Z,10.600000000000609,1.5999999999993797,9,2.5,TP_HIT,8.100000000000609,1.303105590062112,PARTIAL_PLUS_TP,2.282608695652174,0.5257142857142858,False
SHORT_2.5_004,2.5,SHORT,2024-01-15T13:56:00.000000000Z,10.499999999999954,1.7000000000000348,8,2.5,TP_HIT,7.999999999999954,1.303105590062112,PARTIAL_PLUS_TP,2.282608695652174,0.5257142857142858,False
SHORT_2.5_004,2.5,SHORT,2024-01-15T13:57:00.000000000Z,10.700000000001264,1.9999999999997797,7,2.5,TP_HIT,8.200000000001264,1.303105590062112,PARTIAL_PLUS_TP,2.282608695652174,0.5257142857142858,False
SHORT_2.5_004,2.5,SHORT,2024-01-15T13:58:00.000000000Z,12.400000000001299,0.5999999999994898,5,2.5,TP_HIT,9.900000000001299,1.303105590062112,PARTIAL_PLUS_TP,2.282608695652174,0.5257142857142858,False
SHORT_2.5_004,2.5,SHORT,2024-01-15T13:59:00.000000000Z,12.199999999999989,0.8000000000008001,4,2.5,TP_HIT,9.699999999999989,1.303105590062112,PARTIAL_PLUS_TP,2.282608695652174,0.5257142857142858,False
SHORT_2.5_004,2.5,SHORT,2024-01-15T14:00:00.000000000Z,11.800000000001809,1.1999999999989797,3,2.5,TP_HIT,9.300000000001809,1.303105590062112,PARTIAL_PLUS_TP,2.282608695652174,0.5257142857142858,False
SHORT_2.5_004,2.5,SHORT,2024-01-15T14:01:00.000000000Z,13.000000000000789,0.0,1,2.5,TP_HIT,10.500000000000789,1.303105590062112,PARTIAL_PLUS_TP,2.282608695652174,0.5257142857142858,False
SHORT_2.5_004,2.5,SHORT,2024-01-15T14:02:00.000000000Z,10.40000000000152,0.0,3,2.5,TP_HIT,7.900000000001519,1.303105590062112,PARTIAL_PLUS_TP,2.282608695652174,0.5257142857142858,False
SHORT_2.5_004,2.5,SHORT,2024-01-15T14:03:00.000000000Z,9.00000000000123,0.0,2,2.5,TP_HIT,6.500000000001229,1.303105590062112,PARTIAL_PLUS_TP,2.282608695652174,0.5257142857142858,False
SHORT_2.5_004,2.5,SHORT,2024-01-15T14:04:00.000000000Z,8.40000000000174,0.0,1,2.5,TP_HIT,5.900000000001739,1.303105590062112,PARTIAL_PLUS_TP,2.282608695652174,0.5257142857142858,False
SHORT_2.5_004,2.5,SHORT,2024-01-15T14:05:00.000000000Z,5.20000000000076,2.9999999999996696,2,2.5,TP_HIT,2.7000000000007596,0.014285714285714679,PARTIAL_THEN_SL,2.282608695652174,0.5257142857142858,False
SHORT_2.5_004,2.5,SHORT,2024-01-15T14:06:00.000000000Z,2.9999999999996696,5.20000000000076,91,-2.5,SL_HIT,0.4999999999996696,-2.5,SL_HIT,2.282608695652174,0.5257142857142858,True
SHORT_2.5_004,2.5,SHORT,2024-01-15T14:07:00.000000000Z,2.500000000000835,5.699999999999594,91,-2.5,SL_HIT,8.348877145181177e-13,-2.5,SL_HIT,2.282608695652174,0.5257142857142858,True
SHORT_2.5_004,2.5,SHORT,2024-01-15T14:08:00.000000000Z,1.80000000000069,6.399999999999739,101,-2.5,SL_HIT,0.0,-2.5,SL_HIT,2.282608695652174,0.5257142857142858,True
SHORT_2.5_004,2.5,SHORT,2024-01-15T14:09:00.000000000Z,2.80000000000058,5.399999999999849,88,-2.5,SL_HIT,0.3000000000005798,-2.5,SL_HIT,2.282608695652174,0.5257142857142858,True
SHORT_2.5_004,2.5,SHORT,2024-01-15T14:10:00.000000000Z,1.9999999999997797,6.500000000000394,101,-2.5,SL_HIT,0.0,-2.5,SL_HIT,2.282608695652174,0.5257142857142858,True
SHORT_2.5_004,2.5,SHORT,2024-01-15T14:11:00.000000000Z,2.4000000000001798,6.399999999999739,101,-2.5,SL_HIT,0.0,-2.5,SL_HIT,2.282608695652174,0.5257142857142858,True
SHORT_2.5_004,2.5,SHORT,2024-01-15T14:12:00.000000000Z,2.20000000000109,6.599999999998829,101,-2.5,SL_HIT,0.0,-2.5,SL_HIT,2.282608695652174,0.5257142857142858,True
SHORT_2.5_004,2.5,SHORT,2024-01-15T14:13:00.000000000Z,2.300000000001745,7.899999999998464,101,-2.5,SL_HIT,0.0,-2.5,SL_HIT,2.282608695652174,0.5257142857142858,True
SHORT_2.5_004,2.5,SHORT,2024-01-15T14:14:00.000000000Z,1.500000000000945,9.299999999998754,101,-2.5,SL_HIT,0.0,-2.5,SL_HIT,2.282608695652174,0.5257142857142858,True
SHORT_2.5_004,2.5,SHORT,2024-01-15T14:15:00.000000000Z,2.4000000000001798,8.60000000000083,101,-2.5,SL_HIT,0.0,-2.5,SL_HIT,2.282608695652174,0.5257142857142858,True
SHORT_2.5_004,2.5,SHORT,2024-01-15T14:16:00.000000000Z,2.500000000000835,8.500000000000174,82,-2.5,SL_HIT,8.348877145181177e-13,-2.5,SL_HIT,2.282608695652174,0.5257142857142858,True
SHORT_2.5_004,2.5,SHORT,2024-01-15T14:17:00.000000000Z,3.4000000000000696,8.40000000000174,4,2.5,TP_HIT,0.9000000000000696,0.014285714285714679,PARTIAL_THEN_SL,2.282608695652174,0.5257142857142858,False
SHORT_2.5_004,2.5,SHORT,2024-01-15T14:18:00.000000000Z,1.9999999999997797,10.40000000000152,101,-2.5,SL_HIT,0.0,-2.5,SL_HIT,2.282608695652174,0.5257142857142858,True
SHORT_2.5_004,2.5,SHORT,2024-01-15T14:19:00.000000000Z,0.9999999999998899,11.400000000001409,101,-2.5,SL_HIT,0.0,-2.5,SL_HIT,2.282608695652174,0.5257142857142858,True
SHORT_2.5_004,2.5,SHORT,2024-01-15T14:20:00.000000000Z,0.9999999999998899,11.499999999999844,101,-2.5,SL_HIT,0.0,-2.5,SL_HIT,2.282608695652174,0.5257142857142858,True
SHORT_2.5_004,2.5,SHORT,2024-01-15T14:21:00.000000000Z,0.8000000000008001,11.699999999998933,101,-2.5,SL_HIT,0.0,-2.5,SL_HIT,2.282608695652174,0.5257142857142858,True
SHORT_2.5_004,2.5,SHORT,2024-01-15T14:22:00.000000000Z,2.500000000000835,9.999999999998899,76,-2.5,SL_HIT,8.348877145181177e-13,-2.5,SL_HIT,2.282608695652174,0.5257142857142858,True
SHORT_2.5_004,2.5,SHORT,2024-01-15T14:23:00.000000000Z,3.20000000000098,9.299999999998754,74,-2.5,SL_HIT,0.7000000000009798,-2.5,SL_HIT,2.282608695652174,0.5257142857142858,True
SHORT_2.5_004,2.5,SHORT,2024-01-15T14:24:00.000000000Z,4.20000000000087,8.299999999998864,48,-2.5,SL_HIT,1.7000000000008697,-2.5,SL_HIT,2.282608695652174,0.5257142857142858,True
SHORT_2.5_004,2.5,SHORT,2024-01-15T14:25:00.000000000Z,2.80000000000058,9.699999999999154,72,-2.5,SL_HIT,0.3000000000005798,-2.5,SL_HIT,2.282608695652174,0.5257142857142858,True
SHORT_2.5_004,2.5,SHORT,2024-01-15T14:26:00.000000000Z,4.699999999999704,7.800000000000029,46,2.5,TP_HIT,2.1999999999997044,0.014285714285714679,PARTIAL_THEN_SL,2.282608695652174,0.5257142857142858,False
SHORT_2.5_004,2.5,SHORT,2024-01-15T14:27:00.000000000Z,4.3999999999999595,8.099999999999774,45,-2.5,SL_HIT,1.8999999999999595,-2.5,SL_HIT,2.282608695652174,0.5257142857142858,True
SHORT_2.5_004,2.5,SHORT,2024-01-15T14:28:00.000000000Z,3.4000000000000696,9.099999999999664,44,-2.5,SL_HIT,0.9000000000000696,-2.5,SL_HIT,2.282608695652174,0.5257142857142858,True
SHORT_2.5_004,2.5,SHORT,2024-01-15T14:29:00.000000000Z,3.60000000000138,8.899999999998354,43,-2.5,SL_HIT,1.1000000000013799,-2.5,SL_HIT,2.282608695652174,0.5257142857142858,True
SHORT_2.5_004,2.5,SHORT,2024-01-15T14:30:00.000000000Z,5.20000000000076,7.299999999998974,5,2.5,TP_HIT,2.7000000000007596,0.014285714285714679,PARTIAL_THEN_SL,2.282608695652174,0.5257142857142858,False
SHORT_2.5_004,2.5,SHORT,2024-01-15T14:31:00.000000000Z,4.20000000000087,8.299999999998864,41,-2.5,SL_HIT,1.7000000000008697,-2.5,SL_HIT,2.282608695652174,0.5257142857142858,True
SHORT_2.5_004,2.5,SHORT,2024-01-15T14:32:00.000000000Z,3.60000000000138,8.899999999998354,40,-2.5,SL_HIT,1.1000000000013799,-2.5,SL_HIT,2.282608695652174,0.5257142857142858,True
SHORT_2.5_004,2.5,SHORT,2024-01-15T14:33:00.000000000Z,4.20000000000087,8.299999999998864,39,-2.5,SL_HIT,1.7000000000008697,-2.5,SL_HIT,2.282608695652174,0.5257142857142858,True
SHORT_2.5_004,2.5,SHORT,2024-01-15T14:34:00.000000000Z,3.6999999999998145,8.799999999999919,38,-2.5,SL_HIT,1.1999999999998145,-2.5,SL_HIT,2.282608695652174,0.5257142857142858,True
SHORT_2.5_004,2.5,SHORT,2024-01-15T14:35:00.000000000Z,2.60000000000149,9.899999999998244,63,-2.5,SL_HIT,0.10000000000149001,-2.5,SL_HIT,2.282608695652174,0.5257142857142858,True
SHORT_2.5_004,2.5,SHORT,2024-01-15T14:36:00.000000000Z,4.00000000000178,8.499999999997954,36,-2.5,SL_HIT,1.50000000000178,-2.5,SL_HIT,2.282608695652174,0.5257142857142858,True
SHORT_2.5_004,2.5,SHORT,2024-01-15T14:37:00.000000000Z,2.60000000000149,9.899999999998244,61,-2.5,SL_HIT,0.10000000000149001,-2.5,SL_HIT,2.282608695652174,0.5257142857142858,True
SHORT_2.5_004,2.5,SHORT,2024-01-15T14:38:00.000000000Z,3.6999999999998145,8.799999999999919,34,-2.5,SL_HIT,1.1999999999998145,-2.5,SL_HIT,2.282608695652174,0.5257142857142858,True
SHORT_2.5_004,2.5,SHORT,2024-01-15T14:39:00.000000000Z,4.60000000000127,7.899999999998464,33,2.5,TP_HIT,2.1000000000012697,0.014285714285714679,PARTIAL_THEN_SL,2.282608695652174,0.5257142857142858,False
SHORT_2.5_004,2.5,SHORT,2024-01-15T14:40:00.000000000Z,4.60000000000127,7.899999999998464,32,2.5,TP_HIT,2.1000000000012697,0.014285714285714679,PARTIAL_THEN_SL,2.282608695652174,0.5257142857142858,False
SHORT_2.5_004,2.5,SHORT,2024-01-15T14:41:00.000000000Z,4.60000000000127,7.899999999998464,31,2.5,TP_HIT,2.1000000000012697,0.014285714285714679,PARTIAL_THEN_SL,2.282608695652174,0.5257142857142858,False
SHORT_2.5_004,2.5,SHORT,2024-01-15T14:42:00.000000000Z,4.3999999999999595,8.099999999999774,30,-2.5,SL_HIT,1.8999999999999595,-2.5,SL_HIT,2.282608695652174,0.5257142857142858,True
SHORT_2.5_004,2.5,SHORT,2024-01-15T14:43:00.000000000Z,4.20000000000087,8.299999999998864,29,-2.5,SL_HIT,1.7000000000008697,-2.5,SL_HIT,2.282608695652174,0.5257142857142858,True
SHORT_2.5_004,2.5,SHORT,2024-01-15T14:44:00.000000000Z,4.500000000000615,7.999999999999119,28,-2.5,SL_HIT,2.0000000000006146,-2.5,SL_HIT,2.282608695652174,0.5257142857142858,True
SHORT_2.5_004,2.5,SHORT,2024-01-15T14:45:00.000000000Z,4.60000000000127,7.899999999998464,27,2.5,TP_HIT,2.1000000000012697,0.014285714285714679,PARTIAL_THEN_SL,2.282608695652174,0.5257142857142858,False
SHORT_2.5_004,2.5,SHORT,2024-01-15T14:46:00.000000000Z,3.20000000000098,9.299999999998754,51,-2.5,SL_HIT,0.7000000000009798,-2.5,SL_HIT,2.282608695652174,0.5257142857142858,True
SHORT_2.5_004,2.5,SHORT,2024-01-15T14:47:00.000000000Z,3.8000000000004697,9.600000000000719,25,-2.5,SL_HIT,1.3000000000004697,-2.5,SL_HIT,2.282608695652174,0.5257142857142858,True
SHORT_2.5_004,2.5,SHORT,2024-01-15T14:48:00.000000000Z,4.00000000000178,9.500000000000064,24,-2.5,SL_HIT,1.50000000000178,-2.5,SL_HIT,2.282608695652174,0.5257142857142858,True
SHORT_2.5_004,2.5,SHORT,2024-01-15T14:49:00.000000000Z,3.1000000000003247,11.000000000001009,48,-2.5,SL_HIT,0.6000000000003247,-2.5,SL_HIT,2.282608695652174,0.5257142857142858,True
SHORT_2.5_004,2.5,SHORT,2024-01-15T14:50:00.000000000Z,2.500000000000835,11.600000000000499,48,-2.5,SL_HIT,8.348877145181177e-13,-2.5,SL_HIT,2.282608695652174,0.5257142857142858,True
SHORT_2.5_004,2.5,SHORT,2024-01-15T14:51:00.000000000Z,2.60000000000149,11.499999999999844,47,-2.5,SL_HIT,0.10000000000149001,-2.5,SL_HIT,2.282608695652174,0.5257142857142858,True
SHORT_2.5_004,2.5,SHORT,2024-01-15T14:52:00.000000000Z,2.4000000000001798,11.700000000001154,101,-2.5,SL_HIT,0.0,-2.5,SL_HIT,2.282608695652174,0.5257142857142858,True
SHORT_2.5_004,2.5,SHORT,2024-01-15T14:53:00.000000000Z,2.60000000000149,11.499999999999844,45,-2.5,SL_HIT,0.10000000000149001,-2.5,SL_HIT,2.282608695652174,0.5257142857142858,True
SHORT_2.5_004,2.5,SHORT,2024-01-15T14:54:00.000000000Z,2.4000000000001798,11.700000000001154,101,-2.5,SL_HIT,0.0,-2.5,SL_HIT,2.282608695652174,0.5257142857142858,True
SHORT_2.5_004,2.5,SHORT,2024-01-15T14:55:00.000000000Z,3.20000000000098,10.900000000000354,42,-2.5,SL_HIT,0.7000000000009798,-2.5,SL_HIT,2.282608695652174,0.5257142857142858,True
SHORT_2.5_004,2.5,SHORT,2024-01-15T14:56:00.000000000Z,4.100000000000215,10.000000000001119,16,-2.5,SL_HIT,1.6000000000002146,-2.5,SL_HIT,2.282608695652174,0.5257142857142858,True
SHORT_2.5_004,2.5,SHORT,2024-01-15T14:57:00.000000000Z,5.20000000000076,8.900000000000574,15,2.5,TP_HIT,2.7000000000007596,0.014285714285714679,PARTIAL_THEN_SL,2.282608695652174,0.5257142857142858,False
SHORT_2.5_004,2.5,SHORT,2024-01-15T14:58:00.000000000Z,4.60000000000127,9.500000000000064,14,2.5,TP_HIT,2.1000000000012697,0.014285714285714679,PARTIAL_THEN_SL,2.282608695652174,0.5257142857142858,False
SHORT_2.5_004,2.5,SHORT,2024-01-15T14:59:00.000000000Z,5.00000000000167,9.099999999999664,13,2.5,TP_HIT,2.5000000000016698,0.014285714285714679,PARTIAL_THEN_SL,2.282608695652174,0.5257142857142858,False
SHORT_2.5_004,2.5,SHORT,2024-01-15T15:00:00.000000000Z,5.800000000000249,8.300000000001084,12,2.5,TP_HIT,3.3000000000002494,0.014285714285714679,PARTIAL_THEN_SL,2.282608695652174,0.5257142857142858,False
SHORT_2.5_004,2.5,SHORT,2024-01-15T15:01:00.000000000Z,3.8000000000004697,10.300000000000864,11,-2.5,SL_HIT,1.3000000000004697,-2.5,SL_HIT,2.282608695652174,0.5257142857142858,True
SHORT_2.5_004,2.5,SHORT,2024-01-15T15:02:00.000000000Z,3.4000000000000696,10.700000000001264,10,-2.5,SL_HIT,0.9000000000000696,-2.5,SL_HIT,2.282608695652174,0.5257142857142858,True
SHORT_2.5_004,2.5,SHORT,2024-01-15T15:03:00.000000000Z,4.100000000000215,10.000000000001119,9,-2.5,SL_HIT,1.6000000000002146,-2.5,SL_HIT,2.282608695652174,0.5257142857142858,True
SHORT_2.5_004,2.5,SHORT,2024-01-15T15:04:00.000000000Z,5.399999999999849,8.700000000001484,8,2.5,TP_HIT,2.8999999999998494,0.014285714285714679,PARTIAL_THEN_SL,2.282608695652174,0.5257142857142858,False
SHORT_2.5_004,2.5,SHORT,2024-01-15T15:05:00.000000000Z,6.200000000000649,7.900000000000684,6,2.5,TP_HIT,3.7000000000006494,0.014285714285714679,PARTIAL_THEN_SL,2.282608695652174,0.5257142857142858,False
SHORT_2.5_004,2.5,SHORT,2024-01-15T15:06:00.000000000Z,6.099999999999994,8.00000000000134,5,2.5,TP_HIT,3.5999999999999943,0.014285714285714679,PARTIAL_THEN_SL,2.282608695652174,0.5257142857142858,False
SHORT_2.5_004,2.5,SHORT,2024-01-15T15:07:00.000000000Z,7.0000000000014495,7.099999999999884,4,2.5,TP_HIT,4.5000000000014495,0.014285714285714679,PARTIAL_THEN_SL,2.282608695652174,0.5257142857142858,False
SHORT_2.5_004,2.5,SHORT,2024-01-15T15:08:00.000000000Z,6.099999999999994,8.00000000000134,3,2.5,TP_HIT,3.5999999999999943,0.014285714285714679,PARTIAL_THEN_SL,2.282608695652174,0.5257142857142858,False
SHORT_2.5_004,2.5,SHORT,2024-01-15T15:09:00.000000000Z,5.9000000000009045,8.20000000000043,2,2.5,TP_HIT,3.4000000000009045,0.014285714285714679,PARTIAL_THEN_SL,2.282608695652174,0.5257142857142858,False
SHORT_2.5_004,2.5,SHORT,2024-01-15T15:10:00.000000000Z,5.1000000000001044,9.00000000000123,2,2.5,TP_HIT,2.6000000000001044,0.014285714285714679,PARTIAL_THEN_SL,2.282608695652174,0.5257142857142858,False
SHORT_2.5_004,2.5,SHORT,2024-01-15T15:11:00.000000000Z,3.4000000000000696,10.700000000001264,1,2.5,TP_HIT,0.9000000000000696,0.014285714285714679,PARTIAL_THEN_SL,2.282608695652174,0.5257142857142858,False
SHORT_2.5_004,2.5,SHORT,2024-01-15T15:12:00.000000000Z,0.8000000000008001,13.300000000000534,101,-2.5,SL_HIT,0.0,-2.5,SL_HIT,2.282608695652174,0.5257142857142858,True
SHORT_2.5_004,2.5,SHORT,2024-01-15T15:13:00.000000000Z,2.60000000000149,11.499999999999844,25,-2.5,SL_HIT,0.10000000000149001,-2.5,SL_HIT,2.282608695652174,0.5257142857142858,True
SHORT_2.5_004,2.5,SHORT,2024-01-15T15:14:00.000000000Z,2.6999999999999247,11.400000000001409,24,-2.5,SL_HIT,0.19999999999992468,-2.5,SL_HIT,2.282608695652174,0.5257142857142858,True
SHORT_2.5_004,2.5,SHORT,2024-01-15T15:15:00.000000000Z,3.5000000000007248,10.600000000000609,22,-2.5,SL_HIT,1.0000000000007248,-2.5,SL_HIT,2.282608695652174,0.5257142857142858,True
SHORT_2.5_004,2.5,SHORT,2024-01-15T15:16:00.000000000Z,4.00000000000178,10.099999999999554,21,-2.5,SL_HIT,1.50000000000178,-2.5,SL_HIT,2.282608695652174,0.5257142857142858,True
SHORT_2.5_004,2.5,SHORT,2024-01-15T15:17:00.000000000Z,2.9999999999996696,11.100000000001664,20,-2.5,SL_HIT,0.4999999999996696,-2.5,SL_HIT,2.282608695652174,0.5257142857142858,True
SHORT_2.5_004,2.5,SHORT,2024-01-15T15:18:00.000000000Z,2.80000000000058,11.300000000000754,19,-2.5,SL_HIT,0.3000000000005798,-2.5,SL_HIT,2.282608695652174,0.5257142857142858,True
SHORT_2.5_004,2.5,SHORT,2024-01-15T15:19:00.000000000Z,2.80000000000058,11.300000000000754,18,-2.5,SL_HIT,0.3000000000005798,-2.5,SL_HIT,2.282608695652174,0.5257142857142858,True
SHORT_2.5_004,2.5,SHORT,2024-01-15T15:20:00.000000000Z,2.500000000000835,11.600000000000499,18,-2.5,SL_HIT,8.348877145181177e-13,-2.5,SL_HIT,2.282608695652174,0.5257142857142858,True
SHORT_2.5_004,2.5,SHORT,2024-01-15T15:21:00.000000000Z,2.60000000000149,11.499999999999844,17,-2.5,SL_HIT,0.10000000000149001,-2.5,SL_HIT,2.282608695652174,0.5257142857142858,True
SHORT_2.5_004,2.5,SHORT,2024-01-15T15:22:00.000000000Z,4.8000000000003595,9.300000000000974,14,-2.5,SL_HIT,2.3000000000003595,-2.5,SL_HIT,2.282608695652174,0.5257142857142858,True
SHORT_2.5_004,2.5,SHORT,2024-01-15T15:23:00.000000000Z,2.9999999999996696,11.100000000001664,14,-2.5,SL_HIT,0.4999999999996696,-2.5,SL_HIT,2.282608695652174,0.5257142857142858,True
SHORT_2.5_004,2.5,SHORT,2024-01-15T15:24:00.000000000Z,5.00000000000167,9.099999999999664,11,-2.5,SL_HIT,2.5000000000016698,-2.5,SL_HIT,2.282608695652174,0.5257142857142858,True
SHORT_2.5_004,2.5,SHORT,2024-01-15T15:25:00.000000000Z,7.600000000000939,6.500000000000394,5,2.5,TP_HIT,5.100000000000939,0.014285714285714679,PARTIAL_THEN_SL,2.282608695652174,0.5257142857142858,False
SHORT_2.5_004,2.5,SHORT,2024-01-15T15:26:00.000000000Z,8.20000000000043,5.9000000000009045,4,2.5,TP_HIT,5.700000000000429,0.014285714285714679,PARTIAL_THEN_SL,2.282608695652174,0.5257142857142858,False
SHORT_2.5_004,2.5,SHORT,2024-01-15T15:27:00.000000000Z,6.399999999999739,7.7000000000015945,5,2.5,TP_HIT,3.8999999999997392,0.014285714285714679,PARTIAL_THEN_SL,2.282608695652174,0.5257142857142858,False
SHORT_2.5_004,2.5,SHORT,2024-01-15T15:28:00.000000000Z,6.00000000000156,8.099999999999774,5,2.5,TP_HIT,3.5000000000015596,0.014285714285714679,PARTIAL_THEN_SL,2.282608695652174,0.5257142857142858,False
SHORT_2.5_004,2.5,SHORT,2024-01-15T15:29:00.000000000Z,6.900000000000794,7.200000000000539,2,2.5,TP_HIT,4.400000000000794,0.014285714285714679,PARTIAL_THEN_SL,2.282608695652174,0.5257142857142858,False
SHORT_2.5_004,2.5,SHORT,2024-01-15T15:30:00.000000000Z,4.60000000000127,9.500000000000064,6,2.5,TP_HIT,2.1000000000012697,0.014285714285714679,PARTIAL_THEN_SL,2.282608695652174,0.5257142857142858,False
SHORT_2.5_004,2.5,SHORT,2024-01-15T15:31:00.000000000Z,4.00000000000178,10.099999999999554,6,2.5,TP_HIT,1.50000000000178,0.014285714285714679,PARTIAL_THEN_SL,2.282608695652174,0.5257142857142858,False
SHORT_2.5_004,2.5,SHORT,2024-01-15T15:32:00.000000000Z,3.8000000000004697,10.300000000000864,5,2.5,TP_HIT,1.3000000000004697,0.014285714285714679,PARTIAL_THEN_SL,2.282608695652174,0.5257142857142858,False
SHORT_2.5_004,2.5,SHORT,2024-01-15T15:33:00.000000000Z,3.300000000001635,10.799999999999699,4,2.5,TP_HIT,0.800000000001635,0.014285714285714679,PARTIAL_THEN_SL,2.282608695652174,0.5257142857142858,False
SHORT_2.5_004,2.5,SHORT,2024-01-15T15:34:00.000000000Z,2.9999999999996696,11.100000000001664,3,2.5,TP_HIT,0.4999999999996696,0.014285714285714679,PARTIAL_THEN_SL,2.282608695652174,0.5257142857142858,False
SHORT_2.5_004,2.5,SHORT,2024-01-15T15:35:00.000000000Z,2.500000000000835,11.600000000000499,3,2.5,TP_HIT,8.348877145181177e-13,0.014285714285714679,PARTIAL_THEN_SL,2.282608695652174,0.5257142857142858,False
SHORT_2.5_004,2.5,SHORT,2024-01-15T15:36:00.000000000Z,1.6000000000016001,12.499999999999734,101,-2.5,SL_HIT,0.0,-2.5,SL_HIT,2.282608695652174,0.5257142857142858,True
SHORT_2.5_004,2.5,SHORT,2024-01-15T15:37:00.000000000Z,0.2999999999997449,13.800000000001589,101,-2.5,SL_HIT,0.0,-2.5,SL_HIT,2.282608695652174,0.5257142857142858,True
SHORT_2.5_004,2.5,SHORT,2024-01-15T15:38:00.000000000Z,0.0,14.100000000001334,101,-2.5,SL_HIT,0.0,-2.5,SL_HIT,2.282608695652174,0.5257142857142858,True
SHORT_2.5_005,2.5,SHORT,2024-01-15T15:57:00.000000000Z,3.1000000000003247,2.2999999999995246,22,2.5,TP_HIT,0.6000000000003247,1.303105590062112,PARTIAL_PLUS_TP,2.282608695652174,0.5257142857142858,False
SHORT_2.5_005,2.5,SHORT,2024-01-15T15:58:00.000000000Z,3.6999999999998145,1.7000000000000348,15,2.5,TP_HIT,1.1999999999998145,1.303105590062112,PARTIAL_PLUS_TP,2.282608695652174,0.5257142857142858,False
SHORT_2.5_005,2.5,SHORT,2024-01-15T15:59:00.000000000Z,2.6999999999999247,2.6999999999999247,58,-2.5,SL_HIT,0.19999999999992468,0.014285714285714679,PARTIAL_THEN_SL,2.282608695652174,0.5257142857142858,True
SHORT_2.5_005,2.5,SHORT,2024-01-15T16:00:00.000000000Z,3.7999999999982492,1.6000000000016001,13,2.5,TP_HIT,1.2999999999982492,1.303105590062112,PARTIAL_PLUS_TP,2.282608695652174,0.5257142857142858,False
SHORT_2.5_005,2.5,SHORT,2024-01-15T16:01:00.000000000Z,3.7999999999982492,1.6000000000016001,12,2.5,TP_HIT,1.2999999999982492,1.303105590062112,PARTIAL_PLUS_TP,2.282608695652174,0.5257142857142858,False
SHORT_2.5_005,2.5,SHORT,2024-01-15T16:02:00.000000000Z,3.4000000000000696,1.9999999999997797,11,2.5,TP_HIT,0.9000000000000696,1.303105590062112,PARTIAL_PLUS_TP,2.282608695652174,0.5257142857142858,False
SHORT_2.5_005,2.5,SHORT,2024-01-15T16:03:00.000000000Z,2.2999999999995246,3.1000000000003247,101,-2.5,SL_HIT,0.0,-2.5,SL_HIT,2.282608695652174,0.5257142857142858,True
SHORT_2.5_005,2.5,SHORT,2024-01-15T16:04:00.000000000Z,1.2999999999996348,4.100000000000215,101,-2.5,SL_HIT,0.0,-2.5,SL_HIT,2.282608695652174,0.5257142857142858,True
SHORT_2.5_005,2.5,SHORT,2024-01-15T16:05:00.000000000Z,1.7000000000000348,3.6999999999998145,101,-2.5,SL_HIT,0.0,-2.5,SL_HIT,2.282608695652174,0.5257142857142858,True
SHORT_2.5_005,2.5,SHORT,2024-01-15T16:06:00.000000000Z,1.9999999999997797,3.4000000000000696,101,-2.5,SL_HIT,0.0,-2.5,SL_HIT,2.282608695652174,0.5257142857142858,True
SHORT_2.5_005,2.5,SHORT,2024-01-15T16:07:00.000000000Z,1.8999999999991246,3.5000000000007248,101,-2.5,SL_HIT,0.0,-2.5,SL_HIT,2.282608695652174,0.5257142857142858,True
SHORT_2.5_005,2.5,SHORT,2024-01-15T16:08:00.000000000Z,1.7999999999984695,3.60000000000138,101,-2.5,SL_HIT,0.0,-2.5,SL_HIT,2.282608695652174,0.5257142857142858,True
SHORT_2.5_005,2.5,SHORT,2024-01-15T16:09:00.000000000Z,1.8999999999991246,3.5000000000007248,101,-2.5,SL_HIT,0.0,-2.5,SL_HIT,2.282608695652174,0.5257142857142858,True
SHORT_2.5_005,2.5,SHORT,2024-01-15T16:10:00.000000000Z,2.5999999999992696,2.80000000000058,47,-2.5,SL_HIT,0.09999999999926956,0.014285714285714679,PARTIAL_THEN_SL,2.282608695652174,0.5257142857142858,True
SHORT_2.5_005,2.5,SHORT,2024-01-15T16:11:00.000000000Z,1.7000000000000348,3.6999999999998145,101,-2.5,SL_HIT,0.0,-2.5,SL_HIT,2.282608695652174,0.5257142857142858,True
SHORT_2.5_005,2.5,SHORT,2024-01-15T16:12:00.000000000Z,1.7999999999984695,3.60000000000138,101,-2.5,SL_HIT,0.0,-2.5,SL_HIT,2.282608695652174,0.5257142857142858,True
SHORT_2.5_005,2.5,SHORT,2024-01-15T16:13:00.000000000Z,0.700000000000145,4.699999999999704,101,-2.5,SL_HIT,0.0,-2.5,SL_HIT,2.282608695652174,0.5257142857142858,True
SHORT_2.5_005,2.5,SHORT,2024-01-15T16:14:00.000000000Z,1.7000000000000348,3.6999999999998145,101,-2.5,SL_HIT,0.0,-2.5,SL_HIT,2.282608695652174,0.5257142857142858,True
SHORT_2.5_005,2.5,SHORT,2024-01-15T16:15:00.000000000Z,2.4999999999986144,2.900000000001235,101,-2.5,SL_HIT,0.0,-2.5,SL_HIT,2.282608695652174,0.5257142857142858,True
SHORT_2.5_005,2.5,SHORT,2024-01-15T16:16:00.000000000Z,1.40000000000029,3.9999999999995595,101,-2.5,SL_HIT,0.0,-2.5,SL_HIT,2.282608695652174,0.5257142857142858,True
SHORT_2.5_005,2.5,SHORT,2024-01-15T16:17:00.000000000Z,2.0999999999982144,3.300000000001635,101,-2.5,SL_HIT,0.0,-2.5,SL_HIT,2.282608695652174,0.5257142857142858,True
SHORT_2.5_005,2.5,SHORT,2024-01-15T16:18:00.000000000Z,1.0999999999983245,4.300000000001525,101,-2.5,SL_HIT,0.0,-2.5,SL_HIT,2.282608695652174,0.5257142857142858,True
SHORT_2.5_005,2.5,SHORT,2024-01-15T16:19:00.000000000Z,0.2999999999997449,5.1000000000001044,101,-2.5,SL_HIT,0.0,-2.5,SL_HIT,2.282608695652174,0.5257142857142858,True
SHORT_2.5_005,2.5,SHORT,2024-01-15T16:20:00.000000000Z,0.2999999999997449,5.1000000000001044,101,-2.5,SL_HIT,0.0,-2.5,SL_HIT,2.282608695652174,0.5257142857142858,True
SHORT_2.5_005,2.5,SHORT,2024-01-15T16:21:00.000000000Z,0.9999999999998899,4.3999999999999595,101,-2.5,SL_HIT,0.0,-2.5,SL_HIT,2.282608695652174,0.5257142857142858,True
SHORT_2.5_005,2.5,SHORT,2024-01-15T16:22:00.000000000Z,1.2999999999996348,4.100000000000215,101,-2.5,SL_HIT,0.0,-2.5,SL_HIT,2.282608695652174,0.5257142857142858,True
SHORT_2.5_005,2.5,SHORT,2024-01-15T16:23:00.000000000Z,2.4000000000001798,2.9999999999996696,101,-2.5,SL_HIT,0.0,-2.5,SL_HIT,2.282608695652174,0.5257142857142858,True
SHORT_2.5_005,2.5,SHORT,2024-01-15T16:24:00.000000000Z,1.8999999999991246,3.5000000000007248,101,-2.5,SL_HIT,0.0,-2.5,SL_HIT,2.282608695652174,0.5257142857142858,True
SHORT_2.5_005,2.5,SHORT,2024-01-15T16:25:00.000000000Z,1.7999999999984695,3.60000000000138,101,-2.5,SL_HIT,0.0,-2.5,SL_HIT,2.282608695652174,0.5257142857142858,True
SHORT_2.5_005,2.5,SHORT,2024-01-15T16:26:00.000000000Z,2.2999999999995246,3.1000000000003247,101,-2.5,SL_HIT,0.0,-2.5,SL_HIT,2.282608695652174,0.5257142857142858,True
SHORT_2.5_005,2.5,SHORT,2024-01-15T16:27:00.000000000Z,4.699999999999704,0.700000000000145,5,2.5,TP_HIT,2.1999999999997044,1.303105590062112,PARTIAL_PLUS_TP,2.282608695652174,0.5257142857142858,False
SHORT_2.5_005,2.5,SHORT,2024-01-15T16:28:00.000000000Z,4.8000000000003595,0.5999999999994898,4,2.5,TP_HIT,2.3000000000003595,1.303105590062112,PARTIAL_PLUS_TP,2.282608695652174,0.5257142857142858,False
SHORT_2.5_005,2.5,SHORT,2024-01-15T16:29:00.000000000Z,5.399999999999849,0.0,3,2.5,TP_HIT,2.8999999999998494,1.303105590062112,PARTIAL_PLUS_TP,2.282608695652174,0.5257142857142858,False
SHORT_2.5_005,2.5,SHORT,2024-01-15T16:30:00.000000000Z,4.8000000000003595,0.0,2,2.5,TP_HIT,2.3000000000003595,1.303105590062112,PARTIAL_PLUS_TP,2.282608695652174,0.5257142857142858,False
SHORT_2.5_005,2.5,SHORT,2024-01-15T16:31:00.000000000Z,3.4999999999985043,0.20000000000131024,12,2.5,TP_HIT,0.9999999999985043,1.303105590062112,PARTIAL_PLUS_TP,2.282608695652174,0.5257142857142858,False
SHORT_2.5_005,2.5,SHORT,2024-01-15T16:32:00.000000000Z,2.0999999999982144,1.6000000000016001,101,1.7999999999984695,TIMEOUT,0.0,1.7999999999984695,TIMEOUT,2.282608695652174,0.5257142857142858,False
SHORT_2.5_005,2.5,SHORT,2024-01-15T16:33:00.000000000Z,2.6999999999999247,0.9999999999998899,24,2.5,TP_HIT,0.19999999999992468,1.303105590062112,PARTIAL_PLUS_TP,2.282608695652174,0.5257142857142858,False
SHORT_2.5_005,2.5,SHORT,2024-01-15T16:34:00.000000000Z,3.6999999999998145,0.0,8,2.5,TP_HIT,1.1999999999998145,1.4000000000000001,PARTIAL_PLUS_TP,2.282608695652174,0.5257142857142858,False
SHORT_2.5_005,2.5,SHORT,2024-01-15T16:35:00.000000000Z,2.0999999999982144,1.0000000000021103,101,1.7999999999984695,TIMEOUT,0.0,1.7999999999984695,TIMEOUT,2.282608695652174,0.5257142857142858,False
SHORT_2.5_005,2.5,SHORT,2024-01-15T16:36:00.000000000Z,2.4999999999986144,0.6000000000017103,101,2.1999999999988695,TIMEOUT,0.0,1.2000000000000002,PARTIAL_ONLY,2.282608695652174,0.5257142857142858,False
SHORT_2.5_005,2.5,SHORT,2024-01-15T16:37:00.000000000Z,2.4999999999986144,0.6000000000017103,101,2.1999999999988695,TIMEOUT,0.0,1.2000000000000002,PARTIAL_ONLY,2.282608695652174,0.5257142857142858,False
SHORT_2.5_005,2.5,SHORT,2024-01-15T16:38:00.000000000Z,2.6999999999999247,0.40000000000040004,19,2.5,TP_HIT,0.19999999999992468,1.303105590062112,PARTIAL_PLUS_TP,2.282608695652174,0.5257142857142858,False
SHORT_2.5_005,2.5,SHORT,2024-01-15T16:39:00.000000000Z,2.0999999999982144,1.0000000000021103,101,1.7999999999984695,TIMEOUT,0.0,1.7999999999984695,TIMEOUT,2.282608695652174,0.5257142857142858,False
SHORT_2.5_005,2.5,SHORT,2024-01-15T16:40:00.000000000Z,1.7000000000000348,1.40000000000029,101,1.40000000000029,TIMEOUT,0.0,1.40000000000029,TIMEOUT,2.282608695652174,0.5257142857142858,False
SHORT_2.5_005,2.5,SHORT,2024-01-15T16:41:00.000000000Z,1.7000000000000348,1.40000000000029,101,1.40000000000029,TIMEOUT,0.0,1.40000000000029,TIMEOUT,2.282608695652174,0.5257142857142858,False
SHORT_2.5_005,2.5,SHORT,2024-01-15T16:42:00.000000000Z,1.1999999999989797,1.900000000001345,101,0.8999999999992347,TIMEOUT,0.0,0.8999999999992347,TIMEOUT,2.282608695652174,0.5257142857142858,False
SHORT_2.5_005,2.5,SHORT,2024-01-15T16:43:00.000000000Z,0.3999999999981796,2.700000000002145,101,-2.5,SL_HIT,0.0,-2.5,SL_HIT,2.282608695652174,0.5257142857142858,True
SHORT_2.5_005,2.5,SHORT,2024-01-15T16:44:00.000000000Z,0.4999999999988347,2.60000000000149,101,-2.5,SL_HIT,0.0,-2.5,SL_HIT,2.282608695652174,0.5257142857142858,True
SHORT_2.5_005,2.5,SHORT,2024-01-15T16:45:00.000000000Z,0.700000000000145,2.4000000000001798,101,0.40000000000040004,TIMEOUT,0.0,0.40000000000040004,TIMEOUT,2.282608695652174,0.5257142857142858,False
SHORT_2.5_005,2.5,SHORT,2024-01-15T16:46:00.000000000Z,1.9999999999997797,1.100000000000545,101,1.7000000000000348,TIMEOUT,0.0,1.7000000000000348,TIMEOUT,2.282608695652174,0.5257142857142858,False
SHORT_2.5_005,2.5,SHORT,2024-01-15T16:47:00.000000000Z,1.9999999999997797,1.100000000000545,101,1.7000000000000348,TIMEOUT,0.0,1.7000000000000348,TIMEOUT,2.282608695652174,0.5257142857142858,False
SHORT_2.5_005,2.5,SHORT,2024-01-15T16:48:00.000000000Z,3.1000000000003247,0.0,7,2.5,TP_HIT,0.6000000000003247,1.303105590062112,PARTIAL_PLUS_TP,2.282608695652174,0.5257142857142858,False
SHORT_2.5_005,2.5,SHORT,2024-01-15T16:49:00.000000000Z,2.6999999999999247,0.0,8,2.5,TP_HIT,0.19999999999992468,1.303105590062112,PARTIAL_PLUS_TP,2.282608695652174,0.5257142857142858,False
SHORT_2.5_005,2.5,SHORT,2024-01-15T16:50:00.000000000Z,1.9999999999997797,0.0,101,1.7000000000000348,TIMEOUT,0.0,1.7000000000000348,TIMEOUT,2.282608695652174,0.5257142857142858,False
SHORT_2.5_005,2.5,SHORT,2024-01-15T16:51:00.000000000Z,1.8999999999991246,0.10000000000065512,101,1.5999999999993797,TIMEOUT,0.0,1.5999999999993797,TIMEOUT,2.282608695652174,0.5257142857142858,False
SHORT_2.5_005,2.5,SHORT,2024-01-15T16:52:00.000000000Z,1.9999999999997797,0.0,101,1.7000000000000348,TIMEOUT,0.0,1.7000000000000348,TIMEOUT,2.282608695652174,0.5257142857142858,False
SHORT_2.5_005,2.5,SHORT,2024-01-15T16:53:00.000000000Z,1.1999999999989797,0.0,101,0.8999999999992347,TIMEOUT,0.0,0.8999999999992347,TIMEOUT,2.282608695652174,0.5257142857142858,False
SHORT_2.5_005,2.5,SHORT,2024-01-15T16:54:00.000000000Z,1.1999999999989797,0.0,101,0.8999999999992347,TIMEOUT,0.0,0.8999999999992347,TIMEOUT,2.282608695652174,0.5257142857142858,False
SHORT_2.5_005,2.5,SHORT,2024-01-15T16:55:00.000000000Z,0.4999999999988347,0.20000000000131024,101,0.1999999999990898,TIMEOUT,0.0,0.1999999999990898,TIMEOUT,2.282608695652174,0.5257142857142858,False
SHORT_2.5_005,2.5,SHORT,2024-01-15T16:56:00.000000000Z,0.700000000000145,0.0,101,0.40000000000040004,TIMEOUT,0.0,0.40000000000040004,TIMEOUT,2.282608695652174,0.5257142857142858,False
SHORT_2.5_005,2.5,SHORT,2024-01-15T16:57:00.000000000Z,0.0,0.2999999999997449,101,-0.2999999999997449,TIMEOUT,0.0,-0.2999999999997449,TIMEOUT,2.282608695652174,0.5257142857142858,False
LONG_3.5_001,3.5,LONG,2024-01-15T08:00:00.000000000Z,6.800000000000139,11.699999999998933,9,3.5,TP_HIT,3.3000000000001393,1.0000000000000002,PARTIAL_THEN_SL,1.5,0.9,False
LONG_3.5_001,3.5,LONG,2024-01-15T08:01:00.000000000Z,6.6000000000010495,11.899999999998023,8,3.5,TP_HIT,3.1000000000010495,1.0000000000000002,PARTIAL_THEN_SL,1.5,0.9,False
LONG_3.5_001,3.5,LONG,2024-01-15T08:02:00.000000000Z,5.399999999999849,13.099999999999223,7,3.5,TP_HIT,1.8999999999998494,1.0000000000000002,PARTIAL_THEN_SL,1.5,0.9,False
LONG_3.5_001,3.5,LONG,2024-01-15T08:03:00.000000000Z,3.4000000000000696,15.099999999999003,101,-3.5,SL_HIT,0.0,1.0000000000000002,PARTIAL_THEN_SL,1.5,0.9,True
LONG_3.5_001,3.5,LONG,2024-01-15T08:04:00.000000000Z,3.9999999999995595,14.499999999999513,7,3.5,TP_HIT,0.49999999999955946,1.0000000000000002,PARTIAL_THEN_SL,1.5,0.9,False
LONG_3.5_001,3.5,LONG,2024-01-15T08:05:00.000000000Z,3.5000000000007248,14.999999999998348,19,3.5,TP_HIT,7.247535904753022e-13,1.0000000000000002,PARTIAL_THEN_SL,1.5,0.9,False
LONG_3.5_001,3.5,LONG,2024-01-15T08:06:00.000000000Z,4.299999999999304,14.199999999999768,5,3.5,TP_HIT,0.7999999999993044,1.0000000000000002,PARTIAL_THEN_SL,1.5,0.9,False
LONG_3.5_001,3.5,LONG,2024-01-15T08:07:00.000000000Z,5.699999999999594,13.600000000000279,2,3.5,TP_HIT,2.1999999999995943,1.0000000000000002,PARTIAL_THEN_SL,1.5,0.9,False
LONG_3.5_001,3.5,LONG,2024-01-15T08:08:00.000000000Z,3.6999999999998145,15.600000000000058,3,3.5,TP_HIT,0.19999999999981455,1.0000000000000002,PARTIAL_THEN_SL,1.5,0.9,False
LONG_3.5_001,3.5,LONG,2024-01-15T08:09:00.000000000Z,1.5999999999993797,17.700000000000493,101,-3.5,SL_HIT,0.0,1.0000000000000002,PARTIAL_THEN_SL,1.5,0.9,True
LONG_3.5_001,3.5,LONG,2024-01-15T08:10:00.000000000Z,1.5999999999993797,17.700000000000493,101,-3.5,SL_HIT,0.0,1.0000000000000002,PARTIAL_THEN_SL,1.5,0.9,True
LONG_3.5_001,3.5,LONG,2024-01-15T08:11:00.000000000Z,0.1999999999990898,19.100000000000783,101,-3.5,SL_HIT,0.0,-3.5,SL_HIT,1.5,0.9,True
LONG_3.5_001,3.5,LONG,2024-01-15T08:12:00.000000000Z,2.2999999999995246,17.000000000000348,101,-3.5,SL_HIT,0.0,1.0000000000000002,PARTIAL_THEN_SL,1.5,0.9,True
LONG_3.5_001,3.5,LONG,2024-01-15T08:13:00.000000000Z,2.4000000000001798,16.899999999999693,101,-3.5,SL_HIT,0.0,1.0000000000000002,PARTIAL_THEN_SL,1.5,0.9,True
LONG_3.5_001,3.5,LONG,2024-01-15T08:14:00.000000000Z,0.5999999999994898,18.700000000000383,101,-3.5,SL_HIT,0.0,-3.5,SL_HIT,1.5,0.9,True
LONG_3.5_001,3.5,LONG,2024-01-15T08:15:00.000000000Z,0.1999999999990898,19.100000000000783,101,-3.5,SL_HIT,0.0,-3.5,SL_HIT,1.5,0.9,True
LONG_3.5_001,3.5,LONG,2024-01-15T08:16:00.000000000Z,3.5000000000007248,15.799999999999148,8,3.5,TP_HIT,7.247535904753022e-13,1.0000000000000002,PARTIAL_THEN_SL,1.5,0.9,False
LONG_3.5_001,3.5,LONG,2024-01-15T08:17:00.000000000Z,2.5999999999992696,16.700000000000603,101,-3.5,SL_HIT,0.0,1.0000000000000002,PARTIAL_THEN_SL,1.5,0.9,True
LONG_3.5_001,3.5,LONG,2024-01-15T08:18:00.000000000Z,2.80000000000058,16.499999999999293,101,-3.5,SL_HIT,0.0,1.0000000000000002,PARTIAL_THEN_SL,1.5,0.9,True
LONG_3.5_001,3.5,LONG,2024-01-15T08:19:00.000000000Z,2.5999999999992696,16.700000000000603,101,-3.5,SL_HIT,0.0,1.0000000000000002,PARTIAL_THEN_SL,1.5,0.9,True
LONG_3.5_001,3.5,LONG,2024-01-15T08:20:00.000000000Z,3.20000000000098,16.299999999997983,101,-3.5,SL_HIT,0.0,1.0000000000000002,PARTIAL_THEN_SL,1.5,0.9,True
LONG_3.5_001,3.5,LONG,2024-01-15T08:21:00.000000000Z,2.100000000000435,17.399999999998528,101,-3.5,SL_HIT,0.0,1.0000000000000002,PARTIAL_THEN_SL,1.5,0.9,True
LONG_3.5_001,3.5,LONG,2024-01-15T08:22:00.000000000Z,2.9999999999996696,17.599999999999838,101,-3.5,SL_HIT,0.0,1.0000000000000002,PARTIAL_THEN_SL,1.5,0.9,True
LONG_3.5_001,3.5,LONG,2024-01-15T08:23:00.000000000Z,2.2999999999995246,19.299999999999873,101,-3.5,SL_HIT,0.0,1.0000000000000002,PARTIAL_THEN_SL,1.5,0.9,True
LONG_3.5_001,3.5,LONG,2024-01-15T08:24:00.000000000Z,0.0,23.100000000000342,101,-3.5,SL_HIT,0.0,-3.5,SL_HIT,1.5,0.9,True
LONG_3.5_002,3.5,LONG,2024-01-15T09:18:00.000000000Z,3.5000000000007248,18.599999999999728,12,3.5,TP_HIT,7.247535904753022e-13,1.0000000000000002,PARTIAL_THEN_SL,1.5,0.9,False
LONG_3.5_002,3.5,LONG,2024-01-15T09:19:00.000000000Z,2.500000000000835,19.599999999999618,101,-3.5,SL_HIT,0.0,1.0000000000000002,PARTIAL_THEN_SL,1.5,0.9,True
LONG_3.5_002,3.5,LONG,2024-01-15T09:20:00.000000000Z,2.80000000000058,19.299999999999873,101,-3.5,SL_HIT,0.0,1.0000000000000002,PARTIAL_THEN_SL,1.5,0.9,True
LONG_3.5_002,3.5,LONG,2024-01-15T09:21:00.000000000Z,1.100000000000545,20.999999999999908,101,-3.5,SL_HIT,0.0,-3.5,SL_HIT,1.5,0.9,True
LONG_3.5_002,3.5,LONG,2024-01-15T09:22:00.000000000Z,1.2000000000012,20.899999999999253,101,-3.5,SL_HIT,0.0,-3.5,SL_HIT,1.5,0.9,True
LONG_3.5_002,3.5,LONG,2024-01-15T09:23:00.000000000Z,1.7000000000000348,20.400000000000418,101,-3.5,SL_HIT,0.0,1.0000000000000002,PARTIAL_THEN_SL,1.5,0.9,True
LONG_3.5_002,3.5,LONG,2024-01-15T09:24:00.000000000Z,1.900000000001345,20.199999999999108,101,-3.5,SL_HIT,0.0,1.0000000000000002,PARTIAL_THEN_SL,1.5,0.9,True
LONG_3.5_002,3.5,LONG,2024-01-15T09:25:00.000000000Z,2.6999999999999247,19.400000000000528,101,-3.5,SL_HIT,0.0,1.0000000000000002,PARTIAL_THEN_SL,1.5,0.9,True
LONG_3.5_002,3.5,LONG,2024-01-15T09:26:00.000000000Z,1.500000000000945,20.599999999999508,101,-3.5,SL_HIT,0.0,1.0000000000000002,PARTIAL_THEN_SL,1.5,0.9,True
LONG_3.5_002,3.5,LONG,2024-01-15T09:27:00.000000000Z,1.500000000000945,20.599999999999508,101,-3.5,SL_HIT,0.0,1.0000000000000002,PARTIAL_THEN_SL,1.5,0.9,True
LONG_3.5_002,3.5,LONG,2024-01-15T09:28:00.000000000Z,1.900000000001345,20.199999999999108,101,-3.5,SL_HIT,0.0,1.0000000000000002,PARTIAL_THEN_SL,1.5,0.9,True
LONG_3.5_002,3.5,LONG,2024-01-15T09:29:00.000000000Z,1.9999999999997797,20.100000000000673,101,-3.5,SL_HIT,0.0,1.0000000000000002,PARTIAL_THEN_SL,1.5,0.9,True
LONG_3.5_002,3.5,LONG,2024-01-15T09:30:00.000000000Z,0.0,22.100000000000453,101,-3.5,SL_HIT,0.0,-3.5,SL_HIT,1.5,0.9,True
LONG_3.5_003,3.5,LONG,2024-01-15T09:47:00.000000000Z,3.6999999999998145,10.499999999999954,8,3.5,TP_HIT,0.19999999999981455,1.0000000000000002,PARTIAL_THEN_SL,1.5,0.9,False
LONG_3.5_003,3.5,LONG,2024-01-15T09:48:00.000000000Z,2.80000000000058,11.399999999999189,101,-3.5,SL_HIT,0.0,1.0000000000000002,PARTIAL_THEN_SL,1.5,0.9,True
LONG_3.5_003,3.5,LONG,2024-01-15T09:49:00.000000000Z,0.9999999999998899,13.199999999999878,101,-3.5,SL_HIT,0.0,-3.5,SL_HIT,1.5,0.9,True
LONG_3.5_003,3.5,LONG,2024-01-15T09:50:00.000000000Z,1.8999999999991246,12.300000000000644,101,-3.5,SL_HIT,0.0,1.0000000000000002,PARTIAL_THEN_SL,1.5,0.9,True
LONG_3.5_003,3.5,LONG,2024-01-15T09:51:00.000000000Z,3.4000000000000696,10.799999999999699,101,-3.5,SL_HIT,0.0,1.0000000000000002,PARTIAL_THEN_SL,1.5,0.9,True
LONG_3.5_003,3.5,LONG,2024-01-15T09:52:00.000000000Z,2.9999999999996696,11.200000000000099,101,-3.5,SL_HIT,0.0,1.0000000000000002,PARTIAL_THEN_SL,1.5,0.9,True
LONG_3.5_003,3.5,LONG,2024-01-15T09:53:00.000000000Z,2.4000000000001798,11.799999999999589,101,-3.5,SL_HIT,0.0,1.0000000000000002,PARTIAL_THEN_SL,1.5,0.9,True
LONG_3.5_003,3.5,LONG,2024-01-15T09:54:00.000000000Z,1.9999999999997797,12.199999999999989,101,-3.5,SL_HIT,0.0,1.0000000000000002,PARTIAL_THEN_SL,1.5,0.9,True
LONG_3.5_003,3.5,LONG,2024-01-15T09:55:00.000000000Z,0.0,14.199999999999768,101,-3.5,SL_HIT,0.0,-3.5,SL_HIT,1.5,0.9,True
LONG_3.5_003,3.5,LONG,2024-01-15T09:56:00.000000000Z,0.0,14.000000000000679,101,-3.5,SL_HIT,0.0,-3.5,SL_HIT,1.5,0.9,True
LONG_3.5_003,3.5,LONG,2024-01-15T09:57:00.000000000Z,0.0,13.000000000000789,101,-3.5,SL_HIT,0.0,-3.5,SL_HIT,1.5,0.9,True
LONG_3.5_003,3.5,LONG,2024-01-15T09:58:00.000000000Z,2.100000000000435,12.199999999999989,101,-3.5,SL_HIT,0.0,-3.5,SL_HIT,1.5,0.9,True
LONG_3.5_003,3.5,LONG,2024-01-15T09:59:00.000000000Z,1.2999999999996348,13.000000000000789,101,-3.5,SL_HIT,0.0,-3.5,SL_HIT,1.5,0.9,True
LONG_3.5_003,3.5,LONG,2024-01-15T10:00:00.000000000Z,4.799999999998139,10.300000000000864,98,-3.5,SL_HIT,1.299999999998139,-3.5,SL_HIT,1.5,0.9,True
LONG_3.5_003,3.5,LONG,2024-01-15T10:01:00.000000000Z,4.799999999998139,10.300000000000864,97,-3.5,SL_HIT,1.299999999998139,-3.5,SL_HIT,1.5,0.9,True
LONG_3.5_003,3.5,LONG,2024-01-15T10:02:00.000000000Z,5.899999999998684,9.200000000000319,89,-3.5,SL_HIT,2.399999999998684,-3.5,SL_HIT,1.5,0.9,True
LONG_3.5_003,3.5,LONG,2024-01-15T10:03:00.000000000Z,6.899999999998574,8.20000000000043,86,-3.5,SL_HIT,3.399999999998574,-3.5,SL_HIT,1.5,0.9,True
LONG_3.5_003,3.5,LONG,2024-01-15T10:04:00.000000000Z,8.399999999999519,6.699999999999484,81,-3.5,SL_HIT,4.899999999999519,-3.5,SL_HIT,1.5,0.9,True
LONG_3.5_003,3.5,LONG,2024-01-15T10:05:00.000000000Z,7.899999999998464,7.200000000000539,81,-3.5,SL_HIT,4.399999999998464,-3.5,SL_HIT,1.5,0.9,True
LONG_3.5_003,3.5,LONG,2024-01-15T10:06:00.000000000Z,7.199999999998319,7.900000000000684,83,-3.5,SL_HIT,3.699999999998319,-3.5,SL_HIT,1.5,0.9,True
LONG_3.5_003,3.5,LONG,2024-01-15T10:07:00.000000000Z,7.399999999999629,7.699999999999374,82,-3.5,SL_HIT,3.899999999999629,-3.5,SL_HIT,1.5,0.9,True
LONG_3.5_003,3.5,LONG,2024-01-15T10:08:00.000000000Z,7.500000000000284,7.599999999998719,79,-3.5,SL_HIT,4.000000000000284,-3.5,SL_HIT,1.5,0.9,True
LONG_3.5_003,3.5,LONG,2024-01-15T10:09:00.000000000Z,9.500000000000064,5.599999999998939,74,-3.5,SL_HIT,6.000000000000064,-3.5,SL_HIT,1.5,0.9,True
LONG_3.5_003,3.5,LONG,2024-01-15T10:10:00.000000000Z,10.499999999999954,4.599999999999049,54,-3.5,SL_HIT,6.999999999999954,-3.5,SL_HIT,1.5,0.9,True
LONG_3.5_003,3.5,LONG,2024-01-15T10:11:00.000000000Z,9.699999999999154,5.399999999999849,67,-3.5,SL_HIT,6.199999999999154,-3.5,SL_HIT,1.5,0.9,True
LONG_3.5_003,3.5,LONG,2024-01-15T10:12:00.000000000Z,11.099999999999444,3.9999999999995595,48,-3.5,SL_HIT,7.599999999999444,-3.5,SL_HIT,1.5,0.9,True
LONG_3.5_003,3.5,LONG,2024-01-15T10:13:00.000000000Z,10.899999999998133,4.20000000000087,48,-3.5,SL_HIT,7.399999999998133,-3.5,SL_HIT,1.5,0.9,True
LONG_3.5_003,3.5,LONG,2024-01-15T10:14:00.000000000Z,10.200000000000209,4.899999999998794,59,-3.5,SL_HIT,6.700000000000209,-3.5,SL_HIT,1.5,0.9,True
LONG_3.5_003,3.5,LONG,2024-01-15T10:15:00.000000000Z,11.699999999998933,3.4000000000000696,41,3.5,TP_HIT,8.199999999998933,1.55,PARTIAL_PLUS_TP,1.5,0.9,False
LONG_3.5_003,3.5,LONG,2024-01-15T10:16:00.000000000Z,11.900000000000244,3.1999999999987594,40,3.5,TP_HIT,8.400000000000244,1.55,PARTIAL_PLUS_TP,1.5,0.9,False
LONG_3.5_003,3.5,LONG,2024-01-15T10:17:00.000000000Z,13.099999999999223,1.9999999999997797,34,3.5,TP_HIT,9.599999999999223,1.55,PARTIAL_PLUS_TP,1.5,0.9,False
LONG_3.5_003,3.5,LONG,2024-01-15T10:18:00.000000000Z,14.799999999999258,0.2999999999997449,12,3.5,TP_HIT,11.299999999999258,1.55,PARTIAL_PLUS_TP,1.5,0.9,False
LONG_3.5_003,3.5,LONG,2024-01-15T10:19:00.000000000Z,13.900000000000023,1.1999999999989797,32,3.5,TP_HIT,10.400000000000023,1.55,PARTIAL_PLUS_TP,1.5,0.9,False
LONG_3.5_003,3.5,LONG,2024-01-15T10:20:00.000000000Z,14.699999999998603,0.40000000000040004,10,3.5,TP_HIT,11.199999999998603,1.55,PARTIAL_PLUS_TP,1.5,0.9,False
LONG_3.5_003,3.5,LONG,2024-01-15T10:21:00.000000000Z,14.299999999998203,0.8000000000008001,9,3.5,TP_HIT,10.799999999998203,1.55,PARTIAL_PLUS_TP,1.5,0.9,False
LONG_3.5_003,3.5,LONG,2024-01-15T10:22:00.000000000Z,15.099999999999003,0.0,8,3.5,TP_HIT,11.599999999999003,1.55,PARTIAL_PLUS_TP,1.5,0.9,False
LONG_3.5_003,3.5,LONG,2024-01-15T10:23:00.000000000Z,14.699999999998603,0.0,7,3.5,TP_HIT,11.199999999998603,1.55,PARTIAL_PLUS_TP,1.5,0.9,False
LONG_3.5_003,3.5,LONG,2024-01-15T10:24:00.000000000Z,14.199999999999768,0.0,6,3.5,TP_HIT,10.699999999999768,1.55,PARTIAL_PLUS_TP,1.5,0.9,False
LONG_3.5_003,3.5,LONG,2024-01-15T10:25:00.000000000Z,14.100000000001334,0.4999999999988347,26,3.5,TP_HIT,10.600000000001334,1.55,PARTIAL_PLUS_TP,1.5,0.9,False
LONG_3.5_003,3.5,LONG,2024-01-15T10:26:00.000000000Z,14.600000000000168,0.0,25,3.5,TP_HIT,11.100000000000168,1.55,PARTIAL_PLUS_TP,1.5,0.9,False
LONG_3.5_003,3.5,LONG,2024-01-15T10:27:00.000000000Z,14.500000000001734,0.0,24,3.5,TP_HIT,11.000000000001734,1.55,PARTIAL_PLUS_TP,1.5,0.9,False
LONG_3.5_003,3.5,LONG,2024-01-15T10:28:00.000000000Z,13.600000000000279,0.9000000000014552,27,3.5,TP_HIT,10.100000000000279,1.55,PARTIAL_PLUS_TP,1.5,0.9,False
LONG_3.5_003,3.5,LONG,2024-01-15T10:29:00.000000000Z,15.799999999999148,0.20000000000131024,22,3.5,TP_HIT,12.299999999999148,1.55,PARTIAL_PLUS_TP,1.5,0.9,False
LONG_3.5_003,3.5,LONG,2024-01-15T10:30:00.000000000Z,13.199999999999878,3.1000000000003247,34,3.5,TP_HIT,9.699999999999878,1.55,PARTIAL_PLUS_TP,1.5,0.9,False
LONG_3.5_003,3.5,LONG,2024-01-15T10:31:00.000000000Z,14.799999999999258,1.900000000001345,25,3.5,TP_HIT,11.299999999999258,1.55,PARTIAL_PLUS_TP,1.5,0.9,False
LONG_3.5_003,3.5,LONG,2024-01-15T10:32:00.000000000Z,15.499999999999403,1.900000000001345,24,3.5,TP_HIT,11.999999999999403,1.55,PARTIAL_PLUS_TP,1.5,0.9,False
LONG_3.5_003,3.5,LONG,2024-01-15T10:33:00.000000000Z,16.40000000000086,2.500000000000835,27,3.5,TP_HIT,12.900000000000858,1.55,PARTIAL_PLUS_TP,1.5,0.9,False
LONG_3.5_003,3.5,LONG,2024-01-15T10:34:00.000000000Z,18.599999999999728,0.9000000000014552,21,3.5,TP_HIT,15.099999999999728,1.55,PARTIAL_PLUS_TP,1.5,0.9,False
LONG_3.5_003,3.5,LONG,2024-01-15T10:35:00.000000000Z,19.400000000000528,0.10000000000065512,16,3.5,TP_HIT,15.900000000000528,1.55,PARTIAL_PLUS_TP,1.5,0.9,False
LONG_3.5_003,3.5,LONG,2024-01-15T10:36:00.000000000Z,19.400000000000528,0.10000000000065512,15,3.5,TP_HIT,15.900000000000528,1.55,PARTIAL_PLUS_TP,1.5,0.9,False
LONG_3.5_003,3.5,LONG,2024-01-15T10:37:00.000000000Z,19.799999999998708,0.9000000000014552,18,3.5,TP_HIT,16.299999999998708,1.55,PARTIAL_PLUS_TP,1.5,0.9,False
LONG_3.5_003,3.5,LONG,2024-01-15T10:38:00.000000000Z,20.400000000000418,0.9000000000014552,17,3.5,TP_HIT,16.900000000000418,1.55,PARTIAL_PLUS_TP,1.5,0.9,False
LONG_3.5_003,3.5,LONG,2024-01-15T10:39:00.000000000Z,19.400000000000528,1.900000000001345,17,3.5,TP_HIT,15.900000000000528,1.55,PARTIAL_PLUS_TP,1.5,0.9,False
LONG_3.5_003,3.5,LONG,2024-01-15T10:40:00.000000000Z,19.900000000001583,1.40000000000029,16,3.5,TP_HIT,16.400000000001583,1.55,PARTIAL_PLUS_TP,1.5,0.9,False
LONG_3.5_003,3.5,LONG,2024-01-15T10:41:00.000000000Z,20.000000000000018,1.3000000000018552,15,3.5,TP_HIT,16.500000000000018,1.55,PARTIAL_PLUS_TP,1.5,0.9,False
LONG_3.5_003,3.5,LONG,2024-01-15T10:42:00.000000000Z,19.600000000001838,1.7000000000000348,14,3.5,TP_HIT,16.100000000001838,1.55,PARTIAL_PLUS_TP,1.5,0.9,False
LONG_3.5_003,3.5,LONG,2024-01-15T10:43:00.000000000Z,20.800000000000818,0.5000000000010552,8,3.5,TP_HIT,17.300000000000818,1.55,PARTIAL_PLUS_TP,1.5,0.9,False
LONG_3.5_003,3.5,LONG,2024-01-15T10:44:00.000000000Z,20.299999999999763,1.0000000000021103,12,3.5,TP_HIT,16.799999999999763,1.55,PARTIAL_PLUS_TP,1.5,0.9,False
LONG_3.5_003,3.5,LONG,2024-01-15T10:45:00.000000000Z,20.299999999999763,1.0000000000021103,11,3.5,TP_HIT,16.799999999999763,1.55,PARTIAL_PLUS_TP,1.5,0.9,False
LONG_3.5_003,3.5,LONG,2024-01-15T10:46:00.000000000Z,21.300000000001873,0.0,5,3.5,TP_HIT,17.800000000001873,1.55,PARTIAL_PLUS_TP,1.5,0.9,False
LONG_3.5_003,3.5,LONG,2024-01-15T10:47:00.000000000Z,21.300000000001873,0.0,4,3.5,TP_HIT,17.800000000001873,1.55,PARTIAL_PLUS_TP,1.5,0.9,False
LONG_3.5_003,3.5,LONG,2024-01-15T10:48:00.000000000Z,20.999999999999908,0.0,3,3.5,TP_HIT,17.499999999999908,1.55,PARTIAL_PLUS_TP,1.5,0.9,False
LONG_3.5_003,3.5,LONG,2024-01-15T10:49:00.000000000Z,20.299999999999763,0.0,7,3.5,TP_HIT,16.799999999999763,1.55,PARTIAL_PLUS_TP,1.5,0.9,False
LONG_3.5_003,3.5,LONG,2024-01-15T10:50:00.000000000Z,19.400000000000528,0.0,6,3.5,TP_HIT,15.900000000000528,1.55,PARTIAL_PLUS_TP,1.5,0.9,False
LONG_3.5_003,3.5,LONG,2024-01-15T10:51:00.000000000Z,17.300000000000093,0.9000000000014552,32,3.5,TP_HIT,13.800000000000093,1.55,PARTIAL_PLUS_TP,1.5,0.9,False
LONG_3.5_003,3.5,LONG,2024-01-15T10:52:00.000000000Z,18.20000000000155,0.0,12,3.5,TP_HIT,14.700000000001548,1.55,PARTIAL_PLUS_TP,1.5,0.9,False
LONG_3.5_003,3.5,LONG,2024-01-15T10:53:00.000000000Z,18.000000000000238,0.0,20,3.5,TP_HIT,14.500000000000238,1.55,PARTIAL_PLUS_TP,1.5,0.9,False
LONG_3.5_003,3.5,LONG,2024-01-15T10:54:00.000000000Z,17.900000000001803,0.0,19,3.5,TP_HIT,14.400000000001803,1.55,PARTIAL_PLUS_TP,1.5,0.9,False
LONG_3.5_003,3.5,LONG,2024-01-15T10:55:00.000000000Z,16.899999999999693,0.0,30,3.5,TP_HIT,13.399999999999693,1.55,PARTIAL_PLUS_TP,1.5,0.9,False
LONG_3.5_003,3.5,LONG,2024-01-15T10:56:00.000000000Z,15.500000000001624,0.8999999999992347,30,3.5,TP_HIT,12.000000000001624,1.55,PARTIAL_PLUS_TP,1.5,0.9,False
LONG_3.5_003,3.5,LONG,2024-01-15T10:57:00.000000000Z,15.400000000000968,0.9999999999998899,30,3.5,TP_HIT,11.900000000000968,1.55,PARTIAL_PLUS_TP,1.5,0.9,False
LONG_3.5_003,3.5,LONG,2024-01-15T10:58:00.000000000Z,15.400000000000968,0.9999999999998899,29,3.5,TP_HIT,11.900000000000968,1.55,PARTIAL_PLUS_TP,1.5,0.9,False
LONG_3.5_003,3.5,LONG,2024-01-15T10:59:00.000000000Z,16.40000000000086,0.0,26,3.5,TP_HIT,12.900000000000858,1.55,PARTIAL_PLUS_TP,1.5,0.9,False
LONG_3.5_003,3.5,LONG,2024-01-15T11:00:00.000000000Z,15.200000000001879,0.3999999999981796,27,3.5,TP_HIT,11.700000000001879,1.55,PARTIAL_PLUS_TP,1.5,0.9,False
LONG_3.5_003,3.5,LONG,2024-01-15T11:01:00.000000000Z,16.40000000000086,0.7999999999985796,28,3.5,TP_HIT,12.900000000000858,1.55,PARTIAL_PLUS_TP,1.5,0.9,False
LONG_3.5_003,3.5,LONG,2024-01-15T11:02:00.000000000Z,16.899999999999693,0.2999999999997449,25,3.5,TP_HIT,13.399999999999693,1.55,PARTIAL_PLUS_TP,1.5,0.9,False
LONG_3.5_003,3.5,LONG,2024-01-15T11:03:00.000000000Z,16.40000000000086,0.7999999999985796,26,3.5,TP_HIT,12.900000000000858,1.55,PARTIAL_PLUS_TP,1.5,0.9,False
LONG_3.5_003,3.5,LONG,2024-01-15T11:04:00.000000000Z,16.199999999999548,0.9999999999998899,25,3.5,TP_HIT,12.699999999999548,1.55,PARTIAL_PLUS_TP,1.5,0.9,False
LONG_3.5_003,3.5,LONG,2024-01-15T11:05:00.000000000Z,17.000000000000348,0.1999999999990898,22,3.5,TP_HIT,13.500000000000348,1.55,PARTIAL_PLUS_TP,1.5,0.9,False
LONG_3.5_003,3.5,LONG,2024-01-15T11:06:00.000000000Z,17.199999999999438,0.0,20,3.5,TP_HIT,13.699999999999438,1.55,PARTIAL_PLUS_TP,1.5,0.9,False
LONG_3.5_003,3.5,LONG,2024-01-15T11:07:00.000000000Z,17.199999999999438,0.0,19,3.5,TP_HIT,13.699999999999438,1.55,PARTIAL_PLUS_TP,1.5,0.9,False
LONG_3.5_003,3.5,LONG,2024-01-15T11:08:00.000000000Z,16.199999999999548,0.9999999999998899,21,3.5,TP_HIT,12.699999999999548,1.55,PARTIAL_PLUS_TP,1.5,0.9,False
LONG_3.5_003,3.5,LONG,2024-01-15T11:09:00.000000000Z,16.599999999999948,0.5999999999994898,20,3.5,TP_HIT,13.099999999999948,1.55,PARTIAL_PLUS_TP,1.5,0.9,False
LONG_3.5_003,3.5,LONG,2024-01-15T11:10:00.000000000Z,16.499999999999293,0.700000000000145,19,3.5,TP_HIT,12.999999999999293,1.55,PARTIAL_PLUS_TP,1.5,0.9,False
LONG_3.5_003,3.5,LONG,2024-01-15T11:11:00.000000000Z,17.199999999999438,0.0,15,3.5,TP_HIT,13.699999999999438,1.55,PARTIAL_PLUS_TP,1.5,0.9,False
LONG_3.5_003,3.5,LONG,2024-01-15T11:12:00.000000000Z,16.599999999999948,0.2999999999997449,17,3.5,TP_HIT,13.099999999999948,1.55,PARTIAL_PLUS_TP,1.5,0.9,False
LONG_3.5_003,3.5,LONG,2024-01-15T11:13:00.000000000Z,15.799999999999148,1.100000000000545,16,3.5,TP_HIT,12.299999999999148,1.55,PARTIAL_PLUS_TP,1.5,0.9,False
LONG_3.5_003,3.5,LONG,2024-01-15T11:14:00.000000000Z,15.600000000000058,1.2999999999996348,15,3.5,TP_HIT,12.100000000000058,1.55,PARTIAL_PLUS_TP,1.5,0.9,False
LONG_3.5_003,3.5,LONG,2024-01-15T11:15:00.000000000Z,16.100000000001113,0.7999999999985796,14,3.5,TP_HIT,12.600000000001113,1.55,PARTIAL_PLUS_TP,1.5,0.9,False
LONG_3.5_003,3.5,LONG,2024-01-15T11:16:00.000000000Z,15.600000000000058,1.2999999999996348,13,3.5,TP_HIT,12.100000000000058,1.55,PARTIAL_PLUS_TP,1.5,0.9,False
LONG_3.5_003,3.5,LONG,2024-01-15T11:17:00.000000000Z,15.600000000000058,1.2999999999996348,12,3.5,TP_HIT,12.100000000000058,1.55,PARTIAL_PLUS_TP,1.5,0.9,False
LONG_3.5_003,3.5,LONG,2024-01-15T11:18:00.000000000Z,15.400000000000968,1.4999999999987246,11,3.5,TP_HIT,11.900000000000968,1.55,PARTIAL_PLUS_TP,1.5,0.9,False
LONG_3.5_003,3.5,LONG,2024-01-15T11:19:00.000000000Z,16.899999999999693,0.0,8,3.5,TP_HIT,13.399999999999693,1.55,PARTIAL_PLUS_TP,1.5,0.9,False
LONG_3.5_003,3.5,LONG,2024-01-15T11:20:00.000000000Z,16.499999999999293,0.30000000000196536,9,3.5,TP_HIT,12.999999999999293,1.55,PARTIAL_PLUS_TP,1.5,0.9,False
LONG_3.5_003,3.5,LONG,2024-01-15T11:21:00.000000000Z,16.199999999999548,0.6000000000017103,8,3.5,TP_HIT,12.699999999999548,1.55,PARTIAL_PLUS_TP,1.5,0.9,False
LONG_3.5_003,3.5,LONG,2024-01-15T11:22:00.000000000Z,16.80000000000126,0.0,5,3.5,TP_HIT,13.300000000001258,1.55,PARTIAL_PLUS_TP,1.5,0.9,False
LONG_3.5_003,3.5,LONG,2024-01-15T11:23:00.000000000Z,15.000000000000568,1.1999999999989797,9,3.5,TP_HIT,11.500000000000568,1.55,PARTIAL_PLUS_TP,1.5,0.9,False
LONG_3.5_003,3.5,LONG,2024-01-15T11:24:00.000000000Z,15.199999999999658,0.9999999999998899,7,3.5,TP_HIT,11.699999999999658,1.55,PARTIAL_PLUS_TP,1.5,0.9,False
LONG_3.5_003,3.5,LONG,2024-01-15T11:25:00.000000000Z,13.799999999999368,2.4000000000001798,13,3.5,TP_HIT,10.299999999999368,1.55,PARTIAL_PLUS_TP,1.5,0.9,False
LONG_3.5_003,3.5,LONG,2024-01-15T11:26:00.000000000Z,13.600000000000279,2.5999999999992696,12,3.5,TP_HIT,10.100000000000279,1.55,PARTIAL_PLUS_TP,1.5,0.9,False
LONG_3.5_003,3.5,LONG,2024-01-15T11:27:00.000000000Z,13.300000000000534,2.8999999999990145,13,3.5,TP_HIT,9.800000000000534,1.55,PARTIAL_PLUS_TP,1.5,0.9,False
LONG_3.5_003,3.5,LONG,2024-01-15T11:28:00.000000000Z,13.499999999999623,2.6999999999999247,12,3.5,TP_HIT,9.999999999999623,1.55,PARTIAL_PLUS_TP,1.5,0.9,False
LONG_3.5_003,3.5,LONG,2024-01-15T11:29:00.000000000Z,11.799999999999589,4.3999999999999595,40,-3.5,SL_HIT,8.299999999999589,1.0000000000000002,PARTIAL_THEN_SL,1.5,0.9,True
LONG_3.5_003,3.5,LONG,2024-01-15T11:30:00.000000000Z,12.399999999999078,3.8000000000004697,35,-3.5,SL_HIT,8.899999999999078,1.0000000000000002,PARTIAL_THEN_SL,1.5,0.9,True
LONG_3.5_003,3.5,LONG,2024-01-15T11:31:00.000000000Z,11.600000000000499,4.599999999999049,38,-3.5,SL_HIT,8.100000000000499,1.0000000000000002,PARTIAL_THEN_SL,1.5,0.9,True
LONG_3.5_003,3.5,LONG,2024-01-15T11:32:00.000000000Z,11.399999999999189,4.8000000000003595,37,-3.5,SL_HIT,7.899999999999189,1.0000000000000002,PARTIAL_THEN_SL,1.5,0.9,True
LONG_3.5_003,3.5,LONG,2024-01-15T11:33:00.000000000Z,12.399999999999078,3.8000000000004697,32,-3.5,SL_HIT,8.899999999999078,1.0000000000000002,PARTIAL_THEN_SL,1.5,0.9,True
LONG_3.5_003,3.5,LONG,2024-01-15T11:34:00.000000000Z,14.099999999999113,2.100000000000435,4,3.5,TP_HIT,10.599999999999113,1.55,PARTIAL_PLUS_TP,1.5,0.9,False
LONG_3.5_003,3.5,LONG,2024-01-15T11:35:00.000000000Z,14.000000000000679,2.1999999999988695,3,3.5,TP_HIT,10.500000000000679,1.55,PARTIAL_PLUS_TP,1.5,0.9,False
LONG_3.5_003,3.5,LONG,2024-01-15T11:36:00.000000000Z,12.000000000000899,4.199999999998649,29,-3.5,SL_HIT,8.500000000000899,1.0000000000000002,PARTIAL_THEN_SL,1.5,0.9,True
LONG_3.5_003,3.5,LONG,2024-01-15T11:37:00.000000000Z,11.399999999999189,4.8000000000003595,32,-3.5,SL_HIT,7.899999999999189,1.0000000000000002,PARTIAL_THEN_SL,1.5,0.9,True
LONG_3.5_003,3.5,LONG,2024-01-15T11:38:00.000000000Z,10.099999999999554,6.099999999999994,33,-3.5,SL_HIT,6.599999999999554,-3.5,SL_HIT,1.5,0.9,True
LONG_3.5_003,3.5,LONG,2024-01-15T11:39:00.000000000Z,10.200000000000209,5.999999999999339,31,-3.5,SL_HIT,6.700000000000209,-3.5,SL_HIT,1.5,0.9,True
LONG_3.5_003,3.5,LONG,2024-01-15T11:40:00.000000000Z,9.300000000000974,6.899999999998574,32,-3.5,SL_HIT,5.800000000000974,-3.5,SL_HIT,1.5,0.9,True
LONG_3.5_003,3.5,LONG,2024-01-15T11:41:00.000000000Z,12.199999999999989,3.9999999999995595,24,-3.5,SL_HIT,8.699999999999989,-3.5,SL_HIT,1.5,0.9,True
LONG_3.5_003,3.5,LONG,2024-01-15T11:42:00.000000000Z,12.099999999999334,4.100000000000215,23,-3.5,SL_HIT,8.599999999999334,-3.5,SL_HIT,1.5,0.9,True
LONG_3.5_003,3.5,LONG,2024-01-15T11:43:00.000000000Z,11.600000000000499,4.599999999999049,26,-3.5,SL_HIT,8.100000000000499,-3.5,SL_HIT,1.5,0.9,True
LONG_3.5_003,3.5,LONG,2024-01-15T11:44:00.000000000Z,11.799999999999589,4.3999999999999595,25,-3.5,SL_HIT,8.299999999999589,-3.5,SL_HIT,1.5,0.9,True
LONG_3.5_003,3.5,LONG,2024-01-15T11:45:00.000000000Z,13.799999999999368,2.4000000000001798,19,3.5,TP_HIT,10.299999999999368,1.55,PARTIAL_PLUS_TP,1.5,0.9,False
LONG_3.5_003,3.5,LONG,2024-01-15T11:46:00.000000000Z,14.799999999999258,1.40000000000029,18,3.5,TP_HIT,11.299999999999258,1.55,PARTIAL_PLUS_TP,1.5,0.9,False
LONG_3.5_003,3.5,LONG,2024-01-15T11:47:00.000000000Z,12.199999999999989,3.9999999999995595,18,-3.5,SL_HIT,8.699999999999989,-3.5,SL_HIT,1.5,0.9,True
LONG_3.5_003,3.5,LONG,2024-01-15T11:48:00.000000000Z,12.099999999999334,4.100000000000215,17,-3.5,SL_HIT,8.599999999999334,-3.5,SL_HIT,1.5,0.9,True
LONG_3.5_003,3.5,LONG,2024-01-15T11:49:00.000000000Z,13.600000000000279,2.5999999999992696,15,3.5,TP_HIT,10.100000000000279,1.55,PARTIAL_PLUS_TP,1.5,0.9,False
LONG_3.5_003,3.5,LONG,2024-01-15T11:50:00.000000000Z,13.600000000000279,2.5999999999992696,14,3.5,TP_HIT,10.100000000000279,1.55,PARTIAL_PLUS_TP,1.5,0.9,False
LONG_3.5_003,3.5,LONG,2024-01-15T11:51:00.000000000Z,13.700000000000934,2.4999999999986144,13,3.5,TP_HIT,10.200000000000934,1.55,PARTIAL_PLUS_TP,1.5,0.9,False
LONG_3.5_003,3.5,LONG,2024-01-15T11:52:00.000000000Z,16.199999999999548,0.0,5,3.5,TP_HIT,12.699999999999548,1.55,PARTIAL_PLUS_TP,1.5,0.9,False
LONG_3.5_003,3.5,LONG,2024-01-15T11:53:00.000000000Z,15.600000000000058,0.0,4,3.5,TP_HIT,12.100000000000058,1.55,PARTIAL_PLUS_TP,1.5,0.9,False
LONG_3.5_003,3.5,LONG,2024-01-15T11:54:00.000000000Z,15.400000000000968,0.0,3,3.5,TP_HIT,11.900000000000968,1.55,PARTIAL_PLUS_TP,1.5,0.9,False
LONG_3.5_003,3.5,LONG,2024-01-15T11:55:00.000000000Z,15.100000000001224,0.0,3,3.5,TP_HIT,11.600000000001224,1.55,PARTIAL_PLUS_TP,1.5,0.9,False
LONG_3.5_003,3.5,LONG,2024-01-15T11:56:00.000000000Z,13.600000000000279,0.0,8,3.5,TP_HIT,10.100000000000279,1.55,PARTIAL_PLUS_TP,1.5,0.9,False
LONG_3.5_003,3.5,LONG,2024-01-15T11:57:00.000000000Z,11.900000000000244,1.500000000000945,8,3.5,TP_HIT,8.400000000000244,1.55,PARTIAL_PLUS_TP,1.5,0.9,False
LONG_3.5_003,3.5,LONG,2024-01-15T11:58:00.000000000Z,11.399999999999189,2.000000000002,11,3.5,TP_HIT,7.899999999999189,1.55,PARTIAL_PLUS_TP,1.5,0.9,False
LONG_3.5_003,3.5,LONG,2024-01-15T11:59:00.000000000Z,12.799999999999478,0.6000000000017103,6,3.5,TP_HIT,9.299999999999478,1.55,PARTIAL_PLUS_TP,1.5,0.9,False
LONG_3.5_003,3.5,LONG,2024-01-15T12:00:00.000000000Z,13.099999999999223,0.30000000000196536,5,3.5,TP_HIT,9.599999999999223,1.55,PARTIAL_PLUS_TP,1.5,0.9,False
LONG_3.5_003,3.5,LONG,2024-01-15T12:01:00.000000000Z,13.400000000001189,0.0,3,3.5,TP_HIT,9.900000000001189,1.55,PARTIAL_PLUS_TP,1.5,0.9,False
LONG_3.5_003,3.5,LONG,2024-01-15T12:02:00.000000000Z,13.199999999999878,0.20000000000131024,3,3.5,TP_HIT,9.699999999999878,1.55,PARTIAL_PLUS_TP,1.5,0.9,False
LONG_3.5_003,3.5,LONG,2024-01-15T12:03:00.000000000Z,13.400000000001189,0.0,1,3.5,TP_HIT,9.900000000001189,1.55,PARTIAL_PLUS_TP,1.5,0.9,False
LONG_3.5_003,3.5,LONG,2024-01-15T12:04:00.000000000Z,9.900000000000464,3.5000000000007248,7,3.5,TP_HIT,6.400000000000464,1.0000000000000002,PARTIAL_THEN_SL,1.5,0.9,False
LONG_3.5_003,3.5,LONG,2024-01-15T12:05:00.000000000Z,8.399999999999519,5.00000000000167,8,3.5,TP_HIT,4.899999999999519,1.0000000000000002,PARTIAL_THEN_SL,1.5,0.9,False
LONG_3.5_003,3.5,LONG,2024-01-15T12:06:00.000000000Z,8.699999999999264,4.700000000001925,7,3.5,TP_HIT,5.199999999999264,1.0000000000000002,PARTIAL_THEN_SL,1.5,0.9,False
LONG_3.5_003,3.5,LONG,2024-01-15T12:07:00.000000000Z,9.200000000000319,4.20000000000087,5,3.5,TP_HIT,5.700000000000319,1.0000000000000002,PARTIAL_THEN_SL,1.5,0.9,False
LONG_3.5_003,3.5,LONG,2024-01-15T12:08:00.000000000Z,8.799999999999919,4.60000000000127,5,3.5,TP_HIT,5.299999999999919,1.0000000000000002,PARTIAL_THEN_SL,1.5,0.9,False
LONG_3.5_003,3.5,LONG,2024-01-15T12:09:00.000000000Z,6.900000000000794,6.500000000000394,5,3.5,TP_HIT,3.4000000000007944,1.0000000000000002,PARTIAL_THEN_SL,1.5,0.9,False
LONG_3.5_003,3.5,LONG,2024-01-15T12:10:00.000000000Z,6.6000000000010495,6.800000000000139,7,3.5,TP_HIT,3.1000000000010495,1.0000000000000002,PARTIAL_THEN_SL,1.5,0.9,False
LONG_3.5_003,3.5,LONG,2024-01-15T12:11:00.000000000Z,6.200000000000649,7.200000000000539,6,3.5,TP_HIT,2.7000000000006494,1.0000000000000002,PARTIAL_THEN_SL,1.5,0.9,False
LONG_3.5_003,3.5,LONG,2024-01-15T12:12:00.000000000Z,5.5000000000005045,7.900000000000684,6,3.5,TP_HIT,2.0000000000005045,1.0000000000000002,PARTIAL_THEN_SL,1.5,0.9,False
LONG_3.5_003,3.5,LONG,2024-01-15T12:13:00.000000000Z,3.9999999999995595,9.40000000000163,28,-3.5,SL_HIT,0.49999999999955946,1.0000000000000002,PARTIAL_THEN_SL,1.5,0.9,True
LONG_3.5_003,3.5,LONG,2024-01-15T12:14:00.000000000Z,3.4000000000000696,10.000000000001119,101,-3.5,SL_HIT,0.0,1.0000000000000002,PARTIAL_THEN_SL,1.5,0.9,True
LONG_3.5_003,3.5,LONG,2024-01-15T12:15:00.000000000Z,3.4000000000000696,10.000000000001119,101,-3.5,SL_HIT,0.0,1.0000000000000002,PARTIAL_THEN_SL,1.5,0.9,True
LONG_3.5_003,3.5,LONG,2024-01-15T12:16:00.000000000Z,3.5000000000007248,9.900000000000464,25,-3.5,SL_HIT,7.247535904753022e-13,1.0000000000000002,PARTIAL_THEN_SL,1.5,0.9,True
LONG_3.5_003,3.5,LONG,2024-01-15T12:17:00.000000000Z,2.20000000000109,11.200000000000099,101,-3.5,SL_HIT,0.0,-3.5,SL_HIT,1.5,0.9,True
LONG_3.5_003,3.5,LONG,2024-01-15T12:18:00.000000000Z,1.5999999999993797,11.800000000001809,101,-3.5,SL_HIT,0.0,-3.5,SL_HIT,1.5,0.9,True
LONG_3.5_003,3.5,LONG,2024-01-15T12:19:00.000000000Z,3.900000000001125,9.500000000000064,22,-3.5,SL_HIT,0.4000000000011248,-3.5,SL_HIT,1.5,0.9,True
LONG_3.5_003,3.5,LONG,2024-01-15T12:20:00.000000000Z,3.8000000000004697,9.600000000000719,21,-3.5,SL_HIT,0.30000000000046967,-3.5,SL_HIT,1.5,0.9,True
LONG_3.5_003,3.5,LONG,2024-01-15T12:21:00.000000000Z,3.20000000000098,10.200000000000209,101,-3.5,SL_HIT,0.0,-3.5,SL_HIT,1.5,0.9,True
LONG_3.5_003,3.5,LONG,2024-01-15T12:22:00.000000000Z,4.20000000000087,9.200000000000319,19,-3.5,SL_HIT,0.7000000000008697,-3.5,SL_HIT,1.5,0.9,True
LONG_3.5_003,3.5,LONG,2024-01-15T12:23:00.000000000Z,5.800000000000249,7.600000000000939,18,-3.5,SL_HIT,2.3000000000002494,-3.5,SL_HIT,1.5,0.9,True
LONG_3.5_003,3.5,LONG,2024-01-15T12:24:00.000000000Z,6.200000000000649,7.200000000000539,16,-3.5,SL_HIT,2.7000000000006494,1.0000000000000002,PARTIAL_THEN_SL,1.5,0.9,True
LONG_3.5_003,3.5,LONG,2024-01-15T12:25:00.000000000Z,6.6000000000010495,7.999999999999119,15,-3.5,SL_HIT,3.1000000000010495,1.0000000000000002,PARTIAL_THEN_SL,1.5,0.9,True
LONG_3.5_003,3.5,LONG,2024-01-15T12:26:00.000000000Z,4.699999999999704,12.100000000001554,15,-3.5,SL_HIT,1.1999999999997044,-3.5,SL_HIT,1.5,0.9,True
LONG_3.5_003,3.5,LONG,2024-01-15T12:27:00.000000000Z,6.800000000000139,10.499999999999954,13,-3.5,SL_HIT,3.3000000000001393,-3.5,SL_HIT,1.5,0.9,True
LONG_3.5_003,3.5,LONG,2024-01-15T12:28:00.000000000Z,7.600000000000939,10.399999999999299,12,-3.5,SL_HIT,4.100000000000939,-3.5,SL_HIT,1.5,0.9,True
LONG_3.5_003,3.5,LONG,2024-01-15T12:29:00.000000000Z,7.600000000000939,10.399999999999299,11,-3.5,SL_HIT,4.100000000000939,-3.5,SL_HIT,1.5,0.9,True
LONG_3.5_003,3.5,LONG,2024-01-15T12:30:00.000000000Z,8.799999999999919,9.200000000000319,10,3.5,TP_HIT,5.299999999999919,1.0000000000000002,PARTIAL_THEN_SL,1.5,0.9,False
LONG_3.5_003,3.5,LONG,2024-01-15T12:31:00.000000000Z,9.00000000000123,8.999999999999009,9,3.5,TP_HIT,5.500000000001229,1.0000000000000002,PARTIAL_THEN_SL,1.5,0.9,False
LONG_3.5_003,3.5,LONG,2024-01-15T12:32:00.000000000Z,8.799999999999919,9.200000000000319,8,3.5,TP_HIT,5.299999999999919,1.0000000000000002,PARTIAL_THEN_SL,1.5,0.9,False
LONG_3.5_003,3.5,LONG,2024-01-15T12:33:00.000000000Z,11.200000000000099,6.800000000000139,1,3.5,TP_HIT,7.700000000000099,1.0000000000000002,PARTIAL_THEN_SL,1.5,0.9,False
LONG_3.5_003,3.5,LONG,2024-01-15T12:34:00.000000000Z,6.999999999999229,11.300000000000754,6,3.5,TP_HIT,3.499999999999229,1.0000000000000002,PARTIAL_THEN_SL,1.5,0.9,False
LONG_3.5_003,3.5,LONG,2024-01-15T12:35:00.000000000Z,7.999999999999119,10.300000000000864,5,3.5,TP_HIT,4.499999999999119,1.0000000000000002,PARTIAL_THEN_SL,1.5,0.9,False
LONG_3.5_003,3.5,LONG,2024-01-15T12:36:00.000000000Z,7.300000000001194,10.999999999998789,4,3.5,TP_HIT,3.8000000000011944,1.0000000000000002,PARTIAL_THEN_SL,1.5,0.9,False
LONG_3.5_003,3.5,LONG,2024-01-15T12:37:00.000000000Z,8.20000000000043,10.099999999999554,3,3.5,TP_HIT,4.700000000000429,1.0000000000000002,PARTIAL_THEN_SL,1.5,0.9,False
LONG_3.5_003,3.5,LONG,2024-01-15T12:38:00.000000000Z,10.200000000000209,8.099999999999774,1,3.5,TP_HIT,6.700000000000209,1.0000000000000002,PARTIAL_THEN_SL,1.5,0.9,False
LONG_3.5_003,3.5,LONG,2024-01-15T12:39:00.000000000Z,6.6000000000010495,12.199999999999989,1,3.5,TP_HIT,3.1000000000010495,1.0000000000000002,PARTIAL_THEN_SL,1.5,0.9,False
LONG_3.5_003,3.5,LONG,2024-01-15T12:40:00.000000000Z,2.5999999999992696,16.20000000000177,101,-3.5,SL_HIT,0.0,1.0000000000000002,PARTIAL_THEN_SL,1.5,0.9,True
LONG_3.5_003,3.5,LONG,2024-01-15T12:41:00.000000000Z,0.0,19.000000000000128,101,-3.5,SL_HIT,0.0,-3.5,SL_HIT,1.5,0.9,True
LONG_3.5_003,3.5,LONG,2024-01-15T12:42:00.000000000Z,1.7000000000000348,16.099999999998893,101,-3.5,SL_HIT,0.0,1.0000000000000002,PARTIAL_THEN_SL,1.5,0.9,True
LONG_3.5_003,3.5,LONG,2024-01-15T12:43:00.000000000Z,0.1999999999990898,17.599999999999838,101,-3.5,SL_HIT,0.0,-3.5,SL_HIT,1.5,0.9,True
LONG_3.5_003,3.5,LONG,2024-01-15T12:44:00.000000000Z,2.5999999999992696,15.199999999999658,101,-3.5,SL_HIT,0.0,1.0000000000000002,PARTIAL_THEN_SL,1.5,0.9,True
LONG_3.5_003,3.5,LONG,2024-01-15T12:45:00.000000000Z,2.7999999999983594,15.000000000000568,101,-3.5,SL_HIT,0.0,1.0000000000000002,PARTIAL_THEN_SL,1.5,0.9,True
LONG_3.5_003,3.5,LONG,2024-01-15T12:46:00.000000000Z,4.3999999999999595,13.399999999998968,4,3.5,TP_HIT,0.8999999999999595,1.0000000000000002,PARTIAL_THEN_SL,1.5,0.9,False
LONG_3.5_003,3.5,LONG,2024-01-15T12:47:00.000000000Z,3.4000000000000696,14.399999999998858,101,-3.5,SL_HIT,0.0,1.0000000000000002,PARTIAL_THEN_SL,1.5,0.9,True
LONG_3.5_003,3.5,LONG,2024-01-15T12:48:00.000000000Z,2.9999999999996696,14.799999999999258,101,-3.5,SL_HIT,0.0,1.0000000000000002,PARTIAL_THEN_SL,1.5,0.9,True
LONG_3.5_003,3.5,LONG,2024-01-15T12:49:00.000000000Z,1.5999999999993797,16.199999999999548,101,-3.5,SL_HIT,0.0,1.0000000000000002,PARTIAL_THEN_SL,1.5,0.9,True
LONG_3.5_003,3.5,LONG,2024-01-15T12:50:00.000000000Z,0.6999999999979245,17.100000000001003,101,-3.5,SL_HIT,0.0,-3.5,SL_HIT,1.5,0.9,True
LONG_3.5_004,3.5,LONG,2024-01-15T13:07:00.000000000Z,3.6999999999998145,9.600000000000719,28,-3.5,SL_HIT,0.19999999999981455,-3.5,SL_HIT,1.5,0.9,True
LONG_3.5_004,3.5,LONG,2024-01-15T13:08:00.000000000Z,5.1000000000001044,8.20000000000043,23,3.5,TP_HIT,1.6000000000001044,1.0000000000000002,PARTIAL_THEN_SL,1.5,0.9,False
LONG_3.5_004,3.5,LONG,2024-01-15T13:09:00.000000000Z,7.7000000000015945,5.599999999998939,8,3.5,TP_HIT,4.2000000000015945,1.0000000000000002,PARTIAL_THEN_SL,1.5,0.9,False
LONG_3.5_004,3.5,LONG,2024-01-15T13:10:00.000000000Z,5.9000000000009045,7.399999999999629,9,3.5,TP_HIT,2.4000000000009045,1.0000000000000002,PARTIAL_THEN_SL,1.5,0.9,False
LONG_3.5_004,3.5,LONG,2024-01-15T13:11:00.000000000Z,4.500000000000615,8.799999999999919,20,3.5,TP_HIT,1.0000000000006146,1.0000000000000002,PARTIAL_THEN_SL,1.5,0.9,False
LONG_3.5_004,3.5,LONG,2024-01-15T13:12:00.000000000Z,5.699999999999594,7.600000000000939,7,3.5,TP_HIT,2.1999999999995943,1.0000000000000002,PARTIAL_THEN_SL,1.5,0.9,False
LONG_3.5_004,3.5,LONG,2024-01-15T13:13:00.000000000Z,6.500000000000394,6.800000000000139,6,3.5,TP_HIT,3.0000000000003944,1.0000000000000002,PARTIAL_THEN_SL,1.5,0.9,False
LONG_3.5_004,3.5,LONG,2024-01-15T13:14:00.000000000Z,6.500000000000394,6.800000000000139,5,3.5,TP_HIT,3.0000000000003944,1.0000000000000002,PARTIAL_THEN_SL,1.5,0.9,False
LONG_3.5_004,3.5,LONG,2024-01-15T13:15:00.000000000Z,7.099999999999884,6.200000000000649,4,3.5,TP_HIT,3.599999999999884,1.0000000000000002,PARTIAL_THEN_SL,1.5,0.9,False
LONG_3.5_004,3.5,LONG,2024-01-15T13:16:00.000000000Z,4.900000000001015,8.399999999999519,15,3.5,TP_HIT,1.4000000000010147,1.0000000000000002,PARTIAL_THEN_SL,1.5,0.9,False
LONG_3.5_004,3.5,LONG,2024-01-15T13:17:00.000000000Z,3.900000000001125,9.399999999999409,18,3.5,TP_HIT,0.4000000000011248,1.0000000000000002,PARTIAL_THEN_SL,1.5,0.9,False
LONG_3.5_004,3.5,LONG,2024-01-15T13:18:00.000000000Z,3.9999999999995595,9.300000000000974,17,3.5,TP_HIT,0.49999999999955946,1.0000000000000002,PARTIAL_THEN_SL,1.5,0.9,False
LONG_3.5_004,3.5,LONG,2024-01-15T13:19:00.000000000Z,2.100000000000435,11.200000000000099,101,-3.5,SL_HIT,0.0,1.0000000000000002,PARTIAL_THEN_SL,1.5,0.9,True
LONG_3.5_004,3.5,LONG,2024-01-15T13:20:00.000000000Z,2.100000000000435,11.200000000000099,101,-3.5,SL_HIT,0.0,1.0000000000000002,PARTIAL_THEN_SL,1.5,0.9,True
LONG_3.5_004,3.5,LONG,2024-01-15T13:21:00.000000000Z,2.100000000000435,11.200000000000099,101,-3.5,SL_HIT,0.0,1.0000000000000002,PARTIAL_THEN_SL,1.5,0.9,True
LONG_3.5_004,3.5,LONG,2024-01-15T13:22:00.000000000Z,3.6999999999998145,9.600000000000719,13,3.5,TP_HIT,0.19999999999981455,1.0000000000000002,PARTIAL_THEN_SL,1.5,0.9,False
LONG_3.5_004,3.5,LONG,2024-01-15T13:23:00.000000000Z,3.6999999999998145,9.600000000000719,12,3.5,TP_HIT,0.19999999999981455,1.0000000000000002,PARTIAL_THEN_SL,1.5,0.9,False
LONG_3.5_004,3.5,LONG,2024-01-15T13:24:00.000000000Z,4.100000000000215,9.200000000000319,10,3.5,TP_HIT,0.6000000000002146,1.0000000000000002,PARTIAL_THEN_SL,1.5,0.9,False
LONG_3.5_004,3.5,LONG,2024-01-15T13:25:00.000000000Z,2.900000000001235,10.399999999999299,101,-3.5,SL_HIT,0.0,1.0000000000000002,PARTIAL_THEN_SL,1.5,0.9,True
LONG_3.5_004,3.5,LONG,2024-01-15T13:26:00.000000000Z,4.100000000000215,9.200000000000319,8,3.5,TP_HIT,0.6000000000002146,1.0000000000000002,PARTIAL_THEN_SL,1.5,0.9,False
LONG_3.5_004,3.5,LONG,2024-01-15T13:27:00.000000000Z,2.9999999999996696,10.300000000000864,101,-3.5,SL_HIT,0.0,1.0000000000000002,PARTIAL_THEN_SL,1.5,0.9,True
LONG_3.5_004,3.5,LONG,2024-01-15T13:28:00.000000000Z,5.1000000000001044,8.20000000000043,3,3.5,TP_HIT,1.6000000000001044,1.0000000000000002,PARTIAL_THEN_SL,1.5,0.9,False
LONG_3.5_004,3.5,LONG,2024-01-15T13:29:00.000000000Z,5.1000000000001044,8.20000000000043,2,3.5,TP_HIT,1.6000000000001044,1.0000000000000002,PARTIAL_THEN_SL,1.5,0.9,False
LONG_3.5_004,3.5,LONG,2024-01-15T13:30:00.000000000Z,2.500000000000835,10.799999999999699,101,-3.5,SL_HIT,0.0,1.0000000000000002,PARTIAL_THEN_SL,1.5,0.9,True
LONG_3.5_004,3.5,LONG,2024-01-15T13:31:00.000000000Z,0.9999999999998899,12.300000000000644,101,-3.5,SL_HIT,0.0,-3.5,SL_HIT,1.5,0.9,True
LONG_3.5_004,3.5,LONG,2024-01-15T13:32:00.000000000Z,0.9000000000014552,12.399999999999078,101,-3.5,SL_HIT,0.0,-3.5,SL_HIT,1.5,0.9,True
LONG_3.5_004,3.5,LONG,2024-01-15T13:33:00.000000000Z,1.2999999999996348,12.000000000000899,101,-3.5,SL_HIT,0.0,-3.5,SL_HIT,1.5,0.9,True
LONG_3.5_004,3.5,LONG,2024-01-15T13:34:00.000000000Z,0.5999999999994898,12.700000000001044,101,-3.5,SL_HIT,0.0,-3.5,SL_HIT,1.5,0.9,True
LONG_3.5_004,3.5,LONG,2024-01-15T13:35:00.000000000Z,0.0,13.300000000000534,101,-3.5,SL_HIT,0.0,-3.5,SL_HIT,1.5,0.9,True
LONG_3.5_005,3.5,LONG,2024-01-15T14:06:00.000000000Z,5.20000000000076,2.9999999999996696,61,3.5,TP_HIT,1.7000000000007596,1.55,PARTIAL_PLUS_TP,1.5,0.9,False
LONG_3.5_005,3.5,LONG,2024-01-15T14:07:00.000000000Z,5.699999999999594,2.500000000000835,58,3.5,TP_HIT,2.1999999999995943,1.55,PARTIAL_PLUS_TP,1.5,0.9,False
LONG_3.5_005,3.5,LONG,2024-01-15T14:08:00.000000000Z,6.399999999999739,1.80000000000069,52,3.5,TP_HIT,2.8999999999997392,1.55,PARTIAL_PLUS_TP,1.5,0.9,False
LONG_3.5_005,3.5,LONG,2024-01-15T14:09:00.000000000Z,5.399999999999849,2.80000000000058,58,3.5,TP_HIT,1.8999999999998494,1.55,PARTIAL_PLUS_TP,1.5,0.9,False
LONG_3.5_005,3.5,LONG,2024-01-15T14:10:00.000000000Z,6.500000000000394,1.9999999999997797,50,3.5,TP_HIT,3.0000000000003944,1.55,PARTIAL_PLUS_TP,1.5,0.9,False
LONG_3.5_005,3.5,LONG,2024-01-15T14:11:00.000000000Z,6.399999999999739,2.4000000000001798,54,3.5,TP_HIT,2.8999999999997392,1.55,PARTIAL_PLUS_TP,1.5,0.9,False
LONG_3.5_005,3.5,LONG,2024-01-15T14:12:00.000000000Z,6.599999999998829,2.20000000000109,48,3.5,TP_HIT,3.099999999998829,1.55,PARTIAL_PLUS_TP,1.5,0.9,False
LONG_3.5_005,3.5,LONG,2024-01-15T14:13:00.000000000Z,7.899999999998464,2.300000000001745,52,3.5,TP_HIT,4.399999999998464,1.55,PARTIAL_PLUS_TP,1.5,0.9,False
LONG_3.5_005,3.5,LONG,2024-01-15T14:14:00.000000000Z,9.299999999998754,1.500000000000945,16,3.5,TP_HIT,5.799999999998754,1.55,PARTIAL_PLUS_TP,1.5,0.9,False
LONG_3.5_005,3.5,LONG,2024-01-15T14:15:00.000000000Z,8.60000000000083,2.4000000000001798,50,3.5,TP_HIT,5.100000000000829,1.55,PARTIAL_PLUS_TP,1.5,0.9,False
LONG_3.5_005,3.5,LONG,2024-01-15T14:16:00.000000000Z,8.500000000000174,2.500000000000835,49,3.5,TP_HIT,5.000000000000174,1.55,PARTIAL_PLUS_TP,1.5,0.9,False
LONG_3.5_005,3.5,LONG,2024-01-15T14:17:00.000000000Z,8.40000000000174,3.4000000000000696,50,3.5,TP_HIT,4.900000000001739,1.55,PARTIAL_PLUS_TP,1.5,0.9,False
LONG_3.5_005,3.5,LONG,2024-01-15T14:18:00.000000000Z,10.40000000000152,1.9999999999997797,42,3.5,TP_HIT,6.900000000001519,1.55,PARTIAL_PLUS_TP,1.5,0.9,False
LONG_3.5_005,3.5,LONG,2024-01-15T14:19:00.000000000Z,11.400000000001409,0.9999999999998899,7,3.5,TP_HIT,7.900000000001409,1.55,PARTIAL_PLUS_TP,1.5,0.9,False
LONG_3.5_005,3.5,LONG,2024-01-15T14:20:00.000000000Z,11.499999999999844,0.9999999999998899,6,3.5,TP_HIT,7.999999999999844,1.55,PARTIAL_PLUS_TP,1.5,0.9,False
LONG_3.5_005,3.5,LONG,2024-01-15T14:21:00.000000000Z,11.699999999998933,0.8000000000008001,5,3.5,TP_HIT,8.199999999998933,1.55,PARTIAL_PLUS_TP,1.5,0.9,False
LONG_3.5_005,3.5,LONG,2024-01-15T14:22:00.000000000Z,9.999999999998899,2.500000000000835,43,3.5,TP_HIT,6.499999999998899,1.55,PARTIAL_PLUS_TP,1.5,0.9,False
LONG_3.5_005,3.5,LONG,2024-01-15T14:23:00.000000000Z,9.299999999998754,3.20000000000098,44,3.5,TP_HIT,5.799999999998754,1.55,PARTIAL_PLUS_TP,1.5,0.9,False
LONG_3.5_005,3.5,LONG,2024-01-15T14:24:00.000000000Z,8.299999999998864,4.20000000000087,62,3.5,TP_HIT,4.799999999998864,1.0000000000000002,PARTIAL_THEN_SL,1.5,0.9,False
LONG_3.5_005,3.5,LONG,2024-01-15T14:25:00.000000000Z,9.699999999999154,2.80000000000058,42,3.5,TP_HIT,6.199999999999154,1.55,PARTIAL_PLUS_TP,1.5,0.9,False
LONG_3.5_005,3.5,LONG,2024-01-15T14:26:00.000000000Z,7.800000000000029,4.699999999999704,60,-3.5,SL_HIT,4.300000000000029,1.0000000000000002,PARTIAL_THEN_SL,1.5,0.9,True
LONG_3.5_005,3.5,LONG,2024-01-15T14:27:00.000000000Z,8.099999999999774,4.3999999999999595,59,-3.5,SL_HIT,4.599999999999774,1.0000000000000002,PARTIAL_THEN_SL,1.5,0.9,True
LONG_3.5_005,3.5,LONG,2024-01-15T14:28:00.000000000Z,9.099999999999664,3.4000000000000696,39,3.5,TP_HIT,5.599999999999664,1.55,PARTIAL_PLUS_TP,1.5,0.9,False
LONG_3.5_005,3.5,LONG,2024-01-15T14:29:00.000000000Z,8.899999999998354,3.60000000000138,56,3.5,TP_HIT,5.399999999998354,1.0000000000000002,PARTIAL_THEN_SL,1.5,0.9,False
LONG_3.5_005,3.5,LONG,2024-01-15T14:30:00.000000000Z,7.299999999998974,5.20000000000076,81,-3.5,SL_HIT,3.799999999998974,1.0000000000000002,PARTIAL_THEN_SL,1.5,0.9,True
LONG_3.5_005,3.5,LONG,2024-01-15T14:31:00.000000000Z,8.299999999998864,4.20000000000087,55,3.5,TP_HIT,4.799999999998864,1.0000000000000002,PARTIAL_THEN_SL,1.5,0.9,False
LONG_3.5_005,3.5,LONG,2024-01-15T14:32:00.000000000Z,8.899999999998354,3.60000000000138,53,3.5,TP_HIT,5.399999999998354,1.0000000000000002,PARTIAL_THEN_SL,1.5,0.9,False
LONG_3.5_005,3.5,LONG,2024-01-15T14:33:00.000000000Z,8.299999999998864,4.20000000000087,53,3.5,TP_HIT,4.799999999998864,1.0000000000000002,PARTIAL_THEN_SL,1.5,0.9,False
LONG_3.5_005,3.5,LONG,2024-01-15T14:34:00.000000000Z,8.799999999999919,3.6999999999998145,51,3.5,TP_HIT,5.299999999999919,1.0000000000000002,PARTIAL_THEN_SL,1.5,0.9,False
LONG_3.5_005,3.5,LONG,2024-01-15T14:35:00.000000000Z,9.899999999998244,2.60000000000149,30,3.5,TP_HIT,6.3999999999982435,1.55,PARTIAL_PLUS_TP,1.5,0.9,False
LONG_3.5_005,3.5,LONG,2024-01-15T14:36:00.000000000Z,8.499999999997954,4.00000000000178,49,3.5,TP_HIT,4.999999999997954,1.0000000000000002,PARTIAL_THEN_SL,1.5,0.9,False
LONG_3.5_005,3.5,LONG,2024-01-15T14:37:00.000000000Z,9.899999999998244,2.60000000000149,28,3.5,TP_HIT,6.3999999999982435,1.55,PARTIAL_PLUS_TP,1.5,0.9,False
LONG_3.5_005,3.5,LONG,2024-01-15T14:38:00.000000000Z,8.799999999999919,3.6999999999998145,47,3.5,TP_HIT,5.299999999999919,1.0000000000000002,PARTIAL_THEN_SL,1.5,0.9,False
LONG_3.5_005,3.5,LONG,2024-01-15T14:39:00.000000000Z,7.899999999998464,4.60000000000127,47,-3.5,SL_HIT,4.399999999998464,1.0000000000000002,PARTIAL_THEN_SL,1.5,0.9,True
LONG_3.5_005,3.5,LONG,2024-01-15T14:40:00.000000000Z,7.899999999998464,4.60000000000127,46,-3.5,SL_HIT,4.399999999998464,1.0000000000000002,PARTIAL_THEN_SL,1.5,0.9,True
LONG_3.5_005,3.5,LONG,2024-01-15T14:41:00.000000000Z,7.899999999998464,4.60000000000127,45,-3.5,SL_HIT,4.399999999998464,1.0000000000000002,PARTIAL_THEN_SL,1.5,0.9,True
LONG_3.5_005,3.5,LONG,2024-01-15T14:42:00.000000000Z,8.099999999999774,4.3999999999999595,44,-3.5,SL_HIT,4.599999999999774,1.0000000000000002,PARTIAL_THEN_SL,1.5,0.9,True
LONG_3.5_005,3.5,LONG,2024-01-15T14:43:00.000000000Z,8.299999999998864,4.20000000000087,43,3.5,TP_HIT,4.799999999998864,1.0000000000000002,PARTIAL_THEN_SL,1.5,0.9,False
LONG_3.5_005,3.5,LONG,2024-01-15T14:44:00.000000000Z,7.999999999999119,4.500000000000615,42,-3.5,SL_HIT,4.499999999999119,1.0000000000000002,PARTIAL_THEN_SL,1.5,0.9,True
LONG_3.5_005,3.5,LONG,2024-01-15T14:45:00.000000000Z,7.899999999998464,4.60000000000127,41,-3.5,SL_HIT,4.399999999998464,1.0000000000000002,PARTIAL_THEN_SL,1.5,0.9,True
LONG_3.5_005,3.5,LONG,2024-01-15T14:46:00.000000000Z,9.299999999998754,3.20000000000098,21,3.5,TP_HIT,5.799999999998754,1.55,PARTIAL_PLUS_TP,1.5,0.9,False
LONG_3.5_005,3.5,LONG,2024-01-15T14:47:00.000000000Z,9.600000000000719,3.8000000000004697,38,3.5,TP_HIT,6.100000000000719,1.0000000000000002,PARTIAL_THEN_SL,1.5,0.9,False
LONG_3.5_005,3.5,LONG,2024-01-15T14:48:00.000000000Z,9.500000000000064,4.00000000000178,37,3.5,TP_HIT,6.000000000000064,1.0000000000000002,PARTIAL_THEN_SL,1.5,0.9,False
LONG_3.5_005,3.5,LONG,2024-01-15T14:49:00.000000000Z,11.000000000001009,3.1000000000003247,18,3.5,TP_HIT,7.500000000001009,1.55,PARTIAL_PLUS_TP,1.5,0.9,False
LONG_3.5_005,3.5,LONG,2024-01-15T14:50:00.000000000Z,11.600000000000499,2.500000000000835,15,3.5,TP_HIT,8.100000000000499,1.55,PARTIAL_PLUS_TP,1.5,0.9,False
LONG_3.5_005,3.5,LONG,2024-01-15T14:51:00.000000000Z,11.499999999999844,2.60000000000149,14,3.5,TP_HIT,7.999999999999844,1.55,PARTIAL_PLUS_TP,1.5,0.9,False
LONG_3.5_005,3.5,LONG,2024-01-15T14:52:00.000000000Z,11.700000000001154,2.4000000000001798,13,3.5,TP_HIT,8.200000000001154,1.55,PARTIAL_PLUS_TP,1.5,0.9,False
LONG_3.5_005,3.5,LONG,2024-01-15T14:53:00.000000000Z,11.499999999999844,2.60000000000149,12,3.5,TP_HIT,7.999999999999844,1.55,PARTIAL_PLUS_TP,1.5,0.9,False
LONG_3.5_005,3.5,LONG,2024-01-15T14:54:00.000000000Z,11.700000000001154,2.4000000000001798,11,3.5,TP_HIT,8.200000000001154,1.55,PARTIAL_PLUS_TP,1.5,0.9,False
LONG_3.5_005,3.5,LONG,2024-01-15T14:55:00.000000000Z,10.900000000000354,3.20000000000098,12,3.5,TP_HIT,7.400000000000354,1.55,PARTIAL_PLUS_TP,1.5,0.9,False
LONG_3.5_005,3.5,LONG,2024-01-15T14:56:00.000000000Z,10.000000000001119,4.100000000000215,29,3.5,TP_HIT,6.500000000001119,1.0000000000000002,PARTIAL_THEN_SL,1.5,0.9,False
LONG_3.5_005,3.5,LONG,2024-01-15T14:57:00.000000000Z,8.900000000000574,5.20000000000076,54,-3.5,SL_HIT,5.400000000000574,1.0000000000000002,PARTIAL_THEN_SL,1.5,0.9,True
LONG_3.5_005,3.5,LONG,2024-01-15T14:58:00.000000000Z,9.500000000000064,4.60000000000127,28,-3.5,SL_HIT,6.000000000000064,1.0000000000000002,PARTIAL_THEN_SL,1.5,0.9,True
LONG_3.5_005,3.5,LONG,2024-01-15T14:59:00.000000000Z,9.099999999999664,5.00000000000167,52,-3.5,SL_HIT,5.599999999999664,1.0000000000000002,PARTIAL_THEN_SL,1.5,0.9,True
LONG_3.5_005,3.5,LONG,2024-01-15T15:00:00.000000000Z,8.300000000001084,5.800000000000249,53,-3.5,SL_HIT,4.800000000001084,-3.5,SL_HIT,1.5,0.9,True
LONG_3.5_005,3.5,LONG,2024-01-15T15:01:00.000000000Z,10.300000000000864,3.8000000000004697,24,3.5,TP_HIT,6.800000000000864,1.0000000000000002,PARTIAL_THEN_SL,1.5,0.9,False
LONG_3.5_005,3.5,LONG,2024-01-15T15:02:00.000000000Z,10.700000000001264,3.4000000000000696,5,3.5,TP_HIT,7.200000000001264,1.55,PARTIAL_PLUS_TP,1.5,0.9,False
LONG_3.5_005,3.5,LONG,2024-01-15T15:03:00.000000000Z,10.000000000001119,4.100000000000215,22,3.5,TP_HIT,6.500000000001119,1.0000000000000002,PARTIAL_THEN_SL,1.5,0.9,False
LONG_3.5_005,3.5,LONG,2024-01-15T15:04:00.000000000Z,8.700000000001484,5.399999999999849,49,-3.5,SL_HIT,5.200000000001484,1.0000000000000002,PARTIAL_THEN_SL,1.5,0.9,True
LONG_3.5_005,3.5,LONG,2024-01-15T15:05:00.000000000Z,7.900000000000684,6.200000000000649,48,-3.5,SL_HIT,4.400000000000684,-3.5,SL_HIT,1.5,0.9,True
LONG_3.5_005,3.5,LONG,2024-01-15T15:06:00.000000000Z,8.00000000000134,6.099999999999994,47,-3.5,SL_HIT,4.500000000001339,-3.5,SL_HIT,1.5,0.9,True
LONG_3.5_005,3.5,LONG,2024-01-15T15:07:00.000000000Z,7.099999999999884,7.0000000000014495,47,-3.5,SL_HIT,3.599999999999884,-3.5,SL_HIT,1.5,0.9,True
LONG_3.5_005,3.5,LONG,2024-01-15T15:08:00.000000000Z,8.00000000000134,6.099999999999994,45,-3.5,SL_HIT,4.500000000001339,-3.5,SL_HIT,1.5,0.9,True
LONG_3.5_005,3.5,LONG,2024-01-15T15:09:00.000000000Z,8.20000000000043,5.9000000000009045,44,-3.5,SL_HIT,4.700000000000429,-3.5,SL_HIT,1.5,0.9,True
LONG_3.5_005,3.5,LONG,2024-01-15T15:10:00.000000000Z,9.00000000000123,5.1000000000001044,41,-3.5,SL_HIT,5.500000000001229,-3.5,SL_HIT,1.5,0.9,True
LONG_3.5_005,3.5,LONG,2024-01-15T15:11:00.000000000Z,10.700000000001264,3.4000000000000696,14,3.5,TP_HIT,7.200000000001264,1.55,PARTIAL_PLUS_TP,1.5,0.9,False
LONG_3.5_005,3.5,LONG,2024-01-15T15:12:00.000000000Z,13.300000000000534,0.8000000000008001,10,3.5,TP_HIT,9.800000000000534,1.55,PARTIAL_PLUS_TP,1.5,0.9,False
LONG_3.5_005,3.5,LONG,2024-01-15T15:13:00.000000000Z,11.499999999999844,2.60000000000149,12,3.5,TP_HIT,7.999999999999844,1.55,PARTIAL_PLUS_TP,1.5,0.9,False
LONG_3.5_005,3.5,LONG,2024-01-15T15:14:00.000000000Z,11.400000000001409,2.6999999999999247,11,3.5,TP_HIT,7.900000000001409,1.55,PARTIAL_PLUS_TP,1.5,0.9,False
LONG_3.5_005,3.5,LONG,2024-01-15T15:15:00.000000000Z,10.600000000000609,3.5000000000007248,10,3.5,TP_HIT,7.100000000000609,1.0000000000000002,PARTIAL_THEN_SL,1.5,0.9,False
LONG_3.5_005,3.5,LONG,2024-01-15T15:16:00.000000000Z,10.099999999999554,4.00000000000178,9,3.5,TP_HIT,6.599999999999554,1.0000000000000002,PARTIAL_THEN_SL,1.5,0.9,False
LONG_3.5_005,3.5,LONG,2024-01-15T15:17:00.000000000Z,11.100000000001664,2.9999999999996696,8,3.5,TP_HIT,7.600000000001664,1.55,PARTIAL_PLUS_TP,1.5,0.9,False
LONG_3.5_005,3.5,LONG,2024-01-15T15:18:00.000000000Z,11.300000000000754,2.80000000000058,7,3.5,TP_HIT,7.800000000000754,1.55,PARTIAL_PLUS_TP,1.5,0.9,False
LONG_3.5_005,3.5,LONG,2024-01-15T15:19:00.000000000Z,11.300000000000754,2.80000000000058,6,3.5,TP_HIT,7.800000000000754,1.55,PARTIAL_PLUS_TP,1.5,0.9,False
LONG_3.5_005,3.5,LONG,2024-01-15T15:20:00.000000000Z,11.600000000000499,2.500000000000835,5,3.5,TP_HIT,8.100000000000499,1.55,PARTIAL_PLUS_TP,1.5,0.9,False
LONG_3.5_005,3.5,LONG,2024-01-15T15:21:00.000000000Z,11.499999999999844,2.60000000000149,4,3.5,TP_HIT,7.999999999999844,1.55,PARTIAL_PLUS_TP,1.5,0.9,False
LONG_3.5_005,3.5,LONG,2024-01-15T15:22:00.000000000Z,9.300000000000974,4.8000000000003595,28,-3.5,SL_HIT,5.800000000000974,1.0000000000000002,PARTIAL_THEN_SL,1.5,0.9,True
LONG_3.5_005,3.5,LONG,2024-01-15T15:23:00.000000000Z,11.100000000001664,2.9999999999996696,2,3.5,TP_HIT,7.600000000001664,1.55,PARTIAL_PLUS_TP,1.5,0.9,False
LONG_3.5_005,3.5,LONG,2024-01-15T15:24:00.000000000Z,9.099999999999664,5.00000000000167,27,-3.5,SL_HIT,5.599999999999664,1.0000000000000002,PARTIAL_THEN_SL,1.5,0.9,True
LONG_3.5_005,3.5,LONG,2024-01-15T15:25:00.000000000Z,6.500000000000394,7.600000000000939,32,-3.5,SL_HIT,3.0000000000003944,-3.5,SL_HIT,1.5,0.9,True
LONG_3.5_005,3.5,LONG,2024-01-15T15:26:00.000000000Z,5.9000000000009045,8.20000000000043,31,-3.5,SL_HIT,2.4000000000009045,-3.5,SL_HIT,1.5,0.9,True
LONG_3.5_005,3.5,LONG,2024-01-15T15:27:00.000000000Z,7.7000000000015945,6.399999999999739,26,-3.5,SL_HIT,4.2000000000015945,-3.5,SL_HIT,1.5,0.9,True
LONG_3.5_005,3.5,LONG,2024-01-15T15:28:00.000000000Z,8.099999999999774,6.00000000000156,25,-3.5,SL_HIT,4.599999999999774,-3.5,SL_HIT,1.5,0.9,True
LONG_3.5_005,3.5,LONG,2024-01-15T15:29:00.000000000Z,7.200000000000539,6.900000000000794,25,-3.5,SL_HIT,3.7000000000005393,-3.5,SL_HIT,1.5,0.9,True
LONG_3.5_005,3.5,LONG,2024-01-15T15:30:00.000000000Z,9.500000000000064,4.60000000000127,20,-3.5,SL_HIT,6.000000000000064,-3.5,SL_HIT,1.5,0.9,True
LONG_3.5_005,3.5,LONG,2024-01-15T15:31:00.000000000Z,10.099999999999554,4.00000000000178,19,-3.5,SL_HIT,6.599999999999554,-3.5,SL_HIT,1.5,0.9,True
LONG_3.5_005,3.5,LONG,2024-01-15T15:32:00.000000000Z,10.300000000000864,3.8000000000004697,18,-3.5,SL_HIT,6.800000000000864,-3.5,SL_HIT,1.5,0.9,True
LONG_3.5_005,3.5,LONG,2024-01-15T15:33:00.000000000Z,10.799999999999699,3.300000000001635,17,3.5,TP_HIT,7.299999999999699,1.55,PARTIAL_PLUS_TP,1.5,0.9,False
LONG_3.5_005,3.5,LONG,2024-01-15T15:34:00.000000000Z,11.100000000001664,2.9999999999996696,16,3.5,TP_HIT,7.600000000001664,1.55,PARTIAL_PLUS_TP,1.5,0.9,False
LONG_3.5_005,3.5,LONG,2024-01-15T15:35:00.000000000Z,11.600000000000499,2.500000000000835,14,3.5,TP_HIT,8.100000000000499,1.55,PARTIAL_PLUS_TP,1.5,0.9,False
LONG_3.5_005,3.5,LONG,2024-01-15T15:36:00.000000000Z,12.499999999999734,1.6000000000016001,13,3.5,TP_HIT,8.999999999999734,1.55,PARTIAL_PLUS_TP,1.5,0.9,False
LONG_3.5_005,3.5,LONG,2024-01-15T15:37:00.000000000Z,13.800000000001589,0.2999999999997449,8,3.5,TP_HIT,10.300000000001589,1.55,PARTIAL_PLUS_TP,1.5,0.9,False
LONG_3.5_005,3.5,LONG,2024-01-15T15:38:00.000000000Z,14.100000000001334,0.0,7,3.5,TP_HIT,10.600000000001334,1.55,PARTIAL_PLUS_TP,1.5,0.9,False
LONG_3.5_005,3.5,LONG,2024-01-15T15:39:00.000000000Z,13.900000000000023,0.0,6,3.5,TP_HIT,10.400000000000023,1.55,PARTIAL_PLUS_TP,1.5,0.9,False
LONG_3.5_005,3.5,LONG,2024-01-15T15:40:00.000000000Z,13.199999999999878,0.0,5,3.5,TP_HIT,9.699999999999878,1.55,PARTIAL_PLUS_TP,1.5,0.9,False
LONG_3.5_005,3.5,LONG,2024-01-15T15:41:00.000000000Z,13.100000000001444,0.0,4,3.5,TP_HIT,9.600000000001444,1.55,PARTIAL_PLUS_TP,1.5,0.9,False
LONG_3.5_005,3.5,LONG,2024-01-15T15:42:00.000000000Z,11.499999999999844,1.100000000000545,8,3.5,TP_HIT,7.999999999999844,1.55,PARTIAL_PLUS_TP,1.5,0.9,False
LONG_3.5_005,3.5,LONG,2024-01-15T15:43:00.000000000Z,12.600000000000389,0.0,5,3.5,TP_HIT,9.100000000000389,1.55,PARTIAL_PLUS_TP,1.5,0.9,False
LONG_3.5_005,3.5,LONG,2024-01-15T15:44:00.000000000Z,11.100000000001664,0.0,6,3.5,TP_HIT,7.600000000001664,1.55,PARTIAL_PLUS_TP,1.5,0.9,False
LONG_3.5_005,3.5,LONG,2024-01-15T15:45:00.000000000Z,9.500000000000064,1.500000000000945,5,3.5,TP_HIT,6.000000000000064,1.55,PARTIAL_PLUS_TP,1.5,0.9,False
LONG_3.5_005,3.5,LONG,2024-01-15T15:46:00.000000000Z,11.000000000001009,0.0,4,3.5,TP_HIT,7.500000000001009,1.55,PARTIAL_PLUS_TP,1.5,0.9,False
LONG_3.5_005,3.5,LONG,2024-01-15T15:47:00.000000000Z,10.200000000000209,0.0,3,3.5,TP_HIT,6.700000000000209,1.55,PARTIAL_PLUS_TP,1.5,0.9,False
LONG_3.5_005,3.5,LONG,2024-01-15T15:48:00.000000000Z,9.099999999999664,0.0,3,3.5,TP_HIT,5.599999999999664,1.55,PARTIAL_PLUS_TP,1.5,0.9,False
LONG_3.5_005,3.5,LONG,2024-01-15T15:49:00.000000000Z,8.099999999999774,0.0,4,3.5,TP_HIT,4.599999999999774,1.55,PARTIAL_PLUS_TP,1.5,0.9,False
LONG_3.5_005,3.5,LONG,2024-01-15T15:50:00.000000000Z,5.60000000000116,0.0,8,3.5,TP_HIT,2.1000000000011596,1.55,PARTIAL_PLUS_TP,1.5,0.9,False
LONG_3.5_005,3.5,LONG,2024-01-15T15:51:00.000000000Z,5.300000000001415,0.09999999999843467,7,3.5,TP_HIT,1.8000000000014147,1.55,PARTIAL_PLUS_TP,1.5,0.9,False
LONG_3.5_005,3.5,LONG,2024-01-15T15:52:00.000000000Z,5.300000000001415,0.09999999999843467,6,3.5,TP_HIT,1.8000000000014147,1.55,PARTIAL_PLUS_TP,1.5,0.9,False
LONG_3.5_005,3.5,LONG,2024-01-15T15:53:00.000000000Z,3.900000000001125,1.4999999999987246,36,3.5,TP_HIT,0.4000000000011248,1.55,PARTIAL_PLUS_TP,1.5,0.9,False
LONG_3.5_005,3.5,LONG,2024-01-15T15:54:00.000000000Z,3.300000000001635,2.0999999999982144,101,-1.7999999999984695,TIMEOUT,0.0,1.35,PARTIAL_ONLY,1.5,0.9,False
LONG_3.5_005,3.5,LONG,2024-01-15T15:55:00.000000000Z,3.1000000000003247,2.2999999999995246,101,-1.9999999999997797,TIMEOUT,0.0,1.35,PARTIAL_ONLY,1.5,0.9,False
LONG_3.5_005,3.5,LONG,2024-01-15T15:56:00.000000000Z,3.5000000000007248,1.8999999999991246,33,3.5,TP_HIT,7.247535904753022e-13,1.55,PARTIAL_PLUS_TP,1.5,0.9,False
LONG_3.5_005,3.5,LONG,2024-01-15T15:57:00.000000000Z,2.2999999999995246,3.1000000000003247,101,-2.80000000000058,TIMEOUT,0.0,1.35,PARTIAL_ONLY,1.5,0.9,False
LONG_3.5_005,3.5,LONG,2024-01-15T15:58:00.000000000Z,1.7000000000000348,3.6999999999998145,101,-3.5,SL_HIT,0.0,1.0000000000000002,PARTIAL_THEN_SL,1.5,0.9,True
LONG_3.5_005,3.5,LONG,2024-01-15T15:59:00.000000000Z,2.6999999999999247,2.6999999999999247,101,-2.4000000000001798,TIMEOUT,0.0,1.35,PARTIAL_ONLY,1.5,0.9,False
LONG_3.5_005,3.5,LONG,2024-01-15T16:00:00.000000000Z,1.6000000000016001,3.7999999999982492,101,-3.5,SL_HIT,0.0,1.0000000000000002,PARTIAL_THEN_SL,1.5,0.9,True
LONG_3.5_005,3.5,LONG,2024-01-15T16:01:00.000000000Z,1.6000000000016001,3.7999999999982492,101,-3.5,SL_HIT,0.0,1.0000000000000002,PARTIAL_THEN_SL,1.5,0.9,True
LONG_3.5_005,3.5,LONG,2024-01-15T16:02:00.000000000Z,1.9999999999997797,3.4000000000000696,101,-3.1000000000003247,TIMEOUT,0.0,1.35,PARTIAL_ONLY,1.5,0.9,False
LONG_3.5_005,3.5,LONG,2024-01-15T16:03:00.000000000Z,3.1000000000003247,2.2999999999995246,101,-1.9999999999997797,TIMEOUT,0.0,1.35,PARTIAL_ONLY,1.5,0.9,False
LONG_3.5_005,3.5,LONG,2024-01-15T16:04:00.000000000Z,4.100000000000215,1.2999999999996348,24,3.5,TP_HIT,0.6000000000002146,1.55,PARTIAL_PLUS_TP,1.5,0.9,False
LONG_3.5_005,3.5,LONG,2024-01-15T16:05:00.000000000Z,3.6999999999998145,1.7000000000000348,24,3.5,TP_HIT,0.19999999999981455,1.55,PARTIAL_PLUS_TP,1.5,0.9,False
LONG_3.5_005,3.5,LONG,2024-01-15T16:06:00.000000000Z,3.4000000000000696,1.9999999999997797,101,-1.7000000000000348,TIMEOUT,0.0,1.35,PARTIAL_ONLY,1.5,0.9,False
LONG_3.5_005,3.5,LONG,2024-01-15T16:07:00.000000000Z,3.5000000000007248,1.8999999999991246,22,3.5,TP_HIT,7.247535904753022e-13,1.55,PARTIAL_PLUS_TP,1.5,0.9,False
LONG_3.5_005,3.5,LONG,2024-01-15T16:08:00.000000000Z,3.60000000000138,1.7999999999984695,21,3.5,TP_HIT,0.10000000000137987,1.55,PARTIAL_PLUS_TP,1.5,0.9,False
LONG_3.5_005,3.5,LONG,2024-01-15T16:09:00.000000000Z,3.5000000000007248,1.8999999999991246,20,3.5,TP_HIT,7.247535904753022e-13,1.55,PARTIAL_PLUS_TP,1.5,0.9,False
LONG_3.5_005,3.5,LONG,2024-01-15T16:10:00.000000000Z,2.80000000000058,2.5999999999992696,101,-2.2999999999995246,TIMEOUT,0.0,1.35,PARTIAL_ONLY,1.5,0.9,False
LONG_3.5_005,3.5,LONG,2024-01-15T16:11:00.000000000Z,3.6999999999998145,1.7000000000000348,18,3.5,TP_HIT,0.19999999999981455,1.55,PARTIAL_PLUS_TP,1.5,0.9,False
LONG_3.5_005,3.5,LONG,2024-01-15T16:12:00.000000000Z,3.60000000000138,1.7999999999984695,17,3.5,TP_HIT,0.10000000000137987,1.55,PARTIAL_PLUS_TP,1.5,0.9,False
LONG_3.5_005,3.5,LONG,2024-01-15T16:13:00.000000000Z,4.699999999999704,0.700000000000145,14,3.5,TP_HIT,1.1999999999997044,1.55,PARTIAL_PLUS_TP,1.5,0.9,False
LONG_3.5_005,3.5,LONG,2024-01-15T16:14:00.000000000Z,3.6999999999998145,1.7000000000000348,15,3.5,TP_HIT,0.19999999999981455,1.55,PARTIAL_PLUS_TP,1.5,0.9,False
LONG_3.5_005,3.5,LONG,2024-01-15T16:15:00.000000000Z,2.900000000001235,2.4999999999986144,101,-2.1999999999988695,TIMEOUT,0.0,1.35,PARTIAL_ONLY,1.5,0.9,False
LONG_3.5_005,3.5,LONG,2024-01-15T16:16:00.000000000Z,3.9999999999995595,1.40000000000029,13,3.5,TP_HIT,0.49999999999955946,1.55,PARTIAL_PLUS_TP,1.5,0.9,False
LONG_3.5_005,3.5,LONG,2024-01-15T16:17:00.000000000Z,3.300000000001635,2.0999999999982144,101,-1.7999999999984695,TIMEOUT,0.0,1.35,PARTIAL_ONLY,1.5,0.9,False
LONG_3.5_005,3.5,LONG,2024-01-15T16:18:00.000000000Z,4.300000000001525,1.0999999999983245,9,3.5,TP_HIT,0.8000000000015248,1.55,PARTIAL_PLUS_TP,1.5,0.9,False
LONG_3.5_005,3.5,LONG,2024-01-15T16:19:00.000000000Z,5.1000000000001044,0.2999999999997449,8,3.5,TP_HIT,1.6000000000001044,1.55,PARTIAL_PLUS_TP,1.5,0.9,False
LONG_3.5_005,3.5,LONG,2024-01-15T16:20:00.000000000Z,5.1000000000001044,0.2999999999997449,7,3.5,TP_HIT,1.6000000000001044,1.55,PARTIAL_PLUS_TP,1.5,0.9,False
LONG_3.5_005,3.5,LONG,2024-01-15T16:21:00.000000000Z,4.3999999999999595,0.9999999999998899,6,3.5,TP_HIT,0.8999999999999595,1.55,PARTIAL_PLUS_TP,1.5,0.9,False
LONG_3.5_005,3.5,LONG,2024-01-15T16:22:00.000000000Z,4.100000000000215,1.2999999999996348,6,3.5,TP_HIT,0.6000000000002146,1.55,PARTIAL_PLUS_TP,1.5,0.9,False
LONG_3.5_005,3.5,LONG,2024-01-15T16:23:00.000000000Z,2.9999999999996696,2.4000000000001798,101,-2.100000000000435,TIMEOUT,0.0,1.35,PARTIAL_ONLY,1.5,0.9,False
LONG_3.5_005,3.5,LONG,2024-01-15T16:24:00.000000000Z,3.5000000000007248,1.8999999999991246,5,3.5,TP_HIT,7.247535904753022e-13,1.55,PARTIAL_PLUS_TP,1.5,0.9,False
LONG_3.5_005,3.5,LONG,2024-01-15T16:25:00.000000000Z,3.60000000000138,1.7999999999984695,4,3.5,TP_HIT,0.10000000000137987,1.55,PARTIAL_PLUS_TP,1.5,0.9,False
LONG_3.5_005,3.5,LONG,2024-01-15T16:26:00.000000000Z,3.1000000000003247,2.2999999999995246,101,-1.9999999999997797,TIMEOUT,0.0,1.35,PARTIAL_ONLY,1.5,0.9,False
LONG_3.5_005,3.5,LONG,2024-01-15T16:27:00.000000000Z,0.700000000000145,4.699999999999704,101,-3.5,SL_HIT,0.0,-3.5,SL_HIT,1.5,0.9,True
LONG_3.5_005,3.5,LONG,2024-01-15T16:28:00.000000000Z,0.5999999999994898,4.8000000000003595,101,-3.5,SL_HIT,0.0,-3.5,SL_HIT,1.5,0.9,True
LONG_3.5_005,3.5,LONG,2024-01-15T16:29:00.000000000Z,0.0,5.399999999999849,101,-3.5,SL_HIT,0.0,-3.5,SL_HIT,1.5,0.9,True
SHORT_3.5_001,3.5,SHORT,2024-01-15T08:00:00.000000000Z,11.699999999998933,6.800000000000139,77,-3.5,SL_HIT,8.199999999998933,-3.5,SL_HIT,3.0483870967741935,0.3936507936507937,True
SHORT_3.5_001,3.5,SHORT,2024-01-15T08:01:00.000000000Z,11.899999999998023,6.6000000000010495,75,-3.5,SL_HIT,8.399999999998023,-3.5,SL_HIT,3.0483870967741935,0.3936507936507937,True
SHORT_3.5_001,3.5,SHORT,2024-01-15T08:02:00.000000000Z,13.099999999999223,5.399999999999849,60,-3.5,SL_HIT,9.599999999999223,-3.5,SL_HIT,3.0483870967741935,0.3936507936507937,True
SHORT_3.5_001,3.5,SHORT,2024-01-15T08:03:00.000000000Z,15.099999999999003,3.4000000000000696,58,3.5,TP_HIT,11.599999999999003,1.4738351254480289,PARTIAL_PLUS_TP,3.0483870967741935,0.3936507936507937,False
SHORT_3.5_001,3.5,SHORT,2024-01-15T08:04:00.000000000Z,14.499999999999513,3.9999999999995595,57,-3.5,SL_HIT,10.999999999999513,-3.5,SL_HIT,3.0483870967741935,0.3936507936507937,True
SHORT_3.5_001,3.5,SHORT,2024-01-15T08:05:00.000000000Z,14.999999999998348,3.5000000000007248,56,-3.5,SL_HIT,11.499999999998348,-3.5,SL_HIT,3.0483870967741935,0.3936507936507937,True
SHORT_3.5_001,3.5,SHORT,2024-01-15T08:06:00.000000000Z,14.199999999999768,4.299999999999304,56,-3.5,SL_HIT,10.699999999999768,-3.5,SL_HIT,3.0483870967741935,0.3936507936507937,True
SHORT_3.5_001,3.5,SHORT,2024-01-15T08:07:00.000000000Z,13.600000000000279,5.699999999999594,55,-3.5,SL_HIT,10.100000000000279,-3.5,SL_HIT,3.0483870967741935,0.3936507936507937,True
SHORT_3.5_001,3.5,SHORT,2024-01-15T08:08:00.000000000Z,15.600000000000058,3.6999999999998145,53,-3.5,SL_HIT,12.100000000000058,-3.5,SL_HIT,3.0483870967741935,0.3936507936507937,True
SHORT_3.5_001,3.5,SHORT,2024-01-15T08:09:00.000000000Z,17.700000000000493,1.5999999999993797,23,3.5,TP_HIT,14.200000000000493,1.4738351254480289,PARTIAL_PLUS_TP,3.0483870967741935,0.3936507936507937,False
SHORT_3.5_001,3.5,SHORT,2024-01-15T08:10:00.000000000Z,17.700000000000493,1.5999999999993797,22,3.5,TP_HIT,14.200000000000493,1.4738351254480289,PARTIAL_PLUS_TP,3.0483870967741935,0.3936507936507937,False
SHORT_3.5_001,3.5,SHORT,2024-01-15T08:11:00.000000000Z,19.100000000000783,0.1999999999990898,19,3.5,TP_HIT,15.600000000000783,1.4738351254480289,PARTIAL_PLUS_TP,3.0483870967741935,0.3936507936507937,False
SHORT_3.5_001,3.5,SHORT,2024-01-15T08:12:00.000000000Z,17.000000000000348,2.2999999999995246,48,3.5,TP_HIT,13.500000000000348,1.4738351254480289,PARTIAL_PLUS_TP,3.0483870967741935,0.3936507936507937,False
SHORT_3.5_001,3.5,SHORT,2024-01-15T08:13:00.000000000Z,16.899999999999693,2.4000000000001798,47,3.5,TP_HIT,13.399999999999693,1.4738351254480289,PARTIAL_PLUS_TP,3.0483870967741935,0.3936507936507937,False
SHORT_3.5_001,3.5,SHORT,2024-01-15T08:14:00.000000000Z,18.700000000000383,0.5999999999994898,16,3.5,TP_HIT,15.200000000000383,1.4738351254480289,PARTIAL_PLUS_TP,3.0483870967741935,0.3936507936507937,False
SHORT_3.5_001,3.5,SHORT,2024-01-15T08:15:00.000000000Z,19.100000000000783,0.1999999999990898,15,3.5,TP_HIT,15.600000000000783,1.4738351254480289,PARTIAL_PLUS_TP,3.0483870967741935,0.3936507936507937,False
SHORT_3.5_001,3.5,SHORT,2024-01-15T08:16:00.000000000Z,15.799999999999148,3.5000000000007248,45,-3.5,SL_HIT,12.299999999999148,-3.5,SL_HIT,3.0483870967741935,0.3936507936507937,True
SHORT_3.5_001,3.5,SHORT,2024-01-15T08:17:00.000000000Z,16.700000000000603,2.5999999999992696,43,3.5,TP_HIT,13.200000000000603,1.4738351254480289,PARTIAL_PLUS_TP,3.0483870967741935,0.3936507936507937,False
SHORT_3.5_001,3.5,SHORT,2024-01-15T08:18:00.000000000Z,16.499999999999293,2.80000000000058,42,3.5,TP_HIT,12.999999999999293,1.4738351254480289,PARTIAL_PLUS_TP,3.0483870967741935,0.3936507936507937,False
SHORT_3.5_001,3.5,SHORT,2024-01-15T08:19:00.000000000Z,16.700000000000603,2.5999999999992696,41,3.5,TP_HIT,13.200000000000603,1.4738351254480289,PARTIAL_PLUS_TP,3.0483870967741935,0.3936507936507937,False
SHORT_3.5_001,3.5,SHORT,2024-01-15T08:20:00.000000000Z,16.299999999997983,3.20000000000098,41,3.5,TP_HIT,12.799999999997983,1.4738351254480289,PARTIAL_PLUS_TP,3.0483870967741935,0.3936507936507937,False
SHORT_3.5_001,3.5,SHORT,2024-01-15T08:21:00.000000000Z,17.399999999998528,2.100000000000435,39,3.5,TP_HIT,13.899999999998528,1.4738351254480289,PARTIAL_PLUS_TP,3.0483870967741935,0.3936507936507937,False
SHORT_3.5_001,3.5,SHORT,2024-01-15T08:22:00.000000000Z,17.599999999999838,2.9999999999996696,38,3.5,TP_HIT,14.099999999999838,1.4738351254480289,PARTIAL_PLUS_TP,3.0483870967741935,0.3936507936507937,False
SHORT_3.5_001,3.5,SHORT,2024-01-15T08:23:00.000000000Z,19.299999999999873,2.2999999999995246,37,3.5,TP_HIT,15.799999999999873,1.4738351254480289,PARTIAL_PLUS_TP,3.0483870967741935,0.3936507936507937,False
SHORT_3.5_001,3.5,SHORT,2024-01-15T08:24:00.000000000Z,23.100000000000342,0.0,6,3.5,TP_HIT,19.600000000000342,1.4738351254480289,PARTIAL_PLUS_TP,3.0483870967741935,0.3936507936507937,False
SHORT_3.5_001,3.5,SHORT,2024-01-15T08:25:00.000000000Z,22.900000000001253,0.0,5,3.5,TP_HIT,19.400000000001253,1.4738351254480289,PARTIAL_PLUS_TP,3.0483870967741935,0.3936507936507937,False
SHORT_3.5_001,3.5,SHORT,2024-01-15T08:26:00.000000000Z,22.900000000001253,0.0,4,3.5,TP_HIT,19.400000000001253,1.4738351254480289,PARTIAL_PLUS_TP,3.0483870967741935,0.3936507936507937,False
SHORT_3.5_001,3.5,SHORT,2024-01-15T08:27:00.000000000Z,22.500000000000853,0.0,3,3.5,TP_HIT,19.000000000000853,1.4738351254480289,PARTIAL_PLUS_TP,3.0483870967741935,0.3936507936507937,False
SHORT_3.5_001,3.5,SHORT,2024-01-15T08:28:00.000000000Z,21.100000000000563,0.8000000000008001,8,3.5,TP_HIT,17.600000000000563,1.4738351254480289,PARTIAL_PLUS_TP,3.0483870967741935,0.3936507936507937,False
SHORT_3.5_001,3.5,SHORT,2024-01-15T08:29:00.000000000Z,23.000000000001908,0.0,3,3.5,TP_HIT,19.500000000001908,1.4738351254480289,PARTIAL_PLUS_TP,3.0483870967741935,0.3936507936507937,False
SHORT_3.5_001,3.5,SHORT,2024-01-15T08:30:00.000000000Z,20.600000000001728,1.4999999999987246,32,3.5,TP_HIT,17.100000000001728,1.4738351254480289,PARTIAL_PLUS_TP,3.0483870967741935,0.3936507936507937,False
SHORT_3.5_001,3.5,SHORT,2024-01-15T08:31:00.000000000Z,21.400000000000308,0.700000000000145,30,3.5,TP_HIT,17.900000000000308,1.4738351254480289,PARTIAL_PLUS_TP,3.0483870967741935,0.3936507936507937,False
SHORT_3.5_001,3.5,SHORT,2024-01-15T08:32:00.000000000Z,20.599999999999508,2.100000000000435,30,3.5,TP_HIT,17.099999999999508,1.4738351254480289,PARTIAL_PLUS_TP,3.0483870967741935,0.3936507936507937,False
SHORT_3.5_001,3.5,SHORT,2024-01-15T08:33:00.000000000Z,20.700000000000163,1.9999999999997797,29,3.5,TP_HIT,17.200000000000163,1.4738351254480289,PARTIAL_PLUS_TP,3.0483870967741935,0.3936507936507937,False
SHORT_3.5_001,3.5,SHORT,2024-01-15T08:34:00.000000000Z,20.599999999999508,2.100000000000435,28,3.5,TP_HIT,17.099999999999508,1.4738351254480289,PARTIAL_PLUS_TP,3.0483870967741935,0.3936507936507937,False
SHORT_3.5_001,3.5,SHORT,2024-01-15T08:35:00.000000000Z,21.299999999999653,1.9999999999997797,27,3.5,TP_HIT,17.799999999999653,1.4738351254480289,PARTIAL_PLUS_TP,3.0483870967741935,0.3936507936507937,False
SHORT_3.5_001,3.5,SHORT,2024-01-15T08:36:00.000000000Z,21.000000000002128,2.4999999999986144,26,3.5,TP_HIT,17.500000000002128,1.4738351254480289,PARTIAL_PLUS_TP,3.0483870967741935,0.3936507936507937,False
SHORT_3.5_001,3.5,SHORT,2024-01-15T08:37:00.000000000Z,22.699999999999942,1.9999999999997797,25,3.5,TP_HIT,19.199999999999942,1.4738351254480289,PARTIAL_PLUS_TP,3.0483870967741935,0.3936507936507937,False
SHORT_3.5_001,3.5,SHORT,2024-01-15T08:38:00.000000000Z,25.399999999999867,0.9999999999998899,23,3.5,TP_HIT,21.899999999999867,1.4738351254480289,PARTIAL_PLUS_TP,3.0483870967741935,0.3936507936507937,False
SHORT_3.5_001,3.5,SHORT,2024-01-15T08:39:00.000000000Z,26.399999999999757,0.0,21,3.5,TP_HIT,22.899999999999757,1.4738351254480289,PARTIAL_PLUS_TP,3.0483870967741935,0.3936507936507937,False
SHORT_3.5_001,3.5,SHORT,2024-01-15T08:40:00.000000000Z,25.999999999999357,0.0,21,3.5,TP_HIT,22.499999999999357,1.4738351254480289,PARTIAL_PLUS_TP,3.0483870967741935,0.3936507936507937,False
SHORT_3.5_001,3.5,SHORT,2024-01-15T08:41:00.000000000Z,24.100000000000232,1.8999999999991246,21,3.5,TP_HIT,20.600000000000232,1.4738351254480289,PARTIAL_PLUS_TP,3.0483870967741935,0.3936507936507937,False
SHORT_3.5_001,3.5,SHORT,2024-01-15T08:42:00.000000000Z,25.200000000000777,1.0999999999983245,20,3.5,TP_HIT,21.700000000000777,1.4738351254480289,PARTIAL_PLUS_TP,3.0483870967741935,0.3936507936507937,False
SHORT_3.5_001,3.5,SHORT,2024-01-15T08:43:00.000000000Z,25.999999999999357,0.2999999999997449,18,3.5,TP_HIT,22.499999999999357,1.4738351254480289,PARTIAL_PLUS_TP,3.0483870967741935,0.3936507936507937,False
SHORT_3.5_001,3.5,SHORT,2024-01-15T08:44:00.000000000Z,26.299999999999102,0.0,17,3.5,TP_HIT,22.799999999999102,1.4738351254480289,PARTIAL_PLUS_TP,3.0483870967741935,0.3936507936507937,False
SHORT_3.5_001,3.5,SHORT,2024-01-15T08:45:00.000000000Z,24.599999999999067,1.6000000000016001,17,3.5,TP_HIT,21.099999999999067,1.4738351254480289,PARTIAL_PLUS_TP,3.0483870967741935,0.3936507936507937,False
SHORT_3.5_001,3.5,SHORT,2024-01-15T08:46:00.000000000Z,25.800000000000267,0.40000000000040004,15,3.5,TP_HIT,22.300000000000267,1.4738351254480289,PARTIAL_PLUS_TP,3.0483870967741935,0.3936507936507937,False
SHORT_3.5_001,3.5,SHORT,2024-01-15T08:47:00.000000000Z,26.200000000000667,0.0,14,3.5,TP_HIT,22.700000000000667,1.4738351254480289,PARTIAL_PLUS_TP,3.0483870967741935,0.3936507936507937,False
SHORT_3.5_001,3.5,SHORT,2024-01-15T08:48:00.000000000Z,24.699999999999722,1.100000000000545,14,3.5,TP_HIT,21.199999999999722,1.4738351254480289,PARTIAL_PLUS_TP,3.0483870967741935,0.3936507936507937,False
SHORT_3.5_001,3.5,SHORT,2024-01-15T08:49:00.000000000Z,24.999999999999467,0.8000000000008001,13,3.5,TP_HIT,21.499999999999467,1.4738351254480289,PARTIAL_PLUS_TP,3.0483870967741935,0.3936507936507937,False
SHORT_3.5_001,3.5,SHORT,2024-01-15T08:50:00.000000000Z,25.800000000000267,0.0,11,3.5,TP_HIT,22.300000000000267,1.4738351254480289,PARTIAL_PLUS_TP,3.0483870967741935,0.3936507936507937,False
SHORT_3.5_001,3.5,SHORT,2024-01-15T08:51:00.000000000Z,25.800000000000267,0.0,10,3.5,TP_HIT,22.300000000000267,1.4738351254480289,PARTIAL_PLUS_TP,3.0483870967741935,0.3936507936507937,False
SHORT_3.5_001,3.5,SHORT,2024-01-15T08:52:00.000000000Z,25.800000000000267,0.0,9,3.5,TP_HIT,22.300000000000267,1.4738351254480289,PARTIAL_PLUS_TP,3.0483870967741935,0.3936507936507937,False
SHORT_3.5_001,3.5,SHORT,2024-01-15T08:53:00.000000000Z,25.399999999999867,0.2999999999997449,9,3.5,TP_HIT,21.899999999999867,1.4738351254480289,PARTIAL_PLUS_TP,3.0483870967741935,0.3936507936507937,False
SHORT_3.5_001,3.5,SHORT,2024-01-15T08:54:00.000000000Z,25.699999999999612,0.0,7,3.5,TP_HIT,22.199999999999612,1.4738351254480289,PARTIAL_PLUS_TP,3.0483870967741935,0.3936507936507937,False
SHORT_3.5_001,3.5,SHORT,2024-01-15T08:55:00.000000000Z,24.399999999999977,0.1999999999990898,7,3.5,TP_HIT,20.899999999999977,1.4738351254480289,PARTIAL_PLUS_TP,3.0483870967741935,0.3936507936507937,False
SHORT_3.5_001,3.5,SHORT,2024-01-15T08:56:00.000000000Z,24.200000000000887,0.3999999999981796,6,3.5,TP_HIT,20.700000000000887,1.4738351254480289,PARTIAL_PLUS_TP,3.0483870967741935,0.3936507936507937,False
SHORT_3.5_001,3.5,SHORT,2024-01-15T08:57:00.000000000Z,24.200000000000887,0.3999999999981796,5,3.5,TP_HIT,20.700000000000887,1.4738351254480289,PARTIAL_PLUS_TP,3.0483870967741935,0.3936507936507937,False
SHORT_3.5_001,3.5,SHORT,2024-01-15T08:58:00.000000000Z,24.599999999999067,0.0,4,3.5,TP_HIT,21.099999999999067,1.4738351254480289,PARTIAL_PLUS_TP,3.0483870967741935,0.3936507936507937,False
SHORT_3.5_001,3.5,SHORT,2024-01-15T08:59:00.000000000Z,24.399999999999977,0.0,3,3.5,TP_HIT,20.899999999999977,1.4738351254480289,PARTIAL_PLUS_TP,3.0483870967741935,0.3936507936507937,False
SHORT_3.5_001,3.5,SHORT,2024-01-15T09:00:00.000000000Z,23.199999999998777,0.0,16,3.5,TP_HIT,19.699999999998777,1.4738351254480289,PARTIAL_PLUS_TP,3.0483870967741935,0.3936507936507937,False
SHORT_3.5_001,3.5,SHORT,2024-01-15T09:01:00.000000000Z,22.100000000000453,0.0,17,3.5,TP_HIT,18.600000000000453,1.4738351254480289,PARTIAL_PLUS_TP,3.0483870967741935,0.3936507936507937,False
SHORT_3.5_001,3.5,SHORT,2024-01-15T09:02:00.000000000Z,20.000000000000018,2.100000000000435,33,3.5,TP_HIT,16.500000000000018,1.4738351254480289,PARTIAL_PLUS_TP,3.0483870967741935,0.3936507936507937,False
SHORT_3.5_001,3.5,SHORT,2024-01-15T09:03:00.000000000Z,20.299999999999763,1.80000000000069,32,3.5,TP_HIT,16.799999999999763,1.4738351254480289,PARTIAL_PLUS_TP,3.0483870967741935,0.3936507936507937,False
SHORT_3.5_001,3.5,SHORT,2024-01-15T09:04:00.000000000Z,20.800000000000818,1.2999999999996348,31,3.5,TP_HIT,17.300000000000818,1.4738351254480289,PARTIAL_PLUS_TP,3.0483870967741935,0.3936507936507937,False
SHORT_3.5_001,3.5,SHORT,2024-01-15T09:05:00.000000000Z,20.800000000000818,1.2999999999996348,30,3.5,TP_HIT,17.300000000000818,1.4738351254480289,PARTIAL_PLUS_TP,3.0483870967741935,0.3936507936507937,False
SHORT_3.5_001,3.5,SHORT,2024-01-15T09:06:00.000000000Z,21.800000000000708,0.2999999999997449,29,3.5,TP_HIT,18.300000000000708,1.4738351254480289,PARTIAL_PLUS_TP,3.0483870967741935,0.3936507936507937,False
SHORT_3.5_001,3.5,SHORT,2024-01-15T09:07:00.000000000Z,21.299999999999653,0.8000000000008001,28,3.5,TP_HIT,17.799999999999653,1.4738351254480289,PARTIAL_PLUS_TP,3.0483870967741935,0.3936507936507937,False
SHORT_3.5_001,3.5,SHORT,2024-01-15T09:08:00.000000000Z,20.599999999999508,1.500000000000945,27,3.5,TP_HIT,17.099999999999508,1.4738351254480289,PARTIAL_PLUS_TP,3.0483870967741935,0.3936507936507937,False
SHORT_3.5_001,3.5,SHORT,2024-01-15T09:09:00.000000000Z,21.199999999998997,0.9000000000014552,26,3.5,TP_HIT,17.699999999998997,1.4738351254480289,PARTIAL_PLUS_TP,3.0483870967741935,0.3936507936507937,False
SHORT_3.5_001,3.5,SHORT,2024-01-15T09:10:00.000000000Z,21.400000000000308,0.700000000000145,25,3.5,TP_HIT,17.900000000000308,1.4738351254480289,PARTIAL_PLUS_TP,3.0483870967741935,0.3936507936507937,False
SHORT_3.5_001,3.5,SHORT,2024-01-15T09:11:00.000000000Z,21.700000000000053,0.40000000000040004,24,3.5,TP_HIT,18.200000000000053,1.4738351254480289,PARTIAL_PLUS_TP,3.0483870967741935,0.3936507936507937,False
SHORT_3.5_001,3.5,SHORT,2024-01-15T09:12:00.000000000Z,21.999999999999797,0.10000000000065512,22,3.5,TP_HIT,18.499999999999797,1.4738351254480289,PARTIAL_PLUS_TP,3.0483870967741935,0.3936507936507937,False
SHORT_3.5_001,3.5,SHORT,2024-01-15T09:13:00.000000000Z,20.299999999999763,1.80000000000069,22,3.5,TP_HIT,16.799999999999763,1.4738351254480289,PARTIAL_PLUS_TP,3.0483870967741935,0.3936507936507937,False
SHORT_3.5_001,3.5,SHORT,2024-01-15T09:14:00.000000000Z,21.299999999999653,0.8000000000008001,21,3.5,TP_HIT,17.799999999999653,1.4738351254480289,PARTIAL_PLUS_TP,3.0483870967741935,0.3936507936507937,False
SHORT_3.5_001,3.5,SHORT,2024-01-15T09:15:00.000000000Z,20.599999999999508,1.500000000000945,20,3.5,TP_HIT,17.099999999999508,1.4738351254480289,PARTIAL_PLUS_TP,3.0483870967741935,0.3936507936507937,False
SHORT_3.5_001,3.5,SHORT,2024-01-15T09:16:00.000000000Z,19.599999999999618,2.500000000000835,19,3.5,TP_HIT,16.099999999999618,1.4738351254480289,PARTIAL_PLUS_TP,3.0483870967741935,0.3936507936507937,False
SHORT_3.5_001,3.5,SHORT,2024-01-15T09:17:00.000000000Z,19.100000000000783,2.9999999999996696,20,3.5,TP_HIT,15.600000000000783,1.4738351254480289,PARTIAL_PLUS_TP,3.0483870967741935,0.3936507936507937,False
SHORT_3.5_001,3.5,SHORT,2024-01-15T09:18:00.000000000Z,18.599999999999728,3.5000000000007248,19,-3.5,SL_HIT,15.099999999999728,-3.5,SL_HIT,3.0483870967741935,0.3936507936507937,True
SHORT_3.5_001,3.5,SHORT,2024-01-15T09:19:00.000000000Z,19.599999999999618,2.500000000000835,16,3.5,TP_HIT,16.099999999999618,1.4738351254480289,PARTIAL_PLUS_TP,3.0483870967741935,0.3936507936507937,False
SHORT_3.5_001,3.5,SHORT,2024-01-15T09:20:00.000000000Z,19.299999999999873,2.80000000000058,16,3.5,TP_HIT,15.799999999999873,1.4738351254480289,PARTIAL_PLUS_TP,3.0483870967741935,0.3936507936507937,False
SHORT_3.5_001,3.5,SHORT,2024-01-15T09:21:00.000000000Z,20.999999999999908,1.100000000000545,14,3.5,TP_HIT,17.499999999999908,1.4738351254480289,PARTIAL_PLUS_TP,3.0483870967741935,0.3936507936507937,False
SHORT_3.5_001,3.5,SHORT,2024-01-15T09:22:00.000000000Z,20.899999999999253,1.2000000000012,13,3.5,TP_HIT,17.399999999999253,1.4738351254480289,PARTIAL_PLUS_TP,3.0483870967741935,0.3936507936507937,False
SHORT_3.5_001,3.5,SHORT,2024-01-15T09:23:00.000000000Z,20.400000000000418,1.7000000000000348,12,3.5,TP_HIT,16.900000000000418,1.4738351254480289,PARTIAL_PLUS_TP,3.0483870967741935,0.3936507936507937,False
SHORT_3.5_001,3.5,SHORT,2024-01-15T09:24:00.000000000Z,20.199999999999108,1.900000000001345,11,3.5,TP_HIT,16.699999999999108,1.4738351254480289,PARTIAL_PLUS_TP,3.0483870967741935,0.3936507936507937,False
SHORT_3.5_001,3.5,SHORT,2024-01-15T09:25:00.000000000Z,19.400000000000528,2.6999999999999247,10,3.5,TP_HIT,15.900000000000528,1.4738351254480289,PARTIAL_PLUS_TP,3.0483870967741935,0.3936507936507937,False
SHORT_3.5_001,3.5,SHORT,2024-01-15T09:26:00.000000000Z,20.599999999999508,1.500000000000945,9,3.5,TP_HIT,17.099999999999508,1.4738351254480289,PARTIAL_PLUS_TP,3.0483870967741935,0.3936507936507937,False
SHORT_3.5_001,3.5,SHORT,2024-01-15T09:27:00.000000000Z,20.599999999999508,1.500000000000945,8,3.5,TP_HIT,17.099999999999508,1.4738351254480289,PARTIAL_PLUS_TP,3.0483870967741935,0.3936507936507937,False
SHORT_3.5_001,3.5,SHORT,2024-01-15T09:28:00.000000000Z,20.199999999999108,1.900000000001345,7,3.5,TP_HIT,16.699999999999108,1.4738351254480289,PARTIAL_PLUS_TP,3.0483870967741935,0.3936507936507937,False
SHORT_3.5_001,3.5,SHORT,2024-01-15T09:29:00.000000000Z,20.100000000000673,1.9999999999997797,6,3.5,TP_HIT,16.600000000000673,1.4738351254480289,PARTIAL_PLUS_TP,3.0483870967741935,0.3936507936507937,False
SHORT_3.5_001,3.5,SHORT,2024-01-15T09:30:00.000000000Z,22.100000000000453,0.0,4,3.5,TP_HIT,18.600000000000453,1.4738351254480289,PARTIAL_PLUS_TP,3.0483870967741935,0.3936507936507937,False
SHORT_3.5_001,3.5,SHORT,2024-01-15T09:31:00.000000000Z,20.599999999999508,0.0,4,3.5,TP_HIT,17.099999999999508,1.4738351254480289,PARTIAL_PLUS_TP,3.0483870967741935,0.3936507936507937,False
SHORT_3.5_001,3.5,SHORT,2024-01-15T09:32:00.000000000Z,20.199999999999108,0.0,3,3.5,TP_HIT,16.699999999999108,1.4738351254480289,PARTIAL_PLUS_TP,3.0483870967741935,0.3936507936507937,False
SHORT_3.5_001,3.5,SHORT,2024-01-15T09:33:00.000000000Z,20.199999999999108,0.0,2,3.5,TP_HIT,16.699999999999108,1.4738351254480289,PARTIAL_PLUS_TP,3.0483870967741935,0.3936507936507937,False
SHORT_3.5_001,3.5,SHORT,2024-01-15T09:34:00.000000000Z,18.400000000000638,0.0,3,3.5,TP_HIT,14.900000000000638,1.4738351254480289,PARTIAL_PLUS_TP,3.0483870967741935,0.3936507936507937,False
SHORT_3.5_001,3.5,SHORT,2024-01-15T09:35:00.000000000Z,15.899999999999803,0.0,3,3.5,TP_HIT,12.399999999999803,1.4738351254480289,PARTIAL_PLUS_TP,3.0483870967741935,0.3936507936507937,False
SHORT_3.5_001,3.5,SHORT,2024-01-15T09:36:00.000000000Z,15.799999999999148,0.0,2,3.5,TP_HIT,12.299999999999148,1.4738351254480289,PARTIAL_PLUS_TP,3.0483870967741935,0.3936507936507937,False
SHORT_3.5_001,3.5,SHORT,2024-01-15T09:37:00.000000000Z,12.600000000000389,1.5999999999993797,26,3.5,TP_HIT,9.100000000000389,1.4738351254480289,PARTIAL_PLUS_TP,3.0483870967741935,0.3936507936507937,False
SHORT_3.5_001,3.5,SHORT,2024-01-15T09:38:00.000000000Z,11.300000000000754,2.8999999999990145,26,3.5,TP_HIT,7.800000000000754,1.4738351254480289,PARTIAL_PLUS_TP,3.0483870967741935,0.3936507936507937,False
SHORT_3.5_001,3.5,SHORT,2024-01-15T09:39:00.000000000Z,13.499999999999623,0.700000000000145,23,3.5,TP_HIT,9.999999999999623,1.4738351254480289,PARTIAL_PLUS_TP,3.0483870967741935,0.3936507936507937,False
SHORT_3.5_001,3.5,SHORT,2024-01-15T09:40:00.000000000Z,13.199999999999878,0.9999999999998899,22,3.5,TP_HIT,9.699999999999878,1.4738351254480289,PARTIAL_PLUS_TP,3.0483870967741935,0.3936507936507937,False
SHORT_3.5_001,3.5,SHORT,2024-01-15T09:41:00.000000000Z,13.699999999998713,0.5000000000010552,21,3.5,TP_HIT,10.199999999998713,1.4738351254480289,PARTIAL_PLUS_TP,3.0483870967741935,0.3936507936507937,False
SHORT_3.5_001,3.5,SHORT,2024-01-15T09:42:00.000000000Z,13.300000000000534,0.8999999999992347,20,3.5,TP_HIT,9.800000000000534,1.4738351254480289,PARTIAL_PLUS_TP,3.0483870967741935,0.3936507936507937,False
SHORT_3.5_001,3.5,SHORT,2024-01-15T09:43:00.000000000Z,13.000000000000789,1.1999999999989797,19,3.5,TP_HIT,9.500000000000789,1.4738351254480289,PARTIAL_PLUS_TP,3.0483870967741935,0.3936507936507937,False
SHORT_3.5_001,3.5,SHORT,2024-01-15T09:44:00.000000000Z,12.000000000000899,2.1999999999988695,19,3.5,TP_HIT,8.500000000000899,1.4738351254480289,PARTIAL_PLUS_TP,3.0483870967741935,0.3936507936507937,False
SHORT_3.5_001,3.5,SHORT,2024-01-15T09:45:00.000000000Z,13.000000000000789,1.1999999999989797,17,3.5,TP_HIT,9.500000000000789,1.4738351254480289,PARTIAL_PLUS_TP,3.0483870967741935,0.3936507936507937,False
SHORT_3.5_001,3.5,SHORT,2024-01-15T09:46:00.000000000Z,12.699999999998823,1.500000000000945,17,3.5,TP_HIT,9.199999999998823,1.4738351254480289,PARTIAL_PLUS_TP,3.0483870967741935,0.3936507936507937,False
SHORT_3.5_001,3.5,SHORT,2024-01-15T09:47:00.000000000Z,10.499999999999954,3.6999999999998145,17,-3.5,SL_HIT,6.999999999999954,-3.5,SL_HIT,3.0483870967741935,0.3936507936507937,True
SHORT_3.5_001,3.5,SHORT,2024-01-15T09:48:00.000000000Z,11.399999999999189,2.80000000000058,16,3.5,TP_HIT,7.899999999999189,1.4738351254480289,PARTIAL_PLUS_TP,3.0483870967741935,0.3936507936507937,False
SHORT_3.5_001,3.5,SHORT,2024-01-15T09:49:00.000000000Z,13.199999999999878,0.9999999999998899,13,3.5,TP_HIT,9.699999999999878,1.4738351254480289,PARTIAL_PLUS_TP,3.0483870967741935,0.3936507936507937,False
SHORT_3.5_001,3.5,SHORT,2024-01-15T09:50:00.000000000Z,12.300000000000644,1.8999999999991246,13,3.5,TP_HIT,8.800000000000644,1.4738351254480289,PARTIAL_PLUS_TP,3.0483870967741935,0.3936507936507937,False
SHORT_3.5_001,3.5,SHORT,2024-01-15T09:51:00.000000000Z,10.799999999999699,3.4000000000000696,13,3.5,TP_HIT,7.299999999999699,1.4738351254480289,PARTIAL_PLUS_TP,3.0483870967741935,0.3936507936507937,False
SHORT_3.5_001,3.5,SHORT,2024-01-15T09:52:00.000000000Z,11.200000000000099,2.9999999999996696,12,3.5,TP_HIT,7.700000000000099,1.4738351254480289,PARTIAL_PLUS_TP,3.0483870967741935,0.3936507936507937,False
SHORT_3.5_001,3.5,SHORT,2024-01-15T09:53:00.000000000Z,11.799999999999589,2.4000000000001798,10,3.5,TP_HIT,8.299999999999589,1.4738351254480289,PARTIAL_PLUS_TP,3.0483870967741935,0.3936507936507937,False
SHORT_3.5_001,3.5,SHORT,2024-01-15T09:54:00.000000000Z,12.199999999999989,1.9999999999997797,9,3.5,TP_HIT,8.699999999999989,1.4738351254480289,PARTIAL_PLUS_TP,3.0483870967741935,0.3936507936507937,False
SHORT_3.5_001,3.5,SHORT,2024-01-15T09:55:00.000000000Z,14.199999999999768,0.0,5,3.5,TP_HIT,10.699999999999768,1.4738351254480289,PARTIAL_PLUS_TP,3.0483870967741935,0.3936507936507937,False
SHORT_3.5_001,3.5,SHORT,2024-01-15T09:56:00.000000000Z,14.000000000000679,0.0,4,3.5,TP_HIT,10.500000000000679,1.4738351254480289,PARTIAL_PLUS_TP,3.0483870967741935,0.3936507936507937,False
SHORT_3.5_001,3.5,SHORT,2024-01-15T09:57:00.000000000Z,13.000000000000789,0.0,5,3.5,TP_HIT,9.500000000000789,1.4738351254480289,PARTIAL_PLUS_TP,3.0483870967741935,0.3936507936507937,False
SHORT_3.5_001,3.5,SHORT,2024-01-15T09:58:00.000000000Z,12.199999999999989,2.100000000000435,5,3.5,TP_HIT,8.699999999999989,1.4738351254480289,PARTIAL_PLUS_TP,3.0483870967741935,0.3936507936507937,False
SHORT_3.5_001,3.5,SHORT,2024-01-15T09:59:00.000000000Z,13.000000000000789,1.2999999999996348,3,3.5,TP_HIT,9.500000000000789,1.4738351254480289,PARTIAL_PLUS_TP,3.0483870967741935,0.3936507936507937,False
SHORT_3.5_001,3.5,SHORT,2024-01-15T10:00:00.000000000Z,10.300000000000864,4.799999999998139,4,3.5,TP_HIT,6.800000000000864,-0.922222222222222,PARTIAL_THEN_SL,3.0483870967741935,0.3936507936507937,False
SHORT_3.5_001,3.5,SHORT,2024-01-15T10:01:00.000000000Z,10.300000000000864,4.799999999998139,3,3.5,TP_HIT,6.800000000000864,-0.922222222222222,PARTIAL_THEN_SL,3.0483870967741935,0.3936507936507937,False
SHORT_3.5_001,3.5,SHORT,2024-01-15T10:02:00.000000000Z,9.200000000000319,5.899999999998684,7,3.5,TP_HIT,5.700000000000319,-0.922222222222222,PARTIAL_THEN_SL,3.0483870967741935,0.3936507936507937,False
SHORT_3.5_001,3.5,SHORT,2024-01-15T10:03:00.000000000Z,8.20000000000043,6.899999999998574,7,3.5,TP_HIT,4.700000000000429,-0.922222222222222,PARTIAL_THEN_SL,3.0483870967741935,0.3936507936507937,False
SHORT_3.5_001,3.5,SHORT,2024-01-15T10:04:00.000000000Z,6.699999999999484,8.399999999999519,12,3.5,TP_HIT,3.199999999999484,-0.922222222222222,PARTIAL_THEN_SL,3.0483870967741935,0.3936507936507937,False
SHORT_3.5_001,3.5,SHORT,2024-01-15T10:05:00.000000000Z,7.200000000000539,7.899999999998464,10,3.5,TP_HIT,3.7000000000005393,-0.922222222222222,PARTIAL_THEN_SL,3.0483870967741935,0.3936507936507937,False
SHORT_3.5_001,3.5,SHORT,2024-01-15T10:06:00.000000000Z,7.900000000000684,7.199999999998319,6,3.5,TP_HIT,4.400000000000684,-0.922222222222222,PARTIAL_THEN_SL,3.0483870967741935,0.3936507936507937,False
SHORT_3.5_001,3.5,SHORT,2024-01-15T10:07:00.000000000Z,7.699999999999374,7.399999999999629,5,3.5,TP_HIT,4.199999999999374,-0.922222222222222,PARTIAL_THEN_SL,3.0483870967741935,0.3936507936507937,False
SHORT_3.5_001,3.5,SHORT,2024-01-15T10:08:00.000000000Z,7.599999999998719,7.500000000000284,4,3.5,TP_HIT,4.099999999998719,-0.922222222222222,PARTIAL_THEN_SL,3.0483870967741935,0.3936507936507937,False
SHORT_3.5_001,3.5,SHORT,2024-01-15T10:09:00.000000000Z,5.599999999998939,9.500000000000064,8,3.5,TP_HIT,2.099999999998939,-0.922222222222222,PARTIAL_THEN_SL,3.0483870967741935,0.3936507936507937,False
SHORT_3.5_001,3.5,SHORT,2024-01-15T10:10:00.000000000Z,4.599999999999049,10.499999999999954,8,3.5,TP_HIT,1.0999999999990493,-0.922222222222222,PARTIAL_THEN_SL,3.0483870967741935,0.3936507936507937,False
SHORT_3.5_001,3.5,SHORT,2024-01-15T10:11:00.000000000Z,5.399999999999849,9.699999999999154,7,3.5,TP_HIT,1.8999999999998494,-0.922222222222222,PARTIAL_THEN_SL,3.0483870967741935,0.3936507936507937,False
SHORT_3.5_001,3.5,SHORT,2024-01-15T10:12:00.000000000Z,3.9999999999995595,11.099999999999444,6,3.5,TP_HIT,0.49999999999955946,-0.922222222222222,PARTIAL_THEN_SL,3.0483870967741935,0.3936507936507937,False
SHORT_3.5_001,3.5,SHORT,2024-01-15T10:13:00.000000000Z,4.20000000000087,10.899999999998133,5,3.5,TP_HIT,0.7000000000008697,-0.922222222222222,PARTIAL_THEN_SL,3.0483870967741935,0.3936507936507937,False
SHORT_3.5_001,3.5,SHORT,2024-01-15T10:14:00.000000000Z,4.899999999998794,10.200000000000209,4,3.5,TP_HIT,1.3999999999987942,-0.922222222222222,PARTIAL_THEN_SL,3.0483870967741935,0.3936507936507937,False
SHORT_3.5_001,3.5,SHORT,2024-01-15T10:15:00.000000000Z,3.4000000000000696,11.699999999998933,101,-3.5,SL_HIT,0.0,-0.922222222222222,PARTIAL_THEN_SL,3.0483870967741935,0.3936507936507937,True
SHORT_3.5_001,3.5,SHORT,2024-01-15T10:16:00.000000000Z,3.1999999999987594,11.900000000000244,101,-3.5,SL_HIT,0.0,-0.922222222222222,PARTIAL_THEN_SL,3.0483870967741935,0.3936507936507937,True
SHORT_3.5_001,3.5,SHORT,2024-01-15T10:17:00.000000000Z,1.9999999999997797,13.099999999999223,101,-3.5,SL_HIT,0.0,-3.5,SL_HIT,3.0483870967741935,0.3936507936507937,True
SHORT_3.5_001,3.5,SHORT,2024-01-15T10:18:00.000000000Z,0.2999999999997449,14.799999999999258,101,-3.5,SL_HIT,0.0,-3.5,SL_HIT,3.0483870967741935,0.3936507936507937,True
SHORT_3.5_002,3.5,SHORT,2024-01-15T11:29:00.000000000Z,4.3999999999999595,11.799999999999589,23,3.5,TP_HIT,0.8999999999999595,-0.922222222222222,PARTIAL_THEN_SL,3.0483870967741935,0.3936507936507937,False
SHORT_3.5_002,3.5,SHORT,2024-01-15T11:30:00.000000000Z,3.8000000000004697,12.399999999999078,22,3.5,TP_HIT,0.30000000000046967,-0.922222222222222,PARTIAL_THEN_SL,3.0483870967741935,0.3936507936507937,False
SHORT_3.5_002,3.5,SHORT,2024-01-15T11:31:00.000000000Z,4.599999999999049,11.600000000000499,21,3.5,TP_HIT,1.0999999999990493,-0.922222222222222,PARTIAL_THEN_SL,3.0483870967741935,0.3936507936507937,False
SHORT_3.5_002,3.5,SHORT,2024-01-15T11:32:00.000000000Z,4.8000000000003595,11.399999999999189,20,3.5,TP_HIT,1.3000000000003595,-0.922222222222222,PARTIAL_THEN_SL,3.0483870967741935,0.3936507936507937,False
SHORT_3.5_002,3.5,SHORT,2024-01-15T11:33:00.000000000Z,3.8000000000004697,12.399999999999078,19,3.5,TP_HIT,0.30000000000046967,-0.922222222222222,PARTIAL_THEN_SL,3.0483870967741935,0.3936507936507937,False
SHORT_3.5_002,3.5,SHORT,2024-01-15T11:34:00.000000000Z,2.100000000000435,14.099999999999113,101,-3.5,SL_HIT,0.0,-3.5,SL_HIT,3.0483870967741935,0.3936507936507937,True
SHORT_3.5_002,3.5,SHORT,2024-01-15T11:35:00.000000000Z,2.1999999999988695,14.000000000000679,101,-3.5,SL_HIT,0.0,-3.5,SL_HIT,3.0483870967741935,0.3936507936507937,True
SHORT_3.5_002,3.5,SHORT,2024-01-15T11:36:00.000000000Z,4.199999999998649,12.000000000000899,16,3.5,TP_HIT,0.6999999999986493,-0.922222222222222,PARTIAL_THEN_SL,3.0483870967741935,0.3936507936507937,False
SHORT_3.5_002,3.5,SHORT,2024-01-15T11:37:00.000000000Z,4.8000000000003595,11.399999999999189,15,3.5,TP_HIT,1.3000000000003595,-0.922222222222222,PARTIAL_THEN_SL,3.0483870967741935,0.3936507936507937,False
SHORT_3.5_002,3.5,SHORT,2024-01-15T11:38:00.000000000Z,6.099999999999994,10.099999999999554,7,3.5,TP_HIT,2.5999999999999943,-0.922222222222222,PARTIAL_THEN_SL,3.0483870967741935,0.3936507936507937,False
SHORT_3.5_002,3.5,SHORT,2024-01-15T11:39:00.000000000Z,5.999999999999339,10.200000000000209,6,3.5,TP_HIT,2.499999999999339,-0.922222222222222,PARTIAL_THEN_SL,3.0483870967741935,0.3936507936507937,False
SHORT_3.5_002,3.5,SHORT,2024-01-15T11:40:00.000000000Z,6.899999999998574,9.300000000000974,5,3.5,TP_HIT,3.399999999998574,-0.922222222222222,PARTIAL_THEN_SL,3.0483870967741935,0.3936507936507937,False
SHORT_3.5_002,3.5,SHORT,2024-01-15T11:41:00.000000000Z,3.9999999999995595,12.199999999999989,11,3.5,TP_HIT,0.49999999999955946,-0.922222222222222,PARTIAL_THEN_SL,3.0483870967741935,0.3936507936507937,False
SHORT_3.5_002,3.5,SHORT,2024-01-15T11:42:00.000000000Z,4.100000000000215,12.099999999999334,10,3.5,TP_HIT,0.6000000000002146,-0.922222222222222,PARTIAL_THEN_SL,3.0483870967741935,0.3936507936507937,False
SHORT_3.5_002,3.5,SHORT,2024-01-15T11:43:00.000000000Z,4.599999999999049,11.600000000000499,9,3.5,TP_HIT,1.0999999999990493,-0.922222222222222,PARTIAL_THEN_SL,3.0483870967741935,0.3936507936507937,False
SHORT_3.5_002,3.5,SHORT,2024-01-15T11:44:00.000000000Z,4.3999999999999595,11.799999999999589,8,3.5,TP_HIT,0.8999999999999595,-0.922222222222222,PARTIAL_THEN_SL,3.0483870967741935,0.3936507936507937,False
SHORT_3.5_002,3.5,SHORT,2024-01-15T11:45:00.000000000Z,2.4000000000001798,13.799999999999368,101,-3.5,SL_HIT,0.0,-3.5,SL_HIT,3.0483870967741935,0.3936507936507937,True
SHORT_3.5_002,3.5,SHORT,2024-01-15T11:46:00.000000000Z,1.40000000000029,14.799999999999258,101,-3.5,SL_HIT,0.0,-3.5,SL_HIT,3.0483870967741935,0.3936507936507937,True
SHORT_3.5_002,3.5,SHORT,2024-01-15T11:47:00.000000000Z,3.9999999999995595,12.199999999999989,5,3.5,TP_HIT,0.49999999999955946,-0.922222222222222,PARTIAL_THEN_SL,3.0483870967741935,0.3936507936507937,False
SHORT_3.5_002,3.5,SHORT,2024-01-15T11:48:00.000000000Z,4.100000000000215,12.099999999999334,4,3.5,TP_HIT,0.6000000000002146,-0.922222222222222,PARTIAL_THEN_SL,3.0483870967741935,0.3936507936507937,False
SHORT_3.5_002,3.5,SHORT,2024-01-15T11:49:00.000000000Z,2.5999999999992696,13.600000000000279,101,-3.5,SL_HIT,0.0,-3.5,SL_HIT,3.0483870967741935,0.3936507936507937,True
SHORT_3.5_002,3.5,SHORT,2024-01-15T11:50:00.000000000Z,2.5999999999992696,13.600000000000279,101,-3.5,SL_HIT,0.0,-3.5,SL_HIT,3.0483870967741935,0.3936507936507937,True
SHORT_3.5_002,3.5,SHORT,2024-01-15T11:51:00.000000000Z,2.4999999999986144,13.700000000000934,101,-3.5,SL_HIT,0.0,-3.5,SL_HIT,3.0483870967741935,0.3936507936507937,True
SHORT_3.5_002,3.5,SHORT,2024-01-15T11:52:00.000000000Z,0.0,16.199999999999548,101,-3.5,SL_HIT,0.0,-3.5,SL_HIT,3.0483870967741935,0.3936507936507937,True
SHORT_3.5_003,3.5,SHORT,2024-01-15T12:04:00.000000000Z,3.5000000000007248,9.900000000000464,65,-3.5,SL_HIT,7.247535904753022e-13,-3.5,SL_HIT,3.0483870967741935,0.3936507936507937,True
SHORT_3.5_003,3.5,SHORT,2024-01-15T12:05:00.000000000Z,5.00000000000167,8.399999999999519,64,-3.5,SL_HIT,1.5000000000016698,-3.5,SL_HIT,3.0483870967741935,0.3936507936507937,True
SHORT_3.5_003,3.5,SHORT,2024-01-15T12:06:00.000000000Z,4.700000000001925,8.699999999999264,63,-3.5,SL_HIT,1.2000000000019249,-3.5,SL_HIT,3.0483870967741935,0.3936507936507937,True
SHORT_3.5_003,3.5,SHORT,2024-01-15T12:07:00.000000000Z,4.20000000000087,9.200000000000319,62,-3.5,SL_HIT,0.7000000000008697,-3.5,SL_HIT,3.0483870967741935,0.3936507936507937,True
SHORT_3.5_003,3.5,SHORT,2024-01-15T12:08:00.000000000Z,4.60000000000127,8.799999999999919,61,-3.5,SL_HIT,1.1000000000012697,-3.5,SL_HIT,3.0483870967741935,0.3936507936507937,True
SHORT_3.5_003,3.5,SHORT,2024-01-15T12:09:00.000000000Z,6.500000000000394,6.900000000000794,24,-3.5,SL_HIT,3.0000000000003944,-3.5,SL_HIT,3.0483870967741935,0.3936507936507937,True
SHORT_3.5_003,3.5,SHORT,2024-01-15T12:10:00.000000000Z,6.800000000000139,6.6000000000010495,23,-3.5,SL_HIT,3.3000000000001393,-3.5,SL_HIT,3.0483870967741935,0.3936507936507937,True
SHORT_3.5_003,3.5,SHORT,2024-01-15T12:11:00.000000000Z,7.200000000000539,6.200000000000649,22,-3.5,SL_HIT,3.7000000000005393,-3.5,SL_HIT,3.0483870967741935,0.3936507936507937,True
SHORT_3.5_003,3.5,SHORT,2024-01-15T12:12:00.000000000Z,7.900000000000684,5.5000000000005045,19,-3.5,SL_HIT,4.400000000000684,-3.5,SL_HIT,3.0483870967741935,0.3936507936507937,True
SHORT_3.5_003,3.5,SHORT,2024-01-15T12:13:00.000000000Z,9.40000000000163,3.9999999999995595,15,3.5,TP_HIT,5.900000000001629,-0.922222222222222,PARTIAL_THEN_SL,3.0483870967741935,0.3936507936507937,False
SHORT_3.5_003,3.5,SHORT,2024-01-15T12:14:00.000000000Z,10.000000000001119,3.4000000000000696,14,3.5,TP_HIT,6.500000000001119,1.4738351254480289,PARTIAL_PLUS_TP,3.0483870967741935,0.3936507936507937,False
SHORT_3.5_003,3.5,SHORT,2024-01-15T12:15:00.000000000Z,10.000000000001119,3.4000000000000696,13,3.5,TP_HIT,6.500000000001119,1.4738351254480289,PARTIAL_PLUS_TP,3.0483870967741935,0.3936507936507937,False
SHORT_3.5_003,3.5,SHORT,2024-01-15T12:16:00.000000000Z,9.900000000000464,3.5000000000007248,12,3.5,TP_HIT,6.400000000000464,-0.922222222222222,PARTIAL_THEN_SL,3.0483870967741935,0.3936507936507937,False
SHORT_3.5_003,3.5,SHORT,2024-01-15T12:17:00.000000000Z,11.200000000000099,2.20000000000109,6,3.5,TP_HIT,7.700000000000099,1.4738351254480289,PARTIAL_PLUS_TP,3.0483870967741935,0.3936507936507937,False
SHORT_3.5_003,3.5,SHORT,2024-01-15T12:18:00.000000000Z,11.800000000001809,1.5999999999993797,5,3.5,TP_HIT,8.300000000001809,1.4738351254480289,PARTIAL_PLUS_TP,3.0483870967741935,0.3936507936507937,False
SHORT_3.5_003,3.5,SHORT,2024-01-15T12:19:00.000000000Z,9.500000000000064,3.900000000001125,9,3.5,TP_HIT,6.000000000000064,-0.922222222222222,PARTIAL_THEN_SL,3.0483870967741935,0.3936507936507937,False
SHORT_3.5_003,3.5,SHORT,2024-01-15T12:20:00.000000000Z,9.600000000000719,3.8000000000004697,8,3.5,TP_HIT,6.100000000000719,-0.922222222222222,PARTIAL_THEN_SL,3.0483870967741935,0.3936507936507937,False
SHORT_3.5_003,3.5,SHORT,2024-01-15T12:21:00.000000000Z,10.200000000000209,3.20000000000098,6,3.5,TP_HIT,6.700000000000209,1.4738351254480289,PARTIAL_PLUS_TP,3.0483870967741935,0.3936507936507937,False
SHORT_3.5_003,3.5,SHORT,2024-01-15T12:22:00.000000000Z,9.200000000000319,4.20000000000087,8,3.5,TP_HIT,5.700000000000319,-0.922222222222222,PARTIAL_THEN_SL,3.0483870967741935,0.3936507936507937,False
SHORT_3.5_003,3.5,SHORT,2024-01-15T12:23:00.000000000Z,7.600000000000939,5.800000000000249,10,3.5,TP_HIT,4.100000000000939,-0.922222222222222,PARTIAL_THEN_SL,3.0483870967741935,0.3936507936507937,False
SHORT_3.5_003,3.5,SHORT,2024-01-15T12:24:00.000000000Z,7.200000000000539,6.200000000000649,9,3.5,TP_HIT,3.7000000000005393,-0.922222222222222,PARTIAL_THEN_SL,3.0483870967741935,0.3936507936507937,False
SHORT_3.5_003,3.5,SHORT,2024-01-15T12:25:00.000000000Z,7.999999999999119,6.6000000000010495,8,3.5,TP_HIT,4.499999999999119,-0.922222222222222,PARTIAL_THEN_SL,3.0483870967741935,0.3936507936507937,False
SHORT_3.5_003,3.5,SHORT,2024-01-15T12:26:00.000000000Z,12.100000000001554,4.699999999999704,4,3.5,TP_HIT,8.600000000001554,-0.922222222222222,PARTIAL_THEN_SL,3.0483870967741935,0.3936507936507937,False
SHORT_3.5_003,3.5,SHORT,2024-01-15T12:27:00.000000000Z,10.499999999999954,6.800000000000139,6,3.5,TP_HIT,6.999999999999954,-0.922222222222222,PARTIAL_THEN_SL,3.0483870967741935,0.3936507936507937,False
SHORT_3.5_003,3.5,SHORT,2024-01-15T12:28:00.000000000Z,10.399999999999299,7.600000000000939,5,3.5,TP_HIT,6.899999999999299,-0.922222222222222,PARTIAL_THEN_SL,3.0483870967741935,0.3936507936507937,False
SHORT_3.5_003,3.5,SHORT,2024-01-15T12:29:00.000000000Z,10.399999999999299,7.600000000000939,4,3.5,TP_HIT,6.899999999999299,-0.922222222222222,PARTIAL_THEN_SL,3.0483870967741935,0.3936507936507937,False
SHORT_3.5_003,3.5,SHORT,2024-01-15T12:30:00.000000000Z,9.200000000000319,8.799999999999919,39,-3.5,SL_HIT,5.700000000000319,-3.5,SL_HIT,3.0483870967741935,0.3936507936507937,True
SHORT_3.5_003,3.5,SHORT,2024-01-15T12:31:00.000000000Z,8.999999999999009,9.00000000000123,38,-3.5,SL_HIT,5.499999999999009,-3.5,SL_HIT,3.0483870967741935,0.3936507936507937,True
SHORT_3.5_003,3.5,SHORT,2024-01-15T12:32:00.000000000Z,9.200000000000319,8.799999999999919,37,-3.5,SL_HIT,5.700000000000319,-3.5,SL_HIT,3.0483870967741935,0.3936507936507937,True
SHORT_3.5_003,3.5,SHORT,2024-01-15T12:33:00.000000000Z,6.800000000000139,11.200000000000099,93,-3.5,SL_HIT,3.3000000000001393,-3.5,SL_HIT,3.0483870967741935,0.3936507936507937,True
SHORT_3.5_003,3.5,SHORT,2024-01-15T12:34:00.000000000Z,11.300000000000754,6.999999999999229,34,-3.5,SL_HIT,7.800000000000754,-0.922222222222222,PARTIAL_THEN_SL,3.0483870967741935,0.3936507936507937,True
SHORT_3.5_003,3.5,SHORT,2024-01-15T12:35:00.000000000Z,10.300000000000864,7.999999999999119,34,-3.5,SL_HIT,6.800000000000864,-3.5,SL_HIT,3.0483870967741935,0.3936507936507937,True
SHORT_3.5_003,3.5,SHORT,2024-01-15T12:36:00.000000000Z,10.999999999998789,7.300000000001194,33,-3.5,SL_HIT,7.4999999999987885,-3.5,SL_HIT,3.0483870967741935,0.3936507936507937,True
SHORT_3.5_003,3.5,SHORT,2024-01-15T12:37:00.000000000Z,10.099999999999554,8.20000000000043,32,-3.5,SL_HIT,6.599999999999554,-3.5,SL_HIT,3.0483870967741935,0.3936507936507937,True
SHORT_3.5_003,3.5,SHORT,2024-01-15T12:38:00.000000000Z,8.099999999999774,10.200000000000209,87,-3.5,SL_HIT,4.599999999999774,-3.5,SL_HIT,3.0483870967741935,0.3936507936507937,True
SHORT_3.5_003,3.5,SHORT,2024-01-15T12:39:00.000000000Z,12.199999999999989,6.6000000000010495,29,-3.5,SL_HIT,8.699999999999989,-3.5,SL_HIT,3.0483870967741935,0.3936507936507937,True
SHORT_3.5_003,3.5,SHORT,2024-01-15T12:40:00.000000000Z,16.20000000000177,2.5999999999992696,20,3.5,TP_HIT,12.700000000001769,1.4738351254480289,PARTIAL_PLUS_TP,3.0483870967741935,0.3936507936507937,False
SHORT_3.5_003,3.5,SHORT,2024-01-15T12:41:00.000000000Z,19.000000000000128,0.0,3,3.5,TP_HIT,15.500000000000128,1.4738351254480289,PARTIAL_PLUS_TP,3.0483870967741935,0.3936507936507937,False
SHORT_3.5_003,3.5,SHORT,2024-01-15T12:42:00.000000000Z,16.099999999998893,1.7000000000000348,18,3.5,TP_HIT,12.599999999998893,1.4738351254480289,PARTIAL_PLUS_TP,3.0483870967741935,0.3936507936507937,False
SHORT_3.5_003,3.5,SHORT,2024-01-15T12:43:00.000000000Z,17.599999999999838,0.1999999999990898,3,3.5,TP_HIT,14.099999999999838,1.4738351254480289,PARTIAL_PLUS_TP,3.0483870967741935,0.3936507936507937,False
SHORT_3.5_003,3.5,SHORT,2024-01-15T12:44:00.000000000Z,15.199999999999658,2.5999999999992696,16,3.5,TP_HIT,11.699999999999658,1.4738351254480289,PARTIAL_PLUS_TP,3.0483870967741935,0.3936507936507937,False
SHORT_3.5_003,3.5,SHORT,2024-01-15T12:45:00.000000000Z,15.000000000000568,2.7999999999983594,19,3.5,TP_HIT,11.500000000000568,1.4738351254480289,PARTIAL_PLUS_TP,3.0483870967741935,0.3936507936507937,False
SHORT_3.5_003,3.5,SHORT,2024-01-15T12:46:00.000000000Z,13.399999999998968,4.3999999999999595,21,-3.5,SL_HIT,9.899999999998968,-3.5,SL_HIT,3.0483870967741935,0.3936507936507937,True
SHORT_3.5_003,3.5,SHORT,2024-01-15T12:47:00.000000000Z,14.399999999998858,3.4000000000000696,17,3.5,TP_HIT,10.899999999998858,1.4738351254480289,PARTIAL_PLUS_TP,3.0483870967741935,0.3936507936507937,False
SHORT_3.5_003,3.5,SHORT,2024-01-15T12:48:00.000000000Z,14.799999999999258,2.9999999999996696,16,3.5,TP_HIT,11.299999999999258,1.4738351254480289,PARTIAL_PLUS_TP,3.0483870967741935,0.3936507936507937,False
SHORT_3.5_003,3.5,SHORT,2024-01-15T12:49:00.000000000Z,16.199999999999548,1.5999999999993797,11,3.5,TP_HIT,12.699999999999548,1.4738351254480289,PARTIAL_PLUS_TP,3.0483870967741935,0.3936507936507937,False
SHORT_3.5_003,3.5,SHORT,2024-01-15T12:50:00.000000000Z,17.100000000001003,0.6999999999979245,7,3.5,TP_HIT,13.600000000001003,1.4738351254480289,PARTIAL_PLUS_TP,3.0483870967741935,0.3936507936507937,False
SHORT_3.5_003,3.5,SHORT,2024-01-15T12:51:00.000000000Z,15.600000000000058,2.1999999999988695,9,3.5,TP_HIT,12.100000000000058,1.4738351254480289,PARTIAL_PLUS_TP,3.0483870967741935,0.3936507936507937,False
SHORT_3.5_003,3.5,SHORT,2024-01-15T12:52:00.000000000Z,16.799999999999038,0.9999999999998899,8,3.5,TP_HIT,13.299999999999038,1.4738351254480289,PARTIAL_PLUS_TP,3.0483870967741935,0.3936507936507937,False
SHORT_3.5_003,3.5,SHORT,2024-01-15T12:53:00.000000000Z,17.799999999998928,0.0,4,3.5,TP_HIT,14.299999999998928,1.4738351254480289,PARTIAL_PLUS_TP,3.0483870967741935,0.3936507936507937,False
SHORT_3.5_003,3.5,SHORT,2024-01-15T12:54:00.000000000Z,17.799999999998928,0.0,3,3.5,TP_HIT,14.299999999998928,1.4738351254480289,PARTIAL_PLUS_TP,3.0483870967741935,0.3936507936507937,False
SHORT_3.5_003,3.5,SHORT,2024-01-15T12:55:00.000000000Z,16.40000000000086,0.0,5,3.5,TP_HIT,12.900000000000858,1.4738351254480289,PARTIAL_PLUS_TP,3.0483870967741935,0.3936507936507937,False
SHORT_3.5_003,3.5,SHORT,2024-01-15T12:56:00.000000000Z,16.00000000000046,0.0,4,3.5,TP_HIT,12.500000000000458,1.4738351254480289,PARTIAL_PLUS_TP,3.0483870967741935,0.3936507936507937,False
SHORT_3.5_003,3.5,SHORT,2024-01-15T12:57:00.000000000Z,13.600000000000279,0.9999999999998899,9,3.5,TP_HIT,10.100000000000279,1.4738351254480289,PARTIAL_PLUS_TP,3.0483870967741935,0.3936507936507937,False
SHORT_3.5_003,3.5,SHORT,2024-01-15T12:58:00.000000000Z,14.000000000000679,0.5999999999994898,6,3.5,TP_HIT,10.500000000000679,1.4738351254480289,PARTIAL_PLUS_TP,3.0483870967741935,0.3936507936507937,False
SHORT_3.5_003,3.5,SHORT,2024-01-15T12:59:00.000000000Z,14.600000000000168,0.0,5,3.5,TP_HIT,11.100000000000168,1.4738351254480289,PARTIAL_PLUS_TP,3.0483870967741935,0.3936507936507937,False
SHORT_3.5_003,3.5,SHORT,2024-01-15T13:00:00.000000000Z,11.699999999998933,1.6000000000016001,9,3.5,TP_HIT,8.199999999998933,1.4738351254480289,PARTIAL_PLUS_TP,3.0483870967741935,0.3936507936507937,False
SHORT_3.5_003,3.5,SHORT,2024-01-15T13:01:00.000000000Z,13.000000000000789,0.2999999999997449,7,3.5,TP_HIT,9.500000000000789,1.4738351254480289,PARTIAL_PLUS_TP,3.0483870967741935,0.3936507936507937,False
SHORT_3.5_003,3.5,SHORT,2024-01-15T13:02:00.000000000Z,12.600000000000389,0.700000000000145,6,3.5,TP_HIT,9.100000000000389,1.4738351254480289,PARTIAL_PLUS_TP,3.0483870967741935,0.3936507936507937,False
SHORT_3.5_003,3.5,SHORT,2024-01-15T13:03:00.000000000Z,11.600000000000499,1.7000000000000348,6,3.5,TP_HIT,8.100000000000499,1.6,PARTIAL_PLUS_TP,3.0483870967741935,0.3936507936507937,False
SHORT_3.5_003,3.5,SHORT,2024-01-15T13:04:00.000000000Z,10.200000000000209,3.1000000000003247,5,3.5,TP_HIT,6.700000000000209,1.4738351254480289,PARTIAL_PLUS_TP,3.0483870967741935,0.3936507936507937,False
SHORT_3.5_003,3.5,SHORT,2024-01-15T13:05:00.000000000Z,11.600000000000499,1.7000000000000348,4,3.5,TP_HIT,8.100000000000499,1.4738351254480289,PARTIAL_PLUS_TP,3.0483870967741935,0.3936507936507937,False
SHORT_3.5_003,3.5,SHORT,2024-01-15T13:06:00.000000000Z,9.999999999998899,3.300000000001635,3,3.5,TP_HIT,6.499999999998899,1.4738351254480289,PARTIAL_PLUS_TP,3.0483870967741935,0.3936507936507937,False
SHORT_3.5_003,3.5,SHORT,2024-01-15T13:07:00.000000000Z,9.600000000000719,3.6999999999998145,2,3.5,TP_HIT,6.100000000000719,-0.922222222222222,PARTIAL_THEN_SL,3.0483870967741935,0.3936507936507937,False
SHORT_3.5_003,3.5,SHORT,2024-01-15T13:08:00.000000000Z,8.20000000000043,5.1000000000001044,57,-3.5,SL_HIT,4.700000000000429,-3.5,SL_HIT,3.0483870967741935,0.3936507936507937,True
SHORT_3.5_003,3.5,SHORT,2024-01-15T13:09:00.000000000Z,5.599999999998939,7.7000000000015945,58,-3.5,SL_HIT,2.099999999998939,-3.5,SL_HIT,3.0483870967741935,0.3936507936507937,True
SHORT_3.5_003,3.5,SHORT,2024-01-15T13:10:00.000000000Z,7.399999999999629,5.9000000000009045,56,-3.5,SL_HIT,3.899999999999629,-3.5,SL_HIT,3.0483870967741935,0.3936507936507937,True
SHORT_3.5_003,3.5,SHORT,2024-01-15T13:11:00.000000000Z,8.799999999999919,4.500000000000615,54,-3.5,SL_HIT,5.299999999999919,-3.5,SL_HIT,3.0483870967741935,0.3936507936507937,True
SHORT_3.5_003,3.5,SHORT,2024-01-15T13:12:00.000000000Z,7.600000000000939,5.699999999999594,54,-3.5,SL_HIT,4.100000000000939,-3.5,SL_HIT,3.0483870967741935,0.3936507936507937,True
SHORT_3.5_003,3.5,SHORT,2024-01-15T13:13:00.000000000Z,6.800000000000139,6.500000000000394,53,-3.5,SL_HIT,3.3000000000001393,-3.5,SL_HIT,3.0483870967741935,0.3936507936507937,True
SHORT_3.5_003,3.5,SHORT,2024-01-15T13:14:00.000000000Z,6.800000000000139,6.500000000000394,52,-3.5,SL_HIT,3.3000000000001393,-3.5,SL_HIT,3.0483870967741935,0.3936507936507937,True
SHORT_3.5_003,3.5,SHORT,2024-01-15T13:15:00.000000000Z,6.200000000000649,7.099999999999884,51,-3.5,SL_HIT,2.7000000000006494,-3.5,SL_HIT,3.0483870967741935,0.3936507936507937,True
SHORT_3.5_003,3.5,SHORT,2024-01-15T13:16:00.000000000Z,8.399999999999519,4.900000000001015,49,-3.5,SL_HIT,4.899999999999519,-3.5,SL_HIT,3.0483870967741935,0.3936507936507937,True
SHORT_3.5_003,3.5,SHORT,2024-01-15T13:17:00.000000000Z,9.399999999999409,3.900000000001125,48,-3.5,SL_HIT,5.899999999999409,-3.5,SL_HIT,3.0483870967741935,0.3936507936507937,True
SHORT_3.5_003,3.5,SHORT,2024-01-15T13:18:00.000000000Z,9.300000000000974,3.9999999999995595,47,-3.5,SL_HIT,5.800000000000974,-3.5,SL_HIT,3.0483870967741935,0.3936507936507937,True
SHORT_3.5_003,3.5,SHORT,2024-01-15T13:19:00.000000000Z,11.200000000000099,2.100000000000435,45,3.5,TP_HIT,7.700000000000099,1.4738351254480289,PARTIAL_PLUS_TP,3.0483870967741935,0.3936507936507937,False
SHORT_3.5_003,3.5,SHORT,2024-01-15T13:20:00.000000000Z,11.200000000000099,2.100000000000435,44,3.5,TP_HIT,7.700000000000099,1.4738351254480289,PARTIAL_PLUS_TP,3.0483870967741935,0.3936507936507937,False
SHORT_3.5_003,3.5,SHORT,2024-01-15T13:21:00.000000000Z,11.200000000000099,2.100000000000435,43,3.5,TP_HIT,7.700000000000099,1.4738351254480289,PARTIAL_PLUS_TP,3.0483870967741935,0.3936507936507937,False
SHORT_3.5_003,3.5,SHORT,2024-01-15T13:22:00.000000000Z,9.600000000000719,3.6999999999998145,43,-3.5,SL_HIT,6.100000000000719,-3.5,SL_HIT,3.0483870967741935,0.3936507936507937,True
SHORT_3.5_003,3.5,SHORT,2024-01-15T13:23:00.000000000Z,9.600000000000719,3.6999999999998145,42,-3.5,SL_HIT,6.100000000000719,-3.5,SL_HIT,3.0483870967741935,0.3936507936507937,True
SHORT_3.5_003,3.5,SHORT,2024-01-15T13:24:00.000000000Z,9.200000000000319,4.100000000000215,41,-3.5,SL_HIT,5.700000000000319,-3.5,SL_HIT,3.0483870967741935,0.3936507936507937,True
SHORT_3.5_003,3.5,SHORT,2024-01-15T13:25:00.000000000Z,10.399999999999299,2.900000000001235,40,3.5,TP_HIT,6.899999999999299,1.4738351254480289,PARTIAL_PLUS_TP,3.0483870967741935,0.3936507936507937,False
SHORT_3.5_003,3.5,SHORT,2024-01-15T13:26:00.000000000Z,9.200000000000319,4.100000000000215,39,-3.5,SL_HIT,5.700000000000319,-3.5,SL_HIT,3.0483870967741935,0.3936507936507937,True
SHORT_3.5_003,3.5,SHORT,2024-01-15T13:27:00.000000000Z,10.300000000000864,2.9999999999996696,38,3.5,TP_HIT,6.800000000000864,1.4738351254480289,PARTIAL_PLUS_TP,3.0483870967741935,0.3936507936507937,False
SHORT_3.5_003,3.5,SHORT,2024-01-15T13:28:00.000000000Z,8.20000000000043,5.1000000000001044,37,-3.5,SL_HIT,4.700000000000429,-3.5,SL_HIT,3.0483870967741935,0.3936507936507937,True
SHORT_3.5_003,3.5,SHORT,2024-01-15T13:29:00.000000000Z,8.20000000000043,5.1000000000001044,36,-3.5,SL_HIT,4.700000000000429,-3.5,SL_HIT,3.0483870967741935,0.3936507936507937,True
SHORT_3.5_003,3.5,SHORT,2024-01-15T13:30:00.000000000Z,10.799999999999699,2.500000000000835,35,3.5,TP_HIT,7.299999999999699,1.4738351254480289,PARTIAL_PLUS_TP,3.0483870967741935,0.3936507936507937,False
SHORT_3.5_003,3.5,SHORT,2024-01-15T13:31:00.000000000Z,12.300000000000644,0.9999999999998899,32,3.5,TP_HIT,8.800000000000644,1.4738351254480289,PARTIAL_PLUS_TP,3.0483870967741935,0.3936507936507937,False
SHORT_3.5_003,3.5,SHORT,2024-01-15T13:32:00.000000000Z,12.399999999999078,0.9000000000014552,31,3.5,TP_HIT,8.899999999999078,1.4738351254480289,PARTIAL_PLUS_TP,3.0483870967741935,0.3936507936507937,False
SHORT_3.5_003,3.5,SHORT,2024-01-15T13:33:00.000000000Z,12.000000000000899,1.2999999999996348,30,3.5,TP_HIT,8.500000000000899,1.4738351254480289,PARTIAL_PLUS_TP,3.0483870967741935,0.3936507936507937,False
SHORT_3.5_003,3.5,SHORT,2024-01-15T13:34:00.000000000Z,12.700000000001044,0.5999999999994898,29,3.5,TP_HIT,9.200000000001044,1.4738351254480289,PARTIAL_PLUS_TP,3.0483870967741935,0.3936507936507937,False
SHORT_3.5_003,3.5,SHORT,2024-01-15T13:35:00.000000000Z,13.300000000000534,0.0,6,3.5,TP_HIT,9.800000000000534,1.4738351254480289,PARTIAL_PLUS_TP,3.0483870967741935,0.3936507936507937,False
SHORT_3.5_003,3.5,SHORT,2024-01-15T13:36:00.000000000Z,11.399999999999189,0.9000000000014552,28,3.5,TP_HIT,7.899999999999189,1.4738351254480289,PARTIAL_PLUS_TP,3.0483870967741935,0.3936507936507937,False
SHORT_3.5_003,3.5,SHORT,2024-01-15T13:37:00.000000000Z,9.900000000000464,2.4000000000001798,28,3.5,TP_HIT,6.400000000000464,1.4738351254480289,PARTIAL_PLUS_TP,3.0483870967741935,0.3936507936507937,False
SHORT_3.5_003,3.5,SHORT,2024-01-15T13:38:00.000000000Z,10.799999999999699,1.500000000000945,27,3.5,TP_HIT,7.299999999999699,1.4738351254480289,PARTIAL_PLUS_TP,3.0483870967741935,0.3936507936507937,False
SHORT_3.5_003,3.5,SHORT,2024-01-15T13:39:00.000000000Z,10.699999999999044,1.6000000000016001,26,3.5,TP_HIT,7.199999999999044,1.4738351254480289,PARTIAL_PLUS_TP,3.0483870967741935,0.3936507936507937,False
SHORT_3.5_003,3.5,SHORT,2024-01-15T13:40:00.000000000Z,9.999999999998899,2.300000000001745,25,3.5,TP_HIT,6.499999999998899,1.4738351254480289,PARTIAL_PLUS_TP,3.0483870967741935,0.3936507936507937,False
SHORT_3.5_003,3.5,SHORT,2024-01-15T13:41:00.000000000Z,9.399999999999409,2.900000000001235,24,3.5,TP_HIT,5.899999999999409,1.4738351254480289,PARTIAL_PLUS_TP,3.0483870967741935,0.3936507936507937,False
SHORT_3.5_003,3.5,SHORT,2024-01-15T13:42:00.000000000Z,9.900000000000464,2.4000000000001798,23,3.5,TP_HIT,6.400000000000464,1.4738351254480289,PARTIAL_PLUS_TP,3.0483870967741935,0.3936507936507937,False
SHORT_3.5_003,3.5,SHORT,2024-01-15T13:43:00.000000000Z,10.200000000000209,2.100000000000435,22,3.5,TP_HIT,6.700000000000209,1.4738351254480289,PARTIAL_PLUS_TP,3.0483870967741935,0.3936507936507937,False
SHORT_3.5_003,3.5,SHORT,2024-01-15T13:44:00.000000000Z,10.600000000000609,1.7000000000000348,21,3.5,TP_HIT,7.100000000000609,1.4738351254480289,PARTIAL_PLUS_TP,3.0483870967741935,0.3936507936507937,False
SHORT_3.5_003,3.5,SHORT,2024-01-15T13:45:00.000000000Z,10.600000000000609,1.7000000000000348,20,3.5,TP_HIT,7.100000000000609,1.4738351254480289,PARTIAL_PLUS_TP,3.0483870967741935,0.3936507936507937,False
SHORT_3.5_003,3.5,SHORT,2024-01-15T13:46:00.000000000Z,10.200000000000209,2.100000000000435,19,3.5,TP_HIT,6.700000000000209,1.4738351254480289,PARTIAL_PLUS_TP,3.0483870967741935,0.3936507936507937,False
SHORT_3.5_003,3.5,SHORT,2024-01-15T13:47:00.000000000Z,9.799999999999809,2.500000000000835,18,3.5,TP_HIT,6.299999999999809,1.4738351254480289,PARTIAL_PLUS_TP,3.0483870967741935,0.3936507936507937,False
SHORT_3.5_003,3.5,SHORT,2024-01-15T13:48:00.000000000Z,10.200000000000209,2.100000000000435,17,3.5,TP_HIT,6.700000000000209,1.4738351254480289,PARTIAL_PLUS_TP,3.0483870967741935,0.3936507936507937,False
SHORT_3.5_003,3.5,SHORT,2024-01-15T13:49:00.000000000Z,11.000000000001009,1.2999999999996348,16,3.5,TP_HIT,7.500000000001009,1.4738351254480289,PARTIAL_PLUS_TP,3.0483870967741935,0.3936507936507937,False
SHORT_3.5_003,3.5,SHORT,2024-01-15T13:50:00.000000000Z,11.600000000000499,0.700000000000145,14,3.5,TP_HIT,8.100000000000499,1.4738351254480289,PARTIAL_PLUS_TP,3.0483870967741935,0.3936507936507937,False
SHORT_3.5_003,3.5,SHORT,2024-01-15T13:51:00.000000000Z,12.300000000000644,0.0,12,3.5,TP_HIT,8.800000000000644,1.4738351254480289,PARTIAL_PLUS_TP,3.0483870967741935,0.3936507936507937,False
SHORT_3.5_003,3.5,SHORT,2024-01-15T13:52:00.000000000Z,11.000000000001009,1.1999999999989797,13,3.5,TP_HIT,7.500000000001009,1.4738351254480289,PARTIAL_PLUS_TP,3.0483870967741935,0.3936507936507937,False
SHORT_3.5_003,3.5,SHORT,2024-01-15T13:53:00.000000000Z,10.499999999999954,1.7000000000000348,12,3.5,TP_HIT,6.999999999999954,1.4738351254480289,PARTIAL_PLUS_TP,3.0483870967741935,0.3936507936507937,False
SHORT_3.5_003,3.5,SHORT,2024-01-15T13:54:00.000000000Z,9.900000000000464,2.2999999999995246,11,3.5,TP_HIT,6.400000000000464,1.4738351254480289,PARTIAL_PLUS_TP,3.0483870967741935,0.3936507936507937,False
SHORT_3.5_003,3.5,SHORT,2024-01-15T13:55:00.000000000Z,10.600000000000609,1.5999999999993797,10,3.5,TP_HIT,7.100000000000609,1.4738351254480289,PARTIAL_PLUS_TP,3.0483870967741935,0.3936507936507937,False
SHORT_3.5_003,3.5,SHORT,2024-01-15T13:56:00.000000000Z,10.499999999999954,1.7000000000000348,9,3.5,TP_HIT,6.999999999999954,1.4738351254480289,PARTIAL_PLUS_TP,3.0483870967741935,0.3936507936507937,False
SHORT_3.5_003,3.5,SHORT,2024-01-15T13:57:00.000000000Z,10.700000000001264,1.9999999999997797,8,3.5,TP_HIT,7.200000000001264,1.4738351254480289,PARTIAL_PLUS_TP,3.0483870967741935,0.3936507936507937,False
SHORT_3.5_003,3.5,SHORT,2024-01-15T13:58:00.000000000Z,12.400000000001299,0.5999999999994898,6,3.5,TP_HIT,8.900000000001299,1.4738351254480289,PARTIAL_PLUS_TP,3.0483870967741935,0.3936507936507937,False
SHORT_3.5_003,3.5,SHORT,2024-01-15T13:59:00.000000000Z,12.199999999999989,0.8000000000008001,5,3.5,TP_HIT,8.699999999999989,1.4738351254480289,PARTIAL_PLUS_TP,3.0483870967741935,0.3936507936507937,False
SHORT_3.5_003,3.5,SHORT,2024-01-15T14:00:00.000000000Z,11.800000000001809,1.1999999999989797,5,3.5,TP_HIT,8.300000000001809,1.4738351254480289,PARTIAL_PLUS_TP,3.0483870967741935,0.3936507936507937,False
SHORT_3.5_003,3.5,SHORT,2024-01-15T14:01:00.000000000Z,13.000000000000789,0.0,2,3.5,TP_HIT,9.500000000000789,1.4738351254480289,PARTIAL_PLUS_TP,3.0483870967741935,0.3936507936507937,False
SHORT_3.5_003,3.5,SHORT,2024-01-15T14:02:00.000000000Z,10.40000000000152,0.0,3,3.5,TP_HIT,6.900000000001519,1.4738351254480289,PARTIAL_PLUS_TP,3.0483870967741935,0.3936507936507937,False
SHORT_3.5_003,3.5,SHORT,2024-01-15T14:03:00.000000000Z,9.00000000000123,0.0,2,3.5,TP_HIT,5.500000000001229,1.4738351254480289,PARTIAL_PLUS_TP,3.0483870967741935,0.3936507936507937,False
SHORT_3.5_003,3.5,SHORT,2024-01-15T14:04:00.000000000Z,8.40000000000174,0.0,2,3.5,TP_HIT,4.900000000001739,1.4738351254480289,PARTIAL_PLUS_TP,3.0483870967741935,0.3936507936507937,False
SHORT_3.5_003,3.5,SHORT,2024-01-15T14:05:00.000000000Z,5.20000000000076,2.9999999999996696,9,3.5,TP_HIT,1.7000000000007596,1.4738351254480289,PARTIAL_PLUS_TP,3.0483870967741935,0.3936507936507937,False
SHORT_3.5_003,3.5,SHORT,2024-01-15T14:06:00.000000000Z,2.9999999999996696,5.20000000000076,101,-3.5,SL_HIT,0.0,-3.5,SL_HIT,3.0483870967741935,0.3936507936507937,True
SHORT_3.5_003,3.5,SHORT,2024-01-15T14:07:00.000000000Z,2.500000000000835,5.699999999999594,101,-3.5,SL_HIT,0.0,-3.5,SL_HIT,3.0483870967741935,0.3936507936507937,True
SHORT_3.5_003,3.5,SHORT,2024-01-15T14:08:00.000000000Z,1.80000000000069,6.399999999999739,101,-3.5,SL_HIT,0.0,-3.5,SL_HIT,3.0483870967741935,0.3936507936507937,True
SHORT_3.5_003,3.5,SHORT,2024-01-15T14:09:00.000000000Z,2.80000000000058,5.399999999999849,101,-3.5,SL_HIT,0.0,-3.5,SL_HIT,3.0483870967741935,0.3936507936507937,True
SHORT_3.5_003,3.5,SHORT,2024-01-15T14:10:00.000000000Z,1.9999999999997797,6.500000000000394,101,-3.5,SL_HIT,0.0,-3.5,SL_HIT,3.0483870967741935,0.3936507936507937,True
SHORT_3.5_003,3.5,SHORT,2024-01-15T14:11:00.000000000Z,2.4000000000001798,6.399999999999739,101,-3.5,SL_HIT,0.0,-3.5,SL_HIT,3.0483870967741935,0.3936507936507937,True
SHORT_3.5_003,3.5,SHORT,2024-01-15T14:12:00.000000000Z,2.20000000000109,6.599999999998829,101,-3.5,SL_HIT,0.0,-3.5,SL_HIT,3.0483870967741935,0.3936507936507937,True
SHORT_3.5_003,3.5,SHORT,2024-01-15T14:13:00.000000000Z,2.300000000001745,7.899999999998464,101,-3.5,SL_HIT,0.0,-3.5,SL_HIT,3.0483870967741935,0.3936507936507937,True
SHORT_3.5_003,3.5,SHORT,2024-01-15T14:14:00.000000000Z,1.500000000000945,9.299999999998754,101,-3.5,SL_HIT,0.0,-3.5,SL_HIT,3.0483870967741935,0.3936507936507937,True
SHORT_3.5_004,3.5,SHORT,2024-01-15T14:24:00.000000000Z,4.20000000000087,8.299999999998864,73,-3.5,SL_HIT,0.7000000000008697,-0.922222222222222,PARTIAL_THEN_SL,3.0483870967741935,0.3936507936507937,True
SHORT_3.5_004,3.5,SHORT,2024-01-15T14:25:00.000000000Z,2.80000000000058,9.699999999999154,101,-3.5,SL_HIT,0.0,-3.5,SL_HIT,3.0483870967741935,0.3936507936507937,True
SHORT_3.5_004,3.5,SHORT,2024-01-15T14:26:00.000000000Z,4.699999999999704,7.800000000000029,46,3.5,TP_HIT,1.1999999999997044,-0.922222222222222,PARTIAL_THEN_SL,3.0483870967741935,0.3936507936507937,False
SHORT_3.5_004,3.5,SHORT,2024-01-15T14:27:00.000000000Z,4.3999999999999595,8.099999999999774,45,3.5,TP_HIT,0.8999999999999595,-0.922222222222222,PARTIAL_THEN_SL,3.0483870967741935,0.3936507936507937,False
SHORT_3.5_004,3.5,SHORT,2024-01-15T14:28:00.000000000Z,3.4000000000000696,9.099999999999664,101,-3.5,SL_HIT,0.0,-3.5,SL_HIT,3.0483870967741935,0.3936507936507937,True
SHORT_3.5_004,3.5,SHORT,2024-01-15T14:29:00.000000000Z,3.60000000000138,8.899999999998354,69,-3.5,SL_HIT,0.10000000000137987,-3.5,SL_HIT,3.0483870967741935,0.3936507936507937,True
SHORT_3.5_004,3.5,SHORT,2024-01-15T14:30:00.000000000Z,5.20000000000076,7.299999999998974,42,3.5,TP_HIT,1.7000000000007596,-0.922222222222222,PARTIAL_THEN_SL,3.0483870967741935,0.3936507936507937,False
SHORT_3.5_004,3.5,SHORT,2024-01-15T14:31:00.000000000Z,4.20000000000087,8.299999999998864,66,-3.5,SL_HIT,0.7000000000008697,-0.922222222222222,PARTIAL_THEN_SL,3.0483870967741935,0.3936507936507937,True
SHORT_3.5_004,3.5,SHORT,2024-01-15T14:32:00.000000000Z,3.60000000000138,8.899999999998354,66,-3.5,SL_HIT,0.10000000000137987,-3.5,SL_HIT,3.0483870967741935,0.3936507936507937,True
SHORT_3.5_004,3.5,SHORT,2024-01-15T14:33:00.000000000Z,4.20000000000087,8.299999999998864,64,-3.5,SL_HIT,0.7000000000008697,-0.922222222222222,PARTIAL_THEN_SL,3.0483870967741935,0.3936507936507937,True
SHORT_3.5_004,3.5,SHORT,2024-01-15T14:34:00.000000000Z,3.6999999999998145,8.799999999999919,64,-3.5,SL_HIT,0.19999999999981455,-3.5,SL_HIT,3.0483870967741935,0.3936507936507937,True
SHORT_3.5_004,3.5,SHORT,2024-01-15T14:35:00.000000000Z,2.60000000000149,9.899999999998244,101,-3.5,SL_HIT,0.0,-3.5,SL_HIT,3.0483870967741935,0.3936507936507937,True
SHORT_3.5_004,3.5,SHORT,2024-01-15T14:36:00.000000000Z,4.00000000000178,8.499999999997954,61,-3.5,SL_HIT,0.5000000000017799,-0.922222222222222,PARTIAL_THEN_SL,3.0483870967741935,0.3936507936507937,True
SHORT_3.5_004,3.5,SHORT,2024-01-15T14:37:00.000000000Z,2.60000000000149,9.899999999998244,101,-3.5,SL_HIT,0.0,-3.5,SL_HIT,3.0483870967741935,0.3936507936507937,True
SHORT_3.5_004,3.5,SHORT,2024-01-15T14:38:00.000000000Z,3.6999999999998145,8.799999999999919,60,-3.5,SL_HIT,0.19999999999981455,-3.5,SL_HIT,3.0483870967741935,0.3936507936507937,True
SHORT_3.5_004,3.5,SHORT,2024-01-15T14:39:00.000000000Z,4.60000000000127,7.899999999998464,33,3.5,TP_HIT,1.1000000000012697,-0.922222222222222,PARTIAL_THEN_SL,3.0483870967741935,0.3936507936507937,False
SHORT_3.5_004,3.5,SHORT,2024-01-15T14:40:00.000000000Z,4.60000000000127,7.899999999998464,32,3.5,TP_HIT,1.1000000000012697,-0.922222222222222,PARTIAL_THEN_SL,3.0483870967741935,0.3936507936507937,False
SHORT_3.5_004,3.5,SHORT,2024-01-15T14:41:00.000000000Z,4.60000000000127,7.899999999998464,31,3.5,TP_HIT,1.1000000000012697,-0.922222222222222,PARTIAL_THEN_SL,3.0483870967741935,0.3936507936507937,False
SHORT_3.5_004,3.5,SHORT,2024-01-15T14:42:00.000000000Z,4.3999999999999595,8.099999999999774,30,3.5,TP_HIT,0.8999999999999595,-0.922222222222222,PARTIAL_THEN_SL,3.0483870967741935,0.3936507936507937,False
SHORT_3.5_004,3.5,SHORT,2024-01-15T14:43:00.000000000Z,4.20000000000087,8.299999999998864,54,-3.5,SL_HIT,0.7000000000008697,-0.922222222222222,PARTIAL_THEN_SL,3.0483870967741935,0.3936507936507937,True
SHORT_3.5_004,3.5,SHORT,2024-01-15T14:44:00.000000000Z,4.500000000000615,7.999999999999119,28,3.5,TP_HIT,1.0000000000006146,-0.922222222222222,PARTIAL_THEN_SL,3.0483870967741935,0.3936507936507937,False
SHORT_3.5_004,3.5,SHORT,2024-01-15T14:45:00.000000000Z,4.60000000000127,7.899999999998464,27,3.5,TP_HIT,1.1000000000012697,-0.922222222222222,PARTIAL_THEN_SL,3.0483870967741935,0.3936507936507937,False
SHORT_3.5_004,3.5,SHORT,2024-01-15T14:46:00.000000000Z,3.20000000000098,9.299999999998754,101,-3.5,SL_HIT,0.0,-3.5,SL_HIT,3.0483870967741935,0.3936507936507937,True
SHORT_3.5_004,3.5,SHORT,2024-01-15T14:47:00.000000000Z,3.8000000000004697,9.600000000000719,50,-3.5,SL_HIT,0.30000000000046967,-3.5,SL_HIT,3.0483870967741935,0.3936507936507937,True
SHORT_3.5_004,3.5,SHORT,2024-01-15T14:48:00.000000000Z,4.00000000000178,9.500000000000064,49,-3.5,SL_HIT,0.5000000000017799,-0.922222222222222,PARTIAL_THEN_SL,3.0483870967741935,0.3936507936507937,True
SHORT_3.5_004,3.5,SHORT,2024-01-15T14:49:00.000000000Z,3.1000000000003247,11.000000000001009,101,-3.5,SL_HIT,0.0,-3.5,SL_HIT,3.0483870967741935,0.3936507936507937,True
SHORT_3.5_004,3.5,SHORT,2024-01-15T14:50:00.000000000Z,2.500000000000835,11.600000000000499,101,-3.5,SL_HIT,0.0,-3.5,SL_HIT,3.0483870967741935,0.3936507936507937,True
SHORT_3.5_004,3.5,SHORT,2024-01-15T14:51:00.000000000Z,2.60000000000149,11.499999999999844,101,-3.5,SL_HIT,0.0,-3.5,SL_HIT,3.0483870967741935,0.3936507936507937,True
SHORT_3.5_004,3.5,SHORT,2024-01-15T14:52:00.000000000Z,2.4000000000001798,11.700000000001154,101,-3.5,SL_HIT,0.0,-3.5,SL_HIT,3.0483870967741935,0.3936507936507937,True
SHORT_3.5_004,3.5,SHORT,2024-01-15T14:53:00.000000000Z,2.60000000000149,11.499999999999844,101,-3.5,SL_HIT,0.0,-3.5,SL_HIT,3.0483870967741935,0.3936507936507937,True
SHORT_3.5_004,3.5,SHORT,2024-01-15T14:54:00.000000000Z,2.4000000000001798,11.700000000001154,101,-3.5,SL_HIT,0.0,-3.5,SL_HIT,3.0483870967741935,0.3936507936507937,True
SHORT_3.5_004,3.5,SHORT,2024-01-15T14:55:00.000000000Z,3.20000000000098,10.900000000000354,101,-3.5,SL_HIT,0.0,-3.5,SL_HIT,3.0483870967741935,0.3936507936507937,True
SHORT_3.5_004,3.5,SHORT,2024-01-15T14:56:00.000000000Z,4.100000000000215,10.000000000001119,41,-3.5,SL_HIT,0.6000000000002146,-0.922222222222222,PARTIAL_THEN_SL,3.0483870967741935,0.3936507936507937,True
SHORT_3.5_004,3.5,SHORT,2024-01-15T14:57:00.000000000Z,5.20000000000076,8.900000000000574,15,3.5,TP_HIT,1.7000000000007596,-0.922222222222222,PARTIAL_THEN_SL,3.0483870967741935,0.3936507936507937,False
SHORT_3.5_004,3.5,SHORT,2024-01-15T14:58:00.000000000Z,4.60000000000127,9.500000000000064,14,3.5,TP_HIT,1.1000000000012697,-0.922222222222222,PARTIAL_THEN_SL,3.0483870967741935,0.3936507936507937,False
SHORT_3.5_004,3.5,SHORT,2024-01-15T14:59:00.000000000Z,5.00000000000167,9.099999999999664,13,3.5,TP_HIT,1.5000000000016698,-0.922222222222222,PARTIAL_THEN_SL,3.0483870967741935,0.3936507936507937,False
SHORT_3.5_004,3.5,SHORT,2024-01-15T15:00:00.000000000Z,5.800000000000249,8.300000000001084,12,3.5,TP_HIT,2.3000000000002494,-0.922222222222222,PARTIAL_THEN_SL,3.0483870967741935,0.3936507936507937,False
SHORT_3.5_004,3.5,SHORT,2024-01-15T15:01:00.000000000Z,3.8000000000004697,10.300000000000864,36,-3.5,SL_HIT,0.30000000000046967,-3.5,SL_HIT,3.0483870967741935,0.3936507936507937,True
SHORT_3.5_004,3.5,SHORT,2024-01-15T15:02:00.000000000Z,3.4000000000000696,10.700000000001264,101,-3.5,SL_HIT,0.0,-3.5,SL_HIT,3.0483870967741935,0.3936507936507937,True
SHORT_3.5_004,3.5,SHORT,2024-01-15T15:03:00.000000000Z,4.100000000000215,10.000000000001119,34,-3.5,SL_HIT,0.6000000000002146,-0.922222222222222,PARTIAL_THEN_SL,3.0483870967741935,0.3936507936507937,True
SHORT_3.5_004,3.5,SHORT,2024-01-15T15:04:00.000000000Z,5.399999999999849,8.700000000001484,8,3.5,TP_HIT,1.8999999999998494,-0.922222222222222,PARTIAL_THEN_SL,3.0483870967741935,0.3936507936507937,False
SHORT_3.5_004,3.5,SHORT,2024-01-15T15:05:00.000000000Z,6.200000000000649,7.900000000000684,7,3.5,TP_HIT,2.7000000000006494,-0.922222222222222,PARTIAL_THEN_SL,3.0483870967741935,0.3936507936507937,False
SHORT_3.5_004,3.5,SHORT,2024-01-15T15:06:00.000000000Z,6.099999999999994,8.00000000000134,6,3.5,TP_HIT,2.5999999999999943,-0.922222222222222,PARTIAL_THEN_SL,3.0483870967741935,0.3936507936507937,False
SHORT_3.5_004,3.5,SHORT,2024-01-15T15:07:00.000000000Z,7.0000000000014495,7.099999999999884,4,3.5,TP_HIT,3.5000000000014495,-0.922222222222222,PARTIAL_THEN_SL,3.0483870967741935,0.3936507936507937,False
SHORT_3.5_004,3.5,SHORT,2024-01-15T15:08:00.000000000Z,6.099999999999994,8.00000000000134,4,3.5,TP_HIT,2.5999999999999943,-0.922222222222222,PARTIAL_THEN_SL,3.0483870967741935,0.3936507936507937,False
SHORT_3.5_004,3.5,SHORT,2024-01-15T15:09:00.000000000Z,5.9000000000009045,8.20000000000043,3,3.5,TP_HIT,2.4000000000009045,-0.922222222222222,PARTIAL_THEN_SL,3.0483870967741935,0.3936507936507937,False
SHORT_3.5_004,3.5,SHORT,2024-01-15T15:10:00.000000000Z,5.1000000000001044,9.00000000000123,2,3.5,TP_HIT,1.6000000000001044,-0.922222222222222,PARTIAL_THEN_SL,3.0483870967741935,0.3936507936507937,False
SHORT_3.5_004,3.5,SHORT,2024-01-15T15:11:00.000000000Z,3.4000000000000696,10.700000000001264,101,-3.5,SL_HIT,0.0,-3.5,SL_HIT,3.0483870967741935,0.3936507936507937,True
SHORT_3.5_004,3.5,SHORT,2024-01-15T15:12:00.000000000Z,0.8000000000008001,13.300000000000534,101,-3.5,SL_HIT,0.0,-3.5,SL_HIT,3.0483870967741935,0.3936507936507937,True
SHORT_3.5_004,3.5,SHORT,2024-01-15T15:13:00.000000000Z,2.60000000000149,11.499999999999844,101,-3.5,SL_HIT,0.0,-3.5,SL_HIT,3.0483870967741935,0.3936507936507937,True
SHORT_3.5_004,3.5,SHORT,2024-01-15T15:14:00.000000000Z,2.6999999999999247,11.400000000001409,101,-3.5,SL_HIT,0.0,-3.5,SL_HIT,3.0483870967741935,0.3936507936507937,True
SHORT_3.5_004,3.5,SHORT,2024-01-15T15:15:00.000000000Z,3.5000000000007248,10.600000000000609,23,-3.5,SL_HIT,7.247535904753022e-13,-3.5,SL_HIT,3.0483870967741935,0.3936507936507937,True
SHORT_3.5_004,3.5,SHORT,2024-01-15T15:16:00.000000000Z,4.00000000000178,10.099999999999554,21,-3.5,SL_HIT,0.5000000000017799,-3.5,SL_HIT,3.0483870967741935,0.3936507936507937,True
SHORT_3.5_004,3.5,SHORT,2024-01-15T15:17:00.000000000Z,2.9999999999996696,11.100000000001664,101,-3.5,SL_HIT,0.0,-3.5,SL_HIT,3.0483870967741935,0.3936507936507937,True
SHORT_3.5_004,3.5,SHORT,2024-01-15T15:18:00.000000000Z,2.80000000000058,11.300000000000754,101,-3.5,SL_HIT,0.0,-3.5,SL_HIT,3.0483870967741935,0.3936507936507937,True
SHORT_3.5_004,3.5,SHORT,2024-01-15T15:19:00.000000000Z,2.80000000000058,11.300000000000754,101,-3.5,SL_HIT,0.0,-3.5,SL_HIT,3.0483870967741935,0.3936507936507937,True
SHORT_3.5_004,3.5,SHORT,2024-01-15T15:20:00.000000000Z,2.500000000000835,11.600000000000499,101,-3.5,SL_HIT,0.0,-3.5,SL_HIT,3.0483870967741935,0.3936507936507937,True
SHORT_3.5_004,3.5,SHORT,2024-01-15T15:21:00.000000000Z,2.60000000000149,11.499999999999844,101,-3.5,SL_HIT,0.0,-3.5,SL_HIT,3.0483870967741935,0.3936507936507937,True
SHORT_3.5_004,3.5,SHORT,2024-01-15T15:22:00.000000000Z,4.8000000000003595,9.300000000000974,15,3.5,TP_HIT,1.3000000000003595,-0.922222222222222,PARTIAL_THEN_SL,3.0483870967741935,0.3936507936507937,False
SHORT_3.5_004,3.5,SHORT,2024-01-15T15:23:00.000000000Z,2.9999999999996696,11.100000000001664,101,-3.5,SL_HIT,0.0,-3.5,SL_HIT,3.0483870967741935,0.3936507936507937,True
SHORT_3.5_004,3.5,SHORT,2024-01-15T15:24:00.000000000Z,5.00000000000167,9.099999999999664,13,3.5,TP_HIT,1.5000000000016698,-0.922222222222222,PARTIAL_THEN_SL,3.0483870967741935,0.3936507936507937,False
SHORT_3.5_004,3.5,SHORT,2024-01-15T15:25:00.000000000Z,7.600000000000939,6.500000000000394,6,3.5,TP_HIT,4.100000000000939,-0.922222222222222,PARTIAL_THEN_SL,3.0483870967741935,0.3936507936507937,False
SHORT_3.5_004,3.5,SHORT,2024-01-15T15:26:00.000000000Z,8.20000000000043,5.9000000000009045,4,3.5,TP_HIT,4.700000000000429,-0.922222222222222,PARTIAL_THEN_SL,3.0483870967741935,0.3936507936507937,False
SHORT_3.5_004,3.5,SHORT,2024-01-15T15:27:00.000000000Z,6.399999999999739,7.7000000000015945,8,3.5,TP_HIT,2.8999999999997392,-0.922222222222222,PARTIAL_THEN_SL,3.0483870967741935,0.3936507936507937,False
SHORT_3.5_004,3.5,SHORT,2024-01-15T15:28:00.000000000Z,6.00000000000156,8.099999999999774,7,3.5,TP_HIT,2.5000000000015596,-0.922222222222222,PARTIAL_THEN_SL,3.0483870967741935,0.3936507936507937,False
SHORT_3.5_004,3.5,SHORT,2024-01-15T15:29:00.000000000Z,6.900000000000794,7.200000000000539,4,3.5,TP_HIT,3.4000000000007944,-0.922222222222222,PARTIAL_THEN_SL,3.0483870967741935,0.3936507936507937,False
SHORT_3.5_004,3.5,SHORT,2024-01-15T15:30:00.000000000Z,4.60000000000127,9.500000000000064,7,3.5,TP_HIT,1.1000000000012697,-0.922222222222222,PARTIAL_THEN_SL,3.0483870967741935,0.3936507936507937,False
SHORT_3.5_004,3.5,SHORT,2024-01-15T15:31:00.000000000Z,4.00000000000178,10.099999999999554,6,3.5,TP_HIT,0.5000000000017799,-0.922222222222222,PARTIAL_THEN_SL,3.0483870967741935,0.3936507936507937,False
SHORT_3.5_004,3.5,SHORT,2024-01-15T15:32:00.000000000Z,3.8000000000004697,10.300000000000864,5,3.5,TP_HIT,0.30000000000046967,-0.922222222222222,PARTIAL_THEN_SL,3.0483870967741935,0.3936507936507937,False
SHORT_3.5_004,3.5,SHORT,2024-01-15T15:33:00.000000000Z,3.300000000001635,10.799999999999699,101,-3.5,SL_HIT,0.0,-0.922222222222222,PARTIAL_THEN_SL,3.0483870967741935,0.3936507936507937,True
SHORT_3.5_004,3.5,SHORT,2024-01-15T15:34:00.000000000Z,2.9999999999996696,11.100000000001664,101,-3.5,SL_HIT,0.0,-3.5,SL_HIT,3.0483870967741935,0.3936507936507937,True
SHORT_3.5_004,3.5,SHORT,2024-01-15T15:35:00.000000000Z,2.500000000000835,11.600000000000499,101,-3.5,SL_HIT,0.0,-3.5,SL_HIT,3.0483870967741935,0.3936507936507937,True
SHORT_3.5_004,3.5,SHORT,2024-01-15T15:36:00.000000000Z,1.6000000000016001,12.499999999999734,101,-3.5,SL_HIT,0.0,-3.5,SL_HIT,3.0483870967741935,0.3936507936507937,True
SHORT_3.5_004,3.5,SHORT,2024-01-15T15:37:00.000000000Z,0.2999999999997449,13.800000000001589,101,-3.5,SL_HIT,0.0,-3.5,SL_HIT,3.0483870967741935,0.3936507936507937,True
SHORT_3.5_004,3.5,SHORT,2024-01-15T15:38:00.000000000Z,0.0,14.100000000001334,101,-3.5,SL_HIT,0.0,-3.5,SL_HIT,3.0483870967741935,0.3936507936507937,True
SHORT_3.5_005,3.5,SHORT,2024-01-15T15:58:00.000000000Z,3.6999999999998145,1.7000000000000348,59,3.5,TP_HIT,0.19999999999981455,1.4738351254480289,PARTIAL_PLUS_TP,3.0483870967741935,0.3936507936507937,False
SHORT_3.5_005,3.5,SHORT,2024-01-15T15:59:00.000000000Z,2.6999999999999247,2.6999999999999247,101,2.4000000000001798,TIMEOUT,0.0,2.4000000000001798,TIMEOUT,3.0483870967741935,0.3936507936507937,False
SHORT_3.5_005,3.5,SHORT,2024-01-15T16:00:00.000000000Z,3.7999999999982492,1.6000000000016001,57,3.5,TP_HIT,0.2999999999982492,1.4738351254480289,PARTIAL_PLUS_TP,3.0483870967741935,0.3936507936507937,False
SHORT_3.5_005,3.5,SHORT,2024-01-15T16:01:00.000000000Z,3.7999999999982492,1.6000000000016001,56,3.5,TP_HIT,0.2999999999982492,1.4738351254480289,PARTIAL_PLUS_TP,3.0483870967741935,0.3936507936507937,False
SHORT_3.5_005,3.5,SHORT,2024-01-15T16:02:00.000000000Z,3.4000000000000696,1.9999999999997797,101,3.1000000000003247,TIMEOUT,0.0,1.2000000000000002,PARTIAL_ONLY,3.0483870967741935,0.3936507936507937,False
SHORT_3.5_005,3.5,SHORT,2024-01-15T16:03:00.000000000Z,2.2999999999995246,3.1000000000003247,101,1.9999999999997797,TIMEOUT,0.0,1.9999999999997797,TIMEOUT,3.0483870967741935,0.3936507936507937,False
SHORT_3.5_005,3.5,SHORT,2024-01-15T16:04:00.000000000Z,1.2999999999996348,4.100000000000215,101,-3.5,SL_HIT,0.0,-3.5,SL_HIT,3.0483870967741935,0.3936507936507937,True
SHORT_3.5_005,3.5,SHORT,2024-01-15T16:05:00.000000000Z,1.7000000000000348,3.6999999999998145,101,-3.5,SL_HIT,0.0,-3.5,SL_HIT,3.0483870967741935,0.3936507936507937,True
SHORT_3.5_005,3.5,SHORT,2024-01-15T16:06:00.000000000Z,1.9999999999997797,3.4000000000000696,101,1.7000000000000348,TIMEOUT,0.0,1.7000000000000348,TIMEOUT,3.0483870967741935,0.3936507936507937,False
SHORT_3.5_005,3.5,SHORT,2024-01-15T16:07:00.000000000Z,1.8999999999991246,3.5000000000007248,101,-3.5,SL_HIT,0.0,-3.5,SL_HIT,3.0483870967741935,0.3936507936507937,True
SHORT_3.5_005,3.5,SHORT,2024-01-15T16:08:00.000000000Z,1.7999999999984695,3.60000000000138,101,-3.5,SL_HIT,0.0,-3.5,SL_HIT,3.0483870967741935,0.3936507936507937,True
SHORT_3.5_005,3.5,SHORT,2024-01-15T16:09:00.000000000Z,1.8999999999991246,3.5000000000007248,101,-3.5,SL_HIT,0.0,-3.5,SL_HIT,3.0483870967741935,0.3936507936507937,True
SHORT_3.5_005,3.5,SHORT,2024-01-15T16:10:00.000000000Z,2.5999999999992696,2.80000000000058,101,2.2999999999995246,TIMEOUT,0.0,2.2999999999995246,TIMEOUT,3.0483870967741935,0.3936507936507937,False
SHORT_3.5_005,3.5,SHORT,2024-01-15T16:11:00.000000000Z,1.7000000000000348,3.6999999999998145,101,-3.5,SL_HIT,0.0,-3.5,SL_HIT,3.0483870967741935,0.3936507936507937,True
SHORT_3.5_005,3.5,SHORT,2024-01-15T16:12:00.000000000Z,1.7999999999984695,3.60000000000138,101,-3.5,SL_HIT,0.0,-3.5,SL_HIT,3.0483870967741935,0.3936507936507937,True
SHORT_3.5_005,3.5,SHORT,2024-01-15T16:13:00.000000000Z,0.700000000000145,4.699999999999704,101,-3.5,SL_HIT,0.0,-3.5,SL_HIT,3.0483870967741935,0.3936507936507937,True
SHORT_3.5_005,3.5,SHORT,2024-01-15T16:14:00.000000000Z,1.7000000000000348,3.6999999999998145,101,-3.5,SL_HIT,0.0,-3.5,SL_HIT,3.0483870967741935,0.3936507936507937,True
SHORT_3.5_005,3.5,SHORT,2024-01-15T16:15:00.000000000Z,2.4999999999986144,2.900000000001235,101,2.1999999999988695,TIMEOUT,0.0,2.1999999999988695,TIMEOUT,3.0483870967741935,0.3936507936507937,False
SHORT_3.5_005,3.5,SHORT,2024-01-15T16:16:00.000000000Z,1.40000000000029,3.9999999999995595,101,-3.5,SL_HIT,0.0,-3.5,SL_HIT,3.0483870967741935,0.3936507936507937,True
SHORT_3.5_005,3.5,SHORT,2024-01-15T16:17:00.000000000Z,2.0999999999982144,3.300000000001635,101,1.7999999999984695,TIMEOUT,0.0,1.7999999999984695,TIMEOUT,3.0483870967741935,0.3936507936507937,False
SHORT_3.5_005,3.5,SHORT,2024-01-15T16:18:00.000000000Z,1.0999999999983245,4.300000000001525,101,-3.5,SL_HIT,0.0,-3.5,SL_HIT,3.0483870967741935,0.3936507936507937,True
SHORT_3.5_005,3.5,SHORT,2024-01-15T16:19:00.000000000Z,0.2999999999997449,5.1000000000001044,101,-3.5,SL_HIT,0.0,-3.5,SL_HIT,3.0483870967741935,0.3936507936507937,True
SHORT_3.5_005,3.5,SHORT,2024-01-15T16:20:00.000000000Z,0.2999999999997449,5.1000000000001044,101,-3.5,SL_HIT,0.0,-3.5,SL_HIT,3.0483870967741935,0.3936507936507937,True
SHORT_3.5_005,3.5,SHORT,2024-01-15T16:21:00.000000000Z,0.9999999999998899,4.3999999999999595,101,-3.5,SL_HIT,0.0,-3.5,SL_HIT,3.0483870967741935,0.3936507936507937,True
SHORT_3.5_005,3.5,SHORT,2024-01-15T16:22:00.000000000Z,1.2999999999996348,4.100000000000215,101,-3.5,SL_HIT,0.0,-3.5,SL_HIT,3.0483870967741935,0.3936507936507937,True
SHORT_3.5_005,3.5,SHORT,2024-01-15T16:23:00.000000000Z,2.4000000000001798,2.9999999999996696,101,2.100000000000435,TIMEOUT,0.0,2.100000000000435,TIMEOUT,3.0483870967741935,0.3936507936507937,False
SHORT_3.5_005,3.5,SHORT,2024-01-15T16:24:00.000000000Z,1.8999999999991246,3.5000000000007248,101,-3.5,SL_HIT,0.0,-3.5,SL_HIT,3.0483870967741935,0.3936507936507937,True
SHORT_3.5_005,3.5,SHORT,2024-01-15T16:25:00.000000000Z,1.7999999999984695,3.60000000000138,101,-3.5,SL_HIT,0.0,-3.5,SL_HIT,3.0483870967741935,0.3936507936507937,True
SHORT_3.5_005,3.5,SHORT,2024-01-15T16:26:00.000000000Z,2.2999999999995246,3.1000000000003247,101,1.9999999999997797,TIMEOUT,0.0,1.9999999999997797,TIMEOUT,3.0483870967741935,0.3936507936507937,False
SHORT_3.5_005,3.5,SHORT,2024-01-15T16:27:00.000000000Z,4.699999999999704,0.700000000000145,15,3.5,TP_HIT,1.1999999999997044,1.4738351254480289,PARTIAL_PLUS_TP,3.0483870967741935,0.3936507936507937,False
SHORT_3.5_005,3.5,SHORT,2024-01-15T16:28:00.000000000Z,4.8000000000003595,0.5999999999994898,14,3.5,TP_HIT,1.3000000000003595,1.4738351254480289,PARTIAL_PLUS_TP,3.0483870967741935,0.3936507936507937,False
SHORT_3.5_005,3.5,SHORT,2024-01-15T16:29:00.000000000Z,5.399999999999849,0.0,11,3.5,TP_HIT,1.8999999999998494,1.4738351254480289,PARTIAL_PLUS_TP,3.0483870967741935,0.3936507936507937,False
SHORT_3.5_005,3.5,SHORT,2024-01-15T16:30:00.000000000Z,4.8000000000003595,0.0,12,3.5,TP_HIT,1.3000000000003595,1.4738351254480289,PARTIAL_PLUS_TP,3.0483870967741935,0.3936507936507937,False
SHORT_3.5_005,3.5,SHORT,2024-01-15T16:31:00.000000000Z,3.4999999999985043,0.20000000000131024,101,3.1999999999987594,TIMEOUT,0.0,1.2000000000000002,PARTIAL_ONLY,3.0483870967741935,0.3936507936507937,False
SHORT_3.5_005,3.5,SHORT,2024-01-15T16:32:00.000000000Z,2.0999999999982144,1.6000000000016001,101,1.7999999999984695,TIMEOUT,0.0,1.7999999999984695,TIMEOUT,3.0483870967741935,0.3936507936507937,False
SHORT_3.5_005,3.5,SHORT,2024-01-15T16:33:00.000000000Z,2.6999999999999247,0.9999999999998899,101,2.4000000000001798,TIMEOUT,0.0,2.4000000000001798,TIMEOUT,3.0483870967741935,0.3936507936507937,False
SHORT_3.5_005,3.5,SHORT,2024-01-15T16:34:00.000000000Z,3.6999999999998145,0.0,23,3.5,TP_HIT,0.19999999999981455,1.4738351254480289,PARTIAL_PLUS_TP,3.0483870967741935,0.3936507936507937,False
SHORT_3.5_005,3.5,SHORT,2024-01-15T16:35:00.000000000Z,2.0999999999982144,1.0000000000021103,101,1.7999999999984695,TIMEOUT,0.0,1.7999999999984695,TIMEOUT,3.0483870967741935,0.3936507936507937,False
SHORT_3.5_005,3.5,SHORT,2024-01-15T16:36:00.000000000Z,2.4999999999986144,0.6000000000017103,101,2.1999999999988695,TIMEOUT,0.0,2.1999999999988695,TIMEOUT,3.0483870967741935,0.3936507936507937,False
SHORT_3.5_005,3.5,SHORT,2024-01-15T16:37:00.000000000Z,2.4999999999986144,0.6000000000017103,101,2.1999999999988695,TIMEOUT,0.0,2.1999999999988695,TIMEOUT,3.0483870967741935,0.3936507936507937,False
SHORT_3.5_005,3.5,SHORT,2024-01-15T16:38:00.000000000Z,2.6999999999999247,0.40000000000040004,101,2.4000000000001798,TIMEOUT,0.0,2.4000000000001798,TIMEOUT,3.0483870967741935,0.3936507936507937,False
SHORT_3.5_005,3.5,SHORT,2024-01-15T16:39:00.000000000Z,2.0999999999982144,1.0000000000021103,101,1.7999999999984695,TIMEOUT,0.0,1.7999999999984695,TIMEOUT,3.0483870967741935,0.3936507936507937,False
SHORT_3.5_005,3.5,SHORT,2024-01-15T16:40:00.000000000Z,1.7000000000000348,1.40000000000029,101,1.40000000000029,TIMEOUT,0.0,1.40000000000029,TIMEOUT,3.0483870967741935,0.3936507936507937,False
SHORT_3.5_005,3.5,SHORT,2024-01-15T16:41:00.000000000Z,1.7000000000000348,1.40000000000029,101,1.40000000000029,TIMEOUT,0.0,1.40000000000029,TIMEOUT,3.0483870967741935,0.3936507936507937,False
SHORT_3.5_005,3.5,SHORT,2024-01-15T16:42:00.000000000Z,1.1999999999989797,1.900000000001345,101,0.8999999999992347,TIMEOUT,0.0,0.8999999999992347,TIMEOUT,3.0483870967741935,0.3936507936507937,False
SHORT_3.5_005,3.5,SHORT,2024-01-15T16:43:00.000000000Z,0.3999999999981796,2.700000000002145,101,0.09999999999843467,TIMEOUT,0.0,0.09999999999843467,TIMEOUT,3.0483870967741935,0.3936507936507937,False
SHORT_3.5_005,3.5,SHORT,2024-01-15T16:44:00.000000000Z,0.4999999999988347,2.60000000000149,101,0.1999999999990898,TIMEOUT,0.0,0.1999999999990898,TIMEOUT,3.0483870967741935,0.3936507936507937,False
SHORT_3.5_005,3.5,SHORT,2024-01-15T16:45:00.000000000Z,0.700000000000145,2.4000000000001798,101,0.40000000000040004,TIMEOUT,0.0,0.40000000000040004,TIMEOUT,3.0483870967741935,0.3936507936507937,False
SHORT_3.5_005,3.5,SHORT,2024-01-15T16:46:00.000000000Z,1.9999999999997797,1.100000000000545,101,1.7000000000000348,TIMEOUT,0.0,1.7000000000000348,TIMEOUT,3.0483870967741935,0.3936507936507937,False
SHORT_3.5_005,3.5,SHORT,2024-01-15T16:47:00.000000000Z,1.9999999999997797,1.100000000000545,101,1.7000000000000348,TIMEOUT,0.0,1.7000000000000348,TIMEOUT,3.0483870967741935,0.3936507936507937,False
SHORT_3.5_005,3.5,SHORT,2024-01-15T16:48:00.000000000Z,3.1000000000003247,0.0,101,2.80000000000058,TIMEOUT,0.0,1.2000000000000002,PARTIAL_ONLY,3.0483870967741935,0.3936507936507937,False
SHORT_3.5_005,3.5,SHORT,2024-01-15T16:49:00.000000000Z,2.6999999999999247,0.0,101,2.4000000000001798,TIMEOUT,0.0,2.4000000000001798,TIMEOUT,3.0483870967741935,0.3936507936507937,False
SHORT_3.5_005,3.5,SHORT,2024-01-15T16:50:00.000000000Z,1.9999999999997797,0.0,101,1.7000000000000348,TIMEOUT,0.0,1.7000000000000348,TIMEOUT,3.0483870967741935,0.3936507936507937,False
SHORT_3.5_005,3.5,SHORT,2024-01-15T16:51:00.000000000Z,1.8999999999991246,0.10000000000065512,101,1.5999999999993797,TIMEOUT,0.0,1.5999999999993797,TIMEOUT,3.0483870967741935,0.3936507936507937,False
SHORT_3.5_005,3.5,SHORT,2024-01-15T16:52:00.000000000Z,1.9999999999997797,0.0,101,1.7000000000000348,TIMEOUT,0.0,1.7000000000000348,TIMEOUT,3.0483870967741935,0.3936507936507937,False
SHORT_3.5_005,3.5,SHORT,2024-01-15T16:53:00.000000000Z,1.1999999999989797,0.0,101,0.8999999999992347,TIMEOUT,0.0,0.8999999999992347,TIMEOUT,3.0483870967741935,0.3936507936507937,False
SHORT_3.5_005,3.5,SHORT,2024-01-15T16:54:00.000000000Z,1.1999999999989797,0.0,101,0.8999999999992347,TIMEOUT,0.0,0.8999999999992347,TIMEOUT,3.0483870967741935,0.3936507936507937,False
SHORT_3.5_005,3.5,SHORT,2024-01-15T16:55:00.000000000Z,0.4999999999988347,0.20000000000131024,101,0.1999999999990898,TIMEOUT,0.0,0.1999999999990898,TIMEOUT,3.0483870967741935,0.3936507936507937,False
SHORT_3.5_005,3.5,SHORT,2024-01-15T16:56:00.000000000Z,0.700000000000145,0.0,101,0.40000000000040004,TIMEOUT,0.0,0.40000000000040004,TIMEOUT,3.0483870967741935,0.3936507936507937,False
SHORT_3.5_005,3.5,SHORT,2024-01-15T16:57:00.000000000Z,0.0,0.2999999999997449,101,-0.2999999999997449,TIMEOUT,0.0,-0.2999999999997449,TIMEOUT,3.0483870967741935,0.3936507936507937,False
LONG_5_001,5.0,LONG,2024-01-15T08:00:00.000000000Z,6.800000000000139,11.699999999998933,9,5.0,TP_HIT,1.8000000000001393,-0.37499999999999956,PARTIAL_THEN_SL,4.7368421052631575,0.47500000000000003,False
LONG_5_001,5.0,LONG,2024-01-15T08:01:00.000000000Z,6.6000000000010495,11.899999999998023,8,5.0,TP_HIT,1.6000000000010495,-0.37499999999999956,PARTIAL_THEN_SL,4.7368421052631575,0.47500000000000003,False
LONG_5_001,5.0,LONG,2024-01-15T08:02:00.000000000Z,5.399999999999849,13.099999999999223,9,5.0,TP_HIT,0.39999999999984936,-0.37499999999999956,PARTIAL_THEN_SL,4.7368421052631575,0.47500000000000003,False
LONG_5_001,5.0,LONG,2024-01-15T08:03:00.000000000Z,3.4000000000000696,15.099999999999003,101,-5.0,SL_HIT,0.0,-5.0,SL_HIT,4.7368421052631575,0.47500000000000003,True
LONG_5_001,5.0,LONG,2024-01-15T08:04:00.000000000Z,3.9999999999995595,14.499999999999513,101,-5.0,SL_HIT,0.0,-5.0,SL_HIT,4.7368421052631575,0.47500000000000003,True
LONG_5_001,5.0,LONG,2024-01-15T08:05:00.000000000Z,3.5000000000007248,14.999999999998348,101,-5.0,SL_HIT,0.0,-5.0,SL_HIT,4.7368421052631575,0.47500000000000003,True
LONG_5_001,5.0,LONG,2024-01-15T08:06:00.000000000Z,4.299999999999304,14.199999999999768,101,-5.0,SL_HIT,0.0,-5.0,SL_HIT,4.7368421052631575,0.47500000000000003,True
LONG_5_001,5.0,LONG,2024-01-15T08:07:00.000000000Z,5.699999999999594,13.600000000000279,4,5.0,TP_HIT,0.6999999999995943,-0.37499999999999956,PARTIAL_THEN_SL,4.7368421052631575,0.47500000000000003,False
LONG_5_001,5.0,LONG,2024-01-15T08:08:00.000000000Z,3.6999999999998145,15.600000000000058,101,-5.0,SL_HIT,0.0,-5.0,SL_HIT,4.7368421052631575,0.47500000000000003,True
LONG_5_001,5.0,LONG,2024-01-15T08:09:00.000000000Z,1.5999999999993797,17.700000000000493,101,-5.0,SL_HIT,0.0,-5.0,SL_HIT,4.7368421052631575,0.47500000000000003,True
LONG_5_001,5.0,LONG,2024-01-15T08:10:00.000000000Z,1.5999999999993797,17.700000000000493,101,-5.0,SL_HIT,0.0,-5.0,SL_HIT,4.7368421052631575,0.47500000000000003,True
LONG_5_001,5.0,LONG,2024-01-15T08:11:00.000000000Z,0.1999999999990898,19.100000000000783,101,-5.0,SL_HIT,0.0,-5.0,SL_HIT,4.7368421052631575,0.47500000000000003,True
LONG_5_002,5.0,LONG,2024-01-15T10:02:00.000000000Z,5.899999999998684,9.200000000000319,96,-5.0,SL_HIT,0.8999999999986841,-5.0,SL_HIT,4.7368421052631575,0.47500000000000003,True
LONG_5_002,5.0,LONG,2024-01-15T10:03:00.000000000Z,6.899999999998574,8.20000000000043,95,-5.0,SL_HIT,1.899999999998574,-5.0,SL_HIT,4.7368421052631575,0.47500000000000003,True
LONG_5_002,5.0,LONG,2024-01-15T10:04:00.000000000Z,8.399999999999519,6.699999999999484,85,-5.0,SL_HIT,3.399999999999519,-5.0,SL_HIT,4.7368421052631575,0.47500000000000003,True
LONG_5_002,5.0,LONG,2024-01-15T10:05:00.000000000Z,7.899999999998464,7.200000000000539,84,-5.0,SL_HIT,2.899999999998464,-5.0,SL_HIT,4.7368421052631575,0.47500000000000003,True
LONG_5_002,5.0,LONG,2024-01-15T10:06:00.000000000Z,7.199999999998319,7.900000000000684,86,-5.0,SL_HIT,2.199999999998319,-5.0,SL_HIT,4.7368421052631575,0.47500000000000003,True
LONG_5_002,5.0,LONG,2024-01-15T10:07:00.000000000Z,7.399999999999629,7.699999999999374,84,-5.0,SL_HIT,2.399999999999629,-5.0,SL_HIT,4.7368421052631575,0.47500000000000003,True
LONG_5_002,5.0,LONG,2024-01-15T10:08:00.000000000Z,7.500000000000284,7.599999999998719,81,-5.0,SL_HIT,2.500000000000284,-5.0,SL_HIT,4.7368421052631575,0.47500000000000003,True
LONG_5_002,5.0,LONG,2024-01-15T10:09:00.000000000Z,9.500000000000064,5.599999999998939,76,-5.0,SL_HIT,4.500000000000064,-5.0,SL_HIT,4.7368421052631575,0.47500000000000003,True
LONG_5_002,5.0,LONG,2024-01-15T10:10:00.000000000Z,10.499999999999954,4.599999999999049,75,5.0,TP_HIT,5.499999999999954,2.3881578947368425,PARTIAL_PLUS_TP,4.7368421052631575,0.47500000000000003,False
LONG_5_002,5.0,LONG,2024-01-15T10:11:00.000000000Z,9.699999999999154,5.399999999999849,74,-5.0,SL_HIT,4.699999999999154,-5.0,SL_HIT,4.7368421052631575,0.47500000000000003,True
LONG_5_002,5.0,LONG,2024-01-15T10:12:00.000000000Z,11.099999999999444,3.9999999999995595,71,5.0,TP_HIT,6.099999999999444,2.3881578947368425,PARTIAL_PLUS_TP,4.7368421052631575,0.47500000000000003,False
LONG_5_002,5.0,LONG,2024-01-15T10:13:00.000000000Z,10.899999999998133,4.20000000000087,70,5.0,TP_HIT,5.899999999998133,2.3881578947368425,PARTIAL_PLUS_TP,4.7368421052631575,0.47500000000000003,False
LONG_5_002,5.0,LONG,2024-01-15T10:14:00.000000000Z,10.200000000000209,4.899999999998794,71,5.0,TP_HIT,5.200000000000209,2.3881578947368425,PARTIAL_PLUS_TP,4.7368421052631575,0.47500000000000003,False
LONG_5_002,5.0,LONG,2024-01-15T10:15:00.000000000Z,11.699999999998933,3.4000000000000696,58,5.0,TP_HIT,6.6999999999989335,2.3881578947368425,PARTIAL_PLUS_TP,4.7368421052631575,0.47500000000000003,False
LONG_5_002,5.0,LONG,2024-01-15T10:16:00.000000000Z,11.900000000000244,3.1999999999987594,48,5.0,TP_HIT,6.900000000000244,2.3881578947368425,PARTIAL_PLUS_TP,4.7368421052631575,0.47500000000000003,False
LONG_5_002,5.0,LONG,2024-01-15T10:17:00.000000000Z,13.099999999999223,1.9999999999997797,39,5.0,TP_HIT,8.099999999999223,2.3881578947368425,PARTIAL_PLUS_TP,4.7368421052631575,0.47500000000000003,False
LONG_5_002,5.0,LONG,2024-01-15T10:18:00.000000000Z,14.799999999999258,0.2999999999997449,33,5.0,TP_HIT,9.799999999999258,2.3881578947368425,PARTIAL_PLUS_TP,4.7368421052631575,0.47500000000000003,False
LONG_5_002,5.0,LONG,2024-01-15T10:19:00.000000000Z,13.900000000000023,1.1999999999989797,37,5.0,TP_HIT,8.900000000000023,2.3881578947368425,PARTIAL_PLUS_TP,4.7368421052631575,0.47500000000000003,False
LONG_5_002,5.0,LONG,2024-01-15T10:20:00.000000000Z,14.699999999998603,0.40000000000040004,31,5.0,TP_HIT,9.699999999998603,2.3881578947368425,PARTIAL_PLUS_TP,4.7368421052631575,0.47500000000000003,False
LONG_5_002,5.0,LONG,2024-01-15T10:21:00.000000000Z,14.299999999998203,0.8000000000008001,34,5.0,TP_HIT,9.299999999998203,2.3881578947368425,PARTIAL_PLUS_TP,4.7368421052631575,0.47500000000000003,False
LONG_5_002,5.0,LONG,2024-01-15T10:22:00.000000000Z,15.099999999999003,0.0,29,5.0,TP_HIT,10.099999999999003,2.3881578947368425,PARTIAL_PLUS_TP,4.7368421052631575,0.47500000000000003,False
LONG_5_002,5.0,LONG,2024-01-15T10:23:00.000000000Z,14.699999999998603,0.0,28,5.0,TP_HIT,9.699999999998603,2.3881578947368425,PARTIAL_PLUS_TP,4.7368421052631575,0.47500000000000003,False
LONG_5_002,5.0,LONG,2024-01-15T10:24:00.000000000Z,14.199999999999768,0.0,31,5.0,TP_HIT,9.199999999999768,2.3881578947368425,PARTIAL_PLUS_TP,4.7368421052631575,0.47500000000000003,False
LONG_5_002,5.0,LONG,2024-01-15T10:25:00.000000000Z,14.100000000001334,0.4999999999988347,31,5.0,TP_HIT,9.100000000001334,2.3881578947368425,PARTIAL_PLUS_TP,4.7368421052631575,0.47500000000000003,False
LONG_5_002,5.0,LONG,2024-01-15T10:26:00.000000000Z,14.600000000000168,0.0,30,5.0,TP_HIT,9.600000000000168,2.3881578947368425,PARTIAL_PLUS_TP,4.7368421052631575,0.47500000000000003,False
LONG_5_002,5.0,LONG,2024-01-15T10:27:00.000000000Z,14.500000000001734,0.0,29,5.0,TP_HIT,9.500000000001734,2.3881578947368425,PARTIAL_PLUS_TP,4.7368421052631575,0.47500000000000003,False
LONG_5_002,5.0,LONG,2024-01-15T10:28:00.000000000Z,13.600000000000279,0.9000000000014552,32,5.0,TP_HIT,8.600000000000279,2.3881578947368425,PARTIAL_PLUS_TP,4.7368421052631575,0.47500000000000003,False
LONG_5_002,5.0,LONG,2024-01-15T10:29:00.000000000Z,15.799999999999148,0.20000000000131024,27,5.0,TP_HIT,10.799999999999148,2.3881578947368425,PARTIAL_PLUS_TP,4.7368421052631575,0.47500000000000003,False
LONG_5_002,5.0,LONG,2024-01-15T10:30:00.000000000Z,13.199999999999878,3.1000000000003247,55,5.0,TP_HIT,8.199999999999878,2.3881578947368425,PARTIAL_PLUS_TP,4.7368421052631575,0.47500000000000003,False
LONG_5_002,5.0,LONG,2024-01-15T10:31:00.000000000Z,14.799999999999258,1.900000000001345,42,5.0,TP_HIT,9.799999999999258,2.3881578947368425,PARTIAL_PLUS_TP,4.7368421052631575,0.47500000000000003,False
LONG_5_002,5.0,LONG,2024-01-15T10:32:00.000000000Z,15.499999999999403,1.900000000001345,41,5.0,TP_HIT,10.499999999999403,2.3881578947368425,PARTIAL_PLUS_TP,4.7368421052631575,0.47500000000000003,False
LONG_5_002,5.0,LONG,2024-01-15T10:33:00.000000000Z,16.40000000000086,2.500000000000835,50,5.0,TP_HIT,11.400000000000858,2.3881578947368425,PARTIAL_PLUS_TP,4.7368421052631575,0.47500000000000003,False
LONG_5_002,5.0,LONG,2024-01-15T10:34:00.000000000Z,18.599999999999728,0.9000000000014552,26,5.0,TP_HIT,13.599999999999728,2.3881578947368425,PARTIAL_PLUS_TP,4.7368421052631575,0.47500000000000003,False
LONG_5_002,5.0,LONG,2024-01-15T10:35:00.000000000Z,19.400000000000528,0.10000000000065512,21,5.0,TP_HIT,14.400000000000528,2.3881578947368425,PARTIAL_PLUS_TP,4.7368421052631575,0.47500000000000003,False
LONG_5_002,5.0,LONG,2024-01-15T10:36:00.000000000Z,19.400000000000528,0.10000000000065512,20,5.0,TP_HIT,14.400000000000528,2.3881578947368425,PARTIAL_PLUS_TP,4.7368421052631575,0.47500000000000003,False
LONG_5_002,5.0,LONG,2024-01-15T10:37:00.000000000Z,19.799999999998708,0.9000000000014552,23,5.0,TP_HIT,14.799999999998708,2.3881578947368425,PARTIAL_PLUS_TP,4.7368421052631575,0.47500000000000003,False
LONG_5_002,5.0,LONG,2024-01-15T10:38:00.000000000Z,20.400000000000418,0.9000000000014552,22,5.0,TP_HIT,15.400000000000418,2.3881578947368425,PARTIAL_PLUS_TP,4.7368421052631575,0.47500000000000003,False
LONG_5_002,5.0,LONG,2024-01-15T10:39:00.000000000Z,19.400000000000528,1.900000000001345,34,5.0,TP_HIT,14.400000000000528,2.3881578947368425,PARTIAL_PLUS_TP,4.7368421052631575,0.47500000000000003,False
LONG_5_002,5.0,LONG,2024-01-15T10:40:00.000000000Z,19.900000000001583,1.40000000000029,21,5.0,TP_HIT,14.900000000001583,2.3881578947368425,PARTIAL_PLUS_TP,4.7368421052631575,0.47500000000000003,False
LONG_5_002,5.0,LONG,2024-01-15T10:41:00.000000000Z,20.000000000000018,1.3000000000018552,20,5.0,TP_HIT,15.000000000000018,2.3881578947368425,PARTIAL_PLUS_TP,4.7368421052631575,0.47500000000000003,False
LONG_5_002,5.0,LONG,2024-01-15T10:42:00.000000000Z,19.600000000001838,1.7000000000000348,22,5.0,TP_HIT,14.600000000001838,2.3881578947368425,PARTIAL_PLUS_TP,4.7368421052631575,0.47500000000000003,False
LONG_5_002,5.0,LONG,2024-01-15T10:43:00.000000000Z,20.800000000000818,0.5000000000010552,13,5.0,TP_HIT,15.800000000000818,2.3881578947368425,PARTIAL_PLUS_TP,4.7368421052631575,0.47500000000000003,False
LONG_5_002,5.0,LONG,2024-01-15T10:44:00.000000000Z,20.299999999999763,1.0000000000021103,16,5.0,TP_HIT,15.299999999999763,2.3881578947368425,PARTIAL_PLUS_TP,4.7368421052631575,0.47500000000000003,False
LONG_5_002,5.0,LONG,2024-01-15T10:45:00.000000000Z,20.299999999999763,1.0000000000021103,15,5.0,TP_HIT,15.299999999999763,2.3881578947368425,PARTIAL_PLUS_TP,4.7368421052631575,0.47500000000000003,False
LONG_5_002,5.0,LONG,2024-01-15T10:46:00.000000000Z,21.300000000001873,0.0,10,5.0,TP_HIT,16.300000000001873,2.3881578947368425,PARTIAL_PLUS_TP,4.7368421052631575,0.47500000000000003,False
LONG_5_002,5.0,LONG,2024-01-15T10:47:00.000000000Z,21.300000000001873,0.0,9,5.0,TP_HIT,16.300000000001873,2.3881578947368425,PARTIAL_PLUS_TP,4.7368421052631575,0.47500000000000003,False
LONG_5_002,5.0,LONG,2024-01-15T10:48:00.000000000Z,20.999999999999908,0.0,8,5.0,TP_HIT,15.999999999999908,2.3881578947368425,PARTIAL_PLUS_TP,4.7368421052631575,0.47500000000000003,False
LONG_5_002,5.0,LONG,2024-01-15T10:49:00.000000000Z,20.299999999999763,0.0,11,5.0,TP_HIT,15.299999999999763,2.3881578947368425,PARTIAL_PLUS_TP,4.7368421052631575,0.47500000000000003,False
LONG_5_002,5.0,LONG,2024-01-15T10:50:00.000000000Z,19.400000000000528,0.0,23,5.0,TP_HIT,14.400000000000528,2.3881578947368425,PARTIAL_PLUS_TP,4.7368421052631575,0.47500000000000003,False
LONG_5_002,5.0,LONG,2024-01-15T10:51:00.000000000Z,17.300000000000093,0.9000000000014552,34,5.0,TP_HIT,12.300000000000093,2.5,PARTIAL_PLUS_TP,4.7368421052631575,0.47500000000000003,False
LONG_5_002,5.0,LONG,2024-01-15T10:52:00.000000000Z,18.20000000000155,0.0,33,5.0,TP_HIT,13.200000000001548,2.3881578947368425,PARTIAL_PLUS_TP,4.7368421052631575,0.47500000000000003,False
LONG_5_002,5.0,LONG,2024-01-15T10:53:00.000000000Z,18.000000000000238,0.0,32,5.0,TP_HIT,13.000000000000238,2.3881578947368425,PARTIAL_PLUS_TP,4.7368421052631575,0.47500000000000003,False
LONG_5_002,5.0,LONG,2024-01-15T10:54:00.000000000Z,17.900000000001803,0.0,31,5.0,TP_HIT,12.900000000001803,2.3881578947368425,PARTIAL_PLUS_TP,4.7368421052631575,0.47500000000000003,False
LONG_5_002,5.0,LONG,2024-01-15T10:55:00.000000000Z,16.899999999999693,0.0,32,5.0,TP_HIT,11.899999999999693,2.3881578947368425,PARTIAL_PLUS_TP,4.7368421052631575,0.47500000000000003,False
LONG_5_002,5.0,LONG,2024-01-15T10:56:00.000000000Z,15.500000000001624,0.8999999999992347,33,5.0,TP_HIT,10.500000000001624,2.3881578947368425,PARTIAL_PLUS_TP,4.7368421052631575,0.47500000000000003,False
LONG_5_002,5.0,LONG,2024-01-15T10:57:00.000000000Z,15.400000000000968,0.9999999999998899,32,5.0,TP_HIT,10.400000000000968,2.3881578947368425,PARTIAL_PLUS_TP,4.7368421052631575,0.47500000000000003,False
LONG_5_002,5.0,LONG,2024-01-15T10:58:00.000000000Z,15.400000000000968,0.9999999999998899,31,5.0,TP_HIT,10.400000000000968,2.3881578947368425,PARTIAL_PLUS_TP,4.7368421052631575,0.47500000000000003,False
LONG_5_002,5.0,LONG,2024-01-15T10:59:00.000000000Z,16.40000000000086,0.0,30,5.0,TP_HIT,11.400000000000858,2.3881578947368425,PARTIAL_PLUS_TP,4.7368421052631575,0.47500000000000003,False
LONG_5_002,5.0,LONG,2024-01-15T11:00:00.000000000Z,15.200000000001879,0.3999999999981796,29,5.0,TP_HIT,10.200000000001879,2.3881578947368425,PARTIAL_PLUS_TP,4.7368421052631575,0.47500000000000003,False
LONG_5_002,5.0,LONG,2024-01-15T11:01:00.000000000Z,16.40000000000086,0.7999999999985796,31,5.0,TP_HIT,11.400000000000858,2.3881578947368425,PARTIAL_PLUS_TP,4.7368421052631575,0.47500000000000003,False
LONG_5_002,5.0,LONG,2024-01-15T11:02:00.000000000Z,16.899999999999693,0.2999999999997449,27,5.0,TP_HIT,11.899999999999693,2.3881578947368425,PARTIAL_PLUS_TP,4.7368421052631575,0.47500000000000003,False
LONG_5_002,5.0,LONG,2024-01-15T11:03:00.000000000Z,16.40000000000086,0.7999999999985796,29,5.0,TP_HIT,11.400000000000858,2.3881578947368425,PARTIAL_PLUS_TP,4.7368421052631575,0.47500000000000003,False
LONG_5_002,5.0,LONG,2024-01-15T11:04:00.000000000Z,16.199999999999548,0.9999999999998899,34,5.0,TP_HIT,11.199999999999548,2.3881578947368425,PARTIAL_PLUS_TP,4.7368421052631575,0.47500000000000003,False
LONG_5_002,5.0,LONG,2024-01-15T11:05:00.000000000Z,17.000000000000348,0.1999999999990898,24,5.0,TP_HIT,12.000000000000348,2.3881578947368425,PARTIAL_PLUS_TP,4.7368421052631575,0.47500000000000003,False
LONG_5_002,5.0,LONG,2024-01-15T11:06:00.000000000Z,17.199999999999438,0.0,23,5.0,TP_HIT,12.199999999999438,2.3881578947368425,PARTIAL_PLUS_TP,4.7368421052631575,0.47500000000000003,False
LONG_5_002,5.0,LONG,2024-01-15T11:07:00.000000000Z,17.199999999999438,0.0,22,5.0,TP_HIT,12.199999999999438,2.3881578947368425,PARTIAL_PLUS_TP,4.7368421052631575,0.47500000000000003,False
LONG_5_002,5.0,LONG,2024-01-15T11:08:00.000000000Z,16.199999999999548,0.9999999999998899,30,5.0,TP_HIT,11.199999999999548,2.3881578947368425,PARTIAL_PLUS_TP,4.7368421052631575,0.47500000000000003,False
LONG_5_002,5.0,LONG,2024-01-15T11:09:00.000000000Z,16.599999999999948,0.5999999999994898,23,5.0,TP_HIT,11.599999999999948,2.3881578947368425,PARTIAL_PLUS_TP,4.7368421052631575,0.47500000000000003,False
LONG_5_002,5.0,LONG,2024-01-15T11:10:00.000000000Z,16.499999999999293,0.700000000000145,22,5.0,TP_HIT,11.499999999999293,2.3881578947368425,PARTIAL_PLUS_TP,4.7368421052631575,0.47500000000000003,False
LONG_5_002,5.0,LONG,2024-01-15T11:11:00.000000000Z,17.199999999999438,0.0,18,5.0,TP_HIT,12.199999999999438,2.3881578947368425,PARTIAL_PLUS_TP,4.7368421052631575,0.47500000000000003,False
LONG_5_002,5.0,LONG,2024-01-15T11:12:00.000000000Z,16.599999999999948,0.2999999999997449,20,5.0,TP_HIT,11.599999999999948,2.3881578947368425,PARTIAL_PLUS_TP,4.7368421052631575,0.47500000000000003,False
LONG_5_002,5.0,LONG,2024-01-15T11:13:00.000000000Z,15.799999999999148,1.100000000000545,25,5.0,TP_HIT,10.799999999999148,2.3881578947368425,PARTIAL_PLUS_TP,4.7368421052631575,0.47500000000000003,False
LONG_5_002,5.0,LONG,2024-01-15T11:14:00.000000000Z,15.600000000000058,1.2999999999996348,24,5.0,TP_HIT,10.600000000000058,2.3881578947368425,PARTIAL_PLUS_TP,4.7368421052631575,0.47500000000000003,False
LONG_5_002,5.0,LONG,2024-01-15T11:15:00.000000000Z,16.100000000001113,0.7999999999985796,23,5.0,TP_HIT,11.100000000001113,2.3881578947368425,PARTIAL_PLUS_TP,4.7368421052631575,0.47500000000000003,False
LONG_5_002,5.0,LONG,2024-01-15T11:16:00.000000000Z,15.600000000000058,1.2999999999996348,22,5.0,TP_HIT,10.600000000000058,2.3881578947368425,PARTIAL_PLUS_TP,4.7368421052631575,0.47500000000000003,False
LONG_5_002,5.0,LONG,2024-01-15T11:17:00.000000000Z,15.600000000000058,1.2999999999996348,21,5.0,TP_HIT,10.600000000000058,2.3881578947368425,PARTIAL_PLUS_TP,4.7368421052631575,0.47500000000000003,False
LONG_5_002,5.0,LONG,2024-01-15T11:18:00.000000000Z,15.400000000000968,1.4999999999987246,20,5.0,TP_HIT,10.400000000000968,2.3881578947368425,PARTIAL_PLUS_TP,4.7368421052631575,0.47500000000000003,False
LONG_5_002,5.0,LONG,2024-01-15T11:19:00.000000000Z,16.899999999999693,0.0,10,5.0,TP_HIT,11.899999999999693,2.3881578947368425,PARTIAL_PLUS_TP,4.7368421052631575,0.47500000000000003,False
LONG_5_002,5.0,LONG,2024-01-15T11:20:00.000000000Z,16.499999999999293,0.30000000000196536,12,5.0,TP_HIT,11.499999999999293,2.3881578947368425,PARTIAL_PLUS_TP,4.7368421052631575,0.47500000000000003,False
LONG_5_002,5.0,LONG,2024-01-15T11:21:00.000000000Z,16.199999999999548,0.6000000000017103,17,5.0,TP_HIT,11.199999999999548,2.3881578947368425,PARTIAL_PLUS_TP,4.7368421052631575,0.47500000000000003,False
LONG_5_002,5.0,LONG,2024-01-15T11:22:00.000000000Z,16.80000000000126,0.0,7,5.0,TP_HIT,11.800000000001258,2.3881578947368425,PARTIAL_PLUS_TP,4.7368421052631575,0.47500000000000003,False
LONG_5_002,5.0,LONG,2024-01-15T11:23:00.000000000Z,15.000000000000568,1.1999999999989797,17,5.0,TP_HIT,10.000000000000568,2.3881578947368425,PARTIAL_PLUS_TP,4.7368421052631575,0.47500000000000003,False
LONG_5_002,5.0,LONG,2024-01-15T11:24:00.000000000Z,15.199999999999658,0.9999999999998899,14,5.0,TP_HIT,10.199999999999658,2.3881578947368425,PARTIAL_PLUS_TP,4.7368421052631575,0.47500000000000003,False
LONG_5_002,5.0,LONG,2024-01-15T11:25:00.000000000Z,13.799999999999368,2.4000000000001798,40,5.0,TP_HIT,8.799999999999368,2.3881578947368425,PARTIAL_PLUS_TP,4.7368421052631575,0.47500000000000003,False
LONG_5_002,5.0,LONG,2024-01-15T11:26:00.000000000Z,13.600000000000279,2.5999999999992696,39,5.0,TP_HIT,8.600000000000279,2.3881578947368425,PARTIAL_PLUS_TP,4.7368421052631575,0.47500000000000003,False
LONG_5_002,5.0,LONG,2024-01-15T11:27:00.000000000Z,13.300000000000534,2.8999999999990145,42,5.0,TP_HIT,8.300000000000534,2.3881578947368425,PARTIAL_PLUS_TP,4.7368421052631575,0.47500000000000003,False
LONG_5_002,5.0,LONG,2024-01-15T11:28:00.000000000Z,13.499999999999623,2.6999999999999247,37,5.0,TP_HIT,8.499999999999623,2.3881578947368425,PARTIAL_PLUS_TP,4.7368421052631575,0.47500000000000003,False
LONG_5_002,5.0,LONG,2024-01-15T11:29:00.000000000Z,11.799999999999589,4.3999999999999595,41,5.0,TP_HIT,6.799999999999589,2.3881578947368425,PARTIAL_PLUS_TP,4.7368421052631575,0.47500000000000003,False
LONG_5_002,5.0,LONG,2024-01-15T11:30:00.000000000Z,12.399999999999078,3.8000000000004697,39,5.0,TP_HIT,7.399999999999078,2.3881578947368425,PARTIAL_PLUS_TP,4.7368421052631575,0.47500000000000003,False
LONG_5_002,5.0,LONG,2024-01-15T11:31:00.000000000Z,11.600000000000499,4.599999999999049,40,5.0,TP_HIT,6.600000000000499,2.3881578947368425,PARTIAL_PLUS_TP,4.7368421052631575,0.47500000000000003,False
LONG_5_002,5.0,LONG,2024-01-15T11:32:00.000000000Z,11.399999999999189,4.8000000000003595,39,5.0,TP_HIT,6.399999999999189,2.3881578947368425,PARTIAL_PLUS_TP,4.7368421052631575,0.47500000000000003,False
LONG_5_002,5.0,LONG,2024-01-15T11:33:00.000000000Z,12.399999999999078,3.8000000000004697,36,5.0,TP_HIT,7.399999999999078,2.3881578947368425,PARTIAL_PLUS_TP,4.7368421052631575,0.47500000000000003,False
LONG_5_002,5.0,LONG,2024-01-15T11:34:00.000000000Z,14.099999999999113,2.100000000000435,31,5.0,TP_HIT,9.099999999999113,2.3881578947368425,PARTIAL_PLUS_TP,4.7368421052631575,0.47500000000000003,False
LONG_5_002,5.0,LONG,2024-01-15T11:35:00.000000000Z,14.000000000000679,2.1999999999988695,30,5.0,TP_HIT,9.000000000000679,2.3881578947368425,PARTIAL_PLUS_TP,4.7368421052631575,0.47500000000000003,False
LONG_5_002,5.0,LONG,2024-01-15T11:36:00.000000000Z,12.000000000000899,4.199999999998649,33,5.0,TP_HIT,7.000000000000899,2.3881578947368425,PARTIAL_PLUS_TP,4.7368421052631575,0.47500000000000003,False
LONG_5_002,5.0,LONG,2024-01-15T11:37:00.000000000Z,11.399999999999189,4.8000000000003595,34,5.0,TP_HIT,6.399999999999189,2.3881578947368425,PARTIAL_PLUS_TP,4.7368421052631575,0.47500000000000003,False
LONG_5_002,5.0,LONG,2024-01-15T11:38:00.000000000Z,10.099999999999554,6.099999999999994,35,-5.0,SL_HIT,5.099999999999554,-5.0,SL_HIT,4.7368421052631575,0.47500000000000003,True
LONG_5_002,5.0,LONG,2024-01-15T11:39:00.000000000Z,10.200000000000209,5.999999999999339,34,-5.0,SL_HIT,5.200000000000209,-5.0,SL_HIT,4.7368421052631575,0.47500000000000003,True
LONG_5_002,5.0,LONG,2024-01-15T11:40:00.000000000Z,9.300000000000974,6.899999999998574,33,-5.0,SL_HIT,4.300000000000974,-5.0,SL_HIT,4.7368421052631575,0.47500000000000003,True
LONG_5_002,5.0,LONG,2024-01-15T11:41:00.000000000Z,12.199999999999989,3.9999999999995595,28,5.0,TP_HIT,7.199999999999989,2.3881578947368425,PARTIAL_PLUS_TP,4.7368421052631575,0.47500000000000003,False
LONG_5_002,5.0,LONG,2024-01-15T11:42:00.000000000Z,12.099999999999334,4.100000000000215,27,5.0,TP_HIT,7.0999999999993335,2.3881578947368425,PARTIAL_PLUS_TP,4.7368421052631575,0.47500000000000003,False
LONG_5_002,5.0,LONG,2024-01-15T11:43:00.000000000Z,11.600000000000499,4.599999999999049,28,5.0,TP_HIT,6.600000000000499,2.3881578947368425,PARTIAL_PLUS_TP,4.7368421052631575,0.47500000000000003,False
LONG_5_002,5.0,LONG,2024-01-15T11:44:00.000000000Z,11.799999999999589,4.3999999999999595,26,5.0,TP_HIT,6.799999999999589,2.3881578947368425,PARTIAL_PLUS_TP,4.7368421052631575,0.47500000000000003,False
LONG_5_002,5.0,LONG,2024-01-15T11:45:00.000000000Z,13.799999999999368,2.4000000000001798,20,5.0,TP_HIT,8.799999999999368,2.3881578947368425,PARTIAL_PLUS_TP,4.7368421052631575,0.47500000000000003,False
LONG_5_002,5.0,LONG,2024-01-15T11:46:00.000000000Z,14.799999999999258,1.40000000000029,19,5.0,TP_HIT,9.799999999999258,2.3881578947368425,PARTIAL_PLUS_TP,4.7368421052631575,0.47500000000000003,False
LONG_5_002,5.0,LONG,2024-01-15T11:47:00.000000000Z,12.199999999999989,3.9999999999995595,22,5.0,TP_HIT,7.199999999999989,2.3881578947368425,PARTIAL_PLUS_TP,4.7368421052631575,0.47500000000000003,False
LONG_5_002,5.0,LONG,2024-01-15T11:48:00.000000000Z,12.099999999999334,4.100000000000215,21,5.0,TP_HIT,7.0999999999993335,2.3881578947368425,PARTIAL_PLUS_TP,4.7368421052631575,0.47500000000000003,False
LONG_5_002,5.0,LONG,2024-01-15T11:49:00.000000000Z,13.600000000000279,2.5999999999992696,16,5.0,TP_HIT,8.600000000000279,2.3881578947368425,PARTIAL_PLUS_TP,4.7368421052631575,0.47500000000000003,False
LONG_5_002,5.0,LONG,2024-01-15T11:50:00.000000000Z,13.600000000000279,2.5999999999992696,15,5.0,TP_HIT,8.600000000000279,2.3881578947368425,PARTIAL_PLUS_TP,4.7368421052631575,0.47500000000000003,False
LONG_5_002,5.0,LONG,2024-01-15T11:51:00.000000000Z,13.700000000000934,2.4999999999986144,14,5.0,TP_HIT,8.700000000000934,2.3881578947368425,PARTIAL_PLUS_TP,4.7368421052631575,0.47500000000000003,False
LONG_5_002,5.0,LONG,2024-01-15T11:52:00.000000000Z,16.199999999999548,0.0,12,5.0,TP_HIT,11.199999999999548,2.3881578947368425,PARTIAL_PLUS_TP,4.7368421052631575,0.47500000000000003,False
LONG_5_002,5.0,LONG,2024-01-15T11:53:00.000000000Z,15.600000000000058,0.0,11,5.0,TP_HIT,10.600000000000058,2.3881578947368425,PARTIAL_PLUS_TP,4.7368421052631575,0.47500000000000003,False
LONG_5_002,5.0,LONG,2024-01-15T11:54:00.000000000Z,15.400000000000968,0.0,10,5.0,TP_HIT,10.400000000000968,2.3881578947368425,PARTIAL_PLUS_TP,4.7368421052631575,0.47500000000000003,False
LONG_5_002,5.0,LONG,2024-01-15T11:55:00.000000000Z,15.100000000001224,0.0,9,5.0,TP_HIT,10.100000000001224,2.3881578947368425,PARTIAL_PLUS_TP,4.7368421052631575,0.47500000000000003,False
LONG_5_002,5.0,LONG,2024-01-15T11:56:00.000000000Z,13.600000000000279,0.0,9,5.0,TP_HIT,8.600000000000279,2.3881578947368425,PARTIAL_PLUS_TP,4.7368421052631575,0.47500000000000003,False
LONG_5_002,5.0,LONG,2024-01-15T11:57:00.000000000Z,11.900000000000244,1.500000000000945,13,5.0,TP_HIT,6.900000000000244,2.3881578947368425,PARTIAL_PLUS_TP,4.7368421052631575,0.47500000000000003,False
LONG_5_002,5.0,LONG,2024-01-15T11:58:00.000000000Z,11.399999999999189,2.000000000002,13,5.0,TP_HIT,6.399999999999189,2.3881578947368425,PARTIAL_PLUS_TP,4.7368421052631575,0.47500000000000003,False
LONG_5_002,5.0,LONG,2024-01-15T11:59:00.000000000Z,12.799999999999478,0.6000000000017103,10,5.0,TP_HIT,7.7999999999994785,2.3881578947368425,PARTIAL_PLUS_TP,4.7368421052631575,0.47500000000000003,False
LONG_5_002,5.0,LONG,2024-01-15T12:00:00.000000000Z,13.099999999999223,0.30000000000196536,9,5.0,TP_HIT,8.099999999999223,2.3881578947368425,PARTIAL_PLUS_TP,4.7368421052631575,0.47500000000000003,False
LONG_5_002,5.0,LONG,2024-01-15T12:01:00.000000000Z,13.400000000001189,0.0,4,5.0,TP_HIT,8.400000000001189,2.3881578947368425,PARTIAL_PLUS_TP,4.7368421052631575,0.47500000000000003,False
LONG_5_002,5.0,LONG,2024-01-15T12:02:00.000000000Z,13.199999999999878,0.20000000000131024,7,5.0,TP_HIT,8.199999999999878,2.3881578947368425,PARTIAL_PLUS_TP,4.7368421052631575,0.47500000000000003,False
LONG_5_002,5.0,LONG,2024-01-15T12:03:00.000000000Z,13.400000000001189,0.0,2,5.0,TP_HIT,8.400000000001189,2.3881578947368425,PARTIAL_PLUS_TP,4.7368421052631575,0.47500000000000003,False
LONG_5_002,5.0,LONG,2024-01-15T12:04:00.000000000Z,9.900000000000464,3.5000000000007248,9,5.0,TP_HIT,4.900000000000464,2.3881578947368425,PARTIAL_PLUS_TP,4.7368421052631575,0.47500000000000003,False
LONG_5_002,5.0,LONG,2024-01-15T12:05:00.000000000Z,8.399999999999519,5.00000000000167,12,5.0,TP_HIT,3.399999999999519,-0.37499999999999956,PARTIAL_THEN_SL,4.7368421052631575,0.47500000000000003,False
LONG_5_002,5.0,LONG,2024-01-15T12:06:00.000000000Z,8.699999999999264,4.700000000001925,8,5.0,TP_HIT,3.699999999999264,2.3881578947368425,PARTIAL_PLUS_TP,4.7368421052631575,0.47500000000000003,False
LONG_5_002,5.0,LONG,2024-01-15T12:07:00.000000000Z,9.200000000000319,4.20000000000087,6,5.0,TP_HIT,4.200000000000319,2.3881578947368425,PARTIAL_PLUS_TP,4.7368421052631575,0.47500000000000003,False
LONG_5_002,5.0,LONG,2024-01-15T12:08:00.000000000Z,8.799999999999919,4.60000000000127,6,5.0,TP_HIT,3.799999999999919,2.3881578947368425,PARTIAL_PLUS_TP,4.7368421052631575,0.47500000000000003,False
LONG_5_002,5.0,LONG,2024-01-15T12:09:00.000000000Z,6.900000000000794,6.500000000000394,9,5.0,TP_HIT,1.9000000000007944,-0.37499999999999956,PARTIAL_THEN_SL,4.7368421052631575,0.47500000000000003,False
LONG_5_002,5.0,LONG,2024-01-15T12:10:00.000000000Z,6.6000000000010495,6.800000000000139,8,5.0,TP_HIT,1.6000000000010495,-0.37499999999999956,PARTIAL_THEN_SL,4.7368421052631575,0.47500000000000003,False
LONG_5_002,5.0,LONG,2024-01-15T12:11:00.000000000Z,6.200000000000649,7.200000000000539,30,5.0,TP_HIT,1.2000000000006494,-0.37499999999999956,PARTIAL_THEN_SL,4.7368421052631575,0.47500000000000003,False
LONG_5_002,5.0,LONG,2024-01-15T12:12:00.000000000Z,5.5000000000005045,7.900000000000684,29,-5.0,SL_HIT,0.5000000000005045,-5.0,SL_HIT,4.7368421052631575,0.47500000000000003,True
LONG_5_002,5.0,LONG,2024-01-15T12:13:00.000000000Z,3.9999999999995595,9.40000000000163,101,-5.0,SL_HIT,0.0,-5.0,SL_HIT,4.7368421052631575,0.47500000000000003,True
LONG_5_002,5.0,LONG,2024-01-15T12:14:00.000000000Z,3.4000000000000696,10.000000000001119,101,-5.0,SL_HIT,0.0,-5.0,SL_HIT,4.7368421052631575,0.47500000000000003,True
LONG_5_002,5.0,LONG,2024-01-15T12:15:00.000000000Z,3.4000000000000696,10.000000000001119,101,-5.0,SL_HIT,0.0,-5.0,SL_HIT,4.7368421052631575,0.47500000000000003,True
LONG_5_002,5.0,LONG,2024-01-15T12:16:00.000000000Z,3.5000000000007248,9.900000000000464,101,-5.0,SL_HIT,0.0,-5.0,SL_HIT,4.7368421052631575,0.47500000000000003,True
LONG_5_002,5.0,LONG,2024-01-15T12:17:00.000000000Z,2.20000000000109,11.200000000000099,101,-5.0,SL_HIT,0.0,-5.0,SL_HIT,4.7368421052631575,0.47500000000000003,True
LONG_5_002,5.0,LONG,2024-01-15T12:18:00.000000000Z,1.5999999999993797,11.800000000001809,101,-5.0,SL_HIT,0.0,-5.0,SL_HIT,4.7368421052631575,0.47500000000000003,True
LONG_5_002,5.0,LONG,2024-01-15T12:19:00.000000000Z,3.900000000001125,9.500000000000064,101,-5.0,SL_HIT,0.0,-5.0,SL_HIT,4.7368421052631575,0.47500000000000003,True
LONG_5_002,5.0,LONG,2024-01-15T12:20:00.000000000Z,3.8000000000004697,9.600000000000719,101,-5.0,SL_HIT,0.0,-5.0,SL_HIT,4.7368421052631575,0.47500000000000003,True
LONG_5_002,5.0,LONG,2024-01-15T12:21:00.000000000Z,3.20000000000098,10.200000000000209,101,-5.0,SL_HIT,0.0,-5.0,SL_HIT,4.7368421052631575,0.47500000000000003,True
LONG_5_002,5.0,LONG,2024-01-15T12:22:00.000000000Z,4.20000000000087,9.200000000000319,101,-5.0,SL_HIT,0.0,-5.0,SL_HIT,4.7368421052631575,0.47500000000000003,True
LONG_5_002,5.0,LONG,2024-01-15T12:23:00.000000000Z,5.800000000000249,7.600000000000939,18,-5.0,SL_HIT,0.8000000000002494,-5.0,SL_HIT,4.7368421052631575,0.47500000000000003,True
LONG_5_002,5.0,LONG,2024-01-15T12:24:00.000000000Z,6.200000000000649,7.200000000000539,17,5.0,TP_HIT,1.2000000000006494,-0.37499999999999956,PARTIAL_THEN_SL,4.7368421052631575,0.47500000000000003,False
LONG_5_002,5.0,LONG,2024-01-15T12:25:00.000000000Z,6.6000000000010495,7.999999999999119,16,5.0,TP_HIT,1.6000000000010495,-0.37499999999999956,PARTIAL_THEN_SL,4.7368421052631575,0.47500000000000003,False
LONG_5_002,5.0,LONG,2024-01-15T12:26:00.000000000Z,4.699999999999704,12.100000000001554,101,-5.0,SL_HIT,0.0,-5.0,SL_HIT,4.7368421052631575,0.47500000000000003,True
LONG_5_002,5.0,LONG,2024-01-15T12:27:00.000000000Z,6.800000000000139,10.499999999999954,14,5.0,TP_HIT,1.8000000000001393,-0.37499999999999956,PARTIAL_THEN_SL,4.7368421052631575,0.47500000000000003,False
LONG_5_002,5.0,LONG,2024-01-15T12:28:00.000000000Z,7.600000000000939,10.399999999999299,12,5.0,TP_HIT,2.6000000000009393,-0.37499999999999956,PARTIAL_THEN_SL,4.7368421052631575,0.47500000000000003,False
LONG_5_002,5.0,LONG,2024-01-15T12:29:00.000000000Z,7.600000000000939,10.399999999999299,11,5.0,TP_HIT,2.6000000000009393,-0.37499999999999956,PARTIAL_THEN_SL,4.7368421052631575,0.47500000000000003,False
LONG_5_002,5.0,LONG,2024-01-15T12:30:00.000000000Z,8.799999999999919,9.200000000000319,10,5.0,TP_HIT,3.799999999999919,-0.37499999999999956,PARTIAL_THEN_SL,4.7368421052631575,0.47500000000000003,False
LONG_5_002,5.0,LONG,2024-01-15T12:31:00.000000000Z,9.00000000000123,8.999999999999009,9,5.0,TP_HIT,4.000000000001229,-0.37499999999999956,PARTIAL_THEN_SL,4.7368421052631575,0.47500000000000003,False
LONG_5_002,5.0,LONG,2024-01-15T12:32:00.000000000Z,8.799999999999919,9.200000000000319,8,5.0,TP_HIT,3.799999999999919,-0.37499999999999956,PARTIAL_THEN_SL,4.7368421052631575,0.47500000000000003,False
LONG_5_002,5.0,LONG,2024-01-15T12:33:00.000000000Z,11.200000000000099,6.800000000000139,7,5.0,TP_HIT,6.200000000000099,-0.37499999999999956,PARTIAL_THEN_SL,4.7368421052631575,0.47500000000000003,False
LONG_5_002,5.0,LONG,2024-01-15T12:34:00.000000000Z,6.999999999999229,11.300000000000754,7,5.0,TP_HIT,1.999999999999229,-0.37499999999999956,PARTIAL_THEN_SL,4.7368421052631575,0.47500000000000003,False
LONG_5_002,5.0,LONG,2024-01-15T12:35:00.000000000Z,7.999999999999119,10.300000000000864,5,5.0,TP_HIT,2.999999999999119,-0.37499999999999956,PARTIAL_THEN_SL,4.7368421052631575,0.47500000000000003,False
LONG_5_002,5.0,LONG,2024-01-15T12:36:00.000000000Z,7.300000000001194,10.999999999998789,5,5.0,TP_HIT,2.3000000000011944,-0.37499999999999956,PARTIAL_THEN_SL,4.7368421052631575,0.47500000000000003,False
LONG_5_002,5.0,LONG,2024-01-15T12:37:00.000000000Z,8.20000000000043,10.099999999999554,3,5.0,TP_HIT,3.200000000000429,-0.37499999999999956,PARTIAL_THEN_SL,4.7368421052631575,0.47500000000000003,False
LONG_5_002,5.0,LONG,2024-01-15T12:38:00.000000000Z,10.200000000000209,8.099999999999774,2,5.0,TP_HIT,5.200000000000209,-0.37499999999999956,PARTIAL_THEN_SL,4.7368421052631575,0.47500000000000003,False
LONG_5_002,5.0,LONG,2024-01-15T12:39:00.000000000Z,6.6000000000010495,12.199999999999989,2,5.0,TP_HIT,1.6000000000010495,-0.37499999999999956,PARTIAL_THEN_SL,4.7368421052631575,0.47500000000000003,False
LONG_5_002,5.0,LONG,2024-01-15T12:40:00.000000000Z,2.5999999999992696,16.20000000000177,101,-5.0,SL_HIT,0.0,-5.0,SL_HIT,4.7368421052631575,0.47500000000000003,True
LONG_5_002,5.0,LONG,2024-01-15T12:41:00.000000000Z,0.0,19.000000000000128,101,-5.0,SL_HIT,0.0,-5.0,SL_HIT,4.7368421052631575,0.47500000000000003,True
LONG_5_003,5.0,LONG,2024-01-15T13:08:00.000000000Z,5.1000000000001044,8.20000000000043,27,5.0,TP_HIT,0.10000000000010445,-0.37499999999999956,PARTIAL_THEN_SL,4.7368421052631575,0.47500000000000003,False
LONG_5_003,5.0,LONG,2024-01-15T13:09:00.000000000Z,7.7000000000015945,5.599999999998939,10,5.0,TP_HIT,2.7000000000015945,-0.37499999999999956,PARTIAL_THEN_SL,4.7368421052631575,0.47500000000000003,False
LONG_5_003,5.0,LONG,2024-01-15T13:10:00.000000000Z,5.9000000000009045,7.399999999999629,24,5.0,TP_HIT,0.9000000000009045,-0.37499999999999956,PARTIAL_THEN_SL,4.7368421052631575,0.47500000000000003,False
LONG_5_003,5.0,LONG,2024-01-15T13:11:00.000000000Z,4.500000000000615,8.799999999999919,101,-5.0,SL_HIT,0.0,-5.0,SL_HIT,4.7368421052631575,0.47500000000000003,True
LONG_5_003,5.0,LONG,2024-01-15T13:12:00.000000000Z,5.699999999999594,7.600000000000939,22,5.0,TP_HIT,0.6999999999995943,-0.37499999999999956,PARTIAL_THEN_SL,4.7368421052631575,0.47500000000000003,False
LONG_5_003,5.0,LONG,2024-01-15T13:13:00.000000000Z,6.500000000000394,6.800000000000139,18,5.0,TP_HIT,1.5000000000003944,-0.37499999999999956,PARTIAL_THEN_SL,4.7368421052631575,0.47500000000000003,False
LONG_5_003,5.0,LONG,2024-01-15T13:14:00.000000000Z,6.500000000000394,6.800000000000139,17,5.0,TP_HIT,1.5000000000003944,1.75,PARTIAL_THEN_SL,4.7368421052631575,0.47500000000000003,False
LONG_5_003,5.0,LONG,2024-01-15T13:15:00.000000000Z,7.099999999999884,6.200000000000649,16,5.0,TP_HIT,2.099999999999884,-0.37499999999999956,PARTIAL_THEN_SL,4.7368421052631575,0.47500000000000003,False
LONG_5_003,5.0,LONG,2024-01-15T13:16:00.000000000Z,4.900000000001015,8.399999999999519,101,-5.0,SL_HIT,0.0,-0.37499999999999956,PARTIAL_THEN_SL,4.7368421052631575,0.47500000000000003,True
LONG_5_003,5.0,LONG,2024-01-15T13:17:00.000000000Z,3.900000000001125,9.399999999999409,101,-5.0,SL_HIT,0.0,-5.0,SL_HIT,4.7368421052631575,0.47500000000000003,True
LONG_5_003,5.0,LONG,2024-01-15T13:18:00.000000000Z,3.9999999999995595,9.300000000000974,101,-5.0,SL_HIT,0.0,-5.0,SL_HIT,4.7368421052631575,0.47500000000000003,True
LONG_5_003,5.0,LONG,2024-01-15T13:19:00.000000000Z,2.100000000000435,11.200000000000099,101,-5.0,SL_HIT,0.0,-5.0,SL_HIT,4.7368421052631575,0.47500000000000003,True
LONG_5_003,5.0,LONG,2024-01-15T13:20:00.000000000Z,2.100000000000435,11.200000000000099,101,-5.0,SL_HIT,0.0,-5.0,SL_HIT,4.7368421052631575,0.47500000000000003,True
LONG_5_003,5.0,LONG,2024-01-15T13:21:00.000000000Z,2.100000000000435,11.200000000000099,101,-5.0,SL_HIT,0.0,-5.0,SL_HIT,4.7368421052631575,0.47500000000000003,True
LONG_5_003,5.0,LONG,2024-01-15T13:22:00.000000000Z,3.6999999999998145,9.600000000000719,101,-5.0,SL_HIT,0.0,-5.0,SL_HIT,4.7368421052631575,0.47500000000000003,True
LONG_5_003,5.0,LONG,2024-01-15T13:23:00.000000000Z,3.6999999999998145,9.600000000000719,101,-5.0,SL_HIT,0.0,-5.0,SL_HIT,4.7368421052631575,0.47500000000000003,True
LONG_5_003,5.0,LONG,2024-01-15T13:24:00.000000000Z,4.100000000000215,9.200000000000319,101,-5.0,SL_HIT,0.0,-5.0,SL_HIT,4.7368421052631575,0.47500000000000003,True
LONG_5_003,5.0,LONG,2024-01-15T13:25:00.000000000Z,2.900000000001235,10.399999999999299,101,-5.0,SL_HIT,0.0,-5.0,SL_HIT,4.7368421052631575,0.47500000000000003,True
LONG_5_003,5.0,LONG,2024-01-15T13:26:00.000000000Z,4.100000000000215,9.200000000000319,101,-5.0,SL_HIT,0.0,-5.0,SL_HIT,4.7368421052631575,0.47500000000000003,True
LONG_5_003,5.0,LONG,2024-01-15T13:27:00.000000000Z,2.9999999999996696,10.300000000000864,101,-5.0,SL_HIT,0.0,-5.0,SL_HIT,4.7368421052631575,0.47500000000000003,True
LONG_5_003,5.0,LONG,2024-01-15T13:28:00.000000000Z,5.1000000000001044,8.20000000000043,7,5.0,TP_HIT,0.10000000000010445,-0.37499999999999956,PARTIAL_THEN_SL,4.7368421052631575,0.47500000000000003,False
LONG_5_003,5.0,LONG,2024-01-15T13:29:00.000000000Z,5.1000000000001044,8.20000000000043,6,5.0,TP_HIT,0.10000000000010445,-0.37499999999999956,PARTIAL_THEN_SL,4.7368421052631575,0.47500000000000003,False
LONG_5_003,5.0,LONG,2024-01-15T13:30:00.000000000Z,2.500000000000835,10.799999999999699,101,-5.0,SL_HIT,0.0,-5.0,SL_HIT,4.7368421052631575,0.47500000000000003,True
LONG_5_003,5.0,LONG,2024-01-15T13:31:00.000000000Z,0.9999999999998899,12.300000000000644,101,-5.0,SL_HIT,0.0,-5.0,SL_HIT,4.7368421052631575,0.47500000000000003,True
LONG_5_003,5.0,LONG,2024-01-15T13:32:00.000000000Z,0.9000000000014552,12.399999999999078,101,-5.0,SL_HIT,0.0,-5.0,SL_HIT,4.7368421052631575,0.47500000000000003,True
LONG_5_003,5.0,LONG,2024-01-15T13:33:00.000000000Z,1.2999999999996348,12.000000000000899,101,-5.0,SL_HIT,0.0,-5.0,SL_HIT,4.7368421052631575,0.47500000000000003,True
LONG_5_003,5.0,LONG,2024-01-15T13:34:00.000000000Z,0.5999999999994898,12.700000000001044,101,-5.0,SL_HIT,0.0,-5.0,SL_HIT,4.7368421052631575,0.47500000000000003,True
LONG_5_003,5.0,LONG,2024-01-15T13:35:00.000000000Z,0.0,13.300000000000534,101,-5.0,SL_HIT,0.0,-5.0,SL_HIT,4.7368421052631575,0.47500000000000003,True
LONG_5_004,5.0,LONG,2024-01-15T14:06:00.000000000Z,5.20000000000076,2.9999999999996696,80,5.0,TP_HIT,0.20000000000075957,2.3881578947368425,PARTIAL_PLUS_TP,4.7368421052631575,0.47500000000000003,False
LONG_5_004,5.0,LONG,2024-01-15T14:07:00.000000000Z,5.699999999999594,2.500000000000835,78,5.0,TP_HIT,0.6999999999995943,2.3881578947368425,PARTIAL_PLUS_TP,4.7368421052631575,0.47500000000000003,False
LONG_5_004,5.0,LONG,2024-01-15T14:08:00.000000000Z,6.399999999999739,1.80000000000069,59,5.0,TP_HIT,1.3999999999997392,2.3881578947368425,PARTIAL_PLUS_TP,4.7368421052631575,0.47500000000000003,False
LONG_5_004,5.0,LONG,2024-01-15T14:09:00.000000000Z,5.399999999999849,2.80000000000058,77,5.0,TP_HIT,0.39999999999984936,2.3881578947368425,PARTIAL_PLUS_TP,4.7368421052631575,0.47500000000000003,False
LONG_5_004,5.0,LONG,2024-01-15T14:10:00.000000000Z,6.500000000000394,1.9999999999997797,57,5.0,TP_HIT,1.5000000000003944,2.3881578947368425,PARTIAL_PLUS_TP,4.7368421052631575,0.47500000000000003,False
LONG_5_004,5.0,LONG,2024-01-15T14:11:00.000000000Z,6.399999999999739,2.4000000000001798,74,5.0,TP_HIT,1.3999999999997392,2.3881578947368425,PARTIAL_PLUS_TP,4.7368421052631575,0.47500000000000003,False
LONG_5_004,5.0,LONG,2024-01-15T14:12:00.000000000Z,6.599999999998829,2.20000000000109,73,5.0,TP_HIT,1.599999999998829,2.3881578947368425,PARTIAL_PLUS_TP,4.7368421052631575,0.47500000000000003,False
LONG_5_004,5.0,LONG,2024-01-15T14:13:00.000000000Z,7.899999999998464,2.300000000001745,72,5.0,TP_HIT,2.899999999998464,2.3881578947368425,PARTIAL_PLUS_TP,4.7368421052631575,0.47500000000000003,False
LONG_5_004,5.0,LONG,2024-01-15T14:14:00.000000000Z,9.299999999998754,1.500000000000945,53,5.0,TP_HIT,4.299999999998754,2.3881578947368425,PARTIAL_PLUS_TP,4.7368421052631575,0.47500000000000003,False
LONG_5_004,5.0,LONG,2024-01-15T14:15:00.000000000Z,8.60000000000083,2.4000000000001798,70,5.0,TP_HIT,3.600000000000829,2.3881578947368425,PARTIAL_PLUS_TP,4.7368421052631575,0.47500000000000003,False
LONG_5_004,5.0,LONG,2024-01-15T14:16:00.000000000Z,8.500000000000174,2.500000000000835,69,5.0,TP_HIT,3.500000000000174,2.3881578947368425,PARTIAL_PLUS_TP,4.7368421052631575,0.47500000000000003,False
LONG_5_004,5.0,LONG,2024-01-15T14:17:00.000000000Z,8.40000000000174,3.4000000000000696,93,5.0,TP_HIT,3.4000000000017394,2.3881578947368425,PARTIAL_PLUS_TP,4.7368421052631575,0.47500000000000003,False
LONG_5_004,5.0,LONG,2024-01-15T14:18:00.000000000Z,10.40000000000152,1.9999999999997797,49,5.0,TP_HIT,5.400000000001519,2.3881578947368425,PARTIAL_PLUS_TP,4.7368421052631575,0.47500000000000003,False
LONG_5_004,5.0,LONG,2024-01-15T14:19:00.000000000Z,11.400000000001409,0.9999999999998899,46,5.0,TP_HIT,6.400000000001409,2.3881578947368425,PARTIAL_PLUS_TP,4.7368421052631575,0.47500000000000003,False
LONG_5_004,5.0,LONG,2024-01-15T14:20:00.000000000Z,11.499999999999844,0.9999999999998899,45,5.0,TP_HIT,6.499999999999844,2.3881578947368425,PARTIAL_PLUS_TP,4.7368421052631575,0.47500000000000003,False
LONG_5_004,5.0,LONG,2024-01-15T14:21:00.000000000Z,11.699999999998933,0.8000000000008001,44,5.0,TP_HIT,6.6999999999989335,2.3881578947368425,PARTIAL_PLUS_TP,4.7368421052631575,0.47500000000000003,False
LONG_5_004,5.0,LONG,2024-01-15T14:22:00.000000000Z,9.999999999998899,2.500000000000835,63,5.0,TP_HIT,4.999999999998899,2.3881578947368425,PARTIAL_PLUS_TP,4.7368421052631575,0.47500000000000003,False
LONG_5_004,5.0,LONG,2024-01-15T14:23:00.000000000Z,9.299999999998754,3.20000000000098,87,5.0,TP_HIT,4.299999999998754,2.3881578947368425,PARTIAL_PLUS_TP,4.7368421052631575,0.47500000000000003,False
LONG_5_004,5.0,LONG,2024-01-15T14:24:00.000000000Z,8.299999999998864,4.20000000000087,89,5.0,TP_HIT,3.299999999998864,2.3881578947368425,PARTIAL_PLUS_TP,4.7368421052631575,0.47500000000000003,False
LONG_5_004,5.0,LONG,2024-01-15T14:25:00.000000000Z,9.699999999999154,2.80000000000058,61,5.0,TP_HIT,4.699999999999154,2.3881578947368425,PARTIAL_PLUS_TP,4.7368421052631575,0.47500000000000003,False
LONG_5_004,5.0,LONG,2024-01-15T14:26:00.000000000Z,7.800000000000029,4.699999999999704,87,5.0,TP_HIT,2.800000000000029,2.3881578947368425,PARTIAL_PLUS_TP,4.7368421052631575,0.47500000000000003,False
LONG_5_004,5.0,LONG,2024-01-15T14:27:00.000000000Z,8.099999999999774,4.3999999999999595,86,5.0,TP_HIT,3.099999999999774,2.3881578947368425,PARTIAL_PLUS_TP,4.7368421052631575,0.47500000000000003,False
LONG_5_004,5.0,LONG,2024-01-15T14:28:00.000000000Z,9.099999999999664,3.4000000000000696,82,5.0,TP_HIT,4.099999999999664,2.3881578947368425,PARTIAL_PLUS_TP,4.7368421052631575,0.47500000000000003,False
LONG_5_004,5.0,LONG,2024-01-15T14:29:00.000000000Z,8.899999999998354,3.60000000000138,82,5.0,TP_HIT,3.8999999999983537,2.3881578947368425,PARTIAL_PLUS_TP,4.7368421052631575,0.47500000000000003,False
LONG_5_004,5.0,LONG,2024-01-15T14:30:00.000000000Z,7.299999999998974,5.20000000000076,84,-5.0,SL_HIT,2.299999999998974,-5.0,SL_HIT,4.7368421052631575,0.47500000000000003,True
LONG_5_004,5.0,LONG,2024-01-15T14:31:00.000000000Z,8.299999999998864,4.20000000000087,82,5.0,TP_HIT,3.299999999998864,2.3881578947368425,PARTIAL_PLUS_TP,4.7368421052631575,0.47500000000000003,False
LONG_5_004,5.0,LONG,2024-01-15T14:32:00.000000000Z,8.899999999998354,3.60000000000138,79,5.0,TP_HIT,3.8999999999983537,2.3881578947368425,PARTIAL_PLUS_TP,4.7368421052631575,0.47500000000000003,False
LONG_5_004,5.0,LONG,2024-01-15T14:33:00.000000000Z,8.299999999998864,4.20000000000087,80,5.0,TP_HIT,3.299999999998864,2.3881578947368425,PARTIAL_PLUS_TP,4.7368421052631575,0.47500000000000003,False
LONG_5_004,5.0,LONG,2024-01-15T14:34:00.000000000Z,8.799999999999919,3.6999999999998145,77,5.0,TP_HIT,3.799999999999919,2.3881578947368425,PARTIAL_PLUS_TP,4.7368421052631575,0.47500000000000003,False
LONG_5_004,5.0,LONG,2024-01-15T14:35:00.000000000Z,9.899999999998244,2.60000000000149,51,5.0,TP_HIT,4.8999999999982435,2.3881578947368425,PARTIAL_PLUS_TP,4.7368421052631575,0.47500000000000003,False
LONG_5_004,5.0,LONG,2024-01-15T14:36:00.000000000Z,8.499999999997954,4.00000000000178,77,5.0,TP_HIT,3.4999999999979536,2.3881578947368425,PARTIAL_PLUS_TP,4.7368421052631575,0.47500000000000003,False
LONG_5_004,5.0,LONG,2024-01-15T14:37:00.000000000Z,9.899999999998244,2.60000000000149,49,5.0,TP_HIT,4.8999999999982435,2.3881578947368425,PARTIAL_PLUS_TP,4.7368421052631575,0.47500000000000003,False
LONG_5_004,5.0,LONG,2024-01-15T14:38:00.000000000Z,8.799999999999919,3.6999999999998145,73,5.0,TP_HIT,3.799999999999919,2.3881578947368425,PARTIAL_PLUS_TP,4.7368421052631575,0.47500000000000003,False
LONG_5_004,5.0,LONG,2024-01-15T14:39:00.000000000Z,7.899999999998464,4.60000000000127,74,5.0,TP_HIT,2.899999999998464,2.3881578947368425,PARTIAL_PLUS_TP,4.7368421052631575,0.47500000000000003,False
LONG_5_004,5.0,LONG,2024-01-15T14:40:00.000000000Z,7.899999999998464,4.60000000000127,73,5.0,TP_HIT,2.899999999998464,2.3881578947368425,PARTIAL_PLUS_TP,4.7368421052631575,0.47500000000000003,False
LONG_5_004,5.0,LONG,2024-01-15T14:41:00.000000000Z,7.899999999998464,4.60000000000127,72,5.0,TP_HIT,2.899999999998464,2.3881578947368425,PARTIAL_PLUS_TP,4.7368421052631575,0.47500000000000003,False
LONG_5_004,5.0,LONG,2024-01-15T14:42:00.000000000Z,8.099999999999774,4.3999999999999595,71,5.0,TP_HIT,3.099999999999774,2.3881578947368425,PARTIAL_PLUS_TP,4.7368421052631575,0.47500000000000003,False
LONG_5_004,5.0,LONG,2024-01-15T14:43:00.000000000Z,8.299999999998864,4.20000000000087,70,5.0,TP_HIT,3.299999999998864,2.3881578947368425,PARTIAL_PLUS_TP,4.7368421052631575,0.47500000000000003,False
LONG_5_004,5.0,LONG,2024-01-15T14:44:00.000000000Z,7.999999999999119,4.500000000000615,69,5.0,TP_HIT,2.999999999999119,2.3881578947368425,PARTIAL_PLUS_TP,4.7368421052631575,0.47500000000000003,False
LONG_5_004,5.0,LONG,2024-01-15T14:45:00.000000000Z,7.899999999998464,4.60000000000127,68,5.0,TP_HIT,2.899999999998464,2.3881578947368425,PARTIAL_PLUS_TP,4.7368421052631575,0.47500000000000003,False
LONG_5_004,5.0,LONG,2024-01-15T14:46:00.000000000Z,9.299999999998754,3.20000000000098,64,5.0,TP_HIT,4.299999999998754,2.3881578947368425,PARTIAL_PLUS_TP,4.7368421052631575,0.47500000000000003,False
LONG_5_004,5.0,LONG,2024-01-15T14:47:00.000000000Z,9.600000000000719,3.8000000000004697,66,5.0,TP_HIT,4.600000000000719,2.3881578947368425,PARTIAL_PLUS_TP,4.7368421052631575,0.47500000000000003,False
LONG_5_004,5.0,LONG,2024-01-15T14:48:00.000000000Z,9.500000000000064,4.00000000000178,65,5.0,TP_HIT,4.500000000000064,2.3881578947368425,PARTIAL_PLUS_TP,4.7368421052631575,0.47500000000000003,False
LONG_5_004,5.0,LONG,2024-01-15T14:49:00.000000000Z,11.000000000001009,3.1000000000003247,37,5.0,TP_HIT,6.000000000001009,2.3881578947368425,PARTIAL_PLUS_TP,4.7368421052631575,0.47500000000000003,False
LONG_5_004,5.0,LONG,2024-01-15T14:50:00.000000000Z,11.600000000000499,2.500000000000835,35,5.0,TP_HIT,6.600000000000499,2.3881578947368425,PARTIAL_PLUS_TP,4.7368421052631575,0.47500000000000003,False
LONG_5_004,5.0,LONG,2024-01-15T14:51:00.000000000Z,11.499999999999844,2.60000000000149,35,5.0,TP_HIT,6.499999999999844,2.3881578947368425,PARTIAL_PLUS_TP,4.7368421052631575,0.47500000000000003,False
LONG_5_004,5.0,LONG,2024-01-15T14:52:00.000000000Z,11.700000000001154,2.4000000000001798,33,5.0,TP_HIT,6.700000000001154,2.3881578947368425,PARTIAL_PLUS_TP,4.7368421052631575,0.47500000000000003,False
LONG_5_004,5.0,LONG,2024-01-15T14:53:00.000000000Z,11.499999999999844,2.60000000000149,33,5.0,TP_HIT,6.499999999999844,2.3881578947368425,PARTIAL_PLUS_TP,4.7368421052631575,0.47500000000000003,False
LONG_5_004,5.0,LONG,2024-01-15T14:54:00.000000000Z,11.700000000001154,2.4000000000001798,31,5.0,TP_HIT,6.700000000001154,2.3881578947368425,PARTIAL_PLUS_TP,4.7368421052631575,0.47500000000000003,False
LONG_5_004,5.0,LONG,2024-01-15T14:55:00.000000000Z,10.900000000000354,3.20000000000098,55,5.0,TP_HIT,5.900000000000354,2.3881578947368425,PARTIAL_PLUS_TP,4.7368421052631575,0.47500000000000003,False
LONG_5_004,5.0,LONG,2024-01-15T14:56:00.000000000Z,10.000000000001119,4.100000000000215,57,5.0,TP_HIT,5.000000000001119,2.3881578947368425,PARTIAL_PLUS_TP,4.7368421052631575,0.47500000000000003,False
LONG_5_004,5.0,LONG,2024-01-15T14:57:00.000000000Z,8.900000000000574,5.20000000000076,57,-5.0,SL_HIT,3.900000000000574,-5.0,SL_HIT,4.7368421052631575,0.47500000000000003,True
LONG_5_004,5.0,LONG,2024-01-15T14:58:00.000000000Z,9.500000000000064,4.60000000000127,55,5.0,TP_HIT,4.500000000000064,2.3881578947368425,PARTIAL_PLUS_TP,4.7368421052631575,0.47500000000000003,False
LONG_5_004,5.0,LONG,2024-01-15T14:59:00.000000000Z,9.099999999999664,5.00000000000167,54,-5.0,SL_HIT,4.099999999999664,-5.0,SL_HIT,4.7368421052631575,0.47500000000000003,True
LONG_5_004,5.0,LONG,2024-01-15T15:00:00.000000000Z,8.300000000001084,5.800000000000249,55,-5.0,SL_HIT,3.3000000000010843,-5.0,SL_HIT,4.7368421052631575,0.47500000000000003,True
LONG_5_004,5.0,LONG,2024-01-15T15:01:00.000000000Z,10.300000000000864,3.8000000000004697,52,5.0,TP_HIT,5.300000000000864,2.3881578947368425,PARTIAL_PLUS_TP,4.7368421052631575,0.47500000000000003,False
LONG_5_004,5.0,LONG,2024-01-15T15:02:00.000000000Z,10.700000000001264,3.4000000000000696,48,5.0,TP_HIT,5.700000000001264,2.3881578947368425,PARTIAL_PLUS_TP,4.7368421052631575,0.47500000000000003,False
LONG_5_004,5.0,LONG,2024-01-15T15:03:00.000000000Z,10.000000000001119,4.100000000000215,50,5.0,TP_HIT,5.000000000001119,2.3881578947368425,PARTIAL_PLUS_TP,4.7368421052631575,0.47500000000000003,False
LONG_5_004,5.0,LONG,2024-01-15T15:04:00.000000000Z,8.700000000001484,5.399999999999849,50,-5.0,SL_HIT,3.7000000000014843,-5.0,SL_HIT,4.7368421052631575,0.47500000000000003,True
LONG_5_004,5.0,LONG,2024-01-15T15:05:00.000000000Z,7.900000000000684,6.200000000000649,52,-5.0,SL_HIT,2.9000000000006843,-5.0,SL_HIT,4.7368421052631575,0.47500000000000003,True
LONG_5_004,5.0,LONG,2024-01-15T15:06:00.000000000Z,8.00000000000134,6.099999999999994,51,-5.0,SL_HIT,3.0000000000013394,-5.0,SL_HIT,4.7368421052631575,0.47500000000000003,True
LONG_5_004,5.0,LONG,2024-01-15T15:07:00.000000000Z,7.099999999999884,7.0000000000014495,51,-5.0,SL_HIT,2.099999999999884,-5.0,SL_HIT,4.7368421052631575,0.47500000000000003,True
LONG_5_004,5.0,LONG,2024-01-15T15:08:00.000000000Z,8.00000000000134,6.099999999999994,49,-5.0,SL_HIT,3.0000000000013394,-5.0,SL_HIT,4.7368421052631575,0.47500000000000003,True
LONG_5_004,5.0,LONG,2024-01-15T15:09:00.000000000Z,8.20000000000043,5.9000000000009045,46,-5.0,SL_HIT,3.200000000000429,-5.0,SL_HIT,4.7368421052631575,0.47500000000000003,True
LONG_5_004,5.0,LONG,2024-01-15T15:10:00.000000000Z,9.00000000000123,5.1000000000001044,43,-5.0,SL_HIT,4.000000000001229,-5.0,SL_HIT,4.7368421052631575,0.47500000000000003,True
LONG_5_004,5.0,LONG,2024-01-15T15:11:00.000000000Z,10.700000000001264,3.4000000000000696,39,5.0,TP_HIT,5.700000000001264,2.3881578947368425,PARTIAL_PLUS_TP,4.7368421052631575,0.47500000000000003,False
LONG_5_004,5.0,LONG,2024-01-15T15:12:00.000000000Z,13.300000000000534,0.8000000000008001,13,5.0,TP_HIT,8.300000000000534,2.5,PARTIAL_PLUS_TP,4.7368421052631575,0.47500000000000003,False
LONG_5_004,5.0,LONG,2024-01-15T15:13:00.000000000Z,11.499999999999844,2.60000000000149,13,5.0,TP_HIT,6.499999999999844,2.3881578947368425,PARTIAL_PLUS_TP,4.7368421052631575,0.47500000000000003,False
LONG_5_004,5.0,LONG,2024-01-15T15:14:00.000000000Z,11.400000000001409,2.6999999999999247,12,5.0,TP_HIT,6.400000000001409,2.3881578947368425,PARTIAL_PLUS_TP,4.7368421052631575,0.47500000000000003,False
LONG_5_004,5.0,LONG,2024-01-15T15:15:00.000000000Z,10.600000000000609,3.5000000000007248,36,5.0,TP_HIT,5.600000000000609,2.3881578947368425,PARTIAL_PLUS_TP,4.7368421052631575,0.47500000000000003,False
LONG_5_004,5.0,LONG,2024-01-15T15:16:00.000000000Z,10.099999999999554,4.00000000000178,37,5.0,TP_HIT,5.099999999999554,2.3881578947368425,PARTIAL_PLUS_TP,4.7368421052631575,0.47500000000000003,False
LONG_5_004,5.0,LONG,2024-01-15T15:17:00.000000000Z,11.100000000001664,2.9999999999996696,9,5.0,TP_HIT,6.100000000001664,2.3881578947368425,PARTIAL_PLUS_TP,4.7368421052631575,0.47500000000000003,False
LONG_5_004,5.0,LONG,2024-01-15T15:18:00.000000000Z,11.300000000000754,2.80000000000058,8,5.0,TP_HIT,6.300000000000754,2.3881578947368425,PARTIAL_PLUS_TP,4.7368421052631575,0.47500000000000003,False
LONG_5_004,5.0,LONG,2024-01-15T15:19:00.000000000Z,11.300000000000754,2.80000000000058,7,5.0,TP_HIT,6.300000000000754,2.3881578947368425,PARTIAL_PLUS_TP,4.7368421052631575,0.47500000000000003,False
LONG_5_004,5.0,LONG,2024-01-15T15:20:00.000000000Z,11.600000000000499,2.500000000000835,5,5.0,TP_HIT,6.600000000000499,2.3881578947368425,PARTIAL_PLUS_TP,4.7368421052631575,0.47500000000000003,False
LONG_5_004,5.0,LONG,2024-01-15T15:21:00.000000000Z,11.499999999999844,2.60000000000149,5,5.0,TP_HIT,6.499999999999844,2.3881578947368425,PARTIAL_PLUS_TP,4.7368421052631575,0.47500000000000003,False
LONG_5_004,5.0,LONG,2024-01-15T15:22:00.000000000Z,9.300000000000974,4.8000000000003595,31,5.0,TP_HIT,4.300000000000974,2.3881578947368425,PARTIAL_PLUS_TP,4.7368421052631575,0.47500000000000003,False
LONG_5_004,5.0,LONG,2024-01-15T15:23:00.000000000Z,11.100000000001664,2.9999999999996696,3,5.0,TP_HIT,6.100000000001664,2.3881578947368425,PARTIAL_PLUS_TP,4.7368421052631575,0.47500000000000003,False
LONG_5_004,5.0,LONG,2024-01-15T15:24:00.000000000Z,9.099999999999664,5.00000000000167,29,-5.0,SL_HIT,4.099999999999664,-5.0,SL_HIT,4.7368421052631575,0.47500000000000003,True
LONG_5_004,5.0,LONG,2024-01-15T15:25:00.000000000Z,6.500000000000394,7.600000000000939,62,-5.0,SL_HIT,1.5000000000003944,-5.0,SL_HIT,4.7368421052631575,0.47500000000000003,True
LONG_5_004,5.0,LONG,2024-01-15T15:26:00.000000000Z,5.9000000000009045,8.20000000000043,61,-5.0,SL_HIT,0.9000000000009045,-5.0,SL_HIT,4.7368421052631575,0.47500000000000003,True
LONG_5_004,5.0,LONG,2024-01-15T15:27:00.000000000Z,7.7000000000015945,6.399999999999739,30,-5.0,SL_HIT,2.7000000000015945,-5.0,SL_HIT,4.7368421052631575,0.47500000000000003,True
LONG_5_004,5.0,LONG,2024-01-15T15:28:00.000000000Z,8.099999999999774,6.00000000000156,29,-5.0,SL_HIT,3.099999999999774,-5.0,SL_HIT,4.7368421052631575,0.47500000000000003,True
LONG_5_004,5.0,LONG,2024-01-15T15:29:00.000000000Z,7.200000000000539,6.900000000000794,29,-5.0,SL_HIT,2.2000000000005393,-5.0,SL_HIT,4.7368421052631575,0.47500000000000003,True
LONG_5_004,5.0,LONG,2024-01-15T15:30:00.000000000Z,9.500000000000064,4.60000000000127,23,5.0,TP_HIT,4.500000000000064,2.3881578947368425,PARTIAL_PLUS_TP,4.7368421052631575,0.47500000000000003,False
LONG_5_004,5.0,LONG,2024-01-15T15:31:00.000000000Z,10.099999999999554,4.00000000000178,22,5.0,TP_HIT,5.099999999999554,2.3881578947368425,PARTIAL_PLUS_TP,4.7368421052631575,0.47500000000000003,False
LONG_5_004,5.0,LONG,2024-01-15T15:32:00.000000000Z,10.300000000000864,3.8000000000004697,21,5.0,TP_HIT,5.300000000000864,2.3881578947368425,PARTIAL_PLUS_TP,4.7368421052631575,0.47500000000000003,False
LONG_5_004,5.0,LONG,2024-01-15T15:33:00.000000000Z,10.799999999999699,3.300000000001635,17,5.0,TP_HIT,5.799999999999699,2.3881578947368425,PARTIAL_PLUS_TP,4.7368421052631575,0.47500000000000003,False
LONG_5_004,5.0,LONG,2024-01-15T15:34:00.000000000Z,11.100000000001664,2.9999999999996696,16,5.0,TP_HIT,6.100000000001664,2.3881578947368425,PARTIAL_PLUS_TP,4.7368421052631575,0.47500000000000003,False
LONG_5_004,5.0,LONG,2024-01-15T15:35:00.000000000Z,11.600000000000499,2.500000000000835,15,5.0,TP_HIT,6.600000000000499,2.3881578947368425,PARTIAL_PLUS_TP,4.7368421052631575,0.47500000000000003,False
LONG_5_004,5.0,LONG,2024-01-15T15:36:00.000000000Z,12.499999999999734,1.6000000000016001,14,5.0,TP_HIT,7.4999999999997335,2.3881578947368425,PARTIAL_PLUS_TP,4.7368421052631575,0.47500000000000003,False
LONG_5_004,5.0,LONG,2024-01-15T15:37:00.000000000Z,13.800000000001589,0.2999999999997449,12,5.0,TP_HIT,8.800000000001589,2.3881578947368425,PARTIAL_PLUS_TP,4.7368421052631575,0.47500000000000003,False
LONG_5_004,5.0,LONG,2024-01-15T15:38:00.000000000Z,14.100000000001334,0.0,10,5.0,TP_HIT,9.100000000001334,2.3881578947368425,PARTIAL_PLUS_TP,4.7368421052631575,0.47500000000000003,False
LONG_5_004,5.0,LONG,2024-01-15T15:39:00.000000000Z,13.900000000000023,0.0,10,5.0,TP_HIT,8.900000000000023,2.3881578947368425,PARTIAL_PLUS_TP,4.7368421052631575,0.47500000000000003,False
LONG_5_004,5.0,LONG,2024-01-15T15:40:00.000000000Z,13.199999999999878,0.0,9,5.0,TP_HIT,8.199999999999878,2.3881578947368425,PARTIAL_PLUS_TP,4.7368421052631575,0.47500000000000003,False
LONG_5_004,5.0,LONG,2024-01-15T15:41:00.000000000Z,13.100000000001444,0.0,8,5.0,TP_HIT,8.100000000001444,2.3881578947368425,PARTIAL_PLUS_TP,4.7368421052631575,0.47500000000000003,False
LONG_5_004,5.0,LONG,2024-01-15T15:42:00.000000000Z,11.499999999999844,1.100000000000545,8,5.0,TP_HIT,6.499999999999844,2.3881578947368425,PARTIAL_PLUS_TP,4.7368421052631575,0.47500000000000003,False
LONG_5_004,5.0,LONG,2024-01-15T15:43:00.000000000Z,12.600000000000389,0.0,7,5.0,TP_HIT,7.600000000000389,2.3881578947368425,PARTIAL_PLUS_TP,4.7368421052631575,0.47500000000000003,False
LONG_5_004,5.0,LONG,2024-01-15T15:44:00.000000000Z,11.100000000001664,0.0,6,5.0,TP_HIT,6.100000000001664,2.3881578947368425,PARTIAL_PLUS_TP,4.7368421052631575,0.47500000000000003,False
LONG_5_004,5.0,LONG,2024-01-15T15:45:00.000000000Z,9.500000000000064,1.500000000000945,8,5.0,TP_HIT,4.500000000000064,2.3881578947368425,PARTIAL_PLUS_TP,4.7368421052631575,0.47500000000000003,False
LONG_5_004,5.0,LONG,2024-01-15T15:46:00.000000000Z,11.000000000001009,0.0,4,5.0,TP_HIT,6.000000000001009,2.3881578947368425,PARTIAL_PLUS_TP,4.7368421052631575,0.47500000000000003,False
LONG_5_004,5.0,LONG,2024-01-15T15:47:00.000000000Z,10.200000000000209,0.0,6,5.0,TP_HIT,5.200000000000209,2.3881578947368425,PARTIAL_PLUS_TP,4.7368421052631575,0.47500000000000003,False
LONG_5_004,5.0,LONG,2024-01-15T15:48:00.000000000Z,9.099999999999664,0.0,5,5.0,TP_HIT,4.099999999999664,2.3881578947368425,PARTIAL_PLUS_TP,4.7368421052631575,0.47500000000000003,False
LONG_5_004,5.0,LONG,2024-01-15T15:49:00.000000000Z,8.099999999999774,0.0,8,5.0,TP_HIT,3.099999999999774,2.3881578947368425,PARTIAL_PLUS_TP,4.7368421052631575,0.47500000000000003,False
LONG_5_004,5.0,LONG,2024-01-15T15:50:00.000000000Z,5.60000000000116,0.0,38,5.0,TP_HIT,0.6000000000011596,2.3881578947368425,PARTIAL_PLUS_TP,4.7368421052631575,0.47500000000000003,False
LONG_5_004,5.0,LONG,2024-01-15T15:51:00.000000000Z,5.300000000001415,0.09999999999843467,38,5.0,TP_HIT,0.3000000000014147,2.3881578947368425,PARTIAL_PLUS_TP,4.7368421052631575,0.47500000000000003,False
LONG_5_004,5.0,LONG,2024-01-15T15:52:00.000000000Z,5.300000000001415,0.09999999999843467,37,5.0,TP_HIT,0.3000000000014147,2.3881578947368425,PARTIAL_PLUS_TP,4.7368421052631575,0.47500000000000003,False
LONG_5_004,5.0,LONG,2024-01-15T15:53:00.000000000Z,3.900000000001125,1.4999999999987246,101,-1.1999999999989797,TIMEOUT,0.0,-1.1999999999989797,TIMEOUT,4.7368421052631575,0.47500000000000003,False
LONG_5_004,5.0,LONG,2024-01-15T15:54:00.000000000Z,3.300000000001635,2.0999999999982144,101,-1.7999999999984695,TIMEOUT,0.0,-1.7999999999984695,TIMEOUT,4.7368421052631575,0.47500000000000003,False
LONG_5_004,5.0,LONG,2024-01-15T15:55:00.000000000Z,3.1000000000003247,2.2999999999995246,101,-1.9999999999997797,TIMEOUT,0.0,-1.9999999999997797,TIMEOUT,4.7368421052631575,0.47500000000000003,False
LONG_5_004,5.0,LONG,2024-01-15T15:56:00.000000000Z,3.5000000000007248,1.8999999999991246,101,-1.5999999999993797,TIMEOUT,0.0,-1.5999999999993797,TIMEOUT,4.7368421052631575,0.47500000000000003,False
LONG_5_004,5.0,LONG,2024-01-15T15:57:00.000000000Z,2.2999999999995246,3.1000000000003247,101,-2.80000000000058,TIMEOUT,0.0,-2.80000000000058,TIMEOUT,4.7368421052631575,0.47500000000000003,False
LONG_5_004,5.0,LONG,2024-01-15T15:58:00.000000000Z,1.7000000000000348,3.6999999999998145,101,-3.4000000000000696,TIMEOUT,0.0,-3.4000000000000696,TIMEOUT,4.7368421052631575,0.47500000000000003,False
LONG_5_004,5.0,LONG,2024-01-15T15:59:00.000000000Z,2.6999999999999247,2.6999999999999247,101,-2.4000000000001798,TIMEOUT,0.0,-2.4000000000001798,TIMEOUT,4.7368421052631575,0.47500000000000003,False
LONG_5_004,5.0,LONG,2024-01-15T16:00:00.000000000Z,1.6000000000016001,3.7999999999982492,101,-3.4999999999985043,TIMEOUT,0.0,-3.4999999999985043,TIMEOUT,4.7368421052631575,0.47500000000000003,False
LONG_5_004,5.0,LONG,2024-01-15T16:01:00.000000000Z,1.6000000000016001,3.7999999999982492,101,-3.4999999999985043,TIMEOUT,0.0,-3.4999999999985043,TIMEOUT,4.7368421052631575,0.47500000000000003,False
LONG_5_004,5.0,LONG,2024-01-15T16:02:00.000000000Z,1.9999999999997797,3.4000000000000696,101,-3.1000000000003247,TIMEOUT,0.0,-3.1000000000003247,TIMEOUT,4.7368421052631575,0.47500000000000003,False
LONG_5_004,5.0,LONG,2024-01-15T16:03:00.000000000Z,3.1000000000003247,2.2999999999995246,101,-1.9999999999997797,TIMEOUT,0.0,-1.9999999999997797,TIMEOUT,4.7368421052631575,0.47500000000000003,False
LONG_5_004,5.0,LONG,2024-01-15T16:04:00.000000000Z,4.100000000000215,1.2999999999996348,101,-0.9999999999998899,TIMEOUT,0.0,-0.9999999999998899,TIMEOUT,4.7368421052631575,0.47500000000000003,False
LONG_5_004,5.0,LONG,2024-01-15T16:05:00.000000000Z,3.6999999999998145,1.7000000000000348,101,-1.40000000000029,TIMEOUT,0.0,-1.40000000000029,TIMEOUT,4.7368421052631575,0.47500000000000003,False
LONG_5_004,5.0,LONG,2024-01-15T16:06:00.000000000Z,3.4000000000000696,1.9999999999997797,101,-1.7000000000000348,TIMEOUT,0.0,-1.7000000000000348,TIMEOUT,4.7368421052631575,0.47500000000000003,False
LONG_5_004,5.0,LONG,2024-01-15T16:07:00.000000000Z,3.5000000000007248,1.8999999999991246,101,-1.5999999999993797,TIMEOUT,0.0,-1.5999999999993797,TIMEOUT,4.7368421052631575,0.47500000000000003,False
LONG_5_004,5.0,LONG,2024-01-15T16:08:00.000000000Z,3.60000000000138,1.7999999999984695,101,-1.4999999999987246,TIMEOUT,0.0,-1.4999999999987246,TIMEOUT,4.7368421052631575,0.47500000000000003,False
LONG_5_004,5.0,LONG,2024-01-15T16:09:00.000000000Z,3.5000000000007248,1.8999999999991246,101,-1.5999999999993797,TIMEOUT,0.0,-1.5999999999993797,TIMEOUT,4.7368421052631575,0.47500000000000003,False
LONG_5_004,5.0,LONG,2024-01-15T16:10:00.000000000Z,2.80000000000058,2.5999999999992696,101,-2.2999999999995246,TIMEOUT,0.0,-2.2999999999995246,TIMEOUT,4.7368421052631575,0.47500000000000003,False
LONG_5_004,5.0,LONG,2024-01-15T16:11:00.000000000Z,3.6999999999998145,1.7000000000000348,101,-1.40000000000029,TIMEOUT,0.0,-1.40000000000029,TIMEOUT,4.7368421052631575,0.47500000000000003,False
LONG_5_004,5.0,LONG,2024-01-15T16:12:00.000000000Z,3.60000000000138,1.7999999999984695,101,-1.4999999999987246,TIMEOUT,0.0,-1.4999999999987246,TIMEOUT,4.7368421052631575,0.47500000000000003,False
LONG_5_004,5.0,LONG,2024-01-15T16:13:00.000000000Z,4.699999999999704,0.700000000000145,101,-0.40000000000040004,TIMEOUT,0.0,-0.40000000000040004,TIMEOUT,4.7368421052631575,0.47500000000000003,False
LONG_5_004,5.0,LONG,2024-01-15T16:14:00.000000000Z,3.6999999999998145,1.7000000000000348,101,-1.40000000000029,TIMEOUT,0.0,-1.40000000000029,TIMEOUT,4.7368421052631575,0.47500000000000003,False
LONG_5_004,5.0,LONG,2024-01-15T16:15:00.000000000Z,2.900000000001235,2.4999999999986144,101,-2.1999999999988695,TIMEOUT,0.0,-2.1999999999988695,TIMEOUT,4.7368421052631575,0.47500000000000003,False
LONG_5_004,5.0,LONG,2024-01-15T16:16:00.000000000Z,3.9999999999995595,1.40000000000029,101,-1.100000000000545,TIMEOUT,0.0,-1.100000000000545,TIMEOUT,4.7368421052631575,0.47500000000000003,False
LONG_5_004,5.0,LONG,2024-01-15T16:17:00.000000000Z,3.300000000001635,2.0999999999982144,101,-1.7999999999984695,TIMEOUT,0.0,-1.7999999999984695,TIMEOUT,4.7368421052631575,0.47500000000000003,False
LONG_5_004,5.0,LONG,2024-01-15T16:18:00.000000000Z,4.300000000001525,1.0999999999983245,101,-0.7999999999985796,TIMEOUT,0.0,-0.7999999999985796,TIMEOUT,4.7368421052631575,0.47500000000000003,False
LONG_5_004,5.0,LONG,2024-01-15T16:19:00.000000000Z,5.1000000000001044,0.2999999999997449,10,5.0,TP_HIT,0.10000000000010445,2.3881578947368425,PARTIAL_PLUS_TP,4.7368421052631575,0.47500000000000003,False
LONG_5_004,5.0,LONG,2024-01-15T16:20:00.000000000Z,5.1000000000001044,0.2999999999997449,9,5.0,TP_HIT,0.10000000000010445,2.3881578947368425,PARTIAL_PLUS_TP,4.7368421052631575,0.47500000000000003,False
LONG_5_004,5.0,LONG,2024-01-15T16:21:00.000000000Z,4.3999999999999595,0.9999999999998899,101,-0.700000000000145,TIMEOUT,0.0,-0.700000000000145,TIMEOUT,4.7368421052631575,0.47500000000000003,False
LONG_5_004,5.0,LONG,2024-01-15T16:22:00.000000000Z,4.100000000000215,1.2999999999996348,101,-0.9999999999998899,TIMEOUT,0.0,-0.9999999999998899,TIMEOUT,4.7368421052631575,0.47500000000000003,False
LONG_5_004,5.0,LONG,2024-01-15T16:23:00.000000000Z,2.9999999999996696,2.4000000000001798,101,-2.100000000000435,TIMEOUT,0.0,-2.100000000000435,TIMEOUT,4.7368421052631575,0.47500000000000003,False
LONG_5_004,5.0,LONG,2024-01-15T16:24:00.000000000Z,3.5000000000007248,1.8999999999991246,101,-1.5999999999993797,TIMEOUT,0.0,-1.5999999999993797,TIMEOUT,4.7368421052631575,0.47500000000000003,False
LONG_5_004,5.0,LONG,2024-01-15T16:25:00.000000000Z,3.60000000000138,1.7999999999984695,101,-1.4999999999987246,TIMEOUT,0.0,-1.4999999999987246,TIMEOUT,4.7368421052631575,0.47500000000000003,False
LONG_5_004,5.0,LONG,2024-01-15T16:26:00.000000000Z,3.1000000000003247,2.2999999999995246,101,-1.9999999999997797,TIMEOUT,0.0,-1.9999999999997797,TIMEOUT,4.7368421052631575,0.47500000000000003,False
LONG_5_004,5.0,LONG,2024-01-15T16:27:00.000000000Z,0.700000000000145,4.699999999999704,101,-4.3999999999999595,TIMEOUT,0.0,-4.3999999999999595,TIMEOUT,4.7368421052631575,0.47500000000000003,False
LONG_5_004,5.0,LONG,2024-01-15T16:28:00.000000000Z,0.5999999999994898,4.8000000000003595,101,-4.500000000000615,TIMEOUT,0.0,-4.500000000000615,TIMEOUT,4.7368421052631575,0.47500000000000003,False
LONG_5_004,5.0,LONG,2024-01-15T16:29:00.000000000Z,0.0,5.399999999999849,101,-5.0,SL_HIT,0.0,-5.0,SL_HIT,4.7368421052631575,0.47500000000000003,True
SHORT_5_001,5.0,SHORT,2024-01-15T08:00:00.000000000Z,11.699999999998933,6.800000000000139,95,-5.0,SL_HIT,6.6999999999989335,-5.0,SL_HIT,4.186046511627907,0.2866666666666667,True
SHORT_5_001,5.0,SHORT,2024-01-15T08:01:00.000000000Z,11.899999999998023,6.6000000000010495,94,-5.0,SL_HIT,6.899999999998023,-5.0,SL_HIT,4.186046511627907,0.2866666666666667,True
SHORT_5_001,5.0,SHORT,2024-01-15T08:02:00.000000000Z,13.099999999999223,5.399999999999849,75,-5.0,SL_HIT,8.099999999999223,-5.0,SL_HIT,4.186046511627907,0.2866666666666667,True
SHORT_5_001,5.0,SHORT,2024-01-15T08:03:00.000000000Z,15.099999999999003,3.4000000000000696,59,5.0,TP_HIT,10.099999999999003,1.7806201550387597,PARTIAL_PLUS_TP,4.186046511627907,0.2866666666666667,False
SHORT_5_001,5.0,SHORT,2024-01-15T08:04:00.000000000Z,14.499999999999513,3.9999999999995595,58,5.0,TP_HIT,9.499999999999513,1.7806201550387597,PARTIAL_PLUS_TP,4.186046511627907,0.2866666666666667,False
SHORT_5_001,5.0,SHORT,2024-01-15T08:05:00.000000000Z,14.999999999998348,3.5000000000007248,57,5.0,TP_HIT,9.999999999998348,1.7806201550387597,PARTIAL_PLUS_TP,4.186046511627907,0.2866666666666667,False
SHORT_5_001,5.0,SHORT,2024-01-15T08:06:00.000000000Z,14.199999999999768,4.299999999999304,56,5.0,TP_HIT,9.199999999999768,1.7806201550387597,PARTIAL_PLUS_TP,4.186046511627907,0.2866666666666667,False
SHORT_5_001,5.0,SHORT,2024-01-15T08:07:00.000000000Z,13.600000000000279,5.699999999999594,71,-5.0,SL_HIT,8.600000000000279,-5.0,SL_HIT,4.186046511627907,0.2866666666666667,True
SHORT_5_001,5.0,SHORT,2024-01-15T08:08:00.000000000Z,15.600000000000058,3.6999999999998145,54,5.0,TP_HIT,10.600000000000058,1.7806201550387597,PARTIAL_PLUS_TP,4.186046511627907,0.2866666666666667,False
SHORT_5_001,5.0,SHORT,2024-01-15T08:09:00.000000000Z,17.700000000000493,1.5999999999993797,51,5.0,TP_HIT,12.700000000000493,1.7806201550387597,PARTIAL_PLUS_TP,4.186046511627907,0.2866666666666667,False
SHORT_5_001,5.0,SHORT,2024-01-15T08:10:00.000000000Z,17.700000000000493,1.5999999999993797,50,5.0,TP_HIT,12.700000000000493,1.7806201550387597,PARTIAL_PLUS_TP,4.186046511627907,0.2866666666666667,False
SHORT_5_001,5.0,SHORT,2024-01-15T08:11:00.000000000Z,19.100000000000783,0.1999999999990898,21,5.0,TP_HIT,14.100000000000783,1.7806201550387597,PARTIAL_PLUS_TP,4.186046511627907,0.2866666666666667,False
SHORT_5_001,5.0,SHORT,2024-01-15T08:12:00.000000000Z,17.000000000000348,2.2999999999995246,49,5.0,TP_HIT,12.000000000000348,1.7806201550387597,PARTIAL_PLUS_TP,4.186046511627907,0.2866666666666667,False
SHORT_5_001,5.0,SHORT,2024-01-15T08:13:00.000000000Z,16.899999999999693,2.4000000000001798,48,5.0,TP_HIT,11.899999999999693,1.7806201550387597,PARTIAL_PLUS_TP,4.186046511627907,0.2866666666666667,False
SHORT_5_001,5.0,SHORT,2024-01-15T08:14:00.000000000Z,18.700000000000383,0.5999999999994898,46,5.0,TP_HIT,13.700000000000383,1.7806201550387597,PARTIAL_PLUS_TP,4.186046511627907,0.2866666666666667,False
SHORT_5_001,5.0,SHORT,2024-01-15T08:15:00.000000000Z,19.100000000000783,0.1999999999990898,17,5.0,TP_HIT,14.100000000000783,1.7806201550387597,PARTIAL_PLUS_TP,4.186046511627907,0.2866666666666667,False
SHORT_5_001,5.0,SHORT,2024-01-15T08:16:00.000000000Z,15.799999999999148,3.5000000000007248,46,5.0,TP_HIT,10.799999999999148,1.7806201550387597,PARTIAL_PLUS_TP,4.186046511627907,0.2866666666666667,False
SHORT_5_001,5.0,SHORT,2024-01-15T08:17:00.000000000Z,16.700000000000603,2.5999999999992696,44,5.0,TP_HIT,11.700000000000603,1.7806201550387597,PARTIAL_PLUS_TP,4.186046511627907,0.2866666666666667,False
SHORT_5_001,5.0,SHORT,2024-01-15T08:18:00.000000000Z,16.499999999999293,2.80000000000058,44,5.0,TP_HIT,11.499999999999293,1.7806201550387597,PARTIAL_PLUS_TP,4.186046511627907,0.2866666666666667,False
SHORT_5_001,5.0,SHORT,2024-01-15T08:19:00.000000000Z,16.700000000000603,2.5999999999992696,42,5.0,TP_HIT,11.700000000000603,1.7806201550387597,PARTIAL_PLUS_TP,4.186046511627907,0.2866666666666667,False
SHORT_5_001,5.0,SHORT,2024-01-15T08:20:00.000000000Z,16.299999999997983,3.20000000000098,42,5.0,TP_HIT,11.299999999997983,1.7806201550387597,PARTIAL_PLUS_TP,4.186046511627907,0.2866666666666667,False
SHORT_5_001,5.0,SHORT,2024-01-15T08:21:00.000000000Z,17.399999999998528,2.100000000000435,40,5.0,TP_HIT,12.399999999998528,1.7806201550387597,PARTIAL_PLUS_TP,4.186046511627907,0.2866666666666667,False
SHORT_5_001,5.0,SHORT,2024-01-15T08:22:00.000000000Z,17.599999999999838,2.9999999999996696,40,5.0,TP_HIT,12.599999999999838,1.7806201550387597,PARTIAL_PLUS_TP,4.186046511627907,0.2866666666666667,False
SHORT_5_001,5.0,SHORT,2024-01-15T08:23:00.000000000Z,19.299999999999873,2.2999999999995246,38,5.0,TP_HIT,14.299999999999873,1.7806201550387597,PARTIAL_PLUS_TP,4.186046511627907,0.2866666666666667,False
SHORT_5_001,5.0,SHORT,2024-01-15T08:24:00.000000000Z,23.100000000000342,0.0,8,5.0,TP_HIT,18.100000000000342,1.7806201550387597,PARTIAL_PLUS_TP,4.186046511627907,0.2866666666666667,False
SHORT_5_001,5.0,SHORT,2024-01-15T08:25:00.000000000Z,22.900000000001253,0.0,7,5.0,TP_HIT,17.900000000001253,1.7806201550387597,PARTIAL_PLUS_TP,4.186046511627907,0.2866666666666667,False
SHORT_5_001,5.0,SHORT,2024-01-15T08:26:00.000000000Z,22.900000000001253,0.0,6,5.0,TP_HIT,17.900000000001253,1.7806201550387597,PARTIAL_PLUS_TP,4.186046511627907,0.2866666666666667,False
SHORT_5_001,5.0,SHORT,2024-01-15T08:27:00.000000000Z,22.500000000000853,0.0,33,5.0,TP_HIT,17.500000000000853,1.7806201550387597,PARTIAL_PLUS_TP,4.186046511627907,0.2866666666666667,False
SHORT_5_001,5.0,SHORT,2024-01-15T08:28:00.000000000Z,21.100000000000563,0.8000000000008001,33,5.0,TP_HIT,16.100000000000563,1.7806201550387597,PARTIAL_PLUS_TP,4.186046511627907,0.2866666666666667,False
SHORT_5_001,5.0,SHORT,2024-01-15T08:29:00.000000000Z,23.000000000001908,0.0,31,5.0,TP_HIT,18.000000000001908,1.7806201550387597,PARTIAL_PLUS_TP,4.186046511627907,0.2866666666666667,False
SHORT_5_001,5.0,SHORT,2024-01-15T08:30:00.000000000Z,20.600000000001728,1.4999999999987246,32,5.0,TP_HIT,15.600000000001728,1.9000000000000004,PARTIAL_PLUS_TP,4.186046511627907,0.2866666666666667,False
SHORT_5_001,5.0,SHORT,2024-01-15T08:31:00.000000000Z,21.400000000000308,0.700000000000145,31,5.0,TP_HIT,16.400000000000308,1.7806201550387597,PARTIAL_PLUS_TP,4.186046511627907,0.2866666666666667,False
SHORT_5_001,5.0,SHORT,2024-01-15T08:32:00.000000000Z,20.599999999999508,2.100000000000435,45,5.0,TP_HIT,15.599999999999508,1.7806201550387597,PARTIAL_PLUS_TP,4.186046511627907,0.2866666666666667,False
SHORT_5_001,5.0,SHORT,2024-01-15T08:33:00.000000000Z,20.700000000000163,1.9999999999997797,43,5.0,TP_HIT,15.700000000000163,1.7806201550387597,PARTIAL_PLUS_TP,4.186046511627907,0.2866666666666667,False
SHORT_5_001,5.0,SHORT,2024-01-15T08:34:00.000000000Z,20.599999999999508,2.100000000000435,43,5.0,TP_HIT,15.599999999999508,1.7806201550387597,PARTIAL_PLUS_TP,4.186046511627907,0.2866666666666667,False
SHORT_5_001,5.0,SHORT,2024-01-15T08:35:00.000000000Z,21.299999999999653,1.9999999999997797,41,5.0,TP_HIT,16.299999999999653,1.7806201550387597,PARTIAL_PLUS_TP,4.186046511627907,0.2866666666666667,False
SHORT_5_001,5.0,SHORT,2024-01-15T08:36:00.000000000Z,21.000000000002128,2.4999999999986144,41,5.0,TP_HIT,16.000000000002128,1.7806201550387597,PARTIAL_PLUS_TP,4.186046511627907,0.2866666666666667,False
SHORT_5_001,5.0,SHORT,2024-01-15T08:37:00.000000000Z,22.699999999999942,1.9999999999997797,39,5.0,TP_HIT,17.699999999999942,1.7806201550387597,PARTIAL_PLUS_TP,4.186046511627907,0.2866666666666667,False
SHORT_5_001,5.0,SHORT,2024-01-15T08:38:00.000000000Z,25.399999999999867,0.9999999999998899,24,5.0,TP_HIT,20.399999999999867,1.7806201550387597,PARTIAL_PLUS_TP,4.186046511627907,0.2866666666666667,False
SHORT_5_001,5.0,SHORT,2024-01-15T08:39:00.000000000Z,26.399999999999757,0.0,23,5.0,TP_HIT,21.399999999999757,1.7806201550387597,PARTIAL_PLUS_TP,4.186046511627907,0.2866666666666667,False
SHORT_5_001,5.0,SHORT,2024-01-15T08:40:00.000000000Z,25.999999999999357,0.0,22,5.0,TP_HIT,20.999999999999357,1.7806201550387597,PARTIAL_PLUS_TP,4.186046511627907,0.2866666666666667,False
SHORT_5_001,5.0,SHORT,2024-01-15T08:41:00.000000000Z,24.100000000000232,1.8999999999991246,36,5.0,TP_HIT,19.100000000000232,1.7806201550387597,PARTIAL_PLUS_TP,4.186046511627907,0.2866666666666667,False
SHORT_5_001,5.0,SHORT,2024-01-15T08:42:00.000000000Z,25.200000000000777,1.0999999999983245,20,5.0,TP_HIT,20.200000000000777,1.7806201550387597,PARTIAL_PLUS_TP,4.186046511627907,0.2866666666666667,False
SHORT_5_001,5.0,SHORT,2024-01-15T08:43:00.000000000Z,25.999999999999357,0.2999999999997449,19,5.0,TP_HIT,20.999999999999357,1.7806201550387597,PARTIAL_PLUS_TP,4.186046511627907,0.2866666666666667,False
SHORT_5_001,5.0,SHORT,2024-01-15T08:44:00.000000000Z,26.299999999999102,0.0,18,5.0,TP_HIT,21.299999999999102,1.7806201550387597,PARTIAL_PLUS_TP,4.186046511627907,0.2866666666666667,False
SHORT_5_001,5.0,SHORT,2024-01-15T08:45:00.000000000Z,24.599999999999067,1.6000000000016001,32,5.0,TP_HIT,19.599999999999067,1.7806201550387597,PARTIAL_PLUS_TP,4.186046511627907,0.2866666666666667,False
SHORT_5_001,5.0,SHORT,2024-01-15T08:46:00.000000000Z,25.800000000000267,0.40000000000040004,16,5.0,TP_HIT,20.800000000000267,1.7806201550387597,PARTIAL_PLUS_TP,4.186046511627907,0.2866666666666667,False
SHORT_5_001,5.0,SHORT,2024-01-15T08:47:00.000000000Z,26.200000000000667,0.0,15,5.0,TP_HIT,21.200000000000667,1.7806201550387597,PARTIAL_PLUS_TP,4.186046511627907,0.2866666666666667,False
SHORT_5_001,5.0,SHORT,2024-01-15T08:48:00.000000000Z,24.699999999999722,1.100000000000545,28,5.0,TP_HIT,19.699999999999722,1.7806201550387597,PARTIAL_PLUS_TP,4.186046511627907,0.2866666666666667,False
SHORT_5_001,5.0,SHORT,2024-01-15T08:49:00.000000000Z,24.999999999999467,0.8000000000008001,27,5.0,TP_HIT,19.999999999999467,1.7806201550387597,PARTIAL_PLUS_TP,4.186046511627907,0.2866666666666667,False
SHORT_5_001,5.0,SHORT,2024-01-15T08:50:00.000000000Z,25.800000000000267,0.0,12,5.0,TP_HIT,20.800000000000267,1.7806201550387597,PARTIAL_PLUS_TP,4.186046511627907,0.2866666666666667,False
SHORT_5_001,5.0,SHORT,2024-01-15T08:51:00.000000000Z,25.800000000000267,0.0,11,5.0,TP_HIT,20.800000000000267,1.7806201550387597,PARTIAL_PLUS_TP,4.186046511627907,0.2866666666666667,False
SHORT_5_001,5.0,SHORT,2024-01-15T08:52:00.000000000Z,25.800000000000267,0.0,10,5.0,TP_HIT,20.800000000000267,1.7806201550387597,PARTIAL_PLUS_TP,4.186046511627907,0.2866666666666667,False
SHORT_5_001,5.0,SHORT,2024-01-15T08:53:00.000000000Z,25.399999999999867,0.2999999999997449,9,5.0,TP_HIT,20.399999999999867,1.7806201550387597,PARTIAL_PLUS_TP,4.186046511627907,0.2866666666666667,False
SHORT_5_001,5.0,SHORT,2024-01-15T08:54:00.000000000Z,25.699999999999612,0.0,8,5.0,TP_HIT,20.699999999999612,1.7806201550387597,PARTIAL_PLUS_TP,4.186046511627907,0.2866666666666667,False
SHORT_5_001,5.0,SHORT,2024-01-15T08:55:00.000000000Z,24.399999999999977,0.1999999999990898,22,5.0,TP_HIT,19.399999999999977,1.7806201550387597,PARTIAL_PLUS_TP,4.186046511627907,0.2866666666666667,False
SHORT_5_001,5.0,SHORT,2024-01-15T08:56:00.000000000Z,24.200000000000887,0.3999999999981796,21,5.0,TP_HIT,19.200000000000887,1.7806201550387597,PARTIAL_PLUS_TP,4.186046511627907,0.2866666666666667,False
SHORT_5_001,5.0,SHORT,2024-01-15T08:57:00.000000000Z,24.200000000000887,0.3999999999981796,20,5.0,TP_HIT,19.200000000000887,1.7806201550387597,PARTIAL_PLUS_TP,4.186046511627907,0.2866666666666667,False
SHORT_5_001,5.0,SHORT,2024-01-15T08:58:00.000000000Z,24.599999999999067,0.0,19,5.0,TP_HIT,19.599999999999067,1.7806201550387597,PARTIAL_PLUS_TP,4.186046511627907,0.2866666666666667,False
SHORT_5_001,5.0,SHORT,2024-01-15T08:59:00.000000000Z,24.399999999999977,0.0,18,5.0,TP_HIT,19.399999999999977,1.7806201550387597,PARTIAL_PLUS_TP,4.186046511627907,0.2866666666666667,False
SHORT_5_001,5.0,SHORT,2024-01-15T09:00:00.000000000Z,23.199999999998777,0.0,35,5.0,TP_HIT,18.199999999998777,1.7806201550387597,PARTIAL_PLUS_TP,4.186046511627907,0.2866666666666667,False
SHORT_5_001,5.0,SHORT,2024-01-15T09:01:00.000000000Z,22.100000000000453,0.0,34,5.0,TP_HIT,17.100000000000453,1.7806201550387597,PARTIAL_PLUS_TP,4.186046511627907,0.2866666666666667,False
SHORT_5_001,5.0,SHORT,2024-01-15T09:02:00.000000000Z,20.000000000000018,2.100000000000435,35,5.0,TP_HIT,15.000000000000018,1.7806201550387597,PARTIAL_PLUS_TP,4.186046511627907,0.2866666666666667,False
SHORT_5_001,5.0,SHORT,2024-01-15T09:03:00.000000000Z,20.299999999999763,1.80000000000069,34,5.0,TP_HIT,15.299999999999763,1.7806201550387597,PARTIAL_PLUS_TP,4.186046511627907,0.2866666666666667,False
SHORT_5_001,5.0,SHORT,2024-01-15T09:04:00.000000000Z,20.800000000000818,1.2999999999996348,32,5.0,TP_HIT,15.800000000000818,1.7806201550387597,PARTIAL_PLUS_TP,4.186046511627907,0.2866666666666667,False
SHORT_5_001,5.0,SHORT,2024-01-15T09:05:00.000000000Z,20.800000000000818,1.2999999999996348,31,5.0,TP_HIT,15.800000000000818,1.7806201550387597,PARTIAL_PLUS_TP,4.186046511627907,0.2866666666666667,False
SHORT_5_001,5.0,SHORT,2024-01-15T09:06:00.000000000Z,21.800000000000708,0.2999999999997449,29,5.0,TP_HIT,16.800000000000708,1.7806201550387597,PARTIAL_PLUS_TP,4.186046511627907,0.2866666666666667,False
SHORT_5_001,5.0,SHORT,2024-01-15T09:07:00.000000000Z,21.299999999999653,0.8000000000008001,28,5.0,TP_HIT,16.299999999999653,1.7806201550387597,PARTIAL_PLUS_TP,4.186046511627907,0.2866666666666667,False
SHORT_5_001,5.0,SHORT,2024-01-15T09:08:00.000000000Z,20.599999999999508,1.500000000000945,29,5.0,TP_HIT,15.599999999999508,1.7806201550387597,PARTIAL_PLUS_TP,4.186046511627907,0.2866666666666667,False
SHORT_5_001,5.0,SHORT,2024-01-15T09:09:00.000000000Z,21.199999999998997,0.9000000000014552,26,5.0,TP_HIT,16.199999999998997,1.7806201550387597,PARTIAL_PLUS_TP,4.186046511627907,0.2866666666666667,False
SHORT_5_001,5.0,SHORT,2024-01-15T09:10:00.000000000Z,21.400000000000308,0.700000000000145,25,5.0,TP_HIT,16.400000000000308,1.7806201550387597,PARTIAL_PLUS_TP,4.186046511627907,0.2866666666666667,False
SHORT_5_001,5.0,SHORT,2024-01-15T09:11:00.000000000Z,21.700000000000053,0.40000000000040004,24,5.0,TP_HIT,16.700000000000053,1.7806201550387597,PARTIAL_PLUS_TP,4.186046511627907,0.2866666666666667,False
SHORT_5_001,5.0,SHORT,2024-01-15T09:12:00.000000000Z,21.999999999999797,0.10000000000065512,23,5.0,TP_HIT,16.999999999999797,1.7806201550387597,PARTIAL_PLUS_TP,4.186046511627907,0.2866666666666667,False
SHORT_5_001,5.0,SHORT,2024-01-15T09:13:00.000000000Z,20.299999999999763,1.80000000000069,24,5.0,TP_HIT,15.299999999999763,1.7806201550387597,PARTIAL_PLUS_TP,4.186046511627907,0.2866666666666667,False
SHORT_5_001,5.0,SHORT,2024-01-15T09:14:00.000000000Z,21.299999999999653,0.8000000000008001,21,5.0,TP_HIT,16.299999999999653,1.7806201550387597,PARTIAL_PLUS_TP,4.186046511627907,0.2866666666666667,False
SHORT_5_001,5.0,SHORT,2024-01-15T09:15:00.000000000Z,20.599999999999508,1.500000000000945,22,5.0,TP_HIT,15.599999999999508,1.7806201550387597,PARTIAL_PLUS_TP,4.186046511627907,0.2866666666666667,False
SHORT_5_001,5.0,SHORT,2024-01-15T09:16:00.000000000Z,19.599999999999618,2.500000000000835,21,5.0,TP_HIT,14.599999999999618,1.7806201550387597,PARTIAL_PLUS_TP,4.186046511627907,0.2866666666666667,False
SHORT_5_001,5.0,SHORT,2024-01-15T09:17:00.000000000Z,19.100000000000783,2.9999999999996696,20,5.0,TP_HIT,14.100000000000783,1.7806201550387597,PARTIAL_PLUS_TP,4.186046511627907,0.2866666666666667,False
SHORT_5_001,5.0,SHORT,2024-01-15T09:18:00.000000000Z,18.599999999999728,3.5000000000007248,19,5.0,TP_HIT,13.599999999999728,1.7806201550387597,PARTIAL_PLUS_TP,4.186046511627907,0.2866666666666667,False
SHORT_5_001,5.0,SHORT,2024-01-15T09:19:00.000000000Z,19.599999999999618,2.500000000000835,18,5.0,TP_HIT,14.599999999999618,1.7806201550387597,PARTIAL_PLUS_TP,4.186046511627907,0.2866666666666667,False
SHORT_5_001,5.0,SHORT,2024-01-15T09:20:00.000000000Z,19.299999999999873,2.80000000000058,17,5.0,TP_HIT,14.299999999999873,1.7806201550387597,PARTIAL_PLUS_TP,4.186046511627907,0.2866666666666667,False
SHORT_5_001,5.0,SHORT,2024-01-15T09:21:00.000000000Z,20.999999999999908,1.100000000000545,14,5.0,TP_HIT,15.999999999999908,1.7806201550387597,PARTIAL_PLUS_TP,4.186046511627907,0.2866666666666667,False
SHORT_5_001,5.0,SHORT,2024-01-15T09:22:00.000000000Z,20.899999999999253,1.2000000000012,14,5.0,TP_HIT,15.899999999999253,1.7806201550387597,PARTIAL_PLUS_TP,4.186046511627907,0.2866666666666667,False
SHORT_5_001,5.0,SHORT,2024-01-15T09:23:00.000000000Z,20.400000000000418,1.7000000000000348,14,5.0,TP_HIT,15.400000000000418,1.7806201550387597,PARTIAL_PLUS_TP,4.186046511627907,0.2866666666666667,False
SHORT_5_001,5.0,SHORT,2024-01-15T09:24:00.000000000Z,20.199999999999108,1.900000000001345,13,5.0,TP_HIT,15.199999999999108,1.7806201550387597,PARTIAL_PLUS_TP,4.186046511627907,0.2866666666666667,False
SHORT_5_001,5.0,SHORT,2024-01-15T09:25:00.000000000Z,19.400000000000528,2.6999999999999247,12,5.0,TP_HIT,14.400000000000528,1.7806201550387597,PARTIAL_PLUS_TP,4.186046511627907,0.2866666666666667,False
SHORT_5_001,5.0,SHORT,2024-01-15T09:26:00.000000000Z,20.599999999999508,1.500000000000945,11,5.0,TP_HIT,15.599999999999508,1.7806201550387597,PARTIAL_PLUS_TP,4.186046511627907,0.2866666666666667,False
SHORT_5_001,5.0,SHORT,2024-01-15T09:27:00.000000000Z,20.599999999999508,1.500000000000945,10,5.0,TP_HIT,15.599999999999508,1.7806201550387597,PARTIAL_PLUS_TP,4.186046511627907,0.2866666666666667,False
SHORT_5_001,5.0,SHORT,2024-01-15T09:28:00.000000000Z,20.199999999999108,1.900000000001345,9,5.0,TP_HIT,15.199999999999108,1.7806201550387597,PARTIAL_PLUS_TP,4.186046511627907,0.2866666666666667,False
SHORT_5_001,5.0,SHORT,2024-01-15T09:29:00.000000000Z,20.100000000000673,1.9999999999997797,8,5.0,TP_HIT,15.100000000000673,1.7806201550387597,PARTIAL_PLUS_TP,4.186046511627907,0.2866666666666667,False
SHORT_5_001,5.0,SHORT,2024-01-15T09:30:00.000000000Z,22.100000000000453,0.0,5,5.0,TP_HIT,17.100000000000453,1.7806201550387597,PARTIAL_PLUS_TP,4.186046511627907,0.2866666666666667,False
SHORT_5_001,5.0,SHORT,2024-01-15T09:31:00.000000000Z,20.599999999999508,0.0,6,5.0,TP_HIT,15.599999999999508,1.7806201550387597,PARTIAL_PLUS_TP,4.186046511627907,0.2866666666666667,False
SHORT_5_001,5.0,SHORT,2024-01-15T09:32:00.000000000Z,20.199999999999108,0.0,5,5.0,TP_HIT,15.199999999999108,1.7806201550387597,PARTIAL_PLUS_TP,4.186046511627907,0.2866666666666667,False
SHORT_5_001,5.0,SHORT,2024-01-15T09:33:00.000000000Z,20.199999999999108,0.0,4,5.0,TP_HIT,15.199999999999108,1.7806201550387597,PARTIAL_PLUS_TP,4.186046511627907,0.2866666666666667,False
SHORT_5_001,5.0,SHORT,2024-01-15T09:34:00.000000000Z,18.400000000000638,0.0,3,5.0,TP_HIT,13.400000000000638,1.7806201550387597,PARTIAL_PLUS_TP,4.186046511627907,0.2866666666666667,False
SHORT_5_001,5.0,SHORT,2024-01-15T09:35:00.000000000Z,15.899999999999803,0.0,12,5.0,TP_HIT,10.899999999999803,1.7806201550387597,PARTIAL_PLUS_TP,4.186046511627907,0.2866666666666667,False
SHORT_5_001,5.0,SHORT,2024-01-15T09:36:00.000000000Z,15.799999999999148,0.0,11,5.0,TP_HIT,10.799999999999148,1.7806201550387597,PARTIAL_PLUS_TP,4.186046511627907,0.2866666666666667,False
SHORT_5_001,5.0,SHORT,2024-01-15T09:37:00.000000000Z,12.600000000000389,1.5999999999993797,27,5.0,TP_HIT,7.600000000000389,1.7806201550387597,PARTIAL_PLUS_TP,4.186046511627907,0.2866666666666667,False
SHORT_5_001,5.0,SHORT,2024-01-15T09:38:00.000000000Z,11.300000000000754,2.8999999999990145,31,5.0,TP_HIT,6.300000000000754,1.7806201550387597,PARTIAL_PLUS_TP,4.186046511627907,0.2866666666666667,False
SHORT_5_001,5.0,SHORT,2024-01-15T09:39:00.000000000Z,13.499999999999623,0.700000000000145,24,5.0,TP_HIT,8.499999999999623,1.7806201550387597,PARTIAL_PLUS_TP,4.186046511627907,0.2866666666666667,False
SHORT_5_001,5.0,SHORT,2024-01-15T09:40:00.000000000Z,13.199999999999878,0.9999999999998899,24,5.0,TP_HIT,8.199999999999878,1.7806201550387597,PARTIAL_PLUS_TP,4.186046511627907,0.2866666666666667,False
SHORT_5_001,5.0,SHORT,2024-01-15T09:41:00.000000000Z,13.699999999998713,0.5000000000010552,22,5.0,TP_HIT,8.699999999998713,1.7806201550387597,PARTIAL_PLUS_TP,4.186046511627907,0.2866666666666667,False
SHORT_5_001,5.0,SHORT,2024-01-15T09:42:00.000000000Z,13.300000000000534,0.8999999999992347,21,5.0,TP_HIT,8.300000000000534,1.7806201550387597,PARTIAL_PLUS_TP,4.186046511627907,0.2866666666666667,False
SHORT_5_001,5.0,SHORT,2024-01-15T09:43:00.000000000Z,13.000000000000789,1.1999999999989797,21,5.0,TP_HIT,8.000000000000789,1.7806201550387597,PARTIAL_PLUS_TP,4.186046511627907,0.2866666666666667,False
SHORT_5_001,5.0,SHORT,2024-01-15T09:44:00.000000000Z,12.000000000000899,2.1999999999988695,20,5.0,TP_HIT,7.000000000000899,1.7806201550387597,PARTIAL_PLUS_TP,4.186046511627907,0.2866666666666667,False
SHORT_5_001,5.0,SHORT,2024-01-15T09:45:00.000000000Z,13.000000000000789,1.1999999999989797,19,5.0,TP_HIT,8.000000000000789,1.7806201550387597,PARTIAL_PLUS_TP,4.186046511627907,0.2866666666666667,False
SHORT_5_001,5.0,SHORT,2024-01-15T09:46:00.000000000Z,12.699999999998823,1.500000000000945,18,5.0,TP_HIT,7.699999999998823,1.7806201550387597,PARTIAL_PLUS_TP,4.186046511627907,0.2866666666666667,False
SHORT_5_001,5.0,SHORT,2024-01-15T09:47:00.000000000Z,10.499999999999954,3.6999999999998145,23,5.0,TP_HIT,5.499999999999954,1.7806201550387597,PARTIAL_PLUS_TP,4.186046511627907,0.2866666666666667,False
SHORT_5_001,5.0,SHORT,2024-01-15T09:48:00.000000000Z,11.399999999999189,2.80000000000058,21,5.0,TP_HIT,6.399999999999189,1.7806201550387597,PARTIAL_PLUS_TP,4.186046511627907,0.2866666666666667,False
SHORT_5_001,5.0,SHORT,2024-01-15T09:49:00.000000000Z,13.199999999999878,0.9999999999998899,15,5.0,TP_HIT,8.199999999999878,1.7806201550387597,PARTIAL_PLUS_TP,4.186046511627907,0.2866666666666667,False
SHORT_5_001,5.0,SHORT,2024-01-15T09:50:00.000000000Z,12.300000000000644,1.8999999999991246,14,5.0,TP_HIT,7.300000000000644,1.7806201550387597,PARTIAL_PLUS_TP,4.186046511627907,0.2866666666666667,False
SHORT_5_001,5.0,SHORT,2024-01-15T09:51:00.000000000Z,10.799999999999699,3.4000000000000696,18,5.0,TP_HIT,5.799999999999699,1.7806201550387597,PARTIAL_PLUS_TP,4.186046511627907,0.2866666666666667,False
SHORT_5_001,5.0,SHORT,2024-01-15T09:52:00.000000000Z,11.200000000000099,2.9999999999996696,17,5.0,TP_HIT,6.200000000000099,1.7806201550387597,PARTIAL_PLUS_TP,4.186046511627907,0.2866666666666667,False
SHORT_5_001,5.0,SHORT,2024-01-15T09:53:00.000000000Z,11.799999999999589,2.4000000000001798,11,5.0,TP_HIT,6.799999999999589,1.7806201550387597,PARTIAL_PLUS_TP,4.186046511627907,0.2866666666666667,False
SHORT_5_001,5.0,SHORT,2024-01-15T09:54:00.000000000Z,12.199999999999989,1.9999999999997797,10,5.0,TP_HIT,7.199999999999989,1.7806201550387597,PARTIAL_PLUS_TP,4.186046511627907,0.2866666666666667,False
SHORT_5_001,5.0,SHORT,2024-01-15T09:55:00.000000000Z,14.199999999999768,0.0,8,5.0,TP_HIT,9.199999999999768,1.7806201550387597,PARTIAL_PLUS_TP,4.186046511627907,0.2866666666666667,False
SHORT_5_001,5.0,SHORT,2024-01-15T09:56:00.000000000Z,14.000000000000679,0.0,7,5.0,TP_HIT,9.000000000000679,1.7806201550387597,PARTIAL_PLUS_TP,4.186046511627907,0.2866666666666667,False
SHORT_5_001,5.0,SHORT,2024-01-15T09:57:00.000000000Z,13.000000000000789,0.0,7,5.0,TP_HIT,8.000000000000789,1.7806201550387597,PARTIAL_PLUS_TP,4.186046511627907,0.2866666666666667,False
SHORT_5_001,5.0,SHORT,2024-01-15T09:58:00.000000000Z,12.199999999999989,2.100000000000435,6,5.0,TP_HIT,7.199999999999989,1.7806201550387597,PARTIAL_PLUS_TP,4.186046511627907,0.2866666666666667,False
SHORT_5_001,5.0,SHORT,2024-01-15T09:59:00.000000000Z,13.000000000000789,1.2999999999996348,5,5.0,TP_HIT,8.000000000000789,1.7806201550387597,PARTIAL_PLUS_TP,4.186046511627907,0.2866666666666667,False
SHORT_5_001,5.0,SHORT,2024-01-15T10:00:00.000000000Z,10.300000000000864,4.799999999998139,10,5.0,TP_HIT,5.300000000000864,1.7806201550387597,PARTIAL_PLUS_TP,4.186046511627907,0.2866666666666667,False
SHORT_5_001,5.0,SHORT,2024-01-15T10:01:00.000000000Z,10.300000000000864,4.799999999998139,9,5.0,TP_HIT,5.300000000000864,1.7806201550387597,PARTIAL_PLUS_TP,4.186046511627907,0.2866666666666667,False
SHORT_5_001,5.0,SHORT,2024-01-15T10:02:00.000000000Z,9.200000000000319,5.899999999998684,10,5.0,TP_HIT,4.200000000000319,-2.3666666666666667,PARTIAL_THEN_SL,4.186046511627907,0.2866666666666667,False
SHORT_5_001,5.0,SHORT,2024-01-15T10:03:00.000000000Z,8.20000000000043,6.899999999998574,13,5.0,TP_HIT,3.200000000000429,-2.3666666666666667,PARTIAL_THEN_SL,4.186046511627907,0.2866666666666667,False
SHORT_5_001,5.0,SHORT,2024-01-15T10:04:00.000000000Z,6.699999999999484,8.399999999999519,14,5.0,TP_HIT,1.6999999999994841,-2.3666666666666667,PARTIAL_THEN_SL,4.186046511627907,0.2866666666666667,False
SHORT_5_001,5.0,SHORT,2024-01-15T10:05:00.000000000Z,7.200000000000539,7.899999999998464,12,5.0,TP_HIT,2.2000000000005393,-2.3666666666666667,PARTIAL_THEN_SL,4.186046511627907,0.2866666666666667,False
SHORT_5_001,5.0,SHORT,2024-01-15T10:06:00.000000000Z,7.900000000000684,7.199999999998319,11,5.0,TP_HIT,2.9000000000006843,-2.3666666666666667,PARTIAL_THEN_SL,4.186046511627907,0.2866666666666667,False
SHORT_5_001,5.0,SHORT,2024-01-15T10:07:00.000000000Z,7.699999999999374,7.399999999999629,10,5.0,TP_HIT,2.699999999999374,-2.3666666666666667,PARTIAL_THEN_SL,4.186046511627907,0.2866666666666667,False
SHORT_5_001,5.0,SHORT,2024-01-15T10:08:00.000000000Z,7.599999999998719,7.500000000000284,9,5.0,TP_HIT,2.599999999998719,-2.3666666666666667,PARTIAL_THEN_SL,4.186046511627907,0.2866666666666667,False
SHORT_5_001,5.0,SHORT,2024-01-15T10:09:00.000000000Z,5.599999999998939,9.500000000000064,9,5.0,TP_HIT,0.5999999999989392,-2.3666666666666667,PARTIAL_THEN_SL,4.186046511627907,0.2866666666666667,False
SHORT_5_001,5.0,SHORT,2024-01-15T10:10:00.000000000Z,4.599999999999049,10.499999999999954,101,-5.0,SL_HIT,0.0,-2.3666666666666667,PARTIAL_THEN_SL,4.186046511627907,0.2866666666666667,True
SHORT_5_001,5.0,SHORT,2024-01-15T10:11:00.000000000Z,5.399999999999849,9.699999999999154,7,5.0,TP_HIT,0.39999999999984936,-2.3666666666666667,PARTIAL_THEN_SL,4.186046511627907,0.2866666666666667,False
SHORT_5_001,5.0,SHORT,2024-01-15T10:12:00.000000000Z,3.9999999999995595,11.099999999999444,101,-5.0,SL_HIT,0.0,-5.0,SL_HIT,4.186046511627907,0.2866666666666667,True
SHORT_5_001,5.0,SHORT,2024-01-15T10:13:00.000000000Z,4.20000000000087,10.899999999998133,101,-5.0,SL_HIT,0.0,-2.3666666666666667,PARTIAL_THEN_SL,4.186046511627907,0.2866666666666667,True
SHORT_5_001,5.0,SHORT,2024-01-15T10:14:00.000000000Z,4.899999999998794,10.200000000000209,101,-5.0,SL_HIT,0.0,-2.3666666666666667,PARTIAL_THEN_SL,4.186046511627907,0.2866666666666667,True
SHORT_5_001,5.0,SHORT,2024-01-15T10:15:00.000000000Z,3.4000000000000696,11.699999999998933,101,-5.0,SL_HIT,0.0,-5.0,SL_HIT,4.186046511627907,0.2866666666666667,True
SHORT_5_001,5.0,SHORT,2024-01-15T10:16:00.000000000Z,3.1999999999987594,11.900000000000244,101,-5.0,SL_HIT,0.0,-5.0,SL_HIT,4.186046511627907,0.2866666666666667,True
SHORT_5_001,5.0,SHORT,2024-01-15T10:17:00.000000000Z,1.9999999999997797,13.099999999999223,101,-5.0,SL_HIT,0.0,-5.0,SL_HIT,4.186046511627907,0.2866666666666667,True
SHORT_5_001,5.0,SHORT,2024-01-15T10:18:00.000000000Z,0.2999999999997449,14.799999999999258,101,-5.0,SL_HIT,0.0,-5.0,SL_HIT,4.186046511627907,0.2866666666666667,True
SHORT_5_002,5.0,SHORT,2024-01-15T11:38:00.000000000Z,6.099999999999994,10.099999999999554,14,5.0,TP_HIT,1.0999999999999943,-2.3666666666666667,PARTIAL_THEN_SL,4.186046511627907,0.2866666666666667,False
SHORT_5_002,5.0,SHORT,2024-01-15T11:39:00.000000000Z,5.999999999999339,10.200000000000209,13,5.0,TP_HIT,0.9999999999993392,-2.3666666666666667,PARTIAL_THEN_SL,4.186046511627907,0.2866666666666667,False
SHORT_5_002,5.0,SHORT,2024-01-15T11:40:00.000000000Z,6.899999999998574,9.300000000000974,6,5.0,TP_HIT,1.899999999998574,-2.3666666666666667,PARTIAL_THEN_SL,4.186046511627907,0.2866666666666667,False
SHORT_5_002,5.0,SHORT,2024-01-15T11:41:00.000000000Z,3.9999999999995595,12.199999999999989,101,-5.0,SL_HIT,0.0,-5.0,SL_HIT,4.186046511627907,0.2866666666666667,True
SHORT_5_002,5.0,SHORT,2024-01-15T11:42:00.000000000Z,4.100000000000215,12.099999999999334,101,-5.0,SL_HIT,0.0,-5.0,SL_HIT,4.186046511627907,0.2866666666666667,True
SHORT_5_002,5.0,SHORT,2024-01-15T11:43:00.000000000Z,4.599999999999049,11.600000000000499,101,-5.0,SL_HIT,0.0,-2.3666666666666667,PARTIAL_THEN_SL,4.186046511627907,0.2866666666666667,True
SHORT_5_002,5.0,SHORT,2024-01-15T11:44:00.000000000Z,4.3999999999999595,11.799999999999589,101,-5.0,SL_HIT,0.0,-2.3666666666666667,PARTIAL_THEN_SL,4.186046511627907,0.2866666666666667,True
SHORT_5_002,5.0,SHORT,2024-01-15T11:45:00.000000000Z,2.4000000000001798,13.799999999999368,101,-5.0,SL_HIT,0.0,-5.0,SL_HIT,4.186046511627907,0.2866666666666667,True
SHORT_5_002,5.0,SHORT,2024-01-15T11:46:00.000000000Z,1.40000000000029,14.799999999999258,101,-5.0,SL_HIT,0.0,-5.0,SL_HIT,4.186046511627907,0.2866666666666667,True
SHORT_5_002,5.0,SHORT,2024-01-15T11:47:00.000000000Z,3.9999999999995595,12.199999999999989,101,-5.0,SL_HIT,0.0,-5.0,SL_HIT,4.186046511627907,0.2866666666666667,True
SHORT_5_002,5.0,SHORT,2024-01-15T11:48:00.000000000Z,4.100000000000215,12.099999999999334,101,-5.0,SL_HIT,0.0,-5.0,SL_HIT,4.186046511627907,0.2866666666666667,True
SHORT_5_002,5.0,SHORT,2024-01-15T11:49:00.000000000Z,2.5999999999992696,13.600000000000279,101,-5.0,SL_HIT,0.0,-5.0,SL_HIT,4.186046511627907,0.2866666666666667,True
SHORT_5_002,5.0,SHORT,2024-01-15T11:50:00.000000000Z,2.5999999999992696,13.600000000000279,101,-5.0,SL_HIT,0.0,-5.0,SL_HIT,4.186046511627907,0.2866666666666667,True
SHORT_5_002,5.0,SHORT,2024-01-15T11:51:00.000000000Z,2.4999999999986144,13.700000000000934,101,-5.0,SL_HIT,0.0,-5.0,SL_HIT,4.186046511627907,0.2866666666666667,True
SHORT_5_002,5.0,SHORT,2024-01-15T11:52:00.000000000Z,0.0,16.199999999999548,101,-5.0,SL_HIT,0.0,-5.0,SL_HIT,4.186046511627907,0.2866666666666667,True
SHORT_5_003,5.0,SHORT,2024-01-15T12:05:00.000000000Z,5.00000000000167,8.399999999999519,64,-5.0,SL_HIT,1.6697754290362354e-12,-5.0,SL_HIT,4.186046511627907,0.2866666666666667,True
SHORT_5_003,5.0,SHORT,2024-01-15T12:06:00.000000000Z,4.700000000001925,8.699999999999264,101,-5.0,SL_HIT,0.0,-5.0,SL_HIT,4.186046511627907,0.2866666666666667,True
SHORT_5_003,5.0,SHORT,2024-01-15T12:07:00.000000000Z,4.20000000000087,9.200000000000319,101,-5.0,SL_HIT,0.0,-5.0,SL_HIT,4.186046511627907,0.2866666666666667,True
SHORT_5_003,5.0,SHORT,2024-01-15T12:08:00.000000000Z,4.60000000000127,8.799999999999919,101,-5.0,SL_HIT,0.0,-5.0,SL_HIT,4.186046511627907,0.2866666666666667,True
SHORT_5_003,5.0,SHORT,2024-01-15T12:09:00.000000000Z,6.500000000000394,6.900000000000794,60,-5.0,SL_HIT,1.5000000000003944,-5.0,SL_HIT,4.186046511627907,0.2866666666666667,True
SHORT_5_003,5.0,SHORT,2024-01-15T12:10:00.000000000Z,6.800000000000139,6.6000000000010495,59,-5.0,SL_HIT,1.8000000000001393,-5.0,SL_HIT,4.186046511627907,0.2866666666666667,True
SHORT_5_003,5.0,SHORT,2024-01-15T12:11:00.000000000Z,7.200000000000539,6.200000000000649,58,-5.0,SL_HIT,2.2000000000005393,-2.3666666666666667,PARTIAL_THEN_SL,4.186046511627907,0.2866666666666667,True
SHORT_5_003,5.0,SHORT,2024-01-15T12:12:00.000000000Z,7.900000000000684,5.5000000000005045,21,5.0,TP_HIT,2.9000000000006843,-2.3666666666666667,PARTIAL_THEN_SL,4.186046511627907,0.2866666666666667,False
SHORT_5_003,5.0,SHORT,2024-01-15T12:13:00.000000000Z,9.40000000000163,3.9999999999995595,18,5.0,TP_HIT,4.400000000001629,1.7806201550387597,PARTIAL_PLUS_TP,4.186046511627907,0.2866666666666667,False
SHORT_5_003,5.0,SHORT,2024-01-15T12:14:00.000000000Z,10.000000000001119,3.4000000000000696,16,5.0,TP_HIT,5.000000000001119,1.7806201550387597,PARTIAL_PLUS_TP,4.186046511627907,0.2866666666666667,False
SHORT_5_003,5.0,SHORT,2024-01-15T12:15:00.000000000Z,10.000000000001119,3.4000000000000696,15,5.0,TP_HIT,5.000000000001119,1.7806201550387597,PARTIAL_PLUS_TP,4.186046511627907,0.2866666666666667,False
SHORT_5_003,5.0,SHORT,2024-01-15T12:16:00.000000000Z,9.900000000000464,3.5000000000007248,14,5.0,TP_HIT,4.900000000000464,1.7806201550387597,PARTIAL_PLUS_TP,4.186046511627907,0.2866666666666667,False
SHORT_5_003,5.0,SHORT,2024-01-15T12:17:00.000000000Z,11.200000000000099,2.20000000000109,11,5.0,TP_HIT,6.200000000000099,1.7806201550387597,PARTIAL_PLUS_TP,4.186046511627907,0.2866666666666667,False
SHORT_5_003,5.0,SHORT,2024-01-15T12:18:00.000000000Z,11.800000000001809,1.5999999999993797,7,5.0,TP_HIT,6.800000000001809,1.7806201550387597,PARTIAL_PLUS_TP,4.186046511627907,0.2866666666666667,False
SHORT_5_003,5.0,SHORT,2024-01-15T12:19:00.000000000Z,9.500000000000064,3.900000000001125,12,5.0,TP_HIT,4.500000000000064,1.7806201550387597,PARTIAL_PLUS_TP,4.186046511627907,0.2866666666666667,False
SHORT_5_003,5.0,SHORT,2024-01-15T12:20:00.000000000Z,9.600000000000719,3.8000000000004697,11,5.0,TP_HIT,4.600000000000719,1.7806201550387597,PARTIAL_PLUS_TP,4.186046511627907,0.2866666666666667,False
SHORT_5_003,5.0,SHORT,2024-01-15T12:21:00.000000000Z,10.200000000000209,3.20000000000098,9,5.0,TP_HIT,5.200000000000209,1.7806201550387597,PARTIAL_PLUS_TP,4.186046511627907,0.2866666666666667,False
SHORT_5_003,5.0,SHORT,2024-01-15T12:22:00.000000000Z,9.200000000000319,4.20000000000087,11,5.0,TP_HIT,4.200000000000319,1.7806201550387597,PARTIAL_PLUS_TP,4.186046511627907,0.2866666666666667,False
SHORT_5_003,5.0,SHORT,2024-01-15T12:23:00.000000000Z,7.600000000000939,5.800000000000249,10,5.0,TP_HIT,2.6000000000009393,-2.3666666666666667,PARTIAL_THEN_SL,4.186046511627907,0.2866666666666667,False
SHORT_5_003,5.0,SHORT,2024-01-15T12:24:00.000000000Z,7.200000000000539,6.200000000000649,45,-5.0,SL_HIT,2.2000000000005393,-2.3666666666666667,PARTIAL_THEN_SL,4.186046511627907,0.2866666666666667,True
SHORT_5_003,5.0,SHORT,2024-01-15T12:25:00.000000000Z,7.999999999999119,6.6000000000010495,44,-5.0,SL_HIT,2.999999999999119,-2.3666666666666667,PARTIAL_THEN_SL,4.186046511627907,0.2866666666666667,True
SHORT_5_003,5.0,SHORT,2024-01-15T12:26:00.000000000Z,12.100000000001554,4.699999999999704,7,5.0,TP_HIT,7.100000000001554,1.7806201550387597,PARTIAL_PLUS_TP,4.186046511627907,0.2866666666666667,False
SHORT_5_003,5.0,SHORT,2024-01-15T12:27:00.000000000Z,10.499999999999954,6.800000000000139,42,-5.0,SL_HIT,5.499999999999954,-2.3666666666666667,PARTIAL_THEN_SL,4.186046511627907,0.2866666666666667,True
SHORT_5_003,5.0,SHORT,2024-01-15T12:28:00.000000000Z,10.399999999999299,7.600000000000939,41,-5.0,SL_HIT,5.399999999999299,-5.0,SL_HIT,4.186046511627907,0.2866666666666667,True
SHORT_5_003,5.0,SHORT,2024-01-15T12:29:00.000000000Z,10.399999999999299,7.600000000000939,40,-5.0,SL_HIT,5.399999999999299,-5.0,SL_HIT,4.186046511627907,0.2866666666666667,True
SHORT_5_003,5.0,SHORT,2024-01-15T12:30:00.000000000Z,9.200000000000319,8.799999999999919,95,-5.0,SL_HIT,4.200000000000319,-5.0,SL_HIT,4.186046511627907,0.2866666666666667,True
SHORT_5_003,5.0,SHORT,2024-01-15T12:31:00.000000000Z,8.999999999999009,9.00000000000123,94,-5.0,SL_HIT,3.999999999999009,-5.0,SL_HIT,4.186046511627907,0.2866666666666667,True
SHORT_5_003,5.0,SHORT,2024-01-15T12:32:00.000000000Z,9.200000000000319,8.799999999999919,93,-5.0,SL_HIT,4.200000000000319,-5.0,SL_HIT,4.186046511627907,0.2866666666666667,True
SHORT_5_003,5.0,SHORT,2024-01-15T12:33:00.000000000Z,6.800000000000139,11.200000000000099,93,-5.0,SL_HIT,1.8000000000001393,-5.0,SL_HIT,4.186046511627907,0.2866666666666667,True
SHORT_5_003,5.0,SHORT,2024-01-15T12:34:00.000000000Z,11.300000000000754,6.999999999999229,35,-5.0,SL_HIT,6.300000000000754,-5.0,SL_HIT,4.186046511627907,0.2866666666666667,True
SHORT_5_003,5.0,SHORT,2024-01-15T12:35:00.000000000Z,10.300000000000864,7.999999999999119,34,-5.0,SL_HIT,5.300000000000864,-5.0,SL_HIT,4.186046511627907,0.2866666666666667,True
SHORT_5_003,5.0,SHORT,2024-01-15T12:36:00.000000000Z,10.999999999998789,7.300000000001194,33,-5.0,SL_HIT,5.9999999999987885,-5.0,SL_HIT,4.186046511627907,0.2866666666666667,True
SHORT_5_003,5.0,SHORT,2024-01-15T12:37:00.000000000Z,10.099999999999554,8.20000000000043,32,-5.0,SL_HIT,5.099999999999554,-5.0,SL_HIT,4.186046511627907,0.2866666666666667,True
SHORT_5_003,5.0,SHORT,2024-01-15T12:38:00.000000000Z,8.099999999999774,10.200000000000209,88,-5.0,SL_HIT,3.099999999999774,-5.0,SL_HIT,4.186046511627907,0.2866666666666667,True
SHORT_5_003,5.0,SHORT,2024-01-15T12:39:00.000000000Z,12.199999999999989,6.6000000000010495,30,-5.0,SL_HIT,7.199999999999989,-5.0,SL_HIT,4.186046511627907,0.2866666666666667,True
SHORT_5_003,5.0,SHORT,2024-01-15T12:40:00.000000000Z,16.20000000000177,2.5999999999992696,24,5.0,TP_HIT,11.200000000001769,1.7806201550387597,PARTIAL_PLUS_TP,4.186046511627907,0.2866666666666667,False
SHORT_5_003,5.0,SHORT,2024-01-15T12:41:00.000000000Z,19.000000000000128,0.0,5,5.0,TP_HIT,14.000000000000128,1.7806201550387597,PARTIAL_PLUS_TP,4.186046511627907,0.2866666666666667,False
SHORT_5_003,5.0,SHORT,2024-01-15T12:42:00.000000000Z,16.099999999998893,1.7000000000000348,22,5.0,TP_HIT,11.099999999998893,1.7806201550387597,PARTIAL_PLUS_TP,4.186046511627907,0.2866666666666667,False
SHORT_5_003,5.0,SHORT,2024-01-15T12:43:00.000000000Z,17.599999999999838,0.1999999999990898,17,5.0,TP_HIT,12.599999999999838,1.7806201550387597,PARTIAL_PLUS_TP,4.186046511627907,0.2866666666666667,False
SHORT_5_003,5.0,SHORT,2024-01-15T12:44:00.000000000Z,15.199999999999658,2.5999999999992696,22,5.0,TP_HIT,10.199999999999658,1.7806201550387597,PARTIAL_PLUS_TP,4.186046511627907,0.2866666666666667,False
SHORT_5_003,5.0,SHORT,2024-01-15T12:45:00.000000000Z,15.000000000000568,2.7999999999983594,21,5.0,TP_HIT,10.000000000000568,1.7806201550387597,PARTIAL_PLUS_TP,4.186046511627907,0.2866666666666667,False
SHORT_5_003,5.0,SHORT,2024-01-15T12:46:00.000000000Z,13.399999999998968,4.3999999999999595,22,5.0,TP_HIT,8.399999999998968,1.7806201550387597,PARTIAL_PLUS_TP,4.186046511627907,0.2866666666666667,False
SHORT_5_003,5.0,SHORT,2024-01-15T12:47:00.000000000Z,14.399999999998858,3.4000000000000696,21,5.0,TP_HIT,9.399999999998858,1.7806201550387597,PARTIAL_PLUS_TP,4.186046511627907,0.2866666666666667,False
SHORT_5_003,5.0,SHORT,2024-01-15T12:48:00.000000000Z,14.799999999999258,2.9999999999996696,19,5.0,TP_HIT,9.799999999999258,1.7806201550387597,PARTIAL_PLUS_TP,4.186046511627907,0.2866666666666667,False
SHORT_5_003,5.0,SHORT,2024-01-15T12:49:00.000000000Z,16.199999999999548,1.5999999999993797,15,5.0,TP_HIT,11.199999999999548,1.9000000000000004,PARTIAL_PLUS_TP,4.186046511627907,0.2866666666666667,False
SHORT_5_003,5.0,SHORT,2024-01-15T12:50:00.000000000Z,17.100000000001003,0.6999999999979245,10,5.0,TP_HIT,12.100000000001003,1.7806201550387597,PARTIAL_PLUS_TP,4.186046511627907,0.2866666666666667,False
SHORT_5_003,5.0,SHORT,2024-01-15T12:51:00.000000000Z,15.600000000000058,2.1999999999988695,13,5.0,TP_HIT,10.600000000000058,1.7806201550387597,PARTIAL_PLUS_TP,4.186046511627907,0.2866666666666667,False
SHORT_5_003,5.0,SHORT,2024-01-15T12:52:00.000000000Z,16.799999999999038,0.9999999999998899,8,5.0,TP_HIT,11.799999999999038,1.7806201550387597,PARTIAL_PLUS_TP,4.186046511627907,0.2866666666666667,False
SHORT_5_003,5.0,SHORT,2024-01-15T12:53:00.000000000Z,17.799999999998928,0.0,7,5.0,TP_HIT,12.799999999998928,1.7806201550387597,PARTIAL_PLUS_TP,4.186046511627907,0.2866666666666667,False
SHORT_5_003,5.0,SHORT,2024-01-15T12:54:00.000000000Z,17.799999999998928,0.0,6,5.0,TP_HIT,12.799999999998928,1.7806201550387597,PARTIAL_PLUS_TP,4.186046511627907,0.2866666666666667,False
SHORT_5_003,5.0,SHORT,2024-01-15T12:55:00.000000000Z,16.40000000000086,0.0,9,5.0,TP_HIT,11.400000000000858,1.7806201550387597,PARTIAL_PLUS_TP,4.186046511627907,0.2866666666666667,False
SHORT_5_003,5.0,SHORT,2024-01-15T12:56:00.000000000Z,16.00000000000046,0.0,8,5.0,TP_HIT,11.000000000000458,1.7806201550387597,PARTIAL_PLUS_TP,4.186046511627907,0.2866666666666667,False
SHORT_5_003,5.0,SHORT,2024-01-15T12:57:00.000000000Z,13.600000000000279,0.9999999999998899,11,5.0,TP_HIT,8.600000000000279,1.7806201550387597,PARTIAL_PLUS_TP,4.186046511627907,0.2866666666666667,False
SHORT_5_003,5.0,SHORT,2024-01-15T12:58:00.000000000Z,14.000000000000679,0.5999999999994898,10,5.0,TP_HIT,9.000000000000679,1.7806201550387597,PARTIAL_PLUS_TP,4.186046511627907,0.2866666666666667,False
SHORT_5_003,5.0,SHORT,2024-01-15T12:59:00.000000000Z,14.600000000000168,0.0,9,5.0,TP_HIT,9.600000000000168,1.7806201550387597,PARTIAL_PLUS_TP,4.186046511627907,0.2866666666666667,False
SHORT_5_003,5.0,SHORT,2024-01-15T13:00:00.000000000Z,11.699999999998933,1.6000000000016001,9,5.0,TP_HIT,6.6999999999989335,1.7806201550387597,PARTIAL_PLUS_TP,4.186046511627907,0.2866666666666667,False
SHORT_5_003,5.0,SHORT,2024-01-15T13:01:00.000000000Z,13.000000000000789,0.2999999999997449,8,5.0,TP_HIT,8.000000000000789,1.7806201550387597,PARTIAL_PLUS_TP,4.186046511627907,0.2866666666666667,False
SHORT_5_003,5.0,SHORT,2024-01-15T13:02:00.000000000Z,12.600000000000389,0.700000000000145,7,5.0,TP_HIT,7.600000000000389,1.7806201550387597,PARTIAL_PLUS_TP,4.186046511627907,0.2866666666666667,False
SHORT_5_003,5.0,SHORT,2024-01-15T13:03:00.000000000Z,11.600000000000499,1.7000000000000348,6,5.0,TP_HIT,6.600000000000499,1.7806201550387597,PARTIAL_PLUS_TP,4.186046511627907,0.2866666666666667,False
SHORT_5_003,5.0,SHORT,2024-01-15T13:04:00.000000000Z,10.200000000000209,3.1000000000003247,61,5.0,TP_HIT,5.200000000000209,1.7806201550387597,PARTIAL_PLUS_TP,4.186046511627907,0.2866666666666667,False
SHORT_5_003,5.0,SHORT,2024-01-15T13:05:00.000000000Z,11.600000000000499,1.7000000000000348,4,5.0,TP_HIT,6.600000000000499,1.7806201550387597,PARTIAL_PLUS_TP,4.186046511627907,0.2866666666666667,False
SHORT_5_003,5.0,SHORT,2024-01-15T13:06:00.000000000Z,9.999999999998899,3.300000000001635,59,5.0,TP_HIT,4.999999999998899,1.7806201550387597,PARTIAL_PLUS_TP,4.186046511627907,0.2866666666666667,False
SHORT_5_003,5.0,SHORT,2024-01-15T13:07:00.000000000Z,9.600000000000719,3.6999999999998145,58,5.0,TP_HIT,4.600000000000719,1.7806201550387597,PARTIAL_PLUS_TP,4.186046511627907,0.2866666666666667,False
SHORT_5_003,5.0,SHORT,2024-01-15T13:08:00.000000000Z,8.20000000000043,5.1000000000001044,58,-5.0,SL_HIT,3.200000000000429,-5.0,SL_HIT,4.186046511627907,0.2866666666666667,True
SHORT_5_003,5.0,SHORT,2024-01-15T13:09:00.000000000Z,5.599999999998939,7.7000000000015945,70,-5.0,SL_HIT,0.5999999999989392,-5.0,SL_HIT,4.186046511627907,0.2866666666666667,True
SHORT_5_003,5.0,SHORT,2024-01-15T13:10:00.000000000Z,7.399999999999629,5.9000000000009045,56,-5.0,SL_HIT,2.399999999999629,-5.0,SL_HIT,4.186046511627907,0.2866666666666667,True
SHORT_5_003,5.0,SHORT,2024-01-15T13:11:00.000000000Z,8.799999999999919,4.500000000000615,55,5.0,TP_HIT,3.799999999999919,1.7806201550387597,PARTIAL_PLUS_TP,4.186046511627907,0.2866666666666667,False
SHORT_5_003,5.0,SHORT,2024-01-15T13:12:00.000000000Z,7.600000000000939,5.699999999999594,54,-5.0,SL_HIT,2.6000000000009393,-5.0,SL_HIT,4.186046511627907,0.2866666666666667,True
SHORT_5_003,5.0,SHORT,2024-01-15T13:13:00.000000000Z,6.800000000000139,6.500000000000394,54,-5.0,SL_HIT,1.8000000000001393,-5.0,SL_HIT,4.186046511627907,0.2866666666666667,True
SHORT_5_003,5.0,SHORT,2024-01-15T13:14:00.000000000Z,6.800000000000139,6.500000000000394,53,-5.0,SL_HIT,1.8000000000001393,-5.0,SL_HIT,4.186046511627907,0.2866666666666667,True
SHORT_5_003,5.0,SHORT,2024-01-15T13:15:00.000000000Z,6.200000000000649,7.099999999999884,53,-5.0,SL_HIT,1.2000000000006494,-5.0,SL_HIT,4.186046511627907,0.2866666666666667,True
SHORT_5_003,5.0,SHORT,2024-01-15T13:16:00.000000000Z,8.399999999999519,4.900000000001015,50,5.0,TP_HIT,3.399999999999519,1.7806201550387597,PARTIAL_PLUS_TP,4.186046511627907,0.2866666666666667,False
SHORT_5_003,5.0,SHORT,2024-01-15T13:17:00.000000000Z,9.399999999999409,3.900000000001125,49,5.0,TP_HIT,4.399999999999409,1.7806201550387597,PARTIAL_PLUS_TP,4.186046511627907,0.2866666666666667,False
SHORT_5_003,5.0,SHORT,2024-01-15T13:18:00.000000000Z,9.300000000000974,3.9999999999995595,48,5.0,TP_HIT,4.300000000000974,1.7806201550387597,PARTIAL_PLUS_TP,4.186046511627907,0.2866666666666667,False
SHORT_5_003,5.0,SHORT,2024-01-15T13:19:00.000000000Z,11.200000000000099,2.100000000000435,46,5.0,TP_HIT,6.200000000000099,1.7806201550387597,PARTIAL_PLUS_TP,4.186046511627907,0.2866666666666667,False
SHORT_5_003,5.0,SHORT,2024-01-15T13:20:00.000000000Z,11.200000000000099,2.100000000000435,45,5.0,TP_HIT,6.200000000000099,1.7806201550387597,PARTIAL_PLUS_TP,4.186046511627907,0.2866666666666667,False
SHORT_5_003,5.0,SHORT,2024-01-15T13:21:00.000000000Z,11.200000000000099,2.100000000000435,44,5.0,TP_HIT,6.200000000000099,1.7806201550387597,PARTIAL_PLUS_TP,4.186046511627907,0.2866666666666667,False
SHORT_5_003,5.0,SHORT,2024-01-15T13:22:00.000000000Z,9.600000000000719,3.6999999999998145,43,5.0,TP_HIT,4.600000000000719,1.7806201550387597,PARTIAL_PLUS_TP,4.186046511627907,0.2866666666666667,False
SHORT_5_003,5.0,SHORT,2024-01-15T13:23:00.000000000Z,9.600000000000719,3.6999999999998145,42,5.0,TP_HIT,4.600000000000719,1.7806201550387597,PARTIAL_PLUS_TP,4.186046511627907,0.2866666666666667,False
SHORT_5_003,5.0,SHORT,2024-01-15T13:24:00.000000000Z,9.200000000000319,4.100000000000215,42,5.0,TP_HIT,4.200000000000319,1.7806201550387597,PARTIAL_PLUS_TP,4.186046511627907,0.2866666666666667,False
SHORT_5_003,5.0,SHORT,2024-01-15T13:25:00.000000000Z,10.399999999999299,2.900000000001235,40,5.0,TP_HIT,5.399999999999299,1.7806201550387597,PARTIAL_PLUS_TP,4.186046511627907,0.2866666666666667,False
SHORT_5_003,5.0,SHORT,2024-01-15T13:26:00.000000000Z,9.200000000000319,4.100000000000215,40,5.0,TP_HIT,4.200000000000319,1.7806201550387597,PARTIAL_PLUS_TP,4.186046511627907,0.2866666666666667,False
SHORT_5_003,5.0,SHORT,2024-01-15T13:27:00.000000000Z,10.300000000000864,2.9999999999996696,38,5.0,TP_HIT,5.300000000000864,1.7806201550387597,PARTIAL_PLUS_TP,4.186046511627907,0.2866666666666667,False
SHORT_5_003,5.0,SHORT,2024-01-15T13:28:00.000000000Z,8.20000000000043,5.1000000000001044,38,-5.0,SL_HIT,3.200000000000429,-5.0,SL_HIT,4.186046511627907,0.2866666666666667,True
SHORT_5_003,5.0,SHORT,2024-01-15T13:29:00.000000000Z,8.20000000000043,5.1000000000001044,37,-5.0,SL_HIT,3.200000000000429,-5.0,SL_HIT,4.186046511627907,0.2866666666666667,True
SHORT_5_003,5.0,SHORT,2024-01-15T13:30:00.000000000Z,10.799999999999699,2.500000000000835,35,5.0,TP_HIT,5.799999999999699,1.7806201550387597,PARTIAL_PLUS_TP,4.186046511627907,0.2866666666666667,False
SHORT_5_003,5.0,SHORT,2024-01-15T13:31:00.000000000Z,12.300000000000644,0.9999999999998899,34,5.0,TP_HIT,7.300000000000644,1.7806201550387597,PARTIAL_PLUS_TP,4.186046511627907,0.2866666666666667,False
SHORT_5_003,5.0,SHORT,2024-01-15T13:32:00.000000000Z,12.399999999999078,0.9000000000014552,33,5.0,TP_HIT,7.399999999999078,1.7806201550387597,PARTIAL_PLUS_TP,4.186046511627907,0.2866666666666667,False
SHORT_5_003,5.0,SHORT,2024-01-15T13:33:00.000000000Z,12.000000000000899,1.2999999999996348,32,5.0,TP_HIT,7.000000000000899,1.7806201550387597,PARTIAL_PLUS_TP,4.186046511627907,0.2866666666666667,False
SHORT_5_003,5.0,SHORT,2024-01-15T13:34:00.000000000Z,12.700000000001044,0.5999999999994898,30,5.0,TP_HIT,7.700000000001044,1.7806201550387597,PARTIAL_PLUS_TP,4.186046511627907,0.2866666666666667,False
SHORT_5_003,5.0,SHORT,2024-01-15T13:35:00.000000000Z,13.300000000000534,0.0,28,5.0,TP_HIT,8.300000000000534,1.7806201550387597,PARTIAL_PLUS_TP,4.186046511627907,0.2866666666666667,False
SHORT_5_003,5.0,SHORT,2024-01-15T13:36:00.000000000Z,11.399999999999189,0.9000000000014552,29,5.0,TP_HIT,6.399999999999189,1.7806201550387597,PARTIAL_PLUS_TP,4.186046511627907,0.2866666666666667,False
SHORT_5_003,5.0,SHORT,2024-01-15T13:37:00.000000000Z,9.900000000000464,2.4000000000001798,28,5.0,TP_HIT,4.900000000000464,1.7806201550387597,PARTIAL_PLUS_TP,4.186046511627907,0.2866666666666667,False
SHORT_5_003,5.0,SHORT,2024-01-15T13:38:00.000000000Z,10.799999999999699,1.500000000000945,27,5.0,TP_HIT,5.799999999999699,1.7806201550387597,PARTIAL_PLUS_TP,4.186046511627907,0.2866666666666667,False
SHORT_5_003,5.0,SHORT,2024-01-15T13:39:00.000000000Z,10.699999999999044,1.6000000000016001,26,5.0,TP_HIT,5.699999999999044,1.7806201550387597,PARTIAL_PLUS_TP,4.186046511627907,0.2866666666666667,False
SHORT_5_003,5.0,SHORT,2024-01-15T13:40:00.000000000Z,9.999999999998899,2.300000000001745,25,5.0,TP_HIT,4.999999999998899,1.7806201550387597,PARTIAL_PLUS_TP,4.186046511627907,0.2866666666666667,False
SHORT_5_003,5.0,SHORT,2024-01-15T13:41:00.000000000Z,9.399999999999409,2.900000000001235,25,5.0,TP_HIT,4.399999999999409,1.7806201550387597,PARTIAL_PLUS_TP,4.186046511627907,0.2866666666666667,False
SHORT_5_003,5.0,SHORT,2024-01-15T13:42:00.000000000Z,9.900000000000464,2.4000000000001798,23,5.0,TP_HIT,4.900000000000464,1.7806201550387597,PARTIAL_PLUS_TP,4.186046511627907,0.2866666666666667,False
SHORT_5_003,5.0,SHORT,2024-01-15T13:43:00.000000000Z,10.200000000000209,2.100000000000435,22,5.0,TP_HIT,5.200000000000209,1.7806201550387597,PARTIAL_PLUS_TP,4.186046511627907,0.2866666666666667,False
SHORT_5_003,5.0,SHORT,2024-01-15T13:44:00.000000000Z,10.600000000000609,1.7000000000000348,21,5.0,TP_HIT,5.600000000000609,1.7806201550387597,PARTIAL_PLUS_TP,4.186046511627907,0.2866666666666667,False
SHORT_5_003,5.0,SHORT,2024-01-15T13:45:00.000000000Z,10.600000000000609,1.7000000000000348,20,5.0,TP_HIT,5.600000000000609,1.7806201550387597,PARTIAL_PLUS_TP,4.186046511627907,0.2866666666666667,False
SHORT_5_003,5.0,SHORT,2024-01-15T13:46:00.000000000Z,10.200000000000209,2.100000000000435,19,5.0,TP_HIT,5.200000000000209,1.7806201550387597,PARTIAL_PLUS_TP,4.186046511627907,0.2866666666666667,False
SHORT_5_003,5.0,SHORT,2024-01-15T13:47:00.000000000Z,9.799999999999809,2.500000000000835,18,5.0,TP_HIT,4.799999999999809,1.7806201550387597,PARTIAL_PLUS_TP,4.186046511627907,0.2866666666666667,False
SHORT_5_003,5.0,SHORT,2024-01-15T13:48:00.000000000Z,10.200000000000209,2.100000000000435,17,5.0,TP_HIT,5.200000000000209,1.7806201550387597,PARTIAL_PLUS_TP,4.186046511627907,0.2866666666666667,False
SHORT_5_003,5.0,SHORT,2024-01-15T13:49:00.000000000Z,11.000000000001009,1.2999999999996348,16,5.0,TP_HIT,6.000000000001009,1.7806201550387597,PARTIAL_PLUS_TP,4.186046511627907,0.2866666666666667,False
SHORT_5_003,5.0,SHORT,2024-01-15T13:50:00.000000000Z,11.600000000000499,0.700000000000145,15,5.0,TP_HIT,6.600000000000499,1.7806201550387597,PARTIAL_PLUS_TP,4.186046511627907,0.2866666666666667,False
SHORT_5_003,5.0,SHORT,2024-01-15T13:51:00.000000000Z,12.300000000000644,0.0,14,5.0,TP_HIT,7.300000000000644,1.7806201550387597,PARTIAL_PLUS_TP,4.186046511627907,0.2866666666666667,False
SHORT_5_003,5.0,SHORT,2024-01-15T13:52:00.000000000Z,11.000000000001009,1.1999999999989797,13,5.0,TP_HIT,6.000000000001009,1.7806201550387597,PARTIAL_PLUS_TP,4.186046511627907,0.2866666666666667,False
SHORT_5_003,5.0,SHORT,2024-01-15T13:53:00.000000000Z,10.499999999999954,1.7000000000000348,12,5.0,TP_HIT,5.499999999999954,1.7806201550387597,PARTIAL_PLUS_TP,4.186046511627907,0.2866666666666667,False
SHORT_5_003,5.0,SHORT,2024-01-15T13:54:00.000000000Z,9.900000000000464,2.2999999999995246,11,5.0,TP_HIT,4.900000000000464,1.7806201550387597,PARTIAL_PLUS_TP,4.186046511627907,0.2866666666666667,False
SHORT_5_003,5.0,SHORT,2024-01-15T13:55:00.000000000Z,10.600000000000609,1.5999999999993797,10,5.0,TP_HIT,5.600000000000609,1.7806201550387597,PARTIAL_PLUS_TP,4.186046511627907,0.2866666666666667,False
SHORT_5_003,5.0,SHORT,2024-01-15T13:56:00.000000000Z,10.499999999999954,1.7000000000000348,9,5.0,TP_HIT,5.499999999999954,1.7806201550387597,PARTIAL_PLUS_TP,4.186046511627907,0.2866666666666667,False
SHORT_5_003,5.0,SHORT,2024-01-15T13:57:00.000000000Z,10.700000000001264,1.9999999999997797,8,5.0,TP_HIT,5.700000000001264,1.7806201550387597,PARTIAL_PLUS_TP,4.186046511627907,0.2866666666666667,False
SHORT_5_003,5.0,SHORT,2024-01-15T13:58:00.000000000Z,12.400000000001299,0.5999999999994898,7,5.0,TP_HIT,7.400000000001299,1.7806201550387597,PARTIAL_PLUS_TP,4.186046511627907,0.2866666666666667,False
SHORT_5_003,5.0,SHORT,2024-01-15T13:59:00.000000000Z,12.199999999999989,0.8000000000008001,6,5.0,TP_HIT,7.199999999999989,1.7806201550387597,PARTIAL_PLUS_TP,4.186046511627907,0.2866666666666667,False
SHORT_5_003,5.0,SHORT,2024-01-15T14:00:00.000000000Z,11.800000000001809,1.1999999999989797,5,5.0,TP_HIT,6.800000000001809,1.7806201550387597,PARTIAL_PLUS_TP,4.186046511627907,0.2866666666666667,False
SHORT_5_003,5.0,SHORT,2024-01-15T14:01:00.000000000Z,13.000000000000789,0.0,4,5.0,TP_HIT,8.000000000000789,1.7806201550387597,PARTIAL_PLUS_TP,4.186046511627907,0.2866666666666667,False
SHORT_5_003,5.0,SHORT,2024-01-15T14:02:00.000000000Z,10.40000000000152,0.0,3,5.0,TP_HIT,5.400000000001519,1.7806201550387597,PARTIAL_PLUS_TP,4.186046511627907,0.2866666666666667,False
SHORT_5_003,5.0,SHORT,2024-01-15T14:03:00.000000000Z,9.00000000000123,0.0,3,5.0,TP_HIT,4.000000000001229,1.7806201550387597,PARTIAL_PLUS_TP,4.186046511627907,0.2866666666666667,False
SHORT_5_003,5.0,SHORT,2024-01-15T14:04:00.000000000Z,8.40000000000174,0.0,2,5.0,TP_HIT,3.4000000000017394,1.7806201550387597,PARTIAL_PLUS_TP,4.186046511627907,0.2866666666666667,False
SHORT_5_003,5.0,SHORT,2024-01-15T14:05:00.000000000Z,5.20000000000076,2.9999999999996696,93,5.0,TP_HIT,0.20000000000075957,1.7806201550387597,PARTIAL_PLUS_TP,4.186046511627907,0.2866666666666667,False
SHORT_5_003,5.0,SHORT,2024-01-15T14:06:00.000000000Z,2.9999999999996696,5.20000000000076,101,-5.0,SL_HIT,0.0,-5.0,SL_HIT,4.186046511627907,0.2866666666666667,True
SHORT_5_003,5.0,SHORT,2024-01-15T14:07:00.000000000Z,2.500000000000835,5.699999999999594,101,-5.0,SL_HIT,0.0,-5.0,SL_HIT,4.186046511627907,0.2866666666666667,True
SHORT_5_003,5.0,SHORT,2024-01-15T14:08:00.000000000Z,1.80000000000069,6.399999999999739,101,-5.0,SL_HIT,0.0,-5.0,SL_HIT,4.186046511627907,0.2866666666666667,True
SHORT_5_003,5.0,SHORT,2024-01-15T14:09:00.000000000Z,2.80000000000058,5.399999999999849,101,-5.0,SL_HIT,0.0,-5.0,SL_HIT,4.186046511627907,0.2866666666666667,True
SHORT_5_003,5.0,SHORT,2024-01-15T14:10:00.000000000Z,1.9999999999997797,6.500000000000394,101,-5.0,SL_HIT,0.0,-5.0,SL_HIT,4.186046511627907,0.2866666666666667,True
SHORT_5_003,5.0,SHORT,2024-01-15T14:11:00.000000000Z,2.4000000000001798,6.399999999999739,101,-5.0,SL_HIT,0.0,-5.0,SL_HIT,4.186046511627907,0.2866666666666667,True
SHORT_5_003,5.0,SHORT,2024-01-15T14:12:00.000000000Z,2.20000000000109,6.599999999998829,101,-5.0,SL_HIT,0.0,-5.0,SL_HIT,4.186046511627907,0.2866666666666667,True
SHORT_5_003,5.0,SHORT,2024-01-15T14:13:00.000000000Z,2.300000000001745,7.899999999998464,101,-5.0,SL_HIT,0.0,-5.0,SL_HIT,4.186046511627907,0.2866666666666667,True
SHORT_5_003,5.0,SHORT,2024-01-15T14:14:00.000000000Z,1.500000000000945,9.299999999998754,101,-5.0,SL_HIT,0.0,-5.0,SL_HIT,4.186046511627907,0.2866666666666667,True
SHORT_5_003,5.0,SHORT,2024-01-15T14:15:00.000000000Z,2.4000000000001798,8.60000000000083,101,-5.0,SL_HIT,0.0,-5.0,SL_HIT,4.186046511627907,0.2866666666666667,True
SHORT_5_003,5.0,SHORT,2024-01-15T14:16:00.000000000Z,2.500000000000835,8.500000000000174,101,-5.0,SL_HIT,0.0,-5.0,SL_HIT,4.186046511627907,0.2866666666666667,True
SHORT_5_003,5.0,SHORT,2024-01-15T14:17:00.000000000Z,3.4000000000000696,8.40000000000174,101,-5.0,SL_HIT,0.0,-5.0,SL_HIT,4.186046511627907,0.2866666666666667,True
SHORT_5_003,5.0,SHORT,2024-01-15T14:18:00.000000000Z,1.9999999999997797,10.40000000000152,101,-5.0,SL_HIT,0.0,-5.0,SL_HIT,4.186046511627907,0.2866666666666667,True
SHORT_5_003,5.0,SHORT,2024-01-15T14:19:00.000000000Z,0.9999999999998899,11.400000000001409,101,-5.0,SL_HIT,0.0,-5.0,SL_HIT,4.186046511627907,0.2866666666666667,True
SHORT_5_003,5.0,SHORT,2024-01-15T14:20:00.000000000Z,0.9999999999998899,11.499999999999844,101,-5.0,SL_HIT,0.0,-5.0,SL_HIT,4.186046511627907,0.2866666666666667,True
SHORT_5_003,5.0,SHORT,2024-01-15T14:21:00.000000000Z,0.8000000000008001,11.699999999998933,101,-5.0,SL_HIT,0.0,-5.0,SL_HIT,4.186046511627907,0.2866666666666667,True
SHORT_5_003,5.0,SHORT,2024-01-15T14:22:00.000000000Z,2.500000000000835,9.999999999998899,101,-5.0,SL_HIT,0.0,-5.0,SL_HIT,4.186046511627907,0.2866666666666667,True
SHORT_5_003,5.0,SHORT,2024-01-15T14:23:00.000000000Z,3.20000000000098,9.299999999998754,101,-5.0,SL_HIT,0.0,-5.0,SL_HIT,4.186046511627907,0.2866666666666667,True
SHORT_5_003,5.0,SHORT,2024-01-15T14:24:00.000000000Z,4.20000000000087,8.299999999998864,101,-5.0,SL_HIT,0.0,-2.3666666666666667,PARTIAL_THEN_SL,4.186046511627907,0.2866666666666667,True
SHORT_5_003,5.0,SHORT,2024-01-15T14:25:00.000000000Z,2.80000000000058,9.699999999999154,101,-5.0,SL_HIT,0.0,-5.0,SL_HIT,4.186046511627907,0.2866666666666667,True
SHORT_5_003,5.0,SHORT,2024-01-15T14:26:00.000000000Z,4.699999999999704,7.800000000000029,101,-5.0,SL_HIT,0.0,-2.3666666666666667,PARTIAL_THEN_SL,4.186046511627907,0.2866666666666667,True
SHORT_5_003,5.0,SHORT,2024-01-15T14:27:00.000000000Z,4.3999999999999595,8.099999999999774,101,-5.0,SL_HIT,0.0,-2.3666666666666667,PARTIAL_THEN_SL,4.186046511627907,0.2866666666666667,True
SHORT_5_003,5.0,SHORT,2024-01-15T14:28:00.000000000Z,3.4000000000000696,9.099999999999664,101,-5.0,SL_HIT,0.0,-5.0,SL_HIT,4.186046511627907,0.2866666666666667,True
SHORT_5_003,5.0,SHORT,2024-01-15T14:29:00.000000000Z,3.60000000000138,8.899999999998354,101,-5.0,SL_HIT,0.0,-5.0,SL_HIT,4.186046511627907,0.2866666666666667,True
SHORT_5_003,5.0,SHORT,2024-01-15T14:30:00.000000000Z,5.20000000000076,7.299999999998974,68,5.0,TP_HIT,0.20000000000075957,-2.3666666666666667,PARTIAL_THEN_SL,4.186046511627907,0.2866666666666667,False
SHORT_5_003,5.0,SHORT,2024-01-15T14:31:00.000000000Z,4.20000000000087,8.299999999998864,101,-5.0,SL_HIT,0.0,-2.3666666666666667,PARTIAL_THEN_SL,4.186046511627907,0.2866666666666667,True
SHORT_5_003,5.0,SHORT,2024-01-15T14:32:00.000000000Z,3.60000000000138,8.899999999998354,101,-5.0,SL_HIT,0.0,-5.0,SL_HIT,4.186046511627907,0.2866666666666667,True
SHORT_5_003,5.0,SHORT,2024-01-15T14:33:00.000000000Z,4.20000000000087,8.299999999998864,101,-5.0,SL_HIT,0.0,-2.3666666666666667,PARTIAL_THEN_SL,4.186046511627907,0.2866666666666667,True
SHORT_5_003,5.0,SHORT,2024-01-15T14:34:00.000000000Z,3.6999999999998145,8.799999999999919,101,-5.0,SL_HIT,0.0,-5.0,SL_HIT,4.186046511627907,0.2866666666666667,True
SHORT_5_003,5.0,SHORT,2024-01-15T14:35:00.000000000Z,2.60000000000149,9.899999999998244,101,-5.0,SL_HIT,0.0,-5.0,SL_HIT,4.186046511627907,0.2866666666666667,True
SHORT_5_003,5.0,SHORT,2024-01-15T14:36:00.000000000Z,4.00000000000178,8.499999999997954,101,-5.0,SL_HIT,0.0,-5.0,SL_HIT,4.186046511627907,0.2866666666666667,True
SHORT_5_003,5.0,SHORT,2024-01-15T14:37:00.000000000Z,2.60000000000149,9.899999999998244,101,-5.0,SL_HIT,0.0,-5.0,SL_HIT,4.186046511627907,0.2866666666666667,True
SHORT_5_003,5.0,SHORT,2024-01-15T14:38:00.000000000Z,3.6999999999998145,8.799999999999919,101,-5.0,SL_HIT,0.0,-5.0,SL_HIT,4.186046511627907,0.2866666666666667,True
SHORT_5_003,5.0,SHORT,2024-01-15T14:39:00.000000000Z,4.60000000000127,7.899999999998464,101,-5.0,SL_HIT,0.0,-2.3666666666666667,PARTIAL_THEN_SL,4.186046511627907,0.2866666666666667,True
SHORT_5_003,5.0,SHORT,2024-01-15T14:40:00.000000000Z,4.60000000000127,7.899999999998464,101,-5.0,SL_HIT,0.0,-2.3666666666666667,PARTIAL_THEN_SL,4.186046511627907,0.2866666666666667,True
SHORT_5_003,5.0,SHORT,2024-01-15T14:41:00.000000000Z,4.60000000000127,7.899999999998464,101,-5.0,SL_HIT,0.0,-2.3666666666666667,PARTIAL_THEN_SL,4.186046511627907,0.2866666666666667,True
SHORT_5_003,5.0,SHORT,2024-01-15T14:42:00.000000000Z,4.3999999999999595,8.099999999999774,101,-5.0,SL_HIT,0.0,-2.3666666666666667,PARTIAL_THEN_SL,4.186046511627907,0.2866666666666667,True
SHORT_5_003,5.0,SHORT,2024-01-15T14:43:00.000000000Z,4.20000000000087,8.299999999998864,101,-5.0,SL_HIT,0.0,-2.3666666666666667,PARTIAL_THEN_SL,4.186046511627907,0.2866666666666667,True
SHORT_5_003,5.0,SHORT,2024-01-15T14:44:00.000000000Z,4.500000000000615,7.999999999999119,101,-5.0,SL_HIT,0.0,-2.3666666666666667,PARTIAL_THEN_SL,4.186046511627907,0.2866666666666667,True
SHORT_5_003,5.0,SHORT,2024-01-15T14:45:00.000000000Z,4.60000000000127,7.899999999998464,101,-5.0,SL_HIT,0.0,-2.3666666666666667,PARTIAL_THEN_SL,4.186046511627907,0.2866666666666667,True
SHORT_5_003,5.0,SHORT,2024-01-15T14:46:00.000000000Z,3.20000000000098,9.299999999998754,101,-5.0,SL_HIT,0.0,-5.0,SL_HIT,4.186046511627907,0.2866666666666667,True
SHORT_5_003,5.0,SHORT,2024-01-15T14:47:00.000000000Z,3.8000000000004697,9.600000000000719,101,-5.0,SL_HIT,0.0,-5.0,SL_HIT,4.186046511627907,0.2866666666666667,True
SHORT_5_003,5.0,SHORT,2024-01-15T14:48:00.000000000Z,4.00000000000178,9.500000000000064,101,-5.0,SL_HIT,0.0,-5.0,SL_HIT,4.186046511627907,0.2866666666666667,True
SHORT_5_003,5.0,SHORT,2024-01-15T14:49:00.000000000Z,3.1000000000003247,11.000000000001009,101,-5.0,SL_HIT,0.0,-5.0,SL_HIT,4.186046511627907,0.2866666666666667,True
SHORT_5_003,5.0,SHORT,2024-01-15T14:50:00.000000000Z,2.500000000000835,11.600000000000499,101,-5.0,SL_HIT,0.0,-5.0,SL_HIT,4.186046511627907,0.2866666666666667,True
SHORT_5_003,5.0,SHORT,2024-01-15T14:51:00.000000000Z,2.60000000000149,11.499999999999844,101,-5.0,SL_HIT,0.0,-5.0,SL_HIT,4.186046511627907,0.2866666666666667,True
SHORT_5_003,5.0,SHORT,2024-01-15T14:52:00.000000000Z,2.4000000000001798,11.700000000001154,101,-5.0,SL_HIT,0.0,-5.0,SL_HIT,4.186046511627907,0.2866666666666667,True
SHORT_5_003,5.0,SHORT,2024-01-15T14:53:00.000000000Z,2.60000000000149,11.499999999999844,101,-5.0,SL_HIT,0.0,-5.0,SL_HIT,4.186046511627907,0.2866666666666667,True
SHORT_5_003,5.0,SHORT,2024-01-15T14:54:00.000000000Z,2.4000000000001798,11.700000000001154,101,-5.0,SL_HIT,0.0,-5.0,SL_HIT,4.186046511627907,0.2866666666666667,True
SHORT_5_003,5.0,SHORT,2024-01-15T14:55:00.000000000Z,3.20000000000098,10.900000000000354,101,-5.0,SL_HIT,0.0,-5.0,SL_HIT,4.186046511627907,0.2866666666666667,True
SHORT_5_003,5.0,SHORT,2024-01-15T14:56:00.000000000Z,4.100000000000215,10.000000000001119,101,-5.0,SL_HIT,0.0,-5.0,SL_HIT,4.186046511627907,0.2866666666666667,True
SHORT_5_003,5.0,SHORT,2024-01-15T14:57:00.000000000Z,5.20000000000076,8.900000000000574,41,5.0,TP_HIT,0.20000000000075957,-2.3666666666666667,PARTIAL_THEN_SL,4.186046511627907,0.2866666666666667,False
SHORT_5_003,5.0,SHORT,2024-01-15T14:58:00.000000000Z,4.60000000000127,9.500000000000064,101,-5.0,SL_HIT,0.0,-2.3666666666666667,PARTIAL_THEN_SL,4.186046511627907,0.2866666666666667,True
SHORT_5_003,5.0,SHORT,2024-01-15T14:59:00.000000000Z,5.00000000000167,9.099999999999664,39,5.0,TP_HIT,1.6697754290362354e-12,-2.3666666666666667,PARTIAL_THEN_SL,4.186046511627907,0.2866666666666667,False
SHORT_5_003,5.0,SHORT,2024-01-15T15:00:00.000000000Z,5.800000000000249,8.300000000001084,37,5.0,TP_HIT,0.8000000000002494,-2.3666666666666667,PARTIAL_THEN_SL,4.186046511627907,0.2866666666666667,False
SHORT_5_003,5.0,SHORT,2024-01-15T15:01:00.000000000Z,3.8000000000004697,10.300000000000864,101,-5.0,SL_HIT,0.0,-5.0,SL_HIT,4.186046511627907,0.2866666666666667,True
SHORT_5_003,5.0,SHORT,2024-01-15T15:02:00.000000000Z,3.4000000000000696,10.700000000001264,101,-5.0,SL_HIT,0.0,-5.0,SL_HIT,4.186046511627907,0.2866666666666667,True
SHORT_5_003,5.0,SHORT,2024-01-15T15:03:00.000000000Z,4.100000000000215,10.000000000001119,101,-5.0,SL_HIT,0.0,-5.0,SL_HIT,4.186046511627907,0.2866666666666667,True
SHORT_5_003,5.0,SHORT,2024-01-15T15:04:00.000000000Z,5.399999999999849,8.700000000001484,33,5.0,TP_HIT,0.39999999999984936,-2.3666666666666667,PARTIAL_THEN_SL,4.186046511627907,0.2866666666666667,False
SHORT_5_003,5.0,SHORT,2024-01-15T15:05:00.000000000Z,6.200000000000649,7.900000000000684,7,5.0,TP_HIT,1.2000000000006494,-2.3666666666666667,PARTIAL_THEN_SL,4.186046511627907,0.2866666666666667,False
SHORT_5_003,5.0,SHORT,2024-01-15T15:06:00.000000000Z,6.099999999999994,8.00000000000134,6,5.0,TP_HIT,1.0999999999999943,-2.3666666666666667,PARTIAL_THEN_SL,4.186046511627907,0.2866666666666667,False
SHORT_5_003,5.0,SHORT,2024-01-15T15:07:00.000000000Z,7.0000000000014495,7.099999999999884,5,5.0,TP_HIT,2.0000000000014495,-2.3666666666666667,PARTIAL_THEN_SL,4.186046511627907,0.2866666666666667,False
SHORT_5_003,5.0,SHORT,2024-01-15T15:08:00.000000000Z,6.099999999999994,8.00000000000134,4,5.0,TP_HIT,1.0999999999999943,-2.3666666666666667,PARTIAL_THEN_SL,4.186046511627907,0.2866666666666667,False
SHORT_5_003,5.0,SHORT,2024-01-15T15:09:00.000000000Z,5.9000000000009045,8.20000000000043,3,5.0,TP_HIT,0.9000000000009045,-2.3666666666666667,PARTIAL_THEN_SL,4.186046511627907,0.2866666666666667,False
SHORT_5_003,5.0,SHORT,2024-01-15T15:10:00.000000000Z,5.1000000000001044,9.00000000000123,28,5.0,TP_HIT,0.10000000000010445,-2.3666666666666667,PARTIAL_THEN_SL,4.186046511627907,0.2866666666666667,False
SHORT_5_003,5.0,SHORT,2024-01-15T15:11:00.000000000Z,3.4000000000000696,10.700000000001264,101,-5.0,SL_HIT,0.0,-5.0,SL_HIT,4.186046511627907,0.2866666666666667,True
SHORT_5_003,5.0,SHORT,2024-01-15T15:12:00.000000000Z,0.8000000000008001,13.300000000000534,101,-5.0,SL_HIT,0.0,-5.0,SL_HIT,4.186046511627907,0.2866666666666667,True
SHORT_5_003,5.0,SHORT,2024-01-15T15:13:00.000000000Z,2.60000000000149,11.499999999999844,101,-5.0,SL_HIT,0.0,-5.0,SL_HIT,4.186046511627907,0.2866666666666667,True
SHORT_5_003,5.0,SHORT,2024-01-15T15:14:00.000000000Z,2.6999999999999247,11.400000000001409,101,-5.0,SL_HIT,0.0,-5.0,SL_HIT,4.186046511627907,0.2866666666666667,True
SHORT_5_003,5.0,SHORT,2024-01-15T15:15:00.000000000Z,3.5000000000007248,10.600000000000609,101,-5.0,SL_HIT,0.0,-5.0,SL_HIT,4.186046511627907,0.2866666666666667,True
SHORT_5_003,5.0,SHORT,2024-01-15T15:16:00.000000000Z,4.00000000000178,10.099999999999554,101,-5.0,SL_HIT,0.0,-5.0,SL_HIT,4.186046511627907,0.2866666666666667,True
SHORT_5_003,5.0,SHORT,2024-01-15T15:17:00.000000000Z,2.9999999999996696,11.100000000001664,101,-5.0,SL_HIT,0.0,-5.0,SL_HIT,4.186046511627907,0.2866666666666667,True
SHORT_5_003,5.0,SHORT,2024-01-15T15:18:00.000000000Z,2.80000000000058,11.300000000000754,101,-5.0,SL_HIT,0.0,-5.0,SL_HIT,4.186046511627907,0.2866666666666667,True
SHORT_5_003,5.0,SHORT,2024-01-15T15:19:00.000000000Z,2.80000000000058,11.300000000000754,101,-5.0,SL_HIT,0.0,-5.0,SL_HIT,4.186046511627907,0.2866666666666667,True
SHORT_5_003,5.0,SHORT,2024-01-15T15:20:00.000000000Z,2.500000000000835,11.600000000000499,101,-5.0,SL_HIT,0.0,-5.0,SL_HIT,4.186046511627907,0.2866666666666667,True
SHORT_5_003,5.0,SHORT,2024-01-15T15:21:00.000000000Z,2.60000000000149,11.499999999999844,101,-5.0,SL_HIT,0.0,-5.0,SL_HIT,4.186046511627907,0.2866666666666667,True
SHORT_5_003,5.0,SHORT,2024-01-15T15:22:00.000000000Z,4.8000000000003595,9.300000000000974,101,-5.0,SL_HIT,0.0,-2.3666666666666667,PARTIAL_THEN_SL,4.186046511627907,0.2866666666666667,True
SHORT_5_003,5.0,SHORT,2024-01-15T15:23:00.000000000Z,2.9999999999996696,11.100000000001664,101,-5.0,SL_HIT,0.0,-5.0,SL_HIT,4.186046511627907,0.2866666666666667,True
SHORT_5_003,5.0,SHORT,2024-01-15T15:24:00.000000000Z,5.00000000000167,9.099999999999664,14,5.0,TP_HIT,1.6697754290362354e-12,-2.3666666666666667,PARTIAL_THEN_SL,4.186046511627907,0.2866666666666667,False
SHORT_5_003,5.0,SHORT,2024-01-15T15:25:00.000000000Z,7.600000000000939,6.500000000000394,10,5.0,TP_HIT,2.6000000000009393,-2.3666666666666667,PARTIAL_THEN_SL,4.186046511627907,0.2866666666666667,False
SHORT_5_003,5.0,SHORT,2024-01-15T15:26:00.000000000Z,8.20000000000043,5.9000000000009045,8,5.0,TP_HIT,3.200000000000429,-2.3666666666666667,PARTIAL_THEN_SL,4.186046511627907,0.2866666666666667,False
SHORT_5_003,5.0,SHORT,2024-01-15T15:27:00.000000000Z,6.399999999999739,7.7000000000015945,10,5.0,TP_HIT,1.3999999999997392,-2.3666666666666667,PARTIAL_THEN_SL,4.186046511627907,0.2866666666666667,False
SHORT_5_003,5.0,SHORT,2024-01-15T15:28:00.000000000Z,6.00000000000156,8.099999999999774,9,5.0,TP_HIT,1.0000000000015596,-2.3666666666666667,PARTIAL_THEN_SL,4.186046511627907,0.2866666666666667,False
SHORT_5_003,5.0,SHORT,2024-01-15T15:29:00.000000000Z,6.900000000000794,7.200000000000539,7,5.0,TP_HIT,1.9000000000007944,-2.3666666666666667,PARTIAL_THEN_SL,4.186046511627907,0.2866666666666667,False
SHORT_5_003,5.0,SHORT,2024-01-15T15:30:00.000000000Z,4.60000000000127,9.500000000000064,101,-5.0,SL_HIT,0.0,-2.3666666666666667,PARTIAL_THEN_SL,4.186046511627907,0.2866666666666667,True
SHORT_5_003,5.0,SHORT,2024-01-15T15:31:00.000000000Z,4.00000000000178,10.099999999999554,101,-5.0,SL_HIT,0.0,-5.0,SL_HIT,4.186046511627907,0.2866666666666667,True
SHORT_5_003,5.0,SHORT,2024-01-15T15:32:00.000000000Z,3.8000000000004697,10.300000000000864,101,-5.0,SL_HIT,0.0,-5.0,SL_HIT,4.186046511627907,0.2866666666666667,True
SHORT_5_003,5.0,SHORT,2024-01-15T15:33:00.000000000Z,3.300000000001635,10.799999999999699,101,-5.0,SL_HIT,0.0,-5.0,SL_HIT,4.186046511627907,0.2866666666666667,True
SHORT_5_003,5.0,SHORT,2024-01-15T15:34:00.000000000Z,2.9999999999996696,11.100000000001664,101,-5.0,SL_HIT,0.0,-5.0,SL_HIT,4.186046511627907,0.2866666666666667,True
SHORT_5_003,5.0,SHORT,2024-01-15T15:35:00.000000000Z,2.500000000000835,11.600000000000499,101,-5.0,SL_HIT,0.0,-5.0,SL_HIT,4.186046511627907,0.2866666666666667,True
SHORT_5_003,5.0,SHORT,2024-01-15T15:36:00.000000000Z,1.6000000000016001,12.499999999999734,101,-5.0,SL_HIT,0.0,-5.0,SL_HIT,4.186046511627907,0.2866666666666667,True
SHORT_5_003,5.0,SHORT,2024-01-15T15:37:00.000000000Z,0.2999999999997449,13.800000000001589,101,-5.0,SL_HIT,0.0,-5.0,SL_HIT,4.186046511627907,0.2866666666666667,True
SHORT_5_003,5.0,SHORT,2024-01-15T15:38:00.000000000Z,0.0,14.100000000001334,101,-5.0,SL_HIT,0.0,-5.0,SL_HIT,4.186046511627907,0.2866666666666667,True
SHORT_5_004,5.0,SHORT,2024-01-15T16:29:00.000000000Z,5.399999999999849,0.0,14,5.0,TP_HIT,0.39999999999984936,1.7806201550387597,PARTIAL_PLUS_TP,4.186046511627907,0.2866666666666667,False
SHORT_5_004,5.0,SHORT,2024-01-15T16:30:00.000000000Z,4.8000000000003595,0.0,101,4.500000000000615,TIMEOUT,0.0,1.2000000000000002,PARTIAL_ONLY,4.186046511627907,0.2866666666666667,False
SHORT_5_004,5.0,SHORT,2024-01-15T16:31:00.000000000Z,3.4999999999985043,0.20000000000131024,101,3.1999999999987594,TIMEOUT,0.0,3.1999999999987594,TIMEOUT,4.186046511627907,0.2866666666666667,False
SHORT_5_004,5.0,SHORT,2024-01-15T16:32:00.000000000Z,2.0999999999982144,1.6000000000016001,101,1.7999999999984695,TIMEOUT,0.0,1.7999999999984695,TIMEOUT,4.186046511627907,0.2866666666666667,False
SHORT_5_004,5.0,SHORT,2024-01-15T16:33:00.000000000Z,2.6999999999999247,0.9999999999998899,101,2.4000000000001798,TIMEOUT,0.0,2.4000000000001798,TIMEOUT,4.186046511627907,0.2866666666666667,False
SHORT_5_004,5.0,SHORT,2024-01-15T16:34:00.000000000Z,3.6999999999998145,0.0,101,3.4000000000000696,TIMEOUT,0.0,1.2000000000000002,PARTIAL_PLUS_RUNNER,4.186046511627907,0.2866666666666667,False
SHORT_5_004,5.0,SHORT,2024-01-15T16:35:00.000000000Z,2.0999999999982144,1.0000000000021103,101,1.7999999999984695,TIMEOUT,0.0,1.7999999999984695,TIMEOUT,4.186046511627907,0.2866666666666667,False
SHORT_5_004,5.0,SHORT,2024-01-15T16:36:00.000000000Z,2.4999999999986144,0.6000000000017103,101,2.1999999999988695,TIMEOUT,0.0,2.1999999999988695,TIMEOUT,4.186046511627907,0.2866666666666667,False
SHORT_5_004,5.0,SHORT,2024-01-15T16:37:00.000000000Z,2.4999999999986144,0.6000000000017103,101,2.1999999999988695,TIMEOUT,0.0,2.1999999999988695,TIMEOUT,4.186046511627907,0.2866666666666667,False
SHORT_5_004,5.0,SHORT,2024-01-15T16:38:00.000000000Z,2.6999999999999247,0.40000000000040004,101,2.4000000000001798,TIMEOUT,0.0,2.4000000000001798,TIMEOUT,4.186046511627907,0.2866666666666667,False
SHORT_5_004,5.0,SHORT,2024-01-15T16:39:00.000000000Z,2.0999999999982144,1.0000000000021103,101,1.7999999999984695,TIMEOUT,0.0,1.7999999999984695,TIMEOUT,4.186046511627907,0.2866666666666667,False
SHORT_5_004,5.0,SHORT,2024-01-15T16:40:00.000000000Z,1.7000000000000348,1.40000000000029,101,1.40000000000029,TIMEOUT,0.0,1.40000000000029,TIMEOUT,4.186046511627907,0.2866666666666667,False
SHORT_5_004,5.0,SHORT,2024-01-15T16:41:00.000000000Z,1.7000000000000348,1.40000000000029,101,1.40000000000029,TIMEOUT,0.0,1.40000000000029,TIMEOUT,4.186046511627907,0.2866666666666667,False
SHORT_5_004,5.0,SHORT,2024-01-15T16:42:00.000000000Z,1.1999999999989797,1.900000000001345,101,0.8999999999992347,TIMEOUT,0.0,0.8999999999992347,TIMEOUT,4.186046511627907,0.2866666666666667,False
SHORT_5_004,5.0,SHORT,2024-01-15T16:43:00.000000000Z,0.3999999999981796,2.700000000002145,101,0.09999999999843467,TIMEOUT,0.0,0.09999999999843467,TIMEOUT,4.186046511627907,0.2866666666666667,False
LONG_6_001,6.0,LONG,2024-01-15T08:00:00.000000000Z,6.800000000000139,11.699999999998933,11,6.0,TP_HIT,0.8000000000001393,-3.3428571428571425,PARTIAL_THEN_SL,4.9411764705882355,0.24285714285714288,False
LONG_6_001,6.0,LONG,2024-01-15T08:01:00.000000000Z,6.6000000000010495,11.899999999998023,10,6.0,TP_HIT,0.6000000000010495,-3.3428571428571425,PARTIAL_THEN_SL,4.9411764705882355,0.24285714285714288,False
LONG_6_001,6.0,LONG,2024-01-15T08:02:00.000000000Z,5.399999999999849,13.099999999999223,101,-6.0,SL_HIT,0.0,-3.3428571428571425,PARTIAL_THEN_SL,4.9411764705882355,0.24285714285714288,True
LONG_6_001,6.0,LONG,2024-01-15T08:03:00.000000000Z,3.4000000000000696,15.099999999999003,101,-6.0,SL_HIT,0.0,-6.0,SL_HIT,4.9411764705882355,0.24285714285714288,True
LONG_6_001,6.0,LONG,2024-01-15T08:04:00.000000000Z,3.9999999999995595,14.499999999999513,101,-6.0,SL_HIT,0.0,-6.0,SL_HIT,4.9411764705882355,0.24285714285714288,True
LONG_6_001,6.0,LONG,2024-01-15T08:05:00.000000000Z,3.5000000000007248,14.999999999998348,101,-6.0,SL_HIT,0.0,-6.0,SL_HIT,4.9411764705882355,0.24285714285714288,True
LONG_6_001,6.0,LONG,2024-01-15T08:06:00.000000000Z,4.299999999999304,14.199999999999768,101,-6.0,SL_HIT,0.0,-6.0,SL_HIT,4.9411764705882355,0.24285714285714288,True
LONG_6_001,6.0,LONG,2024-01-15T08:07:00.000000000Z,5.699999999999594,13.600000000000279,101,-6.0,SL_HIT,0.0,-3.3428571428571425,PARTIAL_THEN_SL,4.9411764705882355,0.24285714285714288,True
LONG_6_001,6.0,LONG,2024-01-15T08:08:00.000000000Z,3.6999999999998145,15.600000000000058,101,-6.0,SL_HIT,0.0,-6.0,SL_HIT,4.9411764705882355,0.24285714285714288,True
LONG_6_001,6.0,LONG,2024-01-15T08:09:00.000000000Z,1.5999999999993797,17.700000000000493,101,-6.0,SL_HIT,0.0,-6.0,SL_HIT,4.9411764705882355,0.24285714285714288,True
LONG_6_001,6.0,LONG,2024-01-15T08:10:00.000000000Z,1.5999999999993797,17.700000000000493,101,-6.0,SL_HIT,0.0,-6.0,SL_HIT,4.9411764705882355,0.24285714285714288,True
LONG_6_001,6.0,LONG,2024-01-15T08:11:00.000000000Z,0.1999999999990898,19.100000000000783,101,-6.0,SL_HIT,0.0,-6.0,SL_HIT,4.9411764705882355,0.24285714285714288,True
LONG_6_002,6.0,LONG,2024-01-15T10:03:00.000000000Z,6.899999999998574,8.20000000000043,95,-6.0,SL_HIT,0.8999999999985739,-6.0,SL_HIT,4.9411764705882355,0.24285714285714288,True
LONG_6_002,6.0,LONG,2024-01-15T10:04:00.000000000Z,8.399999999999519,6.699999999999484,87,-6.0,SL_HIT,2.399999999999519,-6.0,SL_HIT,4.9411764705882355,0.24285714285714288,True
LONG_6_002,6.0,LONG,2024-01-15T10:05:00.000000000Z,7.899999999998464,7.200000000000539,93,-6.0,SL_HIT,1.8999999999984638,-6.0,SL_HIT,4.9411764705882355,0.24285714285714288,True
LONG_6_002,6.0,LONG,2024-01-15T10:06:00.000000000Z,7.199999999998319,7.900000000000684,92,-6.0,SL_HIT,1.1999999999983189,-6.0,SL_HIT,4.9411764705882355,0.24285714285714288,True
LONG_6_002,6.0,LONG,2024-01-15T10:07:00.000000000Z,7.399999999999629,7.699999999999374,91,-6.0,SL_HIT,1.399999999999629,-6.0,SL_HIT,4.9411764705882355,0.24285714285714288,True
LONG_6_002,6.0,LONG,2024-01-15T10:08:00.000000000Z,7.500000000000284,7.599999999998719,90,-6.0,SL_HIT,1.5000000000002842,-6.0,SL_HIT,4.9411764705882355,0.24285714285714288,True
LONG_6_002,6.0,LONG,2024-01-15T10:09:00.000000000Z,9.500000000000064,5.599999999998939,80,6.0,TP_HIT,3.500000000000064,2.0016806722689076,PARTIAL_PLUS_TP,4.9411764705882355,0.24285714285714288,False
LONG_6_002,6.0,LONG,2024-01-15T10:10:00.000000000Z,10.499999999999954,4.599999999999049,75,6.0,TP_HIT,4.499999999999954,2.0016806722689076,PARTIAL_PLUS_TP,4.9411764705882355,0.24285714285714288,False
LONG_6_002,6.0,LONG,2024-01-15T10:11:00.000000000Z,9.699999999999154,5.399999999999849,78,6.0,TP_HIT,3.6999999999991537,2.0016806722689076,PARTIAL_PLUS_TP,4.9411764705882355,0.24285714285714288,False
LONG_6_002,6.0,LONG,2024-01-15T10:12:00.000000000Z,11.099999999999444,3.9999999999995595,73,6.0,TP_HIT,5.099999999999444,2.0016806722689076,PARTIAL_PLUS_TP,4.9411764705882355,0.24285714285714288,False
LONG_6_002,6.0,LONG,2024-01-15T10:13:00.000000000Z,10.899999999998133,4.20000000000087,72,6.0,TP_HIT,4.899999999998133,2.0016806722689076,PARTIAL_PLUS_TP,4.9411764705882355,0.24285714285714288,False
LONG_6_002,6.0,LONG,2024-01-15T10:14:00.000000000Z,10.200000000000209,4.899999999998794,73,6.0,TP_HIT,4.200000000000209,2.0016806722689076,PARTIAL_PLUS_TP,4.9411764705882355,0.24285714285714288,False
LONG_6_002,6.0,LONG,2024-01-15T10:15:00.000000000Z,11.699999999998933,3.4000000000000696,70,6.0,TP_HIT,5.6999999999989335,2.0016806722689076,PARTIAL_PLUS_TP,4.9411764705882355,0.24285714285714288,False
LONG_6_002,6.0,LONG,2024-01-15T10:16:00.000000000Z,11.900000000000244,3.1999999999987594,67,6.0,TP_HIT,5.900000000000244,2.0016806722689076,PARTIAL_PLUS_TP,4.9411764705882355,0.24285714285714288,False
LONG_6_002,6.0,LONG,2024-01-15T10:17:00.000000000Z,13.099999999999223,1.9999999999997797,47,6.0,TP_HIT,7.099999999999223,2.0016806722689076,PARTIAL_PLUS_TP,4.9411764705882355,0.24285714285714288,False
LONG_6_002,6.0,LONG,2024-01-15T10:18:00.000000000Z,14.799999999999258,0.2999999999997449,38,6.0,TP_HIT,8.799999999999258,2.1,PARTIAL_PLUS_TP,4.9411764705882355,0.24285714285714288,False
LONG_6_002,6.0,LONG,2024-01-15T10:19:00.000000000Z,13.900000000000023,1.1999999999989797,37,6.0,TP_HIT,7.9000000000000234,2.0016806722689076,PARTIAL_PLUS_TP,4.9411764705882355,0.24285714285714288,False
LONG_6_002,6.0,LONG,2024-01-15T10:20:00.000000000Z,14.699999999998603,0.40000000000040004,36,6.0,TP_HIT,8.699999999998603,2.0016806722689076,PARTIAL_PLUS_TP,4.9411764705882355,0.24285714285714288,False
LONG_6_002,6.0,LONG,2024-01-15T10:21:00.000000000Z,14.299999999998203,0.8000000000008001,35,6.0,TP_HIT,8.299999999998203,2.0016806722689076,PARTIAL_PLUS_TP,4.9411764705882355,0.24285714285714288,False
LONG_6_002,6.0,LONG,2024-01-15T10:22:00.000000000Z,15.099999999999003,0.0,34,6.0,TP_HIT,9.099999999999003,2.0016806722689076,PARTIAL_PLUS_TP,4.9411764705882355,0.24285714285714288,False
LONG_6_002,6.0,LONG,2024-01-15T10:23:00.000000000Z,14.699999999998603,0.0,33,6.0,TP_HIT,8.699999999998603,2.0016806722689076,PARTIAL_PLUS_TP,4.9411764705882355,0.24285714285714288,False
LONG_6_002,6.0,LONG,2024-01-15T10:24:00.000000000Z,14.199999999999768,0.0,32,6.0,TP_HIT,8.199999999999768,2.0016806722689076,PARTIAL_PLUS_TP,4.9411764705882355,0.24285714285714288,False
LONG_6_002,6.0,LONG,2024-01-15T10:25:00.000000000Z,14.100000000001334,0.4999999999988347,36,6.0,TP_HIT,8.100000000001334,2.0016806722689076,PARTIAL_PLUS_TP,4.9411764705882355,0.24285714285714288,False
LONG_6_002,6.0,LONG,2024-01-15T10:26:00.000000000Z,14.600000000000168,0.0,34,6.0,TP_HIT,8.600000000000168,2.0016806722689076,PARTIAL_PLUS_TP,4.9411764705882355,0.24285714285714288,False
LONG_6_002,6.0,LONG,2024-01-15T10:27:00.000000000Z,14.500000000001734,0.0,33,6.0,TP_HIT,8.500000000001734,2.0016806722689076,PARTIAL_PLUS_TP,4.9411764705882355,0.24285714285714288,False
LONG_6_002,6.0,LONG,2024-01-15T10:28:00.000000000Z,13.600000000000279,0.9000000000014552,45,6.0,TP_HIT,7.6000000000002785,2.0016806722689076,PARTIAL_PLUS_TP,4.9411764705882355,0.24285714285714288,False
LONG_6_002,6.0,LONG,2024-01-15T10:29:00.000000000Z,15.799999999999148,0.20000000000131024,32,6.0,TP_HIT,9.799999999999148,2.0016806722689076,PARTIAL_PLUS_TP,4.9411764705882355,0.24285714285714288,False
LONG_6_002,6.0,LONG,2024-01-15T10:30:00.000000000Z,13.199999999999878,3.1000000000003247,55,6.0,TP_HIT,7.1999999999998785,2.0016806722689076,PARTIAL_PLUS_TP,4.9411764705882355,0.24285714285714288,False
LONG_6_002,6.0,LONG,2024-01-15T10:31:00.000000000Z,14.799999999999258,1.900000000001345,54,6.0,TP_HIT,8.799999999999258,2.0016806722689076,PARTIAL_PLUS_TP,4.9411764705882355,0.24285714285714288,False
LONG_6_002,6.0,LONG,2024-01-15T10:32:00.000000000Z,15.499999999999403,1.900000000001345,53,6.0,TP_HIT,9.499999999999403,2.0016806722689076,PARTIAL_PLUS_TP,4.9411764705882355,0.24285714285714288,False
LONG_6_002,6.0,LONG,2024-01-15T10:33:00.000000000Z,16.40000000000086,2.500000000000835,52,6.0,TP_HIT,10.400000000000858,2.0016806722689076,PARTIAL_PLUS_TP,4.9411764705882355,0.24285714285714288,False
LONG_6_002,6.0,LONG,2024-01-15T10:34:00.000000000Z,18.599999999999728,0.9000000000014552,39,6.0,TP_HIT,12.599999999999728,2.0016806722689076,PARTIAL_PLUS_TP,4.9411764705882355,0.24285714285714288,False
LONG_6_002,6.0,LONG,2024-01-15T10:35:00.000000000Z,19.400000000000528,0.10000000000065512,26,6.0,TP_HIT,13.400000000000528,2.0016806722689076,PARTIAL_PLUS_TP,4.9411764705882355,0.24285714285714288,False
LONG_6_002,6.0,LONG,2024-01-15T10:36:00.000000000Z,19.400000000000528,0.10000000000065512,25,6.0,TP_HIT,13.400000000000528,2.0016806722689076,PARTIAL_PLUS_TP,4.9411764705882355,0.24285714285714288,False
LONG_6_002,6.0,LONG,2024-01-15T10:37:00.000000000Z,19.799999999998708,0.9000000000014552,36,6.0,TP_HIT,13.799999999998708,2.0016806722689076,PARTIAL_PLUS_TP,4.9411764705882355,0.24285714285714288,False
LONG_6_002,6.0,LONG,2024-01-15T10:38:00.000000000Z,20.400000000000418,0.9000000000014552,35,6.0,TP_HIT,14.400000000000418,2.0016806722689076,PARTIAL_PLUS_TP,4.9411764705882355,0.24285714285714288,False
LONG_6_002,6.0,LONG,2024-01-15T10:39:00.000000000Z,19.400000000000528,1.900000000001345,46,6.0,TP_HIT,13.400000000000528,2.0016806722689076,PARTIAL_PLUS_TP,4.9411764705882355,0.24285714285714288,False
LONG_6_002,6.0,LONG,2024-01-15T10:40:00.000000000Z,19.900000000001583,1.40000000000029,38,6.0,TP_HIT,13.900000000001583,2.0016806722689076,PARTIAL_PLUS_TP,4.9411764705882355,0.24285714285714288,False
LONG_6_002,6.0,LONG,2024-01-15T10:41:00.000000000Z,20.000000000000018,1.3000000000018552,37,6.0,TP_HIT,14.000000000000018,2.0016806722689076,PARTIAL_PLUS_TP,4.9411764705882355,0.24285714285714288,False
LONG_6_002,6.0,LONG,2024-01-15T10:42:00.000000000Z,19.600000000001838,1.7000000000000348,41,6.0,TP_HIT,13.600000000001838,2.0016806722689076,PARTIAL_PLUS_TP,4.9411764705882355,0.24285714285714288,False
LONG_6_002,6.0,LONG,2024-01-15T10:43:00.000000000Z,20.800000000000818,0.5000000000010552,21,6.0,TP_HIT,14.800000000000818,2.0016806722689076,PARTIAL_PLUS_TP,4.9411764705882355,0.24285714285714288,False
LONG_6_002,6.0,LONG,2024-01-15T10:44:00.000000000Z,20.299999999999763,1.0000000000021103,29,6.0,TP_HIT,14.299999999999763,2.0016806722689076,PARTIAL_PLUS_TP,4.9411764705882355,0.24285714285714288,False
LONG_6_002,6.0,LONG,2024-01-15T10:45:00.000000000Z,20.299999999999763,1.0000000000021103,28,6.0,TP_HIT,14.299999999999763,2.0016806722689076,PARTIAL_PLUS_TP,4.9411764705882355,0.24285714285714288,False
LONG_6_002,6.0,LONG,2024-01-15T10:46:00.000000000Z,21.300000000001873,0.0,14,6.0,TP_HIT,15.300000000001873,2.0016806722689076,PARTIAL_PLUS_TP,4.9411764705882355,0.24285714285714288,False
LONG_6_002,6.0,LONG,2024-01-15T10:47:00.000000000Z,21.300000000001873,0.0,13,6.0,TP_HIT,15.300000000001873,2.0016806722689076,PARTIAL_PLUS_TP,4.9411764705882355,0.24285714285714288,False
LONG_6_002,6.0,LONG,2024-01-15T10:48:00.000000000Z,20.999999999999908,0.0,13,6.0,TP_HIT,14.999999999999908,2.0016806722689076,PARTIAL_PLUS_TP,4.9411764705882355,0.24285714285714288,False
LONG_6_002,6.0,LONG,2024-01-15T10:49:00.000000000Z,20.299999999999763,0.0,24,6.0,TP_HIT,14.299999999999763,2.0016806722689076,PARTIAL_PLUS_TP,4.9411764705882355,0.24285714285714288,False
LONG_6_002,6.0,LONG,2024-01-15T10:50:00.000000000Z,19.400000000000528,0.0,35,6.0,TP_HIT,13.400000000000528,2.0016806722689076,PARTIAL_PLUS_TP,4.9411764705882355,0.24285714285714288,False
LONG_6_002,6.0,LONG,2024-01-15T10:51:00.000000000Z,17.300000000000093,0.9000000000014552,38,6.0,TP_HIT,11.300000000000093,2.0016806722689076,PARTIAL_PLUS_TP,4.9411764705882355,0.24285714285714288,False
LONG_6_002,6.0,LONG,2024-01-15T10:52:00.000000000Z,18.20000000000155,0.0,33,6.0,TP_HIT,12.200000000001548,2.0016806722689076,PARTIAL_PLUS_TP,4.9411764705882355,0.24285714285714288,False
LONG_6_002,6.0,LONG,2024-01-15T10:53:00.000000000Z,18.000000000000238,0.0,34,6.0,TP_HIT,12.000000000000238,2.0016806722689076,PARTIAL_PLUS_TP,4.9411764705882355,0.24285714285714288,False
LONG_6_002,6.0,LONG,2024-01-15T10:54:00.000000000Z,17.900000000001803,0.0,33,6.0,TP_HIT,11.900000000001803,2.0016806722689076,PARTIAL_PLUS_TP,4.9411764705882355,0.24285714285714288,False
LONG_6_002,6.0,LONG,2024-01-15T10:55:00.000000000Z,16.899999999999693,0.0,34,6.0,TP_HIT,10.899999999999693,2.0016806722689076,PARTIAL_PLUS_TP,4.9411764705882355,0.24285714285714288,False
LONG_6_002,6.0,LONG,2024-01-15T10:56:00.000000000Z,15.500000000001624,0.8999999999992347,42,6.0,TP_HIT,9.500000000001624,2.0016806722689076,PARTIAL_PLUS_TP,4.9411764705882355,0.24285714285714288,False
LONG_6_002,6.0,LONG,2024-01-15T10:57:00.000000000Z,15.400000000000968,0.9999999999998899,41,6.0,TP_HIT,9.400000000000968,2.0016806722689076,PARTIAL_PLUS_TP,4.9411764705882355,0.24285714285714288,False
LONG_6_002,6.0,LONG,2024-01-15T10:58:00.000000000Z,15.400000000000968,0.9999999999998899,40,6.0,TP_HIT,9.400000000000968,2.0016806722689076,PARTIAL_PLUS_TP,4.9411764705882355,0.24285714285714288,False
LONG_6_002,6.0,LONG,2024-01-15T10:59:00.000000000Z,16.40000000000086,0.0,30,6.0,TP_HIT,10.400000000000858,2.0016806722689076,PARTIAL_PLUS_TP,4.9411764705882355,0.24285714285714288,False
LONG_6_002,6.0,LONG,2024-01-15T11:00:00.000000000Z,15.200000000001879,0.3999999999981796,38,6.0,TP_HIT,9.200000000001879,2.0016806722689076,PARTIAL_PLUS_TP,4.9411764705882355,0.24285714285714288,False
LONG_6_002,6.0,LONG,2024-01-15T11:01:00.000000000Z,16.40000000000086,0.7999999999985796,37,6.0,TP_HIT,10.400000000000858,2.0016806722689076,PARTIAL_PLUS_TP,4.9411764705882355,0.24285714285714288,False
LONG_6_002,6.0,LONG,2024-01-15T11:02:00.000000000Z,16.899999999999693,0.2999999999997449,36,6.0,TP_HIT,10.899999999999693,2.0016806722689076,PARTIAL_PLUS_TP,4.9411764705882355,0.24285714285714288,False
LONG_6_002,6.0,LONG,2024-01-15T11:03:00.000000000Z,16.40000000000086,0.7999999999985796,35,6.0,TP_HIT,10.400000000000858,2.0016806722689076,PARTIAL_PLUS_TP,4.9411764705882355,0.24285714285714288,False
LONG_6_002,6.0,LONG,2024-01-15T11:04:00.000000000Z,16.199999999999548,0.9999999999998899,34,6.0,TP_HIT,10.199999999999548,2.0016806722689076,PARTIAL_PLUS_TP,4.9411764705882355,0.24285714285714288,False
LONG_6_002,6.0,LONG,2024-01-15T11:05:00.000000000Z,17.000000000000348,0.1999999999990898,33,6.0,TP_HIT,11.000000000000348,2.0016806722689076,PARTIAL_PLUS_TP,4.9411764705882355,0.24285714285714288,False
LONG_6_002,6.0,LONG,2024-01-15T11:06:00.000000000Z,17.199999999999438,0.0,32,6.0,TP_HIT,11.199999999999438,2.0016806722689076,PARTIAL_PLUS_TP,4.9411764705882355,0.24285714285714288,False
LONG_6_002,6.0,LONG,2024-01-15T11:07:00.000000000Z,17.199999999999438,0.0,31,6.0,TP_HIT,11.199999999999438,2.0016806722689076,PARTIAL_PLUS_TP,4.9411764705882355,0.24285714285714288,False
LONG_6_002,6.0,LONG,2024-01-15T11:08:00.000000000Z,16.199999999999548,0.9999999999998899,30,6.0,TP_HIT,10.199999999999548,2.0016806722689076,PARTIAL_PLUS_TP,4.9411764705882355,0.24285714285714288,False
LONG_6_002,6.0,LONG,2024-01-15T11:09:00.000000000Z,16.599999999999948,0.5999999999994898,29,6.0,TP_HIT,10.599999999999948,2.0016806722689076,PARTIAL_PLUS_TP,4.9411764705882355,0.24285714285714288,False
LONG_6_002,6.0,LONG,2024-01-15T11:10:00.000000000Z,16.499999999999293,0.700000000000145,28,6.0,TP_HIT,10.499999999999293,2.0016806722689076,PARTIAL_PLUS_TP,4.9411764705882355,0.24285714285714288,False
LONG_6_002,6.0,LONG,2024-01-15T11:11:00.000000000Z,17.199999999999438,0.0,27,6.0,TP_HIT,11.199999999999438,2.0016806722689076,PARTIAL_PLUS_TP,4.9411764705882355,0.24285714285714288,False
LONG_6_002,6.0,LONG,2024-01-15T11:12:00.000000000Z,16.599999999999948,0.2999999999997449,26,6.0,TP_HIT,10.599999999999948,2.0016806722689076,PARTIAL_PLUS_TP,4.9411764705882355,0.24285714285714288,False
LONG_6_002,6.0,LONG,2024-01-15T11:13:00.000000000Z,15.799999999999148,1.100000000000545,27,6.0,TP_HIT,9.799999999999148,2.0016806722689076,PARTIAL_PLUS_TP,4.9411764705882355,0.24285714285714288,False
LONG_6_002,6.0,LONG,2024-01-15T11:14:00.000000000Z,15.600000000000058,1.2999999999996348,26,6.0,TP_HIT,9.600000000000058,2.0016806722689076,PARTIAL_PLUS_TP,4.9411764705882355,0.24285714285714288,False
LONG_6_002,6.0,LONG,2024-01-15T11:15:00.000000000Z,16.100000000001113,0.7999999999985796,23,6.0,TP_HIT,10.100000000001113,2.0016806722689076,PARTIAL_PLUS_TP,4.9411764705882355,0.24285714285714288,False
LONG_6_002,6.0,LONG,2024-01-15T11:16:00.000000000Z,15.600000000000058,1.2999999999996348,24,6.0,TP_HIT,9.600000000000058,2.0016806722689076,PARTIAL_PLUS_TP,4.9411764705882355,0.24285714285714288,False
LONG_6_002,6.0,LONG,2024-01-15T11:17:00.000000000Z,15.600000000000058,1.2999999999996348,23,6.0,TP_HIT,9.600000000000058,2.0016806722689076,PARTIAL_PLUS_TP,4.9411764705882355,0.24285714285714288,False
LONG_6_002,6.0,LONG,2024-01-15T11:18:00.000000000Z,15.400000000000968,1.4999999999987246,22,6.0,TP_HIT,9.400000000000968,2.0016806722689076,PARTIAL_PLUS_TP,4.9411764705882355,0.24285714285714288,False
LONG_6_002,6.0,LONG,2024-01-15T11:19:00.000000000Z,16.899999999999693,0.0,19,6.0,TP_HIT,10.899999999999693,2.0016806722689076,PARTIAL_PLUS_TP,4.9411764705882355,0.24285714285714288,False
LONG_6_002,6.0,LONG,2024-01-15T11:20:00.000000000Z,16.499999999999293,0.30000000000196536,18,6.0,TP_HIT,10.499999999999293,2.0016806722689076,PARTIAL_PLUS_TP,4.9411764705882355,0.24285714285714288,False
LONG_6_002,6.0,LONG,2024-01-15T11:21:00.000000000Z,16.199999999999548,0.6000000000017103,17,6.0,TP_HIT,10.199999999999548,2.0016806722689076,PARTIAL_PLUS_TP,4.9411764705882355,0.24285714285714288,False
LONG_6_002,6.0,LONG,2024-01-15T11:22:00.000000000Z,16.80000000000126,0.0,16,6.0,TP_HIT,10.800000000001258,2.0016806722689076,PARTIAL_PLUS_TP,4.9411764705882355,0.24285714285714288,False
LONG_6_002,6.0,LONG,2024-01-15T11:23:00.000000000Z,15.000000000000568,1.1999999999989797,42,6.0,TP_HIT,9.000000000000568,2.0016806722689076,PARTIAL_PLUS_TP,4.9411764705882355,0.24285714285714288,False
LONG_6_002,6.0,LONG,2024-01-15T11:24:00.000000000Z,15.199999999999658,0.9999999999998899,41,6.0,TP_HIT,9.199999999999658,2.0016806722689076,PARTIAL_PLUS_TP,4.9411764705882355,0.24285714285714288,False
LONG_6_002,6.0,LONG,2024-01-15T11:25:00.000000000Z,13.799999999999368,2.4000000000001798,44,6.0,TP_HIT,7.799999999999368,2.0016806722689076,PARTIAL_PLUS_TP,4.9411764705882355,0.24285714285714288,False
LONG_6_002,6.0,LONG,2024-01-15T11:26:00.000000000Z,13.600000000000279,2.5999999999992696,43,6.0,TP_HIT,7.6000000000002785,2.0016806722689076,PARTIAL_PLUS_TP,4.9411764705882355,0.24285714285714288,False
LONG_6_002,6.0,LONG,2024-01-15T11:27:00.000000000Z,13.300000000000534,2.8999999999990145,42,6.0,TP_HIT,7.300000000000534,2.0016806722689076,PARTIAL_PLUS_TP,4.9411764705882355,0.24285714285714288,False
LONG_6_002,6.0,LONG,2024-01-15T11:28:00.000000000Z,13.499999999999623,2.6999999999999247,41,6.0,TP_HIT,7.499999999999623,2.0016806722689076,PARTIAL_PLUS_TP,4.9411764705882355,0.24285714285714288,False
LONG_6_002,6.0,LONG,2024-01-15T11:29:00.000000000Z,11.799999999999589,4.3999999999999595,43,6.0,TP_HIT,5.799999999999589,2.0016806722689076,PARTIAL_PLUS_TP,4.9411764705882355,0.24285714285714288,False
LONG_6_002,6.0,LONG,2024-01-15T11:30:00.000000000Z,12.399999999999078,3.8000000000004697,41,6.0,TP_HIT,6.399999999999078,2.0016806722689076,PARTIAL_PLUS_TP,4.9411764705882355,0.24285714285714288,False
LONG_6_002,6.0,LONG,2024-01-15T11:31:00.000000000Z,11.600000000000499,4.599999999999049,41,6.0,TP_HIT,5.600000000000499,2.0016806722689076,PARTIAL_PLUS_TP,4.9411764705882355,0.24285714285714288,False
LONG_6_002,6.0,LONG,2024-01-15T11:32:00.000000000Z,11.399999999999189,4.8000000000003595,41,6.0,TP_HIT,5.399999999999189,2.0016806722689076,PARTIAL_PLUS_TP,4.9411764705882355,0.24285714285714288,False
LONG_6_002,6.0,LONG,2024-01-15T11:33:00.000000000Z,12.399999999999078,3.8000000000004697,38,6.0,TP_HIT,6.399999999999078,2.0016806722689076,PARTIAL_PLUS_TP,4.9411764705882355,0.24285714285714288,False
LONG_6_002,6.0,LONG,2024-01-15T11:34:00.000000000Z,14.099999999999113,2.100000000000435,35,6.0,TP_HIT,8.099999999999113,2.0016806722689076,PARTIAL_PLUS_TP,4.9411764705882355,0.24285714285714288,False
LONG_6_002,6.0,LONG,2024-01-15T11:35:00.000000000Z,14.000000000000679,2.1999999999988695,34,6.0,TP_HIT,8.000000000000679,2.0016806722689076,PARTIAL_PLUS_TP,4.9411764705882355,0.24285714285714288,False
LONG_6_002,6.0,LONG,2024-01-15T11:36:00.000000000Z,12.000000000000899,4.199999999998649,36,6.0,TP_HIT,6.000000000000899,2.0016806722689076,PARTIAL_PLUS_TP,4.9411764705882355,0.24285714285714288,False
LONG_6_002,6.0,LONG,2024-01-15T11:37:00.000000000Z,11.399999999999189,4.8000000000003595,36,6.0,TP_HIT,5.399999999999189,2.0016806722689076,PARTIAL_PLUS_TP,4.9411764705882355,0.24285714285714288,False
LONG_6_002,6.0,LONG,2024-01-15T11:38:00.000000000Z,10.099999999999554,6.099999999999994,35,-6.0,SL_HIT,4.099999999999554,-6.0,SL_HIT,4.9411764705882355,0.24285714285714288,True
LONG_6_002,6.0,LONG,2024-01-15T11:39:00.000000000Z,10.200000000000209,5.999999999999339,34,6.0,TP_HIT,4.200000000000209,2.0016806722689076,PARTIAL_PLUS_TP,4.9411764705882355,0.24285714285714288,False
LONG_6_002,6.0,LONG,2024-01-15T11:40:00.000000000Z,9.300000000000974,6.899999999998574,37,-6.0,SL_HIT,3.300000000000974,-6.0,SL_HIT,4.9411764705882355,0.24285714285714288,True
LONG_6_002,6.0,LONG,2024-01-15T11:41:00.000000000Z,12.199999999999989,3.9999999999995595,31,6.0,TP_HIT,6.199999999999989,2.0016806722689076,PARTIAL_PLUS_TP,4.9411764705882355,0.24285714285714288,False
LONG_6_002,6.0,LONG,2024-01-15T11:42:00.000000000Z,12.099999999999334,4.100000000000215,30,6.0,TP_HIT,6.0999999999993335,2.0016806722689076,PARTIAL_PLUS_TP,4.9411764705882355,0.24285714285714288,False
LONG_6_002,6.0,LONG,2024-01-15T11:43:00.000000000Z,11.600000000000499,4.599999999999049,29,6.0,TP_HIT,5.600000000000499,2.0016806722689076,PARTIAL_PLUS_TP,4.9411764705882355,0.24285714285714288,False
LONG_6_002,6.0,LONG,2024-01-15T11:44:00.000000000Z,11.799999999999589,4.3999999999999595,28,6.0,TP_HIT,5.799999999999589,2.0016806722689076,PARTIAL_PLUS_TP,4.9411764705882355,0.24285714285714288,False
LONG_6_002,6.0,LONG,2024-01-15T11:45:00.000000000Z,13.799999999999368,2.4000000000001798,24,6.0,TP_HIT,7.799999999999368,2.0016806722689076,PARTIAL_PLUS_TP,4.9411764705882355,0.24285714285714288,False
LONG_6_002,6.0,LONG,2024-01-15T11:46:00.000000000Z,14.799999999999258,1.40000000000029,19,6.0,TP_HIT,8.799999999999258,2.0016806722689076,PARTIAL_PLUS_TP,4.9411764705882355,0.24285714285714288,False
LONG_6_002,6.0,LONG,2024-01-15T11:47:00.000000000Z,12.199999999999989,3.9999999999995595,25,6.0,TP_HIT,6.199999999999989,2.0016806722689076,PARTIAL_PLUS_TP,4.9411764705882355,0.24285714285714288,False
LONG_6_002,6.0,LONG,2024-01-15T11:48:00.000000000Z,12.099999999999334,4.100000000000215,24,6.0,TP_HIT,6.0999999999993335,2.0016806722689076,PARTIAL_PLUS_TP,4.9411764705882355,0.24285714285714288,False
LONG_6_002,6.0,LONG,2024-01-15T11:49:00.000000000Z,13.600000000000279,2.5999999999992696,20,6.0,TP_HIT,7.6000000000002785,2.0016806722689076,PARTIAL_PLUS_TP,4.9411764705882355,0.24285714285714288,False
LONG_6_002,6.0,LONG,2024-01-15T11:50:00.000000000Z,13.600000000000279,2.5999999999992696,19,6.0,TP_HIT,7.6000000000002785,2.0016806722689076,PARTIAL_PLUS_TP,4.9411764705882355,0.24285714285714288,False
LONG_6_002,6.0,LONG,2024-01-15T11:51:00.000000000Z,13.700000000000934,2.4999999999986144,18,6.0,TP_HIT,7.700000000000934,2.0016806722689076,PARTIAL_PLUS_TP,4.9411764705882355,0.24285714285714288,False
LONG_6_002,6.0,LONG,2024-01-15T11:52:00.000000000Z,16.199999999999548,0.0,12,6.0,TP_HIT,10.199999999999548,2.0016806722689076,PARTIAL_PLUS_TP,4.9411764705882355,0.24285714285714288,False
LONG_6_002,6.0,LONG,2024-01-15T11:53:00.000000000Z,15.600000000000058,0.0,12,6.0,TP_HIT,9.600000000000058,2.0016806722689076,PARTIAL_PLUS_TP,4.9411764705882355,0.24285714285714288,False
LONG_6_002,6.0,LONG,2024-01-15T11:54:00.000000000Z,15.400000000000968,0.0,11,6.0,TP_HIT,9.400000000000968,2.0016806722689076,PARTIAL_PLUS_TP,4.9411764705882355,0.24285714285714288,False
LONG_6_002,6.0,LONG,2024-01-15T11:55:00.000000000Z,15.100000000001224,0.0,10,6.0,TP_HIT,9.100000000001224,2.0016806722689076,PARTIAL_PLUS_TP,4.9411764705882355,0.24285714285714288,False
LONG_6_002,6.0,LONG,2024-01-15T11:56:00.000000000Z,13.600000000000279,0.0,13,6.0,TP_HIT,7.6000000000002785,2.0016806722689076,PARTIAL_PLUS_TP,4.9411764705882355,0.24285714285714288,False
LONG_6_002,6.0,LONG,2024-01-15T11:57:00.000000000Z,11.900000000000244,1.500000000000945,15,6.0,TP_HIT,5.900000000000244,2.0016806722689076,PARTIAL_PLUS_TP,4.9411764705882355,0.24285714285714288,False
LONG_6_002,6.0,LONG,2024-01-15T11:58:00.000000000Z,11.399999999999189,2.000000000002,15,6.0,TP_HIT,5.399999999999189,2.0016806722689076,PARTIAL_PLUS_TP,4.9411764705882355,0.24285714285714288,False
LONG_6_002,6.0,LONG,2024-01-15T11:59:00.000000000Z,12.799999999999478,0.6000000000017103,11,6.0,TP_HIT,6.7999999999994785,2.0016806722689076,PARTIAL_PLUS_TP,4.9411764705882355,0.24285714285714288,False
LONG_6_002,6.0,LONG,2024-01-15T12:00:00.000000000Z,13.099999999999223,0.30000000000196536,9,6.0,TP_HIT,7.099999999999223,2.0016806722689076,PARTIAL_PLUS_TP,4.9411764705882355,0.24285714285714288,False
LONG_6_002,6.0,LONG,2024-01-15T12:01:00.000000000Z,13.400000000001189,0.0,8,6.0,TP_HIT,7.400000000001189,2.0016806722689076,PARTIAL_PLUS_TP,4.9411764705882355,0.24285714285714288,False
LONG_6_002,6.0,LONG,2024-01-15T12:02:00.000000000Z,13.199999999999878,0.20000000000131024,7,6.0,TP_HIT,7.1999999999998785,2.0016806722689076,PARTIAL_PLUS_TP,4.9411764705882355,0.24285714285714288,False
LONG_6_002,6.0,LONG,2024-01-15T12:03:00.000000000Z,13.400000000001189,0.0,6,6.0,TP_HIT,7.400000000001189,2.0016806722689076,PARTIAL_PLUS_TP,4.9411764705882355,0.24285714285714288,False
LONG_6_002,6.0,LONG,2024-01-15T12:04:00.000000000Z,9.900000000000464,3.5000000000007248,10,6.0,TP_HIT,3.900000000000464,2.0016806722689076,PARTIAL_PLUS_TP,4.9411764705882355,0.24285714285714288,False
LONG_6_002,6.0,LONG,2024-01-15T12:05:00.000000000Z,8.399999999999519,5.00000000000167,12,6.0,TP_HIT,2.399999999999519,2.0016806722689076,PARTIAL_PLUS_TP,4.9411764705882355,0.24285714285714288,False
LONG_6_002,6.0,LONG,2024-01-15T12:06:00.000000000Z,8.699999999999264,4.700000000001925,11,6.0,TP_HIT,2.699999999999264,2.0016806722689076,PARTIAL_PLUS_TP,4.9411764705882355,0.24285714285714288,False
LONG_6_002,6.0,LONG,2024-01-15T12:07:00.000000000Z,9.200000000000319,4.20000000000087,10,6.0,TP_HIT,3.200000000000319,2.0016806722689076,PARTIAL_PLUS_TP,4.9411764705882355,0.24285714285714288,False
LONG_6_002,6.0,LONG,2024-01-15T12:08:00.000000000Z,8.799999999999919,4.60000000000127,9,6.0,TP_HIT,2.799999999999919,2.0016806722689076,PARTIAL_PLUS_TP,4.9411764705882355,0.24285714285714288,False
LONG_6_002,6.0,LONG,2024-01-15T12:09:00.000000000Z,6.900000000000794,6.500000000000394,32,6.0,TP_HIT,0.9000000000007944,-3.3428571428571425,PARTIAL_THEN_SL,4.9411764705882355,0.24285714285714288,False
LONG_6_002,6.0,LONG,2024-01-15T12:10:00.000000000Z,6.6000000000010495,6.800000000000139,31,6.0,TP_HIT,0.6000000000010495,-3.3428571428571425,PARTIAL_THEN_SL,4.9411764705882355,0.24285714285714288,False
LONG_6_002,6.0,LONG,2024-01-15T12:11:00.000000000Z,6.200000000000649,7.200000000000539,30,6.0,TP_HIT,0.20000000000064944,-3.3428571428571425,PARTIAL_THEN_SL,4.9411764705882355,0.24285714285714288,False
LONG_6_002,6.0,LONG,2024-01-15T12:12:00.000000000Z,5.5000000000005045,7.900000000000684,101,-6.0,SL_HIT,0.0,-3.3428571428571425,PARTIAL_THEN_SL,4.9411764705882355,0.24285714285714288,True
LONG_6_002,6.0,LONG,2024-01-15T12:13:00.000000000Z,3.9999999999995595,9.40000000000163,101,-6.0,SL_HIT,0.0,-6.0,SL_HIT,4.9411764705882355,0.24285714285714288,True
LONG_6_002,6.0,LONG,2024-01-15T12:14:00.000000000Z,3.4000000000000696,10.000000000001119,101,-6.0,SL_HIT,0.0,-6.0,SL_HIT,4.9411764705882355,0.24285714285714288,True
LONG_6_002,6.0,LONG,2024-01-15T12:15:00.000000000Z,3.4000000000000696,10.000000000001119,101,-6.0,SL_HIT,0.0,-6.0,SL_HIT,4.9411764705882355,0.24285714285714288,True
LONG_6_002,6.0,LONG,2024-01-15T12:16:00.000000000Z,3.5000000000007248,9.900000000000464,101,-6.0,SL_HIT,0.0,-6.0,SL_HIT,4.9411764705882355,0.24285714285714288,True
LONG_6_002,6.0,LONG,2024-01-15T12:17:00.000000000Z,2.20000000000109,11.200000000000099,101,-6.0,SL_HIT,0.0,-6.0,SL_HIT,4.9411764705882355,0.24285714285714288,True
LONG_6_002,6.0,LONG,2024-01-15T12:18:00.000000000Z,1.5999999999993797,11.800000000001809,101,-6.0,SL_HIT,0.0,-6.0,SL_HIT,4.9411764705882355,0.24285714285714288,True
LONG_6_002,6.0,LONG,2024-01-15T12:19:00.000000000Z,3.900000000001125,9.500000000000064,101,-6.0,SL_HIT,0.0,-6.0,SL_HIT,4.9411764705882355,0.24285714285714288,True
LONG_6_002,6.0,LONG,2024-01-15T12:20:00.000000000Z,3.8000000000004697,9.600000000000719,101,-6.0,SL_HIT,0.0,-6.0,SL_HIT,4.9411764705882355,0.24285714285714288,True
LONG_6_002,6.0,LONG,2024-01-15T12:21:00.000000000Z,3.20000000000098,10.200000000000209,101,-6.0,SL_HIT,0.0,-6.0,SL_HIT,4.9411764705882355,0.24285714285714288,True
LONG_6_002,6.0,LONG,2024-01-15T12:22:00.000000000Z,4.20000000000087,9.200000000000319,101,-6.0,SL_HIT,0.0,-6.0,SL_HIT,4.9411764705882355,0.24285714285714288,True
LONG_6_002,6.0,LONG,2024-01-15T12:23:00.000000000Z,5.800000000000249,7.600000000000939,101,-6.0,SL_HIT,0.0,-3.3428571428571425,PARTIAL_THEN_SL,4.9411764705882355,0.24285714285714288,True
LONG_6_002,6.0,LONG,2024-01-15T12:24:00.000000000Z,6.200000000000649,7.200000000000539,17,6.0,TP_HIT,0.20000000000064944,-3.3428571428571425,PARTIAL_THEN_SL,4.9411764705882355,0.24285714285714288,False
LONG_6_002,6.0,LONG,2024-01-15T12:25:00.000000000Z,6.6000000000010495,7.999999999999119,16,6.0,TP_HIT,0.6000000000010495,-3.3428571428571425,PARTIAL_THEN_SL,4.9411764705882355,0.24285714285714288,False
LONG_6_002,6.0,LONG,2024-01-15T12:26:00.000000000Z,4.699999999999704,12.100000000001554,101,-6.0,SL_HIT,0.0,-6.0,SL_HIT,4.9411764705882355,0.24285714285714288,True
LONG_6_002,6.0,LONG,2024-01-15T12:27:00.000000000Z,6.800000000000139,10.499999999999954,14,6.0,TP_HIT,0.8000000000001393,-3.3428571428571425,PARTIAL_THEN_SL,4.9411764705882355,0.24285714285714288,False
LONG_6_002,6.0,LONG,2024-01-15T12:28:00.000000000Z,7.600000000000939,10.399999999999299,13,6.0,TP_HIT,1.6000000000009393,-3.3428571428571425,PARTIAL_THEN_SL,4.9411764705882355,0.24285714285714288,False
LONG_6_002,6.0,LONG,2024-01-15T12:29:00.000000000Z,7.600000000000939,10.399999999999299,12,6.0,TP_HIT,1.6000000000009393,-3.3428571428571425,PARTIAL_THEN_SL,4.9411764705882355,0.24285714285714288,False
LONG_6_002,6.0,LONG,2024-01-15T12:30:00.000000000Z,8.799999999999919,9.200000000000319,10,6.0,TP_HIT,2.799999999999919,-3.3428571428571425,PARTIAL_THEN_SL,4.9411764705882355,0.24285714285714288,False
LONG_6_002,6.0,LONG,2024-01-15T12:31:00.000000000Z,9.00000000000123,8.999999999999009,9,6.0,TP_HIT,3.0000000000012292,-3.3428571428571425,PARTIAL_THEN_SL,4.9411764705882355,0.24285714285714288,False
LONG_6_002,6.0,LONG,2024-01-15T12:32:00.000000000Z,8.799999999999919,9.200000000000319,8,6.0,TP_HIT,2.799999999999919,-3.3428571428571425,PARTIAL_THEN_SL,4.9411764705882355,0.24285714285714288,False
LONG_6_002,6.0,LONG,2024-01-15T12:33:00.000000000Z,11.200000000000099,6.800000000000139,7,6.0,TP_HIT,5.200000000000099,-3.3428571428571425,PARTIAL_THEN_SL,4.9411764705882355,0.24285714285714288,False
LONG_6_002,6.0,LONG,2024-01-15T12:34:00.000000000Z,6.999999999999229,11.300000000000754,7,6.0,TP_HIT,0.9999999999992291,-3.3428571428571425,PARTIAL_THEN_SL,4.9411764705882355,0.24285714285714288,False
LONG_6_002,6.0,LONG,2024-01-15T12:35:00.000000000Z,7.999999999999119,10.300000000000864,6,6.0,TP_HIT,1.999999999999119,-3.3428571428571425,PARTIAL_THEN_SL,4.9411764705882355,0.24285714285714288,False
LONG_6_002,6.0,LONG,2024-01-15T12:36:00.000000000Z,7.300000000001194,10.999999999998789,5,6.0,TP_HIT,1.3000000000011944,-3.3428571428571425,PARTIAL_THEN_SL,4.9411764705882355,0.24285714285714288,False
LONG_6_002,6.0,LONG,2024-01-15T12:37:00.000000000Z,8.20000000000043,10.099999999999554,4,6.0,TP_HIT,2.200000000000429,-3.3428571428571425,PARTIAL_THEN_SL,4.9411764705882355,0.24285714285714288,False
LONG_6_002,6.0,LONG,2024-01-15T12:38:00.000000000Z,10.200000000000209,8.099999999999774,2,6.0,TP_HIT,4.200000000000209,-3.3428571428571425,PARTIAL_THEN_SL,4.9411764705882355,0.24285714285714288,False
LONG_6_002,6.0,LONG,2024-01-15T12:39:00.000000000Z,6.6000000000010495,12.199999999999989,2,6.0,TP_HIT,0.6000000000010495,-3.3428571428571425,PARTIAL_THEN_SL,4.9411764705882355,0.24285714285714288,False
LONG_6_002,6.0,LONG,2024-01-15T12:40:00.000000000Z,2.5999999999992696,16.20000000000177,101,-6.0,SL_HIT,0.0,-6.0,SL_HIT,4.9411764705882355,0.24285714285714288,True
LONG_6_002,6.0,LONG,2024-01-15T12:41:00.000000000Z,0.0,19.000000000000128,101,-6.0,SL_HIT,0.0,-6.0,SL_HIT,4.9411764705882355,0.24285714285714288,True
LONG_6_003,6.0,LONG,2024-01-15T13:09:00.000000000Z,7.7000000000015945,5.599999999998939,22,6.0,TP_HIT,1.7000000000015945,2.1,PARTIAL_PLUS_TP,4.9411764705882355,0.24285714285714288,False
LONG_6_003,6.0,LONG,2024-01-15T13:10:00.000000000Z,5.9000000000009045,7.399999999999629,101,-6.0,SL_HIT,0.0,-3.3428571428571425,PARTIAL_THEN_SL,4.9411764705882355,0.24285714285714288,True
LONG_6_003,6.0,LONG,2024-01-15T13:11:00.000000000Z,4.500000000000615,8.799999999999919,101,-6.0,SL_HIT,0.0,-6.0,SL_HIT,4.9411764705882355,0.24285714285714288,True
LONG_6_003,6.0,LONG,2024-01-15T13:12:00.000000000Z,5.699999999999594,7.600000000000939,101,-6.0,SL_HIT,0.0,-3.3428571428571425,PARTIAL_THEN_SL,4.9411764705882355,0.24285714285714288,True
LONG_6_003,6.0,LONG,2024-01-15T13:13:00.000000000Z,6.500000000000394,6.800000000000139,22,6.0,TP_HIT,0.5000000000003944,-3.3428571428571425,PARTIAL_THEN_SL,4.9411764705882355,0.24285714285714288,False
LONG_6_003,6.0,LONG,2024-01-15T13:14:00.000000000Z,6.500000000000394,6.800000000000139,21,6.0,TP_HIT,0.5000000000003944,-3.3428571428571425,PARTIAL_THEN_SL,4.9411764705882355,0.24285714285714288,False
LONG_6_003,6.0,LONG,2024-01-15T13:15:00.000000000Z,7.099999999999884,6.200000000000649,16,6.0,TP_HIT,1.0999999999998842,-3.3428571428571425,PARTIAL_THEN_SL,4.9411764705882355,0.24285714285714288,False
LONG_6_003,6.0,LONG,2024-01-15T13:16:00.000000000Z,4.900000000001015,8.399999999999519,101,-6.0,SL_HIT,0.0,-6.0,SL_HIT,4.9411764705882355,0.24285714285714288,True
LONG_6_003,6.0,LONG,2024-01-15T13:17:00.000000000Z,3.900000000001125,9.399999999999409,101,-6.0,SL_HIT,0.0,-6.0,SL_HIT,4.9411764705882355,0.24285714285714288,True
LONG_6_003,6.0,LONG,2024-01-15T13:18:00.000000000Z,3.9999999999995595,9.300000000000974,101,-6.0,SL_HIT,0.0,-6.0,SL_HIT,4.9411764705882355,0.24285714285714288,True
LONG_6_003,6.0,LONG,2024-01-15T13:19:00.000000000Z,2.100000000000435,11.200000000000099,101,-6.0,SL_HIT,0.0,-6.0,SL_HIT,4.9411764705882355,0.24285714285714288,True
LONG_6_003,6.0,LONG,2024-01-15T13:20:00.000000000Z,2.100000000000435,11.200000000000099,101,-6.0,SL_HIT,0.0,-6.0,SL_HIT,4.9411764705882355,0.24285714285714288,True
LONG_6_003,6.0,LONG,2024-01-15T13:21:00.000000000Z,2.100000000000435,11.200000000000099,101,-6.0,SL_HIT,0.0,-6.0,SL_HIT,4.9411764705882355,0.24285714285714288,True
LONG_6_003,6.0,LONG,2024-01-15T13:22:00.000000000Z,3.6999999999998145,9.600000000000719,101,-6.0,SL_HIT,0.0,-6.0,SL_HIT,4.9411764705882355,0.24285714285714288,True
LONG_6_003,6.0,LONG,2024-01-15T13:23:00.000000000Z,3.6999999999998145,9.600000000000719,101,-6.0,SL_HIT,0.0,-6.0,SL_HIT,4.9411764705882355,0.24285714285714288,True
LONG_6_003,6.0,LONG,2024-01-15T13:24:00.000000000Z,4.100000000000215,9.200000000000319,101,-6.0,SL_HIT,0.0,-6.0,SL_HIT,4.9411764705882355,0.24285714285714288,True
LONG_6_003,6.0,LONG,2024-01-15T13:25:00.000000000Z,2.900000000001235,10.399999999999299,101,-6.0,SL_HIT,0.0,-6.0,SL_HIT,4.9411764705882355,0.24285714285714288,True
LONG_6_003,6.0,LONG,2024-01-15T13:26:00.000000000Z,4.100000000000215,9.200000000000319,101,-6.0,SL_HIT,0.0,-6.0,SL_HIT,4.9411764705882355,0.24285714285714288,True
LONG_6_003,6.0,LONG,2024-01-15T13:27:00.000000000Z,2.9999999999996696,10.300000000000864,101,-6.0,SL_HIT,0.0,-6.0,SL_HIT,4.9411764705882355,0.24285714285714288,True
LONG_6_003,6.0,LONG,2024-01-15T13:28:00.000000000Z,5.1000000000001044,8.20000000000043,101,-6.0,SL_HIT,0.0,-3.3428571428571425,PARTIAL_THEN_SL,4.9411764705882355,0.24285714285714288,True
LONG_6_003,6.0,LONG,2024-01-15T13:29:00.000000000Z,5.1000000000001044,8.20000000000043,101,-6.0,SL_HIT,0.0,-3.3428571428571425,PARTIAL_THEN_SL,4.9411764705882355,0.24285714285714288,True
LONG_6_003,6.0,LONG,2024-01-15T13:30:00.000000000Z,2.500000000000835,10.799999999999699,101,-6.0,SL_HIT,0.0,-6.0,SL_HIT,4.9411764705882355,0.24285714285714288,True
LONG_6_003,6.0,LONG,2024-01-15T13:31:00.000000000Z,0.9999999999998899,12.300000000000644,101,-6.0,SL_HIT,0.0,-6.0,SL_HIT,4.9411764705882355,0.24285714285714288,True
LONG_6_003,6.0,LONG,2024-01-15T13:32:00.000000000Z,0.9000000000014552,12.399999999999078,101,-6.0,SL_HIT,0.0,-6.0,SL_HIT,4.9411764705882355,0.24285714285714288,True
LONG_6_003,6.0,LONG,2024-01-15T13:33:00.000000000Z,1.2999999999996348,12.000000000000899,101,-6.0,SL_HIT,0.0,-6.0,SL_HIT,4.9411764705882355,0.24285714285714288,True
LONG_6_003,6.0,LONG,2024-01-15T13:34:00.000000000Z,0.5999999999994898,12.700000000001044,101,-6.0,SL_HIT,0.0,-6.0,SL_HIT,4.9411764705882355,0.24285714285714288,True
LONG_6_003,6.0,LONG,2024-01-15T13:35:00.000000000Z,0.0,13.300000000000534,101,-6.0,SL_HIT,0.0,-6.0,SL_HIT,4.9411764705882355,0.24285714285714288,True
LONG_6_004,6.0,LONG,2024-01-15T14:08:00.000000000Z,6.399999999999739,1.80000000000069,78,6.0,TP_HIT,0.39999999999973923,2.1,PARTIAL_PLUS_TP,4.9411764705882355,0.24285714285714288,False
LONG_6_004,6.0,LONG,2024-01-15T14:09:00.000000000Z,5.399999999999849,2.80000000000058,101,3.20000000000098,TIMEOUT,0.0,1.2000000000000002,PARTIAL_ONLY,4.9411764705882355,0.24285714285714288,False
LONG_6_004,6.0,LONG,2024-01-15T14:10:00.000000000Z,6.500000000000394,1.9999999999997797,76,6.0,TP_HIT,0.5000000000003944,2.0016806722689076,PARTIAL_PLUS_TP,4.9411764705882355,0.24285714285714288,False
LONG_6_004,6.0,LONG,2024-01-15T14:11:00.000000000Z,6.399999999999739,2.4000000000001798,99,6.0,TP_HIT,0.39999999999973923,2.0016806722689076,PARTIAL_PLUS_TP,4.9411764705882355,0.24285714285714288,False
LONG_6_004,6.0,LONG,2024-01-15T14:12:00.000000000Z,6.599999999998829,2.20000000000109,98,6.0,TP_HIT,0.599999999998829,2.0016806722689076,PARTIAL_PLUS_TP,4.9411764705882355,0.24285714285714288,False
LONG_6_004,6.0,LONG,2024-01-15T14:13:00.000000000Z,7.899999999998464,2.300000000001745,97,6.0,TP_HIT,1.8999999999984638,2.0016806722689076,PARTIAL_PLUS_TP,4.9411764705882355,0.24285714285714288,False
LONG_6_004,6.0,LONG,2024-01-15T14:14:00.000000000Z,9.299999999998754,1.500000000000945,71,6.0,TP_HIT,3.2999999999987537,2.0016806722689076,PARTIAL_PLUS_TP,4.9411764705882355,0.24285714285714288,False
LONG_6_004,6.0,LONG,2024-01-15T14:15:00.000000000Z,8.60000000000083,2.4000000000001798,95,6.0,TP_HIT,2.600000000000829,2.0016806722689076,PARTIAL_PLUS_TP,4.9411764705882355,0.24285714285714288,False
LONG_6_004,6.0,LONG,2024-01-15T14:16:00.000000000Z,8.500000000000174,2.500000000000835,95,6.0,TP_HIT,2.500000000000174,2.0016806722689076,PARTIAL_PLUS_TP,4.9411764705882355,0.24285714285714288,False
LONG_6_004,6.0,LONG,2024-01-15T14:17:00.000000000Z,8.40000000000174,3.4000000000000696,96,6.0,TP_HIT,2.4000000000017394,2.0016806722689076,PARTIAL_PLUS_TP,4.9411764705882355,0.24285714285714288,False
LONG_6_004,6.0,LONG,2024-01-15T14:18:00.000000000Z,10.40000000000152,1.9999999999997797,68,6.0,TP_HIT,4.400000000001519,2.0016806722689076,PARTIAL_PLUS_TP,4.9411764705882355,0.24285714285714288,False
LONG_6_004,6.0,LONG,2024-01-15T14:19:00.000000000Z,11.400000000001409,0.9999999999998899,48,6.0,TP_HIT,5.400000000001409,2.0016806722689076,PARTIAL_PLUS_TP,4.9411764705882355,0.24285714285714288,False
LONG_6_004,6.0,LONG,2024-01-15T14:20:00.000000000Z,11.499999999999844,0.9999999999998899,47,6.0,TP_HIT,5.499999999999844,2.0016806722689076,PARTIAL_PLUS_TP,4.9411764705882355,0.24285714285714288,False
LONG_6_004,6.0,LONG,2024-01-15T14:21:00.000000000Z,11.699999999998933,0.8000000000008001,46,6.0,TP_HIT,5.6999999999989335,2.0016806722689076,PARTIAL_PLUS_TP,4.9411764705882355,0.24285714285714288,False
LONG_6_004,6.0,LONG,2024-01-15T14:22:00.000000000Z,9.999999999998899,2.500000000000835,89,6.0,TP_HIT,3.9999999999988987,2.0016806722689076,PARTIAL_PLUS_TP,4.9411764705882355,0.24285714285714288,False
LONG_6_004,6.0,LONG,2024-01-15T14:23:00.000000000Z,9.299999999998754,3.20000000000098,90,6.0,TP_HIT,3.2999999999987537,2.0016806722689076,PARTIAL_PLUS_TP,4.9411764705882355,0.24285714285714288,False
LONG_6_004,6.0,LONG,2024-01-15T14:24:00.000000000Z,8.299999999998864,4.20000000000087,90,6.0,TP_HIT,2.299999999998864,2.0016806722689076,PARTIAL_PLUS_TP,4.9411764705882355,0.24285714285714288,False
LONG_6_004,6.0,LONG,2024-01-15T14:25:00.000000000Z,9.699999999999154,2.80000000000058,88,6.0,TP_HIT,3.6999999999991537,2.0016806722689076,PARTIAL_PLUS_TP,4.9411764705882355,0.24285714285714288,False
LONG_6_004,6.0,LONG,2024-01-15T14:26:00.000000000Z,7.800000000000029,4.699999999999704,88,6.0,TP_HIT,1.8000000000000291,2.0016806722689076,PARTIAL_PLUS_TP,4.9411764705882355,0.24285714285714288,False
LONG_6_004,6.0,LONG,2024-01-15T14:27:00.000000000Z,8.099999999999774,4.3999999999999595,87,6.0,TP_HIT,2.099999999999774,2.0016806722689076,PARTIAL_PLUS_TP,4.9411764705882355,0.24285714285714288,False
LONG_6_004,6.0,LONG,2024-01-15T14:28:00.000000000Z,9.099999999999664,3.4000000000000696,85,6.0,TP_HIT,3.099999999999664,2.0016806722689076,PARTIAL_PLUS_TP,4.9411764705882355,0.24285714285714288,False
LONG_6_004,6.0,LONG,2024-01-15T14:29:00.000000000Z,8.899999999998354,3.60000000000138,84,6.0,TP_HIT,2.8999999999983537,2.0016806722689076,PARTIAL_PLUS_TP,4.9411764705882355,0.24285714285714288,False
LONG_6_004,6.0,LONG,2024-01-15T14:30:00.000000000Z,7.299999999998974,5.20000000000076,87,6.0,TP_HIT,1.299999999998974,2.0016806722689076,PARTIAL_PLUS_TP,4.9411764705882355,0.24285714285714288,False
LONG_6_004,6.0,LONG,2024-01-15T14:31:00.000000000Z,8.299999999998864,4.20000000000087,83,6.0,TP_HIT,2.299999999998864,2.0016806722689076,PARTIAL_PLUS_TP,4.9411764705882355,0.24285714285714288,False
LONG_6_004,6.0,LONG,2024-01-15T14:32:00.000000000Z,8.899999999998354,3.60000000000138,81,6.0,TP_HIT,2.8999999999983537,2.0016806722689076,PARTIAL_PLUS_TP,4.9411764705882355,0.24285714285714288,False
LONG_6_004,6.0,LONG,2024-01-15T14:33:00.000000000Z,8.299999999998864,4.20000000000087,81,6.0,TP_HIT,2.299999999998864,2.0016806722689076,PARTIAL_PLUS_TP,4.9411764705882355,0.24285714285714288,False
LONG_6_004,6.0,LONG,2024-01-15T14:34:00.000000000Z,8.799999999999919,3.6999999999998145,79,6.0,TP_HIT,2.799999999999919,2.0016806722689076,PARTIAL_PLUS_TP,4.9411764705882355,0.24285714285714288,False
LONG_6_004,6.0,LONG,2024-01-15T14:35:00.000000000Z,9.899999999998244,2.60000000000149,76,6.0,TP_HIT,3.8999999999982435,2.0016806722689076,PARTIAL_PLUS_TP,4.9411764705882355,0.24285714285714288,False
LONG_6_004,6.0,LONG,2024-01-15T14:36:00.000000000Z,8.499999999997954,4.00000000000178,77,6.0,TP_HIT,2.4999999999979536,2.0016806722689076,PARTIAL_PLUS_TP,4.9411764705882355,0.24285714285714288,False
LONG_6_004,6.0,LONG,2024-01-15T14:37:00.000000000Z,9.899999999998244,2.60000000000149,74,6.0,TP_HIT,3.8999999999982435,2.0016806722689076,PARTIAL_PLUS_TP,4.9411764705882355,0.24285714285714288,False
LONG_6_004,6.0,LONG,2024-01-15T14:38:00.000000000Z,8.799999999999919,3.6999999999998145,75,6.0,TP_HIT,2.799999999999919,2.0016806722689076,PARTIAL_PLUS_TP,4.9411764705882355,0.24285714285714288,False
LONG_6_004,6.0,LONG,2024-01-15T14:39:00.000000000Z,7.899999999998464,4.60000000000127,75,6.0,TP_HIT,1.8999999999984638,2.0016806722689076,PARTIAL_PLUS_TP,4.9411764705882355,0.24285714285714288,False
LONG_6_004,6.0,LONG,2024-01-15T14:40:00.000000000Z,7.899999999998464,4.60000000000127,74,6.0,TP_HIT,1.8999999999984638,2.0016806722689076,PARTIAL_PLUS_TP,4.9411764705882355,0.24285714285714288,False
LONG_6_004,6.0,LONG,2024-01-15T14:41:00.000000000Z,7.899999999998464,4.60000000000127,73,6.0,TP_HIT,1.8999999999984638,2.0016806722689076,PARTIAL_PLUS_TP,4.9411764705882355,0.24285714285714288,False
LONG_6_004,6.0,LONG,2024-01-15T14:42:00.000000000Z,8.099999999999774,4.3999999999999595,72,6.0,TP_HIT,2.099999999999774,2.0016806722689076,PARTIAL_PLUS_TP,4.9411764705882355,0.24285714285714288,False
LONG_6_004,6.0,LONG,2024-01-15T14:43:00.000000000Z,8.299999999998864,4.20000000000087,71,6.0,TP_HIT,2.299999999998864,2.0016806722689076,PARTIAL_PLUS_TP,4.9411764705882355,0.24285714285714288,False
LONG_6_004,6.0,LONG,2024-01-15T14:44:00.000000000Z,7.999999999999119,4.500000000000615,70,6.0,TP_HIT,1.999999999999119,2.0016806722689076,PARTIAL_PLUS_TP,4.9411764705882355,0.24285714285714288,False
LONG_6_004,6.0,LONG,2024-01-15T14:45:00.000000000Z,7.899999999998464,4.60000000000127,69,6.0,TP_HIT,1.8999999999984638,2.0016806722689076,PARTIAL_PLUS_TP,4.9411764705882355,0.24285714285714288,False
LONG_6_004,6.0,LONG,2024-01-15T14:46:00.000000000Z,9.299999999998754,3.20000000000098,67,6.0,TP_HIT,3.2999999999987537,2.0016806722689076,PARTIAL_PLUS_TP,4.9411764705882355,0.24285714285714288,False
LONG_6_004,6.0,LONG,2024-01-15T14:47:00.000000000Z,9.600000000000719,3.8000000000004697,66,6.0,TP_HIT,3.600000000000719,2.0016806722689076,PARTIAL_PLUS_TP,4.9411764705882355,0.24285714285714288,False
LONG_6_004,6.0,LONG,2024-01-15T14:48:00.000000000Z,9.500000000000064,4.00000000000178,65,6.0,TP_HIT,3.500000000000064,2.0016806722689076,PARTIAL_PLUS_TP,4.9411764705882355,0.24285714285714288,False
LONG_6_004,6.0,LONG,2024-01-15T14:49:00.000000000Z,11.000000000001009,3.1000000000003247,64,6.0,TP_HIT,5.000000000001009,2.0016806722689076,PARTIAL_PLUS_TP,4.9411764705882355,0.24285714285714288,False
LONG_6_004,6.0,LONG,2024-01-15T14:50:00.000000000Z,11.600000000000499,2.500000000000835,61,6.0,TP_HIT,5.600000000000499,2.0016806722689076,PARTIAL_PLUS_TP,4.9411764705882355,0.24285714285714288,False
LONG_6_004,6.0,LONG,2024-01-15T14:51:00.000000000Z,11.499999999999844,2.60000000000149,60,6.0,TP_HIT,5.499999999999844,2.0016806722689076,PARTIAL_PLUS_TP,4.9411764705882355,0.24285714285714288,False
LONG_6_004,6.0,LONG,2024-01-15T14:52:00.000000000Z,11.700000000001154,2.4000000000001798,58,6.0,TP_HIT,5.700000000001154,2.0016806722689076,PARTIAL_PLUS_TP,4.9411764705882355,0.24285714285714288,False
LONG_6_004,6.0,LONG,2024-01-15T14:53:00.000000000Z,11.499999999999844,2.60000000000149,58,6.0,TP_HIT,5.499999999999844,2.0016806722689076,PARTIAL_PLUS_TP,4.9411764705882355,0.24285714285714288,False
LONG_6_004,6.0,LONG,2024-01-15T14:54:00.000000000Z,11.700000000001154,2.4000000000001798,56,6.0,TP_HIT,5.700000000001154,2.0016806722689076,PARTIAL_PLUS_TP,4.9411764705882355,0.24285714285714288,False
LONG_6_004,6.0,LONG,2024-01-15T14:55:00.000000000Z,10.900000000000354,3.20000000000098,58,6.0,TP_HIT,4.900000000000354,2.0016806722689076,PARTIAL_PLUS_TP,4.9411764705882355,0.24285714285714288,False
LONG_6_004,6.0,LONG,2024-01-15T14:56:00.000000000Z,10.000000000001119,4.100000000000215,57,6.0,TP_HIT,4.000000000001119,2.0016806722689076,PARTIAL_PLUS_TP,4.9411764705882355,0.24285714285714288,False
LONG_6_004,6.0,LONG,2024-01-15T14:57:00.000000000Z,8.900000000000574,5.20000000000076,60,6.0,TP_HIT,2.900000000000574,2.0016806722689076,PARTIAL_PLUS_TP,4.9411764705882355,0.24285714285714288,False
LONG_6_004,6.0,LONG,2024-01-15T14:58:00.000000000Z,9.500000000000064,4.60000000000127,56,6.0,TP_HIT,3.500000000000064,2.0016806722689076,PARTIAL_PLUS_TP,4.9411764705882355,0.24285714285714288,False
LONG_6_004,6.0,LONG,2024-01-15T14:59:00.000000000Z,9.099999999999664,5.00000000000167,58,6.0,TP_HIT,3.099999999999664,2.0016806722689076,PARTIAL_PLUS_TP,4.9411764705882355,0.24285714285714288,False
LONG_6_004,6.0,LONG,2024-01-15T15:00:00.000000000Z,8.300000000001084,5.800000000000249,57,6.0,TP_HIT,2.3000000000010843,2.0016806722689076,PARTIAL_PLUS_TP,4.9411764705882355,0.24285714285714288,False
LONG_6_004,6.0,LONG,2024-01-15T15:01:00.000000000Z,10.300000000000864,3.8000000000004697,52,6.0,TP_HIT,4.300000000000864,2.0016806722689076,PARTIAL_PLUS_TP,4.9411764705882355,0.24285714285714288,False
LONG_6_004,6.0,LONG,2024-01-15T15:02:00.000000000Z,10.700000000001264,3.4000000000000696,51,6.0,TP_HIT,4.700000000001264,2.0016806722689076,PARTIAL_PLUS_TP,4.9411764705882355,0.24285714285714288,False
LONG_6_004,6.0,LONG,2024-01-15T15:03:00.000000000Z,10.000000000001119,4.100000000000215,50,6.0,TP_HIT,4.000000000001119,2.0016806722689076,PARTIAL_PLUS_TP,4.9411764705882355,0.24285714285714288,False
LONG_6_004,6.0,LONG,2024-01-15T15:04:00.000000000Z,8.700000000001484,5.399999999999849,53,6.0,TP_HIT,2.7000000000014843,2.0016806722689076,PARTIAL_PLUS_TP,4.9411764705882355,0.24285714285714288,False
LONG_6_004,6.0,LONG,2024-01-15T15:05:00.000000000Z,7.900000000000684,6.200000000000649,53,-6.0,SL_HIT,1.9000000000006843,-6.0,SL_HIT,4.9411764705882355,0.24285714285714288,True
LONG_6_004,6.0,LONG,2024-01-15T15:06:00.000000000Z,8.00000000000134,6.099999999999994,52,-6.0,SL_HIT,2.0000000000013394,-6.0,SL_HIT,4.9411764705882355,0.24285714285714288,True
LONG_6_004,6.0,LONG,2024-01-15T15:07:00.000000000Z,7.099999999999884,7.0000000000014495,80,-6.0,SL_HIT,1.0999999999998842,-6.0,SL_HIT,4.9411764705882355,0.24285714285714288,True
LONG_6_004,6.0,LONG,2024-01-15T15:08:00.000000000Z,8.00000000000134,6.099999999999994,50,-6.0,SL_HIT,2.0000000000013394,-6.0,SL_HIT,4.9411764705882355,0.24285714285714288,True
LONG_6_004,6.0,LONG,2024-01-15T15:09:00.000000000Z,8.20000000000043,5.9000000000009045,49,6.0,TP_HIT,2.200000000000429,2.0016806722689076,PARTIAL_PLUS_TP,4.9411764705882355,0.24285714285714288,False
LONG_6_004,6.0,LONG,2024-01-15T15:10:00.000000000Z,9.00000000000123,5.1000000000001044,47,6.0,TP_HIT,3.0000000000012292,2.0016806722689076,PARTIAL_PLUS_TP,4.9411764705882355,0.24285714285714288,False
LONG_6_004,6.0,LONG,2024-01-15T15:11:00.000000000Z,10.700000000001264,3.4000000000000696,42,6.0,TP_HIT,4.700000000001264,2.0016806722689076,PARTIAL_PLUS_TP,4.9411764705882355,0.24285714285714288,False
LONG_6_004,6.0,LONG,2024-01-15T15:12:00.000000000Z,13.300000000000534,0.8000000000008001,13,6.0,TP_HIT,7.300000000000534,2.0016806722689076,PARTIAL_PLUS_TP,4.9411764705882355,0.24285714285714288,False
LONG_6_004,6.0,LONG,2024-01-15T15:13:00.000000000Z,11.499999999999844,2.60000000000149,38,6.0,TP_HIT,5.499999999999844,2.0016806722689076,PARTIAL_PLUS_TP,4.9411764705882355,0.24285714285714288,False
LONG_6_004,6.0,LONG,2024-01-15T15:14:00.000000000Z,11.400000000001409,2.6999999999999247,37,6.0,TP_HIT,5.400000000001409,2.0016806722689076,PARTIAL_PLUS_TP,4.9411764705882355,0.24285714285714288,False
LONG_6_004,6.0,LONG,2024-01-15T15:15:00.000000000Z,10.600000000000609,3.5000000000007248,38,6.0,TP_HIT,4.600000000000609,2.0016806722689076,PARTIAL_PLUS_TP,4.9411764705882355,0.24285714285714288,False
LONG_6_004,6.0,LONG,2024-01-15T15:16:00.000000000Z,10.099999999999554,4.00000000000178,37,6.0,TP_HIT,4.099999999999554,2.0016806722689076,PARTIAL_PLUS_TP,4.9411764705882355,0.24285714285714288,False
LONG_6_004,6.0,LONG,2024-01-15T15:17:00.000000000Z,11.100000000001664,2.9999999999996696,36,6.0,TP_HIT,5.100000000001664,2.0016806722689076,PARTIAL_PLUS_TP,4.9411764705882355,0.24285714285714288,False
LONG_6_004,6.0,LONG,2024-01-15T15:18:00.000000000Z,11.300000000000754,2.80000000000058,35,6.0,TP_HIT,5.300000000000754,2.0016806722689076,PARTIAL_PLUS_TP,4.9411764705882355,0.24285714285714288,False
LONG_6_004,6.0,LONG,2024-01-15T15:19:00.000000000Z,11.300000000000754,2.80000000000058,34,6.0,TP_HIT,5.300000000000754,2.0016806722689076,PARTIAL_PLUS_TP,4.9411764705882355,0.24285714285714288,False
LONG_6_004,6.0,LONG,2024-01-15T15:20:00.000000000Z,11.600000000000499,2.500000000000835,31,6.0,TP_HIT,5.600000000000499,2.0016806722689076,PARTIAL_PLUS_TP,4.9411764705882355,0.24285714285714288,False
LONG_6_004,6.0,LONG,2024-01-15T15:21:00.000000000Z,11.499999999999844,2.60000000000149,30,6.0,TP_HIT,5.499999999999844,2.0016806722689076,PARTIAL_PLUS_TP,4.9411764705882355,0.24285714285714288,False
LONG_6_004,6.0,LONG,2024-01-15T15:22:00.000000000Z,9.300000000000974,4.8000000000003595,33,6.0,TP_HIT,3.300000000000974,2.0016806722689076,PARTIAL_PLUS_TP,4.9411764705882355,0.24285714285714288,False
LONG_6_004,6.0,LONG,2024-01-15T15:23:00.000000000Z,11.100000000001664,2.9999999999996696,30,6.0,TP_HIT,5.100000000001664,2.0016806722689076,PARTIAL_PLUS_TP,4.9411764705882355,0.24285714285714288,False
LONG_6_004,6.0,LONG,2024-01-15T15:24:00.000000000Z,9.099999999999664,5.00000000000167,33,6.0,TP_HIT,3.099999999999664,2.0016806722689076,PARTIAL_PLUS_TP,4.9411764705882355,0.24285714285714288,False
LONG_6_004,6.0,LONG,2024-01-15T15:25:00.000000000Z,6.500000000000394,7.600000000000939,64,-6.0,SL_HIT,0.5000000000003944,-6.0,SL_HIT,4.9411764705882355,0.24285714285714288,True
LONG_6_004,6.0,LONG,2024-01-15T15:26:00.000000000Z,5.9000000000009045,8.20000000000043,101,-6.0,SL_HIT,0.0,-6.0,SL_HIT,4.9411764705882355,0.24285714285714288,True
LONG_6_004,6.0,LONG,2024-01-15T15:27:00.000000000Z,7.7000000000015945,6.399999999999739,31,-6.0,SL_HIT,1.7000000000015945,-6.0,SL_HIT,4.9411764705882355,0.24285714285714288,True
LONG_6_004,6.0,LONG,2024-01-15T15:28:00.000000000Z,8.099999999999774,6.00000000000156,30,-6.0,SL_HIT,2.099999999999774,-6.0,SL_HIT,4.9411764705882355,0.24285714285714288,True
LONG_6_004,6.0,LONG,2024-01-15T15:29:00.000000000Z,7.200000000000539,6.900000000000794,58,-6.0,SL_HIT,1.2000000000005393,-6.0,SL_HIT,4.9411764705882355,0.24285714285714288,True
LONG_6_004,6.0,LONG,2024-01-15T15:30:00.000000000Z,9.500000000000064,4.60000000000127,24,6.0,TP_HIT,3.500000000000064,2.0016806722689076,PARTIAL_PLUS_TP,4.9411764705882355,0.24285714285714288,False
LONG_6_004,6.0,LONG,2024-01-15T15:31:00.000000000Z,10.099999999999554,4.00000000000178,22,6.0,TP_HIT,4.099999999999554,2.0016806722689076,PARTIAL_PLUS_TP,4.9411764705882355,0.24285714285714288,False
LONG_6_004,6.0,LONG,2024-01-15T15:32:00.000000000Z,10.300000000000864,3.8000000000004697,21,6.0,TP_HIT,4.300000000000864,2.0016806722689076,PARTIAL_PLUS_TP,4.9411764705882355,0.24285714285714288,False
LONG_6_004,6.0,LONG,2024-01-15T15:33:00.000000000Z,10.799999999999699,3.300000000001635,20,6.0,TP_HIT,4.799999999999699,2.0016806722689076,PARTIAL_PLUS_TP,4.9411764705882355,0.24285714285714288,False
LONG_6_004,6.0,LONG,2024-01-15T15:34:00.000000000Z,11.100000000001664,2.9999999999996696,19,6.0,TP_HIT,5.100000000001664,2.0016806722689076,PARTIAL_PLUS_TP,4.9411764705882355,0.24285714285714288,False
LONG_6_004,6.0,LONG,2024-01-15T15:35:00.000000000Z,11.600000000000499,2.500000000000835,16,6.0,TP_HIT,5.600000000000499,2.0016806722689076,PARTIAL_PLUS_TP,4.9411764705882355,0.24285714285714288,False
LONG_6_004,6.0,LONG,2024-01-15T15:36:00.000000000Z,12.499999999999734,1.6000000000016001,14,6.0,TP_HIT,6.4999999999997335,2.0016806722689076,PARTIAL_PLUS_TP,4.9411764705882355,0.24285714285714288,False
LONG_6_004,6.0,LONG,2024-01-15T15:37:00.000000000Z,13.800000000001589,0.2999999999997449,13,6.0,TP_HIT,7.800000000001589,2.0016806722689076,PARTIAL_PLUS_TP,4.9411764705882355,0.24285714285714288,False
LONG_6_004,6.0,LONG,2024-01-15T15:38:00.000000000Z,14.100000000001334,0.0,11,6.0,TP_HIT,8.100000000001334,2.0016806722689076,PARTIAL_PLUS_TP,4.9411764705882355,0.24285714285714288,False
LONG_6_004,6.0,LONG,2024-01-15T15:39:00.000000000Z,13.900000000000023,0.0,11,6.0,TP_HIT,7.9000000000000234,2.0016806722689076,PARTIAL_PLUS_TP,4.9411764705882355,0.24285714285714288,False
LONG_6_004,6.0,LONG,2024-01-15T15:40:00.000000000Z,13.199999999999878,0.0,10,6.0,TP_HIT,7.1999999999998785,2.0016806722689076,PARTIAL_PLUS_TP,4.9411764705882355,0.24285714285714288,False
LONG_6_004,6.0,LONG,2024-01-15T15:41:00.000000000Z,13.100000000001444,0.0,9,6.0,TP_HIT,7.100000000001444,2.0016806722689076,PARTIAL_PLUS_TP,4.9411764705882355,0.24285714285714288,False
LONG_6_004,6.0,LONG,2024-01-15T15:42:00.000000000Z,11.499999999999844,1.100000000000545,9,6.0,TP_HIT,5.499999999999844,2.0016806722689076,PARTIAL_PLUS_TP,4.9411764705882355,0.24285714285714288,False
LONG_6_004,6.0,LONG,2024-01-15T15:43:00.000000000Z,12.600000000000389,0.0,7,6.0,TP_HIT,6.600000000000389,2.0016806722689076,PARTIAL_PLUS_TP,4.9411764705882355,0.24285714285714288,False
LONG_6_004,6.0,LONG,2024-01-15T15:44:00.000000000Z,11.100000000001664,0.0,9,6.0,TP_HIT,5.100000000001664,2.0016806722689076,PARTIAL_PLUS_TP,4.9411764705882355,0.24285714285714288,False
LONG_6_004,6.0,LONG,2024-01-15T15:45:00.000000000Z,9.500000000000064,1.500000000000945,9,6.0,TP_HIT,3.500000000000064,2.0016806722689076,PARTIAL_PLUS_TP,4.9411764705882355,0.24285714285714288,False
LONG_6_004,6.0,LONG,2024-01-15T15:46:00.000000000Z,11.000000000001009,0.0,7,6.0,TP_HIT,5.000000000001009,2.0016806722689076,PARTIAL_PLUS_TP,4.9411764705882355,0.24285714285714288,False
LONG_6_004,6.0,LONG,2024-01-15T15:47:00.000000000Z,10.200000000000209,0.0,6,6.0,TP_HIT,4.200000000000209,2.0016806722689076,PARTIAL_PLUS_TP,4.9411764705882355,0.24285714285714288,False
LONG_6_004,6.0,LONG,2024-01-15T15:48:00.000000000Z,9.099999999999664,0.0,9,6.0,TP_HIT,3.099999999999664,2.0016806722689076,PARTIAL_PLUS_TP,4.9411764705882355,0.24285714285714288,False
LONG_6_004,6.0,LONG,2024-01-15T15:49:00.000000000Z,8.099999999999774,0.0,9,6.0,TP_HIT,2.099999999999774,2.0016806722689076,PARTIAL_PLUS_TP,4.9411764705882355,0.24285714285714288,False
LONG_6_004,6.0,LONG,2024-01-15T15:50:00.000000000Z,5.60000000000116,0.0,101,0.5000000000010552,TIMEOUT,0.0,1.2000000000000002,PARTIAL_ONLY,4.9411764705882355,0.24285714285714288,False
LONG_6_004,6.0,LONG,2024-01-15T15:51:00.000000000Z,5.300000000001415,0.09999999999843467,101,0.20000000000131024,TIMEOUT,0.0,1.2000000000000002,PARTIAL_ONLY,4.9411764705882355,0.24285714285714288,False
LONG_6_004,6.0,LONG,2024-01-15T15:52:00.000000000Z,5.300000000001415,0.09999999999843467,101,0.20000000000131024,TIMEOUT,0.0,1.2000000000000002,PARTIAL_ONLY,4.9411764705882355,0.24285714285714288,False
LONG_6_004,6.0,LONG,2024-01-15T15:53:00.000000000Z,3.900000000001125,1.4999999999987246,101,-1.1999999999989797,TIMEOUT,0.0,-1.1999999999989797,TIMEOUT,4.9411764705882355,0.24285714285714288,False
LONG_6_004,6.0,LONG,2024-01-15T15:54:00.000000000Z,3.300000000001635,2.0999999999982144,101,-1.7999999999984695,TIMEOUT,0.0,-1.7999999999984695,TIMEOUT,4.9411764705882355,0.24285714285714288,False
LONG_6_004,6.0,LONG,2024-01-15T15:55:00.000000000Z,3.1000000000003247,2.2999999999995246,101,-1.9999999999997797,TIMEOUT,0.0,-1.9999999999997797,TIMEOUT,4.9411764705882355,0.24285714285714288,False
LONG_6_004,6.0,LONG,2024-01-15T15:56:00.000000000Z,3.5000000000007248,1.8999999999991246,101,-1.5999999999993797,TIMEOUT,0.0,-1.5999999999993797,TIMEOUT,4.9411764705882355,0.24285714285714288,False
LONG_6_004,6.0,LONG,2024-01-15T15:57:00.000000000Z,2.2999999999995246,3.1000000000003247,101,-2.80000000000058,TIMEOUT,0.0,-2.80000000000058,TIMEOUT,4.9411764705882355,0.24285714285714288,False
LONG_6_004,6.0,LONG,2024-01-15T15:58:00.000000000Z,1.7000000000000348,3.6999999999998145,101,-3.4000000000000696,TIMEOUT,0.0,-3.4000000000000696,TIMEOUT,4.9411764705882355,0.24285714285714288,False
LONG_6_004,6.0,LONG,2024-01-15T15:59:00.000000000Z,2.6999999999999247,2.6999999999999247,101,-2.4000000000001798,TIMEOUT,0.0,-2.4000000000001798,TIMEOUT,4.9411764705882355,0.24285714285714288,False
LONG_6_004,6.0,LONG,2024-01-15T16:00:00.000000000Z,1.6000000000016001,3.7999999999982492,101,-3.4999999999985043,TIMEOUT,0.0,-3.4999999999985043,TIMEOUT,4.9411764705882355,0.24285714285714288,False
LONG_6_004,6.0,LONG,2024-01-15T16:01:00.000000000Z,1.6000000000016001,3.7999999999982492,101,-3.4999999999985043,TIMEOUT,0.0,-3.4999999999985043,TIMEOUT,4.9411764705882355,0.24285714285714288,False
LONG_6_004,6.0,LONG,2024-01-15T16:02:00.000000000Z,1.9999999999997797,3.4000000000000696,101,-3.1000000000003247,TIMEOUT,0.0,-3.1000000000003247,TIMEOUT,4.9411764705882355,0.24285714285714288,False
LONG_6_004,6.0,LONG,2024-01-15T16:03:00.000000000Z,3.1000000000003247,2.2999999999995246,101,-1.9999999999997797,TIMEOUT,0.0,-1.9999999999997797,TIMEOUT,4.9411764705882355,0.24285714285714288,False
LONG_6_004,6.0,LONG,2024-01-15T16:04:00.000000000Z,4.100000000000215,1.2999999999996348,101,-0.9999999999998899,TIMEOUT,0.0,-0.9999999999998899,TIMEOUT,4.9411764705882355,0.24285714285714288,False
LONG_6_004,6.0,LONG,2024-01-15T16:05:00.000000000Z,3.6999999999998145,1.7000000000000348,101,-1.40000000000029,TIMEOUT,0.0,-1.40000000000029,TIMEOUT,4.9411764705882355,0.24285714285714288,False
LONG_6_004,6.0,LONG,2024-01-15T16:06:00.000000000Z,3.4000000000000696,1.9999999999997797,101,-1.7000000000000348,TIMEOUT,0.0,-1.7000000000000348,TIMEOUT,4.9411764705882355,0.24285714285714288,False
LONG_6_004,6.0,LONG,2024-01-15T16:07:00.000000000Z,3.5000000000007248,1.8999999999991246,101,-1.5999999999993797,TIMEOUT,0.0,-1.5999999999993797,TIMEOUT,4.9411764705882355,0.24285714285714288,False
LONG_6_004,6.0,LONG,2024-01-15T16:08:00.000000000Z,3.60000000000138,1.7999999999984695,101,-1.4999999999987246,TIMEOUT,0.0,-1.4999999999987246,TIMEOUT,4.9411764705882355,0.24285714285714288,False
LONG_6_004,6.0,LONG,2024-01-15T16:09:00.000000000Z,3.5000000000007248,1.8999999999991246,101,-1.5999999999993797,TIMEOUT,0.0,-1.5999999999993797,TIMEOUT,4.9411764705882355,0.24285714285714288,False
LONG_6_004,6.0,LONG,2024-01-15T16:10:00.000000000Z,2.80000000000058,2.5999999999992696,101,-2.2999999999995246,TIMEOUT,0.0,-2.2999999999995246,TIMEOUT,4.9411764705882355,0.24285714285714288,False
LONG_6_004,6.0,LONG,2024-01-15T16:11:00.000000000Z,3.6999999999998145,1.7000000000000348,101,-1.40000000000029,TIMEOUT,0.0,-1.40000000000029,TIMEOUT,4.9411764705882355,0.24285714285714288,False
LONG_6_004,6.0,LONG,2024-01-15T16:12:00.000000000Z,3.60000000000138,1.7999999999984695,101,-1.4999999999987246,TIMEOUT,0.0,-1.4999999999987246,TIMEOUT,4.9411764705882355,0.24285714285714288,False
LONG_6_004,6.0,LONG,2024-01-15T16:13:00.000000000Z,4.699999999999704,0.700000000000145,101,-0.40000000000040004,TIMEOUT,0.0,-0.40000000000040004,TIMEOUT,4.9411764705882355,0.24285714285714288,False
LONG_6_004,6.0,LONG,2024-01-15T16:14:00.000000000Z,3.6999999999998145,1.7000000000000348,101,-1.40000000000029,TIMEOUT,0.0,-1.40000000000029,TIMEOUT,4.9411764705882355,0.24285714285714288,False
LONG_6_004,6.0,LONG,2024-01-15T16:15:00.000000000Z,2.900000000001235,2.4999999999986144,101,-2.1999999999988695,TIMEOUT,0.0,-2.1999999999988695,TIMEOUT,4.9411764705882355,0.24285714285714288,False
LONG_6_004,6.0,LONG,2024-01-15T16:16:00.000000000Z,3.9999999999995595,1.40000000000029,101,-1.100000000000545,TIMEOUT,0.0,-1.100000000000545,TIMEOUT,4.9411764705882355,0.24285714285714288,False
LONG_6_004,6.0,LONG,2024-01-15T16:17:00.000000000Z,3.300000000001635,2.0999999999982144,101,-1.7999999999984695,TIMEOUT,0.0,-1.7999999999984695,TIMEOUT,4.9411764705882355,0.24285714285714288,False
LONG_6_004,6.0,LONG,2024-01-15T16:18:00.000000000Z,4.300000000001525,1.0999999999983245,101,-0.7999999999985796,TIMEOUT,0.0,-0.7999999999985796,TIMEOUT,4.9411764705882355,0.24285714285714288,False
LONG_6_004,6.0,LONG,2024-01-15T16:19:00.000000000Z,5.1000000000001044,0.2999999999997449,101,0.0,TIMEOUT,0.0,1.2000000000000002,PARTIAL_ONLY,4.9411764705882355,0.24285714285714288,False
LONG_6_004,6.0,LONG,2024-01-15T16:20:00.000000000Z,5.1000000000001044,0.2999999999997449,101,0.0,TIMEOUT,0.0,1.2000000000000002,PARTIAL_ONLY,4.9411764705882355,0.24285714285714288,False
LONG_6_004,6.0,LONG,2024-01-15T16:21:00.000000000Z,4.3999999999999595,0.9999999999998899,101,-0.700000000000145,TIMEOUT,0.0,-0.700000000000145,TIMEOUT,4.9411764705882355,0.24285714285714288,False
LONG_6_004,6.0,LONG,2024-01-15T16:22:00.000000000Z,4.100000000000215,1.2999999999996348,101,-0.9999999999998899,TIMEOUT,0.0,-0.9999999999998899,TIMEOUT,4.9411764705882355,0.24285714285714288,False
LONG_6_004,6.0,LONG,2024-01-15T16:23:00.000000000Z,2.9999999999996696,2.4000000000001798,101,-2.100000000000435,TIMEOUT,0.0,-2.100000000000435,TIMEOUT,4.9411764705882355,0.24285714285714288,False
LONG_6_004,6.0,LONG,2024-01-15T16:24:00.000000000Z,3.5000000000007248,1.8999999999991246,101,-1.5999999999993797,TIMEOUT,0.0,-1.5999999999993797,TIMEOUT,4.9411764705882355,0.24285714285714288,False
LONG_6_004,6.0,LONG,2024-01-15T16:25:00.000000000Z,3.60000000000138,1.7999999999984695,101,-1.4999999999987246,TIMEOUT,0.0,-1.4999999999987246,TIMEOUT,4.9411764705882355,0.24285714285714288,False
LONG_6_004,6.0,LONG,2024-01-15T16:26:00.000000000Z,3.1000000000003247,2.2999999999995246,101,-1.9999999999997797,TIMEOUT,0.0,-1.9999999999997797,TIMEOUT,4.9411764705882355,0.24285714285714288,False
LONG_6_004,6.0,LONG,2024-01-15T16:27:00.000000000Z,0.700000000000145,4.699999999999704,101,-4.3999999999999595,TIMEOUT,0.0,-4.3999999999999595,TIMEOUT,4.9411764705882355,0.24285714285714288,False
LONG_6_004,6.0,LONG,2024-01-15T16:28:00.000000000Z,0.5999999999994898,4.8000000000003595,101,-4.500000000000615,TIMEOUT,0.0,-4.500000000000615,TIMEOUT,4.9411764705882355,0.24285714285714288,False
LONG_6_004,6.0,LONG,2024-01-15T16:29:00.000000000Z,0.0,5.399999999999849,101,-5.1000000000001044,TIMEOUT,0.0,-5.1000000000001044,TIMEOUT,4.9411764705882355,0.24285714285714288,False
SHORT_6_001,6.0,SHORT,2024-01-15T08:00:00.000000000Z,11.699999999998933,6.800000000000139,95,-6.0,SL_HIT,5.6999999999989335,-6.0,SL_HIT,4.9411764705882355,0.24285714285714288,True
SHORT_6_001,6.0,SHORT,2024-01-15T08:01:00.000000000Z,11.899999999998023,6.6000000000010495,94,-6.0,SL_HIT,5.899999999998023,-6.0,SL_HIT,4.9411764705882355,0.24285714285714288,True
SHORT_6_001,6.0,SHORT,2024-01-15T08:02:00.000000000Z,13.099999999999223,5.399999999999849,93,6.0,TP_HIT,7.099999999999223,2.0016806722689076,PARTIAL_PLUS_TP,4.9411764705882355,0.24285714285714288,False
SHORT_6_001,6.0,SHORT,2024-01-15T08:03:00.000000000Z,15.099999999999003,3.4000000000000696,59,6.0,TP_HIT,9.099999999999003,2.0016806722689076,PARTIAL_PLUS_TP,4.9411764705882355,0.24285714285714288,False
SHORT_6_001,6.0,SHORT,2024-01-15T08:04:00.000000000Z,14.499999999999513,3.9999999999995595,72,6.0,TP_HIT,8.499999999999513,2.0016806722689076,PARTIAL_PLUS_TP,4.9411764705882355,0.24285714285714288,False
SHORT_6_001,6.0,SHORT,2024-01-15T08:05:00.000000000Z,14.999999999998348,3.5000000000007248,57,6.0,TP_HIT,8.999999999998348,2.0016806722689076,PARTIAL_PLUS_TP,4.9411764705882355,0.24285714285714288,False
SHORT_6_001,6.0,SHORT,2024-01-15T08:06:00.000000000Z,14.199999999999768,4.299999999999304,71,6.0,TP_HIT,8.199999999999768,2.0016806722689076,PARTIAL_PLUS_TP,4.9411764705882355,0.24285714285714288,False
SHORT_6_001,6.0,SHORT,2024-01-15T08:07:00.000000000Z,13.600000000000279,5.699999999999594,88,6.0,TP_HIT,7.6000000000002785,2.0016806722689076,PARTIAL_PLUS_TP,4.9411764705882355,0.24285714285714288,False
SHORT_6_001,6.0,SHORT,2024-01-15T08:08:00.000000000Z,15.600000000000058,3.6999999999998145,54,6.0,TP_HIT,9.600000000000058,2.0016806722689076,PARTIAL_PLUS_TP,4.9411764705882355,0.24285714285714288,False
SHORT_6_001,6.0,SHORT,2024-01-15T08:09:00.000000000Z,17.700000000000493,1.5999999999993797,52,6.0,TP_HIT,11.700000000000493,2.0016806722689076,PARTIAL_PLUS_TP,4.9411764705882355,0.24285714285714288,False
SHORT_6_001,6.0,SHORT,2024-01-15T08:10:00.000000000Z,17.700000000000493,1.5999999999993797,51,6.0,TP_HIT,11.700000000000493,2.0016806722689076,PARTIAL_PLUS_TP,4.9411764705882355,0.24285714285714288,False
SHORT_6_001,6.0,SHORT,2024-01-15T08:11:00.000000000Z,19.100000000000783,0.1999999999990898,49,6.0,TP_HIT,13.100000000000783,2.0016806722689076,PARTIAL_PLUS_TP,4.9411764705882355,0.24285714285714288,False
SHORT_6_001,6.0,SHORT,2024-01-15T08:12:00.000000000Z,17.000000000000348,2.2999999999995246,50,6.0,TP_HIT,11.000000000000348,2.0016806722689076,PARTIAL_PLUS_TP,4.9411764705882355,0.24285714285714288,False
SHORT_6_001,6.0,SHORT,2024-01-15T08:13:00.000000000Z,16.899999999999693,2.4000000000001798,49,6.0,TP_HIT,10.899999999999693,2.0016806722689076,PARTIAL_PLUS_TP,4.9411764705882355,0.24285714285714288,False
SHORT_6_001,6.0,SHORT,2024-01-15T08:14:00.000000000Z,18.700000000000383,0.5999999999994898,46,6.0,TP_HIT,12.700000000000383,2.0016806722689076,PARTIAL_PLUS_TP,4.9411764705882355,0.24285714285714288,False
SHORT_6_001,6.0,SHORT,2024-01-15T08:15:00.000000000Z,19.100000000000783,0.1999999999990898,45,6.0,TP_HIT,13.100000000000783,2.0016806722689076,PARTIAL_PLUS_TP,4.9411764705882355,0.24285714285714288,False
SHORT_6_001,6.0,SHORT,2024-01-15T08:16:00.000000000Z,15.799999999999148,3.5000000000007248,46,6.0,TP_HIT,9.799999999999148,2.0016806722689076,PARTIAL_PLUS_TP,4.9411764705882355,0.24285714285714288,False
SHORT_6_001,6.0,SHORT,2024-01-15T08:17:00.000000000Z,16.700000000000603,2.5999999999992696,45,6.0,TP_HIT,10.700000000000603,2.0016806722689076,PARTIAL_PLUS_TP,4.9411764705882355,0.24285714285714288,False
SHORT_6_001,6.0,SHORT,2024-01-15T08:18:00.000000000Z,16.499999999999293,2.80000000000058,44,6.0,TP_HIT,10.499999999999293,2.0016806722689076,PARTIAL_PLUS_TP,4.9411764705882355,0.24285714285714288,False
SHORT_6_001,6.0,SHORT,2024-01-15T08:19:00.000000000Z,16.700000000000603,2.5999999999992696,43,6.0,TP_HIT,10.700000000000603,2.0016806722689076,PARTIAL_PLUS_TP,4.9411764705882355,0.24285714285714288,False
SHORT_6_001,6.0,SHORT,2024-01-15T08:20:00.000000000Z,16.299999999997983,3.20000000000098,42,6.0,TP_HIT,10.299999999997983,2.0016806722689076,PARTIAL_PLUS_TP,4.9411764705882355,0.24285714285714288,False
SHORT_6_001,6.0,SHORT,2024-01-15T08:21:00.000000000Z,17.399999999998528,2.100000000000435,41,6.0,TP_HIT,11.399999999998528,2.0016806722689076,PARTIAL_PLUS_TP,4.9411764705882355,0.24285714285714288,False
SHORT_6_001,6.0,SHORT,2024-01-15T08:22:00.000000000Z,17.599999999999838,2.9999999999996696,40,6.0,TP_HIT,11.599999999999838,2.0016806722689076,PARTIAL_PLUS_TP,4.9411764705882355,0.24285714285714288,False
SHORT_6_001,6.0,SHORT,2024-01-15T08:23:00.000000000Z,19.299999999999873,2.2999999999995246,39,6.0,TP_HIT,13.299999999999873,2.0016806722689076,PARTIAL_PLUS_TP,4.9411764705882355,0.24285714285714288,False
SHORT_6_001,6.0,SHORT,2024-01-15T08:24:00.000000000Z,23.100000000000342,0.0,36,6.0,TP_HIT,17.100000000000342,2.0016806722689076,PARTIAL_PLUS_TP,4.9411764705882355,0.24285714285714288,False
SHORT_6_001,6.0,SHORT,2024-01-15T08:25:00.000000000Z,22.900000000001253,0.0,35,6.0,TP_HIT,16.900000000001253,2.0016806722689076,PARTIAL_PLUS_TP,4.9411764705882355,0.24285714285714288,False
SHORT_6_001,6.0,SHORT,2024-01-15T08:26:00.000000000Z,22.900000000001253,0.0,34,6.0,TP_HIT,16.900000000001253,2.0016806722689076,PARTIAL_PLUS_TP,4.9411764705882355,0.24285714285714288,False
SHORT_6_001,6.0,SHORT,2024-01-15T08:27:00.000000000Z,22.500000000000853,0.0,33,6.0,TP_HIT,16.500000000000853,2.0016806722689076,PARTIAL_PLUS_TP,4.9411764705882355,0.24285714285714288,False
SHORT_6_001,6.0,SHORT,2024-01-15T08:28:00.000000000Z,21.100000000000563,0.8000000000008001,34,6.0,TP_HIT,15.100000000000563,2.0016806722689076,PARTIAL_PLUS_TP,4.9411764705882355,0.24285714285714288,False
SHORT_6_001,6.0,SHORT,2024-01-15T08:29:00.000000000Z,23.000000000001908,0.0,32,6.0,TP_HIT,17.000000000001908,2.0016806722689076,PARTIAL_PLUS_TP,4.9411764705882355,0.24285714285714288,False
SHORT_6_001,6.0,SHORT,2024-01-15T08:30:00.000000000Z,20.600000000001728,1.4999999999987246,47,6.0,TP_HIT,14.600000000001728,2.0016806722689076,PARTIAL_PLUS_TP,4.9411764705882355,0.24285714285714288,False
SHORT_6_001,6.0,SHORT,2024-01-15T08:31:00.000000000Z,21.400000000000308,0.700000000000145,45,6.0,TP_HIT,15.400000000000308,2.0016806722689076,PARTIAL_PLUS_TP,4.9411764705882355,0.24285714285714288,False
SHORT_6_001,6.0,SHORT,2024-01-15T08:32:00.000000000Z,20.599999999999508,2.100000000000435,62,6.0,TP_HIT,14.599999999999508,2.0016806722689076,PARTIAL_PLUS_TP,4.9411764705882355,0.24285714285714288,False
SHORT_6_001,6.0,SHORT,2024-01-15T08:33:00.000000000Z,20.700000000000163,1.9999999999997797,45,6.0,TP_HIT,14.700000000000163,2.0016806722689076,PARTIAL_PLUS_TP,4.9411764705882355,0.24285714285714288,False
SHORT_6_001,6.0,SHORT,2024-01-15T08:34:00.000000000Z,20.599999999999508,2.100000000000435,60,6.0,TP_HIT,14.599999999999508,2.1,PARTIAL_PLUS_TP,4.9411764705882355,0.24285714285714288,False
SHORT_6_001,6.0,SHORT,2024-01-15T08:35:00.000000000Z,21.299999999999653,1.9999999999997797,43,6.0,TP_HIT,15.299999999999653,2.0016806722689076,PARTIAL_PLUS_TP,4.9411764705882355,0.24285714285714288,False
SHORT_6_001,6.0,SHORT,2024-01-15T08:36:00.000000000Z,21.000000000002128,2.4999999999986144,59,6.0,TP_HIT,15.000000000002128,2.0016806722689076,PARTIAL_PLUS_TP,4.9411764705882355,0.24285714285714288,False
SHORT_6_001,6.0,SHORT,2024-01-15T08:37:00.000000000Z,22.699999999999942,1.9999999999997797,41,6.0,TP_HIT,16.699999999999942,2.0016806722689076,PARTIAL_PLUS_TP,4.9411764705882355,0.24285714285714288,False
SHORT_6_001,6.0,SHORT,2024-01-15T08:38:00.000000000Z,25.399999999999867,0.9999999999998899,38,6.0,TP_HIT,19.399999999999867,2.0016806722689076,PARTIAL_PLUS_TP,4.9411764705882355,0.24285714285714288,False
SHORT_6_001,6.0,SHORT,2024-01-15T08:39:00.000000000Z,26.399999999999757,0.0,23,6.0,TP_HIT,20.399999999999757,2.0016806722689076,PARTIAL_PLUS_TP,4.9411764705882355,0.24285714285714288,False
SHORT_6_001,6.0,SHORT,2024-01-15T08:40:00.000000000Z,25.999999999999357,0.0,22,6.0,TP_HIT,19.999999999999357,2.0016806722689076,PARTIAL_PLUS_TP,4.9411764705882355,0.24285714285714288,False
SHORT_6_001,6.0,SHORT,2024-01-15T08:41:00.000000000Z,24.100000000000232,1.8999999999991246,54,6.0,TP_HIT,18.100000000000232,2.0016806722689076,PARTIAL_PLUS_TP,4.9411764705882355,0.24285714285714288,False
SHORT_6_001,6.0,SHORT,2024-01-15T08:42:00.000000000Z,25.200000000000777,1.0999999999983245,35,6.0,TP_HIT,19.200000000000777,2.0016806722689076,PARTIAL_PLUS_TP,4.9411764705882355,0.24285714285714288,False
SHORT_6_001,6.0,SHORT,2024-01-15T08:43:00.000000000Z,25.999999999999357,0.2999999999997449,33,6.0,TP_HIT,19.999999999999357,2.0016806722689076,PARTIAL_PLUS_TP,4.9411764705882355,0.24285714285714288,False
SHORT_6_001,6.0,SHORT,2024-01-15T08:44:00.000000000Z,26.299999999999102,0.0,18,6.0,TP_HIT,20.299999999999102,2.0016806722689076,PARTIAL_PLUS_TP,4.9411764705882355,0.24285714285714288,False
SHORT_6_001,6.0,SHORT,2024-01-15T08:45:00.000000000Z,24.599999999999067,1.6000000000016001,49,6.0,TP_HIT,18.599999999999067,2.0016806722689076,PARTIAL_PLUS_TP,4.9411764705882355,0.24285714285714288,False
SHORT_6_001,6.0,SHORT,2024-01-15T08:46:00.000000000Z,25.800000000000267,0.40000000000040004,30,6.0,TP_HIT,19.800000000000267,2.0016806722689076,PARTIAL_PLUS_TP,4.9411764705882355,0.24285714285714288,False
SHORT_6_001,6.0,SHORT,2024-01-15T08:47:00.000000000Z,26.200000000000667,0.0,15,6.0,TP_HIT,20.200000000000667,2.0016806722689076,PARTIAL_PLUS_TP,4.9411764705882355,0.24285714285714288,False
SHORT_6_001,6.0,SHORT,2024-01-15T08:48:00.000000000Z,24.699999999999722,1.100000000000545,30,6.0,TP_HIT,18.699999999999722,2.0016806722689076,PARTIAL_PLUS_TP,4.9411764705882355,0.24285714285714288,False
SHORT_6_001,6.0,SHORT,2024-01-15T08:49:00.000000000Z,24.999999999999467,0.8000000000008001,29,6.0,TP_HIT,18.999999999999467,2.0016806722689076,PARTIAL_PLUS_TP,4.9411764705882355,0.24285714285714288,False
SHORT_6_001,6.0,SHORT,2024-01-15T08:50:00.000000000Z,25.800000000000267,0.0,26,6.0,TP_HIT,19.800000000000267,2.0016806722689076,PARTIAL_PLUS_TP,4.9411764705882355,0.24285714285714288,False
SHORT_6_001,6.0,SHORT,2024-01-15T08:51:00.000000000Z,25.800000000000267,0.0,25,6.0,TP_HIT,19.800000000000267,2.0016806722689076,PARTIAL_PLUS_TP,4.9411764705882355,0.24285714285714288,False
SHORT_6_001,6.0,SHORT,2024-01-15T08:52:00.000000000Z,25.800000000000267,0.0,24,6.0,TP_HIT,19.800000000000267,2.0016806722689076,PARTIAL_PLUS_TP,4.9411764705882355,0.24285714285714288,False
SHORT_6_001,6.0,SHORT,2024-01-15T08:53:00.000000000Z,25.399999999999867,0.2999999999997449,24,6.0,TP_HIT,19.399999999999867,2.0016806722689076,PARTIAL_PLUS_TP,4.9411764705882355,0.24285714285714288,False
SHORT_6_001,6.0,SHORT,2024-01-15T08:54:00.000000000Z,25.699999999999612,0.0,22,6.0,TP_HIT,19.699999999999612,2.0016806722689076,PARTIAL_PLUS_TP,4.9411764705882355,0.24285714285714288,False
SHORT_6_001,6.0,SHORT,2024-01-15T08:55:00.000000000Z,24.399999999999977,0.1999999999990898,40,6.0,TP_HIT,18.399999999999977,2.0016806722689076,PARTIAL_PLUS_TP,4.9411764705882355,0.24285714285714288,False
SHORT_6_001,6.0,SHORT,2024-01-15T08:56:00.000000000Z,24.200000000000887,0.3999999999981796,39,6.0,TP_HIT,18.200000000000887,2.0016806722689076,PARTIAL_PLUS_TP,4.9411764705882355,0.24285714285714288,False
SHORT_6_001,6.0,SHORT,2024-01-15T08:57:00.000000000Z,24.200000000000887,0.3999999999981796,38,6.0,TP_HIT,18.200000000000887,2.0016806722689076,PARTIAL_PLUS_TP,4.9411764705882355,0.24285714285714288,False
SHORT_6_001,6.0,SHORT,2024-01-15T08:58:00.000000000Z,24.599999999999067,0.0,36,6.0,TP_HIT,18.599999999999067,2.0016806722689076,PARTIAL_PLUS_TP,4.9411764705882355,0.24285714285714288,False
SHORT_6_001,6.0,SHORT,2024-01-15T08:59:00.000000000Z,24.399999999999977,0.0,36,6.0,TP_HIT,18.399999999999977,2.0016806722689076,PARTIAL_PLUS_TP,4.9411764705882355,0.24285714285714288,False
SHORT_6_001,6.0,SHORT,2024-01-15T09:00:00.000000000Z,23.199999999998777,0.0,35,6.0,TP_HIT,17.199999999998777,2.0016806722689076,PARTIAL_PLUS_TP,4.9411764705882355,0.24285714285714288,False
SHORT_6_001,6.0,SHORT,2024-01-15T09:01:00.000000000Z,22.100000000000453,0.0,34,6.0,TP_HIT,16.100000000000453,2.0016806722689076,PARTIAL_PLUS_TP,4.9411764705882355,0.24285714285714288,False
SHORT_6_001,6.0,SHORT,2024-01-15T09:02:00.000000000Z,20.000000000000018,2.100000000000435,35,6.0,TP_HIT,14.000000000000018,2.0016806722689076,PARTIAL_PLUS_TP,4.9411764705882355,0.24285714285714288,False
SHORT_6_001,6.0,SHORT,2024-01-15T09:03:00.000000000Z,20.299999999999763,1.80000000000069,34,6.0,TP_HIT,14.299999999999763,2.0016806722689076,PARTIAL_PLUS_TP,4.9411764705882355,0.24285714285714288,False
SHORT_6_001,6.0,SHORT,2024-01-15T09:04:00.000000000Z,20.800000000000818,1.2999999999996348,33,6.0,TP_HIT,14.800000000000818,2.0016806722689076,PARTIAL_PLUS_TP,4.9411764705882355,0.24285714285714288,False
SHORT_6_001,6.0,SHORT,2024-01-15T09:05:00.000000000Z,20.800000000000818,1.2999999999996348,32,6.0,TP_HIT,14.800000000000818,2.0016806722689076,PARTIAL_PLUS_TP,4.9411764705882355,0.24285714285714288,False
SHORT_6_001,6.0,SHORT,2024-01-15T09:06:00.000000000Z,21.800000000000708,0.2999999999997449,30,6.0,TP_HIT,15.800000000000708,2.0016806722689076,PARTIAL_PLUS_TP,4.9411764705882355,0.24285714285714288,False
SHORT_6_001,6.0,SHORT,2024-01-15T09:07:00.000000000Z,21.299999999999653,0.8000000000008001,30,6.0,TP_HIT,15.299999999999653,2.0016806722689076,PARTIAL_PLUS_TP,4.9411764705882355,0.24285714285714288,False
SHORT_6_001,6.0,SHORT,2024-01-15T09:08:00.000000000Z,20.599999999999508,1.500000000000945,29,6.0,TP_HIT,14.599999999999508,2.0016806722689076,PARTIAL_PLUS_TP,4.9411764705882355,0.24285714285714288,False
SHORT_6_001,6.0,SHORT,2024-01-15T09:09:00.000000000Z,21.199999999998997,0.9000000000014552,28,6.0,TP_HIT,15.199999999998997,2.0016806722689076,PARTIAL_PLUS_TP,4.9411764705882355,0.24285714285714288,False
SHORT_6_001,6.0,SHORT,2024-01-15T09:10:00.000000000Z,21.400000000000308,0.700000000000145,27,6.0,TP_HIT,15.400000000000308,2.0016806722689076,PARTIAL_PLUS_TP,4.9411764705882355,0.24285714285714288,False
SHORT_6_001,6.0,SHORT,2024-01-15T09:11:00.000000000Z,21.700000000000053,0.40000000000040004,26,6.0,TP_HIT,15.700000000000053,2.0016806722689076,PARTIAL_PLUS_TP,4.9411764705882355,0.24285714285714288,False
SHORT_6_001,6.0,SHORT,2024-01-15T09:12:00.000000000Z,21.999999999999797,0.10000000000065512,23,6.0,TP_HIT,15.999999999999797,2.0016806722689076,PARTIAL_PLUS_TP,4.9411764705882355,0.24285714285714288,False
SHORT_6_001,6.0,SHORT,2024-01-15T09:13:00.000000000Z,20.299999999999763,1.80000000000069,24,6.0,TP_HIT,14.299999999999763,2.0016806722689076,PARTIAL_PLUS_TP,4.9411764705882355,0.24285714285714288,False
SHORT_6_001,6.0,SHORT,2024-01-15T09:14:00.000000000Z,21.299999999999653,0.8000000000008001,23,6.0,TP_HIT,15.299999999999653,2.0016806722689076,PARTIAL_PLUS_TP,4.9411764705882355,0.24285714285714288,False
SHORT_6_001,6.0,SHORT,2024-01-15T09:15:00.000000000Z,20.599999999999508,1.500000000000945,22,6.0,TP_HIT,14.599999999999508,2.0016806722689076,PARTIAL_PLUS_TP,4.9411764705882355,0.24285714285714288,False
SHORT_6_001,6.0,SHORT,2024-01-15T09:16:00.000000000Z,19.599999999999618,2.500000000000835,21,6.0,TP_HIT,13.599999999999618,2.0016806722689076,PARTIAL_PLUS_TP,4.9411764705882355,0.24285714285714288,False
SHORT_6_001,6.0,SHORT,2024-01-15T09:17:00.000000000Z,19.100000000000783,2.9999999999996696,20,6.0,TP_HIT,13.100000000000783,2.0016806722689076,PARTIAL_PLUS_TP,4.9411764705882355,0.24285714285714288,False
SHORT_6_001,6.0,SHORT,2024-01-15T09:18:00.000000000Z,18.599999999999728,3.5000000000007248,20,6.0,TP_HIT,12.599999999999728,2.0016806722689076,PARTIAL_PLUS_TP,4.9411764705882355,0.24285714285714288,False
SHORT_6_001,6.0,SHORT,2024-01-15T09:19:00.000000000Z,19.599999999999618,2.500000000000835,18,6.0,TP_HIT,13.599999999999618,2.0016806722689076,PARTIAL_PLUS_TP,4.9411764705882355,0.24285714285714288,False
SHORT_6_001,6.0,SHORT,2024-01-15T09:20:00.000000000Z,19.299999999999873,2.80000000000058,17,6.0,TP_HIT,13.299999999999873,2.0016806722689076,PARTIAL_PLUS_TP,4.9411764705882355,0.24285714285714288,False
SHORT_6_001,6.0,SHORT,2024-01-15T09:21:00.000000000Z,20.999999999999908,1.100000000000545,16,6.0,TP_HIT,14.999999999999908,2.0016806722689076,PARTIAL_PLUS_TP,4.9411764705882355,0.24285714285714288,False
SHORT_6_001,6.0,SHORT,2024-01-15T09:22:00.000000000Z,20.899999999999253,1.2000000000012,15,6.0,TP_HIT,14.899999999999253,2.0016806722689076,PARTIAL_PLUS_TP,4.9411764705882355,0.24285714285714288,False
SHORT_6_001,6.0,SHORT,2024-01-15T09:23:00.000000000Z,20.400000000000418,1.7000000000000348,14,6.0,TP_HIT,14.400000000000418,2.0016806722689076,PARTIAL_PLUS_TP,4.9411764705882355,0.24285714285714288,False
SHORT_6_001,6.0,SHORT,2024-01-15T09:24:00.000000000Z,20.199999999999108,1.900000000001345,13,6.0,TP_HIT,14.199999999999108,2.0016806722689076,PARTIAL_PLUS_TP,4.9411764705882355,0.24285714285714288,False
SHORT_6_001,6.0,SHORT,2024-01-15T09:25:00.000000000Z,19.400000000000528,2.6999999999999247,12,6.0,TP_HIT,13.400000000000528,2.0016806722689076,PARTIAL_PLUS_TP,4.9411764705882355,0.24285714285714288,False
SHORT_6_001,6.0,SHORT,2024-01-15T09:26:00.000000000Z,20.599999999999508,1.500000000000945,11,6.0,TP_HIT,14.599999999999508,2.0016806722689076,PARTIAL_PLUS_TP,4.9411764705882355,0.24285714285714288,False
SHORT_6_001,6.0,SHORT,2024-01-15T09:27:00.000000000Z,20.599999999999508,1.500000000000945,10,6.0,TP_HIT,14.599999999999508,2.0016806722689076,PARTIAL_PLUS_TP,4.9411764705882355,0.24285714285714288,False
SHORT_6_001,6.0,SHORT,2024-01-15T09:28:00.000000000Z,20.199999999999108,1.900000000001345,9,6.0,TP_HIT,14.199999999999108,2.0016806722689076,PARTIAL_PLUS_TP,4.9411764705882355,0.24285714285714288,False
SHORT_6_001,6.0,SHORT,2024-01-15T09:29:00.000000000Z,20.100000000000673,1.9999999999997797,8,6.0,TP_HIT,14.100000000000673,2.0016806722689076,PARTIAL_PLUS_TP,4.9411764705882355,0.24285714285714288,False
SHORT_6_001,6.0,SHORT,2024-01-15T09:30:00.000000000Z,22.100000000000453,0.0,5,6.0,TP_HIT,16.100000000000453,2.0016806722689076,PARTIAL_PLUS_TP,4.9411764705882355,0.24285714285714288,False
SHORT_6_001,6.0,SHORT,2024-01-15T09:31:00.000000000Z,20.599999999999508,0.0,6,6.0,TP_HIT,14.599999999999508,2.0016806722689076,PARTIAL_PLUS_TP,4.9411764705882355,0.24285714285714288,False
SHORT_6_001,6.0,SHORT,2024-01-15T09:32:00.000000000Z,20.199999999999108,0.0,5,6.0,TP_HIT,14.199999999999108,2.0016806722689076,PARTIAL_PLUS_TP,4.9411764705882355,0.24285714285714288,False
SHORT_6_001,6.0,SHORT,2024-01-15T09:33:00.000000000Z,20.199999999999108,0.0,4,6.0,TP_HIT,14.199999999999108,2.0016806722689076,PARTIAL_PLUS_TP,4.9411764705882355,0.24285714285714288,False
SHORT_6_001,6.0,SHORT,2024-01-15T09:34:00.000000000Z,18.400000000000638,0.0,4,6.0,TP_HIT,12.400000000000638,2.0016806722689076,PARTIAL_PLUS_TP,4.9411764705882355,0.24285714285714288,False
SHORT_6_001,6.0,SHORT,2024-01-15T09:35:00.000000000Z,15.899999999999803,0.0,27,6.0,TP_HIT,9.899999999999803,2.0016806722689076,PARTIAL_PLUS_TP,4.9411764705882355,0.24285714285714288,False
SHORT_6_001,6.0,SHORT,2024-01-15T09:36:00.000000000Z,15.799999999999148,0.0,26,6.0,TP_HIT,9.799999999999148,2.0016806722689076,PARTIAL_PLUS_TP,4.9411764705882355,0.24285714285714288,False
SHORT_6_001,6.0,SHORT,2024-01-15T09:37:00.000000000Z,12.600000000000389,1.5999999999993797,32,6.0,TP_HIT,6.600000000000389,2.0016806722689076,PARTIAL_PLUS_TP,4.9411764705882355,0.24285714285714288,False
SHORT_6_001,6.0,SHORT,2024-01-15T09:38:00.000000000Z,11.300000000000754,2.8999999999990145,32,6.0,TP_HIT,5.300000000000754,2.0016806722689076,PARTIAL_PLUS_TP,4.9411764705882355,0.24285714285714288,False
SHORT_6_001,6.0,SHORT,2024-01-15T09:39:00.000000000Z,13.499999999999623,0.700000000000145,25,6.0,TP_HIT,7.499999999999623,2.0016806722689076,PARTIAL_PLUS_TP,4.9411764705882355,0.24285714285714288,False
SHORT_6_001,6.0,SHORT,2024-01-15T09:40:00.000000000Z,13.199999999999878,0.9999999999998899,24,6.0,TP_HIT,7.1999999999998785,2.0016806722689076,PARTIAL_PLUS_TP,4.9411764705882355,0.24285714285714288,False
SHORT_6_001,6.0,SHORT,2024-01-15T09:41:00.000000000Z,13.699999999998713,0.5000000000010552,23,6.0,TP_HIT,7.699999999998713,2.0016806722689076,PARTIAL_PLUS_TP,4.9411764705882355,0.24285714285714288,False
SHORT_6_001,6.0,SHORT,2024-01-15T09:42:00.000000000Z,13.300000000000534,0.8999999999992347,22,6.0,TP_HIT,7.300000000000534,2.0016806722689076,PARTIAL_PLUS_TP,4.9411764705882355,0.24285714285714288,False
SHORT_6_001,6.0,SHORT,2024-01-15T09:43:00.000000000Z,13.000000000000789,1.1999999999989797,21,6.0,TP_HIT,7.000000000000789,2.0016806722689076,PARTIAL_PLUS_TP,4.9411764705882355,0.24285714285714288,False
SHORT_6_001,6.0,SHORT,2024-01-15T09:44:00.000000000Z,12.000000000000899,2.1999999999988695,25,6.0,TP_HIT,6.000000000000899,2.0016806722689076,PARTIAL_PLUS_TP,4.9411764705882355,0.24285714285714288,False
SHORT_6_001,6.0,SHORT,2024-01-15T09:45:00.000000000Z,13.000000000000789,1.1999999999989797,19,6.0,TP_HIT,7.000000000000789,2.0016806722689076,PARTIAL_PLUS_TP,4.9411764705882355,0.24285714285714288,False
SHORT_6_001,6.0,SHORT,2024-01-15T09:46:00.000000000Z,12.699999999998823,1.500000000000945,23,6.0,TP_HIT,6.699999999998823,2.0016806722689076,PARTIAL_PLUS_TP,4.9411764705882355,0.24285714285714288,False
SHORT_6_001,6.0,SHORT,2024-01-15T09:47:00.000000000Z,10.499999999999954,3.6999999999998145,25,6.0,TP_HIT,4.499999999999954,2.0016806722689076,PARTIAL_PLUS_TP,4.9411764705882355,0.24285714285714288,False
SHORT_6_001,6.0,SHORT,2024-01-15T09:48:00.000000000Z,11.399999999999189,2.80000000000058,22,6.0,TP_HIT,5.399999999999189,2.0016806722689076,PARTIAL_PLUS_TP,4.9411764705882355,0.24285714285714288,False
SHORT_6_001,6.0,SHORT,2024-01-15T09:49:00.000000000Z,13.199999999999878,0.9999999999998899,15,6.0,TP_HIT,7.1999999999998785,2.0016806722689076,PARTIAL_PLUS_TP,4.9411764705882355,0.24285714285714288,False
SHORT_6_001,6.0,SHORT,2024-01-15T09:50:00.000000000Z,12.300000000000644,1.8999999999991246,19,6.0,TP_HIT,6.300000000000644,2.0016806722689076,PARTIAL_PLUS_TP,4.9411764705882355,0.24285714285714288,False
SHORT_6_001,6.0,SHORT,2024-01-15T09:51:00.000000000Z,10.799999999999699,3.4000000000000696,19,6.0,TP_HIT,4.799999999999699,2.0016806722689076,PARTIAL_PLUS_TP,4.9411764705882355,0.24285714285714288,False
SHORT_6_001,6.0,SHORT,2024-01-15T09:52:00.000000000Z,11.200000000000099,2.9999999999996696,18,6.0,TP_HIT,5.200000000000099,2.0016806722689076,PARTIAL_PLUS_TP,4.9411764705882355,0.24285714285714288,False
SHORT_6_001,6.0,SHORT,2024-01-15T09:53:00.000000000Z,11.799999999999589,2.4000000000001798,16,6.0,TP_HIT,5.799999999999589,2.0016806722689076,PARTIAL_PLUS_TP,4.9411764705882355,0.24285714285714288,False
SHORT_6_001,6.0,SHORT,2024-01-15T09:54:00.000000000Z,12.199999999999989,1.9999999999997797,15,6.0,TP_HIT,6.199999999999989,2.0016806722689076,PARTIAL_PLUS_TP,4.9411764705882355,0.24285714285714288,False
SHORT_6_001,6.0,SHORT,2024-01-15T09:55:00.000000000Z,14.199999999999768,0.0,9,6.0,TP_HIT,8.199999999999768,2.0016806722689076,PARTIAL_PLUS_TP,4.9411764705882355,0.24285714285714288,False
SHORT_6_001,6.0,SHORT,2024-01-15T09:56:00.000000000Z,14.000000000000679,0.0,8,6.0,TP_HIT,8.000000000000679,2.0016806722689076,PARTIAL_PLUS_TP,4.9411764705882355,0.24285714285714288,False
SHORT_6_001,6.0,SHORT,2024-01-15T09:57:00.000000000Z,13.000000000000789,0.0,7,6.0,TP_HIT,7.000000000000789,2.0016806722689076,PARTIAL_PLUS_TP,4.9411764705882355,0.24285714285714288,False
SHORT_6_001,6.0,SHORT,2024-01-15T09:58:00.000000000Z,12.199999999999989,2.100000000000435,11,6.0,TP_HIT,6.199999999999989,2.0016806722689076,PARTIAL_PLUS_TP,4.9411764705882355,0.24285714285714288,False
SHORT_6_001,6.0,SHORT,2024-01-15T09:59:00.000000000Z,13.000000000000789,1.2999999999996348,5,6.0,TP_HIT,7.000000000000789,2.0016806722689076,PARTIAL_PLUS_TP,4.9411764705882355,0.24285714285714288,False
SHORT_6_001,6.0,SHORT,2024-01-15T10:00:00.000000000Z,10.300000000000864,4.799999999998139,12,6.0,TP_HIT,4.300000000000864,2.0016806722689076,PARTIAL_PLUS_TP,4.9411764705882355,0.24285714285714288,False
SHORT_6_001,6.0,SHORT,2024-01-15T10:01:00.000000000Z,10.300000000000864,4.799999999998139,11,6.0,TP_HIT,4.300000000000864,2.0016806722689076,PARTIAL_PLUS_TP,4.9411764705882355,0.24285714285714288,False
SHORT_6_001,6.0,SHORT,2024-01-15T10:02:00.000000000Z,9.200000000000319,5.899999999998684,14,6.0,TP_HIT,3.200000000000319,2.0016806722689076,PARTIAL_PLUS_TP,4.9411764705882355,0.24285714285714288,False
SHORT_6_001,6.0,SHORT,2024-01-15T10:03:00.000000000Z,8.20000000000043,6.899999999998574,14,6.0,TP_HIT,2.200000000000429,-3.3428571428571425,PARTIAL_THEN_SL,4.9411764705882355,0.24285714285714288,False
SHORT_6_001,6.0,SHORT,2024-01-15T10:04:00.000000000Z,6.699999999999484,8.399999999999519,14,6.0,TP_HIT,0.6999999999994841,-3.3428571428571425,PARTIAL_THEN_SL,4.9411764705882355,0.24285714285714288,False
SHORT_6_001,6.0,SHORT,2024-01-15T10:05:00.000000000Z,7.200000000000539,7.899999999998464,13,6.0,TP_HIT,1.2000000000005393,-3.3428571428571425,PARTIAL_THEN_SL,4.9411764705882355,0.24285714285714288,False
SHORT_6_001,6.0,SHORT,2024-01-15T10:06:00.000000000Z,7.900000000000684,7.199999999998319,12,6.0,TP_HIT,1.9000000000006843,-3.3428571428571425,PARTIAL_THEN_SL,4.9411764705882355,0.24285714285714288,False
SHORT_6_001,6.0,SHORT,2024-01-15T10:07:00.000000000Z,7.699999999999374,7.399999999999629,11,6.0,TP_HIT,1.699999999999374,-3.3428571428571425,PARTIAL_THEN_SL,4.9411764705882355,0.24285714285714288,False
SHORT_6_001,6.0,SHORT,2024-01-15T10:08:00.000000000Z,7.599999999998719,7.500000000000284,10,6.0,TP_HIT,1.599999999998719,-3.3428571428571425,PARTIAL_THEN_SL,4.9411764705882355,0.24285714285714288,False
SHORT_6_001,6.0,SHORT,2024-01-15T10:09:00.000000000Z,5.599999999998939,9.500000000000064,101,-6.0,SL_HIT,0.0,-3.3428571428571425,PARTIAL_THEN_SL,4.9411764705882355,0.24285714285714288,True
SHORT_6_001,6.0,SHORT,2024-01-15T10:10:00.000000000Z,4.599999999999049,10.499999999999954,101,-6.0,SL_HIT,0.0,-6.0,SL_HIT,4.9411764705882355,0.24285714285714288,True
SHORT_6_001,6.0,SHORT,2024-01-15T10:11:00.000000000Z,5.399999999999849,9.699999999999154,101,-6.0,SL_HIT,0.0,-3.3428571428571425,PARTIAL_THEN_SL,4.9411764705882355,0.24285714285714288,True
SHORT_6_001,6.0,SHORT,2024-01-15T10:12:00.000000000Z,3.9999999999995595,11.099999999999444,101,-6.0,SL_HIT,0.0,-6.0,SL_HIT,4.9411764705882355,0.24285714285714288,True
SHORT_6_001,6.0,SHORT,2024-01-15T10:13:00.000000000Z,4.20000000000087,10.899999999998133,101,-6.0,SL_HIT,0.0,-6.0,SL_HIT,4.9411764705882355,0.24285714285714288,True
SHORT_6_001,6.0,SHORT,2024-01-15T10:14:00.000000000Z,4.899999999998794,10.200000000000209,101,-6.0,SL_HIT,0.0,-6.0,SL_HIT,4.9411764705882355,0.24285714285714288,True
SHORT_6_001,6.0,SHORT,2024-01-15T10:15:00.000000000Z,3.4000000000000696,11.699999999998933,101,-6.0,SL_HIT,0.0,-6.0,SL_HIT,4.9411764705882355,0.24285714285714288,True
SHORT_6_001,6.0,SHORT,2024-01-15T10:16:00.000000000Z,3.1999999999987594,11.900000000000244,101,-6.0,SL_HIT,0.0,-6.0,SL_HIT,4.9411764705882355,0.24285714285714288,True
SHORT_6_001,6.0,SHORT,2024-01-15T10:17:00.000000000Z,1.9999999999997797,13.099999999999223,101,-6.0,SL_HIT,0.0,-6.0,SL_HIT,4.9411764705882355,0.24285714285714288,True
SHORT_6_001,6.0,SHORT,2024-01-15T10:18:00.000000000Z,0.2999999999997449,14.799999999999258,101,-6.0,SL_HIT,0.0,-6.0,SL_HIT,4.9411764705882355,0.24285714285714288,True
SHORT_6_002,6.0,SHORT,2024-01-15T11:38:00.000000000Z,6.099999999999994,10.099999999999554,14,6.0,TP_HIT,0.09999999999999432,-3.3428571428571425,PARTIAL_THEN_SL,4.9411764705882355,0.24285714285714288,False
SHORT_6_002,6.0,SHORT,2024-01-15T11:39:00.000000000Z,5.999999999999339,10.200000000000209,101,-6.0,SL_HIT,0.0,-3.3428571428571425,PARTIAL_THEN_SL,4.9411764705882355,0.24285714285714288,True
SHORT_6_002,6.0,SHORT,2024-01-15T11:40:00.000000000Z,6.899999999998574,9.300000000000974,12,6.0,TP_HIT,0.8999999999985739,-3.3428571428571425,PARTIAL_THEN_SL,4.9411764705882355,0.24285714285714288,False
SHORT_6_002,6.0,SHORT,2024-01-15T11:41:00.000000000Z,3.9999999999995595,12.199999999999989,101,-6.0,SL_HIT,0.0,-6.0,SL_HIT,4.9411764705882355,0.24285714285714288,True
SHORT_6_002,6.0,SHORT,2024-01-15T11:42:00.000000000Z,4.100000000000215,12.099999999999334,101,-6.0,SL_HIT,0.0,-6.0,SL_HIT,4.9411764705882355,0.24285714285714288,True
SHORT_6_002,6.0,SHORT,2024-01-15T11:43:00.000000000Z,4.599999999999049,11.600000000000499,101,-6.0,SL_HIT,0.0,-6.0,SL_HIT,4.9411764705882355,0.24285714285714288,True
SHORT_6_002,6.0,SHORT,2024-01-15T11:44:00.000000000Z,4.3999999999999595,11.799999999999589,101,-6.0,SL_HIT,0.0,-6.0,SL_HIT,4.9411764705882355,0.24285714285714288,True
SHORT_6_002,6.0,SHORT,2024-01-15T11:45:00.000000000Z,2.4000000000001798,13.799999999999368,101,-6.0,SL_HIT,0.0,-6.0,SL_HIT,4.9411764705882355,0.24285714285714288,True
SHORT_6_002,6.0,SHORT,2024-01-15T11:46:00.000000000Z,1.40000000000029,14.799999999999258,101,-6.0,SL_HIT,0.0,-6.0,SL_HIT,4.9411764705882355,0.24285714285714288,True
SHORT_6_002,6.0,SHORT,2024-01-15T11:47:00.000000000Z,3.9999999999995595,12.199999999999989,101,-6.0,SL_HIT,0.0,-6.0,SL_HIT,4.9411764705882355,0.24285714285714288,True
SHORT_6_002,6.0,SHORT,2024-01-15T11:48:00.000000000Z,4.100000000000215,12.099999999999334,101,-6.0,SL_HIT,0.0,-6.0,SL_HIT,4.9411764705882355,0.24285714285714288,True
SHORT_6_002,6.0,SHORT,2024-01-15T11:49:00.000000000Z,2.5999999999992696,13.600000000000279,101,-6.0,SL_HIT,0.0,-6.0,SL_HIT,4.9411764705882355,0.24285714285714288,True
SHORT_6_002,6.0,SHORT,2024-01-15T11:50:00.000000000Z,2.5999999999992696,13.600000000000279,101,-6.0,SL_HIT,0.0,-6.0,SL_HIT,4.9411764705882355,0.24285714285714288,True
SHORT_6_002,6.0,SHORT,2024-01-15T11:51:00.000000000Z,2.4999999999986144,13.700000000000934,101,-6.0,SL_HIT,0.0,-6.0,SL_HIT,4.9411764705882355,0.24285714285714288,True
SHORT_6_002,6.0,SHORT,2024-01-15T11:52:00.000000000Z,0.0,16.199999999999548,101,-6.0,SL_HIT,0.0,-6.0,SL_HIT,4.9411764705882355,0.24285714285714288,True
SHORT_6_003,6.0,SHORT,2024-01-15T12:09:00.000000000Z,6.500000000000394,6.900000000000794,60,-6.0,SL_HIT,0.5000000000003944,-6.0,SL_HIT,4.9411764705882355,0.24285714285714288,True
SHORT_6_003,6.0,SHORT,2024-01-15T12:10:00.000000000Z,6.800000000000139,6.6000000000010495,59,-6.0,SL_HIT,0.8000000000001393,-6.0,SL_HIT,4.9411764705882355,0.24285714285714288,True
SHORT_6_003,6.0,SHORT,2024-01-15T12:11:00.000000000Z,7.200000000000539,6.200000000000649,58,-6.0,SL_HIT,1.2000000000005393,-3.3428571428571425,PARTIAL_THEN_SL,4.9411764705882355,0.24285714285714288,True
SHORT_6_003,6.0,SHORT,2024-01-15T12:12:00.000000000Z,7.900000000000684,5.5000000000005045,57,6.0,TP_HIT,1.9000000000006843,2.0016806722689076,PARTIAL_PLUS_TP,4.9411764705882355,0.24285714285714288,False
SHORT_6_003,6.0,SHORT,2024-01-15T12:13:00.000000000Z,9.40000000000163,3.9999999999995595,20,6.0,TP_HIT,3.4000000000016293,2.0016806722689076,PARTIAL_PLUS_TP,4.9411764705882355,0.24285714285714288,False
SHORT_6_003,6.0,SHORT,2024-01-15T12:14:00.000000000Z,10.000000000001119,3.4000000000000696,19,6.0,TP_HIT,4.000000000001119,2.0016806722689076,PARTIAL_PLUS_TP,4.9411764705882355,0.24285714285714288,False
SHORT_6_003,6.0,SHORT,2024-01-15T12:15:00.000000000Z,10.000000000001119,3.4000000000000696,18,6.0,TP_HIT,4.000000000001119,2.0016806722689076,PARTIAL_PLUS_TP,4.9411764705882355,0.24285714285714288,False
SHORT_6_003,6.0,SHORT,2024-01-15T12:16:00.000000000Z,9.900000000000464,3.5000000000007248,17,6.0,TP_HIT,3.900000000000464,2.0016806722689076,PARTIAL_PLUS_TP,4.9411764705882355,0.24285714285714288,False
SHORT_6_003,6.0,SHORT,2024-01-15T12:17:00.000000000Z,11.200000000000099,2.20000000000109,13,6.0,TP_HIT,5.200000000000099,2.0016806722689076,PARTIAL_PLUS_TP,4.9411764705882355,0.24285714285714288,False
SHORT_6_003,6.0,SHORT,2024-01-15T12:18:00.000000000Z,11.800000000001809,1.5999999999993797,10,6.0,TP_HIT,5.800000000001809,2.0016806722689076,PARTIAL_PLUS_TP,4.9411764705882355,0.24285714285714288,False
SHORT_6_003,6.0,SHORT,2024-01-15T12:19:00.000000000Z,9.500000000000064,3.900000000001125,14,6.0,TP_HIT,3.500000000000064,2.0016806722689076,PARTIAL_PLUS_TP,4.9411764705882355,0.24285714285714288,False
SHORT_6_003,6.0,SHORT,2024-01-15T12:20:00.000000000Z,9.600000000000719,3.8000000000004697,13,6.0,TP_HIT,3.600000000000719,2.0016806722689076,PARTIAL_PLUS_TP,4.9411764705882355,0.24285714285714288,False
SHORT_6_003,6.0,SHORT,2024-01-15T12:21:00.000000000Z,10.200000000000209,3.20000000000098,12,6.0,TP_HIT,4.200000000000209,2.0016806722689076,PARTIAL_PLUS_TP,4.9411764705882355,0.24285714285714288,False
SHORT_6_003,6.0,SHORT,2024-01-15T12:22:00.000000000Z,9.200000000000319,4.20000000000087,11,6.0,TP_HIT,3.200000000000319,2.0016806722689076,PARTIAL_PLUS_TP,4.9411764705882355,0.24285714285714288,False
SHORT_6_003,6.0,SHORT,2024-01-15T12:23:00.000000000Z,7.600000000000939,5.800000000000249,46,6.0,TP_HIT,1.6000000000009393,2.0016806722689076,PARTIAL_PLUS_TP,4.9411764705882355,0.24285714285714288,False
SHORT_6_003,6.0,SHORT,2024-01-15T12:24:00.000000000Z,7.200000000000539,6.200000000000649,45,-6.0,SL_HIT,1.2000000000005393,-3.3428571428571425,PARTIAL_THEN_SL,4.9411764705882355,0.24285714285714288,True
SHORT_6_003,6.0,SHORT,2024-01-15T12:25:00.000000000Z,7.999999999999119,6.6000000000010495,44,-6.0,SL_HIT,1.999999999999119,-6.0,SL_HIT,4.9411764705882355,0.24285714285714288,True
SHORT_6_003,6.0,SHORT,2024-01-15T12:26:00.000000000Z,12.100000000001554,4.699999999999704,7,6.0,TP_HIT,6.100000000001554,2.0016806722689076,PARTIAL_PLUS_TP,4.9411764705882355,0.24285714285714288,False
SHORT_6_003,6.0,SHORT,2024-01-15T12:27:00.000000000Z,10.499999999999954,6.800000000000139,42,-6.0,SL_HIT,4.499999999999954,-6.0,SL_HIT,4.9411764705882355,0.24285714285714288,True
SHORT_6_003,6.0,SHORT,2024-01-15T12:28:00.000000000Z,10.399999999999299,7.600000000000939,97,-6.0,SL_HIT,4.399999999999299,-6.0,SL_HIT,4.9411764705882355,0.24285714285714288,True
SHORT_6_003,6.0,SHORT,2024-01-15T12:29:00.000000000Z,10.399999999999299,7.600000000000939,96,-6.0,SL_HIT,4.399999999999299,-6.0,SL_HIT,4.9411764705882355,0.24285714285714288,True
SHORT_6_003,6.0,SHORT,2024-01-15T12:30:00.000000000Z,9.200000000000319,8.799999999999919,96,-6.0,SL_HIT,3.200000000000319,-6.0,SL_HIT,4.9411764705882355,0.24285714285714288,True
SHORT_6_003,6.0,SHORT,2024-01-15T12:31:00.000000000Z,8.999999999999009,9.00000000000123,95,-6.0,SL_HIT,2.999999999999009,-6.0,SL_HIT,4.9411764705882355,0.24285714285714288,True
SHORT_6_003,6.0,SHORT,2024-01-15T12:32:00.000000000Z,9.200000000000319,8.799999999999919,94,-6.0,SL_HIT,3.200000000000319,-6.0,SL_HIT,4.9411764705882355,0.24285714285714288,True
SHORT_6_003,6.0,SHORT,2024-01-15T12:33:00.000000000Z,6.800000000000139,11.200000000000099,94,-6.0,SL_HIT,0.8000000000001393,-6.0,SL_HIT,4.9411764705882355,0.24285714285714288,True
SHORT_6_003,6.0,SHORT,2024-01-15T12:34:00.000000000Z,11.300000000000754,6.999999999999229,35,-6.0,SL_HIT,5.300000000000754,-6.0,SL_HIT,4.9411764705882355,0.24285714285714288,True
SHORT_6_003,6.0,SHORT,2024-01-15T12:35:00.000000000Z,10.300000000000864,7.999999999999119,90,-6.0,SL_HIT,4.300000000000864,-6.0,SL_HIT,4.9411764705882355,0.24285714285714288,True
SHORT_6_003,6.0,SHORT,2024-01-15T12:36:00.000000000Z,10.999999999998789,7.300000000001194,33,-6.0,SL_HIT,4.9999999999987885,-6.0,SL_HIT,4.9411764705882355,0.24285714285714288,True
SHORT_6_003,6.0,SHORT,2024-01-15T12:37:00.000000000Z,10.099999999999554,8.20000000000043,88,-6.0,SL_HIT,4.099999999999554,-6.0,SL_HIT,4.9411764705882355,0.24285714285714288,True
SHORT_6_003,6.0,SHORT,2024-01-15T12:38:00.000000000Z,8.099999999999774,10.200000000000209,88,-6.0,SL_HIT,2.099999999999774,-6.0,SL_HIT,4.9411764705882355,0.24285714285714288,True
SHORT_6_003,6.0,SHORT,2024-01-15T12:39:00.000000000Z,12.199999999999989,6.6000000000010495,30,-6.0,SL_HIT,6.199999999999989,-6.0,SL_HIT,4.9411764705882355,0.24285714285714288,True
SHORT_6_003,6.0,SHORT,2024-01-15T12:40:00.000000000Z,16.20000000000177,2.5999999999992696,24,6.0,TP_HIT,10.200000000001769,2.0016806722689076,PARTIAL_PLUS_TP,4.9411764705882355,0.24285714285714288,False
SHORT_6_003,6.0,SHORT,2024-01-15T12:41:00.000000000Z,19.000000000000128,0.0,19,6.0,TP_HIT,13.000000000000128,2.1,PARTIAL_PLUS_TP,4.9411764705882355,0.24285714285714288,False
SHORT_6_003,6.0,SHORT,2024-01-15T12:42:00.000000000Z,16.099999999998893,1.7000000000000348,24,6.0,TP_HIT,10.099999999998893,2.0016806722689076,PARTIAL_PLUS_TP,4.9411764705882355,0.24285714285714288,False
SHORT_6_003,6.0,SHORT,2024-01-15T12:43:00.000000000Z,17.599999999999838,0.1999999999990898,21,6.0,TP_HIT,11.599999999999838,2.0016806722689076,PARTIAL_PLUS_TP,4.9411764705882355,0.24285714285714288,False
SHORT_6_003,6.0,SHORT,2024-01-15T12:44:00.000000000Z,15.199999999999658,2.5999999999992696,24,6.0,TP_HIT,9.199999999999658,2.0016806722689076,PARTIAL_PLUS_TP,4.9411764705882355,0.24285714285714288,False
SHORT_6_003,6.0,SHORT,2024-01-15T12:45:00.000000000Z,15.000000000000568,2.7999999999983594,23,6.0,TP_HIT,9.000000000000568,2.0016806722689076,PARTIAL_PLUS_TP,4.9411764705882355,0.24285714285714288,False
SHORT_6_003,6.0,SHORT,2024-01-15T12:46:00.000000000Z,13.399999999998968,4.3999999999999595,23,6.0,TP_HIT,7.399999999998968,2.0016806722689076,PARTIAL_PLUS_TP,4.9411764705882355,0.24285714285714288,False
SHORT_6_003,6.0,SHORT,2024-01-15T12:47:00.000000000Z,14.399999999998858,3.4000000000000696,21,6.0,TP_HIT,8.399999999998858,2.0016806722689076,PARTIAL_PLUS_TP,4.9411764705882355,0.24285714285714288,False
SHORT_6_003,6.0,SHORT,2024-01-15T12:48:00.000000000Z,14.799999999999258,2.9999999999996696,20,6.0,TP_HIT,8.799999999999258,2.0016806722689076,PARTIAL_PLUS_TP,4.9411764705882355,0.24285714285714288,False
SHORT_6_003,6.0,SHORT,2024-01-15T12:49:00.000000000Z,16.199999999999548,1.5999999999993797,17,6.0,TP_HIT,10.199999999999548,2.0016806722689076,PARTIAL_PLUS_TP,4.9411764705882355,0.24285714285714288,False
SHORT_6_003,6.0,SHORT,2024-01-15T12:50:00.000000000Z,17.100000000001003,0.6999999999979245,14,6.0,TP_HIT,11.100000000001003,2.0016806722689076,PARTIAL_PLUS_TP,4.9411764705882355,0.24285714285714288,False
SHORT_6_003,6.0,SHORT,2024-01-15T12:51:00.000000000Z,15.600000000000058,2.1999999999988695,17,6.0,TP_HIT,9.600000000000058,2.0016806722689076,PARTIAL_PLUS_TP,4.9411764705882355,0.24285714285714288,False
SHORT_6_003,6.0,SHORT,2024-01-15T12:52:00.000000000Z,16.799999999999038,0.9999999999998899,12,6.0,TP_HIT,10.799999999999038,2.0016806722689076,PARTIAL_PLUS_TP,4.9411764705882355,0.24285714285714288,False
SHORT_6_003,6.0,SHORT,2024-01-15T12:53:00.000000000Z,17.799999999998928,0.0,7,6.0,TP_HIT,11.799999999998928,2.0016806722689076,PARTIAL_PLUS_TP,4.9411764705882355,0.24285714285714288,False
SHORT_6_003,6.0,SHORT,2024-01-15T12:54:00.000000000Z,17.799999999998928,0.0,6,6.0,TP_HIT,11.799999999998928,2.0016806722689076,PARTIAL_PLUS_TP,4.9411764705882355,0.24285714285714288,False
SHORT_6_003,6.0,SHORT,2024-01-15T12:55:00.000000000Z,16.40000000000086,0.0,9,6.0,TP_HIT,10.400000000000858,2.0016806722689076,PARTIAL_PLUS_TP,4.9411764705882355,0.24285714285714288,False
SHORT_6_003,6.0,SHORT,2024-01-15T12:56:00.000000000Z,16.00000000000046,0.0,10,6.0,TP_HIT,10.000000000000458,2.0016806722689076,PARTIAL_PLUS_TP,4.9411764705882355,0.24285714285714288,False
SHORT_6_003,6.0,SHORT,2024-01-15T12:57:00.000000000Z,13.600000000000279,0.9999999999998899,12,6.0,TP_HIT,7.6000000000002785,2.0016806722689076,PARTIAL_PLUS_TP,4.9411764705882355,0.24285714285714288,False
SHORT_6_003,6.0,SHORT,2024-01-15T12:58:00.000000000Z,14.000000000000679,0.5999999999994898,11,6.0,TP_HIT,8.000000000000679,2.0016806722689076,PARTIAL_PLUS_TP,4.9411764705882355,0.24285714285714288,False
SHORT_6_003,6.0,SHORT,2024-01-15T12:59:00.000000000Z,14.600000000000168,0.0,9,6.0,TP_HIT,8.600000000000168,2.0016806722689076,PARTIAL_PLUS_TP,4.9411764705882355,0.24285714285714288,False
SHORT_6_003,6.0,SHORT,2024-01-15T13:00:00.000000000Z,11.699999999998933,1.6000000000016001,9,6.0,TP_HIT,5.6999999999989335,2.0016806722689076,PARTIAL_PLUS_TP,4.9411764705882355,0.24285714285714288,False
SHORT_6_003,6.0,SHORT,2024-01-15T13:01:00.000000000Z,13.000000000000789,0.2999999999997449,8,6.0,TP_HIT,7.000000000000789,2.0016806722689076,PARTIAL_PLUS_TP,4.9411764705882355,0.24285714285714288,False
SHORT_6_003,6.0,SHORT,2024-01-15T13:02:00.000000000Z,12.600000000000389,0.700000000000145,7,6.0,TP_HIT,6.600000000000389,2.0016806722689076,PARTIAL_PLUS_TP,4.9411764705882355,0.24285714285714288,False
SHORT_6_003,6.0,SHORT,2024-01-15T13:03:00.000000000Z,11.600000000000499,1.7000000000000348,6,6.0,TP_HIT,5.600000000000499,2.0016806722689076,PARTIAL_PLUS_TP,4.9411764705882355,0.24285714285714288,False
SHORT_6_003,6.0,SHORT,2024-01-15T13:04:00.000000000Z,10.200000000000209,3.1000000000003247,62,6.0,TP_HIT,4.200000000000209,2.0016806722689076,PARTIAL_PLUS_TP,4.9411764705882355,0.24285714285714288,False
SHORT_6_003,6.0,SHORT,2024-01-15T13:05:00.000000000Z,11.600000000000499,1.7000000000000348,4,6.0,TP_HIT,5.600000000000499,2.0016806722689076,PARTIAL_PLUS_TP,4.9411764705882355,0.24285714285714288,False
SHORT_6_003,6.0,SHORT,2024-01-15T13:06:00.000000000Z,9.999999999998899,3.300000000001635,60,6.0,TP_HIT,3.9999999999988987,2.0016806722689076,PARTIAL_PLUS_TP,4.9411764705882355,0.24285714285714288,False
SHORT_6_003,6.0,SHORT,2024-01-15T13:07:00.000000000Z,9.600000000000719,3.6999999999998145,59,6.0,TP_HIT,3.600000000000719,2.0016806722689076,PARTIAL_PLUS_TP,4.9411764705882355,0.24285714285714288,False
SHORT_6_003,6.0,SHORT,2024-01-15T13:08:00.000000000Z,8.20000000000043,5.1000000000001044,58,6.0,TP_HIT,2.200000000000429,2.0016806722689076,PARTIAL_PLUS_TP,4.9411764705882355,0.24285714285714288,False
SHORT_6_003,6.0,SHORT,2024-01-15T13:09:00.000000000Z,5.599999999998939,7.7000000000015945,101,-6.0,SL_HIT,0.0,-6.0,SL_HIT,4.9411764705882355,0.24285714285714288,True
SHORT_6_003,6.0,SHORT,2024-01-15T13:10:00.000000000Z,7.399999999999629,5.9000000000009045,58,6.0,TP_HIT,1.399999999999629,2.0016806722689076,PARTIAL_PLUS_TP,4.9411764705882355,0.24285714285714288,False
SHORT_6_003,6.0,SHORT,2024-01-15T13:11:00.000000000Z,8.799999999999919,4.500000000000615,55,6.0,TP_HIT,2.799999999999919,2.0016806722689076,PARTIAL_PLUS_TP,4.9411764705882355,0.24285714285714288,False
SHORT_6_003,6.0,SHORT,2024-01-15T13:12:00.000000000Z,7.600000000000939,5.699999999999594,56,6.0,TP_HIT,1.6000000000009393,2.0016806722689076,PARTIAL_PLUS_TP,4.9411764705882355,0.24285714285714288,False
SHORT_6_003,6.0,SHORT,2024-01-15T13:13:00.000000000Z,6.800000000000139,6.500000000000394,61,-6.0,SL_HIT,0.8000000000001393,-6.0,SL_HIT,4.9411764705882355,0.24285714285714288,True
SHORT_6_003,6.0,SHORT,2024-01-15T13:14:00.000000000Z,6.800000000000139,6.500000000000394,60,-6.0,SL_HIT,0.8000000000001393,-6.0,SL_HIT,4.9411764705882355,0.24285714285714288,True
SHORT_6_003,6.0,SHORT,2024-01-15T13:15:00.000000000Z,6.200000000000649,7.099999999999884,64,-6.0,SL_HIT,0.20000000000064944,-6.0,SL_HIT,4.9411764705882355,0.24285714285714288,True
SHORT_6_003,6.0,SHORT,2024-01-15T13:16:00.000000000Z,8.399999999999519,4.900000000001015,50,6.0,TP_HIT,2.399999999999519,2.0016806722689076,PARTIAL_PLUS_TP,4.9411764705882355,0.24285714285714288,False
SHORT_6_003,6.0,SHORT,2024-01-15T13:17:00.000000000Z,9.399999999999409,3.900000000001125,49,6.0,TP_HIT,3.399999999999409,2.0016806722689076,PARTIAL_PLUS_TP,4.9411764705882355,0.24285714285714288,False
SHORT_6_003,6.0,SHORT,2024-01-15T13:18:00.000000000Z,9.300000000000974,3.9999999999995595,48,6.0,TP_HIT,3.300000000000974,2.0016806722689076,PARTIAL_PLUS_TP,4.9411764705882355,0.24285714285714288,False
SHORT_6_003,6.0,SHORT,2024-01-15T13:19:00.000000000Z,11.200000000000099,2.100000000000435,46,6.0,TP_HIT,5.200000000000099,2.0016806722689076,PARTIAL_PLUS_TP,4.9411764705882355,0.24285714285714288,False
SHORT_6_003,6.0,SHORT,2024-01-15T13:20:00.000000000Z,11.200000000000099,2.100000000000435,45,6.0,TP_HIT,5.200000000000099,2.0016806722689076,PARTIAL_PLUS_TP,4.9411764705882355,0.24285714285714288,False
SHORT_6_003,6.0,SHORT,2024-01-15T13:21:00.000000000Z,11.200000000000099,2.100000000000435,44,6.0,TP_HIT,5.200000000000099,2.0016806722689076,PARTIAL_PLUS_TP,4.9411764705882355,0.24285714285714288,False
SHORT_6_003,6.0,SHORT,2024-01-15T13:22:00.000000000Z,9.600000000000719,3.6999999999998145,44,6.0,TP_HIT,3.600000000000719,2.0016806722689076,PARTIAL_PLUS_TP,4.9411764705882355,0.24285714285714288,False
SHORT_6_003,6.0,SHORT,2024-01-15T13:23:00.000000000Z,9.600000000000719,3.6999999999998145,43,6.0,TP_HIT,3.600000000000719,2.0016806722689076,PARTIAL_PLUS_TP,4.9411764705882355,0.24285714285714288,False
SHORT_6_003,6.0,SHORT,2024-01-15T13:24:00.000000000Z,9.200000000000319,4.100000000000215,42,6.0,TP_HIT,3.200000000000319,2.0016806722689076,PARTIAL_PLUS_TP,4.9411764705882355,0.24285714285714288,False
SHORT_6_003,6.0,SHORT,2024-01-15T13:25:00.000000000Z,10.399999999999299,2.900000000001235,41,6.0,TP_HIT,4.399999999999299,2.0016806722689076,PARTIAL_PLUS_TP,4.9411764705882355,0.24285714285714288,False
SHORT_6_003,6.0,SHORT,2024-01-15T13:26:00.000000000Z,9.200000000000319,4.100000000000215,40,6.0,TP_HIT,3.200000000000319,2.0016806722689076,PARTIAL_PLUS_TP,4.9411764705882355,0.24285714285714288,False
SHORT_6_003,6.0,SHORT,2024-01-15T13:27:00.000000000Z,10.300000000000864,2.9999999999996696,39,6.0,TP_HIT,4.300000000000864,2.0016806722689076,PARTIAL_PLUS_TP,4.9411764705882355,0.24285714285714288,False
SHORT_6_003,6.0,SHORT,2024-01-15T13:28:00.000000000Z,8.20000000000043,5.1000000000001044,38,6.0,TP_HIT,2.200000000000429,2.0016806722689076,PARTIAL_PLUS_TP,4.9411764705882355,0.24285714285714288,False
SHORT_6_003,6.0,SHORT,2024-01-15T13:29:00.000000000Z,8.20000000000043,5.1000000000001044,37,6.0,TP_HIT,2.200000000000429,2.0016806722689076,PARTIAL_PLUS_TP,4.9411764705882355,0.24285714285714288,False
SHORT_6_003,6.0,SHORT,2024-01-15T13:30:00.000000000Z,10.799999999999699,2.500000000000835,35,6.0,TP_HIT,4.799999999999699,2.0016806722689076,PARTIAL_PLUS_TP,4.9411764705882355,0.24285714285714288,False
SHORT_6_003,6.0,SHORT,2024-01-15T13:31:00.000000000Z,12.300000000000644,0.9999999999998899,34,6.0,TP_HIT,6.300000000000644,2.0016806722689076,PARTIAL_PLUS_TP,4.9411764705882355,0.24285714285714288,False
SHORT_6_003,6.0,SHORT,2024-01-15T13:32:00.000000000Z,12.399999999999078,0.9000000000014552,33,6.0,TP_HIT,6.399999999999078,2.0016806722689076,PARTIAL_PLUS_TP,4.9411764705882355,0.24285714285714288,False
SHORT_6_003,6.0,SHORT,2024-01-15T13:33:00.000000000Z,12.000000000000899,1.2999999999996348,32,6.0,TP_HIT,6.000000000000899,2.0016806722689076,PARTIAL_PLUS_TP,4.9411764705882355,0.24285714285714288,False
SHORT_6_003,6.0,SHORT,2024-01-15T13:34:00.000000000Z,12.700000000001044,0.5999999999994898,31,6.0,TP_HIT,6.700000000001044,2.0016806722689076,PARTIAL_PLUS_TP,4.9411764705882355,0.24285714285714288,False
SHORT_6_003,6.0,SHORT,2024-01-15T13:35:00.000000000Z,13.300000000000534,0.0,30,6.0,TP_HIT,7.300000000000534,2.0016806722689076,PARTIAL_PLUS_TP,4.9411764705882355,0.24285714285714288,False
SHORT_6_003,6.0,SHORT,2024-01-15T13:36:00.000000000Z,11.399999999999189,0.9000000000014552,29,6.0,TP_HIT,5.399999999999189,2.0016806722689076,PARTIAL_PLUS_TP,4.9411764705882355,0.24285714285714288,False
SHORT_6_003,6.0,SHORT,2024-01-15T13:37:00.000000000Z,9.900000000000464,2.4000000000001798,29,6.0,TP_HIT,3.900000000000464,2.0016806722689076,PARTIAL_PLUS_TP,4.9411764705882355,0.24285714285714288,False
SHORT_6_003,6.0,SHORT,2024-01-15T13:38:00.000000000Z,10.799999999999699,1.500000000000945,27,6.0,TP_HIT,4.799999999999699,2.0016806722689076,PARTIAL_PLUS_TP,4.9411764705882355,0.24285714285714288,False
SHORT_6_003,6.0,SHORT,2024-01-15T13:39:00.000000000Z,10.699999999999044,1.6000000000016001,26,6.0,TP_HIT,4.699999999999044,2.0016806722689076,PARTIAL_PLUS_TP,4.9411764705882355,0.24285714285714288,False
SHORT_6_003,6.0,SHORT,2024-01-15T13:40:00.000000000Z,9.999999999998899,2.300000000001745,26,6.0,TP_HIT,3.9999999999988987,2.0016806722689076,PARTIAL_PLUS_TP,4.9411764705882355,0.24285714285714288,False
SHORT_6_003,6.0,SHORT,2024-01-15T13:41:00.000000000Z,9.399999999999409,2.900000000001235,25,6.0,TP_HIT,3.399999999999409,2.0016806722689076,PARTIAL_PLUS_TP,4.9411764705882355,0.24285714285714288,False
SHORT_6_003,6.0,SHORT,2024-01-15T13:42:00.000000000Z,9.900000000000464,2.4000000000001798,24,6.0,TP_HIT,3.900000000000464,2.0016806722689076,PARTIAL_PLUS_TP,4.9411764705882355,0.24285714285714288,False
SHORT_6_003,6.0,SHORT,2024-01-15T13:43:00.000000000Z,10.200000000000209,2.100000000000435,23,6.0,TP_HIT,4.200000000000209,2.0016806722689076,PARTIAL_PLUS_TP,4.9411764705882355,0.24285714285714288,False
SHORT_6_003,6.0,SHORT,2024-01-15T13:44:00.000000000Z,10.600000000000609,1.7000000000000348,21,6.0,TP_HIT,4.600000000000609,2.0016806722689076,PARTIAL_PLUS_TP,4.9411764705882355,0.24285714285714288,False
SHORT_6_003,6.0,SHORT,2024-01-15T13:45:00.000000000Z,10.600000000000609,1.7000000000000348,20,6.0,TP_HIT,4.600000000000609,2.0016806722689076,PARTIAL_PLUS_TP,4.9411764705882355,0.24285714285714288,False
SHORT_6_003,6.0,SHORT,2024-01-15T13:46:00.000000000Z,10.200000000000209,2.100000000000435,20,6.0,TP_HIT,4.200000000000209,2.0016806722689076,PARTIAL_PLUS_TP,4.9411764705882355,0.24285714285714288,False
SHORT_6_003,6.0,SHORT,2024-01-15T13:47:00.000000000Z,9.799999999999809,2.500000000000835,19,6.0,TP_HIT,3.799999999999809,2.0016806722689076,PARTIAL_PLUS_TP,4.9411764705882355,0.24285714285714288,False
SHORT_6_003,6.0,SHORT,2024-01-15T13:48:00.000000000Z,10.200000000000209,2.100000000000435,18,6.0,TP_HIT,4.200000000000209,2.0016806722689076,PARTIAL_PLUS_TP,4.9411764705882355,0.24285714285714288,False
SHORT_6_003,6.0,SHORT,2024-01-15T13:49:00.000000000Z,11.000000000001009,1.2999999999996348,16,6.0,TP_HIT,5.000000000001009,2.0016806722689076,PARTIAL_PLUS_TP,4.9411764705882355,0.24285714285714288,False
SHORT_6_003,6.0,SHORT,2024-01-15T13:50:00.000000000Z,11.600000000000499,0.700000000000145,15,6.0,TP_HIT,5.600000000000499,2.0016806722689076,PARTIAL_PLUS_TP,4.9411764705882355,0.24285714285714288,False
SHORT_6_003,6.0,SHORT,2024-01-15T13:51:00.000000000Z,12.300000000000644,0.0,14,6.0,TP_HIT,6.300000000000644,2.0016806722689076,PARTIAL_PLUS_TP,4.9411764705882355,0.24285714285714288,False
SHORT_6_003,6.0,SHORT,2024-01-15T13:52:00.000000000Z,11.000000000001009,1.1999999999989797,13,6.0,TP_HIT,5.000000000001009,2.0016806722689076,PARTIAL_PLUS_TP,4.9411764705882355,0.24285714285714288,False
SHORT_6_003,6.0,SHORT,2024-01-15T13:53:00.000000000Z,10.499999999999954,1.7000000000000348,12,6.0,TP_HIT,4.499999999999954,2.0016806722689076,PARTIAL_PLUS_TP,4.9411764705882355,0.24285714285714288,False
SHORT_6_003,6.0,SHORT,2024-01-15T13:54:00.000000000Z,9.900000000000464,2.2999999999995246,12,6.0,TP_HIT,3.900000000000464,2.0016806722689076,PARTIAL_PLUS_TP,4.9411764705882355,0.24285714285714288,False
SHORT_6_003,6.0,SHORT,2024-01-15T13:55:00.000000000Z,10.600000000000609,1.5999999999993797,10,6.0,TP_HIT,4.600000000000609,2.0016806722689076,PARTIAL_PLUS_TP,4.9411764705882355,0.24285714285714288,False
SHORT_6_003,6.0,SHORT,2024-01-15T13:56:00.000000000Z,10.499999999999954,1.7000000000000348,9,6.0,TP_HIT,4.499999999999954,2.0016806722689076,PARTIAL_PLUS_TP,4.9411764705882355,0.24285714285714288,False
SHORT_6_003,6.0,SHORT,2024-01-15T13:57:00.000000000Z,10.700000000001264,1.9999999999997797,9,6.0,TP_HIT,4.700000000001264,2.0016806722689076,PARTIAL_PLUS_TP,4.9411764705882355,0.24285714285714288,False
SHORT_6_003,6.0,SHORT,2024-01-15T13:58:00.000000000Z,12.400000000001299,0.5999999999994898,7,6.0,TP_HIT,6.400000000001299,2.0016806722689076,PARTIAL_PLUS_TP,4.9411764705882355,0.24285714285714288,False
SHORT_6_003,6.0,SHORT,2024-01-15T13:59:00.000000000Z,12.199999999999989,0.8000000000008001,6,6.0,TP_HIT,6.199999999999989,2.0016806722689076,PARTIAL_PLUS_TP,4.9411764705882355,0.24285714285714288,False
SHORT_6_003,6.0,SHORT,2024-01-15T14:00:00.000000000Z,11.800000000001809,1.1999999999989797,5,6.0,TP_HIT,5.800000000001809,2.0016806722689076,PARTIAL_PLUS_TP,4.9411764705882355,0.24285714285714288,False
SHORT_6_003,6.0,SHORT,2024-01-15T14:01:00.000000000Z,13.000000000000789,0.0,4,6.0,TP_HIT,7.000000000000789,2.0016806722689076,PARTIAL_PLUS_TP,4.9411764705882355,0.24285714285714288,False
SHORT_6_003,6.0,SHORT,2024-01-15T14:02:00.000000000Z,10.40000000000152,0.0,4,6.0,TP_HIT,4.400000000001519,2.0016806722689076,PARTIAL_PLUS_TP,4.9411764705882355,0.24285714285714288,False
SHORT_6_003,6.0,SHORT,2024-01-15T14:03:00.000000000Z,9.00000000000123,0.0,3,6.0,TP_HIT,3.0000000000012292,2.0016806722689076,PARTIAL_PLUS_TP,4.9411764705882355,0.24285714285714288,False
SHORT_6_003,6.0,SHORT,2024-01-15T14:04:00.000000000Z,8.40000000000174,0.0,4,6.0,TP_HIT,2.4000000000017394,2.0016806722689076,PARTIAL_PLUS_TP,4.9411764705882355,0.24285714285714288,False
SHORT_6_003,6.0,SHORT,2024-01-15T14:05:00.000000000Z,5.20000000000076,2.9999999999996696,101,0.5999999999994898,TIMEOUT,0.0,1.2000000000000002,PARTIAL_ONLY,4.9411764705882355,0.24285714285714288,False
SHORT_6_003,6.0,SHORT,2024-01-15T14:06:00.000000000Z,2.9999999999996696,5.20000000000076,101,-0.10000000000065512,TIMEOUT,0.0,-0.10000000000065512,TIMEOUT,4.9411764705882355,0.24285714285714288,False
SHORT_6_003,6.0,SHORT,2024-01-15T14:07:00.000000000Z,2.500000000000835,5.699999999999594,101,-1.40000000000029,TIMEOUT,0.0,-1.40000000000029,TIMEOUT,4.9411764705882355,0.24285714285714288,False
SHORT_6_003,6.0,SHORT,2024-01-15T14:08:00.000000000Z,1.80000000000069,6.399999999999739,101,-6.0,SL_HIT,0.0,-6.0,SL_HIT,4.9411764705882355,0.24285714285714288,True
SHORT_6_003,6.0,SHORT,2024-01-15T14:09:00.000000000Z,2.80000000000058,5.399999999999849,101,-3.20000000000098,TIMEOUT,0.0,-3.20000000000098,TIMEOUT,4.9411764705882355,0.24285714285714288,False
SHORT_6_003,6.0,SHORT,2024-01-15T14:10:00.000000000Z,1.9999999999997797,6.500000000000394,101,-6.0,SL_HIT,0.0,-6.0,SL_HIT,4.9411764705882355,0.24285714285714288,True
SHORT_6_003,6.0,SHORT,2024-01-15T14:11:00.000000000Z,2.4000000000001798,6.399999999999739,101,-6.0,SL_HIT,0.0,-6.0,SL_HIT,4.9411764705882355,0.24285714285714288,True
SHORT_6_003,6.0,SHORT,2024-01-15T14:12:00.000000000Z,2.20000000000109,6.599999999998829,101,-6.0,SL_HIT,0.0,-6.0,SL_HIT,4.9411764705882355,0.24285714285714288,True
SHORT_6_003,6.0,SHORT,2024-01-15T14:13:00.000000000Z,2.300000000001745,7.899999999998464,101,-6.0,SL_HIT,0.0,-6.0,SL_HIT,4.9411764705882355,0.24285714285714288,True
SHORT_6_003,6.0,SHORT,2024-01-15T14:14:00.000000000Z,1.500000000000945,9.299999999998754,101,-6.0,SL_HIT,0.0,-6.0,SL_HIT,4.9411764705882355,0.24285714285714288,True
SHORT_6_003,6.0,SHORT,2024-01-15T14:15:00.000000000Z,2.4000000000001798,8.60000000000083,101,-6.0,SL_HIT,0.0,-6.0,SL_HIT,4.9411764705882355,0.24285714285714288,True
SHORT_6_003,6.0,SHORT,2024-01-15T14:16:00.000000000Z,2.500000000000835,8.500000000000174,101,-6.0,SL_HIT,0.0,-6.0,SL_HIT,4.9411764705882355,0.24285714285714288,True
SHORT_6_003,6.0,SHORT,2024-01-15T14:17:00.000000000Z,3.4000000000000696,8.40000000000174,101,-6.0,SL_HIT,0.0,-6.0,SL_HIT,4.9411764705882355,0.24285714285714288,True
SHORT_6_003,6.0,SHORT,2024-01-15T14:18:00.000000000Z,1.9999999999997797,10.40000000000152,101,-6.0,SL_HIT,0.0,-6.0,SL_HIT,4.9411764705882355,0.24285714285714288,True
SHORT_6_003,6.0,SHORT,2024-01-15T14:19:00.000000000Z,0.9999999999998899,11.400000000001409,101,-6.0,SL_HIT,0.0,-6.0,SL_HIT,4.9411764705882355,0.24285714285714288,True
SHORT_6_004,6.0,SHORT,2024-01-15T15:05:00.000000000Z,6.200000000000649,7.900000000000684,33,6.0,TP_HIT,0.20000000000064944,-3.3428571428571425,PARTIAL_THEN_SL,4.9411764705882355,0.24285714285714288,False
SHORT_6_004,6.0,SHORT,2024-01-15T15:06:00.000000000Z,6.099999999999994,8.00000000000134,32,6.0,TP_HIT,0.09999999999999432,-3.3428571428571425,PARTIAL_THEN_SL,4.9411764705882355,0.24285714285714288,False
SHORT_6_004,6.0,SHORT,2024-01-15T15:07:00.000000000Z,7.0000000000014495,7.099999999999884,5,6.0,TP_HIT,1.0000000000014495,-3.3428571428571425,PARTIAL_THEN_SL,4.9411764705882355,0.24285714285714288,False
SHORT_6_004,6.0,SHORT,2024-01-15T15:08:00.000000000Z,6.099999999999994,8.00000000000134,30,6.0,TP_HIT,0.09999999999999432,-3.3428571428571425,PARTIAL_THEN_SL,4.9411764705882355,0.24285714285714288,False
SHORT_6_004,6.0,SHORT,2024-01-15T15:09:00.000000000Z,5.9000000000009045,8.20000000000043,101,-6.0,SL_HIT,0.0,-3.3428571428571425,PARTIAL_THEN_SL,4.9411764705882355,0.24285714285714288,True
SHORT_6_004,6.0,SHORT,2024-01-15T15:10:00.000000000Z,5.1000000000001044,9.00000000000123,101,-6.0,SL_HIT,0.0,-3.3428571428571425,PARTIAL_THEN_SL,4.9411764705882355,0.24285714285714288,True
SHORT_6_004,6.0,SHORT,2024-01-15T15:11:00.000000000Z,3.4000000000000696,10.700000000001264,101,-6.0,SL_HIT,0.0,-6.0,SL_HIT,4.9411764705882355,0.24285714285714288,True
SHORT_6_004,6.0,SHORT,2024-01-15T15:12:00.000000000Z,0.8000000000008001,13.300000000000534,101,-6.0,SL_HIT,0.0,-6.0,SL_HIT,4.9411764705882355,0.24285714285714288,True
SHORT_6_004,6.0,SHORT,2024-01-15T15:13:00.000000000Z,2.60000000000149,11.499999999999844,101,-6.0,SL_HIT,0.0,-6.0,SL_HIT,4.9411764705882355,0.24285714285714288,True
SHORT_6_004,6.0,SHORT,2024-01-15T15:14:00.000000000Z,2.6999999999999247,11.400000000001409,101,-6.0,SL_HIT,0.0,-6.0,SL_HIT,4.9411764705882355,0.24285714285714288,True
SHORT_6_004,6.0,SHORT,2024-01-15T15:15:00.000000000Z,3.5000000000007248,10.600000000000609,101,-6.0,SL_HIT,0.0,-6.0,SL_HIT,4.9411764705882355,0.24285714285714288,True
SHORT_6_004,6.0,SHORT,2024-01-15T15:16:00.000000000Z,4.00000000000178,10.099999999999554,101,-6.0,SL_HIT,0.0,-6.0,SL_HIT,4.9411764705882355,0.24285714285714288,True
SHORT_6_004,6.0,SHORT,2024-01-15T15:17:00.000000000Z,2.9999999999996696,11.100000000001664,101,-6.0,SL_HIT,0.0,-6.0,SL_HIT,4.9411764705882355,0.24285714285714288,True
SHORT_6_004,6.0,SHORT,2024-01-15T15:18:00.000000000Z,2.80000000000058,11.300000000000754,101,-6.0,SL_HIT,0.0,-6.0,SL_HIT,4.9411764705882355,0.24285714285714288,True
SHORT_6_004,6.0,SHORT,2024-01-15T15:19:00.000000000Z,2.80000000000058,11.300000000000754,101,-6.0,SL_HIT,0.0,-6.0,SL_HIT,4.9411764705882355,0.24285714285714288,True
SHORT_6_004,6.0,SHORT,2024-01-15T15:20:00.000000000Z,2.500000000000835,11.600000000000499,101,-6.0,SL_HIT,0.0,-6.0,SL_HIT,4.9411764705882355,0.24285714285714288,True
SHORT_6_004,6.0,SHORT,2024-01-15T15:21:00.000000000Z,2.60000000000149,11.499999999999844,101,-6.0,SL_HIT,0.0,-6.0,SL_HIT,4.9411764705882355,0.24285714285714288,True
SHORT_6_004,6.0,SHORT,2024-01-15T15:22:00.000000000Z,4.8000000000003595,9.300000000000974,101,-6.0,SL_HIT,0.0,-6.0,SL_HIT,4.9411764705882355,0.24285714285714288,True
SHORT_6_004,6.0,SHORT,2024-01-15T15:23:00.000000000Z,2.9999999999996696,11.100000000001664,101,-6.0,SL_HIT,0.0,-6.0,SL_HIT,4.9411764705882355,0.24285714285714288,True
SHORT_6_004,6.0,SHORT,2024-01-15T15:24:00.000000000Z,5.00000000000167,9.099999999999664,101,-6.0,SL_HIT,0.0,-3.3428571428571425,PARTIAL_THEN_SL,4.9411764705882355,0.24285714285714288,True
SHORT_6_004,6.0,SHORT,2024-01-15T15:25:00.000000000Z,7.600000000000939,6.500000000000394,12,6.0,TP_HIT,1.6000000000009393,-3.3428571428571425,PARTIAL_THEN_SL,4.9411764705882355,0.24285714285714288,False
SHORT_6_004,6.0,SHORT,2024-01-15T15:26:00.000000000Z,8.20000000000043,5.9000000000009045,10,6.0,TP_HIT,2.200000000000429,2.0016806722689076,PARTIAL_PLUS_TP,4.9411764705882355,0.24285714285714288,False
SHORT_6_004,6.0,SHORT,2024-01-15T15:27:00.000000000Z,6.399999999999739,7.7000000000015945,10,6.0,TP_HIT,0.39999999999973923,-3.3428571428571425,PARTIAL_THEN_SL,4.9411764705882355,0.24285714285714288,False
SHORT_6_004,6.0,SHORT,2024-01-15T15:28:00.000000000Z,6.00000000000156,8.099999999999774,10,6.0,TP_HIT,1.55964130499342e-12,-3.3428571428571425,PARTIAL_THEN_SL,4.9411764705882355,0.24285714285714288,False
SHORT_6_004,6.0,SHORT,2024-01-15T15:29:00.000000000Z,6.900000000000794,7.200000000000539,8,6.0,TP_HIT,0.9000000000007944,-3.3428571428571425,PARTIAL_THEN_SL,4.9411764705882355,0.24285714285714288,False
SHORT_6_004,6.0,SHORT,2024-01-15T15:30:00.000000000Z,4.60000000000127,9.500000000000064,101,-6.0,SL_HIT,0.0,-6.0,SL_HIT,4.9411764705882355,0.24285714285714288,True
SHORT_6_004,6.0,SHORT,2024-01-15T15:31:00.000000000Z,4.00000000000178,10.099999999999554,101,-6.0,SL_HIT,0.0,-6.0,SL_HIT,4.9411764705882355,0.24285714285714288,True
SHORT_6_004,6.0,SHORT,2024-01-15T15:32:00.000000000Z,3.8000000000004697,10.300000000000864,101,-6.0,SL_HIT,0.0,-6.0,SL_HIT,4.9411764705882355,0.24285714285714288,True
SHORT_6_004,6.0,SHORT,2024-01-15T15:33:00.000000000Z,3.300000000001635,10.799999999999699,101,-6.0,SL_HIT,0.0,-6.0,SL_HIT,4.9411764705882355,0.24285714285714288,True
SHORT_6_004,6.0,SHORT,2024-01-15T15:34:00.000000000Z,2.9999999999996696,11.100000000001664,101,-6.0,SL_HIT,0.0,-6.0,SL_HIT,4.9411764705882355,0.24285714285714288,True
SHORT_6_004,6.0,SHORT,2024-01-15T15:35:00.000000000Z,2.500000000000835,11.600000000000499,101,-6.0,SL_HIT,0.0,-6.0,SL_HIT,4.9411764705882355,0.24285714285714288,True
SHORT_6_004,6.0,SHORT,2024-01-15T15:36:00.000000000Z,1.6000000000016001,12.499999999999734,101,-6.0,SL_HIT,0.0,-6.0,SL_HIT,4.9411764705882355,0.24285714285714288,True
SHORT_6_004,6.0,SHORT,2024-01-15T15:37:00.000000000Z,0.2999999999997449,13.800000000001589,101,-6.0,SL_HIT,0.0,-6.0,SL_HIT,4.9411764705882355,0.24285714285714288,True
SHORT_6_004,6.0,SHORT,2024-01-15T15:38:00.000000000Z,0.0,14.100000000001334,101,-6.0,SL_HIT,0.0,-6.0,SL_HIT,4.9411764705882355,0.24285714285714288,True
LONG_7_001,7.0,LONG,2024-01-15T10:04:00.000000000Z,8.399999999999519,6.699999999999484,94,7.0,TP_HIT,1.399999999999519,2.3000000000000003,PARTIAL_PLUS_TP,5.694915254237288,0.21071428571428574,False
LONG_7_001,7.0,LONG,2024-01-15T10:05:00.000000000Z,7.899999999998464,7.200000000000539,93,-7.0,SL_HIT,0.8999999999984638,-7.0,SL_HIT,5.694915254237288,0.21071428571428574,True
LONG_7_001,7.0,LONG,2024-01-15T10:06:00.000000000Z,7.199999999998319,7.900000000000684,94,-7.0,SL_HIT,0.19999999999831886,-7.0,SL_HIT,5.694915254237288,0.21071428571428574,True
LONG_7_001,7.0,LONG,2024-01-15T10:07:00.000000000Z,7.399999999999629,7.699999999999374,93,-7.0,SL_HIT,0.3999999999996291,-7.0,SL_HIT,5.694915254237288,0.21071428571428574,True
LONG_7_001,7.0,LONG,2024-01-15T10:08:00.000000000Z,7.500000000000284,7.599999999998719,92,-7.0,SL_HIT,0.5000000000002842,-7.0,SL_HIT,5.694915254237288,0.21071428571428574,True
LONG_7_001,7.0,LONG,2024-01-15T10:09:00.000000000Z,9.500000000000064,5.599999999998939,80,7.0,TP_HIT,2.500000000000064,2.2300847457627118,PARTIAL_PLUS_TP,5.694915254237288,0.21071428571428574,False
LONG_7_001,7.0,LONG,2024-01-15T10:10:00.000000000Z,10.499999999999954,4.599999999999049,79,7.0,TP_HIT,3.499999999999954,2.2300847457627118,PARTIAL_PLUS_TP,5.694915254237288,0.21071428571428574,False
LONG_7_001,7.0,LONG,2024-01-15T10:11:00.000000000Z,9.699999999999154,5.399999999999849,78,7.0,TP_HIT,2.6999999999991537,2.2300847457627118,PARTIAL_PLUS_TP,5.694915254237288,0.21071428571428574,False
LONG_7_001,7.0,LONG,2024-01-15T10:12:00.000000000Z,11.099999999999444,3.9999999999995595,75,7.0,TP_HIT,4.099999999999444,2.2300847457627118,PARTIAL_PLUS_TP,5.694915254237288,0.21071428571428574,False
LONG_7_001,7.0,LONG,2024-01-15T10:13:00.000000000Z,10.899999999998133,4.20000000000087,76,7.0,TP_HIT,3.8999999999981334,2.2300847457627118,PARTIAL_PLUS_TP,5.694915254237288,0.21071428571428574,False
LONG_7_001,7.0,LONG,2024-01-15T10:14:00.000000000Z,10.200000000000209,4.899999999998794,75,7.0,TP_HIT,3.200000000000209,2.2300847457627118,PARTIAL_PLUS_TP,5.694915254237288,0.21071428571428574,False
LONG_7_001,7.0,LONG,2024-01-15T10:15:00.000000000Z,11.699999999998933,3.4000000000000696,70,7.0,TP_HIT,4.6999999999989335,2.2300847457627118,PARTIAL_PLUS_TP,5.694915254237288,0.21071428571428574,False
LONG_7_001,7.0,LONG,2024-01-15T10:16:00.000000000Z,11.900000000000244,3.1999999999987594,69,7.0,TP_HIT,4.900000000000244,2.2300847457627118,PARTIAL_PLUS_TP,5.694915254237288,0.21071428571428574,False
LONG_7_001,7.0,LONG,2024-01-15T10:17:00.000000000Z,13.099999999999223,1.9999999999997797,66,7.0,TP_HIT,6.099999999999223,2.2300847457627118,PARTIAL_PLUS_TP,5.694915254237288,0.21071428571428574,False
LONG_7_001,7.0,LONG,2024-01-15T10:18:00.000000000Z,14.799999999999258,0.2999999999997449,39,7.0,TP_HIT,7.799999999999258,2.2300847457627118,PARTIAL_PLUS_TP,5.694915254237288,0.21071428571428574,False
LONG_7_001,7.0,LONG,2024-01-15T10:19:00.000000000Z,13.900000000000023,1.1999999999989797,45,7.0,TP_HIT,6.9000000000000234,2.2300847457627118,PARTIAL_PLUS_TP,5.694915254237288,0.21071428571428574,False
LONG_7_001,7.0,LONG,2024-01-15T10:20:00.000000000Z,14.699999999998603,0.40000000000040004,40,7.0,TP_HIT,7.699999999998603,2.2300847457627118,PARTIAL_PLUS_TP,5.694915254237288,0.21071428571428574,False
LONG_7_001,7.0,LONG,2024-01-15T10:21:00.000000000Z,14.299999999998203,0.8000000000008001,40,7.0,TP_HIT,7.299999999998203,2.2300847457627118,PARTIAL_PLUS_TP,5.694915254237288,0.21071428571428574,False
LONG_7_001,7.0,LONG,2024-01-15T10:22:00.000000000Z,15.099999999999003,0.0,34,7.0,TP_HIT,8.099999999999003,2.2300847457627118,PARTIAL_PLUS_TP,5.694915254237288,0.21071428571428574,False
LONG_7_001,7.0,LONG,2024-01-15T10:23:00.000000000Z,14.699999999998603,0.0,37,7.0,TP_HIT,7.699999999998603,2.2300847457627118,PARTIAL_PLUS_TP,5.694915254237288,0.21071428571428574,False
LONG_7_001,7.0,LONG,2024-01-15T10:24:00.000000000Z,14.199999999999768,0.0,37,7.0,TP_HIT,7.199999999999768,2.2300847457627118,PARTIAL_PLUS_TP,5.694915254237288,0.21071428571428574,False
LONG_7_001,7.0,LONG,2024-01-15T10:25:00.000000000Z,14.100000000001334,0.4999999999988347,53,7.0,TP_HIT,7.100000000001334,2.2300847457627118,PARTIAL_PLUS_TP,5.694915254237288,0.21071428571428574,False
LONG_7_001,7.0,LONG,2024-01-15T10:26:00.000000000Z,14.600000000000168,0.0,47,7.0,TP_HIT,7.600000000000168,2.2300847457627118,PARTIAL_PLUS_TP,5.694915254237288,0.21071428571428574,False
LONG_7_001,7.0,LONG,2024-01-15T10:27:00.000000000Z,14.500000000001734,0.0,46,7.0,TP_HIT,7.500000000001734,2.2300847457627118,PARTIAL_PLUS_TP,5.694915254237288,0.21071428571428574,False
LONG_7_001,7.0,LONG,2024-01-15T10:28:00.000000000Z,13.600000000000279,0.9000000000014552,57,7.0,TP_HIT,6.6000000000002785,2.2300847457627118,PARTIAL_PLUS_TP,5.694915254237288,0.21071428571428574,False
LONG_7_001,7.0,LONG,2024-01-15T10:29:00.000000000Z,15.799999999999148,0.20000000000131024,45,7.0,TP_HIT,8.799999999999148,2.2300847457627118,PARTIAL_PLUS_TP,5.694915254237288,0.21071428571428574,False
LONG_7_001,7.0,LONG,2024-01-15T10:30:00.000000000Z,13.199999999999878,3.1000000000003247,59,7.0,TP_HIT,6.1999999999998785,2.2300847457627118,PARTIAL_PLUS_TP,5.694915254237288,0.21071428571428574,False
LONG_7_001,7.0,LONG,2024-01-15T10:31:00.000000000Z,14.799999999999258,1.900000000001345,54,7.0,TP_HIT,7.799999999999258,2.2300847457627118,PARTIAL_PLUS_TP,5.694915254237288,0.21071428571428574,False
LONG_7_001,7.0,LONG,2024-01-15T10:32:00.000000000Z,15.499999999999403,1.900000000001345,53,7.0,TP_HIT,8.499999999999403,2.2300847457627118,PARTIAL_PLUS_TP,5.694915254237288,0.21071428571428574,False
LONG_7_001,7.0,LONG,2024-01-15T10:33:00.000000000Z,16.40000000000086,2.500000000000835,54,7.0,TP_HIT,9.400000000000858,2.2300847457627118,PARTIAL_PLUS_TP,5.694915254237288,0.21071428571428574,False
LONG_7_001,7.0,LONG,2024-01-15T10:34:00.000000000Z,18.599999999999728,0.9000000000014552,51,7.0,TP_HIT,11.599999999999728,2.2300847457627118,PARTIAL_PLUS_TP,5.694915254237288,0.21071428571428574,False
LONG_7_001,7.0,LONG,2024-01-15T10:35:00.000000000Z,19.400000000000528,0.10000000000065512,38,7.0,TP_HIT,12.400000000000528,2.2300847457627118,PARTIAL_PLUS_TP,5.694915254237288,0.21071428571428574,False
LONG_7_001,7.0,LONG,2024-01-15T10:36:00.000000000Z,19.400000000000528,0.10000000000065512,37,7.0,TP_HIT,12.400000000000528,2.2300847457627118,PARTIAL_PLUS_TP,5.694915254237288,0.21071428571428574,False
LONG_7_001,7.0,LONG,2024-01-15T10:37:00.000000000Z,19.799999999998708,0.9000000000014552,48,7.0,TP_HIT,12.799999999998708,2.2300847457627118,PARTIAL_PLUS_TP,5.694915254237288,0.21071428571428574,False
LONG_7_001,7.0,LONG,2024-01-15T10:38:00.000000000Z,20.400000000000418,0.9000000000014552,47,7.0,TP_HIT,13.400000000000418,2.2300847457627118,PARTIAL_PLUS_TP,5.694915254237288,0.21071428571428574,False
LONG_7_001,7.0,LONG,2024-01-15T10:39:00.000000000Z,19.400000000000528,1.900000000001345,46,7.0,TP_HIT,12.400000000000528,2.2300847457627118,PARTIAL_PLUS_TP,5.694915254237288,0.21071428571428574,False
LONG_7_001,7.0,LONG,2024-01-15T10:40:00.000000000Z,19.900000000001583,1.40000000000029,45,7.0,TP_HIT,12.900000000001583,2.2300847457627118,PARTIAL_PLUS_TP,5.694915254237288,0.21071428571428574,False
LONG_7_001,7.0,LONG,2024-01-15T10:41:00.000000000Z,20.000000000000018,1.3000000000018552,44,7.0,TP_HIT,13.000000000000018,2.2300847457627118,PARTIAL_PLUS_TP,5.694915254237288,0.21071428571428574,False
LONG_7_001,7.0,LONG,2024-01-15T10:42:00.000000000Z,19.600000000001838,1.7000000000000348,43,7.0,TP_HIT,12.600000000001838,2.2300847457627118,PARTIAL_PLUS_TP,5.694915254237288,0.21071428571428574,False
LONG_7_001,7.0,LONG,2024-01-15T10:43:00.000000000Z,20.800000000000818,0.5000000000010552,40,7.0,TP_HIT,13.800000000000818,2.2300847457627118,PARTIAL_PLUS_TP,5.694915254237288,0.21071428571428574,False
LONG_7_001,7.0,LONG,2024-01-15T10:44:00.000000000Z,20.299999999999763,1.0000000000021103,41,7.0,TP_HIT,13.299999999999763,2.2300847457627118,PARTIAL_PLUS_TP,5.694915254237288,0.21071428571428574,False
LONG_7_001,7.0,LONG,2024-01-15T10:45:00.000000000Z,20.299999999999763,1.0000000000021103,40,7.0,TP_HIT,13.299999999999763,2.2300847457627118,PARTIAL_PLUS_TP,5.694915254237288,0.21071428571428574,False
LONG_7_001,7.0,LONG,2024-01-15T10:46:00.000000000Z,21.300000000001873,0.0,27,7.0,TP_HIT,14.300000000001873,2.2300847457627118,PARTIAL_PLUS_TP,5.694915254237288,0.21071428571428574,False
LONG_7_001,7.0,LONG,2024-01-15T10:47:00.000000000Z,21.300000000001873,0.0,26,7.0,TP_HIT,14.300000000001873,2.2300847457627118,PARTIAL_PLUS_TP,5.694915254237288,0.21071428571428574,False
LONG_7_001,7.0,LONG,2024-01-15T10:48:00.000000000Z,20.999999999999908,0.0,30,7.0,TP_HIT,13.999999999999908,2.2300847457627118,PARTIAL_PLUS_TP,5.694915254237288,0.21071428571428574,False
LONG_7_001,7.0,LONG,2024-01-15T10:49:00.000000000Z,20.299999999999763,0.0,36,7.0,TP_HIT,13.299999999999763,2.2300847457627118,PARTIAL_PLUS_TP,5.694915254237288,0.21071428571428574,False
LONG_7_001,7.0,LONG,2024-01-15T10:50:00.000000000Z,19.400000000000528,0.0,35,7.0,TP_HIT,12.400000000000528,2.2300847457627118,PARTIAL_PLUS_TP,5.694915254237288,0.21071428571428574,False
LONG_7_001,7.0,LONG,2024-01-15T10:51:00.000000000Z,17.300000000000093,0.9000000000014552,38,7.0,TP_HIT,10.300000000000093,2.2300847457627118,PARTIAL_PLUS_TP,5.694915254237288,0.21071428571428574,False
LONG_7_001,7.0,LONG,2024-01-15T10:52:00.000000000Z,18.20000000000155,0.0,37,7.0,TP_HIT,11.200000000001548,2.2300847457627118,PARTIAL_PLUS_TP,5.694915254237288,0.21071428571428574,False
LONG_7_001,7.0,LONG,2024-01-15T10:53:00.000000000Z,18.000000000000238,0.0,36,7.0,TP_HIT,11.000000000000238,2.2300847457627118,PARTIAL_PLUS_TP,5.694915254237288,0.21071428571428574,False
LONG_7_001,7.0,LONG,2024-01-15T10:54:00.000000000Z,17.900000000001803,0.0,35,7.0,TP_HIT,10.900000000001803,2.2300847457627118,PARTIAL_PLUS_TP,5.694915254237288,0.21071428571428574,False
LONG_7_001,7.0,LONG,2024-01-15T10:55:00.000000000Z,16.899999999999693,0.0,37,7.0,TP_HIT,9.899999999999693,2.2300847457627118,PARTIAL_PLUS_TP,5.694915254237288,0.21071428571428574,False
LONG_7_001,7.0,LONG,2024-01-15T10:56:00.000000000Z,15.500000000001624,0.8999999999992347,42,7.0,TP_HIT,8.500000000001624,2.2300847457627118,PARTIAL_PLUS_TP,5.694915254237288,0.21071428571428574,False
LONG_7_001,7.0,LONG,2024-01-15T10:57:00.000000000Z,15.400000000000968,0.9999999999998899,43,7.0,TP_HIT,8.400000000000968,2.2300847457627118,PARTIAL_PLUS_TP,5.694915254237288,0.21071428571428574,False
LONG_7_001,7.0,LONG,2024-01-15T10:58:00.000000000Z,15.400000000000968,0.9999999999998899,42,7.0,TP_HIT,8.400000000000968,2.2300847457627118,PARTIAL_PLUS_TP,5.694915254237288,0.21071428571428574,False
LONG_7_001,7.0,LONG,2024-01-15T10:59:00.000000000Z,16.40000000000086,0.0,39,7.0,TP_HIT,9.400000000000858,2.2300847457627118,PARTIAL_PLUS_TP,5.694915254237288,0.21071428571428574,False
LONG_7_001,7.0,LONG,2024-01-15T11:00:00.000000000Z,15.200000000001879,0.3999999999981796,40,7.0,TP_HIT,8.200000000001879,2.2300847457627118,PARTIAL_PLUS_TP,5.694915254237288,0.21071428571428574,False
LONG_7_001,7.0,LONG,2024-01-15T11:01:00.000000000Z,16.40000000000086,0.7999999999985796,39,7.0,TP_HIT,9.400000000000858,2.2300847457627118,PARTIAL_PLUS_TP,5.694915254237288,0.21071428571428574,False
LONG_7_001,7.0,LONG,2024-01-15T11:02:00.000000000Z,16.899999999999693,0.2999999999997449,38,7.0,TP_HIT,9.899999999999693,2.2300847457627118,PARTIAL_PLUS_TP,5.694915254237288,0.21071428571428574,False
LONG_7_001,7.0,LONG,2024-01-15T11:03:00.000000000Z,16.40000000000086,0.7999999999985796,37,7.0,TP_HIT,9.400000000000858,2.2300847457627118,PARTIAL_PLUS_TP,5.694915254237288,0.21071428571428574,False
LONG_7_001,7.0,LONG,2024-01-15T11:04:00.000000000Z,16.199999999999548,0.9999999999998899,61,7.0,TP_HIT,9.199999999999548,2.2300847457627118,PARTIAL_PLUS_TP,5.694915254237288,0.21071428571428574,False
LONG_7_001,7.0,LONG,2024-01-15T11:05:00.000000000Z,17.000000000000348,0.1999999999990898,35,7.0,TP_HIT,10.000000000000348,2.2300847457627118,PARTIAL_PLUS_TP,5.694915254237288,0.21071428571428574,False
LONG_7_001,7.0,LONG,2024-01-15T11:06:00.000000000Z,17.199999999999438,0.0,32,7.0,TP_HIT,10.199999999999438,2.2300847457627118,PARTIAL_PLUS_TP,5.694915254237288,0.21071428571428574,False
LONG_7_001,7.0,LONG,2024-01-15T11:07:00.000000000Z,17.199999999999438,0.0,31,7.0,TP_HIT,10.199999999999438,2.2300847457627118,PARTIAL_PLUS_TP,5.694915254237288,0.21071428571428574,False
LONG_7_001,7.0,LONG,2024-01-15T11:08:00.000000000Z,16.199999999999548,0.9999999999998899,57,7.0,TP_HIT,9.199999999999548,2.2300847457627118,PARTIAL_PLUS_TP,5.694915254237288,0.21071428571428574,False
LONG_7_001,7.0,LONG,2024-01-15T11:09:00.000000000Z,16.599999999999948,0.5999999999994898,31,7.0,TP_HIT,9.599999999999948,2.2300847457627118,PARTIAL_PLUS_TP,5.694915254237288,0.21071428571428574,False
LONG_7_001,7.0,LONG,2024-01-15T11:10:00.000000000Z,16.499999999999293,0.700000000000145,30,7.0,TP_HIT,9.499999999999293,2.2300847457627118,PARTIAL_PLUS_TP,5.694915254237288,0.21071428571428574,False
LONG_7_001,7.0,LONG,2024-01-15T11:11:00.000000000Z,17.199999999999438,0.0,27,7.0,TP_HIT,10.199999999999438,2.2300847457627118,PARTIAL_PLUS_TP,5.694915254237288,0.21071428571428574,False
LONG_7_001,7.0,LONG,2024-01-15T11:12:00.000000000Z,16.599999999999948,0.2999999999997449,28,7.0,TP_HIT,9.599999999999948,2.2300847457627118,PARTIAL_PLUS_TP,5.694915254237288,0.21071428571428574,False
LONG_7_001,7.0,LONG,2024-01-15T11:13:00.000000000Z,15.799999999999148,1.100000000000545,52,7.0,TP_HIT,8.799999999999148,2.2300847457627118,PARTIAL_PLUS_TP,5.694915254237288,0.21071428571428574,False
LONG_7_001,7.0,LONG,2024-01-15T11:14:00.000000000Z,15.600000000000058,1.2999999999996348,51,7.0,TP_HIT,8.600000000000058,2.2300847457627118,PARTIAL_PLUS_TP,5.694915254237288,0.21071428571428574,False
LONG_7_001,7.0,LONG,2024-01-15T11:15:00.000000000Z,16.100000000001113,0.7999999999985796,50,7.0,TP_HIT,9.100000000001113,2.2300847457627118,PARTIAL_PLUS_TP,5.694915254237288,0.21071428571428574,False
LONG_7_001,7.0,LONG,2024-01-15T11:16:00.000000000Z,15.600000000000058,1.2999999999996348,49,7.0,TP_HIT,8.600000000000058,2.2300847457627118,PARTIAL_PLUS_TP,5.694915254237288,0.21071428571428574,False
LONG_7_001,7.0,LONG,2024-01-15T11:17:00.000000000Z,15.600000000000058,1.2999999999996348,48,7.0,TP_HIT,8.600000000000058,2.2300847457627118,PARTIAL_PLUS_TP,5.694915254237288,0.21071428571428574,False
LONG_7_001,7.0,LONG,2024-01-15T11:18:00.000000000Z,15.400000000000968,1.4999999999987246,47,7.0,TP_HIT,8.400000000000968,2.2300847457627118,PARTIAL_PLUS_TP,5.694915254237288,0.21071428571428574,False
LONG_7_001,7.0,LONG,2024-01-15T11:19:00.000000000Z,16.899999999999693,0.0,21,7.0,TP_HIT,9.899999999999693,2.2300847457627118,PARTIAL_PLUS_TP,5.694915254237288,0.21071428571428574,False
LONG_7_001,7.0,LONG,2024-01-15T11:20:00.000000000Z,16.499999999999293,0.30000000000196536,20,7.0,TP_HIT,9.499999999999293,2.2300847457627118,PARTIAL_PLUS_TP,5.694915254237288,0.21071428571428574,False
LONG_7_001,7.0,LONG,2024-01-15T11:21:00.000000000Z,16.199999999999548,0.6000000000017103,44,7.0,TP_HIT,9.199999999999548,2.2300847457627118,PARTIAL_PLUS_TP,5.694915254237288,0.21071428571428574,False
LONG_7_001,7.0,LONG,2024-01-15T11:22:00.000000000Z,16.80000000000126,0.0,18,7.0,TP_HIT,9.800000000001258,2.2300847457627118,PARTIAL_PLUS_TP,5.694915254237288,0.21071428571428574,False
LONG_7_001,7.0,LONG,2024-01-15T11:23:00.000000000Z,15.000000000000568,1.1999999999989797,46,7.0,TP_HIT,8.000000000000568,2.2300847457627118,PARTIAL_PLUS_TP,5.694915254237288,0.21071428571428574,False
LONG_7_001,7.0,LONG,2024-01-15T11:24:00.000000000Z,15.199999999999658,0.9999999999998899,45,7.0,TP_HIT,8.199999999999658,2.2300847457627118,PARTIAL_PLUS_TP,5.694915254237288,0.21071428571428574,False
LONG_7_001,7.0,LONG,2024-01-15T11:25:00.000000000Z,13.799999999999368,2.4000000000001798,45,7.0,TP_HIT,6.799999999999368,2.2300847457627118,PARTIAL_PLUS_TP,5.694915254237288,0.21071428571428574,False
LONG_7_001,7.0,LONG,2024-01-15T11:26:00.000000000Z,13.600000000000279,2.5999999999992696,45,7.0,TP_HIT,6.6000000000002785,2.2300847457627118,PARTIAL_PLUS_TP,5.694915254237288,0.21071428571428574,False
LONG_7_001,7.0,LONG,2024-01-15T11:27:00.000000000Z,13.300000000000534,2.8999999999990145,44,7.0,TP_HIT,6.300000000000534,2.2300847457627118,PARTIAL_PLUS_TP,5.694915254237288,0.21071428571428574,False
LONG_7_001,7.0,LONG,2024-01-15T11:28:00.000000000Z,13.499999999999623,2.6999999999999247,43,7.0,TP_HIT,6.499999999999623,2.2300847457627118,PARTIAL_PLUS_TP,5.694915254237288,0.21071428571428574,False
LONG_7_001,7.0,LONG,2024-01-15T11:29:00.000000000Z,11.799999999999589,4.3999999999999595,44,7.0,TP_HIT,4.799999999999589,2.2300847457627118,PARTIAL_PLUS_TP,5.694915254237288,0.21071428571428574,False
LONG_7_001,7.0,LONG,2024-01-15T11:30:00.000000000Z,12.399999999999078,3.8000000000004697,43,7.0,TP_HIT,5.399999999999078,2.2300847457627118,PARTIAL_PLUS_TP,5.694915254237288,0.21071428571428574,False
LONG_7_001,7.0,LONG,2024-01-15T11:31:00.000000000Z,11.600000000000499,4.599999999999049,42,7.0,TP_HIT,4.600000000000499,2.2300847457627118,PARTIAL_PLUS_TP,5.694915254237288,0.21071428571428574,False
LONG_7_001,7.0,LONG,2024-01-15T11:32:00.000000000Z,11.399999999999189,4.8000000000003595,41,7.0,TP_HIT,4.399999999999189,2.2300847457627118,PARTIAL_PLUS_TP,5.694915254237288,0.21071428571428574,False
LONG_7_001,7.0,LONG,2024-01-15T11:33:00.000000000Z,12.399999999999078,3.8000000000004697,40,7.0,TP_HIT,5.399999999999078,2.2300847457627118,PARTIAL_PLUS_TP,5.694915254237288,0.21071428571428574,False
LONG_7_001,7.0,LONG,2024-01-15T11:34:00.000000000Z,14.099999999999113,2.100000000000435,35,7.0,TP_HIT,7.099999999999113,2.2300847457627118,PARTIAL_PLUS_TP,5.694915254237288,0.21071428571428574,False
LONG_7_001,7.0,LONG,2024-01-15T11:35:00.000000000Z,14.000000000000679,2.1999999999988695,34,7.0,TP_HIT,7.000000000000679,2.2300847457627118,PARTIAL_PLUS_TP,5.694915254237288,0.21071428571428574,False
LONG_7_001,7.0,LONG,2024-01-15T11:36:00.000000000Z,12.000000000000899,4.199999999998649,37,7.0,TP_HIT,5.000000000000899,2.2300847457627118,PARTIAL_PLUS_TP,5.694915254237288,0.21071428571428574,False
LONG_7_001,7.0,LONG,2024-01-15T11:37:00.000000000Z,11.399999999999189,4.8000000000003595,36,7.0,TP_HIT,4.399999999999189,2.2300847457627118,PARTIAL_PLUS_TP,5.694915254237288,0.21071428571428574,False
LONG_7_001,7.0,LONG,2024-01-15T11:38:00.000000000Z,10.099999999999554,6.099999999999994,39,7.0,TP_HIT,3.099999999999554,2.2300847457627118,PARTIAL_PLUS_TP,5.694915254237288,0.21071428571428574,False
LONG_7_001,7.0,LONG,2024-01-15T11:39:00.000000000Z,10.200000000000209,5.999999999999339,38,7.0,TP_HIT,3.200000000000209,2.2300847457627118,PARTIAL_PLUS_TP,5.694915254237288,0.21071428571428574,False
LONG_7_001,7.0,LONG,2024-01-15T11:40:00.000000000Z,9.300000000000974,6.899999999998574,37,7.0,TP_HIT,2.300000000000974,2.2300847457627118,PARTIAL_PLUS_TP,5.694915254237288,0.21071428571428574,False
LONG_7_001,7.0,LONG,2024-01-15T11:41:00.000000000Z,12.199999999999989,3.9999999999995595,32,7.0,TP_HIT,5.199999999999989,2.2300847457627118,PARTIAL_PLUS_TP,5.694915254237288,0.21071428571428574,False
LONG_7_001,7.0,LONG,2024-01-15T11:42:00.000000000Z,12.099999999999334,4.100000000000215,31,7.0,TP_HIT,5.0999999999993335,2.2300847457627118,PARTIAL_PLUS_TP,5.694915254237288,0.21071428571428574,False
LONG_7_001,7.0,LONG,2024-01-15T11:43:00.000000000Z,11.600000000000499,4.599999999999049,30,7.0,TP_HIT,4.600000000000499,2.2300847457627118,PARTIAL_PLUS_TP,5.694915254237288,0.21071428571428574,False
LONG_7_001,7.0,LONG,2024-01-15T11:44:00.000000000Z,11.799999999999589,4.3999999999999595,29,7.0,TP_HIT,4.799999999999589,2.2300847457627118,PARTIAL_PLUS_TP,5.694915254237288,0.21071428571428574,False
LONG_7_001,7.0,LONG,2024-01-15T11:45:00.000000000Z,13.799999999999368,2.4000000000001798,25,7.0,TP_HIT,6.799999999999368,2.2300847457627118,PARTIAL_PLUS_TP,5.694915254237288,0.21071428571428574,False
LONG_7_001,7.0,LONG,2024-01-15T11:46:00.000000000Z,14.799999999999258,1.40000000000029,23,7.0,TP_HIT,7.799999999999258,2.2300847457627118,PARTIAL_PLUS_TP,5.694915254237288,0.21071428571428574,False
LONG_7_001,7.0,LONG,2024-01-15T11:47:00.000000000Z,12.199999999999989,3.9999999999995595,26,7.0,TP_HIT,5.199999999999989,2.2300847457627118,PARTIAL_PLUS_TP,5.694915254237288,0.21071428571428574,False
LONG_7_001,7.0,LONG,2024-01-15T11:48:00.000000000Z,12.099999999999334,4.100000000000215,25,7.0,TP_HIT,5.0999999999993335,2.2300847457627118,PARTIAL_PLUS_TP,5.694915254237288,0.21071428571428574,False
LONG_7_001,7.0,LONG,2024-01-15T11:49:00.000000000Z,13.600000000000279,2.5999999999992696,22,7.0,TP_HIT,6.6000000000002785,2.2300847457627118,PARTIAL_PLUS_TP,5.694915254237288,0.21071428571428574,False
LONG_7_001,7.0,LONG,2024-01-15T11:50:00.000000000Z,13.600000000000279,2.5999999999992696,21,7.0,TP_HIT,6.6000000000002785,2.2300847457627118,PARTIAL_PLUS_TP,5.694915254237288,0.21071428571428574,False
LONG_7_001,7.0,LONG,2024-01-15T11:51:00.000000000Z,13.700000000000934,2.4999999999986144,19,7.0,TP_HIT,6.700000000000934,2.2300847457627118,PARTIAL_PLUS_TP,5.694915254237288,0.21071428571428574,False
LONG_7_001,7.0,LONG,2024-01-15T11:52:00.000000000Z,16.199999999999548,0.0,13,7.0,TP_HIT,9.199999999999548,2.2300847457627118,PARTIAL_PLUS_TP,5.694915254237288,0.21071428571428574,False
LONG_7_001,7.0,LONG,2024-01-15T11:53:00.000000000Z,15.600000000000058,0.0,12,7.0,TP_HIT,8.600000000000058,2.2300847457627118,PARTIAL_PLUS_TP,5.694915254237288,0.21071428571428574,False
LONG_7_001,7.0,LONG,2024-01-15T11:54:00.000000000Z,15.400000000000968,0.0,11,7.0,TP_HIT,8.400000000000968,2.2300847457627118,PARTIAL_PLUS_TP,5.694915254237288,0.21071428571428574,False
LONG_7_001,7.0,LONG,2024-01-15T11:55:00.000000000Z,15.100000000001224,0.0,14,7.0,TP_HIT,8.100000000001224,2.2300847457627118,PARTIAL_PLUS_TP,5.694915254237288,0.21071428571428574,False
LONG_7_001,7.0,LONG,2024-01-15T11:56:00.000000000Z,13.600000000000279,0.0,15,7.0,TP_HIT,6.6000000000002785,2.2300847457627118,PARTIAL_PLUS_TP,5.694915254237288,0.21071428571428574,False
LONG_7_001,7.0,LONG,2024-01-15T11:57:00.000000000Z,11.900000000000244,1.500000000000945,16,7.0,TP_HIT,4.900000000000244,2.2300847457627118,PARTIAL_PLUS_TP,5.694915254237288,0.21071428571428574,False
LONG_7_001,7.0,LONG,2024-01-15T11:58:00.000000000Z,11.399999999999189,2.000000000002,15,7.0,TP_HIT,4.399999999999189,2.2300847457627118,PARTIAL_PLUS_TP,5.694915254237288,0.21071428571428574,False
LONG_7_001,7.0,LONG,2024-01-15T11:59:00.000000000Z,12.799999999999478,0.6000000000017103,13,7.0,TP_HIT,5.7999999999994785,2.2300847457627118,PARTIAL_PLUS_TP,5.694915254237288,0.21071428571428574,False
LONG_7_001,7.0,LONG,2024-01-15T12:00:00.000000000Z,13.099999999999223,0.30000000000196536,12,7.0,TP_HIT,6.099999999999223,2.2300847457627118,PARTIAL_PLUS_TP,5.694915254237288,0.21071428571428574,False
LONG_7_001,7.0,LONG,2024-01-15T12:01:00.000000000Z,13.400000000001189,0.0,10,7.0,TP_HIT,6.400000000001189,2.2300847457627118,PARTIAL_PLUS_TP,5.694915254237288,0.21071428571428574,False
LONG_7_001,7.0,LONG,2024-01-15T12:02:00.000000000Z,13.199999999999878,0.20000000000131024,10,7.0,TP_HIT,6.1999999999998785,2.2300847457627118,PARTIAL_PLUS_TP,5.694915254237288,0.21071428571428574,False
LONG_7_001,7.0,LONG,2024-01-15T12:03:00.000000000Z,13.400000000001189,0.0,8,7.0,TP_HIT,6.400000000001189,2.2300847457627118,PARTIAL_PLUS_TP,5.694915254237288,0.21071428571428574,False
LONG_7_001,7.0,LONG,2024-01-15T12:04:00.000000000Z,9.900000000000464,3.5000000000007248,13,7.0,TP_HIT,2.900000000000464,2.2300847457627118,PARTIAL_PLUS_TP,5.694915254237288,0.21071428571428574,False
LONG_7_001,7.0,LONG,2024-01-15T12:05:00.000000000Z,8.399999999999519,5.00000000000167,36,7.0,TP_HIT,1.399999999999519,2.2300847457627118,PARTIAL_PLUS_TP,5.694915254237288,0.21071428571428574,False
LONG_7_001,7.0,LONG,2024-01-15T12:06:00.000000000Z,8.699999999999264,4.700000000001925,12,7.0,TP_HIT,1.6999999999992639,2.2300847457627118,PARTIAL_PLUS_TP,5.694915254237288,0.21071428571428574,False
LONG_7_001,7.0,LONG,2024-01-15T12:07:00.000000000Z,9.200000000000319,4.20000000000087,11,7.0,TP_HIT,2.200000000000319,2.2300847457627118,PARTIAL_PLUS_TP,5.694915254237288,0.21071428571428574,False
LONG_7_001,7.0,LONG,2024-01-15T12:08:00.000000000Z,8.799999999999919,4.60000000000127,10,7.0,TP_HIT,1.799999999999919,2.2300847457627118,PARTIAL_PLUS_TP,5.694915254237288,0.21071428571428574,False
LONG_7_001,7.0,LONG,2024-01-15T12:09:00.000000000Z,6.900000000000794,6.500000000000394,101,-1.0999999999983245,TIMEOUT,0.0,1.2000000000000002,PARTIAL_ONLY,5.694915254237288,0.21071428571428574,False
LONG_7_001,7.0,LONG,2024-01-15T12:10:00.000000000Z,6.6000000000010495,6.800000000000139,101,-0.7999999999985796,TIMEOUT,0.0,1.2000000000000002,PARTIAL_ONLY,5.694915254237288,0.21071428571428574,False
LONG_7_001,7.0,LONG,2024-01-15T12:11:00.000000000Z,6.200000000000649,7.200000000000539,101,-7.0,SL_HIT,0.0,-4.324999999999999,PARTIAL_THEN_SL,5.694915254237288,0.21071428571428574,True
LONG_7_001,7.0,LONG,2024-01-15T12:12:00.000000000Z,5.5000000000005045,7.900000000000684,101,-7.0,SL_HIT,0.0,-7.0,SL_HIT,5.694915254237288,0.21071428571428574,True
LONG_7_001,7.0,LONG,2024-01-15T12:13:00.000000000Z,3.9999999999995595,9.40000000000163,101,-7.0,SL_HIT,0.0,-7.0,SL_HIT,5.694915254237288,0.21071428571428574,True
LONG_7_001,7.0,LONG,2024-01-15T12:14:00.000000000Z,3.4000000000000696,10.000000000001119,101,-7.0,SL_HIT,0.0,-7.0,SL_HIT,5.694915254237288,0.21071428571428574,True
LONG_7_001,7.0,LONG,2024-01-15T12:15:00.000000000Z,3.4000000000000696,10.000000000001119,101,-7.0,SL_HIT,0.0,-7.0,SL_HIT,5.694915254237288,0.21071428571428574,True
LONG_7_001,7.0,LONG,2024-01-15T12:16:00.000000000Z,3.5000000000007248,9.900000000000464,101,-7.0,SL_HIT,0.0,-7.0,SL_HIT,5.694915254237288,0.21071428571428574,True
LONG_7_001,7.0,LONG,2024-01-15T12:17:00.000000000Z,2.20000000000109,11.200000000000099,101,-7.0,SL_HIT,0.0,-7.0,SL_HIT,5.694915254237288,0.21071428571428574,True
LONG_7_001,7.0,LONG,2024-01-15T12:18:00.000000000Z,1.5999999999993797,11.800000000001809,101,-7.0,SL_HIT,0.0,-7.0,SL_HIT,5.694915254237288,0.21071428571428574,True
LONG_7_001,7.0,LONG,2024-01-15T12:19:00.000000000Z,3.900000000001125,9.500000000000064,101,-7.0,SL_HIT,0.0,-7.0,SL_HIT,5.694915254237288,0.21071428571428574,True
LONG_7_001,7.0,LONG,2024-01-15T12:20:00.000000000Z,3.8000000000004697,9.600000000000719,101,-7.0,SL_HIT,0.0,-7.0,SL_HIT,5.694915254237288,0.21071428571428574,True
LONG_7_001,7.0,LONG,2024-01-15T12:21:00.000000000Z,3.20000000000098,10.200000000000209,101,-7.0,SL_HIT,0.0,-7.0,SL_HIT,5.694915254237288,0.21071428571428574,True
LONG_7_001,7.0,LONG,2024-01-15T12:22:00.000000000Z,4.20000000000087,9.200000000000319,101,-7.0,SL_HIT,0.0,-7.0,SL_HIT,5.694915254237288,0.21071428571428574,True
LONG_7_001,7.0,LONG,2024-01-15T12:23:00.000000000Z,5.800000000000249,7.600000000000939,101,-7.0,SL_HIT,0.0,-4.324999999999999,PARTIAL_THEN_SL,5.694915254237288,0.21071428571428574,True
LONG_7_001,7.0,LONG,2024-01-15T12:24:00.000000000Z,6.200000000000649,7.200000000000539,101,-7.0,SL_HIT,0.0,-4.324999999999999,PARTIAL_THEN_SL,5.694915254237288,0.21071428571428574,True
LONG_7_001,7.0,LONG,2024-01-15T12:25:00.000000000Z,6.6000000000010495,7.999999999999119,101,-7.0,SL_HIT,0.0,-4.324999999999999,PARTIAL_THEN_SL,5.694915254237288,0.21071428571428574,True
LONG_7_001,7.0,LONG,2024-01-15T12:26:00.000000000Z,4.699999999999704,12.100000000001554,101,-7.0,SL_HIT,0.0,-7.0,SL_HIT,5.694915254237288,0.21071428571428574,True
LONG_7_001,7.0,LONG,2024-01-15T12:27:00.000000000Z,6.800000000000139,10.499999999999954,101,-7.0,SL_HIT,0.0,-4.324999999999999,PARTIAL_THEN_SL,5.694915254237288,0.21071428571428574,True
LONG_7_001,7.0,LONG,2024-01-15T12:28:00.000000000Z,7.600000000000939,10.399999999999299,13,7.0,TP_HIT,0.6000000000009393,-4.324999999999999,PARTIAL_THEN_SL,5.694915254237288,0.21071428571428574,False
LONG_7_001,7.0,LONG,2024-01-15T12:29:00.000000000Z,7.600000000000939,10.399999999999299,12,7.0,TP_HIT,0.6000000000009393,-4.324999999999999,PARTIAL_THEN_SL,5.694915254237288,0.21071428571428574,False
LONG_7_001,7.0,LONG,2024-01-15T12:30:00.000000000Z,8.799999999999919,9.200000000000319,11,7.0,TP_HIT,1.799999999999919,-4.324999999999999,PARTIAL_THEN_SL,5.694915254237288,0.21071428571428574,False
LONG_7_001,7.0,LONG,2024-01-15T12:31:00.000000000Z,9.00000000000123,8.999999999999009,10,7.0,TP_HIT,2.0000000000012292,-4.324999999999999,PARTIAL_THEN_SL,5.694915254237288,0.21071428571428574,False
LONG_7_001,7.0,LONG,2024-01-15T12:32:00.000000000Z,8.799999999999919,9.200000000000319,9,7.0,TP_HIT,1.799999999999919,-4.324999999999999,PARTIAL_THEN_SL,5.694915254237288,0.21071428571428574,False
LONG_7_001,7.0,LONG,2024-01-15T12:33:00.000000000Z,11.200000000000099,6.800000000000139,7,7.0,TP_HIT,4.200000000000099,2.2300847457627118,PARTIAL_PLUS_TP,5.694915254237288,0.21071428571428574,False
LONG_7_001,7.0,LONG,2024-01-15T12:34:00.000000000Z,6.999999999999229,11.300000000000754,101,-7.0,SL_HIT,0.0,-4.324999999999999,PARTIAL_THEN_SL,5.694915254237288,0.21071428571428574,True
LONG_7_001,7.0,LONG,2024-01-15T12:35:00.000000000Z,7.999999999999119,10.300000000000864,6,7.0,TP_HIT,0.9999999999991189,-4.324999999999999,PARTIAL_THEN_SL,5.694915254237288,0.21071428571428574,False
LONG_7_001,7.0,LONG,2024-01-15T12:36:00.000000000Z,7.300000000001194,10.999999999998789,5,7.0,TP_HIT,0.3000000000011944,-4.324999999999999,PARTIAL_THEN_SL,5.694915254237288,0.21071428571428574,False
LONG_7_001,7.0,LONG,2024-01-15T12:37:00.000000000Z,8.20000000000043,10.099999999999554,4,7.0,TP_HIT,1.2000000000004292,-4.324999999999999,PARTIAL_THEN_SL,5.694915254237288,0.21071428571428574,False
LONG_7_001,7.0,LONG,2024-01-15T12:38:00.000000000Z,10.200000000000209,8.099999999999774,2,7.0,TP_HIT,3.200000000000209,-4.324999999999999,PARTIAL_THEN_SL,5.694915254237288,0.21071428571428574,False
LONG_7_001,7.0,LONG,2024-01-15T12:39:00.000000000Z,6.6000000000010495,12.199999999999989,101,-7.0,SL_HIT,0.0,-4.324999999999999,PARTIAL_THEN_SL,5.694915254237288,0.21071428571428574,True
LONG_7_001,7.0,LONG,2024-01-15T12:40:00.000000000Z,2.5999999999992696,16.20000000000177,101,-7.0,SL_HIT,0.0,-7.0,SL_HIT,5.694915254237288,0.21071428571428574,True
LONG_7_001,7.0,LONG,2024-01-15T12:41:00.000000000Z,0.0,19.000000000000128,101,-7.0,SL_HIT,0.0,-7.0,SL_HIT,5.694915254237288,0.21071428571428574,True
LONG_7_002,7.0,LONG,2024-01-15T13:09:00.000000000Z,7.7000000000015945,5.599999999998939,25,7.0,TP_HIT,0.7000000000015945,2.3000000000000003,PARTIAL_PLUS_TP,5.694915254237288,0.21071428571428574,False
LONG_7_002,7.0,LONG,2024-01-15T13:10:00.000000000Z,5.9000000000009045,7.399999999999629,101,-7.0,SL_HIT,0.0,-4.324999999999999,PARTIAL_THEN_SL,5.694915254237288,0.21071428571428574,True
LONG_7_002,7.0,LONG,2024-01-15T13:11:00.000000000Z,4.500000000000615,8.799999999999919,101,-7.0,SL_HIT,0.0,-7.0,SL_HIT,5.694915254237288,0.21071428571428574,True
LONG_7_002,7.0,LONG,2024-01-15T13:12:00.000000000Z,5.699999999999594,7.600000000000939,101,-7.0,SL_HIT,0.0,-4.324999999999999,PARTIAL_THEN_SL,5.694915254237288,0.21071428571428574,True
LONG_7_002,7.0,LONG,2024-01-15T13:13:00.000000000Z,6.500000000000394,6.800000000000139,101,-4.999999999999449,TIMEOUT,0.0,1.2000000000000002,PARTIAL_ONLY,5.694915254237288,0.21071428571428574,False
LONG_7_002,7.0,LONG,2024-01-15T13:14:00.000000000Z,6.500000000000394,6.800000000000139,101,-5.20000000000076,TIMEOUT,0.0,1.2000000000000002,PARTIAL_ONLY,5.694915254237288,0.21071428571428574,False
LONG_7_002,7.0,LONG,2024-01-15T13:15:00.000000000Z,7.099999999999884,6.200000000000649,20,7.0,TP_HIT,0.09999999999988418,2.2300847457627118,PARTIAL_PLUS_TP,5.694915254237288,0.21071428571428574,False
LONG_7_002,7.0,LONG,2024-01-15T13:16:00.000000000Z,4.900000000001015,8.399999999999519,101,-7.0,SL_HIT,0.0,-7.0,SL_HIT,5.694915254237288,0.21071428571428574,True
LONG_7_002,7.0,LONG,2024-01-15T13:17:00.000000000Z,3.900000000001125,9.399999999999409,101,-7.0,SL_HIT,0.0,-7.0,SL_HIT,5.694915254237288,0.21071428571428574,True
LONG_7_002,7.0,LONG,2024-01-15T13:18:00.000000000Z,3.9999999999995595,9.300000000000974,101,-7.0,SL_HIT,0.0,-7.0,SL_HIT,5.694915254237288,0.21071428571428574,True
LONG_7_002,7.0,LONG,2024-01-15T13:19:00.000000000Z,2.100000000000435,11.200000000000099,101,-7.0,SL_HIT,0.0,-7.0,SL_HIT,5.694915254237288,0.21071428571428574,True
LONG_7_002,7.0,LONG,2024-01-15T13:20:00.000000000Z,2.100000000000435,11.200000000000099,101,-7.0,SL_HIT,0.0,-7.0,SL_HIT,5.694915254237288,0.21071428571428574,True
LONG_7_002,7.0,LONG,2024-01-15T13:21:00.000000000Z,2.100000000000435,11.200000000000099,101,-7.0,SL_HIT,0.0,-7.0,SL_HIT,5.694915254237288,0.21071428571428574,True
LONG_7_002,7.0,LONG,2024-01-15T13:22:00.000000000Z,3.6999999999998145,9.600000000000719,101,-7.0,SL_HIT,0.0,-7.0,SL_HIT,5.694915254237288,0.21071428571428574,True
LONG_7_002,7.0,LONG,2024-01-15T13:23:00.000000000Z,3.6999999999998145,9.600000000000719,101,-7.0,SL_HIT,0.0,-7.0,SL_HIT,5.694915254237288,0.21071428571428574,True
LONG_7_002,7.0,LONG,2024-01-15T13:24:00.000000000Z,4.100000000000215,9.200000000000319,101,-7.0,SL_HIT,0.0,-7.0,SL_HIT,5.694915254237288,0.21071428571428574,True
LONG_7_002,7.0,LONG,2024-01-15T13:25:00.000000000Z,2.900000000001235,10.399999999999299,101,-7.0,SL_HIT,0.0,-7.0,SL_HIT,5.694915254237288,0.21071428571428574,True
LONG_7_002,7.0,LONG,2024-01-15T13:26:00.000000000Z,4.100000000000215,9.200000000000319,101,-7.0,SL_HIT,0.0,-7.0,SL_HIT,5.694915254237288,0.21071428571428574,True
LONG_7_002,7.0,LONG,2024-01-15T13:27:00.000000000Z,2.9999999999996696,10.300000000000864,101,-7.0,SL_HIT,0.0,-7.0,SL_HIT,5.694915254237288,0.21071428571428574,True
LONG_7_002,7.0,LONG,2024-01-15T13:28:00.000000000Z,5.1000000000001044,8.20000000000043,101,-7.0,SL_HIT,0.0,-7.0,SL_HIT,5.694915254237288,0.21071428571428574,True
LONG_7_002,7.0,LONG,2024-01-15T13:29:00.000000000Z,5.1000000000001044,8.20000000000043,101,-7.0,SL_HIT,0.0,-7.0,SL_HIT,5.694915254237288,0.21071428571428574,True
LONG_7_002,7.0,LONG,2024-01-15T13:30:00.000000000Z,2.500000000000835,10.799999999999699,101,-7.0,SL_HIT,0.0,-7.0,SL_HIT,5.694915254237288,0.21071428571428574,True
LONG_7_002,7.0,LONG,2024-01-15T13:31:00.000000000Z,0.9999999999998899,12.300000000000644,101,-7.0,SL_HIT,0.0,-7.0,SL_HIT,5.694915254237288,0.21071428571428574,True
LONG_7_002,7.0,LONG,2024-01-15T13:32:00.000000000Z,0.9000000000014552,12.399999999999078,101,-7.0,SL_HIT,0.0,-7.0,SL_HIT,5.694915254237288,0.21071428571428574,True
LONG_7_002,7.0,LONG,2024-01-15T13:33:00.000000000Z,1.2999999999996348,12.000000000000899,101,-7.0,SL_HIT,0.0,-7.0,SL_HIT,5.694915254237288,0.21071428571428574,True
LONG_7_002,7.0,LONG,2024-01-15T13:34:00.000000000Z,0.5999999999994898,12.700000000001044,101,-7.0,SL_HIT,0.0,-7.0,SL_HIT,5.694915254237288,0.21071428571428574,True
LONG_7_002,7.0,LONG,2024-01-15T13:35:00.000000000Z,0.0,13.300000000000534,101,-7.0,SL_HIT,0.0,-7.0,SL_HIT,5.694915254237288,0.21071428571428574,True
LONG_7_003,7.0,LONG,2024-01-15T14:13:00.000000000Z,7.899999999998464,2.300000000001745,100,7.0,TP_HIT,0.8999999999984638,2.2300847457627118,PARTIAL_PLUS_TP,5.694915254237288,0.21071428571428574,False
LONG_7_003,7.0,LONG,2024-01-15T14:14:00.000000000Z,9.299999999998754,1.500000000000945,97,7.0,TP_HIT,2.2999999999987537,2.2300847457627118,PARTIAL_PLUS_TP,5.694915254237288,0.21071428571428574,False
LONG_7_003,7.0,LONG,2024-01-15T14:15:00.000000000Z,8.60000000000083,2.4000000000001798,98,7.0,TP_HIT,1.6000000000008292,2.3000000000000003,PARTIAL_PLUS_TP,5.694915254237288,0.21071428571428574,False
LONG_7_003,7.0,LONG,2024-01-15T14:16:00.000000000Z,8.500000000000174,2.500000000000835,97,7.0,TP_HIT,1.500000000000174,2.2300847457627118,PARTIAL_PLUS_TP,5.694915254237288,0.21071428571428574,False
LONG_7_003,7.0,LONG,2024-01-15T14:17:00.000000000Z,8.40000000000174,3.4000000000000696,97,7.0,TP_HIT,1.4000000000017394,2.2300847457627118,PARTIAL_PLUS_TP,5.694915254237288,0.21071428571428574,False
LONG_7_003,7.0,LONG,2024-01-15T14:18:00.000000000Z,10.40000000000152,1.9999999999997797,95,7.0,TP_HIT,3.400000000001519,2.2300847457627118,PARTIAL_PLUS_TP,5.694915254237288,0.21071428571428574,False
LONG_7_003,7.0,LONG,2024-01-15T14:19:00.000000000Z,11.400000000001409,0.9999999999998899,67,7.0,TP_HIT,4.400000000001409,2.2300847457627118,PARTIAL_PLUS_TP,5.694915254237288,0.21071428571428574,False
LONG_7_003,7.0,LONG,2024-01-15T14:20:00.000000000Z,11.499999999999844,0.9999999999998899,66,7.0,TP_HIT,4.499999999999844,2.2300847457627118,PARTIAL_PLUS_TP,5.694915254237288,0.21071428571428574,False
LONG_7_003,7.0,LONG,2024-01-15T14:21:00.000000000Z,11.699999999998933,0.8000000000008001,65,7.0,TP_HIT,4.6999999999989335,2.2300847457627118,PARTIAL_PLUS_TP,5.694915254237288,0.21071428571428574,False
LONG_7_003,7.0,LONG,2024-01-15T14:22:00.000000000Z,9.999999999998899,2.500000000000835,91,7.0,TP_HIT,2.9999999999988987,2.2300847457627118,PARTIAL_PLUS_TP,5.694915254237288,0.21071428571428574,False
LONG_7_003,7.0,LONG,2024-01-15T14:23:00.000000000Z,9.299999999998754,3.20000000000098,91,7.0,TP_HIT,2.2999999999987537,2.2300847457627118,PARTIAL_PLUS_TP,5.694915254237288,0.21071428571428574,False
LONG_7_003,7.0,LONG,2024-01-15T14:24:00.000000000Z,8.299999999998864,4.20000000000087,93,7.0,TP_HIT,1.2999999999988638,2.2300847457627118,PARTIAL_PLUS_TP,5.694915254237288,0.21071428571428574,False
LONG_7_003,7.0,LONG,2024-01-15T14:25:00.000000000Z,9.699999999999154,2.80000000000058,88,7.0,TP_HIT,2.6999999999991537,2.2300847457627118,PARTIAL_PLUS_TP,5.694915254237288,0.21071428571428574,False
LONG_7_003,7.0,LONG,2024-01-15T14:26:00.000000000Z,7.800000000000029,4.699999999999704,91,7.0,TP_HIT,0.8000000000000291,2.2300847457627118,PARTIAL_PLUS_TP,5.694915254237288,0.21071428571428574,False
LONG_7_003,7.0,LONG,2024-01-15T14:27:00.000000000Z,8.099999999999774,4.3999999999999595,90,7.0,TP_HIT,1.099999999999774,2.2300847457627118,PARTIAL_PLUS_TP,5.694915254237288,0.21071428571428574,False
LONG_7_003,7.0,LONG,2024-01-15T14:28:00.000000000Z,9.099999999999664,3.4000000000000696,86,7.0,TP_HIT,2.099999999999664,2.2300847457627118,PARTIAL_PLUS_TP,5.694915254237288,0.21071428571428574,False
LONG_7_003,7.0,LONG,2024-01-15T14:29:00.000000000Z,8.899999999998354,3.60000000000138,85,7.0,TP_HIT,1.8999999999983537,2.2300847457627118,PARTIAL_PLUS_TP,5.694915254237288,0.21071428571428574,False
LONG_7_003,7.0,LONG,2024-01-15T14:30:00.000000000Z,7.299999999998974,5.20000000000076,88,7.0,TP_HIT,0.299999999998974,2.2300847457627118,PARTIAL_PLUS_TP,5.694915254237288,0.21071428571428574,False
LONG_7_003,7.0,LONG,2024-01-15T14:31:00.000000000Z,8.299999999998864,4.20000000000087,86,7.0,TP_HIT,1.2999999999988638,2.2300847457627118,PARTIAL_PLUS_TP,5.694915254237288,0.21071428571428574,False
LONG_7_003,7.0,LONG,2024-01-15T14:32:00.000000000Z,8.899999999998354,3.60000000000138,82,7.0,TP_HIT,1.8999999999983537,2.2300847457627118,PARTIAL_PLUS_TP,5.694915254237288,0.21071428571428574,False
LONG_7_003,7.0,LONG,2024-01-15T14:33:00.000000000Z,8.299999999998864,4.20000000000087,84,7.0,TP_HIT,1.2999999999988638,2.2300847457627118,PARTIAL_PLUS_TP,5.694915254237288,0.21071428571428574,False
LONG_7_003,7.0,LONG,2024-01-15T14:34:00.000000000Z,8.799999999999919,3.6999999999998145,80,7.0,TP_HIT,1.799999999999919,2.2300847457627118,PARTIAL_PLUS_TP,5.694915254237288,0.21071428571428574,False
LONG_7_003,7.0,LONG,2024-01-15T14:35:00.000000000Z,9.899999999998244,2.60000000000149,78,7.0,TP_HIT,2.8999999999982435,2.2300847457627118,PARTIAL_PLUS_TP,5.694915254237288,0.21071428571428574,False
LONG_7_003,7.0,LONG,2024-01-15T14:36:00.000000000Z,8.499999999997954,4.00000000000178,81,7.0,TP_HIT,1.4999999999979536,2.2300847457627118,PARTIAL_PLUS_TP,5.694915254237288,0.21071428571428574,False
LONG_7_003,7.0,LONG,2024-01-15T14:37:00.000000000Z,9.899999999998244,2.60000000000149,76,7.0,TP_HIT,2.8999999999982435,2.2300847457627118,PARTIAL_PLUS_TP,5.694915254237288,0.21071428571428574,False
LONG_7_003,7.0,LONG,2024-01-15T14:38:00.000000000Z,8.799999999999919,3.6999999999998145,76,7.0,TP_HIT,1.799999999999919,2.2300847457627118,PARTIAL_PLUS_TP,5.694915254237288,0.21071428571428574,False
LONG_7_003,7.0,LONG,2024-01-15T14:39:00.000000000Z,7.899999999998464,4.60000000000127,78,7.0,TP_HIT,0.8999999999984638,2.2300847457627118,PARTIAL_PLUS_TP,5.694915254237288,0.21071428571428574,False
LONG_7_003,7.0,LONG,2024-01-15T14:40:00.000000000Z,7.899999999998464,4.60000000000127,77,7.0,TP_HIT,0.8999999999984638,2.2300847457627118,PARTIAL_PLUS_TP,5.694915254237288,0.21071428571428574,False
LONG_7_003,7.0,LONG,2024-01-15T14:41:00.000000000Z,7.899999999998464,4.60000000000127,76,7.0,TP_HIT,0.8999999999984638,2.2300847457627118,PARTIAL_PLUS_TP,5.694915254237288,0.21071428571428574,False
LONG_7_003,7.0,LONG,2024-01-15T14:42:00.000000000Z,8.099999999999774,4.3999999999999595,75,7.0,TP_HIT,1.099999999999774,2.2300847457627118,PARTIAL_PLUS_TP,5.694915254237288,0.21071428571428574,False
LONG_7_003,7.0,LONG,2024-01-15T14:43:00.000000000Z,8.299999999998864,4.20000000000087,74,7.0,TP_HIT,1.2999999999988638,2.2300847457627118,PARTIAL_PLUS_TP,5.694915254237288,0.21071428571428574,False
LONG_7_003,7.0,LONG,2024-01-15T14:44:00.000000000Z,7.999999999999119,4.500000000000615,73,7.0,TP_HIT,0.9999999999991189,2.2300847457627118,PARTIAL_PLUS_TP,5.694915254237288,0.21071428571428574,False
LONG_7_003,7.0,LONG,2024-01-15T14:45:00.000000000Z,7.899999999998464,4.60000000000127,72,7.0,TP_HIT,0.8999999999984638,2.2300847457627118,PARTIAL_PLUS_TP,5.694915254237288,0.21071428571428574,False
LONG_7_003,7.0,LONG,2024-01-15T14:46:00.000000000Z,9.299999999998754,3.20000000000098,68,7.0,TP_HIT,2.2999999999987537,2.2300847457627118,PARTIAL_PLUS_TP,5.694915254237288,0.21071428571428574,False
LONG_7_003,7.0,LONG,2024-01-15T14:47:00.000000000Z,9.600000000000719,3.8000000000004697,68,7.0,TP_HIT,2.600000000000719,2.2300847457627118,PARTIAL_PLUS_TP,5.694915254237288,0.21071428571428574,False
LONG_7_003,7.0,LONG,2024-01-15T14:48:00.000000000Z,9.500000000000064,4.00000000000178,69,7.0,TP_HIT,2.500000000000064,2.2300847457627118,PARTIAL_PLUS_TP,5.694915254237288,0.21071428571428574,False
LONG_7_003,7.0,LONG,2024-01-15T14:49:00.000000000Z,11.000000000001009,3.1000000000003247,64,7.0,TP_HIT,4.000000000001009,2.2300847457627118,PARTIAL_PLUS_TP,5.694915254237288,0.21071428571428574,False
LONG_7_003,7.0,LONG,2024-01-15T14:50:00.000000000Z,11.600000000000499,2.500000000000835,63,7.0,TP_HIT,4.600000000000499,2.2300847457627118,PARTIAL_PLUS_TP,5.694915254237288,0.21071428571428574,False
LONG_7_003,7.0,LONG,2024-01-15T14:51:00.000000000Z,11.499999999999844,2.60000000000149,62,7.0,TP_HIT,4.499999999999844,2.2300847457627118,PARTIAL_PLUS_TP,5.694915254237288,0.21071428571428574,False
LONG_7_003,7.0,LONG,2024-01-15T14:52:00.000000000Z,11.700000000001154,2.4000000000001798,61,7.0,TP_HIT,4.700000000001154,2.2300847457627118,PARTIAL_PLUS_TP,5.694915254237288,0.21071428571428574,False
LONG_7_003,7.0,LONG,2024-01-15T14:53:00.000000000Z,11.499999999999844,2.60000000000149,60,7.0,TP_HIT,4.499999999999844,2.2300847457627118,PARTIAL_PLUS_TP,5.694915254237288,0.21071428571428574,False
LONG_7_003,7.0,LONG,2024-01-15T14:54:00.000000000Z,11.700000000001154,2.4000000000001798,59,7.0,TP_HIT,4.700000000001154,2.2300847457627118,PARTIAL_PLUS_TP,5.694915254237288,0.21071428571428574,False
LONG_7_003,7.0,LONG,2024-01-15T14:55:00.000000000Z,10.900000000000354,3.20000000000098,59,7.0,TP_HIT,3.900000000000354,2.2300847457627118,PARTIAL_PLUS_TP,5.694915254237288,0.21071428571428574,False
LONG_7_003,7.0,LONG,2024-01-15T14:56:00.000000000Z,10.000000000001119,4.100000000000215,61,7.0,TP_HIT,3.000000000001119,2.2300847457627118,PARTIAL_PLUS_TP,5.694915254237288,0.21071428571428574,False
LONG_7_003,7.0,LONG,2024-01-15T14:57:00.000000000Z,8.900000000000574,5.20000000000076,61,7.0,TP_HIT,1.9000000000005741,2.2300847457627118,PARTIAL_PLUS_TP,5.694915254237288,0.21071428571428574,False
LONG_7_003,7.0,LONG,2024-01-15T14:58:00.000000000Z,9.500000000000064,4.60000000000127,59,7.0,TP_HIT,2.500000000000064,2.2300847457627118,PARTIAL_PLUS_TP,5.694915254237288,0.21071428571428574,False
LONG_7_003,7.0,LONG,2024-01-15T14:59:00.000000000Z,9.099999999999664,5.00000000000167,59,7.0,TP_HIT,2.099999999999664,2.2300847457627118,PARTIAL_PLUS_TP,5.694915254237288,0.21071428571428574,False
LONG_7_003,7.0,LONG,2024-01-15T15:00:00.000000000Z,8.300000000001084,5.800000000000249,87,7.0,TP_HIT,1.3000000000010843,2.2300847457627118,PARTIAL_PLUS_TP,5.694915254237288,0.21071428571428574,False
LONG_7_003,7.0,LONG,2024-01-15T15:01:00.000000000Z,10.300000000000864,3.8000000000004697,54,7.0,TP_HIT,3.300000000000864,2.2300847457627118,PARTIAL_PLUS_TP,5.694915254237288,0.21071428571428574,False
LONG_7_003,7.0,LONG,2024-01-15T15:02:00.000000000Z,10.700000000001264,3.4000000000000696,52,7.0,TP_HIT,3.700000000001264,2.2300847457627118,PARTIAL_PLUS_TP,5.694915254237288,0.21071428571428574,False
LONG_7_003,7.0,LONG,2024-01-15T15:03:00.000000000Z,10.000000000001119,4.100000000000215,54,7.0,TP_HIT,3.000000000001119,2.2300847457627118,PARTIAL_PLUS_TP,5.694915254237288,0.21071428571428574,False
LONG_7_003,7.0,LONG,2024-01-15T15:04:00.000000000Z,8.700000000001484,5.399999999999849,54,7.0,TP_HIT,1.7000000000014843,2.2300847457627118,PARTIAL_PLUS_TP,5.694915254237288,0.21071428571428574,False
LONG_7_003,7.0,LONG,2024-01-15T15:05:00.000000000Z,7.900000000000684,6.200000000000649,82,7.0,TP_HIT,0.9000000000006843,2.2300847457627118,PARTIAL_PLUS_TP,5.694915254237288,0.21071428571428574,False
LONG_7_003,7.0,LONG,2024-01-15T15:06:00.000000000Z,8.00000000000134,6.099999999999994,81,7.0,TP_HIT,1.0000000000013394,2.2300847457627118,PARTIAL_PLUS_TP,5.694915254237288,0.21071428571428574,False
LONG_7_003,7.0,LONG,2024-01-15T15:07:00.000000000Z,7.099999999999884,7.0000000000014495,82,-7.0,SL_HIT,0.09999999999988418,-7.0,SL_HIT,5.694915254237288,0.21071428571428574,True
LONG_7_003,7.0,LONG,2024-01-15T15:08:00.000000000Z,8.00000000000134,6.099999999999994,79,7.0,TP_HIT,1.0000000000013394,2.2300847457627118,PARTIAL_PLUS_TP,5.694915254237288,0.21071428571428574,False
LONG_7_003,7.0,LONG,2024-01-15T15:09:00.000000000Z,8.20000000000043,5.9000000000009045,78,7.0,TP_HIT,1.2000000000004292,2.2300847457627118,PARTIAL_PLUS_TP,5.694915254237288,0.21071428571428574,False
LONG_7_003,7.0,LONG,2024-01-15T15:10:00.000000000Z,9.00000000000123,5.1000000000001044,48,7.0,TP_HIT,2.0000000000012292,2.2300847457627118,PARTIAL_PLUS_TP,5.694915254237288,0.21071428571428574,False
LONG_7_003,7.0,LONG,2024-01-15T15:11:00.000000000Z,10.700000000001264,3.4000000000000696,43,7.0,TP_HIT,3.700000000001264,2.2300847457627118,PARTIAL_PLUS_TP,5.694915254237288,0.21071428571428574,False
LONG_7_003,7.0,LONG,2024-01-15T15:12:00.000000000Z,13.300000000000534,0.8000000000008001,14,7.0,TP_HIT,6.300000000000534,2.2300847457627118,PARTIAL_PLUS_TP,5.694915254237288,0.21071428571428574,False
LONG_7_003,7.0,LONG,2024-01-15T15:13:00.000000000Z,11.499999999999844,2.60000000000149,40,7.0,TP_HIT,4.499999999999844,2.2300847457627118,PARTIAL_PLUS_TP,5.694915254237288,0.21071428571428574,False
LONG_7_003,7.0,LONG,2024-01-15T15:14:00.000000000Z,11.400000000001409,2.6999999999999247,39,7.0,TP_HIT,4.400000000001409,2.2300847457627118,PARTIAL_PLUS_TP,5.694915254237288,0.21071428571428574,False
LONG_7_003,7.0,LONG,2024-01-15T15:15:00.000000000Z,10.600000000000609,3.5000000000007248,39,7.0,TP_HIT,3.600000000000609,2.2300847457627118,PARTIAL_PLUS_TP,5.694915254237288,0.21071428571428574,False
LONG_7_003,7.0,LONG,2024-01-15T15:16:00.000000000Z,10.099999999999554,4.00000000000178,41,7.0,TP_HIT,3.099999999999554,2.2300847457627118,PARTIAL_PLUS_TP,5.694915254237288,0.21071428571428574,False
LONG_7_003,7.0,LONG,2024-01-15T15:17:00.000000000Z,11.100000000001664,2.9999999999996696,36,7.0,TP_HIT,4.100000000001664,2.2300847457627118,PARTIAL_PLUS_TP,5.694915254237288,0.21071428571428574,False
LONG_7_003,7.0,LONG,2024-01-15T15:18:00.000000000Z,11.300000000000754,2.80000000000058,35,7.0,TP_HIT,4.300000000000754,2.2300847457627118,PARTIAL_PLUS_TP,5.694915254237288,0.21071428571428574,False
LONG_7_003,7.0,LONG,2024-01-15T15:19:00.000000000Z,11.300000000000754,2.80000000000058,34,7.0,TP_HIT,4.300000000000754,2.2300847457627118,PARTIAL_PLUS_TP,5.694915254237288,0.21071428571428574,False
LONG_7_003,7.0,LONG,2024-01-15T15:20:00.000000000Z,11.600000000000499,2.500000000000835,33,7.0,TP_HIT,4.600000000000499,2.2300847457627118,PARTIAL_PLUS_TP,5.694915254237288,0.21071428571428574,False
LONG_7_003,7.0,LONG,2024-01-15T15:21:00.000000000Z,11.499999999999844,2.60000000000149,32,7.0,TP_HIT,4.499999999999844,2.2300847457627118,PARTIAL_PLUS_TP,5.694915254237288,0.21071428571428574,False
LONG_7_003,7.0,LONG,2024-01-15T15:22:00.000000000Z,9.300000000000974,4.8000000000003595,35,7.0,TP_HIT,2.300000000000974,2.2300847457627118,PARTIAL_PLUS_TP,5.694915254237288,0.21071428571428574,False
LONG_7_003,7.0,LONG,2024-01-15T15:23:00.000000000Z,11.100000000001664,2.9999999999996696,30,7.0,TP_HIT,4.100000000001664,2.2300847457627118,PARTIAL_PLUS_TP,5.694915254237288,0.21071428571428574,False
LONG_7_003,7.0,LONG,2024-01-15T15:24:00.000000000Z,9.099999999999664,5.00000000000167,34,7.0,TP_HIT,2.099999999999664,2.2300847457627118,PARTIAL_PLUS_TP,5.694915254237288,0.21071428571428574,False
LONG_7_003,7.0,LONG,2024-01-15T15:25:00.000000000Z,6.500000000000394,7.600000000000939,101,-7.0,SL_HIT,0.0,-7.0,SL_HIT,5.694915254237288,0.21071428571428574,True
LONG_7_003,7.0,LONG,2024-01-15T15:26:00.000000000Z,5.9000000000009045,8.20000000000043,101,-7.0,SL_HIT,0.0,-7.0,SL_HIT,5.694915254237288,0.21071428571428574,True
LONG_7_003,7.0,LONG,2024-01-15T15:27:00.000000000Z,7.7000000000015945,6.399999999999739,60,7.0,TP_HIT,0.7000000000015945,2.2300847457627118,PARTIAL_PLUS_TP,5.694915254237288,0.21071428571428574,False
LONG_7_003,7.0,LONG,2024-01-15T15:28:00.000000000Z,8.099999999999774,6.00000000000156,59,7.0,TP_HIT,1.099999999999774,2.2300847457627118,PARTIAL_PLUS_TP,5.694915254237288,0.21071428571428574,False
LONG_7_003,7.0,LONG,2024-01-15T15:29:00.000000000Z,7.200000000000539,6.900000000000794,60,7.0,TP_HIT,0.2000000000005393,2.2300847457627118,PARTIAL_PLUS_TP,5.694915254237288,0.21071428571428574,False
LONG_7_003,7.0,LONG,2024-01-15T15:30:00.000000000Z,9.500000000000064,4.60000000000127,27,7.0,TP_HIT,2.500000000000064,2.2300847457627118,PARTIAL_PLUS_TP,5.694915254237288,0.21071428571428574,False
LONG_7_003,7.0,LONG,2024-01-15T15:31:00.000000000Z,10.099999999999554,4.00000000000178,26,7.0,TP_HIT,3.099999999999554,2.2300847457627118,PARTIAL_PLUS_TP,5.694915254237288,0.21071428571428574,False
LONG_7_003,7.0,LONG,2024-01-15T15:32:00.000000000Z,10.300000000000864,3.8000000000004697,23,7.0,TP_HIT,3.300000000000864,2.2300847457627118,PARTIAL_PLUS_TP,5.694915254237288,0.21071428571428574,False
LONG_7_003,7.0,LONG,2024-01-15T15:33:00.000000000Z,10.799999999999699,3.300000000001635,21,7.0,TP_HIT,3.7999999999996987,2.2300847457627118,PARTIAL_PLUS_TP,5.694915254237288,0.21071428571428574,False
LONG_7_003,7.0,LONG,2024-01-15T15:34:00.000000000Z,11.100000000001664,2.9999999999996696,19,7.0,TP_HIT,4.100000000001664,2.2300847457627118,PARTIAL_PLUS_TP,5.694915254237288,0.21071428571428574,False
LONG_7_003,7.0,LONG,2024-01-15T15:35:00.000000000Z,11.600000000000499,2.500000000000835,18,7.0,TP_HIT,4.600000000000499,2.2300847457627118,PARTIAL_PLUS_TP,5.694915254237288,0.21071428571428574,False
LONG_7_003,7.0,LONG,2024-01-15T15:36:00.000000000Z,12.499999999999734,1.6000000000016001,15,7.0,TP_HIT,5.4999999999997335,2.2300847457627118,PARTIAL_PLUS_TP,5.694915254237288,0.21071428571428574,False
LONG_7_003,7.0,LONG,2024-01-15T15:37:00.000000000Z,13.800000000001589,0.2999999999997449,13,7.0,TP_HIT,6.800000000001589,2.2300847457627118,PARTIAL_PLUS_TP,5.694915254237288,0.21071428571428574,False
LONG_7_003,7.0,LONG,2024-01-15T15:38:00.000000000Z,14.100000000001334,0.0,12,7.0,TP_HIT,7.100000000001334,2.2300847457627118,PARTIAL_PLUS_TP,5.694915254237288,0.21071428571428574,False
LONG_7_003,7.0,LONG,2024-01-15T15:39:00.000000000Z,13.900000000000023,0.0,11,7.0,TP_HIT,6.9000000000000234,2.2300847457627118,PARTIAL_PLUS_TP,5.694915254237288,0.21071428571428574,False
LONG_7_003,7.0,LONG,2024-01-15T15:40:00.000000000Z,13.199999999999878,0.0,10,7.0,TP_HIT,6.1999999999998785,2.2300847457627118,PARTIAL_PLUS_TP,5.694915254237288,0.21071428571428574,False
LONG_7_003,7.0,LONG,2024-01-15T15:41:00.000000000Z,13.100000000001444,0.0,9,7.0,TP_HIT,6.100000000001444,2.2300847457627118,PARTIAL_PLUS_TP,5.694915254237288,0.21071428571428574,False
LONG_7_003,7.0,LONG,2024-01-15T15:42:00.000000000Z,11.499999999999844,1.100000000000545,11,7.0,TP_HIT,4.499999999999844,2.2300847457627118,PARTIAL_PLUS_TP,5.694915254237288,0.21071428571428574,False
LONG_7_003,7.0,LONG,2024-01-15T15:43:00.000000000Z,12.600000000000389,0.0,8,7.0,TP_HIT,5.600000000000389,2.2300847457627118,PARTIAL_PLUS_TP,5.694915254237288,0.21071428571428574,False
LONG_7_003,7.0,LONG,2024-01-15T15:44:00.000000000Z,11.100000000001664,0.0,9,7.0,TP_HIT,4.100000000001664,2.2300847457627118,PARTIAL_PLUS_TP,5.694915254237288,0.21071428571428574,False
LONG_7_003,7.0,LONG,2024-01-15T15:45:00.000000000Z,9.500000000000064,1.500000000000945,12,7.0,TP_HIT,2.500000000000064,2.2300847457627118,PARTIAL_PLUS_TP,5.694915254237288,0.21071428571428574,False
LONG_7_003,7.0,LONG,2024-01-15T15:46:00.000000000Z,11.000000000001009,0.0,7,7.0,TP_HIT,4.000000000001009,2.2300847457627118,PARTIAL_PLUS_TP,5.694915254237288,0.21071428571428574,False
LONG_7_003,7.0,LONG,2024-01-15T15:47:00.000000000Z,10.200000000000209,0.0,8,7.0,TP_HIT,3.200000000000209,2.2300847457627118,PARTIAL_PLUS_TP,5.694915254237288,0.21071428571428574,False
LONG_7_003,7.0,LONG,2024-01-15T15:48:00.000000000Z,9.099999999999664,0.0,10,7.0,TP_HIT,2.099999999999664,2.2300847457627118,PARTIAL_PLUS_TP,5.694915254237288,0.21071428571428574,False
LONG_7_003,7.0,LONG,2024-01-15T15:49:00.000000000Z,8.099999999999774,0.0,38,7.0,TP_HIT,1.099999999999774,2.2300847457627118,PARTIAL_PLUS_TP,5.694915254237288,0.21071428571428574,False
LONG_7_003,7.0,LONG,2024-01-15T15:50:00.000000000Z,5.60000000000116,0.0,101,0.5000000000010552,TIMEOUT,0.0,0.5000000000010552,TIMEOUT,5.694915254237288,0.21071428571428574,False
LONG_7_003,7.0,LONG,2024-01-15T15:51:00.000000000Z,5.300000000001415,0.09999999999843467,101,0.20000000000131024,TIMEOUT,0.0,0.20000000000131024,TIMEOUT,5.694915254237288,0.21071428571428574,False
LONG_7_003,7.0,LONG,2024-01-15T15:52:00.000000000Z,5.300000000001415,0.09999999999843467,101,0.20000000000131024,TIMEOUT,0.0,0.20000000000131024,TIMEOUT,5.694915254237288,0.21071428571428574,False
LONG_7_003,7.0,LONG,2024-01-15T15:53:00.000000000Z,3.900000000001125,1.4999999999987246,101,-1.1999999999989797,TIMEOUT,0.0,-1.1999999999989797,TIMEOUT,5.694915254237288,0.21071428571428574,False
LONG_7_003,7.0,LONG,2024-01-15T15:54:00.000000000Z,3.300000000001635,2.0999999999982144,101,-1.7999999999984695,TIMEOUT,0.0,-1.7999999999984695,TIMEOUT,5.694915254237288,0.21071428571428574,False
LONG_7_003,7.0,LONG,2024-01-15T15:55:00.000000000Z,3.1000000000003247,2.2999999999995246,101,-1.9999999999997797,TIMEOUT,0.0,-1.9999999999997797,TIMEOUT,5.694915254237288,0.21071428571428574,False
LONG_7_003,7.0,LONG,2024-01-15T15:56:00.000000000Z,3.5000000000007248,1.8999999999991246,101,-1.5999999999993797,TIMEOUT,0.0,-1.5999999999993797,TIMEOUT,5.694915254237288,0.21071428571428574,False
LONG_7_003,7.0,LONG,2024-01-15T15:57:00.000000000Z,2.2999999999995246,3.1000000000003247,101,-2.80000000000058,TIMEOUT,0.0,-2.80000000000058,TIMEOUT,5.694915254237288,0.21071428571428574,False
LONG_7_003,7.0,LONG,2024-01-15T15:58:00.000000000Z,1.7000000000000348,3.6999999999998145,101,-3.4000000000000696,TIMEOUT,0.0,-3.4000000000000696,TIMEOUT,5.694915254237288,0.21071428571428574,False
LONG_7_003,7.0,LONG,2024-01-15T15:59:00.000000000Z,2.6999999999999247,2.6999999999999247,101,-2.4000000000001798,TIMEOUT,0.0,-2.4000000000001798,TIMEOUT,5.694915254237288,0.21071428571428574,False
LONG_7_003,7.0,LONG,2024-01-15T16:00:00.000000000Z,1.6000000000016001,3.7999999999982492,101,-3.4999999999985043,TIMEOUT,0.0,-3.4999999999985043,TIMEOUT,5.694915254237288,0.21071428571428574,False
LONG_7_003,7.0,LONG,2024-01-15T16:01:00.000000000Z,1.6000000000016001,3.7999999999982492,101,-3.4999999999985043,TIMEOUT,0.0,-3.4999999999985043,TIMEOUT,5.694915254237288,0.21071428571428574,False
LONG_7_003,7.0,LONG,2024-01-15T16:02:00.000000000Z,1.9999999999997797,3.4000000000000696,101,-3.1000000000003247,TIMEOUT,0.0,-3.1000000000003247,TIMEOUT,5.694915254237288,0.21071428571428574,False
LONG_7_003,7.0,LONG,2024-01-15T16:03:00.000000000Z,3.1000000000003247,2.2999999999995246,101,-1.9999999999997797,TIMEOUT,0.0,-1.9999999999997797,TIMEOUT,5.694915254237288,0.21071428571428574,False
LONG_7_003,7.0,LONG,2024-01-15T16:04:00.000000000Z,4.100000000000215,1.2999999999996348,101,-0.9999999999998899,TIMEOUT,0.0,-0.9999999999998899,TIMEOUT,5.694915254237288,0.21071428571428574,False
LONG_7_003,7.0,LONG,2024-01-15T16:05:00.000000000Z,3.6999999999998145,1.7000000000000348,101,-1.40000000000029,TIMEOUT,0.0,-1.40000000000029,TIMEOUT,5.694915254237288,0.21071428571428574,False
LONG_7_003,7.0,LONG,2024-01-15T16:06:00.000000000Z,3.4000000000000696,1.9999999999997797,101,-1.7000000000000348,TIMEOUT,0.0,-1.7000000000000348,TIMEOUT,5.694915254237288,0.21071428571428574,False
LONG_7_003,7.0,LONG,2024-01-15T16:07:00.000000000Z,3.5000000000007248,1.8999999999991246,101,-1.5999999999993797,TIMEOUT,0.0,-1.5999999999993797,TIMEOUT,5.694915254237288,0.21071428571428574,False
LONG_7_003,7.0,LONG,2024-01-15T16:08:00.000000000Z,3.60000000000138,1.7999999999984695,101,-1.4999999999987246,TIMEOUT,0.0,-1.4999999999987246,TIMEOUT,5.694915254237288,0.21071428571428574,False
LONG_7_003,7.0,LONG,2024-01-15T16:09:00.000000000Z,3.5000000000007248,1.8999999999991246,101,-1.5999999999993797,TIMEOUT,0.0,-1.5999999999993797,TIMEOUT,5.694915254237288,0.21071428571428574,False
LONG_7_003,7.0,LONG,2024-01-15T16:10:00.000000000Z,2.80000000000058,2.5999999999992696,101,-2.2999999999995246,TIMEOUT,0.0,-2.2999999999995246,TIMEOUT,5.694915254237288,0.21071428571428574,False
LONG_7_003,7.0,LONG,2024-01-15T16:11:00.000000000Z,3.6999999999998145,1.7000000000000348,101,-1.40000000000029,TIMEOUT,0.0,-1.40000000000029,TIMEOUT,5.694915254237288,0.21071428571428574,False
LONG_7_003,7.0,LONG,2024-01-15T16:12:00.000000000Z,3.60000000000138,1.7999999999984695,101,-1.4999999999987246,TIMEOUT,0.0,-1.4999999999987246,TIMEOUT,5.694915254237288,0.21071428571428574,False
LONG_7_003,7.0,LONG,2024-01-15T16:13:00.000000000Z,4.699999999999704,0.700000000000145,101,-0.40000000000040004,TIMEOUT,0.0,-0.40000000000040004,TIMEOUT,5.694915254237288,0.21071428571428574,False
LONG_7_003,7.0,LONG,2024-01-15T16:14:00.000000000Z,3.6999999999998145,1.7000000000000348,101,-1.40000000000029,TIMEOUT,0.0,-1.40000000000029,TIMEOUT,5.694915254237288,0.21071428571428574,False
LONG_7_003,7.0,LONG,2024-01-15T16:15:00.000000000Z,2.900000000001235,2.4999999999986144,101,-2.1999999999988695,TIMEOUT,0.0,-2.1999999999988695,TIMEOUT,5.694915254237288,0.21071428571428574,False
LONG_7_003,7.0,LONG,2024-01-15T16:16:00.000000000Z,3.9999999999995595,1.40000000000029,101,-1.100000000000545,TIMEOUT,0.0,-1.100000000000545,TIMEOUT,5.694915254237288,0.21071428571428574,False
LONG_7_003,7.0,LONG,2024-01-15T16:17:00.000000000Z,3.300000000001635,2.0999999999982144,101,-1.7999999999984695,TIMEOUT,0.0,-1.7999999999984695,TIMEOUT,5.694915254237288,0.21071428571428574,False
LONG_7_003,7.0,LONG,2024-01-15T16:18:00.000000000Z,4.300000000001525,1.0999999999983245,101,-0.7999999999985796,TIMEOUT,0.0,-0.7999999999985796,TIMEOUT,5.694915254237288,0.21071428571428574,False
LONG_7_003,7.0,LONG,2024-01-15T16:19:00.000000000Z,5.1000000000001044,0.2999999999997449,101,0.0,TIMEOUT,0.0,0.0,TIMEOUT,5.694915254237288,0.21071428571428574,False
LONG_7_003,7.0,LONG,2024-01-15T16:20:00.000000000Z,5.1000000000001044,0.2999999999997449,101,0.0,TIMEOUT,0.0,0.0,TIMEOUT,5.694915254237288,0.21071428571428574,False
LONG_7_003,7.0,LONG,2024-01-15T16:21:00.000000000Z,4.3999999999999595,0.9999999999998899,101,-0.700000000000145,TIMEOUT,0.0,-0.700000000000145,TIMEOUT,5.694915254237288,0.21071428571428574,False
LONG_7_003,7.0,LONG,2024-01-15T16:22:00.000000000Z,4.100000000000215,1.2999999999996348,101,-0.9999999999998899,TIMEOUT,0.0,-0.9999999999998899,TIMEOUT,5.694915254237288,0.21071428571428574,False
LONG_7_003,7.0,LONG,2024-01-15T16:23:00.000000000Z,2.9999999999996696,2.4000000000001798,101,-2.100000000000435,TIMEOUT,0.0,-2.100000000000435,TIMEOUT,5.694915254237288,0.21071428571428574,False
LONG_7_003,7.0,LONG,2024-01-15T16:24:00.000000000Z,3.5000000000007248,1.8999999999991246,101,-1.5999999999993797,TIMEOUT,0.0,-1.5999999999993797,TIMEOUT,5.694915254237288,0.21071428571428574,False
LONG_7_003,7.0,LONG,2024-01-15T16:25:00.000000000Z,3.60000000000138,1.7999999999984695,101,-1.4999999999987246,TIMEOUT,0.0,-1.4999999999987246,TIMEOUT,5.694915254237288,0.21071428571428574,False
LONG_7_003,7.0,LONG,2024-01-15T16:26:00.000000000Z,3.1000000000003247,2.2999999999995246,101,-1.9999999999997797,TIMEOUT,0.0,-1.9999999999997797,TIMEOUT,5.694915254237288,0.21071428571428574,False
LONG_7_003,7.0,LONG,2024-01-15T16:27:00.000000000Z,0.700000000000145,4.699999999999704,101,-4.3999999999999595,TIMEOUT,0.0,-4.3999999999999595,TIMEOUT,5.694915254237288,0.21071428571428574,False
LONG_7_003,7.0,LONG,2024-01-15T16:28:00.000000000Z,0.5999999999994898,4.8000000000003595,101,-4.500000000000615,TIMEOUT,0.0,-4.500000000000615,TIMEOUT,5.694915254237288,0.21071428571428574,False
LONG_7_003,7.0,LONG,2024-01-15T16:29:00.000000000Z,0.0,5.399999999999849,101,-5.1000000000001044,TIMEOUT,0.0,-5.1000000000001044,TIMEOUT,5.694915254237288,0.21071428571428574,False
SHORT_7_001,7.0,SHORT,2024-01-15T08:00:00.000000000Z,11.699999999998933,6.800000000000139,95,7.0,TP_HIT,4.6999999999989335,2.2300847457627118,PARTIAL_PLUS_TP,5.694915254237288,0.21071428571428574,False
SHORT_7_001,7.0,SHORT,2024-01-15T08:01:00.000000000Z,11.899999999998023,6.6000000000010495,94,7.0,TP_HIT,4.899999999998023,2.2300847457627118,PARTIAL_PLUS_TP,5.694915254237288,0.21071428571428574,False
SHORT_7_001,7.0,SHORT,2024-01-15T08:02:00.000000000Z,13.099999999999223,5.399999999999849,93,7.0,TP_HIT,6.099999999999223,2.2300847457627118,PARTIAL_PLUS_TP,5.694915254237288,0.21071428571428574,False
SHORT_7_001,7.0,SHORT,2024-01-15T08:03:00.000000000Z,15.099999999999003,3.4000000000000696,74,7.0,TP_HIT,8.099999999999003,2.3000000000000003,PARTIAL_PLUS_TP,5.694915254237288,0.21071428571428574,False
SHORT_7_001,7.0,SHORT,2024-01-15T08:04:00.000000000Z,14.499999999999513,3.9999999999995595,74,7.0,TP_HIT,7.499999999999513,2.2300847457627118,PARTIAL_PLUS_TP,5.694915254237288,0.21071428571428574,False
SHORT_7_001,7.0,SHORT,2024-01-15T08:05:00.000000000Z,14.999999999998348,3.5000000000007248,72,7.0,TP_HIT,7.999999999998348,2.2300847457627118,PARTIAL_PLUS_TP,5.694915254237288,0.21071428571428574,False
SHORT_7_001,7.0,SHORT,2024-01-15T08:06:00.000000000Z,14.199999999999768,4.299999999999304,88,7.0,TP_HIT,7.199999999999768,2.2300847457627118,PARTIAL_PLUS_TP,5.694915254237288,0.21071428571428574,False
SHORT_7_001,7.0,SHORT,2024-01-15T08:07:00.000000000Z,13.600000000000279,5.699999999999594,88,7.0,TP_HIT,6.6000000000002785,2.2300847457627118,PARTIAL_PLUS_TP,5.694915254237288,0.21071428571428574,False
SHORT_7_001,7.0,SHORT,2024-01-15T08:08:00.000000000Z,15.600000000000058,3.6999999999998145,70,7.0,TP_HIT,8.600000000000058,2.2300847457627118,PARTIAL_PLUS_TP,5.694915254237288,0.21071428571428574,False
SHORT_7_001,7.0,SHORT,2024-01-15T08:09:00.000000000Z,17.700000000000493,1.5999999999993797,53,7.0,TP_HIT,10.700000000000493,2.2300847457627118,PARTIAL_PLUS_TP,5.694915254237288,0.21071428571428574,False
SHORT_7_001,7.0,SHORT,2024-01-15T08:10:00.000000000Z,17.700000000000493,1.5999999999993797,52,7.0,TP_HIT,10.700000000000493,2.2300847457627118,PARTIAL_PLUS_TP,5.694915254237288,0.21071428571428574,False
SHORT_7_001,7.0,SHORT,2024-01-15T08:11:00.000000000Z,19.100000000000783,0.1999999999990898,50,7.0,TP_HIT,12.100000000000783,2.2300847457627118,PARTIAL_PLUS_TP,5.694915254237288,0.21071428571428574,False
SHORT_7_001,7.0,SHORT,2024-01-15T08:12:00.000000000Z,17.000000000000348,2.2999999999995246,50,7.0,TP_HIT,10.000000000000348,2.2300847457627118,PARTIAL_PLUS_TP,5.694915254237288,0.21071428571428574,False
SHORT_7_001,7.0,SHORT,2024-01-15T08:13:00.000000000Z,16.899999999999693,2.4000000000001798,49,7.0,TP_HIT,9.899999999999693,2.2300847457627118,PARTIAL_PLUS_TP,5.694915254237288,0.21071428571428574,False
SHORT_7_001,7.0,SHORT,2024-01-15T08:14:00.000000000Z,18.700000000000383,0.5999999999994898,47,7.0,TP_HIT,11.700000000000383,2.2300847457627118,PARTIAL_PLUS_TP,5.694915254237288,0.21071428571428574,False
SHORT_7_001,7.0,SHORT,2024-01-15T08:15:00.000000000Z,19.100000000000783,0.1999999999990898,46,7.0,TP_HIT,12.100000000000783,2.2300847457627118,PARTIAL_PLUS_TP,5.694915254237288,0.21071428571428574,False
SHORT_7_001,7.0,SHORT,2024-01-15T08:16:00.000000000Z,15.799999999999148,3.5000000000007248,61,7.0,TP_HIT,8.799999999999148,2.2300847457627118,PARTIAL_PLUS_TP,5.694915254237288,0.21071428571428574,False
SHORT_7_001,7.0,SHORT,2024-01-15T08:17:00.000000000Z,16.700000000000603,2.5999999999992696,45,7.0,TP_HIT,9.700000000000603,2.2300847457627118,PARTIAL_PLUS_TP,5.694915254237288,0.21071428571428574,False
SHORT_7_001,7.0,SHORT,2024-01-15T08:18:00.000000000Z,16.499999999999293,2.80000000000058,58,7.0,TP_HIT,9.499999999999293,2.2300847457627118,PARTIAL_PLUS_TP,5.694915254237288,0.21071428571428574,False
SHORT_7_001,7.0,SHORT,2024-01-15T08:19:00.000000000Z,16.700000000000603,2.5999999999992696,43,7.0,TP_HIT,9.700000000000603,2.2300847457627118,PARTIAL_PLUS_TP,5.694915254237288,0.21071428571428574,False
SHORT_7_001,7.0,SHORT,2024-01-15T08:20:00.000000000Z,16.299999999997983,3.20000000000098,57,7.0,TP_HIT,9.299999999997983,2.2300847457627118,PARTIAL_PLUS_TP,5.694915254237288,0.21071428571428574,False
SHORT_7_001,7.0,SHORT,2024-01-15T08:21:00.000000000Z,17.399999999998528,2.100000000000435,41,7.0,TP_HIT,10.399999999998528,2.2300847457627118,PARTIAL_PLUS_TP,5.694915254237288,0.21071428571428574,False
SHORT_7_001,7.0,SHORT,2024-01-15T08:22:00.000000000Z,17.599999999999838,2.9999999999996696,54,7.0,TP_HIT,10.599999999999838,2.2300847457627118,PARTIAL_PLUS_TP,5.694915254237288,0.21071428571428574,False
SHORT_7_001,7.0,SHORT,2024-01-15T08:23:00.000000000Z,19.299999999999873,2.2999999999995246,39,7.0,TP_HIT,12.299999999999873,2.2300847457627118,PARTIAL_PLUS_TP,5.694915254237288,0.21071428571428574,False
SHORT_7_001,7.0,SHORT,2024-01-15T08:24:00.000000000Z,23.100000000000342,0.0,37,7.0,TP_HIT,16.100000000000342,2.2300847457627118,PARTIAL_PLUS_TP,5.694915254237288,0.21071428571428574,False
SHORT_7_001,7.0,SHORT,2024-01-15T08:25:00.000000000Z,22.900000000001253,0.0,36,7.0,TP_HIT,15.900000000001253,2.2300847457627118,PARTIAL_PLUS_TP,5.694915254237288,0.21071428571428574,False
SHORT_7_001,7.0,SHORT,2024-01-15T08:26:00.000000000Z,22.900000000001253,0.0,35,7.0,TP_HIT,15.900000000001253,2.2300847457627118,PARTIAL_PLUS_TP,5.694915254237288,0.21071428571428574,False
SHORT_7_001,7.0,SHORT,2024-01-15T08:27:00.000000000Z,22.500000000000853,0.0,34,7.0,TP_HIT,15.500000000000853,2.2300847457627118,PARTIAL_PLUS_TP,5.694915254237288,0.21071428571428574,False
SHORT_7_001,7.0,SHORT,2024-01-15T08:28:00.000000000Z,21.100000000000563,0.8000000000008001,34,7.0,TP_HIT,14.100000000000563,2.2300847457627118,PARTIAL_PLUS_TP,5.694915254237288,0.21071428571428574,False
SHORT_7_001,7.0,SHORT,2024-01-15T08:29:00.000000000Z,23.000000000001908,0.0,33,7.0,TP_HIT,16.000000000001908,2.2300847457627118,PARTIAL_PLUS_TP,5.694915254237288,0.21071428571428574,False
SHORT_7_001,7.0,SHORT,2024-01-15T08:30:00.000000000Z,20.600000000001728,1.4999999999987246,65,7.0,TP_HIT,13.600000000001728,2.2300847457627118,PARTIAL_PLUS_TP,5.694915254237288,0.21071428571428574,False
SHORT_7_001,7.0,SHORT,2024-01-15T08:31:00.000000000Z,21.400000000000308,0.700000000000145,47,7.0,TP_HIT,14.400000000000308,2.2300847457627118,PARTIAL_PLUS_TP,5.694915254237288,0.21071428571428574,False
SHORT_7_001,7.0,SHORT,2024-01-15T08:32:00.000000000Z,20.599999999999508,2.100000000000435,63,7.0,TP_HIT,13.599999999999508,2.2300847457627118,PARTIAL_PLUS_TP,5.694915254237288,0.21071428571428574,False
SHORT_7_001,7.0,SHORT,2024-01-15T08:33:00.000000000Z,20.700000000000163,1.9999999999997797,62,7.0,TP_HIT,13.700000000000163,2.2300847457627118,PARTIAL_PLUS_TP,5.694915254237288,0.21071428571428574,False
SHORT_7_001,7.0,SHORT,2024-01-15T08:34:00.000000000Z,20.599999999999508,2.100000000000435,61,7.0,TP_HIT,13.599999999999508,2.2300847457627118,PARTIAL_PLUS_TP,5.694915254237288,0.21071428571428574,False
SHORT_7_001,7.0,SHORT,2024-01-15T08:35:00.000000000Z,21.299999999999653,1.9999999999997797,60,7.0,TP_HIT,14.299999999999653,2.2300847457627118,PARTIAL_PLUS_TP,5.694915254237288,0.21071428571428574,False
SHORT_7_001,7.0,SHORT,2024-01-15T08:36:00.000000000Z,21.000000000002128,2.4999999999986144,59,7.0,TP_HIT,14.000000000002128,2.2300847457627118,PARTIAL_PLUS_TP,5.694915254237288,0.21071428571428574,False
SHORT_7_001,7.0,SHORT,2024-01-15T08:37:00.000000000Z,22.699999999999942,1.9999999999997797,58,7.0,TP_HIT,15.699999999999942,2.2300847457627118,PARTIAL_PLUS_TP,5.694915254237288,0.21071428571428574,False
SHORT_7_001,7.0,SHORT,2024-01-15T08:38:00.000000000Z,25.399999999999867,0.9999999999998899,40,7.0,TP_HIT,18.399999999999867,2.2300847457627118,PARTIAL_PLUS_TP,5.694915254237288,0.21071428571428574,False
SHORT_7_001,7.0,SHORT,2024-01-15T08:39:00.000000000Z,26.399999999999757,0.0,37,7.0,TP_HIT,19.399999999999757,2.2300847457627118,PARTIAL_PLUS_TP,5.694915254237288,0.21071428571428574,False
SHORT_7_001,7.0,SHORT,2024-01-15T08:40:00.000000000Z,25.999999999999357,0.0,37,7.0,TP_HIT,18.999999999999357,2.2300847457627118,PARTIAL_PLUS_TP,5.694915254237288,0.21071428571428574,False
SHORT_7_001,7.0,SHORT,2024-01-15T08:41:00.000000000Z,24.100000000000232,1.8999999999991246,54,7.0,TP_HIT,17.100000000000232,2.2300847457627118,PARTIAL_PLUS_TP,5.694915254237288,0.21071428571428574,False
SHORT_7_001,7.0,SHORT,2024-01-15T08:42:00.000000000Z,25.200000000000777,1.0999999999983245,53,7.0,TP_HIT,18.200000000000777,2.2300847457627118,PARTIAL_PLUS_TP,5.694915254237288,0.21071428571428574,False
SHORT_7_001,7.0,SHORT,2024-01-15T08:43:00.000000000Z,25.999999999999357,0.2999999999997449,35,7.0,TP_HIT,18.999999999999357,2.2300847457627118,PARTIAL_PLUS_TP,5.694915254237288,0.21071428571428574,False
SHORT_7_001,7.0,SHORT,2024-01-15T08:44:00.000000000Z,26.299999999999102,0.0,33,7.0,TP_HIT,19.299999999999102,2.2300847457627118,PARTIAL_PLUS_TP,5.694915254237288,0.21071428571428574,False
SHORT_7_001,7.0,SHORT,2024-01-15T08:45:00.000000000Z,24.599999999999067,1.6000000000016001,50,7.0,TP_HIT,17.599999999999067,2.2300847457627118,PARTIAL_PLUS_TP,5.694915254237288,0.21071428571428574,False
SHORT_7_001,7.0,SHORT,2024-01-15T08:46:00.000000000Z,25.800000000000267,0.40000000000040004,32,7.0,TP_HIT,18.800000000000267,2.2300847457627118,PARTIAL_PLUS_TP,5.694915254237288,0.21071428571428574,False
SHORT_7_001,7.0,SHORT,2024-01-15T08:47:00.000000000Z,26.200000000000667,0.0,30,7.0,TP_HIT,19.200000000000667,2.2300847457627118,PARTIAL_PLUS_TP,5.694915254237288,0.21071428571428574,False
SHORT_7_001,7.0,SHORT,2024-01-15T08:48:00.000000000Z,24.699999999999722,1.100000000000545,47,7.0,TP_HIT,17.699999999999722,2.2300847457627118,PARTIAL_PLUS_TP,5.694915254237288,0.21071428571428574,False
SHORT_7_001,7.0,SHORT,2024-01-15T08:49:00.000000000Z,24.999999999999467,0.8000000000008001,46,7.0,TP_HIT,17.999999999999467,2.2300847457627118,PARTIAL_PLUS_TP,5.694915254237288,0.21071428571428574,False
SHORT_7_001,7.0,SHORT,2024-01-15T08:50:00.000000000Z,25.800000000000267,0.0,28,7.0,TP_HIT,18.800000000000267,2.2300847457627118,PARTIAL_PLUS_TP,5.694915254237288,0.21071428571428574,False
SHORT_7_001,7.0,SHORT,2024-01-15T08:51:00.000000000Z,25.800000000000267,0.0,27,7.0,TP_HIT,18.800000000000267,2.2300847457627118,PARTIAL_PLUS_TP,5.694915254237288,0.21071428571428574,False
SHORT_7_001,7.0,SHORT,2024-01-15T08:52:00.000000000Z,25.800000000000267,0.0,26,7.0,TP_HIT,18.800000000000267,2.2300847457627118,PARTIAL_PLUS_TP,5.694915254237288,0.21071428571428574,False
SHORT_7_001,7.0,SHORT,2024-01-15T08:53:00.000000000Z,25.399999999999867,0.2999999999997449,42,7.0,TP_HIT,18.399999999999867,2.2300847457627118,PARTIAL_PLUS_TP,5.694915254237288,0.21071428571428574,False
SHORT_7_001,7.0,SHORT,2024-01-15T08:54:00.000000000Z,25.699999999999612,0.0,24,7.0,TP_HIT,18.699999999999612,2.2300847457627118,PARTIAL_PLUS_TP,5.694915254237288,0.21071428571428574,False
SHORT_7_001,7.0,SHORT,2024-01-15T08:55:00.000000000Z,24.399999999999977,0.1999999999990898,40,7.0,TP_HIT,17.399999999999977,2.2300847457627118,PARTIAL_PLUS_TP,5.694915254237288,0.21071428571428574,False
SHORT_7_001,7.0,SHORT,2024-01-15T08:56:00.000000000Z,24.200000000000887,0.3999999999981796,39,7.0,TP_HIT,17.200000000000887,2.2300847457627118,PARTIAL_PLUS_TP,5.694915254237288,0.21071428571428574,False
SHORT_7_001,7.0,SHORT,2024-01-15T08:57:00.000000000Z,24.200000000000887,0.3999999999981796,38,7.0,TP_HIT,17.200000000000887,2.2300847457627118,PARTIAL_PLUS_TP,5.694915254237288,0.21071428571428574,False
SHORT_7_001,7.0,SHORT,2024-01-15T08:58:00.000000000Z,24.599999999999067,0.0,37,7.0,TP_HIT,17.599999999999067,2.2300847457627118,PARTIAL_PLUS_TP,5.694915254237288,0.21071428571428574,False
SHORT_7_001,7.0,SHORT,2024-01-15T08:59:00.000000000Z,24.399999999999977,0.0,36,7.0,TP_HIT,17.399999999999977,2.2300847457627118,PARTIAL_PLUS_TP,5.694915254237288,0.21071428571428574,False
SHORT_7_001,7.0,SHORT,2024-01-15T09:00:00.000000000Z,23.199999999998777,0.0,35,7.0,TP_HIT,16.199999999998777,2.2300847457627118,PARTIAL_PLUS_TP,5.694915254237288,0.21071428571428574,False
SHORT_7_001,7.0,SHORT,2024-01-15T09:01:00.000000000Z,22.100000000000453,0.0,36,7.0,TP_HIT,15.100000000000453,2.2300847457627118,PARTIAL_PLUS_TP,5.694915254237288,0.21071428571428574,False
SHORT_7_001,7.0,SHORT,2024-01-15T09:02:00.000000000Z,20.000000000000018,2.100000000000435,35,7.0,TP_HIT,13.000000000000018,2.2300847457627118,PARTIAL_PLUS_TP,5.694915254237288,0.21071428571428574,False
SHORT_7_001,7.0,SHORT,2024-01-15T09:03:00.000000000Z,20.299999999999763,1.80000000000069,34,7.0,TP_HIT,13.299999999999763,2.2300847457627118,PARTIAL_PLUS_TP,5.694915254237288,0.21071428571428574,False
SHORT_7_001,7.0,SHORT,2024-01-15T09:04:00.000000000Z,20.800000000000818,1.2999999999996348,33,7.0,TP_HIT,13.800000000000818,2.2300847457627118,PARTIAL_PLUS_TP,5.694915254237288,0.21071428571428574,False
SHORT_7_001,7.0,SHORT,2024-01-15T09:05:00.000000000Z,20.800000000000818,1.2999999999996348,32,7.0,TP_HIT,13.800000000000818,2.2300847457627118,PARTIAL_PLUS_TP,5.694915254237288,0.21071428571428574,False
SHORT_7_001,7.0,SHORT,2024-01-15T09:06:00.000000000Z,21.800000000000708,0.2999999999997449,31,7.0,TP_HIT,14.800000000000708,2.2300847457627118,PARTIAL_PLUS_TP,5.694915254237288,0.21071428571428574,False
SHORT_7_001,7.0,SHORT,2024-01-15T09:07:00.000000000Z,21.299999999999653,0.8000000000008001,30,7.0,TP_HIT,14.299999999999653,2.2300847457627118,PARTIAL_PLUS_TP,5.694915254237288,0.21071428571428574,False
SHORT_7_001,7.0,SHORT,2024-01-15T09:08:00.000000000Z,20.599999999999508,1.500000000000945,29,7.0,TP_HIT,13.599999999999508,2.2300847457627118,PARTIAL_PLUS_TP,5.694915254237288,0.21071428571428574,False
SHORT_7_001,7.0,SHORT,2024-01-15T09:09:00.000000000Z,21.199999999998997,0.9000000000014552,28,7.0,TP_HIT,14.199999999998997,2.2300847457627118,PARTIAL_PLUS_TP,5.694915254237288,0.21071428571428574,False
SHORT_7_001,7.0,SHORT,2024-01-15T09:10:00.000000000Z,21.400000000000308,0.700000000000145,27,7.0,TP_HIT,14.400000000000308,2.2300847457627118,PARTIAL_PLUS_TP,5.694915254237288,0.21071428571428574,False
SHORT_7_001,7.0,SHORT,2024-01-15T09:11:00.000000000Z,21.700000000000053,0.40000000000040004,26,7.0,TP_HIT,14.700000000000053,2.2300847457627118,PARTIAL_PLUS_TP,5.694915254237288,0.21071428571428574,False
SHORT_7_001,7.0,SHORT,2024-01-15T09:12:00.000000000Z,21.999999999999797,0.10000000000065512,25,7.0,TP_HIT,14.999999999999797,2.2300847457627118,PARTIAL_PLUS_TP,5.694915254237288,0.21071428571428574,False
SHORT_7_001,7.0,SHORT,2024-01-15T09:13:00.000000000Z,20.299999999999763,1.80000000000069,24,7.0,TP_HIT,13.299999999999763,2.2300847457627118,PARTIAL_PLUS_TP,5.694915254237288,0.21071428571428574,False
SHORT_7_001,7.0,SHORT,2024-01-15T09:14:00.000000000Z,21.299999999999653,0.8000000000008001,23,7.0,TP_HIT,14.299999999999653,2.2300847457627118,PARTIAL_PLUS_TP,5.694915254237288,0.21071428571428574,False
SHORT_7_001,7.0,SHORT,2024-01-15T09:15:00.000000000Z,20.599999999999508,1.500000000000945,22,7.0,TP_HIT,13.599999999999508,2.2300847457627118,PARTIAL_PLUS_TP,5.694915254237288,0.21071428571428574,False
SHORT_7_001,7.0,SHORT,2024-01-15T09:16:00.000000000Z,19.599999999999618,2.500000000000835,22,7.0,TP_HIT,12.599999999999618,2.2300847457627118,PARTIAL_PLUS_TP,5.694915254237288,0.21071428571428574,False
SHORT_7_001,7.0,SHORT,2024-01-15T09:17:00.000000000Z,19.100000000000783,2.9999999999996696,21,7.0,TP_HIT,12.100000000000783,2.2300847457627118,PARTIAL_PLUS_TP,5.694915254237288,0.21071428571428574,False
SHORT_7_001,7.0,SHORT,2024-01-15T09:18:00.000000000Z,18.599999999999728,3.5000000000007248,20,7.0,TP_HIT,11.599999999999728,2.2300847457627118,PARTIAL_PLUS_TP,5.694915254237288,0.21071428571428574,False
SHORT_7_001,7.0,SHORT,2024-01-15T09:19:00.000000000Z,19.599999999999618,2.500000000000835,19,7.0,TP_HIT,12.599999999999618,2.2300847457627118,PARTIAL_PLUS_TP,5.694915254237288,0.21071428571428574,False
SHORT_7_001,7.0,SHORT,2024-01-15T09:20:00.000000000Z,19.299999999999873,2.80000000000058,18,7.0,TP_HIT,12.299999999999873,2.2300847457627118,PARTIAL_PLUS_TP,5.694915254237288,0.21071428571428574,False
SHORT_7_001,7.0,SHORT,2024-01-15T09:21:00.000000000Z,20.999999999999908,1.100000000000545,16,7.0,TP_HIT,13.999999999999908,2.2300847457627118,PARTIAL_PLUS_TP,5.694915254237288,0.21071428571428574,False
SHORT_7_001,7.0,SHORT,2024-01-15T09:22:00.000000000Z,20.899999999999253,1.2000000000012,15,7.0,TP_HIT,13.899999999999253,2.2300847457627118,PARTIAL_PLUS_TP,5.694915254237288,0.21071428571428574,False
SHORT_7_001,7.0,SHORT,2024-01-15T09:23:00.000000000Z,20.400000000000418,1.7000000000000348,14,7.0,TP_HIT,13.400000000000418,2.2300847457627118,PARTIAL_PLUS_TP,5.694915254237288,0.21071428571428574,False
SHORT_7_001,7.0,SHORT,2024-01-15T09:24:00.000000000Z,20.199999999999108,1.900000000001345,13,7.0,TP_HIT,13.199999999999108,2.2300847457627118,PARTIAL_PLUS_TP,5.694915254237288,0.21071428571428574,False
SHORT_7_001,7.0,SHORT,2024-01-15T09:25:00.000000000Z,19.400000000000528,2.6999999999999247,13,7.0,TP_HIT,12.400000000000528,2.2300847457627118,PARTIAL_PLUS_TP,5.694915254237288,0.21071428571428574,False
SHORT_7_001,7.0,SHORT,2024-01-15T09:26:00.000000000Z,20.599999999999508,1.500000000000945,11,7.0,TP_HIT,13.599999999999508,2.2300847457627118,PARTIAL_PLUS_TP,5.694915254237288,0.21071428571428574,False
SHORT_7_001,7.0,SHORT,2024-01-15T09:27:00.000000000Z,20.599999999999508,1.500000000000945,10,7.0,TP_HIT,13.599999999999508,2.2300847457627118,PARTIAL_PLUS_TP,5.694915254237288,0.21071428571428574,False
SHORT_7_001,7.0,SHORT,2024-01-15T09:28:00.000000000Z,20.199999999999108,1.900000000001345,9,7.0,TP_HIT,13.199999999999108,2.2300847457627118,PARTIAL_PLUS_TP,5.694915254237288,0.21071428571428574,False
SHORT_7_001,7.0,SHORT,2024-01-15T09:29:00.000000000Z,20.100000000000673,1.9999999999997797,8,7.0,TP_HIT,13.100000000000673,2.2300847457627118,PARTIAL_PLUS_TP,5.694915254237288,0.21071428571428574,False
SHORT_7_001,7.0,SHORT,2024-01-15T09:30:00.000000000Z,22.100000000000453,0.0,7,7.0,TP_HIT,15.100000000000453,2.2300847457627118,PARTIAL_PLUS_TP,5.694915254237288,0.21071428571428574,False
SHORT_7_001,7.0,SHORT,2024-01-15T09:31:00.000000000Z,20.599999999999508,0.0,6,7.0,TP_HIT,13.599999999999508,2.2300847457627118,PARTIAL_PLUS_TP,5.694915254237288,0.21071428571428574,False
SHORT_7_001,7.0,SHORT,2024-01-15T09:32:00.000000000Z,20.199999999999108,0.0,5,7.0,TP_HIT,13.199999999999108,2.2300847457627118,PARTIAL_PLUS_TP,5.694915254237288,0.21071428571428574,False
SHORT_7_001,7.0,SHORT,2024-01-15T09:33:00.000000000Z,20.199999999999108,0.0,4,7.0,TP_HIT,13.199999999999108,2.2300847457627118,PARTIAL_PLUS_TP,5.694915254237288,0.21071428571428574,False
SHORT_7_001,7.0,SHORT,2024-01-15T09:34:00.000000000Z,18.400000000000638,0.0,4,7.0,TP_HIT,11.400000000000638,2.2300847457627118,PARTIAL_PLUS_TP,5.694915254237288,0.21071428571428574,False
SHORT_7_001,7.0,SHORT,2024-01-15T09:35:00.000000000Z,15.899999999999803,0.0,28,7.0,TP_HIT,8.899999999999803,2.2300847457627118,PARTIAL_PLUS_TP,5.694915254237288,0.21071428571428574,False
SHORT_7_001,7.0,SHORT,2024-01-15T09:36:00.000000000Z,15.799999999999148,0.0,27,7.0,TP_HIT,8.799999999999148,2.2300847457627118,PARTIAL_PLUS_TP,5.694915254237288,0.21071428571428574,False
SHORT_7_001,7.0,SHORT,2024-01-15T09:37:00.000000000Z,12.600000000000389,1.5999999999993797,32,7.0,TP_HIT,5.600000000000389,2.2300847457627118,PARTIAL_PLUS_TP,5.694915254237288,0.21071428571428574,False
SHORT_7_001,7.0,SHORT,2024-01-15T09:38:00.000000000Z,11.300000000000754,2.8999999999990145,34,7.0,TP_HIT,4.300000000000754,2.2300847457627118,PARTIAL_PLUS_TP,5.694915254237288,0.21071428571428574,False
SHORT_7_001,7.0,SHORT,2024-01-15T09:39:00.000000000Z,13.499999999999623,0.700000000000145,30,7.0,TP_HIT,6.499999999999623,2.2300847457627118,PARTIAL_PLUS_TP,5.694915254237288,0.21071428571428574,False
SHORT_7_001,7.0,SHORT,2024-01-15T09:40:00.000000000Z,13.199999999999878,0.9999999999998899,29,7.0,TP_HIT,6.1999999999998785,2.2300847457627118,PARTIAL_PLUS_TP,5.694915254237288,0.21071428571428574,False
SHORT_7_001,7.0,SHORT,2024-01-15T09:41:00.000000000Z,13.699999999998713,0.5000000000010552,28,7.0,TP_HIT,6.699999999998713,2.2300847457627118,PARTIAL_PLUS_TP,5.694915254237288,0.21071428571428574,False
SHORT_7_001,7.0,SHORT,2024-01-15T09:42:00.000000000Z,13.300000000000534,0.8999999999992347,27,7.0,TP_HIT,6.300000000000534,2.2300847457627118,PARTIAL_PLUS_TP,5.694915254237288,0.21071428571428574,False
SHORT_7_001,7.0,SHORT,2024-01-15T09:43:00.000000000Z,13.000000000000789,1.1999999999989797,26,7.0,TP_HIT,6.000000000000789,2.2300847457627118,PARTIAL_PLUS_TP,5.694915254237288,0.21071428571428574,False
SHORT_7_001,7.0,SHORT,2024-01-15T09:44:00.000000000Z,12.000000000000899,2.1999999999988695,26,7.0,TP_HIT,5.000000000000899,2.2300847457627118,PARTIAL_PLUS_TP,5.694915254237288,0.21071428571428574,False
SHORT_7_001,7.0,SHORT,2024-01-15T09:45:00.000000000Z,13.000000000000789,1.1999999999989797,24,7.0,TP_HIT,6.000000000000789,2.2300847457627118,PARTIAL_PLUS_TP,5.694915254237288,0.21071428571428574,False
SHORT_7_001,7.0,SHORT,2024-01-15T09:46:00.000000000Z,12.699999999998823,1.500000000000945,23,7.0,TP_HIT,5.699999999998823,2.2300847457627118,PARTIAL_PLUS_TP,5.694915254237288,0.21071428571428574,False
SHORT_7_001,7.0,SHORT,2024-01-15T09:47:00.000000000Z,10.499999999999954,3.6999999999998145,28,7.0,TP_HIT,3.499999999999954,2.2300847457627118,PARTIAL_PLUS_TP,5.694915254237288,0.21071428571428574,False
SHORT_7_001,7.0,SHORT,2024-01-15T09:48:00.000000000Z,11.399999999999189,2.80000000000058,24,7.0,TP_HIT,4.399999999999189,2.2300847457627118,PARTIAL_PLUS_TP,5.694915254237288,0.21071428571428574,False
SHORT_7_001,7.0,SHORT,2024-01-15T09:49:00.000000000Z,13.199999999999878,0.9999999999998899,20,7.0,TP_HIT,6.1999999999998785,2.2300847457627118,PARTIAL_PLUS_TP,5.694915254237288,0.21071428571428574,False
SHORT_7_001,7.0,SHORT,2024-01-15T09:50:00.000000000Z,12.300000000000644,1.8999999999991246,20,7.0,TP_HIT,5.300000000000644,2.2300847457627118,PARTIAL_PLUS_TP,5.694915254237288,0.21071428571428574,False
SHORT_7_001,7.0,SHORT,2024-01-15T09:51:00.000000000Z,10.799999999999699,3.4000000000000696,24,7.0,TP_HIT,3.7999999999996987,2.2300847457627118,PARTIAL_PLUS_TP,5.694915254237288,0.21071428571428574,False
SHORT_7_001,7.0,SHORT,2024-01-15T09:52:00.000000000Z,11.200000000000099,2.9999999999996696,20,7.0,TP_HIT,4.200000000000099,2.2300847457627118,PARTIAL_PLUS_TP,5.694915254237288,0.21071428571428574,False
SHORT_7_001,7.0,SHORT,2024-01-15T09:53:00.000000000Z,11.799999999999589,2.4000000000001798,17,7.0,TP_HIT,4.799999999999589,2.2300847457627118,PARTIAL_PLUS_TP,5.694915254237288,0.21071428571428574,False
SHORT_7_001,7.0,SHORT,2024-01-15T09:54:00.000000000Z,12.199999999999989,1.9999999999997797,16,7.0,TP_HIT,5.199999999999989,2.2300847457627118,PARTIAL_PLUS_TP,5.694915254237288,0.21071428571428574,False
SHORT_7_001,7.0,SHORT,2024-01-15T09:55:00.000000000Z,14.199999999999768,0.0,9,7.0,TP_HIT,7.199999999999768,2.2300847457627118,PARTIAL_PLUS_TP,5.694915254237288,0.21071428571428574,False
SHORT_7_001,7.0,SHORT,2024-01-15T09:56:00.000000000Z,14.000000000000679,0.0,8,7.0,TP_HIT,7.000000000000679,2.2300847457627118,PARTIAL_PLUS_TP,5.694915254237288,0.21071428571428574,False
SHORT_7_001,7.0,SHORT,2024-01-15T09:57:00.000000000Z,13.000000000000789,0.0,12,7.0,TP_HIT,6.000000000000789,2.2300847457627118,PARTIAL_PLUS_TP,5.694915254237288,0.21071428571428574,False
SHORT_7_001,7.0,SHORT,2024-01-15T09:58:00.000000000Z,12.199999999999989,2.100000000000435,12,7.0,TP_HIT,5.199999999999989,2.2300847457627118,PARTIAL_PLUS_TP,5.694915254237288,0.21071428571428574,False
SHORT_7_001,7.0,SHORT,2024-01-15T09:59:00.000000000Z,13.000000000000789,1.2999999999996348,10,7.0,TP_HIT,6.000000000000789,2.2300847457627118,PARTIAL_PLUS_TP,5.694915254237288,0.21071428571428574,False
SHORT_7_001,7.0,SHORT,2024-01-15T10:00:00.000000000Z,10.300000000000864,4.799999999998139,16,7.0,TP_HIT,3.300000000000864,2.2300847457627118,PARTIAL_PLUS_TP,5.694915254237288,0.21071428571428574,False
SHORT_7_001,7.0,SHORT,2024-01-15T10:01:00.000000000Z,10.300000000000864,4.799999999998139,15,7.0,TP_HIT,3.300000000000864,2.2300847457627118,PARTIAL_PLUS_TP,5.694915254237288,0.21071428571428574,False
SHORT_7_001,7.0,SHORT,2024-01-15T10:02:00.000000000Z,9.200000000000319,5.899999999998684,15,7.0,TP_HIT,2.200000000000319,2.2300847457627118,PARTIAL_PLUS_TP,5.694915254237288,0.21071428571428574,False
SHORT_7_001,7.0,SHORT,2024-01-15T10:03:00.000000000Z,8.20000000000043,6.899999999998574,15,7.0,TP_HIT,1.2000000000004292,2.2300847457627118,PARTIAL_PLUS_TP,5.694915254237288,0.21071428571428574,False
SHORT_7_001,7.0,SHORT,2024-01-15T10:04:00.000000000Z,6.699999999999484,8.399999999999519,101,-7.0,SL_HIT,0.0,-4.324999999999999,PARTIAL_THEN_SL,5.694915254237288,0.21071428571428574,True
SHORT_7_001,7.0,SHORT,2024-01-15T10:05:00.000000000Z,7.200000000000539,7.899999999998464,17,7.0,TP_HIT,0.2000000000005393,-4.324999999999999,PARTIAL_THEN_SL,5.694915254237288,0.21071428571428574,False
SHORT_7_001,7.0,SHORT,2024-01-15T10:06:00.000000000Z,7.900000000000684,7.199999999998319,12,7.0,TP_HIT,0.9000000000006843,-4.324999999999999,PARTIAL_THEN_SL,5.694915254237288,0.21071428571428574,False
SHORT_7_001,7.0,SHORT,2024-01-15T10:07:00.000000000Z,7.699999999999374,7.399999999999629,11,7.0,TP_HIT,0.699999999999374,-4.324999999999999,PARTIAL_THEN_SL,5.694915254237288,0.21071428571428574,False
SHORT_7_001,7.0,SHORT,2024-01-15T10:08:00.000000000Z,7.599999999998719,7.500000000000284,10,7.0,TP_HIT,0.5999999999987189,-4.324999999999999,PARTIAL_THEN_SL,5.694915254237288,0.21071428571428574,False
SHORT_7_001,7.0,SHORT,2024-01-15T10:09:00.000000000Z,5.599999999998939,9.500000000000064,101,-7.0,SL_HIT,0.0,-7.0,SL_HIT,5.694915254237288,0.21071428571428574,True
SHORT_7_001,7.0,SHORT,2024-01-15T10:10:00.000000000Z,4.599999999999049,10.499999999999954,101,-7.0,SL_HIT,0.0,-7.0,SL_HIT,5.694915254237288,0.21071428571428574,True
SHORT_7_001,7.0,SHORT,2024-01-15T10:11:00.000000000Z,5.399999999999849,9.699999999999154,101,-7.0,SL_HIT,0.0,-7.0,SL_HIT,5.694915254237288,0.21071428571428574,True
SHORT_7_001,7.0,SHORT,2024-01-15T10:12:00.000000000Z,3.9999999999995595,11.099999999999444,101,-7.0,SL_HIT,0.0,-7.0,SL_HIT,5.694915254237288,0.21071428571428574,True
SHORT_7_001,7.0,SHORT,2024-01-15T10:13:00.000000000Z,4.20000000000087,10.899999999998133,101,-7.0,SL_HIT,0.0,-7.0,SL_HIT,5.694915254237288,0.21071428571428574,True
SHORT_7_001,7.0,SHORT,2024-01-15T10:14:00.000000000Z,4.899999999998794,10.200000000000209,101,-7.0,SL_HIT,0.0,-7.0,SL_HIT,5.694915254237288,0.21071428571428574,True
SHORT_7_001,7.0,SHORT,2024-01-15T10:15:00.000000000Z,3.4000000000000696,11.699999999998933,101,-7.0,SL_HIT,0.0,-7.0,SL_HIT,5.694915254237288,0.21071428571428574,True
SHORT_7_001,7.0,SHORT,2024-01-15T10:16:00.000000000Z,3.1999999999987594,11.900000000000244,101,-7.0,SL_HIT,0.0,-7.0,SL_HIT,5.694915254237288,0.21071428571428574,True
SHORT_7_001,7.0,SHORT,2024-01-15T10:17:00.000000000Z,1.9999999999997797,13.099999999999223,101,-7.0,SL_HIT,0.0,-7.0,SL_HIT,5.694915254237288,0.21071428571428574,True
SHORT_7_001,7.0,SHORT,2024-01-15T10:18:00.000000000Z,0.2999999999997449,14.799999999999258,101,-7.0,SL_HIT,0.0,-7.0,SL_HIT,5.694915254237288,0.21071428571428574,True
SHORT_7_001,7.0,SHORT,2024-01-15T10:19:00.000000000Z,1.1999999999989797,13.900000000000023,101,-7.0,SL_HIT,0.0,-7.0,SL_HIT,5.694915254237288,0.21071428571428574,True
SHORT_7_001,7.0,SHORT,2024-01-15T10:20:00.000000000Z,0.40000000000040004,14.699999999998603,101,-7.0,SL_HIT,0.0,-7.0,SL_HIT,5.694915254237288,0.21071428571428574,True
SHORT_7_001,7.0,SHORT,2024-01-15T10:21:00.000000000Z,0.8000000000008001,14.299999999998203,101,-7.0,SL_HIT,0.0,-7.0,SL_HIT,5.694915254237288,0.21071428571428574,True
SHORT_7_001,7.0,SHORT,2024-01-15T10:22:00.000000000Z,0.0,15.099999999999003,101,-7.0,SL_HIT,0.0,-7.0,SL_HIT,5.694915254237288,0.21071428571428574,True
SHORT_7_002,7.0,SHORT,2024-01-15T12:11:00.000000000Z,7.200000000000539,6.200000000000649,58,7.0,TP_HIT,0.2000000000005393,2.2300847457627118,PARTIAL_PLUS_TP,5.694915254237288,0.21071428571428574,False
SHORT_7_002,7.0,SHORT,2024-01-15T12:12:00.000000000Z,7.900000000000684,5.5000000000005045,57,7.0,TP_HIT,0.9000000000006843,2.3000000000000003,PARTIAL_PLUS_TP,5.694915254237288,0.21071428571428574,False
SHORT_7_002,7.0,SHORT,2024-01-15T12:13:00.000000000Z,9.40000000000163,3.9999999999995595,20,7.0,TP_HIT,2.4000000000016293,2.2300847457627118,PARTIAL_PLUS_TP,5.694915254237288,0.21071428571428574,False
SHORT_7_002,7.0,SHORT,2024-01-15T12:14:00.000000000Z,10.000000000001119,3.4000000000000696,19,7.0,TP_HIT,3.000000000001119,2.2300847457627118,PARTIAL_PLUS_TP,5.694915254237288,0.21071428571428574,False
SHORT_7_002,7.0,SHORT,2024-01-15T12:15:00.000000000Z,10.000000000001119,3.4000000000000696,18,7.0,TP_HIT,3.000000000001119,2.2300847457627118,PARTIAL_PLUS_TP,5.694915254237288,0.21071428571428574,False
SHORT_7_002,7.0,SHORT,2024-01-15T12:16:00.000000000Z,9.900000000000464,3.5000000000007248,17,7.0,TP_HIT,2.900000000000464,2.2300847457627118,PARTIAL_PLUS_TP,5.694915254237288,0.21071428571428574,False
SHORT_7_002,7.0,SHORT,2024-01-15T12:17:00.000000000Z,11.200000000000099,2.20000000000109,16,7.0,TP_HIT,4.200000000000099,2.2300847457627118,PARTIAL_PLUS_TP,5.694915254237288,0.21071428571428574,False
SHORT_7_002,7.0,SHORT,2024-01-15T12:18:00.000000000Z,11.800000000001809,1.5999999999993797,12,7.0,TP_HIT,4.800000000001809,2.2300847457627118,PARTIAL_PLUS_TP,5.694915254237288,0.21071428571428574,False
SHORT_7_002,7.0,SHORT,2024-01-15T12:19:00.000000000Z,9.500000000000064,3.900000000001125,14,7.0,TP_HIT,2.500000000000064,2.2300847457627118,PARTIAL_PLUS_TP,5.694915254237288,0.21071428571428574,False
SHORT_7_002,7.0,SHORT,2024-01-15T12:20:00.000000000Z,9.600000000000719,3.8000000000004697,13,7.0,TP_HIT,2.600000000000719,2.2300847457627118,PARTIAL_PLUS_TP,5.694915254237288,0.21071428571428574,False
SHORT_7_002,7.0,SHORT,2024-01-15T12:21:00.000000000Z,10.200000000000209,3.20000000000098,12,7.0,TP_HIT,3.200000000000209,2.2300847457627118,PARTIAL_PLUS_TP,5.694915254237288,0.21071428571428574,False
SHORT_7_002,7.0,SHORT,2024-01-15T12:22:00.000000000Z,9.200000000000319,4.20000000000087,47,7.0,TP_HIT,2.200000000000319,2.2300847457627118,PARTIAL_PLUS_TP,5.694915254237288,0.21071428571428574,False
SHORT_7_002,7.0,SHORT,2024-01-15T12:23:00.000000000Z,7.600000000000939,5.800000000000249,46,7.0,TP_HIT,0.6000000000009393,2.2300847457627118,PARTIAL_PLUS_TP,5.694915254237288,0.21071428571428574,False
SHORT_7_002,7.0,SHORT,2024-01-15T12:24:00.000000000Z,7.200000000000539,6.200000000000649,45,7.0,TP_HIT,0.2000000000005393,2.2300847457627118,PARTIAL_PLUS_TP,5.694915254237288,0.21071428571428574,False
SHORT_7_002,7.0,SHORT,2024-01-15T12:25:00.000000000Z,7.999999999999119,6.6000000000010495,100,7.0,TP_HIT,0.9999999999991189,2.2300847457627118,PARTIAL_PLUS_TP,5.694915254237288,0.21071428571428574,False
SHORT_7_002,7.0,SHORT,2024-01-15T12:26:00.000000000Z,12.100000000001554,4.699999999999704,43,7.0,TP_HIT,5.100000000001554,2.2300847457627118,PARTIAL_PLUS_TP,5.694915254237288,0.21071428571428574,False
SHORT_7_002,7.0,SHORT,2024-01-15T12:27:00.000000000Z,10.499999999999954,6.800000000000139,98,7.0,TP_HIT,3.499999999999954,2.2300847457627118,PARTIAL_PLUS_TP,5.694915254237288,0.21071428571428574,False
SHORT_7_002,7.0,SHORT,2024-01-15T12:28:00.000000000Z,10.399999999999299,7.600000000000939,98,-7.0,SL_HIT,3.3999999999992987,-7.0,SL_HIT,5.694915254237288,0.21071428571428574,True
SHORT_7_002,7.0,SHORT,2024-01-15T12:29:00.000000000Z,10.399999999999299,7.600000000000939,97,-7.0,SL_HIT,3.3999999999992987,-7.0,SL_HIT,5.694915254237288,0.21071428571428574,True
SHORT_7_002,7.0,SHORT,2024-01-15T12:30:00.000000000Z,9.200000000000319,8.799999999999919,96,-7.0,SL_HIT,2.200000000000319,-7.0,SL_HIT,5.694915254237288,0.21071428571428574,True
SHORT_7_002,7.0,SHORT,2024-01-15T12:31:00.000000000Z,8.999999999999009,9.00000000000123,95,-7.0,SL_HIT,1.9999999999990088,-7.0,SL_HIT,5.694915254237288,0.21071428571428574,True
SHORT_7_002,7.0,SHORT,2024-01-15T12:32:00.000000000Z,9.200000000000319,8.799999999999919,94,-7.0,SL_HIT,2.200000000000319,-7.0,SL_HIT,5.694915254237288,0.21071428571428574,True
SHORT_7_002,7.0,SHORT,2024-01-15T12:33:00.000000000Z,6.800000000000139,11.200000000000099,101,-7.0,SL_HIT,0.0,-7.0,SL_HIT,5.694915254237288,0.21071428571428574,True
SHORT_7_002,7.0,SHORT,2024-01-15T12:34:00.000000000Z,11.300000000000754,6.999999999999229,91,7.0,TP_HIT,4.300000000000754,2.2300847457627118,PARTIAL_PLUS_TP,5.694915254237288,0.21071428571428574,False
SHORT_7_002,7.0,SHORT,2024-01-15T12:35:00.000000000Z,10.300000000000864,7.999999999999119,91,-7.0,SL_HIT,3.300000000000864,-7.0,SL_HIT,5.694915254237288,0.21071428571428574,True
SHORT_7_002,7.0,SHORT,2024-01-15T12:36:00.000000000Z,10.999999999998789,7.300000000001194,89,-7.0,SL_HIT,3.9999999999987885,-7.0,SL_HIT,5.694915254237288,0.21071428571428574,True
SHORT_7_002,7.0,SHORT,2024-01-15T12:37:00.000000000Z,10.099999999999554,8.20000000000043,89,-7.0,SL_HIT,3.099999999999554,-7.0,SL_HIT,5.694915254237288,0.21071428571428574,True
SHORT_7_002,7.0,SHORT,2024-01-15T12:38:00.000000000Z,8.099999999999774,10.200000000000209,89,-7.0,SL_HIT,1.099999999999774,-7.0,SL_HIT,5.694915254237288,0.21071428571428574,True
SHORT_7_002,7.0,SHORT,2024-01-15T12:39:00.000000000Z,12.199999999999989,6.6000000000010495,86,7.0,TP_HIT,5.199999999999989,2.2300847457627118,PARTIAL_PLUS_TP,5.694915254237288,0.21071428571428574,False
SHORT_7_002,7.0,SHORT,2024-01-15T12:40:00.000000000Z,16.20000000000177,2.5999999999992696,28,7.0,TP_HIT,9.200000000001769,2.2300847457627118,PARTIAL_PLUS_TP,5.694915254237288,0.21071428571428574,False
SHORT_7_002,7.0,SHORT,2024-01-15T12:41:00.000000000Z,19.000000000000128,0.0,19,7.0,TP_HIT,12.000000000000128,2.2300847457627118,PARTIAL_PLUS_TP,5.694915254237288,0.21071428571428574,False
SHORT_7_002,7.0,SHORT,2024-01-15T12:42:00.000000000Z,16.099999999998893,1.7000000000000348,26,7.0,TP_HIT,9.099999999998893,2.2300847457627118,PARTIAL_PLUS_TP,5.694915254237288,0.21071428571428574,False
SHORT_7_002,7.0,SHORT,2024-01-15T12:43:00.000000000Z,17.599999999999838,0.1999999999990898,21,7.0,TP_HIT,10.599999999999838,2.2300847457627118,PARTIAL_PLUS_TP,5.694915254237288,0.21071428571428574,False
SHORT_7_002,7.0,SHORT,2024-01-15T12:44:00.000000000Z,15.199999999999658,2.5999999999992696,25,7.0,TP_HIT,8.199999999999658,2.2300847457627118,PARTIAL_PLUS_TP,5.694915254237288,0.21071428571428574,False
SHORT_7_002,7.0,SHORT,2024-01-15T12:45:00.000000000Z,15.000000000000568,2.7999999999983594,24,7.0,TP_HIT,8.000000000000568,2.2300847457627118,PARTIAL_PLUS_TP,5.694915254237288,0.21071428571428574,False
SHORT_7_002,7.0,SHORT,2024-01-15T12:46:00.000000000Z,13.399999999998968,4.3999999999999595,23,7.0,TP_HIT,6.399999999998968,2.2300847457627118,PARTIAL_PLUS_TP,5.694915254237288,0.21071428571428574,False
SHORT_7_002,7.0,SHORT,2024-01-15T12:47:00.000000000Z,14.399999999998858,3.4000000000000696,22,7.0,TP_HIT,7.399999999998858,2.2300847457627118,PARTIAL_PLUS_TP,5.694915254237288,0.21071428571428574,False
SHORT_7_002,7.0,SHORT,2024-01-15T12:48:00.000000000Z,14.799999999999258,2.9999999999996696,21,7.0,TP_HIT,7.799999999999258,2.2300847457627118,PARTIAL_PLUS_TP,5.694915254237288,0.21071428571428574,False
SHORT_7_002,7.0,SHORT,2024-01-15T12:49:00.000000000Z,16.199999999999548,1.5999999999993797,19,7.0,TP_HIT,9.199999999999548,2.2300847457627118,PARTIAL_PLUS_TP,5.694915254237288,0.21071428571428574,False
SHORT_7_002,7.0,SHORT,2024-01-15T12:50:00.000000000Z,17.100000000001003,0.6999999999979245,16,7.0,TP_HIT,10.100000000001003,2.2300847457627118,PARTIAL_PLUS_TP,5.694915254237288,0.21071428571428574,False
SHORT_7_002,7.0,SHORT,2024-01-15T12:51:00.000000000Z,15.600000000000058,2.1999999999988695,17,7.0,TP_HIT,8.600000000000058,2.2300847457627118,PARTIAL_PLUS_TP,5.694915254237288,0.21071428571428574,False
SHORT_7_002,7.0,SHORT,2024-01-15T12:52:00.000000000Z,16.799999999999038,0.9999999999998899,15,7.0,TP_HIT,9.799999999999038,2.2300847457627118,PARTIAL_PLUS_TP,5.694915254237288,0.21071428571428574,False
SHORT_7_002,7.0,SHORT,2024-01-15T12:53:00.000000000Z,17.799999999998928,0.0,11,7.0,TP_HIT,10.799999999998928,2.2300847457627118,PARTIAL_PLUS_TP,5.694915254237288,0.21071428571428574,False
SHORT_7_002,7.0,SHORT,2024-01-15T12:54:00.000000000Z,17.799999999998928,0.0,10,7.0,TP_HIT,10.799999999998928,2.2300847457627118,PARTIAL_PLUS_TP,5.694915254237288,0.21071428571428574,False
SHORT_7_002,7.0,SHORT,2024-01-15T12:55:00.000000000Z,16.40000000000086,0.0,13,7.0,TP_HIT,9.400000000000858,2.2300847457627118,PARTIAL_PLUS_TP,5.694915254237288,0.21071428571428574,False
SHORT_7_002,7.0,SHORT,2024-01-15T12:56:00.000000000Z,16.00000000000046,0.0,12,7.0,TP_HIT,9.000000000000458,2.2300847457627118,PARTIAL_PLUS_TP,5.694915254237288,0.21071428571428574,False
SHORT_7_002,7.0,SHORT,2024-01-15T12:57:00.000000000Z,13.600000000000279,0.9999999999998899,12,7.0,TP_HIT,6.6000000000002785,2.2300847457627118,PARTIAL_PLUS_TP,5.694915254237288,0.21071428571428574,False
SHORT_7_002,7.0,SHORT,2024-01-15T12:58:00.000000000Z,14.000000000000679,0.5999999999994898,11,7.0,TP_HIT,7.000000000000679,2.2300847457627118,PARTIAL_PLUS_TP,5.694915254237288,0.21071428571428574,False
SHORT_7_002,7.0,SHORT,2024-01-15T12:59:00.000000000Z,14.600000000000168,0.0,10,7.0,TP_HIT,7.600000000000168,2.2300847457627118,PARTIAL_PLUS_TP,5.694915254237288,0.21071428571428574,False
SHORT_7_002,7.0,SHORT,2024-01-15T13:00:00.000000000Z,11.699999999998933,1.6000000000016001,65,7.0,TP_HIT,4.6999999999989335,2.2300847457627118,PARTIAL_PLUS_TP,5.694915254237288,0.21071428571428574,False
SHORT_7_002,7.0,SHORT,2024-01-15T13:01:00.000000000Z,13.000000000000789,0.2999999999997449,8,7.0,TP_HIT,6.000000000000789,2.2300847457627118,PARTIAL_PLUS_TP,5.694915254237288,0.21071428571428574,False
SHORT_7_002,7.0,SHORT,2024-01-15T13:02:00.000000000Z,12.600000000000389,0.700000000000145,7,7.0,TP_HIT,5.600000000000389,2.2300847457627118,PARTIAL_PLUS_TP,5.694915254237288,0.21071428571428574,False
SHORT_7_002,7.0,SHORT,2024-01-15T13:03:00.000000000Z,11.600000000000499,1.7000000000000348,62,7.0,TP_HIT,4.600000000000499,2.2300847457627118,PARTIAL_PLUS_TP,5.694915254237288,0.21071428571428574,False
SHORT_7_002,7.0,SHORT,2024-01-15T13:04:00.000000000Z,10.200000000000209,3.1000000000003247,62,7.0,TP_HIT,3.200000000000209,2.2300847457627118,PARTIAL_PLUS_TP,5.694915254237288,0.21071428571428574,False
SHORT_7_002,7.0,SHORT,2024-01-15T13:05:00.000000000Z,11.600000000000499,1.7000000000000348,60,7.0,TP_HIT,4.600000000000499,2.2300847457627118,PARTIAL_PLUS_TP,5.694915254237288,0.21071428571428574,False
SHORT_7_002,7.0,SHORT,2024-01-15T13:06:00.000000000Z,9.999999999998899,3.300000000001635,60,7.0,TP_HIT,2.9999999999988987,2.2300847457627118,PARTIAL_PLUS_TP,5.694915254237288,0.21071428571428574,False
SHORT_7_002,7.0,SHORT,2024-01-15T13:07:00.000000000Z,9.600000000000719,3.6999999999998145,59,7.0,TP_HIT,2.600000000000719,2.2300847457627118,PARTIAL_PLUS_TP,5.694915254237288,0.21071428571428574,False
SHORT_7_002,7.0,SHORT,2024-01-15T13:08:00.000000000Z,8.20000000000043,5.1000000000001044,60,7.0,TP_HIT,1.2000000000004292,2.2300847457627118,PARTIAL_PLUS_TP,5.694915254237288,0.21071428571428574,False
SHORT_7_002,7.0,SHORT,2024-01-15T13:09:00.000000000Z,5.599999999998939,7.7000000000015945,101,-7.0,SL_HIT,0.0,-7.0,SL_HIT,5.694915254237288,0.21071428571428574,True
SHORT_7_002,7.0,SHORT,2024-01-15T13:10:00.000000000Z,7.399999999999629,5.9000000000009045,69,7.0,TP_HIT,0.3999999999996291,2.2300847457627118,PARTIAL_PLUS_TP,5.694915254237288,0.21071428571428574,False
SHORT_7_002,7.0,SHORT,2024-01-15T13:11:00.000000000Z,8.799999999999919,4.500000000000615,56,7.0,TP_HIT,1.799999999999919,2.2300847457627118,PARTIAL_PLUS_TP,5.694915254237288,0.21071428571428574,False
SHORT_7_002,7.0,SHORT,2024-01-15T13:12:00.000000000Z,7.600000000000939,5.699999999999594,67,7.0,TP_HIT,0.6000000000009393,2.2300847457627118,PARTIAL_PLUS_TP,5.694915254237288,0.21071428571428574,False
SHORT_7_002,7.0,SHORT,2024-01-15T13:13:00.000000000Z,6.800000000000139,6.500000000000394,101,4.999999999999449,TIMEOUT,0.0,1.2000000000000002,PARTIAL_ONLY,5.694915254237288,0.21071428571428574,False
SHORT_7_002,7.0,SHORT,2024-01-15T13:14:00.000000000Z,6.800000000000139,6.500000000000394,101,5.20000000000076,TIMEOUT,0.0,1.2000000000000002,PARTIAL_ONLY,5.694915254237288,0.21071428571428574,False
SHORT_7_002,7.0,SHORT,2024-01-15T13:15:00.000000000Z,6.200000000000649,7.099999999999884,101,-7.0,SL_HIT,0.0,-7.0,SL_HIT,5.694915254237288,0.21071428571428574,True
SHORT_7_002,7.0,SHORT,2024-01-15T13:16:00.000000000Z,8.399999999999519,4.900000000001015,52,7.0,TP_HIT,1.399999999999519,2.2300847457627118,PARTIAL_PLUS_TP,5.694915254237288,0.21071428571428574,False
SHORT_7_002,7.0,SHORT,2024-01-15T13:17:00.000000000Z,9.399999999999409,3.900000000001125,49,7.0,TP_HIT,2.399999999999409,2.2300847457627118,PARTIAL_PLUS_TP,5.694915254237288,0.21071428571428574,False
SHORT_7_002,7.0,SHORT,2024-01-15T13:18:00.000000000Z,9.300000000000974,3.9999999999995595,48,7.0,TP_HIT,2.300000000000974,2.2300847457627118,PARTIAL_PLUS_TP,5.694915254237288,0.21071428571428574,False
SHORT_7_002,7.0,SHORT,2024-01-15T13:19:00.000000000Z,11.200000000000099,2.100000000000435,47,7.0,TP_HIT,4.200000000000099,2.2300847457627118,PARTIAL_PLUS_TP,5.694915254237288,0.21071428571428574,False
SHORT_7_002,7.0,SHORT,2024-01-15T13:20:00.000000000Z,11.200000000000099,2.100000000000435,46,7.0,TP_HIT,4.200000000000099,2.2300847457627118,PARTIAL_PLUS_TP,5.694915254237288,0.21071428571428574,False
SHORT_7_002,7.0,SHORT,2024-01-15T13:21:00.000000000Z,11.200000000000099,2.100000000000435,45,7.0,TP_HIT,4.200000000000099,2.2300847457627118,PARTIAL_PLUS_TP,5.694915254237288,0.21071428571428574,False
SHORT_7_002,7.0,SHORT,2024-01-15T13:22:00.000000000Z,9.600000000000719,3.6999999999998145,44,7.0,TP_HIT,2.600000000000719,2.2300847457627118,PARTIAL_PLUS_TP,5.694915254237288,0.21071428571428574,False
SHORT_7_002,7.0,SHORT,2024-01-15T13:23:00.000000000Z,9.600000000000719,3.6999999999998145,43,7.0,TP_HIT,2.600000000000719,2.2300847457627118,PARTIAL_PLUS_TP,5.694915254237288,0.21071428571428574,False
SHORT_7_002,7.0,SHORT,2024-01-15T13:24:00.000000000Z,9.200000000000319,4.100000000000215,42,7.0,TP_HIT,2.200000000000319,2.2300847457627118,PARTIAL_PLUS_TP,5.694915254237288,0.21071428571428574,False
SHORT_7_002,7.0,SHORT,2024-01-15T13:25:00.000000000Z,10.399999999999299,2.900000000001235,41,7.0,TP_HIT,3.3999999999992987,2.2300847457627118,PARTIAL_PLUS_TP,5.694915254237288,0.21071428571428574,False
SHORT_7_002,7.0,SHORT,2024-01-15T13:26:00.000000000Z,9.200000000000319,4.100000000000215,40,7.0,TP_HIT,2.200000000000319,2.2300847457627118,PARTIAL_PLUS_TP,5.694915254237288,0.21071428571428574,False
SHORT_7_002,7.0,SHORT,2024-01-15T13:27:00.000000000Z,10.300000000000864,2.9999999999996696,39,7.0,TP_HIT,3.300000000000864,2.2300847457627118,PARTIAL_PLUS_TP,5.694915254237288,0.21071428571428574,False
SHORT_7_002,7.0,SHORT,2024-01-15T13:28:00.000000000Z,8.20000000000043,5.1000000000001044,40,7.0,TP_HIT,1.2000000000004292,2.2300847457627118,PARTIAL_PLUS_TP,5.694915254237288,0.21071428571428574,False
SHORT_7_002,7.0,SHORT,2024-01-15T13:29:00.000000000Z,8.20000000000043,5.1000000000001044,39,7.0,TP_HIT,1.2000000000004292,2.2300847457627118,PARTIAL_PLUS_TP,5.694915254237288,0.21071428571428574,False
SHORT_7_002,7.0,SHORT,2024-01-15T13:30:00.000000000Z,10.799999999999699,2.500000000000835,36,7.0,TP_HIT,3.7999999999996987,2.2300847457627118,PARTIAL_PLUS_TP,5.694915254237288,0.21071428571428574,False
SHORT_7_002,7.0,SHORT,2024-01-15T13:31:00.000000000Z,12.300000000000644,0.9999999999998899,34,7.0,TP_HIT,5.300000000000644,2.2300847457627118,PARTIAL_PLUS_TP,5.694915254237288,0.21071428571428574,False
SHORT_7_002,7.0,SHORT,2024-01-15T13:32:00.000000000Z,12.399999999999078,0.9000000000014552,33,7.0,TP_HIT,5.399999999999078,2.2300847457627118,PARTIAL_PLUS_TP,5.694915254237288,0.21071428571428574,False
SHORT_7_002,7.0,SHORT,2024-01-15T13:33:00.000000000Z,12.000000000000899,1.2999999999996348,32,7.0,TP_HIT,5.000000000000899,2.2300847457627118,PARTIAL_PLUS_TP,5.694915254237288,0.21071428571428574,False
SHORT_7_002,7.0,SHORT,2024-01-15T13:34:00.000000000Z,12.700000000001044,0.5999999999994898,31,7.0,TP_HIT,5.700000000001044,2.2300847457627118,PARTIAL_PLUS_TP,5.694915254237288,0.21071428571428574,False
SHORT_7_002,7.0,SHORT,2024-01-15T13:35:00.000000000Z,13.300000000000534,0.0,30,7.0,TP_HIT,6.300000000000534,2.2300847457627118,PARTIAL_PLUS_TP,5.694915254237288,0.21071428571428574,False
SHORT_7_002,7.0,SHORT,2024-01-15T13:36:00.000000000Z,11.399999999999189,0.9000000000014552,30,7.0,TP_HIT,4.399999999999189,2.2300847457627118,PARTIAL_PLUS_TP,5.694915254237288,0.21071428571428574,False
SHORT_7_002,7.0,SHORT,2024-01-15T13:37:00.000000000Z,9.900000000000464,2.4000000000001798,29,7.0,TP_HIT,2.900000000000464,2.2300847457627118,PARTIAL_PLUS_TP,5.694915254237288,0.21071428571428574,False
SHORT_7_002,7.0,SHORT,2024-01-15T13:38:00.000000000Z,10.799999999999699,1.500000000000945,28,7.0,TP_HIT,3.7999999999996987,2.2300847457627118,PARTIAL_PLUS_TP,5.694915254237288,0.21071428571428574,False
SHORT_7_002,7.0,SHORT,2024-01-15T13:39:00.000000000Z,10.699999999999044,1.6000000000016001,27,7.0,TP_HIT,3.6999999999990436,2.2300847457627118,PARTIAL_PLUS_TP,5.694915254237288,0.21071428571428574,False
SHORT_7_002,7.0,SHORT,2024-01-15T13:40:00.000000000Z,9.999999999998899,2.300000000001745,26,7.0,TP_HIT,2.9999999999988987,2.2300847457627118,PARTIAL_PLUS_TP,5.694915254237288,0.21071428571428574,False
SHORT_7_002,7.0,SHORT,2024-01-15T13:41:00.000000000Z,9.399999999999409,2.900000000001235,25,7.0,TP_HIT,2.399999999999409,2.2300847457627118,PARTIAL_PLUS_TP,5.694915254237288,0.21071428571428574,False
SHORT_7_002,7.0,SHORT,2024-01-15T13:42:00.000000000Z,9.900000000000464,2.4000000000001798,24,7.0,TP_HIT,2.900000000000464,2.2300847457627118,PARTIAL_PLUS_TP,5.694915254237288,0.21071428571428574,False
SHORT_7_002,7.0,SHORT,2024-01-15T13:43:00.000000000Z,10.200000000000209,2.100000000000435,23,7.0,TP_HIT,3.200000000000209,2.2300847457627118,PARTIAL_PLUS_TP,5.694915254237288,0.21071428571428574,False
SHORT_7_002,7.0,SHORT,2024-01-15T13:44:00.000000000Z,10.600000000000609,1.7000000000000348,22,7.0,TP_HIT,3.600000000000609,2.2300847457627118,PARTIAL_PLUS_TP,5.694915254237288,0.21071428571428574,False
SHORT_7_002,7.0,SHORT,2024-01-15T13:45:00.000000000Z,10.600000000000609,1.7000000000000348,21,7.0,TP_HIT,3.600000000000609,2.2300847457627118,PARTIAL_PLUS_TP,5.694915254237288,0.21071428571428574,False
SHORT_7_002,7.0,SHORT,2024-01-15T13:46:00.000000000Z,10.200000000000209,2.100000000000435,20,7.0,TP_HIT,3.200000000000209,2.2300847457627118,PARTIAL_PLUS_TP,5.694915254237288,0.21071428571428574,False
SHORT_7_002,7.0,SHORT,2024-01-15T13:47:00.000000000Z,9.799999999999809,2.500000000000835,19,7.0,TP_HIT,2.799999999999809,2.2300847457627118,PARTIAL_PLUS_TP,5.694915254237288,0.21071428571428574,False
SHORT_7_002,7.0,SHORT,2024-01-15T13:48:00.000000000Z,10.200000000000209,2.100000000000435,18,7.0,TP_HIT,3.200000000000209,2.2300847457627118,PARTIAL_PLUS_TP,5.694915254237288,0.21071428571428574,False
SHORT_7_002,7.0,SHORT,2024-01-15T13:49:00.000000000Z,11.000000000001009,1.2999999999996348,17,7.0,TP_HIT,4.000000000001009,2.2300847457627118,PARTIAL_PLUS_TP,5.694915254237288,0.21071428571428574,False
SHORT_7_002,7.0,SHORT,2024-01-15T13:50:00.000000000Z,11.600000000000499,0.700000000000145,15,7.0,TP_HIT,4.600000000000499,2.2300847457627118,PARTIAL_PLUS_TP,5.694915254237288,0.21071428571428574,False
SHORT_7_002,7.0,SHORT,2024-01-15T13:51:00.000000000Z,12.300000000000644,0.0,14,7.0,TP_HIT,5.300000000000644,2.2300847457627118,PARTIAL_PLUS_TP,5.694915254237288,0.21071428571428574,False
SHORT_7_002,7.0,SHORT,2024-01-15T13:52:00.000000000Z,11.000000000001009,1.1999999999989797,14,7.0,TP_HIT,4.000000000001009,2.2300847457627118,PARTIAL_PLUS_TP,5.694915254237288,0.21071428571428574,False
SHORT_7_002,7.0,SHORT,2024-01-15T13:53:00.000000000Z,10.499999999999954,1.7000000000000348,13,7.0,TP_HIT,3.499999999999954,2.2300847457627118,PARTIAL_PLUS_TP,5.694915254237288,0.21071428571428574,False
SHORT_7_002,7.0,SHORT,2024-01-15T13:54:00.000000000Z,9.900000000000464,2.2999999999995246,12,7.0,TP_HIT,2.900000000000464,2.2300847457627118,PARTIAL_PLUS_TP,5.694915254237288,0.21071428571428574,False
SHORT_7_002,7.0,SHORT,2024-01-15T13:55:00.000000000Z,10.600000000000609,1.5999999999993797,11,7.0,TP_HIT,3.600000000000609,2.2300847457627118,PARTIAL_PLUS_TP,5.694915254237288,0.21071428571428574,False
SHORT_7_002,7.0,SHORT,2024-01-15T13:56:00.000000000Z,10.499999999999954,1.7000000000000348,10,7.0,TP_HIT,3.499999999999954,2.2300847457627118,PARTIAL_PLUS_TP,5.694915254237288,0.21071428571428574,False
SHORT_7_002,7.0,SHORT,2024-01-15T13:57:00.000000000Z,10.700000000001264,1.9999999999997797,9,7.0,TP_HIT,3.700000000001264,2.2300847457627118,PARTIAL_PLUS_TP,5.694915254237288,0.21071428571428574,False
SHORT_7_002,7.0,SHORT,2024-01-15T13:58:00.000000000Z,12.400000000001299,0.5999999999994898,7,7.0,TP_HIT,5.400000000001299,2.2300847457627118,PARTIAL_PLUS_TP,5.694915254237288,0.21071428571428574,False
SHORT_7_002,7.0,SHORT,2024-01-15T13:59:00.000000000Z,12.199999999999989,0.8000000000008001,7,7.0,TP_HIT,5.199999999999989,2.2300847457627118,PARTIAL_PLUS_TP,5.694915254237288,0.21071428571428574,False
SHORT_7_002,7.0,SHORT,2024-01-15T14:00:00.000000000Z,11.800000000001809,1.1999999999989797,6,7.0,TP_HIT,4.800000000001809,2.2300847457627118,PARTIAL_PLUS_TP,5.694915254237288,0.21071428571428574,False
SHORT_7_002,7.0,SHORT,2024-01-15T14:01:00.000000000Z,13.000000000000789,0.0,4,7.0,TP_HIT,6.000000000000789,2.2300847457627118,PARTIAL_PLUS_TP,5.694915254237288,0.21071428571428574,False
SHORT_7_002,7.0,SHORT,2024-01-15T14:02:00.000000000Z,10.40000000000152,0.0,4,7.0,TP_HIT,3.400000000001519,2.2300847457627118,PARTIAL_PLUS_TP,5.694915254237288,0.21071428571428574,False
SHORT_7_002,7.0,SHORT,2024-01-15T14:03:00.000000000Z,9.00000000000123,0.0,5,7.0,TP_HIT,2.0000000000012292,2.2300847457627118,PARTIAL_PLUS_TP,5.694915254237288,0.21071428571428574,False
SHORT_7_002,7.0,SHORT,2024-01-15T14:04:00.000000000Z,8.40000000000174,0.0,15,7.0,TP_HIT,1.4000000000017394,2.2300847457627118,PARTIAL_PLUS_TP,5.694915254237288,0.21071428571428574,False
SHORT_7_002,7.0,SHORT,2024-01-15T14:05:00.000000000Z,5.20000000000076,2.9999999999996696,101,0.5999999999994898,TIMEOUT,0.0,0.5999999999994898,TIMEOUT,5.694915254237288,0.21071428571428574,False
SHORT_7_002,7.0,SHORT,2024-01-15T14:06:00.000000000Z,2.9999999999996696,5.20000000000076,101,-0.10000000000065512,TIMEOUT,0.0,-0.10000000000065512,TIMEOUT,5.694915254237288,0.21071428571428574,False
SHORT_7_002,7.0,SHORT,2024-01-15T14:07:00.000000000Z,2.500000000000835,5.699999999999594,101,-1.40000000000029,TIMEOUT,0.0,-1.40000000000029,TIMEOUT,5.694915254237288,0.21071428571428574,False
SHORT_7_002,7.0,SHORT,2024-01-15T14:08:00.000000000Z,1.80000000000069,6.399999999999739,101,-3.20000000000098,TIMEOUT,0.0,-3.20000000000098,TIMEOUT,5.694915254237288,0.21071428571428574,False
SHORT_7_002,7.0,SHORT,2024-01-15T14:09:00.000000000Z,2.80000000000058,5.399999999999849,101,-3.20000000000098,TIMEOUT,0.0,-3.20000000000098,TIMEOUT,5.694915254237288,0.21071428571428574,False
SHORT_7_002,7.0,SHORT,2024-01-15T14:10:00.000000000Z,1.9999999999997797,6.500000000000394,101,-6.500000000000394,TIMEOUT,0.0,-6.500000000000394,TIMEOUT,5.694915254237288,0.21071428571428574,False
SHORT_7_002,7.0,SHORT,2024-01-15T14:11:00.000000000Z,2.4000000000001798,6.399999999999739,101,-6.399999999999739,TIMEOUT,0.0,-6.399999999999739,TIMEOUT,5.694915254237288,0.21071428571428574,False
SHORT_7_002,7.0,SHORT,2024-01-15T14:12:00.000000000Z,2.20000000000109,6.599999999998829,101,-6.599999999998829,TIMEOUT,0.0,-6.599999999998829,TIMEOUT,5.694915254237288,0.21071428571428574,False
SHORT_7_002,7.0,SHORT,2024-01-15T14:13:00.000000000Z,2.300000000001745,7.899999999998464,101,-7.0,SL_HIT,0.0,-7.0,SL_HIT,5.694915254237288,0.21071428571428574,True
SHORT_7_002,7.0,SHORT,2024-01-15T14:14:00.000000000Z,1.500000000000945,9.299999999998754,101,-7.0,SL_HIT,0.0,-7.0,SL_HIT,5.694915254237288,0.21071428571428574,True
SHORT_7_002,7.0,SHORT,2024-01-15T14:15:00.000000000Z,2.4000000000001798,8.60000000000083,101,-7.0,SL_HIT,0.0,-7.0,SL_HIT,5.694915254237288,0.21071428571428574,True
SHORT_7_002,7.0,SHORT,2024-01-15T14:16:00.000000000Z,2.500000000000835,8.500000000000174,101,-7.0,SL_HIT,0.0,-7.0,SL_HIT,5.694915254237288,0.21071428571428574,True
SHORT_7_002,7.0,SHORT,2024-01-15T14:17:00.000000000Z,3.4000000000000696,8.40000000000174,101,-7.0,SL_HIT,0.0,-7.0,SL_HIT,5.694915254237288,0.21071428571428574,True
SHORT_7_002,7.0,SHORT,2024-01-15T14:18:00.000000000Z,1.9999999999997797,10.40000000000152,101,-7.0,SL_HIT,0.0,-7.0,SL_HIT,5.694915254237288,0.21071428571428574,True
SHORT_7_002,7.0,SHORT,2024-01-15T14:19:00.000000000Z,0.9999999999998899,11.400000000001409,101,-7.0,SL_HIT,0.0,-7.0,SL_HIT,5.694915254237288,0.21071428571428574,True
SHORT_7_003,7.0,SHORT,2024-01-15T15:07:00.000000000Z,7.0000000000014495,7.099999999999884,31,7.0,TP_HIT,1.4495071809506044e-12,-4.324999999999999,PARTIAL_THEN_SL,5.694915254237288,0.21071428571428574,False
SHORT_7_003,7.0,SHORT,2024-01-15T15:08:00.000000000Z,6.099999999999994,8.00000000000134,101,-7.0,SL_HIT,0.0,-4.324999999999999,PARTIAL_THEN_SL,5.694915254237288,0.21071428571428574,True
SHORT_7_003,7.0,SHORT,2024-01-15T15:09:00.000000000Z,5.9000000000009045,8.20000000000043,101,-7.0,SL_HIT,0.0,-4.324999999999999,PARTIAL_THEN_SL,5.694915254237288,0.21071428571428574,True
SHORT_7_003,7.0,SHORT,2024-01-15T15:10:00.000000000Z,5.1000000000001044,9.00000000000123,101,-7.0,SL_HIT,0.0,-7.0,SL_HIT,5.694915254237288,0.21071428571428574,True
SHORT_7_003,7.0,SHORT,2024-01-15T15:11:00.000000000Z,3.4000000000000696,10.700000000001264,101,-7.0,SL_HIT,0.0,-7.0,SL_HIT,5.694915254237288,0.21071428571428574,True
SHORT_7_003,7.0,SHORT,2024-01-15T15:12:00.000000000Z,0.8000000000008001,13.300000000000534,101,-7.0,SL_HIT,0.0,-7.0,SL_HIT,5.694915254237288,0.21071428571428574,True
SHORT_7_003,7.0,SHORT,2024-01-15T15:13:00.000000000Z,2.60000000000149,11.499999999999844,101,-7.0,SL_HIT,0.0,-7.0,SL_HIT,5.694915254237288,0.21071428571428574,True
SHORT_7_003,7.0,SHORT,2024-01-15T15:14:00.000000000Z,2.6999999999999247,11.400000000001409,101,-7.0,SL_HIT,0.0,-7.0,SL_HIT,5.694915254237288,0.21071428571428574,True
SHORT_7_003,7.0,SHORT,2024-01-15T15:15:00.000000000Z,3.5000000000007248,10.600000000000609,101,-7.0,SL_HIT,0.0,-7.0,SL_HIT,5.694915254237288,0.21071428571428574,True
SHORT_7_003,7.0,SHORT,2024-01-15T15:16:00.000000000Z,4.00000000000178,10.099999999999554,101,-7.0,SL_HIT,0.0,-7.0,SL_HIT,5.694915254237288,0.21071428571428574,True
SHORT_7_003,7.0,SHORT,2024-01-15T15:17:00.000000000Z,2.9999999999996696,11.100000000001664,101,-7.0,SL_HIT,0.0,-7.0,SL_HIT,5.694915254237288,0.21071428571428574,True
SHORT_7_003,7.0,SHORT,2024-01-15T15:18:00.000000000Z,2.80000000000058,11.300000000000754,101,-7.0,SL_HIT,0.0,-7.0,SL_HIT,5.694915254237288,0.21071428571428574,True
SHORT_7_003,7.0,SHORT,2024-01-15T15:19:00.000000000Z,2.80000000000058,11.300000000000754,101,-7.0,SL_HIT,0.0,-7.0,SL_HIT,5.694915254237288,0.21071428571428574,True
SHORT_7_003,7.0,SHORT,2024-01-15T15:20:00.000000000Z,2.500000000000835,11.600000000000499,101,-7.0,SL_HIT,0.0,-7.0,SL_HIT,5.694915254237288,0.21071428571428574,True
SHORT_7_003,7.0,SHORT,2024-01-15T15:21:00.000000000Z,2.60000000000149,11.499999999999844,101,-7.0,SL_HIT,0.0,-7.0,SL_HIT,5.694915254237288,0.21071428571428574,True
SHORT_7_003,7.0,SHORT,2024-01-15T15:22:00.000000000Z,4.8000000000003595,9.300000000000974,101,-7.0,SL_HIT,0.0,-7.0,SL_HIT,5.694915254237288,0.21071428571428574,True
SHORT_7_003,7.0,SHORT,2024-01-15T15:23:00.000000000Z,2.9999999999996696,11.100000000001664,101,-7.0,SL_HIT,0.0,-7.0,SL_HIT,5.694915254237288,0.21071428571428574,True
SHORT_7_003,7.0,SHORT,2024-01-15T15:24:00.000000000Z,5.00000000000167,9.099999999999664,101,-7.0,SL_HIT,0.0,-7.0,SL_HIT,5.694915254237288,0.21071428571428574,True
SHORT_7_003,7.0,SHORT,2024-01-15T15:25:00.000000000Z,7.600000000000939,6.500000000000394,12,7.0,TP_HIT,0.6000000000009393,2.3000000000000003,PARTIAL_PLUS_TP,5.694915254237288,0.21071428571428574,False
SHORT_7_003,7.0,SHORT,2024-01-15T15:26:00.000000000Z,8.20000000000043,5.9000000000009045,11,7.0,TP_HIT,1.2000000000004292,2.2300847457627118,PARTIAL_PLUS_TP,5.694915254237288,0.21071428571428574,False
SHORT_7_003,7.0,SHORT,2024-01-15T15:27:00.000000000Z,6.399999999999739,7.7000000000015945,101,-7.0,SL_HIT,0.0,-4.324999999999999,PARTIAL_THEN_SL,5.694915254237288,0.21071428571428574,True
SHORT_7_003,7.0,SHORT,2024-01-15T15:28:00.000000000Z,6.00000000000156,8.099999999999774,101,-7.0,SL_HIT,0.0,-4.324999999999999,PARTIAL_THEN_SL,5.694915254237288,0.21071428571428574,True
SHORT_7_003,7.0,SHORT,2024-01-15T15:29:00.000000000Z,6.900000000000794,7.200000000000539,101,-7.0,SL_HIT,0.0,-4.324999999999999,PARTIAL_THEN_SL,5.694915254237288,0.21071428571428574,True
SHORT_7_003,7.0,SHORT,2024-01-15T15:30:00.000000000Z,4.60000000000127,9.500000000000064,101,-7.0,SL_HIT,0.0,-7.0,SL_HIT,5.694915254237288,0.21071428571428574,True
SHORT_7_003,7.0,SHORT,2024-01-15T15:31:00.000000000Z,4.00000000000178,10.099999999999554,101,-7.0,SL_HIT,0.0,-7.0,SL_HIT,5.694915254237288,0.21071428571428574,True
SHORT_7_003,7.0,SHORT,2024-01-15T15:32:00.000000000Z,3.8000000000004697,10.300000000000864,101,-7.0,SL_HIT,0.0,-7.0,SL_HIT,5.694915254237288,0.21071428571428574,True
SHORT_7_003,7.0,SHORT,2024-01-15T15:33:00.000000000Z,3.300000000001635,10.799999999999699,101,-7.0,SL_HIT,0.0,-7.0,SL_HIT,5.694915254237288,0.21071428571428574,True
SHORT_7_003,7.0,SHORT,2024-01-15T15:34:00.000000000Z,2.9999999999996696,11.100000000001664,101,-7.0,SL_HIT,0.0,-7.0,SL_HIT,5.694915254237288,0.21071428571428574,True
SHORT_7_003,7.0,SHORT,2024-01-15T15:35:00.000000000Z,2.500000000000835,11.600000000000499,101,-7.0,SL_HIT,0.0,-7.0,SL_HIT,5.694915254237288,0.21071428571428574,True
SHORT_7_003,7.0,SHORT,2024-01-15T15:36:00.000000000Z,1.6000000000016001,12.499999999999734,101,-7.0,SL_HIT,0.0,-7.0,SL_HIT,5.694915254237288,0.21071428571428574,True
SHORT_7_003,7.0,SHORT,2024-01-15T15:37:00.000000000Z,0.2999999999997449,13.800000000001589,101,-7.0,SL_HIT,0.0,-7.0,SL_HIT,5.694915254237288,0.21071428571428574,True
SHORT_7_003,7.0,SHORT,2024-01-15T15:38:00.000000000Z,0.0,14.100000000001334,101,-7.0,SL_HIT,0.0,-7.0,SL_HIT,5.694915254237288,0.21071428571428574,True
LONG_8_001,8.0,LONG,2024-01-15T10:04:00.000000000Z,8.399999999999519,6.699999999999484,96,8.0,TP_HIT,0.39999999999951896,2.5,PARTIAL_PLUS_TP,6.447761194029851,0.18611111111111114,False
LONG_8_001,8.0,LONG,2024-01-15T10:05:00.000000000Z,7.899999999998464,7.200000000000539,101,3.4000000000000696,TIMEOUT,0.0,1.2000000000000002,PARTIAL_ONLY,6.447761194029851,0.18611111111111114,False
LONG_8_001,8.0,LONG,2024-01-15T10:06:00.000000000Z,7.199999999998319,7.900000000000684,101,1.7000000000000348,TIMEOUT,0.0,1.2000000000000002,PARTIAL_ONLY,6.447761194029851,0.18611111111111114,False
LONG_8_001,8.0,LONG,2024-01-15T10:07:00.000000000Z,7.399999999999629,7.699999999999374,101,4.500000000000615,TIMEOUT,0.0,1.2000000000000002,PARTIAL_ONLY,6.447761194029851,0.18611111111111114,False
LONG_8_001,8.0,LONG,2024-01-15T10:08:00.000000000Z,7.500000000000284,7.599999999998719,101,4.700000000001925,TIMEOUT,0.0,1.2000000000000002,PARTIAL_ONLY,6.447761194029851,0.18611111111111114,False
LONG_8_001,8.0,LONG,2024-01-15T10:09:00.000000000Z,9.500000000000064,5.599999999998939,89,8.0,TP_HIT,1.500000000000064,2.4633499170812607,PARTIAL_PLUS_TP,6.447761194029851,0.18611111111111114,False
LONG_8_001,8.0,LONG,2024-01-15T10:10:00.000000000Z,10.499999999999954,4.599999999999049,79,8.0,TP_HIT,2.499999999999954,2.4633499170812607,PARTIAL_PLUS_TP,6.447761194029851,0.18611111111111114,False
LONG_8_001,8.0,LONG,2024-01-15T10:11:00.000000000Z,9.699999999999154,5.399999999999849,87,8.0,TP_HIT,1.6999999999991537,2.4633499170812607,PARTIAL_PLUS_TP,6.447761194029851,0.18611111111111114,False
LONG_8_001,8.0,LONG,2024-01-15T10:12:00.000000000Z,11.099999999999444,3.9999999999995595,77,8.0,TP_HIT,3.0999999999994436,2.4633499170812607,PARTIAL_PLUS_TP,6.447761194029851,0.18611111111111114,False
LONG_8_001,8.0,LONG,2024-01-15T10:13:00.000000000Z,10.899999999998133,4.20000000000087,76,8.0,TP_HIT,2.8999999999981334,2.4633499170812607,PARTIAL_PLUS_TP,6.447761194029851,0.18611111111111114,False
LONG_8_001,8.0,LONG,2024-01-15T10:14:00.000000000Z,10.200000000000209,4.899999999998794,78,8.0,TP_HIT,2.200000000000209,2.4633499170812607,PARTIAL_PLUS_TP,6.447761194029851,0.18611111111111114,False
LONG_8_001,8.0,LONG,2024-01-15T10:15:00.000000000Z,11.699999999998933,3.4000000000000696,74,8.0,TP_HIT,3.6999999999989335,2.4633499170812607,PARTIAL_PLUS_TP,6.447761194029851,0.18611111111111114,False
LONG_8_001,8.0,LONG,2024-01-15T10:16:00.000000000Z,11.900000000000244,3.1999999999987594,73,8.0,TP_HIT,3.9000000000002437,2.4633499170812607,PARTIAL_PLUS_TP,6.447761194029851,0.18611111111111114,False
LONG_8_001,8.0,LONG,2024-01-15T10:17:00.000000000Z,13.099999999999223,1.9999999999997797,68,8.0,TP_HIT,5.099999999999223,2.4633499170812607,PARTIAL_PLUS_TP,6.447761194029851,0.18611111111111114,False
LONG_8_001,8.0,LONG,2024-01-15T10:18:00.000000000Z,14.799999999999258,0.2999999999997449,55,8.0,TP_HIT,6.799999999999258,2.4633499170812607,PARTIAL_PLUS_TP,6.447761194029851,0.18611111111111114,False
LONG_8_001,8.0,LONG,2024-01-15T10:19:00.000000000Z,13.900000000000023,1.1999999999989797,64,8.0,TP_HIT,5.9000000000000234,2.4633499170812607,PARTIAL_PLUS_TP,6.447761194029851,0.18611111111111114,False
LONG_8_001,8.0,LONG,2024-01-15T10:20:00.000000000Z,14.699999999998603,0.40000000000040004,53,8.0,TP_HIT,6.699999999998603,2.4633499170812607,PARTIAL_PLUS_TP,6.447761194029851,0.18611111111111114,False
LONG_8_001,8.0,LONG,2024-01-15T10:21:00.000000000Z,14.299999999998203,0.8000000000008001,57,8.0,TP_HIT,6.299999999998203,2.4633499170812607,PARTIAL_PLUS_TP,6.447761194029851,0.18611111111111114,False
LONG_8_001,8.0,LONG,2024-01-15T10:22:00.000000000Z,15.099999999999003,0.0,42,8.0,TP_HIT,7.099999999999003,2.4633499170812607,PARTIAL_PLUS_TP,6.447761194029851,0.18611111111111114,False
LONG_8_001,8.0,LONG,2024-01-15T10:23:00.000000000Z,14.699999999998603,0.0,50,8.0,TP_HIT,6.699999999998603,2.4633499170812607,PARTIAL_PLUS_TP,6.447761194029851,0.18611111111111114,False
LONG_8_001,8.0,LONG,2024-01-15T10:24:00.000000000Z,14.199999999999768,0.0,54,8.0,TP_HIT,6.199999999999768,2.4633499170812607,PARTIAL_PLUS_TP,6.447761194029851,0.18611111111111114,False
LONG_8_001,8.0,LONG,2024-01-15T10:25:00.000000000Z,14.100000000001334,0.4999999999988347,60,8.0,TP_HIT,6.100000000001334,2.4633499170812607,PARTIAL_PLUS_TP,6.447761194029851,0.18611111111111114,False
LONG_8_001,8.0,LONG,2024-01-15T10:26:00.000000000Z,14.600000000000168,0.0,59,8.0,TP_HIT,6.600000000000168,2.4633499170812607,PARTIAL_PLUS_TP,6.447761194029851,0.18611111111111114,False
LONG_8_001,8.0,LONG,2024-01-15T10:27:00.000000000Z,14.500000000001734,0.0,58,8.0,TP_HIT,6.500000000001734,2.4633499170812607,PARTIAL_PLUS_TP,6.447761194029851,0.18611111111111114,False
LONG_8_001,8.0,LONG,2024-01-15T10:28:00.000000000Z,13.600000000000279,0.9000000000014552,57,8.0,TP_HIT,5.6000000000002785,2.4633499170812607,PARTIAL_PLUS_TP,6.447761194029851,0.18611111111111114,False
LONG_8_001,8.0,LONG,2024-01-15T10:29:00.000000000Z,15.799999999999148,0.20000000000131024,56,8.0,TP_HIT,7.799999999999148,2.4633499170812607,PARTIAL_PLUS_TP,6.447761194029851,0.18611111111111114,False
LONG_8_001,8.0,LONG,2024-01-15T10:30:00.000000000Z,13.199999999999878,3.1000000000003247,59,8.0,TP_HIT,5.1999999999998785,2.4633499170812607,PARTIAL_PLUS_TP,6.447761194029851,0.18611111111111114,False
LONG_8_001,8.0,LONG,2024-01-15T10:31:00.000000000Z,14.799999999999258,1.900000000001345,58,8.0,TP_HIT,6.799999999999258,2.4633499170812607,PARTIAL_PLUS_TP,6.447761194029851,0.18611111111111114,False
LONG_8_001,8.0,LONG,2024-01-15T10:32:00.000000000Z,15.499999999999403,1.900000000001345,57,8.0,TP_HIT,7.499999999999403,2.4633499170812607,PARTIAL_PLUS_TP,6.447761194029851,0.18611111111111114,False
LONG_8_001,8.0,LONG,2024-01-15T10:33:00.000000000Z,16.40000000000086,2.500000000000835,56,8.0,TP_HIT,8.400000000000858,2.4633499170812607,PARTIAL_PLUS_TP,6.447761194029851,0.18611111111111114,False
LONG_8_001,8.0,LONG,2024-01-15T10:34:00.000000000Z,18.599999999999728,0.9000000000014552,51,8.0,TP_HIT,10.599999999999728,2.4633499170812607,PARTIAL_PLUS_TP,6.447761194029851,0.18611111111111114,False
LONG_8_001,8.0,LONG,2024-01-15T10:35:00.000000000Z,19.400000000000528,0.10000000000065512,50,8.0,TP_HIT,11.400000000000528,2.4633499170812607,PARTIAL_PLUS_TP,6.447761194029851,0.18611111111111114,False
LONG_8_001,8.0,LONG,2024-01-15T10:36:00.000000000Z,19.400000000000528,0.10000000000065512,49,8.0,TP_HIT,11.400000000000528,2.4633499170812607,PARTIAL_PLUS_TP,6.447761194029851,0.18611111111111114,False
LONG_8_001,8.0,LONG,2024-01-15T10:37:00.000000000Z,19.799999999998708,0.9000000000014552,48,8.0,TP_HIT,11.799999999998708,2.4633499170812607,PARTIAL_PLUS_TP,6.447761194029851,0.18611111111111114,False
LONG_8_001,8.0,LONG,2024-01-15T10:38:00.000000000Z,20.400000000000418,0.9000000000014552,47,8.0,TP_HIT,12.400000000000418,2.4633499170812607,PARTIAL_PLUS_TP,6.447761194029851,0.18611111111111114,False
LONG_8_001,8.0,LONG,2024-01-15T10:39:00.000000000Z,19.400000000000528,1.900000000001345,50,8.0,TP_HIT,11.400000000000528,2.4633499170812607,PARTIAL_PLUS_TP,6.447761194029851,0.18611111111111114,False
LONG_8_001,8.0,LONG,2024-01-15T10:40:00.000000000Z,19.900000000001583,1.40000000000029,47,8.0,TP_HIT,11.900000000001583,2.4633499170812607,PARTIAL_PLUS_TP,6.447761194029851,0.18611111111111114,False
LONG_8_001,8.0,LONG,2024-01-15T10:41:00.000000000Z,20.000000000000018,1.3000000000018552,46,8.0,TP_HIT,12.000000000000018,2.4633499170812607,PARTIAL_PLUS_TP,6.447761194029851,0.18611111111111114,False
LONG_8_001,8.0,LONG,2024-01-15T10:42:00.000000000Z,19.600000000001838,1.7000000000000348,47,8.0,TP_HIT,11.600000000001838,2.4633499170812607,PARTIAL_PLUS_TP,6.447761194029851,0.18611111111111114,False
LONG_8_001,8.0,LONG,2024-01-15T10:43:00.000000000Z,20.800000000000818,0.5000000000010552,42,8.0,TP_HIT,12.800000000000818,2.4633499170812607,PARTIAL_PLUS_TP,6.447761194029851,0.18611111111111114,False
LONG_8_001,8.0,LONG,2024-01-15T10:44:00.000000000Z,20.299999999999763,1.0000000000021103,41,8.0,TP_HIT,12.299999999999763,2.4633499170812607,PARTIAL_PLUS_TP,6.447761194029851,0.18611111111111114,False
LONG_8_001,8.0,LONG,2024-01-15T10:45:00.000000000Z,20.299999999999763,1.0000000000021103,40,8.0,TP_HIT,12.299999999999763,2.4633499170812607,PARTIAL_PLUS_TP,6.447761194029851,0.18611111111111114,False
LONG_8_001,8.0,LONG,2024-01-15T10:46:00.000000000Z,21.300000000001873,0.0,39,8.0,TP_HIT,13.300000000001873,2.4633499170812607,PARTIAL_PLUS_TP,6.447761194029851,0.18611111111111114,False
LONG_8_001,8.0,LONG,2024-01-15T10:47:00.000000000Z,21.300000000001873,0.0,38,8.0,TP_HIT,13.300000000001873,2.4633499170812607,PARTIAL_PLUS_TP,6.447761194029851,0.18611111111111114,False
LONG_8_001,8.0,LONG,2024-01-15T10:48:00.000000000Z,20.999999999999908,0.0,37,8.0,TP_HIT,12.999999999999908,2.4633499170812607,PARTIAL_PLUS_TP,6.447761194029851,0.18611111111111114,False
LONG_8_001,8.0,LONG,2024-01-15T10:49:00.000000000Z,20.299999999999763,0.0,36,8.0,TP_HIT,12.299999999999763,2.4633499170812607,PARTIAL_PLUS_TP,6.447761194029851,0.18611111111111114,False
LONG_8_001,8.0,LONG,2024-01-15T10:50:00.000000000Z,19.400000000000528,0.0,39,8.0,TP_HIT,11.400000000000528,2.4633499170812607,PARTIAL_PLUS_TP,6.447761194029851,0.18611111111111114,False
LONG_8_001,8.0,LONG,2024-01-15T10:51:00.000000000Z,17.300000000000093,0.9000000000014552,47,8.0,TP_HIT,9.300000000000093,2.4633499170812607,PARTIAL_PLUS_TP,6.447761194029851,0.18611111111111114,False
LONG_8_001,8.0,LONG,2024-01-15T10:52:00.000000000Z,18.20000000000155,0.0,37,8.0,TP_HIT,10.200000000001548,2.4633499170812607,PARTIAL_PLUS_TP,6.447761194029851,0.18611111111111114,False
LONG_8_001,8.0,LONG,2024-01-15T10:53:00.000000000Z,18.000000000000238,0.0,39,8.0,TP_HIT,10.000000000000238,2.4633499170812607,PARTIAL_PLUS_TP,6.447761194029851,0.18611111111111114,False
LONG_8_001,8.0,LONG,2024-01-15T10:54:00.000000000Z,17.900000000001803,0.0,38,8.0,TP_HIT,9.900000000001803,2.4633499170812607,PARTIAL_PLUS_TP,6.447761194029851,0.18611111111111114,False
LONG_8_001,8.0,LONG,2024-01-15T10:55:00.000000000Z,16.899999999999693,0.0,43,8.0,TP_HIT,8.899999999999693,2.4633499170812607,PARTIAL_PLUS_TP,6.447761194029851,0.18611111111111114,False
LONG_8_001,8.0,LONG,2024-01-15T10:56:00.000000000Z,15.500000000001624,0.8999999999992347,69,8.0,TP_HIT,7.500000000001624,2.4633499170812607,PARTIAL_PLUS_TP,6.447761194029851,0.18611111111111114,False
LONG_8_001,8.0,LONG,2024-01-15T10:57:00.000000000Z,15.400000000000968,0.9999999999998899,68,8.0,TP_HIT,7.4000000000009685,2.4633499170812607,PARTIAL_PLUS_TP,6.447761194029851,0.18611111111111114,False
LONG_8_001,8.0,LONG,2024-01-15T10:58:00.000000000Z,15.400000000000968,0.9999999999998899,67,8.0,TP_HIT,7.4000000000009685,2.4633499170812607,PARTIAL_PLUS_TP,6.447761194029851,0.18611111111111114,False
LONG_8_001,8.0,LONG,2024-01-15T10:59:00.000000000Z,16.40000000000086,0.0,41,8.0,TP_HIT,8.400000000000858,2.4633499170812607,PARTIAL_PLUS_TP,6.447761194029851,0.18611111111111114,False
LONG_8_001,8.0,LONG,2024-01-15T11:00:00.000000000Z,15.200000000001879,0.3999999999981796,65,8.0,TP_HIT,7.200000000001879,2.4633499170812607,PARTIAL_PLUS_TP,6.447761194029851,0.18611111111111114,False
LONG_8_001,8.0,LONG,2024-01-15T11:01:00.000000000Z,16.40000000000086,0.7999999999985796,64,8.0,TP_HIT,8.400000000000858,2.4633499170812607,PARTIAL_PLUS_TP,6.447761194029851,0.18611111111111114,False
LONG_8_001,8.0,LONG,2024-01-15T11:02:00.000000000Z,16.899999999999693,0.2999999999997449,63,8.0,TP_HIT,8.899999999999693,2.4633499170812607,PARTIAL_PLUS_TP,6.447761194029851,0.18611111111111114,False
LONG_8_001,8.0,LONG,2024-01-15T11:03:00.000000000Z,16.40000000000086,0.7999999999985796,62,8.0,TP_HIT,8.400000000000858,2.4633499170812607,PARTIAL_PLUS_TP,6.447761194029851,0.18611111111111114,False
LONG_8_001,8.0,LONG,2024-01-15T11:04:00.000000000Z,16.199999999999548,0.9999999999998899,65,8.0,TP_HIT,8.199999999999548,2.4633499170812607,PARTIAL_PLUS_TP,6.447761194029851,0.18611111111111114,False
LONG_8_001,8.0,LONG,2024-01-15T11:05:00.000000000Z,17.000000000000348,0.1999999999990898,60,8.0,TP_HIT,9.000000000000348,2.4633499170812607,PARTIAL_PLUS_TP,6.447761194029851,0.18611111111111114,False
LONG_8_001,8.0,LONG,2024-01-15T11:06:00.000000000Z,17.199999999999438,0.0,59,8.0,TP_HIT,9.199999999999438,2.4633499170812607,PARTIAL_PLUS_TP,6.447761194029851,0.18611111111111114,False
LONG_8_001,8.0,LONG,2024-01-15T11:07:00.000000000Z,17.199999999999438,0.0,58,8.0,TP_HIT,9.199999999999438,2.4633499170812607,PARTIAL_PLUS_TP,6.447761194029851,0.18611111111111114,False
LONG_8_001,8.0,LONG,2024-01-15T11:08:00.000000000Z,16.199999999999548,0.9999999999998899,61,8.0,TP_HIT,8.199999999999548,2.4633499170812607,PARTIAL_PLUS_TP,6.447761194029851,0.18611111111111114,False
LONG_8_001,8.0,LONG,2024-01-15T11:09:00.000000000Z,16.599999999999948,0.5999999999994898,56,8.0,TP_HIT,8.599999999999948,2.4633499170812607,PARTIAL_PLUS_TP,6.447761194029851,0.18611111111111114,False
LONG_8_001,8.0,LONG,2024-01-15T11:10:00.000000000Z,16.499999999999293,0.700000000000145,55,8.0,TP_HIT,8.499999999999293,2.4633499170812607,PARTIAL_PLUS_TP,6.447761194029851,0.18611111111111114,False
LONG_8_001,8.0,LONG,2024-01-15T11:11:00.000000000Z,17.199999999999438,0.0,54,8.0,TP_HIT,9.199999999999438,2.4633499170812607,PARTIAL_PLUS_TP,6.447761194029851,0.18611111111111114,False
LONG_8_001,8.0,LONG,2024-01-15T11:12:00.000000000Z,16.599999999999948,0.2999999999997449,53,8.0,TP_HIT,8.599999999999948,2.4633499170812607,PARTIAL_PLUS_TP,6.447761194029851,0.18611111111111114,False
LONG_8_001,8.0,LONG,2024-01-15T11:13:00.000000000Z,15.799999999999148,1.100000000000545,56,8.0,TP_HIT,7.799999999999148,2.4633499170812607,PARTIAL_PLUS_TP,6.447761194029851,0.18611111111111114,False
LONG_8_001,8.0,LONG,2024-01-15T11:14:00.000000000Z,15.600000000000058,1.2999999999996348,55,8.0,TP_HIT,7.600000000000058,2.4633499170812607,PARTIAL_PLUS_TP,6.447761194029851,0.18611111111111114,False
LONG_8_001,8.0,LONG,2024-01-15T11:15:00.000000000Z,16.100000000001113,0.7999999999985796,54,8.0,TP_HIT,8.100000000001113,2.4633499170812607,PARTIAL_PLUS_TP,6.447761194029851,0.18611111111111114,False
LONG_8_001,8.0,LONG,2024-01-15T11:16:00.000000000Z,15.600000000000058,1.2999999999996348,53,8.0,TP_HIT,7.600000000000058,2.4633499170812607,PARTIAL_PLUS_TP,6.447761194029851,0.18611111111111114,False
LONG_8_001,8.0,LONG,2024-01-15T11:17:00.000000000Z,15.600000000000058,1.2999999999996348,52,8.0,TP_HIT,7.600000000000058,2.4633499170812607,PARTIAL_PLUS_TP,6.447761194029851,0.18611111111111114,False
LONG_8_001,8.0,LONG,2024-01-15T11:18:00.000000000Z,15.400000000000968,1.4999999999987246,51,8.0,TP_HIT,7.4000000000009685,2.4633499170812607,PARTIAL_PLUS_TP,6.447761194029851,0.18611111111111114,False
LONG_8_001,8.0,LONG,2024-01-15T11:19:00.000000000Z,16.899999999999693,0.0,46,8.0,TP_HIT,8.899999999999693,2.4633499170812607,PARTIAL_PLUS_TP,6.447761194029851,0.18611111111111114,False
LONG_8_001,8.0,LONG,2024-01-15T11:20:00.000000000Z,16.499999999999293,0.30000000000196536,45,8.0,TP_HIT,8.499999999999293,2.4633499170812607,PARTIAL_PLUS_TP,6.447761194029851,0.18611111111111114,False
LONG_8_001,8.0,LONG,2024-01-15T11:21:00.000000000Z,16.199999999999548,0.6000000000017103,48,8.0,TP_HIT,8.199999999999548,2.4633499170812607,PARTIAL_PLUS_TP,6.447761194029851,0.18611111111111114,False
LONG_8_001,8.0,LONG,2024-01-15T11:22:00.000000000Z,16.80000000000126,0.0,43,8.0,TP_HIT,8.800000000001258,2.4633499170812607,PARTIAL_PLUS_TP,6.447761194029851,0.18611111111111114,False
LONG_8_001,8.0,LONG,2024-01-15T11:23:00.000000000Z,15.000000000000568,1.1999999999989797,46,8.0,TP_HIT,7.000000000000568,2.4633499170812607,PARTIAL_PLUS_TP,6.447761194029851,0.18611111111111114,False
LONG_8_001,8.0,LONG,2024-01-15T11:24:00.000000000Z,15.199999999999658,0.9999999999998899,45,8.0,TP_HIT,7.199999999999658,2.4633499170812607,PARTIAL_PLUS_TP,6.447761194029851,0.18611111111111114,False
LONG_8_001,8.0,LONG,2024-01-15T11:25:00.000000000Z,13.799999999999368,2.4000000000001798,47,8.0,TP_HIT,5.799999999999368,2.4633499170812607,PARTIAL_PLUS_TP,6.447761194029851,0.18611111111111114,False
LONG_8_001,8.0,LONG,2024-01-15T11:26:00.000000000Z,13.600000000000279,2.5999999999992696,46,8.0,TP_HIT,5.6000000000002785,2.4633499170812607,PARTIAL_PLUS_TP,6.447761194029851,0.18611111111111114,False
LONG_8_001,8.0,LONG,2024-01-15T11:27:00.000000000Z,13.300000000000534,2.8999999999990145,46,8.0,TP_HIT,5.300000000000534,2.4633499170812607,PARTIAL_PLUS_TP,6.447761194029851,0.18611111111111114,False
LONG_8_001,8.0,LONG,2024-01-15T11:28:00.000000000Z,13.499999999999623,2.6999999999999247,45,8.0,TP_HIT,5.499999999999623,2.4633499170812607,PARTIAL_PLUS_TP,6.447761194029851,0.18611111111111114,False
LONG_8_001,8.0,LONG,2024-01-15T11:29:00.000000000Z,11.799999999999589,4.3999999999999595,45,8.0,TP_HIT,3.7999999999995886,2.4633499170812607,PARTIAL_PLUS_TP,6.447761194029851,0.18611111111111114,False
LONG_8_001,8.0,LONG,2024-01-15T11:30:00.000000000Z,12.399999999999078,3.8000000000004697,43,8.0,TP_HIT,4.399999999999078,2.4633499170812607,PARTIAL_PLUS_TP,6.447761194029851,0.18611111111111114,False
LONG_8_001,8.0,LONG,2024-01-15T11:31:00.000000000Z,11.600000000000499,4.599999999999049,43,8.0,TP_HIT,3.600000000000499,2.4633499170812607,PARTIAL_PLUS_TP,6.447761194029851,0.18611111111111114,False
LONG_8_001,8.0,LONG,2024-01-15T11:32:00.000000000Z,11.399999999999189,4.8000000000003595,45,8.0,TP_HIT,3.3999999999991886,2.4633499170812607,PARTIAL_PLUS_TP,6.447761194029851,0.18611111111111114,False
LONG_8_001,8.0,LONG,2024-01-15T11:33:00.000000000Z,12.399999999999078,3.8000000000004697,40,8.0,TP_HIT,4.399999999999078,2.4633499170812607,PARTIAL_PLUS_TP,6.447761194029851,0.18611111111111114,False
LONG_8_001,8.0,LONG,2024-01-15T11:34:00.000000000Z,14.099999999999113,2.100000000000435,38,8.0,TP_HIT,6.099999999999113,2.4633499170812607,PARTIAL_PLUS_TP,6.447761194029851,0.18611111111111114,False
LONG_8_001,8.0,LONG,2024-01-15T11:35:00.000000000Z,14.000000000000679,2.1999999999988695,37,8.0,TP_HIT,6.000000000000679,2.4633499170812607,PARTIAL_PLUS_TP,6.447761194029851,0.18611111111111114,False
LONG_8_001,8.0,LONG,2024-01-15T11:36:00.000000000Z,12.000000000000899,4.199999999998649,37,8.0,TP_HIT,4.000000000000899,2.4633499170812607,PARTIAL_PLUS_TP,6.447761194029851,0.18611111111111114,False
LONG_8_001,8.0,LONG,2024-01-15T11:37:00.000000000Z,11.399999999999189,4.8000000000003595,40,8.0,TP_HIT,3.3999999999991886,2.4633499170812607,PARTIAL_PLUS_TP,6.447761194029851,0.18611111111111114,False
LONG_8_001,8.0,LONG,2024-01-15T11:38:00.000000000Z,10.099999999999554,6.099999999999994,40,8.0,TP_HIT,2.099999999999554,2.4633499170812607,PARTIAL_PLUS_TP,6.447761194029851,0.18611111111111114,False
LONG_8_001,8.0,LONG,2024-01-15T11:39:00.000000000Z,10.200000000000209,5.999999999999339,39,8.0,TP_HIT,2.200000000000209,2.4633499170812607,PARTIAL_PLUS_TP,6.447761194029851,0.18611111111111114,False
LONG_8_001,8.0,LONG,2024-01-15T11:40:00.000000000Z,9.300000000000974,6.899999999998574,61,8.0,TP_HIT,1.3000000000009742,2.4633499170812607,PARTIAL_PLUS_TP,6.447761194029851,0.18611111111111114,False
LONG_8_001,8.0,LONG,2024-01-15T11:41:00.000000000Z,12.199999999999989,3.9999999999995595,32,8.0,TP_HIT,4.199999999999989,2.4633499170812607,PARTIAL_PLUS_TP,6.447761194029851,0.18611111111111114,False
LONG_8_001,8.0,LONG,2024-01-15T11:42:00.000000000Z,12.099999999999334,4.100000000000215,31,8.0,TP_HIT,4.0999999999993335,2.4633499170812607,PARTIAL_PLUS_TP,6.447761194029851,0.18611111111111114,False
LONG_8_001,8.0,LONG,2024-01-15T11:43:00.000000000Z,11.600000000000499,4.599999999999049,31,8.0,TP_HIT,3.600000000000499,2.4633499170812607,PARTIAL_PLUS_TP,6.447761194029851,0.18611111111111114,False
LONG_8_001,8.0,LONG,2024-01-15T11:44:00.000000000Z,11.799999999999589,4.3999999999999595,30,8.0,TP_HIT,3.7999999999995886,2.4633499170812607,PARTIAL_PLUS_TP,6.447761194029851,0.18611111111111114,False
LONG_8_001,8.0,LONG,2024-01-15T11:45:00.000000000Z,13.799999999999368,2.4000000000001798,27,8.0,TP_HIT,5.799999999999368,2.4633499170812607,PARTIAL_PLUS_TP,6.447761194029851,0.18611111111111114,False
LONG_8_001,8.0,LONG,2024-01-15T11:46:00.000000000Z,14.799999999999258,1.40000000000029,24,8.0,TP_HIT,6.799999999999258,2.4633499170812607,PARTIAL_PLUS_TP,6.447761194029851,0.18611111111111114,False
LONG_8_001,8.0,LONG,2024-01-15T11:47:00.000000000Z,12.199999999999989,3.9999999999995595,26,8.0,TP_HIT,4.199999999999989,2.4633499170812607,PARTIAL_PLUS_TP,6.447761194029851,0.18611111111111114,False
LONG_8_001,8.0,LONG,2024-01-15T11:48:00.000000000Z,12.099999999999334,4.100000000000215,25,8.0,TP_HIT,4.0999999999993335,2.4633499170812607,PARTIAL_PLUS_TP,6.447761194029851,0.18611111111111114,False
LONG_8_001,8.0,LONG,2024-01-15T11:49:00.000000000Z,13.600000000000279,2.5999999999992696,23,8.0,TP_HIT,5.6000000000002785,2.4633499170812607,PARTIAL_PLUS_TP,6.447761194029851,0.18611111111111114,False
LONG_8_001,8.0,LONG,2024-01-15T11:50:00.000000000Z,13.600000000000279,2.5999999999992696,22,8.0,TP_HIT,5.6000000000002785,2.4633499170812607,PARTIAL_PLUS_TP,6.447761194029851,0.18611111111111114,False
LONG_8_001,8.0,LONG,2024-01-15T11:51:00.000000000Z,13.700000000000934,2.4999999999986144,21,8.0,TP_HIT,5.700000000000934,2.4633499170812607,PARTIAL_PLUS_TP,6.447761194029851,0.18611111111111114,False
LONG_8_001,8.0,LONG,2024-01-15T11:52:00.000000000Z,16.199999999999548,0.0,17,8.0,TP_HIT,8.199999999999548,2.4633499170812607,PARTIAL_PLUS_TP,6.447761194029851,0.18611111111111114,False
LONG_8_001,8.0,LONG,2024-01-15T11:53:00.000000000Z,15.600000000000058,0.0,16,8.0,TP_HIT,7.600000000000058,2.4633499170812607,PARTIAL_PLUS_TP,6.447761194029851,0.18611111111111114,False
LONG_8_001,8.0,LONG,2024-01-15T11:54:00.000000000Z,15.400000000000968,0.0,15,8.0,TP_HIT,7.4000000000009685,2.4633499170812607,PARTIAL_PLUS_TP,6.447761194029851,0.18611111111111114,False
LONG_8_001,8.0,LONG,2024-01-15T11:55:00.000000000Z,15.100000000001224,0.0,14,8.0,TP_HIT,7.1000000000012236,2.4633499170812607,PARTIAL_PLUS_TP,6.447761194029851,0.18611111111111114,False
LONG_8_001,8.0,LONG,2024-01-15T11:56:00.000000000Z,13.600000000000279,0.0,16,8.0,TP_HIT,5.6000000000002785,2.4633499170812607,PARTIAL_PLUS_TP,6.447761194029851,0.18611111111111114,False
LONG_8_001,8.0,LONG,2024-01-15T11:57:00.000000000Z,11.900000000000244,1.500000000000945,17,8.0,TP_HIT,3.9000000000002437,2.4633499170812607,PARTIAL_PLUS_TP,6.447761194029851,0.18611111111111114,False
LONG_8_001,8.0,LONG,2024-01-15T11:58:00.000000000Z,11.399999999999189,2.000000000002,19,8.0,TP_HIT,3.3999999999991886,2.4633499170812607,PARTIAL_PLUS_TP,6.447761194029851,0.18611111111111114,False
LONG_8_001,8.0,LONG,2024-01-15T11:59:00.000000000Z,12.799999999999478,0.6000000000017103,14,8.0,TP_HIT,4.7999999999994785,2.4633499170812607,PARTIAL_PLUS_TP,6.447761194029851,0.18611111111111114,False
LONG_8_001,8.0,LONG,2024-01-15T12:00:00.000000000Z,13.099999999999223,0.30000000000196536,13,8.0,TP_HIT,5.099999999999223,2.4633499170812607,PARTIAL_PLUS_TP,6.447761194029851,0.18611111111111114,False
LONG_8_001,8.0,LONG,2024-01-15T12:01:00.000000000Z,13.400000000001189,0.0,12,8.0,TP_HIT,5.400000000001189,2.4633499170812607,PARTIAL_PLUS_TP,6.447761194029851,0.18611111111111114,False
LONG_8_001,8.0,LONG,2024-01-15T12:02:00.000000000Z,13.199999999999878,0.20000000000131024,11,8.0,TP_HIT,5.1999999999998785,2.4633499170812607,PARTIAL_PLUS_TP,6.447761194029851,0.18611111111111114,False
LONG_8_001,8.0,LONG,2024-01-15T12:03:00.000000000Z,13.400000000001189,0.0,10,8.0,TP_HIT,5.400000000001189,2.4633499170812607,PARTIAL_PLUS_TP,6.447761194029851,0.18611111111111114,False
LONG_8_001,8.0,LONG,2024-01-15T12:04:00.000000000Z,9.900000000000464,3.5000000000007248,14,8.0,TP_HIT,1.900000000000464,2.4633499170812607,PARTIAL_PLUS_TP,6.447761194029851,0.18611111111111114,False
LONG_8_001,8.0,LONG,2024-01-15T12:05:00.000000000Z,8.399999999999519,5.00000000000167,36,8.0,TP_HIT,0.39999999999951896,2.4633499170812607,PARTIAL_PLUS_TP,6.447761194029851,0.18611111111111114,False
LONG_8_001,8.0,LONG,2024-01-15T12:06:00.000000000Z,8.699999999999264,4.700000000001925,35,8.0,TP_HIT,0.6999999999992639,2.4633499170812607,PARTIAL_PLUS_TP,6.447761194029851,0.18611111111111114,False
LONG_8_001,8.0,LONG,2024-01-15T12:07:00.000000000Z,9.200000000000319,4.20000000000087,34,8.0,TP_HIT,1.200000000000319,2.4633499170812607,PARTIAL_PLUS_TP,6.447761194029851,0.18611111111111114,False
LONG_8_001,8.0,LONG,2024-01-15T12:08:00.000000000Z,8.799999999999919,4.60000000000127,33,8.0,TP_HIT,0.799999999999919,2.4633499170812607,PARTIAL_PLUS_TP,6.447761194029851,0.18611111111111114,False
LONG_8_001,8.0,LONG,2024-01-15T12:09:00.000000000Z,6.900000000000794,6.500000000000394,101,-1.0999999999983245,TIMEOUT,0.0,1.2000000000000002,PARTIAL_ONLY,6.447761194029851,0.18611111111111114,False
LONG_8_001,8.0,LONG,2024-01-15T12:10:00.000000000Z,6.6000000000010495,6.800000000000139,101,-0.7999999999985796,TIMEOUT,0.0,1.2000000000000002,PARTIAL_ONLY,6.447761194029851,0.18611111111111114,False
LONG_8_001,8.0,LONG,2024-01-15T12:11:00.000000000Z,6.200000000000649,7.200000000000539,101,-0.4999999999988347,TIMEOUT,0.0,-0.4999999999988347,TIMEOUT,6.447761194029851,0.18611111111111114,False
LONG_8_001,8.0,LONG,2024-01-15T12:12:00.000000000Z,5.5000000000005045,7.900000000000684,101,-2.4999999999986144,TIMEOUT,0.0,-2.4999999999986144,TIMEOUT,6.447761194029851,0.18611111111111114,False
LONG_8_001,8.0,LONG,2024-01-15T12:13:00.000000000Z,3.9999999999995595,9.40000000000163,101,-8.0,SL_HIT,0.0,-8.0,SL_HIT,6.447761194029851,0.18611111111111114,True
LONG_8_001,8.0,LONG,2024-01-15T12:14:00.000000000Z,3.4000000000000696,10.000000000001119,101,-8.0,SL_HIT,0.0,-8.0,SL_HIT,6.447761194029851,0.18611111111111114,True
LONG_8_001,8.0,LONG,2024-01-15T12:15:00.000000000Z,3.4000000000000696,10.000000000001119,101,-8.0,SL_HIT,0.0,-8.0,SL_HIT,6.447761194029851,0.18611111111111114,True
LONG_8_001,8.0,LONG,2024-01-15T12:16:00.000000000Z,3.5000000000007248,9.900000000000464,101,-8.0,SL_HIT,0.0,-8.0,SL_HIT,6.447761194029851,0.18611111111111114,True
LONG_8_001,8.0,LONG,2024-01-15T12:17:00.000000000Z,2.20000000000109,11.200000000000099,101,-8.0,SL_HIT,0.0,-8.0,SL_HIT,6.447761194029851,0.18611111111111114,True
LONG_8_001,8.0,LONG,2024-01-15T12:18:00.000000000Z,1.5999999999993797,11.800000000001809,101,-8.0,SL_HIT,0.0,-8.0,SL_HIT,6.447761194029851,0.18611111111111114,True
LONG_8_001,8.0,LONG,2024-01-15T12:19:00.000000000Z,3.900000000001125,9.500000000000064,101,-8.0,SL_HIT,0.0,-8.0,SL_HIT,6.447761194029851,0.18611111111111114,True
LONG_8_001,8.0,LONG,2024-01-15T12:20:00.000000000Z,3.8000000000004697,9.600000000000719,101,-8.0,SL_HIT,0.0,-8.0,SL_HIT,6.447761194029851,0.18611111111111114,True
LONG_8_001,8.0,LONG,2024-01-15T12:21:00.000000000Z,3.20000000000098,10.200000000000209,101,-8.0,SL_HIT,0.0,-8.0,SL_HIT,6.447761194029851,0.18611111111111114,True
LONG_8_001,8.0,LONG,2024-01-15T12:22:00.000000000Z,4.20000000000087,9.200000000000319,101,-8.0,SL_HIT,0.0,-8.0,SL_HIT,6.447761194029851,0.18611111111111114,True
LONG_8_001,8.0,LONG,2024-01-15T12:23:00.000000000Z,5.800000000000249,7.600000000000939,101,-4.999999999999449,TIMEOUT,0.0,-4.999999999999449,TIMEOUT,6.447761194029851,0.18611111111111114,False
LONG_8_001,8.0,LONG,2024-01-15T12:24:00.000000000Z,6.200000000000649,7.200000000000539,101,-5.199999999998539,TIMEOUT,0.0,-5.199999999998539,TIMEOUT,6.447761194029851,0.18611111111111114,False
LONG_8_001,8.0,LONG,2024-01-15T12:25:00.000000000Z,6.6000000000010495,7.999999999999119,101,-7.999999999999119,TIMEOUT,0.0,1.2000000000000002,PARTIAL_ONLY,6.447761194029851,0.18611111111111114,False
LONG_8_001,8.0,LONG,2024-01-15T12:26:00.000000000Z,4.699999999999704,12.100000000001554,101,-8.0,SL_HIT,0.0,-8.0,SL_HIT,6.447761194029851,0.18611111111111114,True
LONG_8_001,8.0,LONG,2024-01-15T12:27:00.000000000Z,6.800000000000139,10.499999999999954,101,-8.0,SL_HIT,0.0,-5.311111111111111,PARTIAL_THEN_SL,6.447761194029851,0.18611111111111114,True
LONG_8_001,8.0,LONG,2024-01-15T12:28:00.000000000Z,7.600000000000939,10.399999999999299,101,-8.0,SL_HIT,0.0,-5.311111111111111,PARTIAL_THEN_SL,6.447761194029851,0.18611111111111114,True
LONG_8_001,8.0,LONG,2024-01-15T12:29:00.000000000Z,7.600000000000939,10.399999999999299,101,-8.0,SL_HIT,0.0,-5.311111111111111,PARTIAL_THEN_SL,6.447761194029851,0.18611111111111114,True
LONG_8_001,8.0,LONG,2024-01-15T12:30:00.000000000Z,8.799999999999919,9.200000000000319,11,8.0,TP_HIT,0.799999999999919,-5.311111111111111,PARTIAL_THEN_SL,6.447761194029851,0.18611111111111114,False
LONG_8_001,8.0,LONG,2024-01-15T12:31:00.000000000Z,9.00000000000123,8.999999999999009,10,8.0,TP_HIT,1.0000000000012292,-5.311111111111111,PARTIAL_THEN_SL,6.447761194029851,0.18611111111111114,False
LONG_8_001,8.0,LONG,2024-01-15T12:32:00.000000000Z,8.799999999999919,9.200000000000319,9,8.0,TP_HIT,0.799999999999919,-5.311111111111111,PARTIAL_THEN_SL,6.447761194029851,0.18611111111111114,False
LONG_8_001,8.0,LONG,2024-01-15T12:33:00.000000000Z,11.200000000000099,6.800000000000139,7,8.0,TP_HIT,3.2000000000000988,2.4633499170812607,PARTIAL_PLUS_TP,6.447761194029851,0.18611111111111114,False
LONG_8_001,8.0,LONG,2024-01-15T12:34:00.000000000Z,6.999999999999229,11.300000000000754,101,-8.0,SL_HIT,0.0,-5.311111111111111,PARTIAL_THEN_SL,6.447761194029851,0.18611111111111114,True
LONG_8_001,8.0,LONG,2024-01-15T12:35:00.000000000Z,7.999999999999119,10.300000000000864,101,-8.0,SL_HIT,0.0,-5.311111111111111,PARTIAL_THEN_SL,6.447761194029851,0.18611111111111114,True
LONG_8_001,8.0,LONG,2024-01-15T12:36:00.000000000Z,7.300000000001194,10.999999999998789,101,-8.0,SL_HIT,0.0,-5.311111111111111,PARTIAL_THEN_SL,6.447761194029851,0.18611111111111114,True
LONG_8_001,8.0,LONG,2024-01-15T12:37:00.000000000Z,8.20000000000043,10.099999999999554,4,8.0,TP_HIT,0.20000000000042917,-5.311111111111111,PARTIAL_THEN_SL,6.447761194029851,0.18611111111111114,False
LONG_8_001,8.0,LONG,2024-01-15T12:38:00.000000000Z,10.200000000000209,8.099999999999774,3,8.0,TP_HIT,2.200000000000209,-5.311111111111111,PARTIAL_THEN_SL,6.447761194029851,0.18611111111111114,False
LONG_8_001,8.0,LONG,2024-01-15T12:39:00.000000000Z,6.6000000000010495,12.199999999999989,101,-8.0,SL_HIT,0.0,-5.311111111111111,PARTIAL_THEN_SL,6.447761194029851,0.18611111111111114,True
LONG_8_001,8.0,LONG,2024-01-15T12:40:00.000000000Z,2.5999999999992696,16.20000000000177,101,-8.0,SL_HIT,0.0,-8.0,SL_HIT,6.447761194029851,0.18611111111111114,True
LONG_8_001,8.0,LONG,2024-01-15T12:41:00.000000000Z,0.0,19.000000000000128,101,-8.0,SL_HIT,0.0,-8.0,SL_HIT,6.447761194029851,0.18611111111111114,True
LONG_8_002,8.0,LONG,2024-01-15T14:14:00.000000000Z,9.299999999998754,1.500000000000945,99,8.0,TP_HIT,1.2999999999987537,2.4633499170812607,PARTIAL_PLUS_TP,6.447761194029851,0.18611111111111114,False
LONG_8_002,8.0,LONG,2024-01-15T14:15:00.000000000Z,8.60000000000083,2.4000000000001798,99,8.0,TP_HIT,0.6000000000008292,2.5,PARTIAL_PLUS_TP,6.447761194029851,0.18611111111111114,False
LONG_8_002,8.0,LONG,2024-01-15T14:16:00.000000000Z,8.500000000000174,2.500000000000835,98,8.0,TP_HIT,0.5000000000001741,2.4633499170812607,PARTIAL_PLUS_TP,6.447761194029851,0.18611111111111114,False
LONG_8_002,8.0,LONG,2024-01-15T14:17:00.000000000Z,8.40000000000174,3.4000000000000696,100,8.0,TP_HIT,0.4000000000017394,2.4633499170812607,PARTIAL_PLUS_TP,6.447761194029851,0.18611111111111114,False
LONG_8_002,8.0,LONG,2024-01-15T14:18:00.000000000Z,10.40000000000152,1.9999999999997797,95,8.0,TP_HIT,2.400000000001519,2.4633499170812607,PARTIAL_PLUS_TP,6.447761194029851,0.18611111111111114,False
LONG_8_002,8.0,LONG,2024-01-15T14:19:00.000000000Z,11.400000000001409,0.9999999999998899,94,8.0,TP_HIT,3.400000000001409,2.4633499170812607,PARTIAL_PLUS_TP,6.447761194029851,0.18611111111111114,False
LONG_8_002,8.0,LONG,2024-01-15T14:20:00.000000000Z,11.499999999999844,0.9999999999998899,93,8.0,TP_HIT,3.4999999999998437,2.4633499170812607,PARTIAL_PLUS_TP,6.447761194029851,0.18611111111111114,False
LONG_8_002,8.0,LONG,2024-01-15T14:21:00.000000000Z,11.699999999998933,0.8000000000008001,92,8.0,TP_HIT,3.6999999999989335,2.4633499170812607,PARTIAL_PLUS_TP,6.447761194029851,0.18611111111111114,False
LONG_8_002,8.0,LONG,2024-01-15T14:22:00.000000000Z,9.999999999998899,2.500000000000835,92,8.0,TP_HIT,1.9999999999988987,2.4633499170812607,PARTIAL_PLUS_TP,6.447761194029851,0.18611111111111114,False
LONG_8_002,8.0,LONG,2024-01-15T14:23:00.000000000Z,9.299999999998754,3.20000000000098,94,8.0,TP_HIT,1.2999999999987537,2.4633499170812607,PARTIAL_PLUS_TP,6.447761194029851,0.18611111111111114,False
LONG_8_002,8.0,LONG,2024-01-15T14:24:00.000000000Z,8.299999999998864,4.20000000000087,94,8.0,TP_HIT,0.29999999999886384,2.4633499170812607,PARTIAL_PLUS_TP,6.447761194029851,0.18611111111111114,False
LONG_8_002,8.0,LONG,2024-01-15T14:25:00.000000000Z,9.699999999999154,2.80000000000058,90,8.0,TP_HIT,1.6999999999991537,2.4633499170812607,PARTIAL_PLUS_TP,6.447761194029851,0.18611111111111114,False
LONG_8_002,8.0,LONG,2024-01-15T14:26:00.000000000Z,7.800000000000029,4.699999999999704,101,6.00000000000156,TIMEOUT,0.0,1.2000000000000002,PARTIAL_ONLY,6.447761194029851,0.18611111111111114,False
LONG_8_002,8.0,LONG,2024-01-15T14:27:00.000000000Z,8.099999999999774,4.3999999999999595,91,8.0,TP_HIT,0.09999999999977405,2.4633499170812607,PARTIAL_PLUS_TP,6.447761194029851,0.18611111111111114,False
LONG_8_002,8.0,LONG,2024-01-15T14:28:00.000000000Z,9.099999999999664,3.4000000000000696,89,8.0,TP_HIT,1.099999999999664,2.4633499170812607,PARTIAL_PLUS_TP,6.447761194029851,0.18611111111111114,False
LONG_8_002,8.0,LONG,2024-01-15T14:29:00.000000000Z,8.899999999998354,3.60000000000138,88,8.0,TP_HIT,0.8999999999983537,2.4633499170812607,PARTIAL_PLUS_TP,6.447761194029851,0.18611111111111114,False
LONG_8_002,8.0,LONG,2024-01-15T14:30:00.000000000Z,7.299999999998974,5.20000000000076,101,6.099999999999994,TIMEOUT,0.0,1.2000000000000002,PARTIAL_ONLY,6.447761194029851,0.18611111111111114,False
LONG_8_002,8.0,LONG,2024-01-15T14:31:00.000000000Z,8.299999999998864,4.20000000000087,87,8.0,TP_HIT,0.29999999999886384,2.4633499170812607,PARTIAL_PLUS_TP,6.447761194029851,0.18611111111111114,False
LONG_8_002,8.0,LONG,2024-01-15T14:32:00.000000000Z,8.899999999998354,3.60000000000138,85,8.0,TP_HIT,0.8999999999983537,2.4633499170812607,PARTIAL_PLUS_TP,6.447761194029851,0.18611111111111114,False
LONG_8_002,8.0,LONG,2024-01-15T14:33:00.000000000Z,8.299999999998864,4.20000000000087,85,8.0,TP_HIT,0.29999999999886384,2.4633499170812607,PARTIAL_PLUS_TP,6.447761194029851,0.18611111111111114,False
LONG_8_002,8.0,LONG,2024-01-15T14:34:00.000000000Z,8.799999999999919,3.6999999999998145,83,8.0,TP_HIT,0.799999999999919,2.4633499170812607,PARTIAL_PLUS_TP,6.447761194029851,0.18611111111111114,False
LONG_8_002,8.0,LONG,2024-01-15T14:35:00.000000000Z,9.899999999998244,2.60000000000149,79,8.0,TP_HIT,1.8999999999982435,2.4633499170812607,PARTIAL_PLUS_TP,6.447761194029851,0.18611111111111114,False
LONG_8_002,8.0,LONG,2024-01-15T14:36:00.000000000Z,8.499999999997954,4.00000000000178,82,8.0,TP_HIT,0.49999999999795364,2.4633499170812607,PARTIAL_PLUS_TP,6.447761194029851,0.18611111111111114,False
LONG_8_002,8.0,LONG,2024-01-15T14:37:00.000000000Z,9.899999999998244,2.60000000000149,77,8.0,TP_HIT,1.8999999999982435,2.4633499170812607,PARTIAL_PLUS_TP,6.447761194029851,0.18611111111111114,False
LONG_8_002,8.0,LONG,2024-01-15T14:38:00.000000000Z,8.799999999999919,3.6999999999998145,79,8.0,TP_HIT,0.799999999999919,2.4633499170812607,PARTIAL_PLUS_TP,6.447761194029851,0.18611111111111114,False
LONG_8_002,8.0,LONG,2024-01-15T14:39:00.000000000Z,7.899999999998464,4.60000000000127,101,4.3999999999999595,TIMEOUT,0.0,1.2000000000000002,PARTIAL_ONLY,6.447761194029851,0.18611111111111114,False
LONG_8_002,8.0,LONG,2024-01-15T14:40:00.000000000Z,7.899999999998464,4.60000000000127,101,4.3999999999999595,TIMEOUT,0.0,1.2000000000000002,PARTIAL_ONLY,6.447761194029851,0.18611111111111114,False
LONG_8_002,8.0,LONG,2024-01-15T14:41:00.000000000Z,7.899999999998464,4.60000000000127,101,5.1000000000001044,TIMEOUT,0.0,1.2000000000000002,PARTIAL_ONLY,6.447761194029851,0.18611111111111114,False
LONG_8_002,8.0,LONG,2024-01-15T14:42:00.000000000Z,8.099999999999774,4.3999999999999595,76,8.0,TP_HIT,0.09999999999977405,2.4633499170812607,PARTIAL_PLUS_TP,6.447761194029851,0.18611111111111114,False
LONG_8_002,8.0,LONG,2024-01-15T14:43:00.000000000Z,8.299999999998864,4.20000000000087,75,8.0,TP_HIT,0.29999999999886384,2.4633499170812607,PARTIAL_PLUS_TP,6.447761194029851,0.18611111111111114,False
LONG_8_002,8.0,LONG,2024-01-15T14:44:00.000000000Z,7.999999999999119,4.500000000000615,101,6.099999999999994,TIMEOUT,0.0,1.2000000000000002,PARTIAL_ONLY,6.447761194029851,0.18611111111111114,False
LONG_8_002,8.0,LONG,2024-01-15T14:45:00.000000000Z,7.899999999998464,4.60000000000127,101,5.899999999998684,TIMEOUT,0.0,1.2000000000000002,PARTIAL_ONLY,6.447761194029851,0.18611111111111114,False
LONG_8_002,8.0,LONG,2024-01-15T14:46:00.000000000Z,9.299999999998754,3.20000000000098,71,8.0,TP_HIT,1.2999999999987537,2.4633499170812607,PARTIAL_PLUS_TP,6.447761194029851,0.18611111111111114,False
LONG_8_002,8.0,LONG,2024-01-15T14:47:00.000000000Z,9.600000000000719,3.8000000000004697,70,8.0,TP_HIT,1.600000000000719,2.4633499170812607,PARTIAL_PLUS_TP,6.447761194029851,0.18611111111111114,False
LONG_8_002,8.0,LONG,2024-01-15T14:48:00.000000000Z,9.500000000000064,4.00000000000178,70,8.0,TP_HIT,1.500000000000064,2.4633499170812607,PARTIAL_PLUS_TP,6.447761194029851,0.18611111111111114,False
LONG_8_002,8.0,LONG,2024-01-15T14:49:00.000000000Z,11.000000000001009,3.1000000000003247,68,8.0,TP_HIT,3.000000000001009,2.4633499170812607,PARTIAL_PLUS_TP,6.447761194029851,0.18611111111111114,False
LONG_8_002,8.0,LONG,2024-01-15T14:50:00.000000000Z,11.600000000000499,2.500000000000835,64,8.0,TP_HIT,3.600000000000499,2.4633499170812607,PARTIAL_PLUS_TP,6.447761194029851,0.18611111111111114,False
LONG_8_002,8.0,LONG,2024-01-15T14:51:00.000000000Z,11.499999999999844,2.60000000000149,63,8.0,TP_HIT,3.4999999999998437,2.4633499170812607,PARTIAL_PLUS_TP,6.447761194029851,0.18611111111111114,False
LONG_8_002,8.0,LONG,2024-01-15T14:52:00.000000000Z,11.700000000001154,2.4000000000001798,62,8.0,TP_HIT,3.700000000001154,2.4633499170812607,PARTIAL_PLUS_TP,6.447761194029851,0.18611111111111114,False
LONG_8_002,8.0,LONG,2024-01-15T14:53:00.000000000Z,11.499999999999844,2.60000000000149,61,8.0,TP_HIT,3.4999999999998437,2.4633499170812607,PARTIAL_PLUS_TP,6.447761194029851,0.18611111111111114,False
LONG_8_002,8.0,LONG,2024-01-15T14:54:00.000000000Z,11.700000000001154,2.4000000000001798,60,8.0,TP_HIT,3.700000000001154,2.4633499170812607,PARTIAL_PLUS_TP,6.447761194029851,0.18611111111111114,False
LONG_8_002,8.0,LONG,2024-01-15T14:55:00.000000000Z,10.900000000000354,3.20000000000098,62,8.0,TP_HIT,2.900000000000354,2.4633499170812607,PARTIAL_PLUS_TP,6.447761194029851,0.18611111111111114,False
LONG_8_002,8.0,LONG,2024-01-15T14:56:00.000000000Z,10.000000000001119,4.100000000000215,62,8.0,TP_HIT,2.000000000001119,2.4633499170812607,PARTIAL_PLUS_TP,6.447761194029851,0.18611111111111114,False
LONG_8_002,8.0,LONG,2024-01-15T14:57:00.000000000Z,8.900000000000574,5.20000000000076,90,8.0,TP_HIT,0.9000000000005741,2.4633499170812607,PARTIAL_PLUS_TP,6.447761194029851,0.18611111111111114,False
LONG_8_002,8.0,LONG,2024-01-15T14:58:00.000000000Z,9.500000000000064,4.60000000000127,89,8.0,TP_HIT,1.500000000000064,2.4633499170812607,PARTIAL_PLUS_TP,6.447761194029851,0.18611111111111114,False
LONG_8_002,8.0,LONG,2024-01-15T14:59:00.000000000Z,9.099999999999664,5.00000000000167,88,8.0,TP_HIT,1.099999999999664,2.4633499170812607,PARTIAL_PLUS_TP,6.447761194029851,0.18611111111111114,False
LONG_8_002,8.0,LONG,2024-01-15T15:00:00.000000000Z,8.300000000001084,5.800000000000249,89,8.0,TP_HIT,0.3000000000010843,2.4633499170812607,PARTIAL_PLUS_TP,6.447761194029851,0.18611111111111114,False
LONG_8_002,8.0,LONG,2024-01-15T15:01:00.000000000Z,10.300000000000864,3.8000000000004697,56,8.0,TP_HIT,2.300000000000864,2.4633499170812607,PARTIAL_PLUS_TP,6.447761194029851,0.18611111111111114,False
LONG_8_002,8.0,LONG,2024-01-15T15:02:00.000000000Z,10.700000000001264,3.4000000000000696,55,8.0,TP_HIT,2.700000000001264,2.4633499170812607,PARTIAL_PLUS_TP,6.447761194029851,0.18611111111111114,False
LONG_8_002,8.0,LONG,2024-01-15T15:03:00.000000000Z,10.000000000001119,4.100000000000215,55,8.0,TP_HIT,2.000000000001119,2.4633499170812607,PARTIAL_PLUS_TP,6.447761194029851,0.18611111111111114,False
LONG_8_002,8.0,LONG,2024-01-15T15:04:00.000000000Z,8.700000000001484,5.399999999999849,83,8.0,TP_HIT,0.7000000000014843,2.4633499170812607,PARTIAL_PLUS_TP,6.447761194029851,0.18611111111111114,False
LONG_8_002,8.0,LONG,2024-01-15T15:05:00.000000000Z,7.900000000000684,6.200000000000649,101,3.20000000000098,TIMEOUT,0.0,1.2000000000000002,PARTIAL_ONLY,6.447761194029851,0.18611111111111114,False
LONG_8_002,8.0,LONG,2024-01-15T15:06:00.000000000Z,8.00000000000134,6.099999999999994,83,8.0,TP_HIT,1.3393730569077889e-12,2.4633499170812607,PARTIAL_PLUS_TP,6.447761194029851,0.18611111111111114,False
LONG_8_002,8.0,LONG,2024-01-15T15:07:00.000000000Z,7.099999999999884,7.0000000000014495,101,3.6999999999998145,TIMEOUT,0.0,1.2000000000000002,PARTIAL_ONLY,6.447761194029851,0.18611111111111114,False
LONG_8_002,8.0,LONG,2024-01-15T15:08:00.000000000Z,8.00000000000134,6.099999999999994,81,8.0,TP_HIT,1.3393730569077889e-12,2.4633499170812607,PARTIAL_PLUS_TP,6.447761194029851,0.18611111111111114,False
LONG_8_002,8.0,LONG,2024-01-15T15:09:00.000000000Z,8.20000000000043,5.9000000000009045,80,8.0,TP_HIT,0.20000000000042917,2.4633499170812607,PARTIAL_PLUS_TP,6.447761194029851,0.18611111111111114,False
LONG_8_002,8.0,LONG,2024-01-15T15:10:00.000000000Z,9.00000000000123,5.1000000000001044,77,8.0,TP_HIT,1.0000000000012292,2.4633499170812607,PARTIAL_PLUS_TP,6.447761194029851,0.18611111111111114,False
LONG_8_002,8.0,LONG,2024-01-15T15:11:00.000000000Z,10.700000000001264,3.4000000000000696,46,8.0,TP_HIT,2.700000000001264,2.4633499170812607,PARTIAL_PLUS_TP,6.447761194029851,0.18611111111111114,False
LONG_8_002,8.0,LONG,2024-01-15T15:12:00.000000000Z,13.300000000000534,0.8000000000008001,41,8.0,TP_HIT,5.300000000000534,2.4633499170812607,PARTIAL_PLUS_TP,6.447761194029851,0.18611111111111114,False
LONG_8_002,8.0,LONG,2024-01-15T15:13:00.000000000Z,11.499999999999844,2.60000000000149,41,8.0,TP_HIT,3.4999999999998437,2.4633499170812607,PARTIAL_PLUS_TP,6.447761194029851,0.18611111111111114,False
LONG_8_002,8.0,LONG,2024-01-15T15:14:00.000000000Z,11.400000000001409,2.6999999999999247,40,8.0,TP_HIT,3.400000000001409,2.4633499170812607,PARTIAL_PLUS_TP,6.447761194029851,0.18611111111111114,False
LONG_8_002,8.0,LONG,2024-01-15T15:15:00.000000000Z,10.600000000000609,3.5000000000007248,42,8.0,TP_HIT,2.600000000000609,2.4633499170812607,PARTIAL_PLUS_TP,6.447761194029851,0.18611111111111114,False
LONG_8_002,8.0,LONG,2024-01-15T15:16:00.000000000Z,10.099999999999554,4.00000000000178,42,8.0,TP_HIT,2.099999999999554,2.4633499170812607,PARTIAL_PLUS_TP,6.447761194029851,0.18611111111111114,False
LONG_8_002,8.0,LONG,2024-01-15T15:17:00.000000000Z,11.100000000001664,2.9999999999996696,38,8.0,TP_HIT,3.100000000001664,2.4633499170812607,PARTIAL_PLUS_TP,6.447761194029851,0.18611111111111114,False
LONG_8_002,8.0,LONG,2024-01-15T15:18:00.000000000Z,11.300000000000754,2.80000000000058,37,8.0,TP_HIT,3.300000000000754,2.4633499170812607,PARTIAL_PLUS_TP,6.447761194029851,0.18611111111111114,False
LONG_8_002,8.0,LONG,2024-01-15T15:19:00.000000000Z,11.300000000000754,2.80000000000058,36,8.0,TP_HIT,3.300000000000754,2.4633499170812607,PARTIAL_PLUS_TP,6.447761194029851,0.18611111111111114,False
LONG_8_002,8.0,LONG,2024-01-15T15:20:00.000000000Z,11.600000000000499,2.500000000000835,34,8.0,TP_HIT,3.600000000000499,2.4633499170812607,PARTIAL_PLUS_TP,6.447761194029851,0.18611111111111114,False
LONG_8_002,8.0,LONG,2024-01-15T15:21:00.000000000Z,11.499999999999844,2.60000000000149,33,8.0,TP_HIT,3.4999999999998437,2.4633499170812607,PARTIAL_PLUS_TP,6.447761194029851,0.18611111111111114,False
LONG_8_002,8.0,LONG,2024-01-15T15:22:00.000000000Z,9.300000000000974,4.8000000000003595,65,8.0,TP_HIT,1.3000000000009742,2.4633499170812607,PARTIAL_PLUS_TP,6.447761194029851,0.18611111111111114,False
LONG_8_002,8.0,LONG,2024-01-15T15:23:00.000000000Z,11.100000000001664,2.9999999999996696,32,8.0,TP_HIT,3.100000000001664,2.4633499170812607,PARTIAL_PLUS_TP,6.447761194029851,0.18611111111111114,False
LONG_8_002,8.0,LONG,2024-01-15T15:24:00.000000000Z,9.099999999999664,5.00000000000167,63,8.0,TP_HIT,1.099999999999664,2.4633499170812607,PARTIAL_PLUS_TP,6.447761194029851,0.18611111111111114,False
LONG_8_002,8.0,LONG,2024-01-15T15:25:00.000000000Z,6.500000000000394,7.600000000000939,101,1.40000000000029,TIMEOUT,0.0,1.2000000000000002,PARTIAL_ONLY,6.447761194029851,0.18611111111111114,False
LONG_8_002,8.0,LONG,2024-01-15T15:26:00.000000000Z,5.9000000000009045,8.20000000000043,101,-8.0,SL_HIT,0.0,-8.0,SL_HIT,6.447761194029851,0.18611111111111114,True
LONG_8_002,8.0,LONG,2024-01-15T15:27:00.000000000Z,7.7000000000015945,6.399999999999739,101,2.60000000000149,TIMEOUT,0.0,1.2000000000000002,PARTIAL_ONLY,6.447761194029851,0.18611111111111114,False
LONG_8_002,8.0,LONG,2024-01-15T15:28:00.000000000Z,8.099999999999774,6.00000000000156,61,8.0,TP_HIT,0.09999999999977405,2.4633499170812607,PARTIAL_PLUS_TP,6.447761194029851,0.18611111111111114,False
LONG_8_002,8.0,LONG,2024-01-15T15:29:00.000000000Z,7.200000000000539,6.900000000000794,101,2.100000000000435,TIMEOUT,0.0,1.2000000000000002,PARTIAL_ONLY,6.447761194029851,0.18611111111111114,False
LONG_8_002,8.0,LONG,2024-01-15T15:30:00.000000000Z,9.500000000000064,4.60000000000127,57,8.0,TP_HIT,1.500000000000064,2.4633499170812607,PARTIAL_PLUS_TP,6.447761194029851,0.18611111111111114,False
LONG_8_002,8.0,LONG,2024-01-15T15:31:00.000000000Z,10.099999999999554,4.00000000000178,27,8.0,TP_HIT,2.099999999999554,2.4633499170812607,PARTIAL_PLUS_TP,6.447761194029851,0.18611111111111114,False
LONG_8_002,8.0,LONG,2024-01-15T15:32:00.000000000Z,10.300000000000864,3.8000000000004697,25,8.0,TP_HIT,2.300000000000864,2.4633499170812607,PARTIAL_PLUS_TP,6.447761194029851,0.18611111111111114,False
LONG_8_002,8.0,LONG,2024-01-15T15:33:00.000000000Z,10.799999999999699,3.300000000001635,24,8.0,TP_HIT,2.7999999999996987,2.4633499170812607,PARTIAL_PLUS_TP,6.447761194029851,0.18611111111111114,False
LONG_8_002,8.0,LONG,2024-01-15T15:34:00.000000000Z,11.100000000001664,2.9999999999996696,21,8.0,TP_HIT,3.100000000001664,2.4633499170812607,PARTIAL_PLUS_TP,6.447761194029851,0.18611111111111114,False
LONG_8_002,8.0,LONG,2024-01-15T15:35:00.000000000Z,11.600000000000499,2.500000000000835,19,8.0,TP_HIT,3.600000000000499,2.4633499170812607,PARTIAL_PLUS_TP,6.447761194029851,0.18611111111111114,False
LONG_8_002,8.0,LONG,2024-01-15T15:36:00.000000000Z,12.499999999999734,1.6000000000016001,17,8.0,TP_HIT,4.4999999999997335,2.4633499170812607,PARTIAL_PLUS_TP,6.447761194029851,0.18611111111111114,False
LONG_8_002,8.0,LONG,2024-01-15T15:37:00.000000000Z,13.800000000001589,0.2999999999997449,13,8.0,TP_HIT,5.800000000001589,2.4633499170812607,PARTIAL_PLUS_TP,6.447761194029851,0.18611111111111114,False
LONG_8_002,8.0,LONG,2024-01-15T15:38:00.000000000Z,14.100000000001334,0.0,12,8.0,TP_HIT,6.100000000001334,2.4633499170812607,PARTIAL_PLUS_TP,6.447761194029851,0.18611111111111114,False
LONG_8_002,8.0,LONG,2024-01-15T15:39:00.000000000Z,13.900000000000023,0.0,11,8.0,TP_HIT,5.9000000000000234,2.4633499170812607,PARTIAL_PLUS_TP,6.447761194029851,0.18611111111111114,False
LONG_8_002,8.0,LONG,2024-01-15T15:40:00.000000000Z,13.199999999999878,0.0,13,8.0,TP_HIT,5.1999999999998785,2.4633499170812607,PARTIAL_PLUS_TP,6.447761194029851,0.18611111111111114,False
LONG_8_002,8.0,LONG,2024-01-15T15:41:00.000000000Z,13.100000000001444,0.0,12,8.0,TP_HIT,5.100000000001444,2.4633499170812607,PARTIAL_PLUS_TP,6.447761194029851,0.18611111111111114,False
LONG_8_002,8.0,LONG,2024-01-15T15:42:00.000000000Z,11.499999999999844,1.100000000000545,12,8.0,TP_HIT,3.4999999999998437,2.4633499170812607,PARTIAL_PLUS_TP,6.447761194029851,0.18611111111111114,False
LONG_8_002,8.0,LONG,2024-01-15T15:43:00.000000000Z,12.600000000000389,0.0,10,8.0,TP_HIT,4.600000000000389,2.4633499170812607,PARTIAL_PLUS_TP,6.447761194029851,0.18611111111111114,False
LONG_8_002,8.0,LONG,2024-01-15T15:44:00.000000000Z,11.100000000001664,0.0,11,8.0,TP_HIT,3.100000000001664,2.4633499170812607,PARTIAL_PLUS_TP,6.447761194029851,0.18611111111111114,False
LONG_8_002,8.0,LONG,2024-01-15T15:45:00.000000000Z,9.500000000000064,1.500000000000945,42,8.0,TP_HIT,1.500000000000064,2.4633499170812607,PARTIAL_PLUS_TP,6.447761194029851,0.18611111111111114,False
LONG_8_002,8.0,LONG,2024-01-15T15:46:00.000000000Z,11.000000000001009,0.0,11,8.0,TP_HIT,3.000000000001009,2.4633499170812607,PARTIAL_PLUS_TP,6.447761194029851,0.18611111111111114,False
LONG_8_002,8.0,LONG,2024-01-15T15:47:00.000000000Z,10.200000000000209,0.0,11,8.0,TP_HIT,2.200000000000209,2.4633499170812607,PARTIAL_PLUS_TP,6.447761194029851,0.18611111111111114,False
LONG_8_002,8.0,LONG,2024-01-15T15:48:00.000000000Z,9.099999999999664,0.0,39,8.0,TP_HIT,1.099999999999664,2.4633499170812607,PARTIAL_PLUS_TP,6.447761194029851,0.18611111111111114,False
LONG_8_002,8.0,LONG,2024-01-15T15:49:00.000000000Z,8.099999999999774,0.0,40,8.0,TP_HIT,0.09999999999977405,2.4633499170812607,PARTIAL_PLUS_TP,6.447761194029851,0.18611111111111114,False
LONG_8_002,8.0,LONG,2024-01-15T15:50:00.000000000Z,5.60000000000116,0.0,101,0.5000000000010552,TIMEOUT,0.0,0.5000000000010552,TIMEOUT,6.447761194029851,0.18611111111111114,False
LONG_8_002,8.0,LONG,2024-01-15T15:51:00.000000000Z,5.300000000001415,0.09999999999843467,101,0.20000000000131024,TIMEOUT,0.0,0.20000000000131024,TIMEOUT,6.447761194029851,0.18611111111111114,False
LONG_8_002,8.0,LONG,2024-01-15T15:52:00.000000000Z,5.300000000001415,0.09999999999843467,101,0.20000000000131024,TIMEOUT,0.0,0.20000000000131024,TIMEOUT,6.447761194029851,0.18611111111111114,False
LONG_8_002,8.0,LONG,2024-01-15T15:53:00.000000000Z,3.900000000001125,1.4999999999987246,101,-1.1999999999989797,TIMEOUT,0.0,-1.1999999999989797,TIMEOUT,6.447761194029851,0.18611111111111114,False
LONG_8_002,8.0,LONG,2024-01-15T15:54:00.000000000Z,3.300000000001635,2.0999999999982144,101,-1.7999999999984695,TIMEOUT,0.0,-1.7999999999984695,TIMEOUT,6.447761194029851,0.18611111111111114,False
LONG_8_002,8.0,LONG,2024-01-15T15:55:00.000000000Z,3.1000000000003247,2.2999999999995246,101,-1.9999999999997797,TIMEOUT,0.0,-1.9999999999997797,TIMEOUT,6.447761194029851,0.18611111111111114,False
LONG_8_002,8.0,LONG,2024-01-15T15:56:00.000000000Z,3.5000000000007248,1.8999999999991246,101,-1.5999999999993797,TIMEOUT,0.0,-1.5999999999993797,TIMEOUT,6.447761194029851,0.18611111111111114,False
LONG_8_002,8.0,LONG,2024-01-15T15:57:00.000000000Z,2.2999999999995246,3.1000000000003247,101,-2.80000000000058,TIMEOUT,0.0,-2.80000000000058,TIMEOUT,6.447761194029851,0.18611111111111114,False
LONG_8_002,8.0,LONG,2024-01-15T15:58:00.000000000Z,1.7000000000000348,3.6999999999998145,101,-3.4000000000000696,TIMEOUT,0.0,-3.4000000000000696,TIMEOUT,6.447761194029851,0.18611111111111114,False
LONG_8_002,8.0,LONG,2024-01-15T15:59:00.000000000Z,2.6999999999999247,2.6999999999999247,101,-2.4000000000001798,TIMEOUT,0.0,-2.4000000000001798,TIMEOUT,6.447761194029851,0.18611111111111114,False
LONG_8_002,8.0,LONG,2024-01-15T16:00:00.000000000Z,1.6000000000016001,3.7999999999982492,101,-3.4999999999985043,TIMEOUT,0.0,-3.4999999999985043,TIMEOUT,6.447761194029851,0.18611111111111114,False
LONG_8_002,8.0,LONG,2024-01-15T16:01:00.000000000Z,1.6000000000016001,3.7999999999982492,101,-3.4999999999985043,TIMEOUT,0.0,-3.4999999999985043,TIMEOUT,6.447761194029851,0.18611111111111114,False
LONG_8_002,8.0,LONG,2024-01-15T16:02:00.000000000Z,1.9999999999997797,3.4000000000000696,101,-3.1000000000003247,TIMEOUT,0.0,-3.1000000000003247,TIMEOUT,6.447761194029851,0.18611111111111114,False
LONG_8_002,8.0,LONG,2024-01-15T16:03:00.000000000Z,3.1000000000003247,2.2999999999995246,101,-1.9999999999997797,TIMEOUT,0.0,-1.9999999999997797,TIMEOUT,6.447761194029851,0.18611111111111114,False
LONG_8_002,8.0,LONG,2024-01-15T16:04:00.000000000Z,4.100000000000215,1.2999999999996348,101,-0.9999999999998899,TIMEOUT,0.0,-0.9999999999998899,TIMEOUT,6.447761194029851,0.18611111111111114,False
LONG_8_002,8.0,LONG,2024-01-15T16:05:00.000000000Z,3.6999999999998145,1.7000000000000348,101,-1.40000000000029,TIMEOUT,0.0,-1.40000000000029,TIMEOUT,6.447761194029851,0.18611111111111114,False
LONG_8_002,8.0,LONG,2024-01-15T16:06:00.000000000Z,3.4000000000000696,1.9999999999997797,101,-1.7000000000000348,TIMEOUT,0.0,-1.7000000000000348,TIMEOUT,6.447761194029851,0.18611111111111114,False
LONG_8_002,8.0,LONG,2024-01-15T16:07:00.000000000Z,3.5000000000007248,1.8999999999991246,101,-1.5999999999993797,TIMEOUT,0.0,-1.5999999999993797,TIMEOUT,6.447761194029851,0.18611111111111114,False
LONG_8_002,8.0,LONG,2024-01-15T16:08:00.000000000Z,3.60000000000138,1.7999999999984695,101,-1.4999999999987246,TIMEOUT,0.0,-1.4999999999987246,TIMEOUT,6.447761194029851,0.18611111111111114,False
LONG_8_002,8.0,LONG,2024-01-15T16:09:00.000000000Z,3.5000000000007248,1.8999999999991246,101,-1.5999999999993797,TIMEOUT,0.0,-1.5999999999993797,TIMEOUT,6.447761194029851,0.18611111111111114,False
LONG_8_002,8.0,LONG,2024-01-15T16:10:00.000000000Z,2.80000000000058,2.5999999999992696,101,-2.2999999999995246,TIMEOUT,0.0,-2.2999999999995246,TIMEOUT,6.447761194029851,0.18611111111111114,False
LONG_8_002,8.0,LONG,2024-01-15T16:11:00.000000000Z,3.6999999999998145,1.7000000000000348,101,-1.40000000000029,TIMEOUT,0.0,-1.40000000000029,TIMEOUT,6.447761194029851,0.18611111111111114,False
LONG_8_002,8.0,LONG,2024-01-15T16:12:00.000000000Z,3.60000000000138,1.7999999999984695,101,-1.4999999999987246,TIMEOUT,0.0,-1.4999999999987246,TIMEOUT,6.447761194029851,0.18611111111111114,False
LONG_8_002,8.0,LONG,2024-01-15T16:13:00.000000000Z,4.699999999999704,0.700000000000145,101,-0.40000000000040004,TIMEOUT,0.0,-0.40000000000040004,TIMEOUT,6.447761194029851,0.18611111111111114,False
LONG_8_002,8.0,LONG,2024-01-15T16:14:00.000000000Z,3.6999999999998145,1.7000000000000348,101,-1.40000000000029,TIMEOUT,0.0,-1.40000000000029,TIMEOUT,6.447761194029851,0.18611111111111114,False
LONG_8_002,8.0,LONG,2024-01-15T16:15:00.000000000Z,2.900000000001235,2.4999999999986144,101,-2.1999999999988695,TIMEOUT,0.0,-2.1999999999988695,TIMEOUT,6.447761194029851,0.18611111111111114,False
LONG_8_002,8.0,LONG,2024-01-15T16:16:00.000000000Z,3.9999999999995595,1.40000000000029,101,-1.100000000000545,TIMEOUT,0.0,-1.100000000000545,TIMEOUT,6.447761194029851,0.18611111111111114,False
LONG_8_002,8.0,LONG,2024-01-15T16:17:00.000000000Z,3.300000000001635,2.0999999999982144,101,-1.7999999999984695,TIMEOUT,0.0,-1.7999999999984695,TIMEOUT,6.447761194029851,0.18611111111111114,False
LONG_8_002,8.0,LONG,2024-01-15T16:18:00.000000000Z,4.300000000001525,1.0999999999983245,101,-0.7999999999985796,TIMEOUT,0.0,-0.7999999999985796,TIMEOUT,6.447761194029851,0.18611111111111114,False
LONG_8_002,8.0,LONG,2024-01-15T16:19:00.000000000Z,5.1000000000001044,0.2999999999997449,101,0.0,TIMEOUT,0.0,0.0,TIMEOUT,6.447761194029851,0.18611111111111114,False
LONG_8_002,8.0,LONG,2024-01-15T16:20:00.000000000Z,5.1000000000001044,0.2999999999997449,101,0.0,TIMEOUT,0.0,0.0,TIMEOUT,6.447761194029851,0.18611111111111114,False
LONG_8_002,8.0,LONG,2024-01-15T16:21:00.000000000Z,4.3999999999999595,0.9999999999998899,101,-0.700000000000145,TIMEOUT,0.0,-0.700000000000145,TIMEOUT,6.447761194029851,0.18611111111111114,False
LONG_8_002,8.0,LONG,2024-01-15T16:22:00.000000000Z,4.100000000000215,1.2999999999996348,101,-0.9999999999998899,TIMEOUT,0.0,-0.9999999999998899,TIMEOUT,6.447761194029851,0.18611111111111114,False
LONG_8_002,8.0,LONG,2024-01-15T16:23:00.000000000Z,2.9999999999996696,2.4000000000001798,101,-2.100000000000435,TIMEOUT,0.0,-2.100000000000435,TIMEOUT,6.447761194029851,0.18611111111111114,False
LONG_8_002,8.0,LONG,2024-01-15T16:24:00.000000000Z,3.5000000000007248,1.8999999999991246,101,-1.5999999999993797,TIMEOUT,0.0,-1.5999999999993797,TIMEOUT,6.447761194029851,0.18611111111111114,False
LONG_8_002,8.0,LONG,2024-01-15T16:25:00.000000000Z,3.60000000000138,1.7999999999984695,101,-1.4999999999987246,TIMEOUT,0.0,-1.4999999999987246,TIMEOUT,6.447761194029851,0.18611111111111114,False
LONG_8_002,8.0,LONG,2024-01-15T16:26:00.000000000Z,3.1000000000003247,2.2999999999995246,101,-1.9999999999997797,TIMEOUT,0.0,-1.9999999999997797,TIMEOUT,6.447761194029851,0.18611111111111114,False
LONG_8_002,8.0,LONG,2024-01-15T16:27:00.000000000Z,0.700000000000145,4.699999999999704,101,-4.3999999999999595,TIMEOUT,0.0,-4.3999999999999595,TIMEOUT,6.447761194029851,0.18611111111111114,False
LONG_8_002,8.0,LONG,2024-01-15T16:28:00.000000000Z,0.5999999999994898,4.8000000000003595,101,-4.500000000000615,TIMEOUT,0.0,-4.500000000000615,TIMEOUT,6.447761194029851,0.18611111111111114,False
LONG_8_002,8.0,LONG,2024-01-15T16:29:00.000000000Z,0.0,5.399999999999849,101,-5.1000000000001044,TIMEOUT,0.0,-5.1000000000001044,TIMEOUT,6.447761194029851,0.18611111111111114,False
SHORT_8_001,8.0,SHORT,2024-01-15T08:00:00.000000000Z,11.699999999998933,6.800000000000139,97,8.0,TP_HIT,3.6999999999989335,2.4633499170812607,PARTIAL_PLUS_TP,6.447761194029851,0.18611111111111114,False
SHORT_8_001,8.0,SHORT,2024-01-15T08:01:00.000000000Z,11.899999999998023,6.6000000000010495,96,8.0,TP_HIT,3.8999999999980233,2.4633499170812607,PARTIAL_PLUS_TP,6.447761194029851,0.18611111111111114,False
SHORT_8_001,8.0,SHORT,2024-01-15T08:02:00.000000000Z,13.099999999999223,5.399999999999849,93,8.0,TP_HIT,5.099999999999223,2.5,PARTIAL_PLUS_TP,6.447761194029851,0.18611111111111114,False
SHORT_8_001,8.0,SHORT,2024-01-15T08:03:00.000000000Z,15.099999999999003,3.4000000000000696,92,8.0,TP_HIT,7.099999999999003,2.4633499170812607,PARTIAL_PLUS_TP,6.447761194029851,0.18611111111111114,False
SHORT_8_001,8.0,SHORT,2024-01-15T08:04:00.000000000Z,14.499999999999513,3.9999999999995595,91,8.0,TP_HIT,6.499999999999513,2.4633499170812607,PARTIAL_PLUS_TP,6.447761194029851,0.18611111111111114,False
SHORT_8_001,8.0,SHORT,2024-01-15T08:05:00.000000000Z,14.999999999998348,3.5000000000007248,90,8.0,TP_HIT,6.999999999998348,2.4633499170812607,PARTIAL_PLUS_TP,6.447761194029851,0.18611111111111114,False
SHORT_8_001,8.0,SHORT,2024-01-15T08:06:00.000000000Z,14.199999999999768,4.299999999999304,89,8.0,TP_HIT,6.199999999999768,2.4633499170812607,PARTIAL_PLUS_TP,6.447761194029851,0.18611111111111114,False
SHORT_8_001,8.0,SHORT,2024-01-15T08:07:00.000000000Z,13.600000000000279,5.699999999999594,88,8.0,TP_HIT,5.6000000000002785,2.4633499170812607,PARTIAL_PLUS_TP,6.447761194029851,0.18611111111111114,False
SHORT_8_001,8.0,SHORT,2024-01-15T08:08:00.000000000Z,15.600000000000058,3.6999999999998145,87,8.0,TP_HIT,7.600000000000058,2.4633499170812607,PARTIAL_PLUS_TP,6.447761194029851,0.18611111111111114,False
SHORT_8_001,8.0,SHORT,2024-01-15T08:09:00.000000000Z,17.700000000000493,1.5999999999993797,53,8.0,TP_HIT,9.700000000000493,2.4633499170812607,PARTIAL_PLUS_TP,6.447761194029851,0.18611111111111114,False
SHORT_8_001,8.0,SHORT,2024-01-15T08:10:00.000000000Z,17.700000000000493,1.5999999999993797,52,8.0,TP_HIT,9.700000000000493,2.4633499170812607,PARTIAL_PLUS_TP,6.447761194029851,0.18611111111111114,False
SHORT_8_001,8.0,SHORT,2024-01-15T08:11:00.000000000Z,19.100000000000783,0.1999999999990898,51,8.0,TP_HIT,11.100000000000783,2.4633499170812607,PARTIAL_PLUS_TP,6.447761194029851,0.18611111111111114,False
SHORT_8_001,8.0,SHORT,2024-01-15T08:12:00.000000000Z,17.000000000000348,2.2999999999995246,65,8.0,TP_HIT,9.000000000000348,2.4633499170812607,PARTIAL_PLUS_TP,6.447761194029851,0.18611111111111114,False
SHORT_8_001,8.0,SHORT,2024-01-15T08:13:00.000000000Z,16.899999999999693,2.4000000000001798,64,8.0,TP_HIT,8.899999999999693,2.4633499170812607,PARTIAL_PLUS_TP,6.447761194029851,0.18611111111111114,False
SHORT_8_001,8.0,SHORT,2024-01-15T08:14:00.000000000Z,18.700000000000383,0.5999999999994898,48,8.0,TP_HIT,10.700000000000383,2.4633499170812607,PARTIAL_PLUS_TP,6.447761194029851,0.18611111111111114,False
SHORT_8_001,8.0,SHORT,2024-01-15T08:15:00.000000000Z,19.100000000000783,0.1999999999990898,47,8.0,TP_HIT,11.100000000000783,2.4633499170812607,PARTIAL_PLUS_TP,6.447761194029851,0.18611111111111114,False
SHORT_8_001,8.0,SHORT,2024-01-15T08:16:00.000000000Z,15.799999999999148,3.5000000000007248,79,8.0,TP_HIT,7.799999999999148,2.4633499170812607,PARTIAL_PLUS_TP,6.447761194029851,0.18611111111111114,False
SHORT_8_001,8.0,SHORT,2024-01-15T08:17:00.000000000Z,16.700000000000603,2.5999999999992696,60,8.0,TP_HIT,8.700000000000603,2.4633499170812607,PARTIAL_PLUS_TP,6.447761194029851,0.18611111111111114,False
SHORT_8_001,8.0,SHORT,2024-01-15T08:18:00.000000000Z,16.499999999999293,2.80000000000058,60,8.0,TP_HIT,8.499999999999293,2.4633499170812607,PARTIAL_PLUS_TP,6.447761194029851,0.18611111111111114,False
SHORT_8_001,8.0,SHORT,2024-01-15T08:19:00.000000000Z,16.700000000000603,2.5999999999992696,58,8.0,TP_HIT,8.700000000000603,2.4633499170812607,PARTIAL_PLUS_TP,6.447761194029851,0.18611111111111114,False
SHORT_8_001,8.0,SHORT,2024-01-15T08:20:00.000000000Z,16.299999999997983,3.20000000000098,74,8.0,TP_HIT,8.299999999997983,2.4633499170812607,PARTIAL_PLUS_TP,6.447761194029851,0.18611111111111114,False
SHORT_8_001,8.0,SHORT,2024-01-15T08:21:00.000000000Z,17.399999999998528,2.100000000000435,55,8.0,TP_HIT,9.399999999998528,2.4633499170812607,PARTIAL_PLUS_TP,6.447761194029851,0.18611111111111114,False
SHORT_8_001,8.0,SHORT,2024-01-15T08:22:00.000000000Z,17.599999999999838,2.9999999999996696,56,8.0,TP_HIT,9.599999999999838,2.4633499170812607,PARTIAL_PLUS_TP,6.447761194029851,0.18611111111111114,False
SHORT_8_001,8.0,SHORT,2024-01-15T08:23:00.000000000Z,19.299999999999873,2.2999999999995246,54,8.0,TP_HIT,11.299999999999873,2.4633499170812607,PARTIAL_PLUS_TP,6.447761194029851,0.18611111111111114,False
SHORT_8_001,8.0,SHORT,2024-01-15T08:24:00.000000000Z,23.100000000000342,0.0,38,8.0,TP_HIT,15.100000000000342,2.4633499170812607,PARTIAL_PLUS_TP,6.447761194029851,0.18611111111111114,False
SHORT_8_001,8.0,SHORT,2024-01-15T08:25:00.000000000Z,22.900000000001253,0.0,37,8.0,TP_HIT,14.900000000001253,2.4633499170812607,PARTIAL_PLUS_TP,6.447761194029851,0.18611111111111114,False
SHORT_8_001,8.0,SHORT,2024-01-15T08:26:00.000000000Z,22.900000000001253,0.0,36,8.0,TP_HIT,14.900000000001253,2.4633499170812607,PARTIAL_PLUS_TP,6.447761194029851,0.18611111111111114,False
SHORT_8_001,8.0,SHORT,2024-01-15T08:27:00.000000000Z,22.500000000000853,0.0,35,8.0,TP_HIT,14.500000000000853,2.4633499170812607,PARTIAL_PLUS_TP,6.447761194029851,0.18611111111111114,False
SHORT_8_001,8.0,SHORT,2024-01-15T08:28:00.000000000Z,21.100000000000563,0.8000000000008001,48,8.0,TP_HIT,13.100000000000563,2.4633499170812607,PARTIAL_PLUS_TP,6.447761194029851,0.18611111111111114,False
SHORT_8_001,8.0,SHORT,2024-01-15T08:29:00.000000000Z,23.000000000001908,0.0,33,8.0,TP_HIT,15.000000000001908,2.4633499170812607,PARTIAL_PLUS_TP,6.447761194029851,0.18611111111111114,False
SHORT_8_001,8.0,SHORT,2024-01-15T08:30:00.000000000Z,20.600000000001728,1.4999999999987246,65,8.0,TP_HIT,12.600000000001728,2.4633499170812607,PARTIAL_PLUS_TP,6.447761194029851,0.18611111111111114,False
SHORT_8_001,8.0,SHORT,2024-01-15T08:31:00.000000000Z,21.400000000000308,0.700000000000145,64,8.0,TP_HIT,13.400000000000308,2.4633499170812607,PARTIAL_PLUS_TP,6.447761194029851,0.18611111111111114,False
SHORT_8_001,8.0,SHORT,2024-01-15T08:32:00.000000000Z,20.599999999999508,2.100000000000435,63,8.0,TP_HIT,12.599999999999508,2.4633499170812607,PARTIAL_PLUS_TP,6.447761194029851,0.18611111111111114,False
SHORT_8_001,8.0,SHORT,2024-01-15T08:33:00.000000000Z,20.700000000000163,1.9999999999997797,62,8.0,TP_HIT,12.700000000000163,2.4633499170812607,PARTIAL_PLUS_TP,6.447761194029851,0.18611111111111114,False
SHORT_8_001,8.0,SHORT,2024-01-15T08:34:00.000000000Z,20.599999999999508,2.100000000000435,61,8.0,TP_HIT,12.599999999999508,2.4633499170812607,PARTIAL_PLUS_TP,6.447761194029851,0.18611111111111114,False
SHORT_8_001,8.0,SHORT,2024-01-15T08:35:00.000000000Z,21.299999999999653,1.9999999999997797,60,8.0,TP_HIT,13.299999999999653,2.4633499170812607,PARTIAL_PLUS_TP,6.447761194029851,0.18611111111111114,False
SHORT_8_001,8.0,SHORT,2024-01-15T08:36:00.000000000Z,21.000000000002128,2.4999999999986144,59,8.0,TP_HIT,13.000000000002128,2.4633499170812607,PARTIAL_PLUS_TP,6.447761194029851,0.18611111111111114,False
SHORT_8_001,8.0,SHORT,2024-01-15T08:37:00.000000000Z,22.699999999999942,1.9999999999997797,58,8.0,TP_HIT,14.699999999999942,2.4633499170812607,PARTIAL_PLUS_TP,6.447761194029851,0.18611111111111114,False
SHORT_8_001,8.0,SHORT,2024-01-15T08:38:00.000000000Z,25.399999999999867,0.9999999999998899,57,8.0,TP_HIT,17.399999999999867,2.4633499170812607,PARTIAL_PLUS_TP,6.447761194029851,0.18611111111111114,False
SHORT_8_001,8.0,SHORT,2024-01-15T08:39:00.000000000Z,26.399999999999757,0.0,39,8.0,TP_HIT,18.399999999999757,2.4633499170812607,PARTIAL_PLUS_TP,6.447761194029851,0.18611111111111114,False
SHORT_8_001,8.0,SHORT,2024-01-15T08:40:00.000000000Z,25.999999999999357,0.0,55,8.0,TP_HIT,17.999999999999357,2.4633499170812607,PARTIAL_PLUS_TP,6.447761194029851,0.18611111111111114,False
SHORT_8_001,8.0,SHORT,2024-01-15T08:41:00.000000000Z,24.100000000000232,1.8999999999991246,54,8.0,TP_HIT,16.100000000000232,2.4633499170812607,PARTIAL_PLUS_TP,6.447761194029851,0.18611111111111114,False
SHORT_8_001,8.0,SHORT,2024-01-15T08:42:00.000000000Z,25.200000000000777,1.0999999999983245,53,8.0,TP_HIT,17.200000000000777,2.4633499170812607,PARTIAL_PLUS_TP,6.447761194029851,0.18611111111111114,False
SHORT_8_001,8.0,SHORT,2024-01-15T08:43:00.000000000Z,25.999999999999357,0.2999999999997449,52,8.0,TP_HIT,17.999999999999357,2.4633499170812607,PARTIAL_PLUS_TP,6.447761194029851,0.18611111111111114,False
SHORT_8_001,8.0,SHORT,2024-01-15T08:44:00.000000000Z,26.299999999999102,0.0,51,8.0,TP_HIT,18.299999999999102,2.4633499170812607,PARTIAL_PLUS_TP,6.447761194029851,0.18611111111111114,False
SHORT_8_001,8.0,SHORT,2024-01-15T08:45:00.000000000Z,24.599999999999067,1.6000000000016001,50,8.0,TP_HIT,16.599999999999067,2.4633499170812607,PARTIAL_PLUS_TP,6.447761194029851,0.18611111111111114,False
SHORT_8_001,8.0,SHORT,2024-01-15T08:46:00.000000000Z,25.800000000000267,0.40000000000040004,49,8.0,TP_HIT,17.800000000000267,2.4633499170812607,PARTIAL_PLUS_TP,6.447761194029851,0.18611111111111114,False
SHORT_8_001,8.0,SHORT,2024-01-15T08:47:00.000000000Z,26.200000000000667,0.0,48,8.0,TP_HIT,18.200000000000667,2.4633499170812607,PARTIAL_PLUS_TP,6.447761194029851,0.18611111111111114,False
SHORT_8_001,8.0,SHORT,2024-01-15T08:48:00.000000000Z,24.699999999999722,1.100000000000545,47,8.0,TP_HIT,16.699999999999722,2.4633499170812607,PARTIAL_PLUS_TP,6.447761194029851,0.18611111111111114,False
SHORT_8_001,8.0,SHORT,2024-01-15T08:49:00.000000000Z,24.999999999999467,0.8000000000008001,46,8.0,TP_HIT,16.999999999999467,2.4633499170812607,PARTIAL_PLUS_TP,6.447761194029851,0.18611111111111114,False
SHORT_8_001,8.0,SHORT,2024-01-15T08:50:00.000000000Z,25.800000000000267,0.0,45,8.0,TP_HIT,17.800000000000267,2.4633499170812607,PARTIAL_PLUS_TP,6.447761194029851,0.18611111111111114,False
SHORT_8_001,8.0,SHORT,2024-01-15T08:51:00.000000000Z,25.800000000000267,0.0,44,8.0,TP_HIT,17.800000000000267,2.4633499170812607,PARTIAL_PLUS_TP,6.447761194029851,0.18611111111111114,False
SHORT_8_001,8.0,SHORT,2024-01-15T08:52:00.000000000Z,25.800000000000267,0.0,43,8.0,TP_HIT,17.800000000000267,2.4633499170812607,PARTIAL_PLUS_TP,6.447761194029851,0.18611111111111114,False
SHORT_8_001,8.0,SHORT,2024-01-15T08:53:00.000000000Z,25.399999999999867,0.2999999999997449,42,8.0,TP_HIT,17.399999999999867,2.4633499170812607,PARTIAL_PLUS_TP,6.447761194029851,0.18611111111111114,False
SHORT_8_001,8.0,SHORT,2024-01-15T08:54:00.000000000Z,25.699999999999612,0.0,41,8.0,TP_HIT,17.699999999999612,2.4633499170812607,PARTIAL_PLUS_TP,6.447761194029851,0.18611111111111114,False
SHORT_8_001,8.0,SHORT,2024-01-15T08:55:00.000000000Z,24.399999999999977,0.1999999999990898,40,8.0,TP_HIT,16.399999999999977,2.4633499170812607,PARTIAL_PLUS_TP,6.447761194029851,0.18611111111111114,False
SHORT_8_001,8.0,SHORT,2024-01-15T08:56:00.000000000Z,24.200000000000887,0.3999999999981796,39,8.0,TP_HIT,16.200000000000887,2.4633499170812607,PARTIAL_PLUS_TP,6.447761194029851,0.18611111111111114,False
SHORT_8_001,8.0,SHORT,2024-01-15T08:57:00.000000000Z,24.200000000000887,0.3999999999981796,38,8.0,TP_HIT,16.200000000000887,2.4633499170812607,PARTIAL_PLUS_TP,6.447761194029851,0.18611111111111114,False
SHORT_8_001,8.0,SHORT,2024-01-15T08:58:00.000000000Z,24.599999999999067,0.0,37,8.0,TP_HIT,16.599999999999067,2.4633499170812607,PARTIAL_PLUS_TP,6.447761194029851,0.18611111111111114,False
SHORT_8_001,8.0,SHORT,2024-01-15T08:59:00.000000000Z,24.399999999999977,0.0,36,8.0,TP_HIT,16.399999999999977,2.4633499170812607,PARTIAL_PLUS_TP,6.447761194029851,0.18611111111111114,False
SHORT_8_001,8.0,SHORT,2024-01-15T09:00:00.000000000Z,23.199999999998777,0.0,37,8.0,TP_HIT,15.199999999998777,2.4633499170812607,PARTIAL_PLUS_TP,6.447761194029851,0.18611111111111114,False
SHORT_8_001,8.0,SHORT,2024-01-15T09:01:00.000000000Z,22.100000000000453,0.0,36,8.0,TP_HIT,14.100000000000453,2.4633499170812607,PARTIAL_PLUS_TP,6.447761194029851,0.18611111111111114,False
SHORT_8_001,8.0,SHORT,2024-01-15T09:02:00.000000000Z,20.000000000000018,2.100000000000435,36,8.0,TP_HIT,12.000000000000018,2.4633499170812607,PARTIAL_PLUS_TP,6.447761194029851,0.18611111111111114,False
SHORT_8_001,8.0,SHORT,2024-01-15T09:03:00.000000000Z,20.299999999999763,1.80000000000069,35,8.0,TP_HIT,12.299999999999763,2.4633499170812607,PARTIAL_PLUS_TP,6.447761194029851,0.18611111111111114,False
SHORT_8_001,8.0,SHORT,2024-01-15T09:04:00.000000000Z,20.800000000000818,1.2999999999996348,33,8.0,TP_HIT,12.800000000000818,2.4633499170812607,PARTIAL_PLUS_TP,6.447761194029851,0.18611111111111114,False
SHORT_8_001,8.0,SHORT,2024-01-15T09:05:00.000000000Z,20.800000000000818,1.2999999999996348,32,8.0,TP_HIT,12.800000000000818,2.4633499170812607,PARTIAL_PLUS_TP,6.447761194029851,0.18611111111111114,False
SHORT_8_001,8.0,SHORT,2024-01-15T09:06:00.000000000Z,21.800000000000708,0.2999999999997449,31,8.0,TP_HIT,13.800000000000708,2.4633499170812607,PARTIAL_PLUS_TP,6.447761194029851,0.18611111111111114,False
SHORT_8_001,8.0,SHORT,2024-01-15T09:07:00.000000000Z,21.299999999999653,0.8000000000008001,30,8.0,TP_HIT,13.299999999999653,2.4633499170812607,PARTIAL_PLUS_TP,6.447761194029851,0.18611111111111114,False
SHORT_8_001,8.0,SHORT,2024-01-15T09:08:00.000000000Z,20.599999999999508,1.500000000000945,30,8.0,TP_HIT,12.599999999999508,2.4633499170812607,PARTIAL_PLUS_TP,6.447761194029851,0.18611111111111114,False
SHORT_8_001,8.0,SHORT,2024-01-15T09:09:00.000000000Z,21.199999999998997,0.9000000000014552,28,8.0,TP_HIT,13.199999999998997,2.4633499170812607,PARTIAL_PLUS_TP,6.447761194029851,0.18611111111111114,False
SHORT_8_001,8.0,SHORT,2024-01-15T09:10:00.000000000Z,21.400000000000308,0.700000000000145,27,8.0,TP_HIT,13.400000000000308,2.4633499170812607,PARTIAL_PLUS_TP,6.447761194029851,0.18611111111111114,False
SHORT_8_001,8.0,SHORT,2024-01-15T09:11:00.000000000Z,21.700000000000053,0.40000000000040004,26,8.0,TP_HIT,13.700000000000053,2.4633499170812607,PARTIAL_PLUS_TP,6.447761194029851,0.18611111111111114,False
SHORT_8_001,8.0,SHORT,2024-01-15T09:12:00.000000000Z,21.999999999999797,0.10000000000065512,25,8.0,TP_HIT,13.999999999999797,2.4633499170812607,PARTIAL_PLUS_TP,6.447761194029851,0.18611111111111114,False
SHORT_8_001,8.0,SHORT,2024-01-15T09:13:00.000000000Z,20.299999999999763,1.80000000000069,25,8.0,TP_HIT,12.299999999999763,2.4633499170812607,PARTIAL_PLUS_TP,6.447761194029851,0.18611111111111114,False
SHORT_8_001,8.0,SHORT,2024-01-15T09:14:00.000000000Z,21.299999999999653,0.8000000000008001,23,8.0,TP_HIT,13.299999999999653,2.4633499170812607,PARTIAL_PLUS_TP,6.447761194029851,0.18611111111111114,False
SHORT_8_001,8.0,SHORT,2024-01-15T09:15:00.000000000Z,20.599999999999508,1.500000000000945,23,8.0,TP_HIT,12.599999999999508,2.4633499170812607,PARTIAL_PLUS_TP,6.447761194029851,0.18611111111111114,False
SHORT_8_001,8.0,SHORT,2024-01-15T09:16:00.000000000Z,19.599999999999618,2.500000000000835,22,8.0,TP_HIT,11.599999999999618,2.4633499170812607,PARTIAL_PLUS_TP,6.447761194029851,0.18611111111111114,False
SHORT_8_001,8.0,SHORT,2024-01-15T09:17:00.000000000Z,19.100000000000783,2.9999999999996696,30,8.0,TP_HIT,11.100000000000783,2.4633499170812607,PARTIAL_PLUS_TP,6.447761194029851,0.18611111111111114,False
SHORT_8_001,8.0,SHORT,2024-01-15T09:18:00.000000000Z,18.599999999999728,3.5000000000007248,29,8.0,TP_HIT,10.599999999999728,2.4633499170812607,PARTIAL_PLUS_TP,6.447761194029851,0.18611111111111114,False
SHORT_8_001,8.0,SHORT,2024-01-15T09:19:00.000000000Z,19.599999999999618,2.500000000000835,19,8.0,TP_HIT,11.599999999999618,2.4633499170812607,PARTIAL_PLUS_TP,6.447761194029851,0.18611111111111114,False
SHORT_8_001,8.0,SHORT,2024-01-15T09:20:00.000000000Z,19.299999999999873,2.80000000000058,27,8.0,TP_HIT,11.299999999999873,2.4633499170812607,PARTIAL_PLUS_TP,6.447761194029851,0.18611111111111114,False
SHORT_8_001,8.0,SHORT,2024-01-15T09:21:00.000000000Z,20.999999999999908,1.100000000000545,16,8.0,TP_HIT,12.999999999999908,2.4633499170812607,PARTIAL_PLUS_TP,6.447761194029851,0.18611111111111114,False
SHORT_8_001,8.0,SHORT,2024-01-15T09:22:00.000000000Z,20.899999999999253,1.2000000000012,15,8.0,TP_HIT,12.899999999999253,2.4633499170812607,PARTIAL_PLUS_TP,6.447761194029851,0.18611111111111114,False
SHORT_8_001,8.0,SHORT,2024-01-15T09:23:00.000000000Z,20.400000000000418,1.7000000000000348,15,8.0,TP_HIT,12.400000000000418,2.4633499170812607,PARTIAL_PLUS_TP,6.447761194029851,0.18611111111111114,False
SHORT_8_001,8.0,SHORT,2024-01-15T09:24:00.000000000Z,20.199999999999108,1.900000000001345,14,8.0,TP_HIT,12.199999999999108,2.4633499170812607,PARTIAL_PLUS_TP,6.447761194029851,0.18611111111111114,False
SHORT_8_001,8.0,SHORT,2024-01-15T09:25:00.000000000Z,19.400000000000528,2.6999999999999247,13,8.0,TP_HIT,11.400000000000528,2.4633499170812607,PARTIAL_PLUS_TP,6.447761194029851,0.18611111111111114,False
SHORT_8_001,8.0,SHORT,2024-01-15T09:26:00.000000000Z,20.599999999999508,1.500000000000945,12,8.0,TP_HIT,12.599999999999508,2.4633499170812607,PARTIAL_PLUS_TP,6.447761194029851,0.18611111111111114,False
SHORT_8_001,8.0,SHORT,2024-01-15T09:27:00.000000000Z,20.599999999999508,1.500000000000945,11,8.0,TP_HIT,12.599999999999508,2.4633499170812607,PARTIAL_PLUS_TP,6.447761194029851,0.18611111111111114,False
SHORT_8_001,8.0,SHORT,2024-01-15T09:28:00.000000000Z,20.199999999999108,1.900000000001345,10,8.0,TP_HIT,12.199999999999108,2.4633499170812607,PARTIAL_PLUS_TP,6.447761194029851,0.18611111111111114,False
SHORT_8_001,8.0,SHORT,2024-01-15T09:29:00.000000000Z,20.100000000000673,1.9999999999997797,9,8.0,TP_HIT,12.100000000000673,2.4633499170812607,PARTIAL_PLUS_TP,6.447761194029851,0.18611111111111114,False
SHORT_8_001,8.0,SHORT,2024-01-15T09:30:00.000000000Z,22.100000000000453,0.0,7,8.0,TP_HIT,14.100000000000453,2.4633499170812607,PARTIAL_PLUS_TP,6.447761194029851,0.18611111111111114,False
SHORT_8_001,8.0,SHORT,2024-01-15T09:31:00.000000000Z,20.599999999999508,0.0,7,8.0,TP_HIT,12.599999999999508,2.4633499170812607,PARTIAL_PLUS_TP,6.447761194029851,0.18611111111111114,False
SHORT_8_001,8.0,SHORT,2024-01-15T09:32:00.000000000Z,20.199999999999108,0.0,6,8.0,TP_HIT,12.199999999999108,2.4633499170812607,PARTIAL_PLUS_TP,6.447761194029851,0.18611111111111114,False
SHORT_8_001,8.0,SHORT,2024-01-15T09:33:00.000000000Z,20.199999999999108,0.0,5,8.0,TP_HIT,12.199999999999108,2.4633499170812607,PARTIAL_PLUS_TP,6.447761194029851,0.18611111111111114,False
SHORT_8_001,8.0,SHORT,2024-01-15T09:34:00.000000000Z,18.400000000000638,0.0,26,8.0,TP_HIT,10.400000000000638,2.4633499170812607,PARTIAL_PLUS_TP,6.447761194029851,0.18611111111111114,False
SHORT_8_001,8.0,SHORT,2024-01-15T09:35:00.000000000Z,15.899999999999803,0.0,29,8.0,TP_HIT,7.899999999999803,2.4633499170812607,PARTIAL_PLUS_TP,6.447761194029851,0.18611111111111114,False
SHORT_8_001,8.0,SHORT,2024-01-15T09:36:00.000000000Z,15.799999999999148,0.0,28,8.0,TP_HIT,7.799999999999148,2.4633499170812607,PARTIAL_PLUS_TP,6.447761194029851,0.18611111111111114,False
SHORT_8_001,8.0,SHORT,2024-01-15T09:37:00.000000000Z,12.600000000000389,1.5999999999993797,33,8.0,TP_HIT,4.600000000000389,2.4633499170812607,PARTIAL_PLUS_TP,6.447761194029851,0.18611111111111114,False
SHORT_8_001,8.0,SHORT,2024-01-15T09:38:00.000000000Z,11.300000000000754,2.8999999999990145,38,8.0,TP_HIT,3.300000000000754,2.4633499170812607,PARTIAL_PLUS_TP,6.447761194029851,0.18611111111111114,False
SHORT_8_001,8.0,SHORT,2024-01-15T09:39:00.000000000Z,13.499999999999623,0.700000000000145,31,8.0,TP_HIT,5.499999999999623,2.4633499170812607,PARTIAL_PLUS_TP,6.447761194029851,0.18611111111111114,False
SHORT_8_001,8.0,SHORT,2024-01-15T09:40:00.000000000Z,13.199999999999878,0.9999999999998899,30,8.0,TP_HIT,5.1999999999998785,2.4633499170812607,PARTIAL_PLUS_TP,6.447761194029851,0.18611111111111114,False
SHORT_8_001,8.0,SHORT,2024-01-15T09:41:00.000000000Z,13.699999999998713,0.5000000000010552,28,8.0,TP_HIT,5.699999999998713,2.4633499170812607,PARTIAL_PLUS_TP,6.447761194029851,0.18611111111111114,False
SHORT_8_001,8.0,SHORT,2024-01-15T09:42:00.000000000Z,13.300000000000534,0.8999999999992347,28,8.0,TP_HIT,5.300000000000534,2.4633499170812607,PARTIAL_PLUS_TP,6.447761194029851,0.18611111111111114,False
SHORT_8_001,8.0,SHORT,2024-01-15T09:43:00.000000000Z,13.000000000000789,1.1999999999989797,27,8.0,TP_HIT,5.000000000000789,2.4633499170812607,PARTIAL_PLUS_TP,6.447761194029851,0.18611111111111114,False
SHORT_8_001,8.0,SHORT,2024-01-15T09:44:00.000000000Z,12.000000000000899,2.1999999999988695,28,8.0,TP_HIT,4.000000000000899,2.4633499170812607,PARTIAL_PLUS_TP,6.447761194029851,0.18611111111111114,False
SHORT_8_001,8.0,SHORT,2024-01-15T09:45:00.000000000Z,13.000000000000789,1.1999999999989797,25,8.0,TP_HIT,5.000000000000789,2.4633499170812607,PARTIAL_PLUS_TP,6.447761194029851,0.18611111111111114,False
SHORT_8_001,8.0,SHORT,2024-01-15T09:46:00.000000000Z,12.699999999998823,1.500000000000945,24,8.0,TP_HIT,4.699999999998823,2.4633499170812607,PARTIAL_PLUS_TP,6.447761194029851,0.18611111111111114,False
SHORT_8_001,8.0,SHORT,2024-01-15T09:47:00.000000000Z,10.499999999999954,3.6999999999998145,30,8.0,TP_HIT,2.499999999999954,2.4633499170812607,PARTIAL_PLUS_TP,6.447761194029851,0.18611111111111114,False
SHORT_8_001,8.0,SHORT,2024-01-15T09:48:00.000000000Z,11.399999999999189,2.80000000000058,28,8.0,TP_HIT,3.3999999999991886,2.4633499170812607,PARTIAL_PLUS_TP,6.447761194029851,0.18611111111111114,False
SHORT_8_001,8.0,SHORT,2024-01-15T09:49:00.000000000Z,13.199999999999878,0.9999999999998899,21,8.0,TP_HIT,5.1999999999998785,2.4633499170812607,PARTIAL_PLUS_TP,6.447761194029851,0.18611111111111114,False
SHORT_8_001,8.0,SHORT,2024-01-15T09:50:00.000000000Z,12.300000000000644,1.8999999999991246,22,8.0,TP_HIT,4.300000000000644,2.4633499170812607,PARTIAL_PLUS_TP,6.447761194029851,0.18611111111111114,False
SHORT_8_001,8.0,SHORT,2024-01-15T09:51:00.000000000Z,10.799999999999699,3.4000000000000696,26,8.0,TP_HIT,2.7999999999996987,2.4633499170812607,PARTIAL_PLUS_TP,6.447761194029851,0.18611111111111114,False
SHORT_8_001,8.0,SHORT,2024-01-15T09:52:00.000000000Z,11.200000000000099,2.9999999999996696,24,8.0,TP_HIT,3.2000000000000988,2.4633499170812607,PARTIAL_PLUS_TP,6.447761194029851,0.18611111111111114,False
SHORT_8_001,8.0,SHORT,2024-01-15T09:53:00.000000000Z,11.799999999999589,2.4000000000001798,22,8.0,TP_HIT,3.7999999999995886,2.4633499170812607,PARTIAL_PLUS_TP,6.447761194029851,0.18611111111111114,False
SHORT_8_001,8.0,SHORT,2024-01-15T09:54:00.000000000Z,12.199999999999989,1.9999999999997797,18,8.0,TP_HIT,4.199999999999989,2.4633499170812607,PARTIAL_PLUS_TP,6.447761194029851,0.18611111111111114,False
SHORT_8_001,8.0,SHORT,2024-01-15T09:55:00.000000000Z,14.199999999999768,0.0,14,8.0,TP_HIT,6.199999999999768,2.4633499170812607,PARTIAL_PLUS_TP,6.447761194029851,0.18611111111111114,False
SHORT_8_001,8.0,SHORT,2024-01-15T09:56:00.000000000Z,14.000000000000679,0.0,13,8.0,TP_HIT,6.000000000000679,2.4633499170812607,PARTIAL_PLUS_TP,6.447761194029851,0.18611111111111114,False
SHORT_8_001,8.0,SHORT,2024-01-15T09:57:00.000000000Z,13.000000000000789,0.0,13,8.0,TP_HIT,5.000000000000789,2.4633499170812607,PARTIAL_PLUS_TP,6.447761194029851,0.18611111111111114,False
SHORT_8_001,8.0,SHORT,2024-01-15T09:58:00.000000000Z,12.199999999999989,2.100000000000435,14,8.0,TP_HIT,4.199999999999989,2.4633499170812607,PARTIAL_PLUS_TP,6.447761194029851,0.18611111111111114,False
SHORT_8_001,8.0,SHORT,2024-01-15T09:59:00.000000000Z,13.000000000000789,1.2999999999996348,11,8.0,TP_HIT,5.000000000000789,2.4633499170812607,PARTIAL_PLUS_TP,6.447761194029851,0.18611111111111114,False
SHORT_8_001,8.0,SHORT,2024-01-15T10:00:00.000000000Z,10.300000000000864,4.799999999998139,17,8.0,TP_HIT,2.300000000000864,2.4633499170812607,PARTIAL_PLUS_TP,6.447761194029851,0.18611111111111114,False
SHORT_8_001,8.0,SHORT,2024-01-15T10:01:00.000000000Z,10.300000000000864,4.799999999998139,16,8.0,TP_HIT,2.300000000000864,2.4633499170812607,PARTIAL_PLUS_TP,6.447761194029851,0.18611111111111114,False
SHORT_8_001,8.0,SHORT,2024-01-15T10:02:00.000000000Z,9.200000000000319,5.899999999998684,16,8.0,TP_HIT,1.200000000000319,2.4633499170812607,PARTIAL_PLUS_TP,6.447761194029851,0.18611111111111114,False
SHORT_8_001,8.0,SHORT,2024-01-15T10:03:00.000000000Z,8.20000000000043,6.899999999998574,19,8.0,TP_HIT,0.20000000000042917,2.4633499170812607,PARTIAL_PLUS_TP,6.447761194029851,0.18611111111111114,False
SHORT_8_001,8.0,SHORT,2024-01-15T10:04:00.000000000Z,6.699999999999484,8.399999999999519,101,-8.0,SL_HIT,0.0,-5.311111111111111,PARTIAL_THEN_SL,6.447761194029851,0.18611111111111114,True
SHORT_8_001,8.0,SHORT,2024-01-15T10:05:00.000000000Z,7.200000000000539,7.899999999998464,101,-3.4000000000000696,TIMEOUT,0.0,1.2000000000000002,PARTIAL_ONLY,6.447761194029851,0.18611111111111114,False
SHORT_8_001,8.0,SHORT,2024-01-15T10:06:00.000000000Z,7.900000000000684,7.199999999998319,101,-1.7000000000000348,TIMEOUT,0.0,1.2000000000000002,PARTIAL_ONLY,6.447761194029851,0.18611111111111114,False
SHORT_8_001,8.0,SHORT,2024-01-15T10:07:00.000000000Z,7.699999999999374,7.399999999999629,101,-4.500000000000615,TIMEOUT,0.0,1.2000000000000002,PARTIAL_ONLY,6.447761194029851,0.18611111111111114,False
SHORT_8_001,8.0,SHORT,2024-01-15T10:08:00.000000000Z,7.599999999998719,7.500000000000284,101,-4.700000000001925,TIMEOUT,0.0,1.2000000000000002,PARTIAL_ONLY,6.447761194029851,0.18611111111111114,False
SHORT_8_001,8.0,SHORT,2024-01-15T10:09:00.000000000Z,5.599999999998939,9.500000000000064,101,-8.0,SL_HIT,0.0,-8.0,SL_HIT,6.447761194029851,0.18611111111111114,True
SHORT_8_001,8.0,SHORT,2024-01-15T10:10:00.000000000Z,4.599999999999049,10.499999999999954,101,-8.0,SL_HIT,0.0,-8.0,SL_HIT,6.447761194029851,0.18611111111111114,True
SHORT_8_001,8.0,SHORT,2024-01-15T10:11:00.000000000Z,5.399999999999849,9.699999999999154,101,-8.0,SL_HIT,0.0,-8.0,SL_HIT,6.447761194029851,0.18611111111111114,True
SHORT_8_001,8.0,SHORT,2024-01-15T10:12:00.000000000Z,3.9999999999995595,11.099999999999444,101,-8.0,SL_HIT,0.0,-8.0,SL_HIT,6.447761194029851,0.18611111111111114,True
SHORT_8_001,8.0,SHORT,2024-01-15T10:13:00.000000000Z,4.20000000000087,10.899999999998133,101,-8.0,SL_HIT,0.0,-8.0,SL_HIT,6.447761194029851,0.18611111111111114,True
SHORT_8_001,8.0,SHORT,2024-01-15T10:14:00.000000000Z,4.899999999998794,10.200000000000209,101,-8.0,SL_HIT,0.0,-8.0,SL_HIT,6.447761194029851,0.18611111111111114,True
SHORT_8_001,8.0,SHORT,2024-01-15T10:15:00.000000000Z,3.4000000000000696,11.699999999998933,101,-8.0,SL_HIT,0.0,-8.0,SL_HIT,6.447761194029851,0.18611111111111114,True
SHORT_8_001,8.0,SHORT,2024-01-15T10:16:00.000000000Z,3.1999999999987594,11.900000000000244,101,-8.0,SL_HIT,0.0,-8.0,SL_HIT,6.447761194029851,0.18611111111111114,True
SHORT_8_001,8.0,SHORT,2024-01-15T10:17:00.000000000Z,1.9999999999997797,13.099999999999223,101,-8.0,SL_HIT,0.0,-8.0,SL_HIT,6.447761194029851,0.18611111111111114,True
SHORT_8_001,8.0,SHORT,2024-01-15T10:18:00.000000000Z,0.2999999999997449,14.799999999999258,101,-8.0,SL_HIT,0.0,-8.0,SL_HIT,6.447761194029851,0.18611111111111114,True
SHORT_8_001,8.0,SHORT,2024-01-15T10:19:00.000000000Z,1.1999999999989797,13.900000000000023,101,-8.0,SL_HIT,0.0,-8.0,SL_HIT,6.447761194029851,0.18611111111111114,True
SHORT_8_001,8.0,SHORT,2024-01-15T10:20:00.000000000Z,0.40000000000040004,14.699999999998603,101,-8.0,SL_HIT,0.0,-8.0,SL_HIT,6.447761194029851,0.18611111111111114,True
SHORT_8_001,8.0,SHORT,2024-01-15T10:21:00.000000000Z,0.8000000000008001,14.299999999998203,101,-8.0,SL_HIT,0.0,-8.0,SL_HIT,6.447761194029851,0.18611111111111114,True
SHORT_8_001,8.0,SHORT,2024-01-15T10:22:00.000000000Z,0.0,15.099999999999003,101,-8.0,SL_HIT,0.0,-8.0,SL_HIT,6.447761194029851,0.18611111111111114,True
SHORT_8_002,8.0,SHORT,2024-01-15T12:13:00.000000000Z,9.40000000000163,3.9999999999995595,56,8.0,TP_HIT,1.4000000000016293,2.5,PARTIAL_PLUS_TP,6.447761194029851,0.18611111111111114,False
SHORT_8_002,8.0,SHORT,2024-01-15T12:14:00.000000000Z,10.000000000001119,3.4000000000000696,55,8.0,TP_HIT,2.000000000001119,2.4633499170812607,PARTIAL_PLUS_TP,6.447761194029851,0.18611111111111114,False
SHORT_8_002,8.0,SHORT,2024-01-15T12:15:00.000000000Z,10.000000000001119,3.4000000000000696,54,8.0,TP_HIT,2.000000000001119,2.4633499170812607,PARTIAL_PLUS_TP,6.447761194029851,0.18611111111111114,False
SHORT_8_002,8.0,SHORT,2024-01-15T12:16:00.000000000Z,9.900000000000464,3.5000000000007248,53,8.0,TP_HIT,1.900000000000464,2.4633499170812607,PARTIAL_PLUS_TP,6.447761194029851,0.18611111111111114,False
SHORT_8_002,8.0,SHORT,2024-01-15T12:17:00.000000000Z,11.200000000000099,2.20000000000109,16,8.0,TP_HIT,3.2000000000000988,2.4633499170812607,PARTIAL_PLUS_TP,6.447761194029851,0.18611111111111114,False
SHORT_8_002,8.0,SHORT,2024-01-15T12:18:00.000000000Z,11.800000000001809,1.5999999999993797,15,8.0,TP_HIT,3.800000000001809,2.4633499170812607,PARTIAL_PLUS_TP,6.447761194029851,0.18611111111111114,False
SHORT_8_002,8.0,SHORT,2024-01-15T12:19:00.000000000Z,9.500000000000064,3.900000000001125,50,8.0,TP_HIT,1.500000000000064,2.4633499170812607,PARTIAL_PLUS_TP,6.447761194029851,0.18611111111111114,False
SHORT_8_002,8.0,SHORT,2024-01-15T12:20:00.000000000Z,9.600000000000719,3.8000000000004697,49,8.0,TP_HIT,1.600000000000719,2.4633499170812607,PARTIAL_PLUS_TP,6.447761194029851,0.18611111111111114,False
SHORT_8_002,8.0,SHORT,2024-01-15T12:21:00.000000000Z,10.200000000000209,3.20000000000098,48,8.0,TP_HIT,2.200000000000209,2.4633499170812607,PARTIAL_PLUS_TP,6.447761194029851,0.18611111111111114,False
SHORT_8_002,8.0,SHORT,2024-01-15T12:22:00.000000000Z,9.200000000000319,4.20000000000087,47,8.0,TP_HIT,1.200000000000319,2.4633499170812607,PARTIAL_PLUS_TP,6.447761194029851,0.18611111111111114,False
SHORT_8_002,8.0,SHORT,2024-01-15T12:23:00.000000000Z,7.600000000000939,5.800000000000249,101,4.999999999999449,TIMEOUT,0.0,1.2000000000000002,PARTIAL_ONLY,6.447761194029851,0.18611111111111114,False
SHORT_8_002,8.0,SHORT,2024-01-15T12:24:00.000000000Z,7.200000000000539,6.200000000000649,101,5.199999999998539,TIMEOUT,0.0,1.2000000000000002,PARTIAL_ONLY,6.447761194029851,0.18611111111111114,False
SHORT_8_002,8.0,SHORT,2024-01-15T12:25:00.000000000Z,7.999999999999119,6.6000000000010495,101,7.999999999999119,TIMEOUT,0.0,1.2000000000000002,PARTIAL_ONLY,6.447761194029851,0.18611111111111114,False
SHORT_8_002,8.0,SHORT,2024-01-15T12:26:00.000000000Z,12.100000000001554,4.699999999999704,43,8.0,TP_HIT,4.100000000001554,2.4633499170812607,PARTIAL_PLUS_TP,6.447761194029851,0.18611111111111114,False
SHORT_8_002,8.0,SHORT,2024-01-15T12:27:00.000000000Z,10.499999999999954,6.800000000000139,99,8.0,TP_HIT,2.499999999999954,2.4633499170812607,PARTIAL_PLUS_TP,6.447761194029851,0.18611111111111114,False
SHORT_8_002,8.0,SHORT,2024-01-15T12:28:00.000000000Z,10.399999999999299,7.600000000000939,98,8.0,TP_HIT,2.3999999999992987,2.4633499170812607,PARTIAL_PLUS_TP,6.447761194029851,0.18611111111111114,False
SHORT_8_002,8.0,SHORT,2024-01-15T12:29:00.000000000Z,10.399999999999299,7.600000000000939,97,8.0,TP_HIT,2.3999999999992987,2.4633499170812607,PARTIAL_PLUS_TP,6.447761194029851,0.18611111111111114,False
SHORT_8_002,8.0,SHORT,2024-01-15T12:30:00.000000000Z,9.200000000000319,8.799999999999919,96,-8.0,SL_HIT,1.200000000000319,-8.0,SL_HIT,6.447761194029851,0.18611111111111114,True
SHORT_8_002,8.0,SHORT,2024-01-15T12:31:00.000000000Z,8.999999999999009,9.00000000000123,96,-8.0,SL_HIT,0.9999999999990088,-8.0,SL_HIT,6.447761194029851,0.18611111111111114,True
SHORT_8_002,8.0,SHORT,2024-01-15T12:32:00.000000000Z,9.200000000000319,8.799999999999919,94,-8.0,SL_HIT,1.200000000000319,-8.0,SL_HIT,6.447761194029851,0.18611111111111114,True
SHORT_8_002,8.0,SHORT,2024-01-15T12:33:00.000000000Z,6.800000000000139,11.200000000000099,101,-8.0,SL_HIT,0.0,-8.0,SL_HIT,6.447761194029851,0.18611111111111114,True
SHORT_8_002,8.0,SHORT,2024-01-15T12:34:00.000000000Z,11.300000000000754,6.999999999999229,92,8.0,TP_HIT,3.300000000000754,2.4633499170812607,PARTIAL_PLUS_TP,6.447761194029851,0.18611111111111114,False
SHORT_8_002,8.0,SHORT,2024-01-15T12:35:00.000000000Z,10.300000000000864,7.999999999999119,91,8.0,TP_HIT,2.300000000000864,2.4633499170812607,PARTIAL_PLUS_TP,6.447761194029851,0.18611111111111114,False
SHORT_8_002,8.0,SHORT,2024-01-15T12:36:00.000000000Z,10.999999999998789,7.300000000001194,90,8.0,TP_HIT,2.9999999999987885,2.4633499170812607,PARTIAL_PLUS_TP,6.447761194029851,0.18611111111111114,False
SHORT_8_002,8.0,SHORT,2024-01-15T12:37:00.000000000Z,10.099999999999554,8.20000000000043,89,-8.0,SL_HIT,2.099999999999554,-8.0,SL_HIT,6.447761194029851,0.18611111111111114,True
SHORT_8_002,8.0,SHORT,2024-01-15T12:38:00.000000000Z,8.099999999999774,10.200000000000209,96,-8.0,SL_HIT,0.09999999999977405,-8.0,SL_HIT,6.447761194029851,0.18611111111111114,True
SHORT_8_002,8.0,SHORT,2024-01-15T12:39:00.000000000Z,12.199999999999989,6.6000000000010495,87,8.0,TP_HIT,4.199999999999989,2.4633499170812607,PARTIAL_PLUS_TP,6.447761194029851,0.18611111111111114,False
SHORT_8_002,8.0,SHORT,2024-01-15T12:40:00.000000000Z,16.20000000000177,2.5999999999992696,28,8.0,TP_HIT,8.200000000001769,2.4633499170812607,PARTIAL_PLUS_TP,6.447761194029851,0.18611111111111114,False
SHORT_8_002,8.0,SHORT,2024-01-15T12:41:00.000000000Z,19.000000000000128,0.0,23,8.0,TP_HIT,11.000000000000128,2.4633499170812607,PARTIAL_PLUS_TP,6.447761194029851,0.18611111111111114,False
SHORT_8_002,8.0,SHORT,2024-01-15T12:42:00.000000000Z,16.099999999998893,1.7000000000000348,27,8.0,TP_HIT,8.099999999998893,2.4633499170812607,PARTIAL_PLUS_TP,6.447761194029851,0.18611111111111114,False
SHORT_8_002,8.0,SHORT,2024-01-15T12:43:00.000000000Z,17.599999999999838,0.1999999999990898,25,8.0,TP_HIT,9.599999999999838,2.4633499170812607,PARTIAL_PLUS_TP,6.447761194029851,0.18611111111111114,False
SHORT_8_002,8.0,SHORT,2024-01-15T12:44:00.000000000Z,15.199999999999658,2.5999999999992696,25,8.0,TP_HIT,7.199999999999658,2.4633499170812607,PARTIAL_PLUS_TP,6.447761194029851,0.18611111111111114,False
SHORT_8_002,8.0,SHORT,2024-01-15T12:45:00.000000000Z,15.000000000000568,2.7999999999983594,24,8.0,TP_HIT,7.000000000000568,2.4633499170812607,PARTIAL_PLUS_TP,6.447761194029851,0.18611111111111114,False
SHORT_8_002,8.0,SHORT,2024-01-15T12:46:00.000000000Z,13.399999999998968,4.3999999999999595,79,8.0,TP_HIT,5.399999999998968,2.4633499170812607,PARTIAL_PLUS_TP,6.447761194029851,0.18611111111111114,False
SHORT_8_002,8.0,SHORT,2024-01-15T12:47:00.000000000Z,14.399999999998858,3.4000000000000696,22,8.0,TP_HIT,6.399999999998858,2.4633499170812607,PARTIAL_PLUS_TP,6.447761194029851,0.18611111111111114,False
SHORT_8_002,8.0,SHORT,2024-01-15T12:48:00.000000000Z,14.799999999999258,2.9999999999996696,21,8.0,TP_HIT,6.799999999999258,2.4633499170812607,PARTIAL_PLUS_TP,6.447761194029851,0.18611111111111114,False
SHORT_8_002,8.0,SHORT,2024-01-15T12:49:00.000000000Z,16.199999999999548,1.5999999999993797,20,8.0,TP_HIT,8.199999999999548,2.4633499170812607,PARTIAL_PLUS_TP,6.447761194029851,0.18611111111111114,False
SHORT_8_002,8.0,SHORT,2024-01-15T12:50:00.000000000Z,17.100000000001003,0.6999999999979245,18,8.0,TP_HIT,9.100000000001003,2.4633499170812607,PARTIAL_PLUS_TP,6.447761194029851,0.18611111111111114,False
SHORT_8_002,8.0,SHORT,2024-01-15T12:51:00.000000000Z,15.600000000000058,2.1999999999988695,18,8.0,TP_HIT,7.600000000000058,2.4633499170812607,PARTIAL_PLUS_TP,6.447761194029851,0.18611111111111114,False
SHORT_8_002,8.0,SHORT,2024-01-15T12:52:00.000000000Z,16.799999999999038,0.9999999999998899,16,8.0,TP_HIT,8.799999999999038,2.4633499170812607,PARTIAL_PLUS_TP,6.447761194029851,0.18611111111111114,False
SHORT_8_002,8.0,SHORT,2024-01-15T12:53:00.000000000Z,17.799999999998928,0.0,14,8.0,TP_HIT,9.799999999998928,2.4633499170812607,PARTIAL_PLUS_TP,6.447761194029851,0.18611111111111114,False
SHORT_8_002,8.0,SHORT,2024-01-15T12:54:00.000000000Z,17.799999999998928,0.0,13,8.0,TP_HIT,9.799999999998928,2.4633499170812607,PARTIAL_PLUS_TP,6.447761194029851,0.18611111111111114,False
SHORT_8_002,8.0,SHORT,2024-01-15T12:55:00.000000000Z,16.40000000000086,0.0,13,8.0,TP_HIT,8.400000000000858,2.4633499170812607,PARTIAL_PLUS_TP,6.447761194029851,0.18611111111111114,False
SHORT_8_002,8.0,SHORT,2024-01-15T12:56:00.000000000Z,16.00000000000046,0.0,13,8.0,TP_HIT,8.000000000000458,2.4633499170812607,PARTIAL_PLUS_TP,6.447761194029851,0.18611111111111114,False
SHORT_8_002,8.0,SHORT,2024-01-15T12:57:00.000000000Z,13.600000000000279,0.9999999999998899,12,8.0,TP_HIT,5.6000000000002785,2.4633499170812607,PARTIAL_PLUS_TP,6.447761194029851,0.18611111111111114,False
SHORT_8_002,8.0,SHORT,2024-01-15T12:58:00.000000000Z,14.000000000000679,0.5999999999994898,11,8.0,TP_HIT,6.000000000000679,2.4633499170812607,PARTIAL_PLUS_TP,6.447761194029851,0.18611111111111114,False
SHORT_8_002,8.0,SHORT,2024-01-15T12:59:00.000000000Z,14.600000000000168,0.0,10,8.0,TP_HIT,6.600000000000168,2.4633499170812607,PARTIAL_PLUS_TP,6.447761194029851,0.18611111111111114,False
SHORT_8_002,8.0,SHORT,2024-01-15T13:00:00.000000000Z,11.699999999998933,1.6000000000016001,66,8.0,TP_HIT,3.6999999999989335,2.4633499170812607,PARTIAL_PLUS_TP,6.447761194029851,0.18611111111111114,False
SHORT_8_002,8.0,SHORT,2024-01-15T13:01:00.000000000Z,13.000000000000789,0.2999999999997449,64,8.0,TP_HIT,5.000000000000789,2.4633499170812607,PARTIAL_PLUS_TP,6.447761194029851,0.18611111111111114,False
SHORT_8_002,8.0,SHORT,2024-01-15T13:02:00.000000000Z,12.600000000000389,0.700000000000145,63,8.0,TP_HIT,4.600000000000389,2.4633499170812607,PARTIAL_PLUS_TP,6.447761194029851,0.18611111111111114,False
SHORT_8_002,8.0,SHORT,2024-01-15T13:03:00.000000000Z,11.600000000000499,1.7000000000000348,63,8.0,TP_HIT,3.600000000000499,2.4633499170812607,PARTIAL_PLUS_TP,6.447761194029851,0.18611111111111114,False
SHORT_8_002,8.0,SHORT,2024-01-15T13:04:00.000000000Z,10.200000000000209,3.1000000000003247,62,8.0,TP_HIT,2.200000000000209,2.4633499170812607,PARTIAL_PLUS_TP,6.447761194029851,0.18611111111111114,False
SHORT_8_002,8.0,SHORT,2024-01-15T13:05:00.000000000Z,11.600000000000499,1.7000000000000348,61,8.0,TP_HIT,3.600000000000499,2.4633499170812607,PARTIAL_PLUS_TP,6.447761194029851,0.18611111111111114,False
SHORT_8_002,8.0,SHORT,2024-01-15T13:06:00.000000000Z,9.999999999998899,3.300000000001635,61,8.0,TP_HIT,1.9999999999988987,2.4633499170812607,PARTIAL_PLUS_TP,6.447761194029851,0.18611111111111114,False
SHORT_8_002,8.0,SHORT,2024-01-15T13:07:00.000000000Z,9.600000000000719,3.6999999999998145,61,8.0,TP_HIT,1.600000000000719,2.4633499170812607,PARTIAL_PLUS_TP,6.447761194029851,0.18611111111111114,False
SHORT_8_002,8.0,SHORT,2024-01-15T13:08:00.000000000Z,8.20000000000043,5.1000000000001044,71,8.0,TP_HIT,0.20000000000042917,2.4633499170812607,PARTIAL_PLUS_TP,6.447761194029851,0.18611111111111114,False
SHORT_8_002,8.0,SHORT,2024-01-15T13:09:00.000000000Z,5.599999999998939,7.7000000000015945,101,3.2999999999994145,TIMEOUT,0.0,3.2999999999994145,TIMEOUT,6.447761194029851,0.18611111111111114,False
SHORT_8_002,8.0,SHORT,2024-01-15T13:10:00.000000000Z,7.399999999999629,5.9000000000009045,101,5.699999999999594,TIMEOUT,0.0,1.2000000000000002,PARTIAL_ONLY,6.447761194029851,0.18611111111111114,False
SHORT_8_002,8.0,SHORT,2024-01-15T13:11:00.000000000Z,8.799999999999919,4.500000000000615,63,8.0,TP_HIT,0.799999999999919,2.4633499170812607,PARTIAL_PLUS_TP,6.447761194029851,0.18611111111111114,False
SHORT_8_002,8.0,SHORT,2024-01-15T13:12:00.000000000Z,7.600000000000939,5.699999999999594,101,6.00000000000156,TIMEOUT,0.0,1.2000000000000002,PARTIAL_ONLY,6.447761194029851,0.18611111111111114,False
SHORT_8_002,8.0,SHORT,2024-01-15T13:13:00.000000000Z,6.800000000000139,6.500000000000394,101,4.999999999999449,TIMEOUT,0.0,1.2000000000000002,PARTIAL_ONLY,6.447761194029851,0.18611111111111114,False
SHORT_8_002,8.0,SHORT,2024-01-15T13:14:00.000000000Z,6.800000000000139,6.500000000000394,101,5.20000000000076,TIMEOUT,0.0,1.2000000000000002,PARTIAL_ONLY,6.447761194029851,0.18611111111111114,False
SHORT_8_002,8.0,SHORT,2024-01-15T13:15:00.000000000Z,6.200000000000649,7.099999999999884,101,3.8000000000004697,TIMEOUT,0.0,3.8000000000004697,TIMEOUT,6.447761194029851,0.18611111111111114,False
SHORT_8_002,8.0,SHORT,2024-01-15T13:16:00.000000000Z,8.399999999999519,4.900000000001015,63,8.0,TP_HIT,0.39999999999951896,2.4633499170812607,PARTIAL_PLUS_TP,6.447761194029851,0.18611111111111114,False
SHORT_8_002,8.0,SHORT,2024-01-15T13:17:00.000000000Z,9.399999999999409,3.900000000001125,51,8.0,TP_HIT,1.3999999999994088,2.4633499170812607,PARTIAL_PLUS_TP,6.447761194029851,0.18611111111111114,False
SHORT_8_002,8.0,SHORT,2024-01-15T13:18:00.000000000Z,9.300000000000974,3.9999999999995595,50,8.0,TP_HIT,1.3000000000009742,2.4633499170812607,PARTIAL_PLUS_TP,6.447761194029851,0.18611111111111114,False
SHORT_8_002,8.0,SHORT,2024-01-15T13:19:00.000000000Z,11.200000000000099,2.100000000000435,47,8.0,TP_HIT,3.2000000000000988,2.4633499170812607,PARTIAL_PLUS_TP,6.447761194029851,0.18611111111111114,False
SHORT_8_002,8.0,SHORT,2024-01-15T13:20:00.000000000Z,11.200000000000099,2.100000000000435,46,8.0,TP_HIT,3.2000000000000988,2.4633499170812607,PARTIAL_PLUS_TP,6.447761194029851,0.18611111111111114,False
SHORT_8_002,8.0,SHORT,2024-01-15T13:21:00.000000000Z,11.200000000000099,2.100000000000435,45,8.0,TP_HIT,3.2000000000000988,2.4633499170812607,PARTIAL_PLUS_TP,6.447761194029851,0.18611111111111114,False
SHORT_8_002,8.0,SHORT,2024-01-15T13:22:00.000000000Z,9.600000000000719,3.6999999999998145,46,8.0,TP_HIT,1.600000000000719,2.4633499170812607,PARTIAL_PLUS_TP,6.447761194029851,0.18611111111111114,False
SHORT_8_002,8.0,SHORT,2024-01-15T13:23:00.000000000Z,9.600000000000719,3.6999999999998145,45,8.0,TP_HIT,1.600000000000719,2.4633499170812607,PARTIAL_PLUS_TP,6.447761194029851,0.18611111111111114,False
SHORT_8_002,8.0,SHORT,2024-01-15T13:24:00.000000000Z,9.200000000000319,4.100000000000215,44,8.0,TP_HIT,1.200000000000319,2.4633499170812607,PARTIAL_PLUS_TP,6.447761194029851,0.18611111111111114,False
SHORT_8_002,8.0,SHORT,2024-01-15T13:25:00.000000000Z,10.399999999999299,2.900000000001235,41,8.0,TP_HIT,2.3999999999992987,2.4633499170812607,PARTIAL_PLUS_TP,6.447761194029851,0.18611111111111114,False
SHORT_8_002,8.0,SHORT,2024-01-15T13:26:00.000000000Z,9.200000000000319,4.100000000000215,42,8.0,TP_HIT,1.200000000000319,2.4633499170812607,PARTIAL_PLUS_TP,6.447761194029851,0.18611111111111114,False
SHORT_8_002,8.0,SHORT,2024-01-15T13:27:00.000000000Z,10.300000000000864,2.9999999999996696,39,8.0,TP_HIT,2.300000000000864,2.4633499170812607,PARTIAL_PLUS_TP,6.447761194029851,0.18611111111111114,False
SHORT_8_002,8.0,SHORT,2024-01-15T13:28:00.000000000Z,8.20000000000043,5.1000000000001044,51,8.0,TP_HIT,0.20000000000042917,2.4633499170812607,PARTIAL_PLUS_TP,6.447761194029851,0.18611111111111114,False
SHORT_8_002,8.0,SHORT,2024-01-15T13:29:00.000000000Z,8.20000000000043,5.1000000000001044,50,8.0,TP_HIT,0.20000000000042917,2.4633499170812607,PARTIAL_PLUS_TP,6.447761194029851,0.18611111111111114,False
SHORT_8_002,8.0,SHORT,2024-01-15T13:30:00.000000000Z,10.799999999999699,2.500000000000835,36,8.0,TP_HIT,2.7999999999996987,2.4633499170812607,PARTIAL_PLUS_TP,6.447761194029851,0.18611111111111114,False
SHORT_8_002,8.0,SHORT,2024-01-15T13:31:00.000000000Z,12.300000000000644,0.9999999999998899,35,8.0,TP_HIT,4.300000000000644,2.4633499170812607,PARTIAL_PLUS_TP,6.447761194029851,0.18611111111111114,False
SHORT_8_002,8.0,SHORT,2024-01-15T13:32:00.000000000Z,12.399999999999078,0.9000000000014552,34,8.0,TP_HIT,4.399999999999078,2.4633499170812607,PARTIAL_PLUS_TP,6.447761194029851,0.18611111111111114,False
SHORT_8_002,8.0,SHORT,2024-01-15T13:33:00.000000000Z,12.000000000000899,1.2999999999996348,33,8.0,TP_HIT,4.000000000000899,2.4633499170812607,PARTIAL_PLUS_TP,6.447761194029851,0.18611111111111114,False
SHORT_8_002,8.0,SHORT,2024-01-15T13:34:00.000000000Z,12.700000000001044,0.5999999999994898,31,8.0,TP_HIT,4.700000000001044,2.4633499170812607,PARTIAL_PLUS_TP,6.447761194029851,0.18611111111111114,False
SHORT_8_002,8.0,SHORT,2024-01-15T13:35:00.000000000Z,13.300000000000534,0.0,30,8.0,TP_HIT,5.300000000000534,2.4633499170812607,PARTIAL_PLUS_TP,6.447761194029851,0.18611111111111114,False
SHORT_8_002,8.0,SHORT,2024-01-15T13:36:00.000000000Z,11.399999999999189,0.9000000000014552,30,8.0,TP_HIT,3.3999999999991886,2.4633499170812607,PARTIAL_PLUS_TP,6.447761194029851,0.18611111111111114,False
SHORT_8_002,8.0,SHORT,2024-01-15T13:37:00.000000000Z,9.900000000000464,2.4000000000001798,30,8.0,TP_HIT,1.900000000000464,2.4633499170812607,PARTIAL_PLUS_TP,6.447761194029851,0.18611111111111114,False
SHORT_8_002,8.0,SHORT,2024-01-15T13:38:00.000000000Z,10.799999999999699,1.500000000000945,28,8.0,TP_HIT,2.7999999999996987,2.4633499170812607,PARTIAL_PLUS_TP,6.447761194029851,0.18611111111111114,False
SHORT_8_002,8.0,SHORT,2024-01-15T13:39:00.000000000Z,10.699999999999044,1.6000000000016001,27,8.0,TP_HIT,2.6999999999990436,2.4633499170812607,PARTIAL_PLUS_TP,6.447761194029851,0.18611111111111114,False
SHORT_8_002,8.0,SHORT,2024-01-15T13:40:00.000000000Z,9.999999999998899,2.300000000001745,27,8.0,TP_HIT,1.9999999999988987,2.4633499170812607,PARTIAL_PLUS_TP,6.447761194029851,0.18611111111111114,False
SHORT_8_002,8.0,SHORT,2024-01-15T13:41:00.000000000Z,9.399999999999409,2.900000000001235,27,8.0,TP_HIT,1.3999999999994088,2.4633499170812607,PARTIAL_PLUS_TP,6.447761194029851,0.18611111111111114,False
SHORT_8_002,8.0,SHORT,2024-01-15T13:42:00.000000000Z,9.900000000000464,2.4000000000001798,25,8.0,TP_HIT,1.900000000000464,2.4633499170812607,PARTIAL_PLUS_TP,6.447761194029851,0.18611111111111114,False
SHORT_8_002,8.0,SHORT,2024-01-15T13:43:00.000000000Z,10.200000000000209,2.100000000000435,23,8.0,TP_HIT,2.200000000000209,2.4633499170812607,PARTIAL_PLUS_TP,6.447761194029851,0.18611111111111114,False
SHORT_8_002,8.0,SHORT,2024-01-15T13:44:00.000000000Z,10.600000000000609,1.7000000000000348,22,8.0,TP_HIT,2.600000000000609,2.4633499170812607,PARTIAL_PLUS_TP,6.447761194029851,0.18611111111111114,False
SHORT_8_002,8.0,SHORT,2024-01-15T13:45:00.000000000Z,10.600000000000609,1.7000000000000348,21,8.0,TP_HIT,2.600000000000609,2.4633499170812607,PARTIAL_PLUS_TP,6.447761194029851,0.18611111111111114,False
SHORT_8_002,8.0,SHORT,2024-01-15T13:46:00.000000000Z,10.200000000000209,2.100000000000435,20,8.0,TP_HIT,2.200000000000209,2.4633499170812607,PARTIAL_PLUS_TP,6.447761194029851,0.18611111111111114,False
SHORT_8_002,8.0,SHORT,2024-01-15T13:47:00.000000000Z,9.799999999999809,2.500000000000835,20,8.0,TP_HIT,1.7999999999998089,2.4633499170812607,PARTIAL_PLUS_TP,6.447761194029851,0.18611111111111114,False
SHORT_8_002,8.0,SHORT,2024-01-15T13:48:00.000000000Z,10.200000000000209,2.100000000000435,18,8.0,TP_HIT,2.200000000000209,2.4633499170812607,PARTIAL_PLUS_TP,6.447761194029851,0.18611111111111114,False
SHORT_8_002,8.0,SHORT,2024-01-15T13:49:00.000000000Z,11.000000000001009,1.2999999999996348,17,8.0,TP_HIT,3.000000000001009,2.4633499170812607,PARTIAL_PLUS_TP,6.447761194029851,0.18611111111111114,False
SHORT_8_002,8.0,SHORT,2024-01-15T13:50:00.000000000Z,11.600000000000499,0.700000000000145,16,8.0,TP_HIT,3.600000000000499,2.4633499170812607,PARTIAL_PLUS_TP,6.447761194029851,0.18611111111111114,False
SHORT_8_002,8.0,SHORT,2024-01-15T13:51:00.000000000Z,12.300000000000644,0.0,15,8.0,TP_HIT,4.300000000000644,2.4633499170812607,PARTIAL_PLUS_TP,6.447761194029851,0.18611111111111114,False
SHORT_8_002,8.0,SHORT,2024-01-15T13:52:00.000000000Z,11.000000000001009,1.1999999999989797,14,8.0,TP_HIT,3.000000000001009,2.4633499170812607,PARTIAL_PLUS_TP,6.447761194029851,0.18611111111111114,False
SHORT_8_002,8.0,SHORT,2024-01-15T13:53:00.000000000Z,10.499999999999954,1.7000000000000348,13,8.0,TP_HIT,2.499999999999954,2.4633499170812607,PARTIAL_PLUS_TP,6.447761194029851,0.18611111111111114,False
SHORT_8_002,8.0,SHORT,2024-01-15T13:54:00.000000000Z,9.900000000000464,2.2999999999995246,13,8.0,TP_HIT,1.900000000000464,2.4633499170812607,PARTIAL_PLUS_TP,6.447761194029851,0.18611111111111114,False
SHORT_8_002,8.0,SHORT,2024-01-15T13:55:00.000000000Z,10.600000000000609,1.5999999999993797,11,8.0,TP_HIT,2.600000000000609,2.4633499170812607,PARTIAL_PLUS_TP,6.447761194029851,0.18611111111111114,False
SHORT_8_002,8.0,SHORT,2024-01-15T13:56:00.000000000Z,10.499999999999954,1.7000000000000348,10,8.0,TP_HIT,2.499999999999954,2.4633499170812607,PARTIAL_PLUS_TP,6.447761194029851,0.18611111111111114,False
SHORT_8_002,8.0,SHORT,2024-01-15T13:57:00.000000000Z,10.700000000001264,1.9999999999997797,9,8.0,TP_HIT,2.700000000001264,2.4633499170812607,PARTIAL_PLUS_TP,6.447761194029851,0.18611111111111114,False
SHORT_8_002,8.0,SHORT,2024-01-15T13:58:00.000000000Z,12.400000000001299,0.5999999999994898,8,8.0,TP_HIT,4.400000000001299,2.4633499170812607,PARTIAL_PLUS_TP,6.447761194029851,0.18611111111111114,False
SHORT_8_002,8.0,SHORT,2024-01-15T13:59:00.000000000Z,12.199999999999989,0.8000000000008001,7,8.0,TP_HIT,4.199999999999989,2.4633499170812607,PARTIAL_PLUS_TP,6.447761194029851,0.18611111111111114,False
SHORT_8_002,8.0,SHORT,2024-01-15T14:00:00.000000000Z,11.800000000001809,1.1999999999989797,6,8.0,TP_HIT,3.800000000001809,2.4633499170812607,PARTIAL_PLUS_TP,6.447761194029851,0.18611111111111114,False
SHORT_8_002,8.0,SHORT,2024-01-15T14:01:00.000000000Z,13.000000000000789,0.0,5,8.0,TP_HIT,5.000000000000789,2.4633499170812607,PARTIAL_PLUS_TP,6.447761194029851,0.18611111111111114,False
SHORT_8_002,8.0,SHORT,2024-01-15T14:02:00.000000000Z,10.40000000000152,0.0,6,8.0,TP_HIT,2.400000000001519,2.4633499170812607,PARTIAL_PLUS_TP,6.447761194029851,0.18611111111111114,False
SHORT_8_002,8.0,SHORT,2024-01-15T14:03:00.000000000Z,9.00000000000123,0.0,16,8.0,TP_HIT,1.0000000000012292,2.4633499170812607,PARTIAL_PLUS_TP,6.447761194029851,0.18611111111111114,False
SHORT_8_002,8.0,SHORT,2024-01-15T14:04:00.000000000Z,8.40000000000174,0.0,93,8.0,TP_HIT,0.4000000000017394,2.4633499170812607,PARTIAL_PLUS_TP,6.447761194029851,0.18611111111111114,False
SHORT_8_002,8.0,SHORT,2024-01-15T14:05:00.000000000Z,5.20000000000076,2.9999999999996696,101,0.5999999999994898,TIMEOUT,0.0,0.5999999999994898,TIMEOUT,6.447761194029851,0.18611111111111114,False
SHORT_8_002,8.0,SHORT,2024-01-15T14:06:00.000000000Z,2.9999999999996696,5.20000000000076,101,-0.10000000000065512,TIMEOUT,0.0,-0.10000000000065512,TIMEOUT,6.447761194029851,0.18611111111111114,False
SHORT_8_002,8.0,SHORT,2024-01-15T14:07:00.000000000Z,2.500000000000835,5.699999999999594,101,-1.40000000000029,TIMEOUT,0.0,-1.40000000000029,TIMEOUT,6.447761194029851,0.18611111111111114,False
SHORT_8_002,8.0,SHORT,2024-01-15T14:08:00.000000000Z,1.80000000000069,6.399999999999739,101,-3.20000000000098,TIMEOUT,0.0,-3.20000000000098,TIMEOUT,6.447761194029851,0.18611111111111114,False
SHORT_8_002,8.0,SHORT,2024-01-15T14:09:00.000000000Z,2.80000000000058,5.399999999999849,101,-3.20000000000098,TIMEOUT,0.0,-3.20000000000098,TIMEOUT,6.447761194029851,0.18611111111111114,False
SHORT_8_002,8.0,SHORT,2024-01-15T14:10:00.000000000Z,1.9999999999997797,6.500000000000394,101,-6.500000000000394,TIMEOUT,0.0,-6.500000000000394,TIMEOUT,6.447761194029851,0.18611111111111114,False
SHORT_8_002,8.0,SHORT,2024-01-15T14:11:00.000000000Z,2.4000000000001798,6.399999999999739,101,-6.399999999999739,TIMEOUT,0.0,-6.399999999999739,TIMEOUT,6.447761194029851,0.18611111111111114,False
SHORT_8_002,8.0,SHORT,2024-01-15T14:12:00.000000000Z,2.20000000000109,6.599999999998829,101,-6.599999999998829,TIMEOUT,0.0,-6.599999999998829,TIMEOUT,6.447761194029851,0.18611111111111114,False
SHORT_8_002,8.0,SHORT,2024-01-15T14:13:00.000000000Z,2.300000000001745,7.899999999998464,101,-7.899999999998464,TIMEOUT,0.0,-7.899999999998464,TIMEOUT,6.447761194029851,0.18611111111111114,False
SHORT_8_002,8.0,SHORT,2024-01-15T14:14:00.000000000Z,1.500000000000945,9.299999999998754,101,-8.0,SL_HIT,0.0,-8.0,SL_HIT,6.447761194029851,0.18611111111111114,True
SHORT_8_002,8.0,SHORT,2024-01-15T14:15:00.000000000Z,2.4000000000001798,8.60000000000083,101,-8.0,SL_HIT,0.0,-8.0,SL_HIT,6.447761194029851,0.18611111111111114,True
SHORT_8_002,8.0,SHORT,2024-01-15T14:16:00.000000000Z,2.500000000000835,8.500000000000174,101,-8.0,SL_HIT,0.0,-8.0,SL_HIT,6.447761194029851,0.18611111111111114,True
SHORT_8_002,8.0,SHORT,2024-01-15T14:17:00.000000000Z,3.4000000000000696,8.40000000000174,101,-8.0,SL_HIT,0.0,-8.0,SL_HIT,6.447761194029851,0.18611111111111114,True
SHORT_8_002,8.0,SHORT,2024-01-15T14:18:00.000000000Z,1.9999999999997797,10.40000000000152,101,-8.0,SL_HIT,0.0,-8.0,SL_HIT,6.447761194029851,0.18611111111111114,True
SHORT_8_002,8.0,SHORT,2024-01-15T14:19:00.000000000Z,0.9999999999998899,11.400000000001409,101,-8.0,SL_HIT,0.0,-8.0,SL_HIT,6.447761194029851,0.18611111111111114,True
SHORT_8_002,8.0,SHORT,2024-01-15T14:20:00.000000000Z,0.9999999999998899,11.499999999999844,101,-8.0,SL_HIT,0.0,-8.0,SL_HIT,6.447761194029851,0.18611111111111114,True
SHORT_8_002,8.0,SHORT,2024-01-15T14:21:00.000000000Z,0.8000000000008001,11.699999999998933,101,-8.0,SL_HIT,0.0,-8.0,SL_HIT,6.447761194029851,0.18611111111111114,True
SHORT_8_002,8.0,SHORT,2024-01-15T14:22:00.000000000Z,2.500000000000835,9.999999999998899,101,-8.0,SL_HIT,0.0,-8.0,SL_HIT,6.447761194029851,0.18611111111111114,True
SHORT_8_002,8.0,SHORT,2024-01-15T14:23:00.000000000Z,3.20000000000098,9.299999999998754,101,-8.0,SL_HIT,0.0,-8.0,SL_HIT,6.447761194029851,0.18611111111111114,True
SHORT_8_002,8.0,SHORT,2024-01-15T14:24:00.000000000Z,4.20000000000087,8.299999999998864,101,-8.0,SL_HIT,0.0,-8.0,SL_HIT,6.447761194029851,0.18611111111111114,True
SHORT_8_002,8.0,SHORT,2024-01-15T14:25:00.000000000Z,2.80000000000058,9.699999999999154,101,-8.0,SL_HIT,0.0,-8.0,SL_HIT,6.447761194029851,0.18611111111111114,True
SHORT_8_002,8.0,SHORT,2024-01-15T14:26:00.000000000Z,4.699999999999704,7.800000000000029,101,-6.00000000000156,TIMEOUT,0.0,-6.00000000000156,TIMEOUT,6.447761194029851,0.18611111111111114,False
SHORT_8_002,8.0,SHORT,2024-01-15T14:27:00.000000000Z,4.3999999999999595,8.099999999999774,101,-8.0,SL_HIT,0.0,-8.0,SL_HIT,6.447761194029851,0.18611111111111114,True
SHORT_8_002,8.0,SHORT,2024-01-15T14:28:00.000000000Z,3.4000000000000696,9.099999999999664,101,-8.0,SL_HIT,0.0,-8.0,SL_HIT,6.447761194029851,0.18611111111111114,True
SHORT_8_002,8.0,SHORT,2024-01-15T14:29:00.000000000Z,3.60000000000138,8.899999999998354,101,-8.0,SL_HIT,0.0,-8.0,SL_HIT,6.447761194029851,0.18611111111111114,True
SHORT_8_002,8.0,SHORT,2024-01-15T14:30:00.000000000Z,5.20000000000076,7.299999999998974,101,-6.099999999999994,TIMEOUT,0.0,-6.099999999999994,TIMEOUT,6.447761194029851,0.18611111111111114,False
SHORT_8_002,8.0,SHORT,2024-01-15T14:31:00.000000000Z,4.20000000000087,8.299999999998864,101,-8.0,SL_HIT,0.0,-8.0,SL_HIT,6.447761194029851,0.18611111111111114,True
SHORT_8_002,8.0,SHORT,2024-01-15T14:32:00.000000000Z,3.60000000000138,8.899999999998354,101,-8.0,SL_HIT,0.0,-8.0,SL_HIT,6.447761194029851,0.18611111111111114,True
SHORT_8_002,8.0,SHORT,2024-01-15T14:33:00.000000000Z,4.20000000000087,8.299999999998864,101,-8.0,SL_HIT,0.0,-8.0,SL_HIT,6.447761194029851,0.18611111111111114,True
SHORT_8_002,8.0,SHORT,2024-01-15T14:34:00.000000000Z,3.6999999999998145,8.799999999999919,101,-8.0,SL_HIT,0.0,-8.0,SL_HIT,6.447761194029851,0.18611111111111114,True
SHORT_8_002,8.0,SHORT,2024-01-15T14:35:00.000000000Z,2.60000000000149,9.899999999998244,101,-8.0,SL_HIT,0.0,-8.0,SL_HIT,6.447761194029851,0.18611111111111114,True
SHORT_8_002,8.0,SHORT,2024-01-15T14:36:00.000000000Z,4.00000000000178,8.499999999997954,101,-8.0,SL_HIT,0.0,-8.0,SL_HIT,6.447761194029851,0.18611111111111114,True
SHORT_8_002,8.0,SHORT,2024-01-15T14:37:00.000000000Z,2.60000000000149,9.899999999998244,101,-8.0,SL_HIT,0.0,-8.0,SL_HIT,6.447761194029851,0.18611111111111114,True
SHORT_8_002,8.0,SHORT,2024-01-15T14:38:00.000000000Z,3.6999999999998145,8.799999999999919,101,-8.0,SL_HIT,0.0,-8.0,SL_HIT,6.447761194029851,0.18611111111111114,True
SHORT_8_002,8.0,SHORT,2024-01-15T14:39:00.000000000Z,4.60000000000127,7.899999999998464,101,-4.3999999999999595,TIMEOUT,0.0,-4.3999999999999595,TIMEOUT,6.447761194029851,0.18611111111111114,False
SHORT_8_002,8.0,SHORT,2024-01-15T14:40:00.000000000Z,4.60000000000127,7.899999999998464,101,-4.3999999999999595,TIMEOUT,0.0,-4.3999999999999595,TIMEOUT,6.447761194029851,0.18611111111111114,False
SHORT_8_002,8.0,SHORT,2024-01-15T14:41:00.000000000Z,4.60000000000127,7.899999999998464,101,-5.1000000000001044,TIMEOUT,0.0,-5.1000000000001044,TIMEOUT,6.447761194029851,0.18611111111111114,False
SHORT_8_002,8.0,SHORT,2024-01-15T14:42:00.000000000Z,4.3999999999999595,8.099999999999774,101,-8.0,SL_HIT,0.0,-8.0,SL_HIT,6.447761194029851,0.18611111111111114,True
SHORT_8_002,8.0,SHORT,2024-01-15T14:43:00.000000000Z,4.20000000000087,8.299999999998864,101,-8.0,SL_HIT,0.0,-8.0,SL_HIT,6.447761194029851,0.18611111111111114,True
SHORT_8_002,8.0,SHORT,2024-01-15T14:44:00.000000000Z,4.500000000000615,7.999999999999119,101,-6.099999999999994,TIMEOUT,0.0,-6.099999999999994,TIMEOUT,6.447761194029851,0.18611111111111114,False
SHORT_8_002,8.0,SHORT,2024-01-15T14:45:00.000000000Z,4.60000000000127,7.899999999998464,101,-5.899999999998684,TIMEOUT,0.0,-5.899999999998684,TIMEOUT,6.447761194029851,0.18611111111111114,False
SHORT_8_002,8.0,SHORT,2024-01-15T14:46:00.000000000Z,3.20000000000098,9.299999999998754,101,-8.0,SL_HIT,0.0,-8.0,SL_HIT,6.447761194029851,0.18611111111111114,True
SHORT_8_002,8.0,SHORT,2024-01-15T14:47:00.000000000Z,3.8000000000004697,9.600000000000719,101,-8.0,SL_HIT,0.0,-8.0,SL_HIT,6.447761194029851,0.18611111111111114,True
SHORT_8_002,8.0,SHORT,2024-01-15T14:48:00.000000000Z,4.00000000000178,9.500000000000064,101,-8.0,SL_HIT,0.0,-8.0,SL_HIT,6.447761194029851,0.18611111111111114,True
SHORT_8_002,8.0,SHORT,2024-01-15T14:49:00.000000000Z,3.1000000000003247,11.000000000001009,101,-8.0,SL_HIT,0.0,-8.0,SL_HIT,6.447761194029851,0.18611111111111114,True
SHORT_8_002,8.0,SHORT,2024-01-15T14:50:00.000000000Z,2.500000000000835,11.600000000000499,101,-8.0,SL_HIT,0.0,-8.0,SL_HIT,6.447761194029851,0.18611111111111114,True
SHORT_8_002,8.0,SHORT,2024-01-15T14:51:00.000000000Z,2.60000000000149,11.499999999999844,101,-8.0,SL_HIT,0.0,-8.0,SL_HIT,6.447761194029851,0.18611111111111114,True
SHORT_8_002,8.0,SHORT,2024-01-15T14:52:00.000000000Z,2.4000000000001798,11.700000000001154,101,-8.0,SL_HIT,0.0,-8.0,SL_HIT,6.447761194029851,0.18611111111111114,True
SHORT_8_002,8.0,SHORT,2024-01-15T14:53:00.000000000Z,2.60000000000149,11.499999999999844,101,-8.0,SL_HIT,0.0,-8.0,SL_HIT,6.447761194029851,0.18611111111111114,True
SHORT_8_002,8.0,SHORT,2024-01-15T14:54:00.000000000Z,2.4000000000001798,11.700000000001154,101,-8.0,SL_HIT,0.0,-8.0,SL_HIT,6.447761194029851,0.18611111111111114,True
SHORT_8_002,8.0,SHORT,2024-01-15T14:55:00.000000000Z,3.20000000000098,10.900000000000354,101,-8.0,SL_HIT,0.0,-8.0,SL_HIT,6.447761194029851,0.18611111111111114,True
SHORT_8_002,8.0,SHORT,2024-01-15T14:56:00.000000000Z,4.100000000000215,10.000000000001119,101,-8.0,SL_HIT,0.0,-8.0,SL_HIT,6.447761194029851,0.18611111111111114,True
SHORT_8_002,8.0,SHORT,2024-01-15T14:57:00.000000000Z,5.20000000000076,8.900000000000574,101,-8.0,SL_HIT,0.0,-8.0,SL_HIT,6.447761194029851,0.18611111111111114,True
SHORT_8_002,8.0,SHORT,2024-01-15T14:58:00.000000000Z,4.60000000000127,9.500000000000064,101,-8.0,SL_HIT,0.0,-8.0,SL_HIT,6.447761194029851,0.18611111111111114,True
SHORT_8_002,8.0,SHORT,2024-01-15T14:59:00.000000000Z,5.00000000000167,9.099999999999664,101,-8.0,SL_HIT,0.0,-8.0,SL_HIT,6.447761194029851,0.18611111111111114,True
SHORT_8_002,8.0,SHORT,2024-01-15T15:00:00.000000000Z,5.800000000000249,8.300000000001084,101,-8.0,SL_HIT,0.0,-8.0,SL_HIT,6.447761194029851,0.18611111111111114,True
SHORT_8_002,8.0,SHORT,2024-01-15T15:01:00.000000000Z,3.8000000000004697,10.300000000000864,101,-8.0,SL_HIT,0.0,-8.0,SL_HIT,6.447761194029851,0.18611111111111114,True
SHORT_8_002,8.0,SHORT,2024-01-15T15:02:00.000000000Z,3.4000000000000696,10.700000000001264,101,-8.0,SL_HIT,0.0,-8.0,SL_HIT,6.447761194029851,0.18611111111111114,True
SHORT_8_002,8.0,SHORT,2024-01-15T15:03:00.000000000Z,4.100000000000215,10.000000000001119,101,-8.0,SL_HIT,0.0,-8.0,SL_HIT,6.447761194029851,0.18611111111111114,True
SHORT_8_002,8.0,SHORT,2024-01-15T15:04:00.000000000Z,5.399999999999849,8.700000000001484,101,-8.0,SL_HIT,0.0,-8.0,SL_HIT,6.447761194029851,0.18611111111111114,True
SHORT_8_002,8.0,SHORT,2024-01-15T15:05:00.000000000Z,6.200000000000649,7.900000000000684,101,-3.20000000000098,TIMEOUT,0.0,-3.20000000000098,TIMEOUT,6.447761194029851,0.18611111111111114,False
SHORT_8_002,8.0,SHORT,2024-01-15T15:06:00.000000000Z,6.099999999999994,8.00000000000134,101,-8.0,SL_HIT,0.0,-8.0,SL_HIT,6.447761194029851,0.18611111111111114,True
SHORT_8_002,8.0,SHORT,2024-01-15T15:07:00.000000000Z,7.0000000000014495,7.099999999999884,101,-3.6999999999998145,TIMEOUT,0.0,1.2000000000000002,PARTIAL_ONLY,6.447761194029851,0.18611111111111114,False
SHORT_8_002,8.0,SHORT,2024-01-15T15:08:00.000000000Z,6.099999999999994,8.00000000000134,101,-8.0,SL_HIT,0.0,-8.0,SL_HIT,6.447761194029851,0.18611111111111114,True
SHORT_8_002,8.0,SHORT,2024-01-15T15:09:00.000000000Z,5.9000000000009045,8.20000000000043,101,-8.0,SL_HIT,0.0,-8.0,SL_HIT,6.447761194029851,0.18611111111111114,True
SHORT_8_002,8.0,SHORT,2024-01-15T15:10:00.000000000Z,5.1000000000001044,9.00000000000123,101,-8.0,SL_HIT,0.0,-8.0,SL_HIT,6.447761194029851,0.18611111111111114,True
SHORT_8_002,8.0,SHORT,2024-01-15T15:11:00.000000000Z,3.4000000000000696,10.700000000001264,101,-8.0,SL_HIT,0.0,-8.0,SL_HIT,6.447761194029851,0.18611111111111114,True
SHORT_8_002,8.0,SHORT,2024-01-15T15:12:00.000000000Z,0.8000000000008001,13.300000000000534,101,-8.0,SL_HIT,0.0,-8.0,SL_HIT,6.447761194029851,0.18611111111111114,True
SHORT_8_002,8.0,SHORT,2024-01-15T15:13:00.000000000Z,2.60000000000149,11.499999999999844,101,-8.0,SL_HIT,0.0,-8.0,SL_HIT,6.447761194029851,0.18611111111111114,True
SHORT_8_002,8.0,SHORT,2024-01-15T15:14:00.000000000Z,2.6999999999999247,11.400000000001409,101,-8.0,SL_HIT,0.0,-8.0,SL_HIT,6.447761194029851,0.18611111111111114,True
SHORT_8_002,8.0,SHORT,2024-01-15T15:15:00.000000000Z,3.5000000000007248,10.600000000000609,101,-8.0,SL_HIT,0.0,-8.0,SL_HIT,6.447761194029851,0.18611111111111114,True
SHORT_8_002,8.0,SHORT,2024-01-15T15:16:00.000000000Z,4.00000000000178,10.099999999999554,101,-8.0,SL_HIT,0.0,-8.0,SL_HIT,6.447761194029851,0.18611111111111114,True
SHORT_8_002,8.0,SHORT,2024-01-15T15:17:00.000000000Z,2.9999999999996696,11.100000000001664,101,-8.0,SL_HIT,0.0,-8.0,SL_HIT,6.447761194029851,0.18611111111111114,True
SHORT_8_002,8.0,SHORT,2024-01-15T15:18:00.000000000Z,2.80000000000058,11.300000000000754,101,-8.0,SL_HIT,0.0,-8.0,SL_HIT,6.447761194029851,0.18611111111111114,True
SHORT_8_002,8.0,SHORT,2024-01-15T15:19:00.000000000Z,2.80000000000058,11.300000000000754,101,-8.0,SL_HIT,0.0,-8.0,SL_HIT,6.447761194029851,0.18611111111111114,True
SHORT_8_002,8.0,SHORT,2024-01-15T15:20:00.000000000Z,2.500000000000835,11.600000000000499,101,-8.0,SL_HIT,0.0,-8.0,SL_HIT,6.447761194029851,0.18611111111111114,True
SHORT_8_002,8.0,SHORT,2024-01-15T15:21:00.000000000Z,2.60000000000149,11.499999999999844,101,-8.0,SL_HIT,0.0,-8.0,SL_HIT,6.447761194029851,0.18611111111111114,True
SHORT_8_002,8.0,SHORT,2024-01-15T15:22:00.000000000Z,4.8000000000003595,9.300000000000974,101,-8.0,SL_HIT,0.0,-8.0,SL_HIT,6.447761194029851,0.18611111111111114,True
SHORT_8_002,8.0,SHORT,2024-01-15T15:23:00.000000000Z,2.9999999999996696,11.100000000001664,101,-8.0,SL_HIT,0.0,-8.0,SL_HIT,6.447761194029851,0.18611111111111114,True
SHORT_8_002,8.0,SHORT,2024-01-15T15:24:00.000000000Z,5.00000000000167,9.099999999999664,101,-8.0,SL_HIT,0.0,-8.0,SL_HIT,6.447761194029851,0.18611111111111114,True
SHORT_8_002,8.0,SHORT,2024-01-15T15:25:00.000000000Z,7.600000000000939,6.500000000000394,101,-1.40000000000029,TIMEOUT,0.0,1.2000000000000002,PARTIAL_ONLY,6.447761194029851,0.18611111111111114,False
SHORT_8_002,8.0,SHORT,2024-01-15T15:26:00.000000000Z,8.20000000000043,5.9000000000009045,12,8.0,TP_HIT,0.20000000000042917,2.4633499170812607,PARTIAL_PLUS_TP,6.447761194029851,0.18611111111111114,False
SHORT_8_002,8.0,SHORT,2024-01-15T15:27:00.000000000Z,6.399999999999739,7.7000000000015945,101,-2.60000000000149,TIMEOUT,0.0,-2.60000000000149,TIMEOUT,6.447761194029851,0.18611111111111114,False
SHORT_8_002,8.0,SHORT,2024-01-15T15:28:00.000000000Z,6.00000000000156,8.099999999999774,101,-8.0,SL_HIT,0.0,-8.0,SL_HIT,6.447761194029851,0.18611111111111114,True
SHORT_8_002,8.0,SHORT,2024-01-15T15:29:00.000000000Z,6.900000000000794,7.200000000000539,101,-2.100000000000435,TIMEOUT,0.0,1.2000000000000002,PARTIAL_ONLY,6.447761194029851,0.18611111111111114,False
SHORT_8_002,8.0,SHORT,2024-01-15T15:30:00.000000000Z,4.60000000000127,9.500000000000064,101,-8.0,SL_HIT,0.0,-8.0,SL_HIT,6.447761194029851,0.18611111111111114,True
SHORT_8_002,8.0,SHORT,2024-01-15T15:31:00.000000000Z,4.00000000000178,10.099999999999554,101,-8.0,SL_HIT,0.0,-8.0,SL_HIT,6.447761194029851,0.18611111111111114,True
SHORT_8_002,8.0,SHORT,2024-01-15T15:32:00.000000000Z,3.8000000000004697,10.300000000000864,101,-8.0,SL_HIT,0.0,-8.0,SL_HIT,6.447761194029851,0.18611111111111114,True
SHORT_8_002,8.0,SHORT,2024-01-15T15:33:00.000000000Z,3.300000000001635,10.799999999999699,101,-8.0,SL_HIT,0.0,-8.0,SL_HIT,6.447761194029851,0.18611111111111114,True
SHORT_8_002,8.0,SHORT,2024-01-15T15:34:00.000000000Z,2.9999999999996696,11.100000000001664,101,-8.0,SL_HIT,0.0,-8.0,SL_HIT,6.447761194029851,0.18611111111111114,True
SHORT_8_002,8.0,SHORT,2024-01-15T15:35:00.000000000Z,2.500000000000835,11.600000000000499,101,-8.0,SL_HIT,0.0,-8.0,SL_HIT,6.447761194029851,0.18611111111111114,True
SHORT_8_002,8.0,SHORT,2024-01-15T15:36:00.000000000Z,1.6000000000016001,12.499999999999734,101,-8.0,SL_HIT,0.0,-8.0,SL_HIT,6.447761194029851,0.18611111111111114,True
SHORT_8_002,8.0,SHORT,2024-01-15T15:37:00.000000000Z,0.2999999999997449,13.800000000001589,101,-8.0,SL_HIT,0.0,-8.0,SL_HIT,6.447761194029851,0.18611111111111114,True
SHORT_8_002,8.0,SHORT,2024-01-15T15:38:00.000000000Z,0.0,14.100000000001334,101,-8.0,SL_HIT,0.0,-8.0,SL_HIT,6.447761194029851,0.18611111111111114,True
