cluster_id,distance,direction,timestamp,session,weekday,pre_range_pips,pre_trend_pips,pre_volatility,pre_speed,pre_efficiency,minutes_from_cluster_start,minutes_to_cluster_end,cluster_progress
LONG_1.5_001,1.5,LONG,2024-01-15T08:00:00.000000000Z,london,monday,0.0,0.0,0.0,0.0,0.0,0,24,0.0
LONG_1.5_001,1.5,LONG,2024-01-15T08:01:00.000000000Z,london,monday,0.1999999999990898,0.1999999999990898,0.1999999999990898,0.1999999999990898,1.0,1,23,0.041666666666666664
LONG_1.5_001,1.5,LONG,2024-01-15T08:02:00.000000000Z,london,monday,1.40000000000029,1.40000000000029,0.700000000000145,0.700000000000145,1.0,2,22,0.08333333333333333
LONG_1.5_001,1.5,LONG,2024-01-15T08:03:00.000000000Z,london,monday,3.4000000000000696,3.4000000000000696,1.1333333333333566,1.1333333333333566,1.0,3,21,0.125
LONG_1.5_001,1.5,LONG,2024-01-15T08:04:00.000000000Z,london,monday,3.4000000000000696,2.80000000000058,0.9999999999998899,0.9999999999998899,0.700000000000222,4,20,0.16666666666666666
LONG_1.5_001,1.5,LONG,2024-01-15T08:05:00.000000000Z,london,monday,3.4000000000000696,3.2999999999994145,0.8999999999996788,1.074999999999826,0.733333333333465,5,19,0.20833333333333334
LONG_1.5_001,1.5,LONG,2024-01-15T08:06:00.000000000Z,london,monday,3.4000000000000696,2.500000000000835,0.8833333333328289,0.974999999999171,0.471698113207974,6,18,0.25
LONG_1.5_001,1.5,LONG,2024-01-15T08:07:00.000000000Z,london,monday,3.4000000000000696,1.100000000000545,0.9571428571424663,0.8249999999992985,0.16417910447776032,7,17,0.2916666666666667
LONG_1.5_001,1.5,LONG,2024-01-15T08:08:00.000000000Z,london,monday,3.4000000000000696,3.1000000000003247,1.0874999999996304,1.174999999999371,0.3563218390806182,8,16,0.3333333333333333
LONG_1.5_001,1.5,LONG,2024-01-15T08:09:00.000000000Z,london,monday,5.20000000000076,5.20000000000076,1.1999999999997197,1.574999999999771,0.48148148148166425,9,15,0.375
LONG_1.5_001,1.5,LONG,2024-01-15T08:10:00.000000000Z,london,monday,5.20000000000076,5.20000000000076,1.0799999999997478,1.3750000000001261,0.48148148148166425,10,14,0.4166666666666667
LONG_1.5_001,1.5,LONG,2024-01-15T08:11:00.000000000Z,london,monday,6.40000000000196,6.40000000000196,1.1999999999998678,1.3750000000001261,0.5333333333335554,11,13,0.4583333333333333
LONG_1.5_001,1.5,LONG,2024-01-15T08:12:00.000000000Z,london,monday,5.5000000000005045,3.1000000000003247,1.2899999999997913,1.40000000000029,0.2403100775194439,12,12,0.5
LONG_1.5_001,1.5,LONG,2024-01-15T08:13:00.000000000Z,london,monday,5.5000000000005045,0.9999999999998899,1.0999999999998789,0.900000000000345,0.09090909090909091,13,11,0.5416666666666666
LONG_1.5_001,1.5,LONG,2024-01-15T08:14:00.000000000Z,london,monday,5.5000000000005045,3.4000000000000696,1.2199999999999989,1.3500000000005175,0.2786885245901699,14,10,0.5833333333333334
LONG_1.5_001,1.5,LONG,2024-01-15T08:15:00.000000000Z,london,monday,5.5000000000005045,3.300000000001635,1.2100000000001554,1.100000000000545,0.27272727272737285,15,9,0.625
LONG_1.5_001,1.5,LONG,2024-01-15T08:16:00.000000000Z,london,monday,5.5000000000005045,0.7999999999985796,1.460000000000461,1.400000000000845,0.05479452054783062,16,8,0.6666666666666666
LONG_1.5_001,1.5,LONG,2024-01-15T08:17:00.000000000Z,london,monday,5.5000000000005045,3.1000000000003247,1.4100000000005775,1.600000000001045,0.21985815602830178,17,7,0.7083333333333334
LONG_1.5_001,1.5,LONG,2024-01-15T08:18:00.000000000Z,london,monday,3.5000000000007248,0.8999999999992347,1.2300000000007305,1.2000000000012,0.0731707317072114,18,6,0.75
LONG_1.5_001,1.5,LONG,2024-01-15T08:19:00.000000000Z,london,monday,3.300000000001635,-0.9999999999998899,1.040000000000818,1.1500000000014277,0.09615384615375994,19,5,0.7916666666666666
LONG_1.5_001,1.5,LONG,2024-01-15T08:20:00.000000000Z,london,monday,3.300000000001635,-1.6000000000016001,1.100000000000989,0.4750000000014465,0.14545454545456013,20,4,0.8333333333333334
LONG_1.5_001,1.5,LONG,2024-01-15T08:21:00.000000000Z,london,monday,3.300000000001635,-1.900000000001345,1.0700000000010146,0.5250000000012189,0.17757009345790126,21,3,0.875
LONG_1.5_001,1.5,LONG,2024-01-15T08:22:00.000000000Z,london,monday,3.300000000001635,-0.700000000000145,0.9500000000008946,0.7000000000007001,0.07368421052626166,22,2,0.9166666666666666
LONG_1.5_001,1.5,LONG,2024-01-15T08:23:00.000000000Z,london,monday,3.300000000001635,0.10000000000065512,1.0100000000008436,0.8250000000004087,0.009900990099066495,23,1,0.9583333333333334
LONG_1.5_001,1.5,LONG,2024-01-15T08:24:00.000000000Z,london,monday,3.5000000000007248,0.5999999999994898,1.060000000000727,1.2499999999998623,0.05660377358481871,24,0,1.0
LONG_1.5_002,1.5,LONG,2024-01-15T08:32:00.000000000Z,london,monday,5.20000000000076,-2.20000000000109,1.1399999999999189,1.5999999999999348,0.19298245614046022,0,15,0.0
LONG_1.5_002,1.5,LONG,2024-01-15T08:33:00.000000000Z,london,monday,5.20000000000076,-2.80000000000058,1.0799999999999699,1.4249999999998986,0.2592592592593202,1,14,0.06666666666666667
LONG_1.5_002,1.5,LONG,2024-01-15T08:34:00.000000000Z,london,monday,5.20000000000076,-5.20000000000076,0.8600000000000829,0.6000000000000449,0.6046511627907277,2,13,0.13333333333333333
LONG_1.5_002,1.5,LONG,2024-01-15T08:35:00.000000000Z,london,monday,5.00000000000167,-4.900000000001015,0.8500000000002395,0.4250000000005638,0.5764705882352511,3,12,0.2
LONG_1.5_002,1.5,LONG,2024-01-15T08:36:00.000000000Z,london,monday,5.399999999999849,-5.399999999999849,0.9000000000001229,0.20000000000020002,0.5999999999999013,4,11,0.26666666666666666
LONG_1.5_002,1.5,LONG,2024-01-15T08:37:00.000000000Z,london,monday,4.999999999999449,-4.500000000000615,0.9099999999999664,0.2999999999997449,0.4945054945055803,5,10,0.3333333333333333
LONG_1.5_002,1.5,LONG,2024-01-15T08:38:00.000000000Z,london,monday,4.3999999999999595,-2.100000000000435,0.8699999999999264,0.5249999999995536,0.24137931034489798,6,9,0.4
LONG_1.5_002,1.5,LONG,2024-01-15T08:39:00.000000000Z,london,monday,4.3999999999999595,-1.900000000001345,0.8899999999998354,0.7499999999993623,0.21348314606760635,7,8,0.4666666666666667
LONG_1.5_002,1.5,LONG,2024-01-15T08:40:00.000000000Z,london,monday,2.4999999999986144,1.0999999999983245,0.5899999999998684,0.7249999999997536,0.1864406779658593,8,7,0.5333333333333333
LONG_1.5_002,1.5,LONG,2024-01-15T08:41:00.000000000Z,london,monday,2.4999999999986144,-1.5999999999993797,0.6999999999999229,1.074999999999826,0.22857142857136514,9,6,0.6
LONG_1.5_002,1.5,LONG,2024-01-15T08:42:00.000000000Z,london,monday,2.4999999999986144,0.6000000000017103,0.6399999999999739,1.0250000000000536,0.09375000000027105,10,5,0.6666666666666666
LONG_1.5_002,1.5,LONG,2024-01-15T08:43:00.000000000Z,london,monday,2.4999999999986144,1.2999999999996348,0.7099999999997664,0.9749999999997261,0.18309859154930458,11,4,0.7333333333333333
LONG_1.5_002,1.5,LONG,2024-01-15T08:44:00.000000000Z,london,monday,2.4999999999986144,1.7000000000000348,0.7299999999996754,0.9499999999995623,0.23287671232887547,12,3,0.8
LONG_1.5_002,1.5,LONG,2024-01-15T08:45:00.000000000Z,london,monday,2.4999999999986144,-0.10000000000065512,0.8899999999996133,0.8999999999997899,0.011235955056258266,13,2,0.8666666666666667
LONG_1.5_002,1.5,LONG,2024-01-15T08:46:00.000000000Z,london,monday,2.4999999999986144,1.5999999999993797,0.9599999999998499,0.9999999999998899,0.1666666666666281,14,1,0.9333333333333333
LONG_1.5_002,1.5,LONG,2024-01-15T08:47:00.000000000Z,london,monday,2.2999999999995246,1.500000000000945,0.9500000000000064,0.900000000000345,0.15789473684220368,15,0,1.0
LONG_1.5_003,1.5,LONG,2024-01-15T09:02:00.000000000Z,london,monday,5.800000000000249,-5.800000000000249,0.7199999999996098,1.1499999999997623,0.8055555555560268,0,28,0.0
LONG_1.5_003,1.5,LONG,2024-01-15T09:03:00.000000000Z,london,monday,5.699999999999594,-5.1000000000001044,0.7099999999995443,1.174999999999926,0.7183098591554052,1,27,0.03571428571428571
LONG_1.5_003,1.5,LONG,2024-01-15T09:04:00.000000000Z,london,monday,5.699999999999594,-4.899999999998794,0.7299999999996754,0.9999999999998899,0.6712328767124621,2,26,0.07142857142857142
LONG_1.5_003,1.5,LONG,2024-01-15T09:05:00.000000000Z,london,monday,4.599999999999049,-3.5999999999991594,0.5999999999997119,0.7250000000003087,0.6000000000001481,3,25,0.10714285714285714
LONG_1.5_003,1.5,LONG,2024-01-15T09:06:00.000000000Z,london,monday,4.599999999999049,-2.4000000000001798,0.6799999999997919,0.4500000000001725,0.3529411764707227,4,24,0.14285714285714285
LONG_1.5_003,1.5,LONG,2024-01-15T09:07:00.000000000Z,london,monday,4.599999999999049,-2.900000000001235,0.7299999999998974,0.5000000000005,0.39726027397282776,5,23,0.17857142857142858
LONG_1.5_003,1.5,LONG,2024-01-15T09:08:00.000000000Z,london,monday,4.599999999999049,-3.9999999999995595,0.7600000000000939,0.5500000000002725,0.5263157894735612,6,22,0.21428571428571427
LONG_1.5_003,1.5,LONG,2024-01-15T09:09:00.000000000Z,london,monday,4.3999999999999595,-3.20000000000098,0.8000000000001339,0.700000000000145,0.40000000000005553,7,21,0.25
LONG_1.5_003,1.5,LONG,2024-01-15T09:10:00.000000000Z,london,monday,3.1999999999987594,-1.7999999999984695,0.700000000000145,0.5000000000005,0.2571428571425852,8,20,0.2857142857142857
LONG_1.5_003,1.5,LONG,2024-01-15T09:11:00.000000000Z,london,monday,2.100000000000435,-0.40000000000040004,0.620000000000287,0.4500000000001725,0.06451612903229273,9,19,0.32142857142857145
LONG_1.5_003,1.5,LONG,2024-01-15T09:12:00.000000000Z,london,monday,1.9999999999997797,1.9999999999997797,0.440000000000218,0.3500000000000725,0.4545454545451793,10,18,0.35714285714285715
LONG_1.5_003,1.5,LONG,2024-01-15T09:13:00.000000000Z,london,monday,1.7000000000000348,0.0,0.580000000000247,0.6250000000002087,0.0,11,17,0.39285714285714285
LONG_1.5_003,1.5,LONG,2024-01-15T09:14:00.000000000Z,london,monday,1.7000000000000348,0.4999999999988347,0.6300000000001305,0.8249999999998536,0.07936507936487797,12,16,0.42857142857142855
LONG_1.5_003,1.5,LONG,2024-01-15T09:15:00.000000000Z,london,monday,1.7000000000000348,-0.20000000000131024,0.700000000000145,0.9249999999999536,0.028571428571609832,13,15,0.4642857142857143
LONG_1.5_003,1.5,LONG,2024-01-15T09:16:00.000000000Z,london,monday,2.4000000000001798,-2.20000000000109,0.700000000000145,1.0999999999999899,0.31428571428580493,14,14,0.5
LONG_1.5_003,1.5,LONG,2024-01-15T09:17:00.000000000Z,london,monday,2.8999999999990145,-2.1999999999988695,0.6999999999999229,0.7999999999996898,0.3142857142855874,15,13,0.5357142857142857
LONG_1.5_003,1.5,LONG,2024-01-15T09:18:00.000000000Z,london,monday,3.4000000000000696,-1.9999999999997797,0.6800000000000139,0.6749999999999812,0.2941176470587851,16,12,0.5714285714285714
LONG_1.5_003,1.5,LONG,2024-01-15T09:19:00.000000000Z,london,monday,3.4000000000000696,-1.5999999999993797,0.7200000000000539,0.7499999999999174,0.22222222222211943,17,11,0.6071428571428571
LONG_1.5_003,1.5,LONG,2024-01-15T09:20:00.000000000Z,london,monday,3.4000000000000696,-2.100000000000435,0.7299999999998974,0.5749999999998812,0.28767123287681234,18,10,0.6428571428571429
LONG_1.5_003,1.5,LONG,2024-01-15T09:21:00.000000000Z,london,monday,3.4000000000000696,-0.700000000000145,0.8699999999999264,0.8750000000001812,0.080459770114966,19,9,0.6785714285714286
LONG_1.5_003,1.5,LONG,2024-01-15T09:22:00.000000000Z,london,monday,3.4000000000000696,-1.100000000000545,0.8500000000000174,0.7750000000000812,0.12941176470594382,20,8,0.7142857142857143
LONG_1.5_003,1.5,LONG,2024-01-15T09:23:00.000000000Z,london,monday,2.6999999999999247,0.10000000000065512,0.7299999999998974,0.6499999999998174,0.013698630137077969,21,7,0.75
LONG_1.5_003,1.5,LONG,2024-01-15T09:24:00.000000000Z,london,monday,2.6999999999999247,-1.100000000000545,0.6500000000000394,0.6250000000002087,0.16923076923084282,22,6,0.7857142857142857
LONG_1.5_003,1.5,LONG,2024-01-15T09:25:00.000000000Z,london,monday,2.4000000000001798,-1.1999999999989797,0.6599999999998829,0.3999999999998449,0.18181818181805948,23,5,0.8214285714285714
LONG_1.5_003,1.5,LONG,2024-01-15T09:26:00.000000000Z,london,monday,2.4000000000001798,0.9999999999998899,0.6799999999997919,0.6749999999994261,0.14705882352944058,24,4,0.8571428571428571
LONG_1.5_003,1.5,LONG,2024-01-15T09:27:00.000000000Z,london,monday,2.4000000000001798,1.4999999999987246,0.6299999999999084,0.5499999999997174,0.23809523809507027,25,3,0.8928571428571429
LONG_1.5_003,1.5,LONG,2024-01-15T09:28:00.000000000Z,london,monday,2.4000000000001798,1.5999999999993797,0.6199999999998429,0.5999999999994898,0.2580645161289976,26,2,0.9285714285714286
LONG_1.5_003,1.5,LONG,2024-01-15T09:29:00.000000000Z,london,monday,1.7000000000000348,0.5000000000010552,0.5299999999996974,0.4249999999994536,0.09433962264176239,27,1,0.9642857142857143
LONG_1.5_003,1.5,LONG,2024-01-15T09:30:00.000000000Z,london,monday,2.80000000000058,2.80000000000058,0.6999999999997009,0.6249999999996536,0.40000000000025376,28,0,1.0
LONG_1.5_004,1.5,LONG,2024-01-15T09:37:00.000000000Z,london,monday,9.500000000000064,-7.999999999999119,1.1999999999998678,1.8999999999996797,0.6666666666666666,0,196,0.0
LONG_1.5_004,1.5,LONG,2024-01-15T09:38:00.000000000Z,london,monday,10.799999999999699,-8.899999999998354,1.2899999999997913,1.774999999999971,0.6899224806201391,1,195,0.00510204081632653
LONG_1.5_004,1.5,LONG,2024-01-15T09:39:00.000000000Z,london,monday,10.799999999999699,-6.6000000000010495,1.4999999999998348,1.6999999999994797,0.4400000000001184,2,194,0.01020408163265306
LONG_1.5_004,1.5,LONG,2024-01-15T09:40:00.000000000Z,london,monday,10.799999999999699,-8.900000000000574,1.3299999999998313,1.7499999999992522,0.6691729323309551,3,193,0.015306122448979591
LONG_1.5_004,1.5,LONG,2024-01-15T09:41:00.000000000Z,london,monday,9.299999999998754,-6.900000000000794,1.2299999999996203,1.074999999999271,0.5609756097563353,4,192,0.02040816326530612
LONG_1.5_004,1.5,LONG,2024-01-15T09:42:00.000000000Z,london,monday,8.899999999998354,-6.899999999998574,1.2299999999993982,0.8499999999989072,0.560975609756256,5,191,0.025510204081632654
LONG_1.5_004,1.5,LONG,2024-01-15T09:43:00.000000000Z,london,monday,8.899999999998354,-7.199999999998319,1.2599999999993727,0.37499999999912603,0.5714285714287225,6,190,0.030612244897959183
LONG_1.5_004,1.5,LONG,2024-01-15T09:44:00.000000000Z,london,monday,7.099999999999884,-6.399999999999739,1.1799999999995148,0.5499999999991623,0.5423728813561332,7,189,0.03571428571428571
LONG_1.5_004,1.5,LONG,2024-01-15T09:45:00.000000000Z,london,monday,4.599999999999049,-2.8999999999990145,1.0299999999994203,0.6749999999994261,0.2815533980583152,8,188,0.04081632653061224
LONG_1.5_004,1.5,LONG,2024-01-15T09:46:00.000000000Z,london,monday,4.499999999998394,-3.1000000000003247,1.0499999999995513,0.6500000000003725,0.29523809523825234,9,187,0.04591836734693878
LONG_1.5_004,1.5,LONG,2024-01-15T09:47:00.000000000Z,london,monday,3.1999999999987594,-2.100000000000435,0.9499999999995623,1.1250000000001537,0.221052631579095,10,186,0.05102040816326531
LONG_1.5_004,1.5,LONG,2024-01-15T09:48:00.000000000Z,london,monday,3.1999999999987594,0.09999999999843467,0.9099999999995223,1.0999999999999899,0.010989010988844744,11,185,0.05612244897959184
LONG_1.5_004,1.5,LONG,2024-01-15T09:49:00.000000000Z,london,monday,3.1999999999987594,-0.2999999999997449,0.8699999999997043,1.30000000000019,0.03448275862067205,12,184,0.061224489795918366
LONG_1.5_004,1.5,LONG,2024-01-15T09:50:00.000000000Z,london,monday,3.1999999999987594,-0.8999999999992347,0.9299999999996533,1.4499999999995072,0.09677419354834088,13,183,0.0663265306122449
LONG_1.5_004,1.5,LONG,2024-01-15T09:51:00.000000000Z,london,monday,3.1999999999987594,-2.8999999999990145,1.0299999999998644,1.2750000000000261,0.28155339805819385,14,182,0.07142857142857142
LONG_1.5_004,1.5,LONG,2024-01-15T09:52:00.000000000Z,london,monday,2.80000000000058,-2.100000000000435,1.0300000000000864,1.1500000000003174,0.20388349514565618,15,181,0.07653061224489796
LONG_1.5_004,1.5,LONG,2024-01-15T09:53:00.000000000Z,london,monday,2.6999999999999247,-1.2000000000012,1.060000000000061,0.8500000000000174,0.11320754716991803,16,180,0.08163265306122448
LONG_1.5_004,1.5,LONG,2024-01-15T09:54:00.000000000Z,london,monday,2.6999999999999247,0.1999999999990898,1.000000000000112,0.7250000000003087,0.01999999999990674,17,179,0.08673469387755102
LONG_1.5_004,1.5,LONG,2024-01-15T09:55:00.000000000Z,london,monday,3.6999999999998145,1.1999999999989797,1.100000000000101,0.8500000000000174,0.10909090909080632,18,178,0.09183673469387756
LONG_1.5_004,1.5,LONG,2024-01-15T09:56:00.000000000Z,london,monday,3.6999999999998145,1.3000000000018552,1.0899999999998133,0.7999999999996898,0.11926605504606219,19,177,0.09693877551020408
LONG_1.5_004,1.5,LONG,2024-01-15T09:57:00.000000000Z,london,monday,3.6999999999998145,2.500000000000835,0.9699999999999154,0.8999999999997899,0.25773195876299515,20,176,0.10204081632653061
LONG_1.5_004,1.5,LONG,2024-01-15T09:58:00.000000000Z,london,monday,3.4000000000000696,0.8000000000008001,0.9600000000000719,0.9999999999998899,0.08333333333341043,21,175,0.10714285714285714
LONG_1.5_004,1.5,LONG,2024-01-15T09:59:00.000000000Z,london,monday,3.4000000000000696,-0.1999999999990898,0.8600000000000829,0.700000000000145,0.02325581395338029,22,174,0.11224489795918367
LONG_1.5_004,1.5,LONG,2024-01-15T10:00:00.000000000Z,london,monday,3.8999999999989043,-1.9999999999997797,1.040000000000152,1.3250000000003537,0.19230769230764302,23,173,0.11734693877551021
LONG_1.5_004,1.5,LONG,2024-01-15T10:01:00.000000000Z,london,monday,3.8999999999989043,-0.4999999999988347,0.8900000000000574,1.0750000000003812,0.05617977528076432,24,172,0.12244897959183673
LONG_1.5_004,1.5,LONG,2024-01-15T10:02:00.000000000Z,london,monday,4.999999999999449,-1.9999999999997797,0.9600000000000719,1.1500000000003174,0.2083333333332948,25,171,0.12755102040816327
LONG_1.5_004,1.5,LONG,2024-01-15T10:03:00.000000000Z,london,monday,5.999999999999339,-3.5999999999991594,1.000000000000112,1.2000000000000899,0.35999999999987564,26,170,0.1326530612244898
LONG_1.5_004,1.5,LONG,2024-01-15T10:04:00.000000000Z,london,monday,7.500000000000284,-5.5000000000005045,1.1100000000001664,0.900000000000345,0.4954954954954667,27,169,0.1377551020408163
LONG_1.5_004,1.5,LONG,2024-01-15T10:05:00.000000000Z,london,monday,7.500000000000284,-6.999999999999229,0.960000000000294,1.0250000000006088,0.7291666666663631,28,168,0.14285714285714285
LONG_1.5_004,1.5,LONG,2024-01-15T10:06:00.000000000Z,london,monday,7.300000000001194,-6.099999999999994,1.0100000000003995,0.9250000000005087,0.6039603960393646,29,167,0.14795918367346939
LONG_1.5_004,1.5,LONG,2024-01-15T10:07:00.000000000Z,london,monday,6.300000000001305,-5.300000000001415,0.9300000000005415,0.7250000000008638,0.5698924731180999,30,166,0.15306122448979592
LONG_1.5_004,1.5,LONG,2024-01-15T10:08:00.000000000Z,london,monday,6.300000000001305,-4.60000000000127,0.860000000000527,0.37500000000079137,0.5348837209300524,31,165,0.15816326530612246
LONG_1.5_004,1.5,LONG,2024-01-15T10:09:00.000000000Z,london,monday,7.4000000000018495,-7.4000000000018495,0.980000000000425,0.7500000000004725,0.7551020408161878,32,164,0.16326530612244897
LONG_1.5_004,1.5,LONG,2024-01-15T10:10:00.000000000Z,london,monday,5.700000000001815,-5.700000000001815,0.8100000000004215,0.8250000000004087,0.7037037037035616,33,163,0.1683673469387755
LONG_1.5_004,1.5,LONG,2024-01-15T10:11:00.000000000Z,london,monday,5.700000000001815,-4.900000000001015,0.8900000000005015,0.9750000000002812,0.5505617977526127,34,162,0.17346938775510204
LONG_1.5_004,1.5,LONG,2024-01-15T10:12:00.000000000Z,london,monday,5.20000000000076,-5.20000000000076,0.920000000000476,1.30000000000019,0.565217391304138,35,161,0.17857142857142858
LONG_1.5_004,1.5,LONG,2024-01-15T10:13:00.000000000Z,london,monday,4.20000000000087,-3.9999999999995595,0.840000000000618,0.8500000000005725,0.4761904761900734,36,160,0.1836734693877551
LONG_1.5_004,1.5,LONG,2024-01-15T10:14:00.000000000Z,london,monday,3.900000000001125,-1.80000000000069,0.760000000000316,0.7750000000000812,0.2368421052631502,37,159,0.18877551020408162
LONG_1.5_004,1.5,LONG,2024-01-15T10:15:00.000000000Z,london,monday,4.500000000000615,-3.8000000000004697,0.8600000000000829,0.9499999999995623,0.44186046511629107,38,158,0.19387755102040816
LONG_1.5_004,1.5,LONG,2024-01-15T10:16:00.000000000Z,london,monday,4.700000000001925,-4.700000000001925,0.8100000000001994,0.6499999999998174,0.5802469135803416,39,157,0.1989795918367347
LONG_1.5_004,1.5,LONG,2024-01-15T10:17:00.000000000Z,london,monday,5.699999999999594,-5.699999999999594,0.9099999999999664,0.8999999999992347,0.6263736263736049,40,156,0.20408163265306123
LONG_1.5_004,1.5,LONG,2024-01-15T10:18:00.000000000Z,london,monday,7.299999999998974,-7.299999999998974,1.0699999999999044,1.1499999999997623,0.6822429906541707,41,155,0.20918367346938777
LONG_1.5_004,1.5,LONG,2024-01-15T10:19:00.000000000Z,london,monday,5.299999999999194,-4.3999999999999595,0.9599999999998499,0.9999999999998899,0.4583333333334008,42,154,0.21428571428571427
LONG_1.5_004,1.5,LONG,2024-01-15T10:20:00.000000000Z,london,monday,5.1000000000001044,-4.199999999998649,0.9399999999997188,1.1499999999992072,0.4468085106382878,43,153,0.2193877551020408
LONG_1.5_004,1.5,LONG,2024-01-15T10:21:00.000000000Z,london,monday,5.1000000000001044,-4.599999999999049,0.8999999999996788,0.9499999999995623,0.5111111111111879,44,152,0.22448979591836735
LONG_1.5_004,1.5,LONG,2024-01-15T10:22:00.000000000Z,london,monday,4.899999999998794,-3.9999999999995595,0.8399999999997299,0.7249999999997536,0.4761904761905769,45,151,0.22959183673469388
LONG_1.5_004,1.5,LONG,2024-01-15T10:23:00.000000000Z,london,monday,4.899999999998794,-3.8000000000004697,0.8599999999996388,0.6000000000000449,0.4418604651165193,46,150,0.23469387755102042
LONG_1.5_004,1.5,LONG,2024-01-15T10:24:00.000000000Z,london,monday,4.899999999998794,-3.9999999999995595,0.8399999999997299,0.5250000000001087,0.4761904761905769,47,149,0.23979591836734693
LONG_1.5_004,1.5,LONG,2024-01-15T10:25:00.000000000Z,london,monday,3.4000000000000696,-1.500000000000945,0.7899999999998464,0.6749999999999812,0.18987341772167554,48,148,0.24489795918367346
LONG_1.5_004,1.5,LONG,2024-01-15T10:26:00.000000000Z,london,monday,3.1999999999987594,-1.7999999999984695,0.8199999999995988,0.5999999999994898,0.21951219512187198,49,147,0.25
LONG_1.5_004,1.5,LONG,2024-01-15T10:27:00.000000000Z,london,monday,1.9999999999997797,-0.5000000000010552,0.7099999999995443,0.5249999999989985,0.07042253521146141,50,146,0.25510204081632654
LONG_1.5_004,1.5,LONG,2024-01-15T10:28:00.000000000Z,london,monday,2.4000000000001798,2.100000000000435,0.6299999999996864,0.6249999999996536,0.3333333333335683,51,145,0.2602040816326531
LONG_1.5_004,1.5,LONG,2024-01-15T10:29:00.000000000Z,london,monday,2.4000000000001798,0.5000000000010552,0.6099999999997774,0.5499999999997174,0.08196721311495699,52,144,0.2653061224489796
LONG_1.5_004,1.5,LONG,2024-01-15T10:30:00.000000000Z,london,monday,4.599999999999049,4.199999999998649,0.8199999999998209,1.1499999999997623,0.5121951219511667,53,143,0.27040816326530615
LONG_1.5_004,1.5,LONG,2024-01-15T10:31:00.000000000Z,london,monday,4.599999999999049,2.5999999999992696,0.8999999999996788,1.4249999999998986,0.28888888888891084,54,142,0.2755102040816326
LONG_1.5_004,1.5,LONG,2024-01-15T10:32:00.000000000Z,london,monday,4.599999999999049,3.4000000000000696,0.8199999999995988,1.1999999999995348,0.4146341463416748,55,141,0.28061224489795916
LONG_1.5_004,1.5,LONG,2024-01-15T10:33:00.000000000Z,london,monday,4.199999999998649,3.5999999999991594,0.8399999999995078,1.174999999999371,0.42857142857157965,56,140,0.2857142857142857
LONG_1.5_004,1.5,LONG,2024-01-15T10:34:00.000000000Z,london,monday,3.6999999999998145,1.500000000000945,0.9499999999995623,0.8499999999994623,0.15789473684227748,57,139,0.29081632653061223
LONG_1.5_004,1.5,LONG,2024-01-15T10:35:00.000000000Z,london,monday,3.1999999999987594,-0.2999999999997449,0.9299999999996533,0.7499999999999174,0.03225806451611363,58,138,0.29591836734693877
LONG_1.5_004,1.5,LONG,2024-01-15T10:36:00.000000000Z,london,monday,3.1999999999987594,0.1999999999990898,0.8799999999997699,0.7499999999999174,0.02272727272717524,59,137,0.3010204081632653
LONG_1.5_004,1.5,LONG,2024-01-15T10:37:00.000000000Z,london,monday,3.1000000000003247,0.9000000000014552,0.9500000000000064,0.800000000000245,0.09473684210541569,60,136,0.30612244897959184
LONG_1.5_004,1.5,LONG,2024-01-15T10:38:00.000000000Z,london,monday,2.9999999999996696,0.0,0.8599999999998609,0.40000000000040004,0.0,61,135,0.3112244897959184
LONG_1.5_004,1.5,LONG,2024-01-15T10:39:00.000000000Z,london,monday,2.9999999999996696,1.7000000000000348,0.8899999999998354,0.4500000000001725,0.19101123595509542,62,134,0.3163265306122449
LONG_1.5_004,1.5,LONG,2024-01-15T10:40:00.000000000Z,london,monday,2.9999999999996696,-1.7000000000000348,0.6500000000000394,0.5750000000004363,0.261538461538451,63,133,0.32142857142857145
LONG_1.5_004,1.5,LONG,2024-01-15T10:41:00.000000000Z,london,monday,2.4000000000001798,-0.5999999999994898,0.5399999999999849,0.3999999999998449,0.11111111111101973,64,132,0.32653061224489793
LONG_1.5_004,1.5,LONG,2024-01-15T10:42:00.000000000Z,london,monday,2.4000000000001798,-0.20000000000131024,0.5799999999998029,0.4999999999993898,0.03448275862092728,65,131,0.33163265306122447
LONG_1.5_004,1.5,LONG,2024-01-15T10:43:00.000000000Z,london,monday,2.4000000000001798,-1.9999999999997797,0.6399999999997519,0.5499999999991623,0.31250000000008676,66,130,0.336734693877551
LONG_1.5_004,1.5,LONG,2024-01-15T10:44:00.000000000Z,london,monday,1.80000000000069,0.10000000000065512,0.5299999999999194,0.5499999999991623,0.01886792452842836,67,129,0.34183673469387754
LONG_1.5_004,1.5,LONG,2024-01-15T10:45:00.000000000Z,london,monday,1.80000000000069,0.9000000000014552,0.4499999999998394,0.5249999999995536,0.20000000000039475,68,128,0.3469387755102041
LONG_1.5_004,1.5,LONG,2024-01-15T10:46:00.000000000Z,london,monday,1.900000000001345,-0.10000000000065512,0.5500000000000504,0.6750000000005363,0.018181818181935625,69,127,0.3520408163265306
LONG_1.5_004,1.5,LONG,2024-01-15T10:47:00.000000000Z,london,monday,1.900000000001345,-0.9000000000014552,0.46999999999997044,0.37500000000079137,0.19148936170244932,70,126,0.35714285714285715
LONG_1.5_004,1.5,LONG,2024-01-15T10:48:00.000000000Z,london,monday,1.900000000001345,-0.5999999999994898,0.500000000000167,0.3250000000010189,0.11999999999985789,71,125,0.3622448979591837
LONG_1.5_004,1.5,LONG,2024-01-15T10:49:00.000000000Z,london,monday,1.900000000001345,-0.8999999999992347,0.4700000000001925,0.5000000000010552,0.1914893617018864,72,124,0.3673469387755102
LONG_1.5_004,1.5,LONG,2024-01-15T10:50:00.000000000Z,london,monday,1.900000000001345,0.5000000000010552,0.5100000000000104,0.47500000000033626,0.0980392156864794,73,123,0.37244897959183676
LONG_1.5_004,1.5,LONG,2024-01-15T10:51:00.000000000Z,london,monday,4.00000000000178,2.6999999999999247,0.7100000000002105,1.000000000000445,0.3802816901407217,74,122,0.37755102040816324
LONG_1.5_004,1.5,LONG,2024-01-15T10:52:00.000000000Z,london,monday,4.00000000000178,1.40000000000029,0.760000000000538,1.1500000000003174,0.1842105263156972,75,121,0.3826530612244898
LONG_1.5_004,1.5,LONG,2024-01-15T10:53:00.000000000Z,london,monday,4.00000000000178,2.80000000000058,0.6600000000007711,1.0250000000006088,0.42424242424201647,76,120,0.3877551020408163
LONG_1.5_004,1.5,LONG,2024-01-15T10:54:00.000000000Z,london,monday,4.00000000000178,2.3999999999979593,0.620000000000509,0.8250000000004087,0.38709677419290145,77,119,0.39285714285714285
LONG_1.5_004,1.5,LONG,2024-01-15T10:55:00.000000000Z,london,monday,4.40000000000218,3.4000000000000696,0.7200000000007201,0.5500000000008276,0.47222222222175964,78,118,0.3979591836734694
LONG_1.5_004,1.5,LONG,2024-01-15T10:56:00.000000000Z,london,monday,5.800000000000249,5.800000000000249,0.760000000000316,0.6749999999999812,0.7631578947365576,79,117,0.4030612244897959
LONG_1.5_004,1.5,LONG,2024-01-15T10:57:00.000000000Z,london,monday,5.9000000000009045,5.9000000000009045,0.7700000000003815,0.6499999999998174,0.766233766233504,80,116,0.40816326530612246
LONG_1.5_004,1.5,LONG,2024-01-15T10:58:00.000000000Z,london,monday,5.599999999998939,5.599999999998939,0.740000000000185,0.6250000000002087,0.7567567567564243,81,115,0.413265306122449
LONG_1.5_004,1.5,LONG,2024-01-15T10:59:00.000000000Z,london,monday,4.899999999998794,3.8999999999989043,0.7700000000001594,0.6249999999996536,0.5064935064932593,82,114,0.41836734693877553
LONG_1.5_004,1.5,LONG,2024-01-15T11:00:00.000000000Z,london,monday,4.199999999998649,4.199999999998649,0.8000000000001339,0.5749999999998812,0.5249999999997432,83,113,0.42346938775510207
LONG_1.5_004,1.5,LONG,2024-01-15T11:01:00.000000000Z,london,monday,3.4000000000000696,2.4999999999986144,0.6300000000001305,0.6499999999998174,0.3968253968250947,84,112,0.42857142857142855
LONG_1.5_004,1.5,LONG,2024-01-15T11:02:00.000000000Z,london,monday,3.4000000000000696,2.900000000001235,0.5899999999998684,0.7749999999995261,0.4915254237291325,85,111,0.4336734693877551
LONG_1.5_004,1.5,LONG,2024-01-15T11:03:00.000000000Z,london,monday,3.1999999999987594,3.1999999999987594,0.6199999999996209,0.6499999999992623,0.5161290322581801,86,110,0.4387755102040816
LONG_1.5_004,1.5,LONG,2024-01-15T11:04:00.000000000Z,london,monday,3.300000000001635,3.300000000001635,0.6299999999999084,0.3999999999998449,0.5238095238098595,87,109,0.44387755102040816
LONG_1.5_004,1.5,LONG,2024-01-15T11:05:00.000000000Z,london,monday,2.2999999999995246,1.4999999999987246,0.6099999999997774,0.49999999999994493,0.24590163934414294,88,108,0.4489795918367347
LONG_1.5_004,1.5,LONG,2024-01-15T11:06:00.000000000Z,london,monday,1.80000000000069,-0.09999999999843467,0.4899999999998794,0.4250000000000087,0.020408163264991692,89,107,0.45408163265306123
LONG_1.5_004,1.5,LONG,2024-01-15T11:07:00.000000000Z,london,monday,1.80000000000069,-0.1999999999990898,0.4799999999998139,0.3000000000003,0.04166666666649319,90,106,0.45918367346938777
LONG_1.5_004,1.5,LONG,2024-01-15T11:08:00.000000000Z,london,monday,1.80000000000069,0.8000000000008001,0.5799999999998029,0.49999999999994493,0.13793103448294344,91,105,0.4642857142857143
LONG_1.5_004,1.5,LONG,2024-01-15T11:09:00.000000000Z,london,monday,1.80000000000069,1.40000000000029,0.5199999999998539,0.3999999999998449,0.2692307692309006,92,104,0.46938775510204084
LONG_1.5_004,1.5,LONG,2024-01-15T11:10:00.000000000Z,london,monday,0.9999999999998899,0.30000000000196536,0.41000000000002146,0.37500000000023626,0.0731707317077926,93,103,0.4744897959183674
LONG_1.5_004,1.5,LONG,2024-01-15T11:11:00.000000000Z,london,monday,0.9999999999998899,-0.7999999999985796,0.43999999999999595,0.5500000000002725,0.1818181818178607,94,102,0.47959183673469385
LONG_1.5_004,1.5,LONG,2024-01-15T11:12:00.000000000Z,london,monday,0.9999999999998899,0.2999999999997449,0.45000000000006146,0.4500000000001725,0.06666666666660087,95,101,0.4846938775510204
LONG_1.5_004,1.5,LONG,2024-01-15T11:13:00.000000000Z,london,monday,1.40000000000029,0.6000000000017103,0.480000000000258,0.5500000000002725,0.12500000000028913,96,100,0.4897959183673469
LONG_1.5_004,1.5,LONG,2024-01-15T11:14:00.000000000Z,london,monday,1.5999999999993797,0.5999999999994898,0.48000000000003595,0.5749999999998812,0.12499999999988436,97,99,0.49489795918367346
LONG_1.5_004,1.5,LONG,2024-01-15T11:15:00.000000000Z,london,monday,1.5999999999993797,0.8999999999992347,0.45000000000006146,0.5250000000001087,0.1999999999998026,98,98,0.5
LONG_1.5_004,1.5,LONG,2024-01-15T11:16:00.000000000Z,london,monday,1.5999999999993797,1.5999999999993797,0.480000000000258,0.5000000000005,0.33333333333302495,99,97,0.5051020408163265
LONG_1.5_004,1.5,LONG,2024-01-15T11:17:00.000000000Z,london,monday,1.5999999999993797,1.5999999999993797,0.480000000000258,0.3000000000003,0.33333333333302495,100,96,0.5102040816326531
LONG_1.5_004,1.5,LONG,2024-01-15T11:18:00.000000000Z,london,monday,1.7999999999984695,0.7999999999985796,0.400000000000178,0.3000000000003,0.19999999999955592,101,95,0.5153061224489796
LONG_1.5_004,1.5,LONG,2024-01-15T11:19:00.000000000Z,london,monday,1.7999999999984695,-0.2999999999997449,0.5100000000000104,0.5499999999997174,0.05882352941171348,102,94,0.5204081632653061
LONG_1.5_004,1.5,LONG,2024-01-15T11:20:00.000000000Z,london,monday,1.7999999999984695,0.0,0.5399999999999849,0.5249999999995536,0.0,103,93,0.5255102040816326
LONG_1.5_004,1.5,LONG,2024-01-15T11:21:00.000000000Z,london,monday,1.7999999999984695,0.9999999999998899,0.49999999999994493,0.5999999999994898,0.2,104,92,0.5306122448979592
LONG_1.5_004,1.5,LONG,2024-01-15T11:22:00.000000000Z,london,monday,1.4999999999987246,-0.20000000000131024,0.500000000000167,0.700000000000145,0.04000000000024869,105,91,0.5357142857142857
LONG_1.5_004,1.5,LONG,2024-01-15T11:23:00.000000000Z,london,monday,1.8999999999991246,0.7999999999985796,0.600000000000156,0.7750000000006363,0.13333333333306194,106,90,0.5408163265306123
LONG_1.5_004,1.5,LONG,2024-01-15T11:24:00.000000000Z,london,monday,1.8999999999991246,0.40000000000040004,0.600000000000156,0.7250000000003087,0.06666666666671602,107,89,0.5459183673469388
LONG_1.5_004,1.5,LONG,2024-01-15T11:25:00.000000000Z,london,monday,3.1000000000003247,2.300000000001745,0.6900000000000794,1.000000000000445,0.33333333333354787,108,88,0.5510204081632653
LONG_1.5_004,1.5,LONG,2024-01-15T11:26:00.000000000Z,london,monday,3.2999999999994145,1.9999999999997797,0.6599999999998829,0.8999999999997899,0.3030303030303234,109,87,0.5561224489795918
LONG_1.5_004,1.5,LONG,2024-01-15T11:27:00.000000000Z,london,monday,3.5999999999991594,2.2999999999995246,0.6899999999998574,0.5249999999995536,0.3333333333333333,110,86,0.5612244897959183
LONG_1.5_004,1.5,LONG,2024-01-15T11:28:00.000000000Z,london,monday,3.5999999999991594,1.900000000001345,0.6899999999998574,0.5249999999995536,0.27536231884083157,111,85,0.5663265306122449
LONG_1.5_004,1.5,LONG,2024-01-15T11:29:00.000000000Z,london,monday,5.1000000000001044,5.1000000000001044,0.7099999999999884,0.5999999999994898,0.718309859154956,112,84,0.5714285714285714
LONG_1.5_004,1.5,LONG,2024-01-15T11:30:00.000000000Z,london,monday,5.00000000000167,4.100000000000215,0.7299999999998974,0.6999999999995898,0.5616438356165467,113,83,0.576530612244898
LONG_1.5_004,1.5,LONG,2024-01-15T11:31:00.000000000Z,london,monday,5.20000000000076,4.599999999999049,0.7799999999997809,0.8249999999992985,0.5897435897436335,114,82,0.5816326530612245
LONG_1.5_004,1.5,LONG,2024-01-15T11:32:00.000000000Z,london,monday,5.40000000000207,5.40000000000207,0.7399999999997409,0.8249999999998536,0.729729729730265,115,81,0.5867346938775511
LONG_1.5_004,1.5,LONG,2024-01-15T11:33:00.000000000Z,london,monday,3.8000000000004697,2.60000000000149,0.6599999999996609,0.6499999999998174,0.39393939393982214,116,80,0.5918367346938775
LONG_1.5_004,1.5,LONG,2024-01-15T11:34:00.000000000Z,london,monday,3.8000000000004697,1.100000000000545,0.8099999999997554,0.9249999999999536,0.13580246913591076,117,79,0.5969387755102041
LONG_1.5_004,1.5,LONG,2024-01-15T11:35:00.000000000Z,london,monday,2.6999999999999247,-0.20000000000131024,0.6799999999995698,0.7499999999999174,0.029411764706093642,118,78,0.6020408163265306
LONG_1.5_004,1.5,LONG,2024-01-15T11:36:00.000000000Z,london,monday,2.6999999999999247,1.5999999999993797,0.8599999999996388,1.1999999999995348,0.18604651162791297,119,77,0.6071428571428571
LONG_1.5_004,1.5,LONG,2024-01-15T11:37:00.000000000Z,london,monday,2.6999999999999247,1.900000000001345,0.8899999999998354,1.0999999999999899,0.21348314606760635,120,76,0.6122448979591837
LONG_1.5_004,1.5,LONG,2024-01-15T11:38:00.000000000Z,london,monday,3.9999999999995595,3.4000000000000696,0.9999999999998899,0.9999999999998899,0.34000000000004443,121,75,0.6173469387755102
LONG_1.5_004,1.5,LONG,2024-01-15T11:39:00.000000000Z,london,monday,3.9999999999995595,1.5999999999993797,0.8399999999999519,1.000000000000445,0.19047619047612754,122,74,0.6224489795918368
LONG_1.5_004,1.5,LONG,2024-01-15T11:40:00.000000000Z,london,monday,4.799999999998139,3.0999999999981043,0.8699999999999264,0.7250000000003087,0.35632183908027204,123,73,0.6275510204081632
LONG_1.5_004,1.5,LONG,2024-01-15T11:41:00.000000000Z,london,monday,4.799999999998139,-0.5999999999994898,1.0799999999999699,1.2999999999996348,0.05555555555550987,124,72,0.6326530612244898
LONG_1.5_004,1.5,LONG,2024-01-15T11:42:00.000000000Z,london,monday,4.799999999998139,-0.700000000000145,1.0699999999999044,0.9999999999998899,0.06542056074768295,125,71,0.6377551020408163
LONG_1.5_004,1.5,LONG,2024-01-15T11:43:00.000000000Z,london,monday,4.799999999998139,0.7999999999985796,1.0199999999997988,1.0999999999994348,0.07843137254889582,126,70,0.6428571428571429
LONG_1.5_004,1.5,LONG,2024-01-15T11:44:00.000000000Z,london,monday,4.799999999998139,2.2999999999995246,0.8699999999997043,0.9249999999993985,0.2643678160919892,127,69,0.6479591836734694
LONG_1.5_004,1.5,LONG,2024-01-15T11:45:00.000000000Z,london,monday,4.699999999999704,0.20000000000131024,1.0599999999998388,0.6999999999995898,0.01886792452842836,128,68,0.6530612244897959
LONG_1.5_004,1.5,LONG,2024-01-15T11:46:00.000000000Z,london,monday,5.499999999998284,-2.7999999999983594,0.9599999999998499,0.9249999999993985,0.2916666666665414,129,67,0.6581632653061225
LONG_1.5_004,1.5,LONG,2024-01-15T11:47:00.000000000Z,london,monday,5.499999999998284,-0.8000000000008001,1.1599999999996058,1.4499999999995072,0.06896551724147172,130,66,0.6632653061224489
LONG_1.5_004,1.5,LONG,2024-01-15T11:48:00.000000000Z,london,monday,5.499999999998284,-1.9999999999997797,1.0399999999997078,1.4249999999998986,0.19230769230772515,131,65,0.6683673469387755
LONG_1.5_004,1.5,LONG,2024-01-15T11:49:00.000000000Z,london,monday,5.499999999998284,-3.4000000000000696,1.1799999999997368,1.30000000000019,0.28813559322040916,132,64,0.673469387755102
LONG_1.5_004,1.5,LONG,2024-01-15T11:50:00.000000000Z,london,monday,5.499999999998284,-4.299999999999304,1.0899999999998133,1.0500000000002174,0.39449541284404044,133,63,0.6785714285714286
LONG_1.5_004,1.5,LONG,2024-01-15T11:51:00.000000000Z,london,monday,3.1999999999987594,-1.500000000000945,0.8099999999999774,0.4250000000005638,0.18518518518530702,134,62,0.6836734693877551
LONG_1.5_004,1.5,LONG,2024-01-15T11:52:00.000000000Z,london,monday,4.599999999999049,-4.100000000000215,1.0499999999997733,1.0250000000000536,0.3904761904762952,135,61,0.6887755102040817
LONG_1.5_004,1.5,LONG,2024-01-15T11:53:00.000000000Z,london,monday,4.599999999999049,-3.9999999999995595,1.0599999999998388,0.7999999999996898,0.37735849056605353,136,60,0.6938775510204082
LONG_1.5_004,1.5,LONG,2024-01-15T11:54:00.000000000Z,london,monday,4.3999999999999595,-3.60000000000138,1.0599999999998388,0.8499999999994623,0.3396226415096158,137,59,0.6989795918367347
LONG_1.5_004,1.5,LONG,2024-01-15T11:55:00.000000000Z,london,monday,4.100000000000215,-1.3000000000018552,0.8899999999998354,0.8999999999992347,0.14606741573057255,138,58,0.7040816326530612
LONG_1.5_004,1.5,LONG,2024-01-15T11:56:00.000000000Z,london,monday,4.100000000000215,1.1999999999989797,0.9399999999999409,0.6499999999998174,0.1276595744679846,139,57,0.7091836734693877
LONG_1.5_004,1.5,LONG,2024-01-15T11:57:00.000000000Z,london,monday,4.299999999999304,0.2999999999997449,0.8500000000000174,0.9249999999999536,0.03529411764702809,140,56,0.7142857142857143
LONG_1.5_004,1.5,LONG,2024-01-15T11:58:00.000000000Z,london,monday,4.8000000000003595,0.700000000000145,0.8900000000000574,1.000000000000445,0.07865168539326964,141,55,0.7193877551020408
LONG_1.5_004,1.5,LONG,2024-01-15T11:59:00.000000000Z,london,monday,4.8000000000003595,0.8000000000008001,0.8799999999999919,1.2750000000005812,0.09090909090918266,142,54,0.7244897959183674
LONG_1.5_004,1.5,LONG,2024-01-15T12:00:00.000000000Z,london,monday,4.8000000000003595,0.5000000000010552,0.9099999999999664,0.9750000000002812,0.054945054945172926,143,53,0.7295918367346939
LONG_1.5_004,1.5,LONG,2024-01-15T12:01:00.000000000Z,london,monday,4.8000000000003595,0.2999999999997449,0.9300000000000974,0.6250000000007638,0.03225806451609822,144,52,0.7346938775510204
LONG_1.5_004,1.5,LONG,2024-01-15T12:02:00.000000000Z,london,monday,4.8000000000003595,2.9999999999996696,0.700000000000367,0.5500000000008276,0.42857142857115665,145,51,0.7397959183673469
LONG_1.5_004,1.5,LONG,2024-01-15T12:03:00.000000000Z,london,monday,4.20000000000087,2.1999999999988695,0.660000000000549,0.2500000000010827,0.3333333333328848,146,50,0.7448979591836735
LONG_1.5_004,1.5,LONG,2024-01-15T12:04:00.000000000Z,london,monday,5.5000000000005045,5.5000000000005045,0.9900000000007125,1.0500000000013276,0.5555555555552066,147,49,0.75
LONG_1.5_004,1.5,LONG,2024-01-15T12:05:00.000000000Z,london,monday,6.700000000001705,6.700000000001705,1.1100000000008325,1.3500000000010726,0.6036036036033045,148,48,0.7551020408163265
LONG_1.5_004,1.5,LONG,2024-01-15T12:06:00.000000000Z,london,monday,5.20000000000076,4.900000000001015,0.9900000000007125,1.3750000000006812,0.49494949494924123,149,47,0.7602040816326531
LONG_1.5_004,1.5,LONG,2024-01-15T12:07:00.000000000Z,london,monday,5.00000000000167,2.6999999999999247,0.8700000000008146,1.4500000000006175,0.31034482758590765,150,46,0.7653061224489796
LONG_1.5_004,1.5,LONG,2024-01-15T12:08:00.000000000Z,london,monday,5.00000000000167,2.5999999999992696,0.860000000000749,0.6750000000005363,0.3023255813950006,151,45,0.7704081632653061
LONG_1.5_004,1.5,LONG,2024-01-15T12:09:00.000000000Z,london,monday,6.500000000000394,5.899999999998684,0.9100000000006325,0.7750000000000812,0.6483516483510531,152,44,0.7755102040816326
LONG_1.5_004,1.5,LONG,2024-01-15T12:10:00.000000000Z,london,monday,6.800000000000139,6.499999999998174,0.9100000000006325,0.7750000000000812,0.7142857142850171,153,43,0.7806122448979592
LONG_1.5_004,1.5,LONG,2024-01-15T12:11:00.000000000Z,london,monday,7.200000000000539,7.200000000000539,0.920000000000476,0.7499999999999174,0.7826086956518277,154,42,0.7857142857142857
LONG_1.5_004,1.5,LONG,2024-01-15T12:12:00.000000000Z,london,monday,7.900000000000684,7.699999999999374,0.9700000000003595,0.8249999999998536,0.793814432989332,155,41,0.7908163265306123
LONG_1.5_004,1.5,LONG,2024-01-15T12:13:00.000000000Z,london,monday,9.40000000000163,9.40000000000163,1.100000000000323,0.7250000000003087,0.8545454545453518,156,40,0.7959183673469388
LONG_1.5_004,1.5,LONG,2024-01-15T12:14:00.000000000Z,london,monday,6.500000000000394,6.500000000000394,0.8100000000001994,0.800000000000245,0.8024691358023203,157,39,0.8010204081632653
LONG_1.5_004,1.5,LONG,2024-01-15T12:15:00.000000000Z,london,monday,5.800000000000249,4.999999999999449,0.660000000000105,0.700000000000145,0.7575757575755537,158,38,0.8061224489795918
LONG_1.5_004,1.5,LONG,2024-01-15T12:16:00.000000000Z,london,monday,5.800000000000249,5.199999999998539,0.640000000000196,0.5500000000002725,0.8124999999995229,159,37,0.8112244897959183
LONG_1.5_004,1.5,LONG,2024-01-15T12:17:00.000000000Z,london,monday,6.999999999999229,6.999999999999229,0.7200000000000539,0.49999999999994493,0.9722222222220424,160,36,0.8163265306122449
LONG_1.5_004,1.5,LONG,2024-01-15T12:18:00.000000000Z,london,monday,7.200000000000539,7.200000000000539,0.740000000000185,0.5000000000005,0.9729729729728027,161,35,0.8214285714285714
LONG_1.5_004,1.5,LONG,2024-01-15T12:19:00.000000000Z,london,monday,5.300000000001415,2.9999999999996696,0.780000000000447,1.0750000000009363,0.38461538461512185,162,34,0.826530612244898
LONG_1.5_004,1.5,LONG,2024-01-15T12:20:00.000000000Z,london,monday,5.00000000000167,2.80000000000058,0.760000000000538,1.0750000000009363,0.3684210526313944,163,33,0.8316326530612245
LONG_1.5_004,1.5,LONG,2024-01-15T12:21:00.000000000Z,london,monday,4.60000000000127,2.9999999999996696,0.780000000000447,0.9000000000009001,0.38461538461512185,164,32,0.8367346938775511
LONG_1.5_004,1.5,LONG,2024-01-15T12:22:00.000000000Z,london,monday,3.900000000001125,1.2999999999996348,0.8100000000004215,1.000000000000445,0.16049382716036523,165,31,0.8418367346938775
LONG_1.5_004,1.5,LONG,2024-01-15T12:23:00.000000000Z,london,monday,4.20000000000087,-1.80000000000069,0.820000000000265,0.8249999999998536,0.21951219512196443,166,30,0.8469387755102041
LONG_1.5_004,1.5,LONG,2024-01-15T12:24:00.000000000Z,london,monday,4.60000000000127,-2.80000000000058,0.800000000000356,0.8999999999997899,0.3499999999999167,167,29,0.8520408163265306
LONG_1.5_004,1.5,LONG,2024-01-15T12:25:00.000000000Z,london,monday,5.00000000000167,-3.20000000000098,0.840000000000396,0.8500000000000174,0.38095238095231804,168,28,0.8571428571428571
LONG_1.5_004,1.5,LONG,2024-01-15T12:26:00.000000000Z,london,monday,5.00000000000167,-1.1999999999989797,1.020000000000465,1.0750000000003812,0.11764705882337574,169,27,0.8622448979591837
LONG_1.5_004,1.5,LONG,2024-01-15T12:27:00.000000000Z,london,monday,5.20000000000076,-4.599999999999049,1.100000000000545,1.200000000000645,0.41818181818152456,170,26,0.8673469387755102
LONG_1.5_004,1.5,LONG,2024-01-15T12:28:00.000000000Z,london,monday,6.00000000000156,-6.00000000000156,1.120000000000454,1.300000000000745,0.5357142857142079,171,25,0.8724489795918368
LONG_1.5_004,1.5,LONG,2024-01-15T12:29:00.000000000Z,london,monday,4.3999999999999595,-3.6999999999998145,0.8900000000002795,1.200000000000645,0.4157303370785003,172,24,0.8775510204081632
LONG_1.5_004,1.5,LONG,2024-01-15T12:30:00.000000000Z,london,monday,5.599999999998939,-4.999999999999449,1.000000000000112,1.0250000000000536,0.499999999999889,173,23,0.8826530612244898
LONG_1.5_004,1.5,LONG,2024-01-15T12:31:00.000000000Z,london,monday,5.800000000000249,-5.800000000000249,0.960000000000294,0.5500000000002725,0.6041666666665076,174,22,0.8877551020408163
LONG_1.5_004,1.5,LONG,2024-01-15T12:32:00.000000000Z,london,monday,4.8000000000003595,-4.599999999999049,0.880000000000436,0.40000000000040004,0.5227272727269057,175,21,0.8928571428571429
LONG_1.5_004,1.5,LONG,2024-01-15T12:33:00.000000000Z,london,monday,6.500000000000394,-5.399999999999849,0.960000000000516,1.000000000000445,0.5624999999996819,176,20,0.8979591836734694
LONG_1.5_004,1.5,LONG,2024-01-15T12:34:00.000000000Z,london,monday,6.500000000000394,-0.7999999999985796,1.340000000000563,1.7500000000009175,0.059701492537182356,177,19,0.9030612244897959
LONG_1.5_004,1.5,LONG,2024-01-15T12:35:00.000000000Z,london,monday,6.500000000000394,-1.3999999999980695,1.400000000000512,1.9500000000005624,0.09999999999982553,178,18,0.9081632653061225
LONG_1.5_004,1.5,LONG,2024-01-15T12:36:00.000000000Z,london,monday,6.500000000000394,-2.60000000000149,1.28000000000017,2.074999999999716,0.20312500000008946,179,17,0.9132653061224489
LONG_1.5_004,1.5,LONG,2024-01-15T12:37:00.000000000Z,london,monday,4.3999999999999595,-1.40000000000029,1.1600000000000499,1.6999999999994797,0.12068965517243359,180,16,0.9183673469387755
LONG_1.5_004,1.5,LONG,2024-01-15T12:38:00.000000000Z,london,monday,4.20000000000087,-2.5999999999992696,1.2799999999999478,1.1499999999992072,0.2031249999999512,181,15,0.923469387755102
LONG_1.5_004,1.5,LONG,2024-01-15T12:39:00.000000000Z,london,monday,4.599999999999049,0.9999999999998899,1.6399999999998638,1.7999999999990246,0.06097560975609591,182,14,0.9285714285714286
LONG_1.5_004,1.5,LONG,2024-01-15T12:40:00.000000000Z,london,monday,8.60000000000083,6.200000000000649,1.9200000000001438,2.6249999999999885,0.3229166666666763,183,13,0.9336734693877551
LONG_1.5_004,1.5,LONG,2024-01-15T12:41:00.000000000Z,london,monday,11.200000000000099,9.00000000000123,2.1599999999999397,3.049999999999997,0.4166666666667352,184,12,0.9387755102040817
LONG_1.5_004,1.5,LONG,2024-01-15T12:42:00.000000000Z,london,monday,11.200000000000099,5.899999999998684,2.429999999999932,3.275000000000361,0.24279835390941765,185,11,0.9438775510204082
LONG_1.5_004,1.5,LONG,2024-01-15T12:43:00.000000000Z,london,monday,11.200000000000099,9.799999999999809,2.3400000000000087,2.7500000000008074,0.41880341880340904,186,10,0.9489795918367347
LONG_1.5_004,1.5,LONG,2024-01-15T12:44:00.000000000Z,london,monday,10.200000000000209,3.1999999999987594,2.1599999999999397,2.3500000000004073,0.14814814814809485,187,9,0.9540816326530612
LONG_1.5_004,1.5,LONG,2024-01-15T12:45:00.000000000Z,london,monday,10.200000000000209,3.9999999999995595,2.0799999999998597,1.7500000000003624,0.1923076923076841,188,8,0.9591836734693877
LONG_1.5_004,1.5,LONG,2024-01-15T12:46:00.000000000Z,london,monday,10.200000000000209,1.7000000000000348,2.1700000000002273,1.4250000000004537,0.0783410138248782,189,7,0.9642857142857143
LONG_1.5_004,1.5,LONG,2024-01-15T12:47:00.000000000Z,london,monday,10.200000000000209,3.5999999999991594,2.180000000000293,1.30000000000019,0.16513761467883833,190,6,0.9693877551020408
LONG_1.5_004,1.5,LONG,2024-01-15T12:48:00.000000000Z,london,monday,10.200000000000209,5.999999999999339,2.020000000000355,0.800000000000245,0.29702970297021214,191,5,0.9744897959183674
LONG_1.5_004,1.5,LONG,2024-01-15T12:49:00.000000000Z,london,monday,6.6000000000010495,3.8000000000004697,1.800000000000468,1.100000000000545,0.21111111111108233,192,4,0.9795918367346939
LONG_1.5_004,1.5,LONG,2024-01-15T12:50:00.000000000Z,london,monday,5.60000000000116,0.700000000000145,1.4900000000004354,0.9250000000005087,0.04697986577180808,193,3,0.9846938775510204
LONG_1.5_004,1.5,LONG,2024-01-15T12:51:00.000000000Z,london,monday,5.60000000000116,-3.4000000000000696,1.380000000000603,1.0500000000007725,0.2463768115941003,194,2,0.9897959183673469
LONG_1.5_004,1.5,LONG,2024-01-15T12:52:00.000000000Z,london,monday,4.20000000000087,0.700000000000145,1.2100000000003774,1.2500000000004174,0.057851239669415425,195,1,0.9948979591836735
LONG_1.5_004,1.5,LONG,2024-01-15T12:53:00.000000000Z,london,monday,4.3999999999999595,0.1999999999990898,1.160000000000272,1.1500000000003174,0.01724137931026232,196,0,1.0
LONG_1.5_005,1.5,LONG,2024-01-15T13:00:00.000000000Z,london,monday,6.099999999999994,-5.40000000000207,1.1799999999999589,1.5750000000003261,0.45762711864425915,0,214,0.0
LONG_1.5_005,1.5,LONG,2024-01-15T13:01:00.000000000Z,london,monday,6.099999999999994,-2.5999999999992696,1.1600000000000499,1.300000000000745,0.22413793103441015,1,213,0.004672897196261682
LONG_1.5_005,1.5,LONG,2024-01-15T13:02:00.000000000Z,london,monday,6.099999999999994,-4.199999999998649,1.080000000000192,1.300000000000745,0.3888888888886947,2,212,0.009345794392523364
LONG_1.5_005,1.5,LONG,2024-01-15T13:03:00.000000000Z,london,monday,6.199999999998429,-6.199999999998429,1.080000000000192,1.400000000000845,0.5740740740738266,3,211,0.014018691588785047
LONG_1.5_005,1.5,LONG,2024-01-15T13:04:00.000000000Z,london,monday,7.599999999998719,-7.599999999998719,1.220000000000221,1.0250000000006088,0.6229508196719133,4,210,0.018691588785046728
LONG_1.5_005,1.5,LONG,2024-01-15T13:05:00.000000000Z,london,monday,6.200000000000649,-4.8000000000003595,1.220000000000443,1.0500000000002174,0.3934426229507063,5,209,0.02336448598130841
LONG_1.5_005,1.5,LONG,2024-01-15T13:06:00.000000000Z,london,monday,6.00000000000156,-6.00000000000156,1.340000000000563,1.3500000000005175,0.44776119402977904,6,208,0.028037383177570093
LONG_1.5_005,1.5,LONG,2024-01-15T13:07:00.000000000Z,london,monday,4.999999999999449,-3.9999999999995595,1.140000000000363,1.2000000000000899,0.3508771929823058,7,207,0.03271028037383177
LONG_1.5_005,1.5,LONG,2024-01-15T13:08:00.000000000Z,london,monday,6.399999999999739,-5.800000000000249,1.240000000000352,1.2000000000000899,0.4677419354837583,8,206,0.037383177570093455
LONG_1.5_005,1.5,LONG,2024-01-15T13:09:00.000000000Z,london,monday,9.00000000000123,-9.00000000000123,1.440000000000552,1.50000000000039,0.6249999999998458,9,205,0.04205607476635514
LONG_1.5_005,1.5,LONG,2024-01-15T13:10:00.000000000Z,london,monday,7.4000000000018495,-4.299999999999304,1.3300000000004975,1.5500000000001624,0.3233082706765185,10,204,0.04672897196261682
LONG_1.5_005,1.5,LONG,2024-01-15T13:11:00.000000000Z,london,monday,7.4000000000018495,-4.20000000000087,1.340000000000341,1.80000000000069,0.31343283582088066,11,203,0.0514018691588785
LONG_1.5_005,1.5,LONG,2024-01-15T13:12:00.000000000Z,london,monday,7.0000000000014495,-4.999999999999449,1.4200000000001989,1.7500000000003624,0.3521126760562499,12,202,0.056074766355140186
LONG_1.5_005,1.5,LONG,2024-01-15T13:13:00.000000000Z,london,monday,6.00000000000156,-4.8000000000003595,1.40000000000029,1.30000000000019,0.34285714285709756,13,201,0.06074766355140187
LONG_1.5_005,1.5,LONG,2024-01-15T13:14:00.000000000Z,london,monday,6.00000000000156,-3.4000000000000696,1.260000000000261,0.8500000000000174,0.2698412698412195,14,200,0.06542056074766354
LONG_1.5_005,1.5,LONG,2024-01-15T13:15:00.000000000Z,london,monday,6.00000000000156,-5.399999999999849,1.180000000000181,0.6499999999998174,0.45762711864398486,15,199,0.07009345794392523
LONG_1.5_005,1.5,LONG,2024-01-15T13:16:00.000000000Z,london,monday,4.3999999999999595,-1.5999999999993797,1.2399999999999078,0.8999999999997899,0.12903225806447569,16,198,0.07476635514018691
LONG_1.5_005,1.5,LONG,2024-01-15T13:17:00.000000000Z,london,monday,4.00000000000178,-0.20000000000131024,1.3000000000000789,0.9499999999995623,0.01538461538471524,17,197,0.0794392523364486
LONG_1.5_005,1.5,LONG,2024-01-15T13:18:00.000000000Z,london,monday,3.8000000000004697,1.100000000000545,1.1699999999998933,0.974999999999171,0.09401709401714917,18,196,0.08411214953271028
LONG_1.5_005,1.5,LONG,2024-01-15T13:19:00.000000000Z,london,monday,5.60000000000116,5.60000000000116,1.0999999999996568,1.2999999999990797,0.5090909090911734,19,195,0.08878504672897196
LONG_1.5_005,1.5,LONG,2024-01-15T13:20:00.000000000Z,london,monday,4.999999999999449,3.8000000000004697,0.9199999999995878,0.7499999999993623,0.41304347826110566,20,194,0.09345794392523364
LONG_1.5_005,1.5,LONG,2024-01-15T13:21:00.000000000Z,london,monday,4.999999999999449,2.4000000000001798,0.7799999999995588,0.4999999999993898,0.3076923076925048,21,193,0.09813084112149532
LONG_1.5_005,1.5,LONG,2024-01-15T13:22:00.000000000Z,london,monday,4.999999999999449,1.9999999999997797,0.8199999999995988,0.8749999999996261,0.24390243902448272,22,192,0.102803738317757
LONG_1.5_005,1.5,LONG,2024-01-15T13:23:00.000000000Z,london,monday,4.999999999999449,2.80000000000058,0.7399999999995188,0.3999999999998449,0.37837837837870275,23,191,0.10747663551401869
LONG_1.5_005,1.5,LONG,2024-01-15T13:24:00.000000000Z,london,monday,4.999999999999449,2.4000000000001798,0.7799999999995588,0.49999999999994493,0.3076923076925048,24,190,0.11214953271028037
LONG_1.5_005,1.5,LONG,2024-01-15T13:25:00.000000000Z,london,monday,4.999999999999449,4.199999999998649,0.8399999999995078,0.7999999999996898,0.5000000000001321,25,189,0.11682242990654206
LONG_1.5_005,1.5,LONG,2024-01-15T13:26:00.000000000Z,london,monday,2.80000000000058,0.8000000000008001,0.7399999999995188,0.6999999999995898,0.10810810810828653,26,188,0.12149532710280374
LONG_1.5_005,1.5,LONG,2024-01-15T13:27:00.000000000Z,london,monday,1.9999999999997797,0.9000000000014552,0.7499999999995843,0.9749999999997261,0.12000000000026054,27,187,0.1261682242990654
LONG_1.5_005,1.5,LONG,2024-01-15T13:28:00.000000000Z,london,monday,2.9999999999996696,-1.100000000000545,0.9499999999997844,1.3999999999997348,0.11578947368429418,28,186,0.1308411214953271
LONG_1.5_005,1.5,LONG,2024-01-15T13:29:00.000000000Z,london,monday,2.9999999999996696,-2.9999999999996696,0.7599999999998719,1.0999999999999899,0.3947368421052862,29,185,0.13551401869158877
LONG_1.5_005,1.5,LONG,2024-01-15T13:30:00.000000000Z,london,monday,2.9999999999996696,-0.40000000000040004,1.0199999999997988,1.4500000000000624,0.03921568627455676,30,184,0.14018691588785046
LONG_1.5_005,1.5,LONG,2024-01-15T13:31:00.000000000Z,london,monday,4.100000000000215,1.100000000000545,1.1699999999998933,1.5500000000001624,0.09401709401714917,31,183,0.14485981308411214
LONG_1.5_005,1.5,LONG,2024-01-15T13:32:00.000000000Z,london,monday,4.199999999998649,2.7999999999983594,1.0199999999997988,1.0499999999996623,0.2745098039214619,32,182,0.14953271028037382
LONG_1.5_005,1.5,LONG,2024-01-15T13:33:00.000000000Z,london,monday,4.199999999998649,2.4000000000001798,1.0599999999996168,1.1499999999992072,0.22641509433972146,33,181,0.1542056074766355
LONG_1.5_005,1.5,LONG,2024-01-15T13:34:00.000000000Z,london,monday,4.500000000000615,3.5000000000007248,1.0899999999995913,0.6749999999994261,0.32110091743137953,34,180,0.1588785046728972
LONG_1.5_005,1.5,LONG,2024-01-15T13:35:00.000000000Z,london,monday,5.1000000000001044,2.900000000001235,1.0299999999996423,0.44999999999906226,0.2815533980584701,35,179,0.16355140186915887
LONG_1.5_005,1.5,LONG,2024-01-15T13:36:00.000000000Z,london,monday,5.1000000000001044,2.1999999999988695,1.0999999999998789,0.8999999999997899,0.19999999999991927,36,178,0.16822429906542055
LONG_1.5_005,1.5,LONG,2024-01-15T13:37:00.000000000Z,london,monday,5.1000000000001044,-0.40000000000040004,1.1399999999996968,1.174999999999926,0.035087719298290035,37,177,0.17289719626168223
LONG_1.5_005,1.5,LONG,2024-01-15T13:38:00.000000000Z,london,monday,5.1000000000001044,2.5999999999992696,1.0199999999995768,1.2249999999996986,0.25490196078434785,38,176,0.17757009345794392
LONG_1.5_005,1.5,LONG,2024-01-15T13:39:00.000000000Z,london,monday,5.1000000000001044,2.4999999999986144,1.0299999999996423,1.0999999999999899,0.2427184466018915,39,175,0.1822429906542056
LONG_1.5_005,1.5,LONG,2024-01-15T13:40:00.000000000Z,london,monday,3.4000000000000696,-0.8000000000008001,0.8399999999997299,0.7999999999996898,0.09523809523822112,40,174,0.18691588785046728
LONG_1.5_005,1.5,LONG,2024-01-15T13:41:00.000000000Z,london,monday,3.900000000001125,-2.900000000001235,0.7499999999995843,0.5749999999998812,0.38666666666704563,41,173,0.19158878504672897
LONG_1.5_005,1.5,LONG,2024-01-15T13:42:00.000000000Z,london,monday,3.900000000001125,-2.4999999999986144,0.7899999999998464,0.47500000000033626,0.3164556962024178,42,172,0.19626168224299065
LONG_1.5_005,1.5,LONG,2024-01-15T13:43:00.000000000Z,london,monday,3.900000000001125,-1.80000000000069,0.7800000000000029,0.5250000000001087,0.23076923076931835,43,171,0.20093457943925233
LONG_1.5_005,1.5,LONG,2024-01-15T13:44:00.000000000Z,london,monday,3.900000000001125,-2.100000000000435,0.7500000000000284,0.4500000000001725,0.2800000000000474,44,170,0.205607476635514
LONG_1.5_005,1.5,LONG,2024-01-15T13:45:00.000000000Z,london,monday,3.900000000001125,-2.6999999999999247,0.6900000000000794,0.3000000000003,0.391304347826031,45,169,0.2102803738317757
LONG_1.5_005,1.5,LONG,2024-01-15T13:46:00.000000000Z,london,monday,1.9999999999997797,-1.1999999999989797,0.5399999999999849,0.27500000000013625,0.22222222222203947,46,168,0.21495327102803738
LONG_1.5_005,1.5,LONG,2024-01-15T13:47:00.000000000Z,london,monday,1.40000000000029,-0.10000000000065512,0.4300000000001525,0.3000000000003,0.02325581395363248,47,167,0.21962616822429906
LONG_1.5_005,1.5,LONG,2024-01-15T13:48:00.000000000Z,london,monday,1.40000000000029,-0.5999999999994898,0.380000000000269,0.3000000000003,0.15789473684185923,48,166,0.22429906542056074
LONG_1.5_005,1.5,LONG,2024-01-15T13:49:00.000000000Z,london,monday,1.6000000000016001,0.30000000000196536,0.4500000000002835,0.5000000000005,0.06666666666706142,49,165,0.22897196261682243
LONG_1.5_005,1.5,LONG,2024-01-15T13:50:00.000000000Z,london,monday,2.20000000000109,1.6000000000016001,0.440000000000218,0.5500000000002725,0.36363636363654717,50,164,0.2336448598130841
LONG_1.5_005,1.5,LONG,2024-01-15T13:51:00.000000000Z,london,monday,2.900000000001235,2.900000000001235,0.4500000000002835,0.6250000000002087,0.6444444444443128,51,163,0.2383177570093458
LONG_1.5_005,1.5,LONG,2024-01-15T13:52:00.000000000Z,london,monday,2.500000000000835,1.100000000000545,0.5300000000001415,0.8500000000000174,0.20754716981136817,52,162,0.24299065420560748
LONG_1.5_005,1.5,LONG,2024-01-15T13:53:00.000000000Z,london,monday,2.500000000000835,0.2999999999997449,0.5500000000002725,0.7750000000000812,0.05454545454538114,53,161,0.24766355140186916
LONG_1.5_005,1.5,LONG,2024-01-15T13:54:00.000000000Z,london,monday,2.500000000000835,-0.700000000000145,0.5700000000001815,0.7750000000000812,0.12280701754384599,54,160,0.2523364485981308
LONG_1.5_005,1.5,LONG,2024-01-15T13:55:00.000000000Z,london,monday,2.500000000000835,0.0,0.640000000000196,0.7750000000000812,0.0,55,159,0.2570093457943925
LONG_1.5_005,1.5,LONG,2024-01-15T13:56:00.000000000Z,london,monday,2.500000000000835,0.2999999999997449,0.6100000000002215,0.47500000000033626,0.049180327868792784,56,158,0.2616822429906542
LONG_1.5_005,1.5,LONG,2024-01-15T13:57:00.000000000Z,london,monday,2.500000000000835,0.40000000000040004,0.600000000000156,0.4250000000000087,0.06666666666671602,57,157,0.26635514018691586
LONG_1.5_005,1.5,LONG,2024-01-15T13:58:00.000000000Z,london,monday,2.4000000000001798,1.40000000000029,0.700000000000145,0.6250000000002087,0.2,58,156,0.27102803738317754
LONG_1.5_005,1.5,LONG,2024-01-15T13:59:00.000000000Z,london,monday,2.4000000000001798,0.3999999999981796,0.640000000000196,0.5000000000005,0.06249999999969642,59,155,0.2757009345794392
LONG_1.5_005,1.5,LONG,2024-01-15T14:00:00.000000000Z,london,monday,2.4000000000001798,-0.5999999999994898,0.6200000000000649,0.5749999999998812,0.09677419354829467,60,154,0.2803738317757009
LONG_1.5_005,1.5,LONG,2024-01-15T14:01:00.000000000Z,london,monday,2.4000000000001798,-0.10000000000065512,0.6699999999999484,0.7999999999996898,0.014925373134427286,61,153,0.2850467289719626
LONG_1.5_005,1.5,LONG,2024-01-15T14:02:00.000000000Z,london,monday,2.5999999999992696,-1.40000000000029,0.7999999999999119,1.0999999999994348,0.1750000000000555,62,152,0.2897196261682243
LONG_1.5_005,1.5,LONG,2024-01-15T14:03:00.000000000Z,london,monday,3.9999999999995595,-2.2999999999995246,0.8899999999998354,1.3999999999991797,0.25842696629212925,63,151,0.29439252336448596
LONG_1.5_005,1.5,LONG,2024-01-15T14:04:00.000000000Z,london,monday,4.599999999999049,-2.2999999999995246,0.8899999999998354,1.4499999999995072,0.25842696629212925,64,150,0.29906542056074764
LONG_1.5_005,1.5,LONG,2024-01-15T14:05:00.000000000Z,london,monday,7.800000000000029,-6.200000000000649,1.1399999999999189,1.9500000000000073,0.5438596491229027,65,149,0.3037383177570093
LONG_1.5_005,1.5,LONG,2024-01-15T14:06:00.000000000Z,london,monday,10.000000000001119,-8.300000000001084,1.3499999999999623,1.8500000000004624,0.6148148148149123,66,148,0.308411214953271
LONG_1.5_005,1.5,LONG,2024-01-15T14:07:00.000000000Z,london,monday,10.499999999999954,-8.500000000000174,1.3699999999998713,1.6250000000000986,0.6204379562044505,67,147,0.3130841121495327
LONG_1.5_005,1.5,LONG,2024-01-15T14:08:00.000000000Z,london,monday,11.200000000000099,-10.600000000000609,1.2999999999998568,1.6500000000002624,0.815384615384752,68,146,0.3177570093457944
LONG_1.5_005,1.5,LONG,2024-01-15T14:09:00.000000000Z,london,monday,11.200000000000099,-9.399999999999409,1.3799999999997148,1.0999999999999899,0.681159420289953,69,145,0.32242990654205606
LONG_1.5_005,1.5,LONG,2024-01-15T14:10:00.000000000Z,london,monday,11.200000000000099,-9.80000000000203,1.4199999999999768,0.7499999999999174,0.6901408450705767,70,144,0.32710280373831774
LONG_1.5_005,1.5,LONG,2024-01-15T14:11:00.000000000Z,london,monday,11.200000000000099,-10.600000000000609,1.3400000000001189,0.7250000000003087,0.7910447761193783,71,143,0.3317757009345794
LONG_1.5_005,1.5,LONG,2024-01-15T14:12:00.000000000Z,london,monday,8.60000000000083,-8.20000000000043,1.100000000000101,0.6000000000000449,0.7454545454545161,72,142,0.3364485981308411
LONG_1.5_005,1.5,LONG,2024-01-15T14:13:00.000000000Z,london,monday,7.200000000000539,-6.699999999999484,0.9700000000001374,0.37500000000023626,0.6907216494843851,73,141,0.3411214953271028
LONG_1.5_005,1.5,LONG,2024-01-15T14:14:00.000000000Z,london,monday,6.900000000000794,-6.900000000000794,0.9900000000002684,0.37500000000023626,0.6969696969695882,74,140,0.34579439252336447
LONG_1.5_005,1.5,LONG,2024-01-15T14:15:00.000000000Z,london,monday,3.6999999999998145,-2.80000000000058,0.7600000000000939,0.49999999999994493,0.3684210526316097,75,139,0.35046728971962615
LONG_1.5_005,1.5,LONG,2024-01-15T14:16:00.000000000Z,london,monday,1.4999999999987246,-0.4999999999988347,0.5500000000000504,0.47500000000033626,0.0909090909088707,76,138,0.35514018691588783
LONG_1.5_005,1.5,LONG,2024-01-15T14:17:00.000000000Z,london,monday,1.8999999999991246,0.8999999999992347,0.5900000000000905,0.6749999999999812,0.15254237288120284,77,137,0.3598130841121495
LONG_1.5_005,1.5,LONG,2024-01-15T14:18:00.000000000Z,london,monday,1.8999999999991246,0.1999999999990898,0.660000000000105,0.8249999999998536,0.030303030302887574,78,136,0.3644859813084112
LONG_1.5_005,1.5,LONG,2024-01-15T14:19:00.000000000Z,london,monday,2.4000000000001798,-1.80000000000069,0.660000000000105,0.8500000000000174,0.2727272727273339,79,135,0.3691588785046729
LONG_1.5_005,1.5,LONG,2024-01-15T14:20:00.000000000Z,london,monday,2.4000000000001798,-0.9999999999998899,0.5800000000000249,0.8249999999998536,0.17241379310342186,80,134,0.37383177570093457
LONG_1.5_005,1.5,LONG,2024-01-15T14:21:00.000000000Z,london,monday,2.5999999999992696,-1.5999999999993797,0.5599999999998939,0.6499999999998174,0.2857142857142291,81,133,0.37850467289719625
LONG_1.5_005,1.5,LONG,2024-01-15T14:22:00.000000000Z,london,monday,2.5999999999992696,0.2999999999997449,0.7099999999999884,0.7249999999997536,0.04225352112672533,82,132,0.38317757009345793
LONG_1.5_005,1.5,LONG,2024-01-15T14:23:00.000000000Z,london,monday,2.5999999999992696,0.8999999999992347,0.7699999999999374,0.6499999999998174,0.11688311688302701,83,131,0.3878504672897196
LONG_1.5_005,1.5,LONG,2024-01-15T14:24:00.000000000Z,london,monday,3.4000000000000696,2.6999999999999247,0.7899999999998464,0.8999999999997899,0.3417721518987911,84,130,0.3925233644859813
LONG_1.5_005,1.5,LONG,2024-01-15T14:25:00.000000000Z,london,monday,3.4000000000000696,0.40000000000040004,0.8399999999999519,1.2000000000000899,0.04761904761909797,85,129,0.397196261682243
LONG_1.5_005,1.5,LONG,2024-01-15T14:26:00.000000000Z,london,monday,3.8999999999989043,2.1999999999988695,1.0199999999997988,1.2499999999998623,0.21568627450973563,86,128,0.40186915887850466
LONG_1.5_005,1.5,LONG,2024-01-15T14:27:00.000000000Z,london,monday,3.8999999999989043,0.9999999999998899,0.9599999999998499,1.1499999999997623,0.10416666666667149,87,127,0.40654205607476634
LONG_1.5_005,1.5,LONG,2024-01-15T14:28:00.000000000Z,london,monday,3.8999999999989043,1.40000000000029,0.9199999999998099,1.1499999999997623,0.15217391304354122,88,126,0.411214953271028
LONG_1.5_005,1.5,LONG,2024-01-15T14:29:00.000000000Z,london,monday,3.8999999999989043,2.60000000000149,0.8399999999999519,0.8500000000000174,0.30952380952400466,89,125,0.4158878504672897
LONG_1.5_005,1.5,LONG,2024-01-15T14:30:00.000000000Z,london,monday,4.3999999999999595,4.20000000000087,0.9999999999998899,0.7750000000000812,0.4200000000001332,90,124,0.4205607476635514
LONG_1.5_005,1.5,LONG,2024-01-15T14:31:00.000000000Z,london,monday,4.3999999999999595,3.4000000000000696,1.0799999999999699,0.9500000000001174,0.31481481481483004,91,123,0.4252336448598131
LONG_1.5_005,1.5,LONG,2024-01-15T14:32:00.000000000Z,london,monday,2.6999999999999247,1.100000000000545,0.9699999999999154,0.8500000000000174,0.11340206185573617,92,122,0.42990654205607476
LONG_1.5_005,1.5,LONG,2024-01-15T14:33:00.000000000Z,london,monday,2.4000000000001798,0.9999999999998899,0.9599999999998499,0.9499999999995623,0.10416666666667149,93,121,0.43457943925233644
LONG_1.5_005,1.5,LONG,2024-01-15T14:34:00.000000000Z,london,monday,2.4000000000001798,-0.5000000000010552,0.9099999999999664,0.6749999999999812,0.054945054945172926,94,120,0.4392523364485981
LONG_1.5_005,1.5,LONG,2024-01-15T14:35:00.000000000Z,london,monday,2.5999999999992696,-0.1999999999990898,0.8799999999997699,0.6999999999995898,0.02272727272717524,95,119,0.4439252336448598
LONG_1.5_005,1.5,LONG,2024-01-15T14:36:00.000000000Z,london,monday,2.5999999999992696,-0.6999999999979245,0.8299999999998864,0.8999999999997899,0.08433734939735185,96,118,0.4485981308411215
LONG_1.5_005,1.5,LONG,2024-01-15T14:37:00.000000000Z,london,monday,2.5999999999992696,-1.7999999999984695,0.9399999999999409,1.0999999999999899,0.1914893617019769,97,117,0.4532710280373832
LONG_1.5_005,1.5,LONG,2024-01-15T14:38:00.000000000Z,london,monday,2.5999999999992696,0.2999999999997449,0.9499999999997844,1.2499999999993072,0.03157894736840137,98,116,0.45794392523364486
LONG_1.5_005,1.5,LONG,2024-01-15T14:39:00.000000000Z,london,monday,2.5999999999992696,0.9999999999998899,1.0199999999997988,1.2000000000000899,0.09803921568628304,99,115,0.46261682242990654
LONG_1.5_005,1.5,LONG,2024-01-15T14:40:00.000000000Z,london,monday,2.5999999999992696,-0.5999999999994898,0.8599999999998609,0.8500000000000174,0.06976744186041708,100,114,0.4672897196261682
LONG_1.5_005,1.5,LONG,2024-01-15T14:41:00.000000000Z,london,monday,1.9999999999997797,0.40000000000040004,0.7599999999998719,0.49999999999994493,0.05263157894742993,101,113,0.4719626168224299
LONG_1.5_005,1.5,LONG,2024-01-15T14:42:00.000000000Z,london,monday,1.9999999999997797,0.7999999999985796,0.7200000000000539,0.27500000000069136,0.11111111111090552,102,112,0.4766355140186916
LONG_1.5_005,1.5,LONG,2024-01-15T14:43:00.000000000Z,london,monday,1.9999999999997797,0.0,0.6800000000000139,0.10000000000010001,0.0,103,111,0.48130841121495327
LONG_1.5_005,1.5,LONG,2024-01-15T14:44:00.000000000Z,london,monday,1.9999999999997797,0.8000000000008001,0.6599999999998829,0.17500000000003624,0.12121212121226393,104,110,0.48598130841121495
LONG_1.5_005,1.5,LONG,2024-01-15T14:45:00.000000000Z,london,monday,1.9999999999997797,1.9999999999997797,0.560000000000116,0.20000000000020002,0.35714285714274385,105,109,0.49065420560747663
LONG_1.5_005,1.5,LONG,2024-01-15T14:46:00.000000000Z,london,monday,1.9999999999997797,-0.8000000000008001,0.560000000000116,0.49999999999994493,0.14285714285725615,106,108,0.4953271028037383
LONG_1.5_005,1.5,LONG,2024-01-15T14:47:00.000000000Z,london,monday,1.9999999999997797,1.1999999999989797,0.48000000000003595,0.6000000000000449,0.2499999999997687,107,107,0.5
LONG_1.5_005,1.5,LONG,2024-01-15T14:48:00.000000000Z,london,monday,1.40000000000029,0.30000000000196536,0.3900000000003345,0.5750000000004363,0.07692307692351488,108,106,0.5046728971962616
LONG_1.5_005,1.5,LONG,2024-01-15T14:49:00.000000000Z,london,monday,1.500000000000945,-1.500000000000945,0.3900000000003345,0.7750000000006363,0.38461538461529704,109,105,0.5093457943925234
LONG_1.5_005,1.5,LONG,2024-01-15T14:50:00.000000000Z,london,monday,2.100000000000435,-2.100000000000435,0.4500000000002835,0.5750000000004363,0.4666666666664693,110,104,0.514018691588785
LONG_1.5_005,1.5,LONG,2024-01-15T14:51:00.000000000Z,london,monday,2.100000000000435,-1.9999999999997797,0.460000000000349,0.4500000000007276,0.4347826086952744,111,103,0.5186915887850467
LONG_1.5_005,1.5,LONG,2024-01-15T14:52:00.000000000Z,london,monday,2.20000000000109,-1.9999999999997797,0.460000000000349,0.4500000000007276,0.4347826086952744,112,102,0.5233644859813084
LONG_1.5_005,1.5,LONG,2024-01-15T14:53:00.000000000Z,london,monday,2.20000000000109,-1.5999999999993797,0.46000000000057106,0.27500000000069136,0.34782608695595507,113,101,0.5280373831775701
LONG_1.5_005,1.5,LONG,2024-01-15T14:54:00.000000000Z,london,monday,2.20000000000109,-2.100000000000435,0.4500000000007276,0.17500000000114646,0.46666666666600876,114,100,0.5327102803738317
LONG_1.5_005,1.5,LONG,2024-01-15T14:55:00.000000000Z,london,monday,2.20000000000109,-1.40000000000029,0.5200000000007421,0.3500000000011827,0.26923076923044076,115,99,0.5373831775700935
LONG_1.5_005,1.5,LONG,2024-01-15T14:56:00.000000000Z,london,monday,1.7000000000000348,0.8999999999992347,0.4700000000006366,0.5250000000006638,0.1914893617017055,116,98,0.5420560747663551
LONG_1.5_005,1.5,LONG,2024-01-15T14:57:00.000000000Z,london,monday,2.80000000000058,1.40000000000029,0.5200000000007421,0.7500000000004725,0.26923076923044076,117,97,0.5467289719626168
LONG_1.5_005,1.5,LONG,2024-01-15T14:58:00.000000000Z,london,monday,2.80000000000058,0.5999999999994898,0.56000000000056,0.8500000000000174,0.10714285714265889,118,96,0.5514018691588785
LONG_1.5_005,1.5,LONG,2024-01-15T14:59:00.000000000Z,london,monday,2.80000000000058,1.900000000001345,0.5100000000004545,0.7499999999999174,0.37254901960777487,119,95,0.5560747663551402
LONG_1.5_005,1.5,LONG,2024-01-15T15:00:00.000000000Z,london,monday,3.4000000000000696,3.2999999999994145,0.5300000000003635,0.7249999999997536,0.6226415094334248,120,94,0.5607476635514018
LONG_1.5_005,1.5,LONG,2024-01-15T15:01:00.000000000Z,london,monday,3.4000000000000696,1.1999999999989797,0.720000000000276,0.9499999999995623,0.16666666666646107,121,93,0.5654205607476636
LONG_1.5_005,1.5,LONG,2024-01-15T15:02:00.000000000Z,london,monday,3.4000000000000696,0.9999999999998899,0.740000000000185,0.8999999999997899,0.1351351351350865,122,92,0.5700934579439252
LONG_1.5_005,1.5,LONG,2024-01-15T15:03:00.000000000Z,london,monday,3.4000000000000696,1.4999999999987246,0.7900000000000684,0.9749999999997261,0.1898734177213411,123,91,0.5747663551401869
LONG_1.5_005,1.5,LONG,2024-01-15T15:04:00.000000000Z,london,monday,3.4000000000000696,2.9999999999996696,0.8999999999999009,1.0999999999999899,0.3333333333333333,124,90,0.5794392523364486
LONG_1.5_005,1.5,LONG,2024-01-15T15:05:00.000000000Z,london,monday,2.9999999999996696,2.9999999999996696,0.8999999999999009,0.800000000000245,0.3333333333333333,125,89,0.5841121495327103
LONG_1.5_005,1.5,LONG,2024-01-15T15:06:00.000000000Z,london,monday,2.80000000000058,1.9999999999997797,0.8200000000000429,0.7250000000003087,0.2439024390243506,126,88,0.5887850467289719
LONG_1.5_005,1.5,LONG,2024-01-15T15:07:00.000000000Z,london,monday,3.60000000000138,1.80000000000069,0.8000000000001339,0.7750000000006363,0.22500000000004858,127,87,0.5934579439252337
LONG_1.5_005,1.5,LONG,2024-01-15T15:08:00.000000000Z,london,monday,3.60000000000138,1.4999999999987246,0.8300000000003305,0.6750000000010914,0.18072289156603943,128,86,0.5981308411214953
LONG_1.5_005,1.5,LONG,2024-01-15T15:09:00.000000000Z,london,monday,3.60000000000138,0.8999999999992347,0.8100000000001994,0.5250000000006638,0.11111111111098927,129,85,0.602803738317757
LONG_1.5_005,1.5,LONG,2024-01-15T15:10:00.000000000Z,london,monday,3.60000000000138,-0.700000000000145,0.8100000000004215,0.7000000000007001,0.08641975308639267,130,84,0.6074766355140186
LONG_1.5_005,1.5,LONG,2024-01-15T15:11:00.000000000Z,london,monday,3.60000000000138,-0.40000000000040004,0.780000000000447,0.900000000000345,0.05128205128207318,131,83,0.6121495327102804
LONG_1.5_005,1.5,LONG,2024-01-15T15:12:00.000000000Z,london,monday,6.200000000000649,-2.5999999999992696,1.000000000000334,1.3249999999997986,0.25999999999984014,132,82,0.616822429906542
LONG_1.5_005,1.5,LONG,2024-01-15T15:13:00.000000000Z,london,monday,6.200000000000649,-1.4999999999987246,1.1100000000003885,1.7250000000001986,0.13513513513497294,133,81,0.6214953271028038
LONG_1.5_005,1.5,LONG,2024-01-15T15:14:00.000000000Z,london,monday,6.200000000000649,-2.6999999999999247,0.9900000000002684,1.5499999999996072,0.27272727272719116,134,80,0.6261682242990654
LONG_1.5_005,1.5,LONG,2024-01-15T15:15:00.000000000Z,london,monday,6.200000000000649,-2.6999999999999247,0.9900000000002684,1.3249999999997986,0.27272727272719116,135,79,0.6308411214953271
LONG_1.5_005,1.5,LONG,2024-01-15T15:16:00.000000000Z,london,monday,6.200000000000649,-2.0999999999982144,1.0300000000003084,0.800000000000245,0.20388349514539666,136,78,0.6355140186915887
LONG_1.5_005,1.5,LONG,2024-01-15T15:17:00.000000000Z,london,monday,6.200000000000649,-4.00000000000178,1.040000000000374,0.6000000000006,0.38461538461541744,137,77,0.6401869158878505
LONG_1.5_005,1.5,LONG,2024-01-15T15:18:00.000000000Z,london,monday,5.299999999999194,-3.2999999999994145,0.9700000000001374,0.6250000000007638,0.34020618556690174,138,76,0.6448598130841121
LONG_1.5_005,1.5,LONG,2024-01-15T15:19:00.000000000Z,london,monday,5.1000000000001044,-3.1000000000003247,0.9500000000002284,0.4250000000005638,0.32631578947363993,139,75,0.6495327102803738
LONG_1.5_005,1.5,LONG,2024-01-15T15:20:00.000000000Z,london,monday,4.299999999999304,-2.5999999999992696,0.9000000000001229,0.37500000000023626,0.2888888888887683,140,74,0.6542056074766355
LONG_1.5_005,1.5,LONG,2024-01-15T15:21:00.000000000Z,london,monday,3.20000000000098,-0.7999999999985796,0.740000000000185,0.14999999999987246,0.10810810810788915,141,73,0.6588785046728972
LONG_1.5_005,1.5,LONG,2024-01-15T15:22:00.000000000Z,london,monday,3.9999999999995595,3.9999999999995595,0.700000000000145,0.6499999999998174,0.5714285714283902,142,72,0.6635514018691588
LONG_1.5_005,1.5,LONG,2024-01-15T15:23:00.000000000Z,london,monday,2.2999999999995246,0.3999999999981796,0.700000000000145,1.0999999999999899,0.057142857142585254,143,71,0.6682242990654206
LONG_1.5_005,1.5,LONG,2024-01-15T15:24:00.000000000Z,london,monday,2.500000000000835,2.300000000001745,0.8900000000005015,1.5250000000005537,0.2584269662921853,144,70,0.6728971962616822
LONG_1.5_005,1.5,LONG,2024-01-15T15:25:00.000000000Z,london,monday,5.1000000000001044,4.100000000000215,1.0700000000003485,2.1500000000002073,0.38317757009335324,145,69,0.677570093457944
LONG_1.5_005,1.5,LONG,2024-01-15T15:26:00.000000000Z,london,monday,5.699999999999594,4.199999999998649,1.080000000000192,1.7500000000003624,0.3888888888886947,146,68,0.6822429906542056
LONG_1.5_005,1.5,LONG,2024-01-15T15:27:00.000000000Z,london,monday,5.699999999999594,3.4000000000000696,1.1600000000000499,1.7500000000003624,0.2931034482758555,147,67,0.6869158878504673
LONG_1.5_005,1.5,LONG,2024-01-15T15:28:00.000000000Z,london,monday,5.699999999999594,3.20000000000098,1.1799999999999589,1.3499999999994072,0.2711864406780586,148,66,0.6915887850467289
LONG_1.5_005,1.5,LONG,2024-01-15T15:29:00.000000000Z,london,monday,5.699999999999594,4.100000000000215,1.2699999999998823,0.9249999999993985,0.32283464566933817,149,65,0.6962616822429907
LONG_1.5_005,1.5,LONG,2024-01-15T15:30:00.000000000Z,london,monday,5.699999999999594,2.100000000000435,1.4699999999998603,1.3499999999994072,0.142857142857186,150,64,0.7009345794392523
LONG_1.5_005,1.5,LONG,2024-01-15T15:31:00.000000000Z,london,monday,5.599999999998939,1.40000000000029,1.5199999999997438,1.0499999999991072,0.09210526315792933,151,63,0.705607476635514
LONG_1.5_005,1.5,LONG,2024-01-15T15:32:00.000000000Z,london,monday,5.20000000000076,-0.9999999999998899,1.3199999999999878,0.9999999999998899,0.07575757575756811,152,62,0.7102803738317757
LONG_1.5_005,1.5,LONG,2024-01-15T15:33:00.000000000Z,london,monday,5.20000000000076,0.30000000000196536,1.1899999999998023,0.8999999999997899,0.02521008403378279,153,61,0.7149532710280374
LONG_1.5_005,1.5,LONG,2024-01-15T15:34:00.000000000Z,london,monday,5.20000000000076,-2.000000000002,1.0199999999997988,0.40000000000040004,0.19607843137278377,154,60,0.719626168224299
LONG_1.5_005,1.5,LONG,2024-01-15T15:35:00.000000000Z,london,monday,5.699999999999594,-5.1000000000001044,0.8099999999997554,0.37500000000023626,0.6296296296298327,155,59,0.7242990654205608
LONG_1.5_005,1.5,LONG,2024-01-15T15:36:00.000000000Z,london,monday,6.599999999998829,-6.599999999998829,0.8399999999997299,0.5499999999997174,0.785714285714399,156,58,0.7289719626168224
LONG_1.5_005,1.5,LONG,2024-01-15T15:37:00.000000000Z,london,monday,6.6000000000010495,-6.099999999999994,0.7899999999998464,0.7500000000004725,0.7721518987343267,157,57,0.7336448598130841
LONG_1.5_005,1.5,LONG,2024-01-15T15:38:00.000000000Z,london,monday,6.900000000000794,-6.00000000000156,0.7800000000000029,0.7499999999999174,0.7692307692309663,158,56,0.7383177570093458
LONG_1.5_005,1.5,LONG,2024-01-15T15:39:00.000000000Z,london,monday,6.900000000000794,-6.699999999999484,0.7100000000002105,0.6750000000005363,0.9436619718306335,159,55,0.7429906542056075
LONG_1.5_005,1.5,LONG,2024-01-15T15:40:00.000000000Z,london,monday,4.60000000000127,-3.6999999999998145,0.5500000000002725,0.6250000000007638,0.6727272727269057,160,54,0.7476635514018691
LONG_1.5_005,1.5,LONG,2024-01-15T15:41:00.000000000Z,london,monday,4.00000000000178,-3.00000000000189,0.500000000000167,0.3249999999999087,0.6000000000001776,161,53,0.7523364485981309
LONG_1.5_005,1.5,LONG,2024-01-15T15:42:00.000000000Z,london,monday,3.8000000000004697,-1.1999999999989797,0.640000000000196,0.6500000000003725,0.18749999999978317,162,52,0.7570093457943925
LONG_1.5_005,1.5,LONG,2024-01-15T15:43:00.000000000Z,london,monday,3.300000000001635,-1.80000000000069,0.700000000000367,0.8750000000001812,0.25714285714282087,163,51,0.7616822429906542
LONG_1.5_005,1.5,LONG,2024-01-15T15:44:00.000000000Z,london,monday,2.9999999999996696,0.0,0.8200000000000429,1.074999999999826,0.0,164,50,0.7663551401869159
LONG_1.5_005,1.5,LONG,2024-01-15T15:45:00.000000000Z,london,monday,4.60000000000127,2.100000000000435,0.9300000000003195,1.4500000000006175,0.2258064516128724,165,49,0.7710280373831776
LONG_1.5_005,1.5,LONG,2024-01-15T15:46:00.000000000Z,london,monday,4.60000000000127,1.4999999999987246,0.9900000000004905,1.4250000000004537,0.15151515151494763,166,48,0.7757009345794392
LONG_1.5_005,1.5,LONG,2024-01-15T15:47:00.000000000Z,london,monday,4.60000000000127,3.60000000000138,0.940000000000385,1.3500000000005175,0.38297872340424527,167,47,0.780373831775701
LONG_1.5_005,1.5,LONG,2024-01-15T15:48:00.000000000Z,london,monday,5.00000000000167,5.00000000000167,1.020000000000465,1.2500000000009726,0.4901960784313128,168,46,0.7850467289719626
LONG_1.5_005,1.5,LONG,2024-01-15T15:49:00.000000000Z,london,monday,5.800000000000249,5.800000000000249,1.100000000000323,1.100000000000545,0.5272727272725951,169,45,0.7897196261682243
LONG_1.5_005,1.5,LONG,2024-01-15T15:50:00.000000000Z,london,monday,7.599999999998719,7.599999999998719,1.28000000000017,1.3499999999999623,0.5937499999998211,170,44,0.794392523364486
LONG_1.5_005,1.5,LONG,2024-01-15T15:51:00.000000000Z,london,monday,7.800000000000029,7.800000000000029,1.300000000000301,1.2249999999996986,0.5999999999998633,171,43,0.7990654205607477
LONG_1.5_005,1.5,LONG,2024-01-15T15:52:00.000000000Z,london,monday,7.299999999998974,6.199999999998429,1.140000000000141,0.9499999999995623,0.543859649122602,172,42,0.8037383177570093
LONG_1.5_005,1.5,LONG,2024-01-15T15:53:00.000000000Z,london,monday,8.699999999999264,8.699999999999264,1.1700000000001154,1.0499999999996623,0.7435897435896074,173,41,0.8084112149532711
LONG_1.5_005,1.5,LONG,2024-01-15T15:54:00.000000000Z,london,monday,7.800000000000029,7.800000000000029,1.080000000000192,0.5749999999998812,0.7222222222220965,174,40,0.8130841121495327
LONG_1.5_005,1.5,LONG,2024-01-15T15:55:00.000000000Z,london,monday,7.900000000000684,6.399999999999739,0.9400000000001629,0.5500000000002725,0.6808510638296414,175,39,0.8177570093457944
LONG_1.5_005,1.5,LONG,2024-01-15T15:56:00.000000000Z,london,monday,7.900000000000684,7.500000000000284,0.8300000000001084,0.6500000000003725,0.9036144578312415,176,38,0.822429906542056
LONG_1.5_005,1.5,LONG,2024-01-15T15:57:00.000000000Z,london,monday,7.900000000000684,7.900000000000684,0.8700000000001484,0.6000000000006,0.908045977011418,177,37,0.8271028037383178
LONG_1.5_005,1.5,LONG,2024-01-15T15:58:00.000000000Z,london,monday,7.399999999999629,7.399999999999629,0.8200000000000429,0.6000000000006,0.9024390243901514,178,36,0.8317757009345794
LONG_1.5_005,1.5,LONG,2024-01-15T15:59:00.000000000Z,london,monday,6.399999999999739,5.399999999999849,0.8200000000000429,0.800000000000245,0.6585365853658008,179,35,0.8364485981308412
LONG_1.5_005,1.5,LONG,2024-01-15T16:00:00.000000000Z,other,monday,3.9999999999995595,3.9999999999995595,0.6800000000000139,0.9749999999997261,0.5882352941175703,180,34,0.8411214953271028
LONG_1.5_005,1.5,LONG,2024-01-15T16:01:00.000000000Z,other,monday,3.6999999999998145,3.6999999999998145,0.6500000000000394,0.6749999999994261,0.5692307692307061,181,33,0.8457943925233645
LONG_1.5_005,1.5,LONG,2024-01-15T16:02:00.000000000Z,other,monday,3.6999999999998145,3.300000000001635,0.6899999999998574,0.6249999999990985,0.4782608695655532,182,32,0.8504672897196262
LONG_1.5_005,1.5,LONG,2024-01-15T16:03:00.000000000Z,other,monday,2.2999999999995246,0.8000000000008001,0.6599999999998829,0.6499999999992623,0.12121212121226393,183,31,0.8551401869158879
LONG_1.5_005,1.5,LONG,2024-01-15T16:04:00.000000000Z,other,monday,2.4999999999986144,-0.7999999999985796,0.6999999999999229,0.6249999999996536,0.11428571428552396,184,30,0.8598130841121495
LONG_1.5_005,1.5,LONG,2024-01-15T16:05:00.000000000Z,other,monday,2.4999999999986144,-0.5999999999994898,0.7199999999998319,0.7249999999997536,0.08333333333328194,185,29,0.8644859813084113
LONG_1.5_005,1.5,LONG,2024-01-15T16:06:00.000000000Z,other,monday,2.4999999999986144,0.10000000000065512,0.7099999999997664,0.700000000000145,0.014084507042350427,186,28,0.8691588785046729
LONG_1.5_005,1.5,LONG,2024-01-15T16:07:00.000000000Z,other,monday,2.4999999999986144,-1.2000000000012,0.5999999999997119,0.4500000000001725,0.20000000000029605,187,27,0.8738317757009346
LONG_1.5_005,1.5,LONG,2024-01-15T16:08:00.000000000Z,other,monday,2.4999999999986144,-1.900000000001345,0.5499999999998284,0.2250000000003638,0.3454545454548978,188,26,0.8785046728971962
LONG_1.5_005,1.5,LONG,2024-01-15T16:09:00.000000000Z,other,monday,2.4999999999986144,-0.8000000000008001,0.45999999999990493,0.15000000000042757,0.17391304347847075,189,25,0.883177570093458
LONG_1.5_005,1.5,LONG,2024-01-15T16:10:00.000000000Z,other,monday,2.4999999999986144,-1.1999999999989797,0.42000000000008697,0.2500000000005276,0.2857142857139836,190,24,0.8878504672897196
LONG_1.5_005,1.5,LONG,2024-01-15T16:11:00.000000000Z,other,monday,2.4999999999986144,-2.0999999999982144,0.5100000000000104,0.4500000000001725,0.4117647058819944,191,23,0.8925233644859814
LONG_1.5_005,1.5,LONG,2024-01-15T16:12:00.000000000Z,other,monday,2.100000000000435,-1.6000000000016001,0.48000000000003595,0.4499999999996174,0.33333333333364173,192,22,0.897196261682243
LONG_1.5_005,1.5,LONG,2024-01-15T16:13:00.000000000Z,other,monday,1.8999999999991246,-1.5999999999993797,0.4799999999998139,0.6999999999990347,0.3333333333333333,193,21,0.9018691588785047
LONG_1.5_005,1.5,LONG,2024-01-15T16:14:00.000000000Z,other,monday,1.8999999999991246,0.40000000000040004,0.4799999999998139,0.774999999998971,0.08333333333344899,194,20,0.9065420560747663
LONG_1.5_005,1.5,LONG,2024-01-15T16:15:00.000000000Z,other,monday,1.8999999999991246,0.7999999999985796,0.5199999999996319,0.7499999999988072,0.15384615384598962,195,19,0.9112149532710281
LONG_1.5_005,1.5,LONG,2024-01-15T16:16:00.000000000Z,other,monday,1.8999999999991246,-0.5999999999994898,0.5999999999994898,0.9999999999987796,0.1,196,18,0.9158878504672897
LONG_1.5_005,1.5,LONG,2024-01-15T16:17:00.000000000Z,other,monday,1.8999999999991246,0.1999999999990898,0.6599999999992168,0.8999999999986796,0.030303030302928354,197,17,0.9205607476635514
LONG_1.5_005,1.5,LONG,2024-01-15T16:18:00.000000000Z,other,monday,1.8999999999991246,-0.700000000000145,0.7499999999991402,0.8999999999986796,0.09333333333345965,198,16,0.9252336448598131
LONG_1.5_005,1.5,LONG,2024-01-15T16:19:00.000000000Z,other,monday,2.2999999999995246,-1.5999999999993797,0.8199999999989327,0.8999999999986796,0.19512195121969053,199,15,0.9299065420560748
LONG_1.5_005,1.5,LONG,2024-01-15T16:20:00.000000000Z,other,monday,2.2999999999995246,-2.2999999999995246,0.7499999999989182,0.6249999999990985,0.3066666666670456,200,14,0.9345794392523364
LONG_1.5_005,1.5,LONG,2024-01-15T16:21:00.000000000Z,other,monday,2.1999999999988695,-0.700000000000145,0.7299999999990092,0.6249999999996536,0.09589041095905411,201,13,0.9392523364485982
LONG_1.5_005,1.5,LONG,2024-01-15T16:22:00.000000000Z,other,monday,2.1999999999988695,-0.4999999999988347,0.7499999999991402,0.4499999999996174,0.06666666666658772,202,12,0.9439252336448598
LONG_1.5_005,1.5,LONG,2024-01-15T16:23:00.000000000Z,other,monday,2.1999999999988695,1.7000000000000348,0.7499999999993623,0.5250000000001087,0.22666666666686405,203,11,0.9485981308411215
LONG_1.5_005,1.5,LONG,2024-01-15T16:24:00.000000000Z,other,monday,2.1999999999988695,0.1999999999990898,0.6999999999994788,0.6500000000003725,0.028571428571319814,204,10,0.9532710280373832
LONG_1.5_005,1.5,LONG,2024-01-15T16:25:00.000000000Z,other,monday,2.1999999999988695,-0.700000000000145,0.6299999999996864,0.5000000000005,0.11111111111118943,205,9,0.9579439252336449
LONG_1.5_005,1.5,LONG,2024-01-15T16:26:00.000000000Z,other,monday,2.100000000000435,0.8999999999992347,0.5699999999999594,0.5500000000008276,0.15789473684198224,206,8,0.9626168224299065
LONG_1.5_005,1.5,LONG,2024-01-15T16:27:00.000000000Z,other,monday,4.3999999999999595,2.60000000000149,0.740000000000185,0.8750000000007363,0.3513513513514649,207,7,0.9672897196261683
LONG_1.5_005,1.5,LONG,2024-01-15T16:28:00.000000000Z,other,monday,4.500000000000615,3.700000000002035,0.6500000000002615,0.7750000000006363,0.5692307692308534,208,6,0.9719626168224299
LONG_1.5_005,1.5,LONG,2024-01-15T16:29:00.000000000Z,other,monday,5.1000000000001044,5.1000000000001044,0.6300000000003525,0.900000000000345,0.8095238095233731,209,5,0.9766355140186916
LONG_1.5_005,1.5,LONG,2024-01-15T16:30:00.000000000Z,other,monday,5.1000000000001044,4.500000000000615,0.6900000000003015,0.9249999999999536,0.6521739130432824,210,4,0.9813084112149533
LONG_1.5_005,1.5,LONG,2024-01-15T16:31:00.000000000Z,other,monday,4.3999999999999595,2.4999999999986144,0.7500000000004725,0.6500000000003725,0.3333333333329386,211,3,0.985981308411215
LONG_1.5_005,1.5,LONG,2024-01-15T16:32:00.000000000Z,other,monday,4.100000000000215,0.7999999999985796,0.860000000000527,0.9750000000002812,0.09302325581373132,212,2,0.9906542056074766
LONG_1.5_005,1.5,LONG,2024-01-15T16:33:00.000000000Z,other,monday,3.60000000000138,0.2999999999997449,0.8100000000006435,0.9750000000008363,0.03703703703697612,213,1,0.9953271028037384
LONG_1.5_005,1.5,LONG,2024-01-15T16:34:00.000000000Z,other,monday,3.60000000000138,1.80000000000069,0.860000000000527,1.0750000000009363,0.20930232558134731,214,0,1.0
LONG_1.5_006,1.5,LONG,2024-01-15T16:42:00.000000000Z,other,monday,2.500000000000835,-0.8999999999992347,0.5300000000005856,0.37500000000023626,0.169811320754385,0,6,0.0
LONG_1.5_006,1.5,LONG,2024-01-15T16:43:00.000000000Z,other,monday,3.300000000001635,-2.300000000001745,0.5500000000004945,0.4250000000000087,0.4181818181817595,1,5,0.16666666666666666
LONG_1.5_006,1.5,LONG,2024-01-15T16:44:00.000000000Z,other,monday,3.300000000001635,-3.20000000000098,0.46000000000057106,0.3500000000006276,0.6956521739123929,2,4,0.3333333333333333
LONG_1.5_006,1.5,LONG,2024-01-15T16:45:00.000000000Z,other,monday,2.300000000001745,-1.3999999999980695,0.3200000000005421,0.40000000000095515,0.4374999999986556,3,3,0.5
LONG_1.5_006,1.5,LONG,2024-01-15T16:46:00.000000000Z,other,monday,2.300000000001745,-0.4999999999988347,0.41000000000046555,0.6000000000006,0.12195121951177243,4,2,0.6666666666666666
LONG_1.5_006,1.5,LONG,2024-01-15T16:47:00.000000000Z,other,monday,2.300000000001745,-0.4999999999988347,0.41000000000046555,0.40000000000040004,0.12195121951177243,5,1,0.8333333333333334
LONG_1.5_006,1.5,LONG,2024-01-15T16:48:00.000000000Z,other,monday,2.700000000002145,0.40000000000040004,0.500000000000389,0.6500000000003725,0.08000000000001777,6,0,1.0
SHORT_1.5_001,1.5,SHORT,2024-01-15T08:00:00.000000000Z,london,monday,0.0,0.0,0.0,0.0,0.0,0,138,0.0
SHORT_1.5_001,1.5,SHORT,2024-01-15T08:01:00.000000000Z,london,monday,0.1999999999990898,0.1999999999990898,0.1999999999990898,0.1999999999990898,1.0,1,137,0.007246376811594203
SHORT_1.5_001,1.5,SHORT,2024-01-15T08:02:00.000000000Z,london,monday,1.40000000000029,1.40000000000029,0.700000000000145,0.700000000000145,1.0,2,136,0.014492753623188406
SHORT_1.5_001,1.5,SHORT,2024-01-15T08:03:00.000000000Z,london,monday,3.4000000000000696,3.4000000000000696,1.1333333333333566,1.1333333333333566,1.0,3,135,0.021739130434782608
SHORT_1.5_001,1.5,SHORT,2024-01-15T08:04:00.000000000Z,london,monday,3.4000000000000696,2.80000000000058,0.9999999999998899,0.9999999999998899,0.700000000000222,4,134,0.028985507246376812
SHORT_1.5_001,1.5,SHORT,2024-01-15T08:05:00.000000000Z,london,monday,3.4000000000000696,3.2999999999994145,0.8999999999996788,1.074999999999826,0.733333333333465,5,133,0.036231884057971016
SHORT_1.5_001,1.5,SHORT,2024-01-15T08:06:00.000000000Z,london,monday,3.4000000000000696,2.500000000000835,0.8833333333328289,0.974999999999171,0.471698113207974,6,132,0.043478260869565216
SHORT_1.5_001,1.5,SHORT,2024-01-15T08:07:00.000000000Z,london,monday,3.4000000000000696,1.100000000000545,0.9571428571424663,0.8249999999992985,0.16417910447776032,7,131,0.050724637681159424
SHORT_1.5_001,1.5,SHORT,2024-01-15T08:08:00.000000000Z,london,monday,3.4000000000000696,3.1000000000003247,1.0874999999996304,1.174999999999371,0.3563218390806182,8,130,0.057971014492753624
SHORT_1.5_001,1.5,SHORT,2024-01-15T08:09:00.000000000Z,london,monday,5.20000000000076,5.20000000000076,1.1999999999997197,1.574999999999771,0.48148148148166425,9,129,0.06521739130434782
SHORT_1.5_001,1.5,SHORT,2024-01-15T08:10:00.000000000Z,london,monday,5.20000000000076,5.20000000000076,1.0799999999997478,1.3750000000001261,0.48148148148166425,10,128,0.07246376811594203
SHORT_1.5_001,1.5,SHORT,2024-01-15T08:11:00.000000000Z,london,monday,6.40000000000196,6.40000000000196,1.1999999999998678,1.3750000000001261,0.5333333333335554,11,127,0.07971014492753623
SHORT_1.5_001,1.5,SHORT,2024-01-15T08:12:00.000000000Z,london,monday,5.5000000000005045,3.1000000000003247,1.2899999999997913,1.40000000000029,0.2403100775194439,12,126,0.08695652173913043
SHORT_1.5_001,1.5,SHORT,2024-01-15T08:13:00.000000000Z,london,monday,5.5000000000005045,0.9999999999998899,1.0999999999998789,0.900000000000345,0.09090909090909091,13,125,0.09420289855072464
SHORT_1.5_001,1.5,SHORT,2024-01-15T08:14:00.000000000Z,london,monday,5.5000000000005045,3.4000000000000696,1.2199999999999989,1.3500000000005175,0.2786885245901699,14,124,0.10144927536231885
SHORT_1.5_001,1.5,SHORT,2024-01-15T08:15:00.000000000Z,london,monday,5.5000000000005045,3.300000000001635,1.2100000000001554,1.100000000000545,0.27272727272737285,15,123,0.10869565217391304
SHORT_1.5_001,1.5,SHORT,2024-01-15T08:16:00.000000000Z,london,monday,5.5000000000005045,0.7999999999985796,1.460000000000461,1.400000000000845,0.05479452054783062,16,122,0.11594202898550725
SHORT_1.5_001,1.5,SHORT,2024-01-15T08:17:00.000000000Z,london,monday,5.5000000000005045,3.1000000000003247,1.4100000000005775,1.600000000001045,0.21985815602830178,17,121,0.12318840579710146
SHORT_1.5_001,1.5,SHORT,2024-01-15T08:18:00.000000000Z,london,monday,3.5000000000007248,0.8999999999992347,1.2300000000007305,1.2000000000012,0.0731707317072114,18,120,0.13043478260869565
SHORT_1.5_001,1.5,SHORT,2024-01-15T08:19:00.000000000Z,london,monday,3.300000000001635,-0.9999999999998899,1.040000000000818,1.1500000000014277,0.09615384615375994,19,119,0.13768115942028986
SHORT_1.5_001,1.5,SHORT,2024-01-15T08:20:00.000000000Z,london,monday,3.300000000001635,-1.6000000000016001,1.100000000000989,0.4750000000014465,0.14545454545456013,20,118,0.14492753623188406
SHORT_1.5_001,1.5,SHORT,2024-01-15T08:21:00.000000000Z,london,monday,3.300000000001635,-1.900000000001345,1.0700000000010146,0.5250000000012189,0.17757009345790126,21,117,0.15217391304347827
SHORT_1.5_001,1.5,SHORT,2024-01-15T08:22:00.000000000Z,london,monday,3.300000000001635,-0.700000000000145,0.9500000000008946,0.7000000000007001,0.07368421052626166,22,116,0.15942028985507245
SHORT_1.5_001,1.5,SHORT,2024-01-15T08:23:00.000000000Z,london,monday,3.300000000001635,0.10000000000065512,1.0100000000008436,0.8250000000004087,0.009900990099066495,23,115,0.16666666666666666
SHORT_1.5_001,1.5,SHORT,2024-01-15T08:24:00.000000000Z,london,monday,3.5000000000007248,0.5999999999994898,1.060000000000727,1.2499999999998623,0.05660377358481871,24,114,0.17391304347826086
SHORT_1.5_001,1.5,SHORT,2024-01-15T08:25:00.000000000Z,london,monday,3.5000000000007248,0.0,1.040000000000596,1.0249999999994985,0.0,25,113,0.18115942028985507
SHORT_1.5_001,1.5,SHORT,2024-01-15T08:26:00.000000000Z,london,monday,3.5000000000007248,3.300000000001635,0.7100000000004325,0.7999999999996898,0.46478873239431334,26,112,0.18840579710144928
SHORT_1.5_001,1.5,SHORT,2024-01-15T08:27:00.000000000Z,london,monday,3.20000000000098,1.9999999999997797,0.660000000000327,0.7249999999997536,0.3030303030301195,27,111,0.1956521739130435
SHORT_1.5_001,1.5,SHORT,2024-01-15T08:28:00.000000000Z,london,monday,3.20000000000098,0.8000000000008001,0.780000000000225,0.49999999999994493,0.10256410256417556,28,110,0.2028985507246377
SHORT_1.5_001,1.5,SHORT,2024-01-15T08:29:00.000000000Z,london,monday,3.20000000000098,1.40000000000029,0.8400000000001739,0.6500000000003725,0.16666666666666666,29,109,0.21014492753623187
SHORT_1.5_001,1.5,SHORT,2024-01-15T08:30:00.000000000Z,london,monday,4.599999999999049,-1.3999999999980695,1.1200000000000099,1.50000000000039,0.12499999999982653,30,108,0.21739130434782608
SHORT_1.5_001,1.5,SHORT,2024-01-15T08:31:00.000000000Z,london,monday,4.599999999999049,-1.7000000000000348,1.0899999999998133,1.5999999999999348,0.15596330275232348,31,107,0.2246376811594203
SHORT_1.5_001,1.5,SHORT,2024-01-15T08:32:00.000000000Z,london,monday,5.20000000000076,-2.20000000000109,1.1399999999999189,1.5999999999999348,0.19298245614046022,32,106,0.2318840579710145
SHORT_1.5_001,1.5,SHORT,2024-01-15T08:33:00.000000000Z,london,monday,5.20000000000076,-2.80000000000058,1.0799999999999699,1.4249999999998986,0.2592592592593202,33,105,0.2391304347826087
SHORT_1.5_001,1.5,SHORT,2024-01-15T08:34:00.000000000Z,london,monday,5.20000000000076,-5.20000000000076,0.8600000000000829,0.6000000000000449,0.6046511627907277,34,104,0.2463768115942029
SHORT_1.5_001,1.5,SHORT,2024-01-15T08:35:00.000000000Z,london,monday,5.00000000000167,-4.900000000001015,0.8500000000002395,0.4250000000005638,0.5764705882352511,35,103,0.2536231884057971
SHORT_1.5_001,1.5,SHORT,2024-01-15T08:36:00.000000000Z,london,monday,5.399999999999849,-5.399999999999849,0.9000000000001229,0.20000000000020002,0.5999999999999013,36,102,0.2608695652173913
SHORT_1.5_001,1.5,SHORT,2024-01-15T08:37:00.000000000Z,london,monday,4.999999999999449,-4.500000000000615,0.9099999999999664,0.2999999999997449,0.4945054945055803,37,101,0.26811594202898553
SHORT_1.5_001,1.5,SHORT,2024-01-15T08:38:00.000000000Z,london,monday,4.3999999999999595,-2.100000000000435,0.8699999999999264,0.5249999999995536,0.24137931034489798,38,100,0.2753623188405797
SHORT_1.5_001,1.5,SHORT,2024-01-15T08:39:00.000000000Z,london,monday,4.3999999999999595,-1.900000000001345,0.8899999999998354,0.7499999999993623,0.21348314606760635,39,99,0.2826086956521739
SHORT_1.5_001,1.5,SHORT,2024-01-15T08:40:00.000000000Z,london,monday,2.4999999999986144,1.0999999999983245,0.5899999999998684,0.7249999999997536,0.1864406779658593,40,98,0.2898550724637681
SHORT_1.5_001,1.5,SHORT,2024-01-15T08:41:00.000000000Z,london,monday,2.4999999999986144,-1.5999999999993797,0.6999999999999229,1.074999999999826,0.22857142857136514,41,97,0.2971014492753623
SHORT_1.5_001,1.5,SHORT,2024-01-15T08:42:00.000000000Z,london,monday,2.4999999999986144,0.6000000000017103,0.6399999999999739,1.0250000000000536,0.09375000000027105,42,96,0.30434782608695654
SHORT_1.5_001,1.5,SHORT,2024-01-15T08:43:00.000000000Z,london,monday,2.4999999999986144,1.2999999999996348,0.7099999999997664,0.9749999999997261,0.18309859154930458,43,95,0.3115942028985507
SHORT_1.5_001,1.5,SHORT,2024-01-15T08:44:00.000000000Z,london,monday,2.4999999999986144,1.7000000000000348,0.7299999999996754,0.9499999999995623,0.23287671232887547,44,94,0.3188405797101449
SHORT_1.5_001,1.5,SHORT,2024-01-15T08:45:00.000000000Z,london,monday,2.4999999999986144,-0.10000000000065512,0.8899999999996133,0.8999999999997899,0.011235955056258266,45,93,0.32608695652173914
SHORT_1.5_001,1.5,SHORT,2024-01-15T08:46:00.000000000Z,london,monday,2.4999999999986144,1.5999999999993797,0.9599999999998499,0.9999999999998899,0.1666666666666281,46,92,0.3333333333333333
SHORT_1.5_001,1.5,SHORT,2024-01-15T08:47:00.000000000Z,london,monday,2.2999999999995246,1.500000000000945,0.9500000000000064,0.900000000000345,0.15789473684220368,47,91,0.34057971014492755
SHORT_1.5_001,1.5,SHORT,2024-01-15T08:48:00.000000000Z,london,monday,2.2999999999995246,-0.9999999999998899,1.000000000000112,1.200000000000645,0.0999999999999778,48,90,0.34782608695652173
SHORT_1.5_001,1.5,SHORT,2024-01-15T08:49:00.000000000Z,london,monday,2.2999999999995246,-1.7000000000000348,0.9300000000000974,0.8500000000005725,0.18279569892471578,49,89,0.35507246376811596
SHORT_1.5_001,1.5,SHORT,2024-01-15T08:50:00.000000000Z,london,monday,1.8999999999991246,-0.4999999999988347,0.9700000000001374,0.7500000000004725,0.051546391752449884,50,88,0.36231884057971014
SHORT_1.5_001,1.5,SHORT,2024-01-15T08:51:00.000000000Z,london,monday,1.8999999999991246,1.40000000000029,0.780000000000225,0.6500000000003725,0.1794871794871649,51,87,0.3695652173913043
SHORT_1.5_001,1.5,SHORT,2024-01-15T08:52:00.000000000Z,london,monday,1.7000000000000348,0.5999999999994898,0.700000000000145,0.27500000000013625,0.08571428571419508,52,86,0.37681159420289856
SHORT_1.5_001,1.5,SHORT,2024-01-15T08:53:00.000000000Z,london,monday,1.7000000000000348,-0.5999999999994898,0.660000000000327,0.3000000000003,0.09090909090896857,53,85,0.38405797101449274
SHORT_1.5_001,1.5,SHORT,2024-01-15T08:54:00.000000000Z,london,monday,1.7000000000000348,-0.5999999999994898,0.660000000000327,0.17500000000003624,0.09090909090896857,54,84,0.391304347826087
SHORT_1.5_001,1.5,SHORT,2024-01-15T08:55:00.000000000Z,london,monday,1.80000000000069,-0.1999999999990898,0.620000000000287,0.49999999999994493,0.03225806451596729,55,83,0.39855072463768115
SHORT_1.5_001,1.5,SHORT,2024-01-15T08:56:00.000000000Z,london,monday,1.9999999999997797,-1.5999999999993797,0.520000000000076,0.5499999999997174,0.30769230769214345,56,82,0.4057971014492754
SHORT_1.5_001,1.5,SHORT,2024-01-15T08:57:00.000000000Z,london,monday,1.9999999999997797,-1.9999999999997797,0.48000000000003595,0.4499999999996174,0.4166666666665896,57,81,0.41304347826086957
SHORT_1.5_001,1.5,SHORT,2024-01-15T08:58:00.000000000Z,london,monday,1.5999999999993797,-0.10000000000065512,0.3699999999997594,0.47499999999922604,0.02702702702722166,58,80,0.42028985507246375
SHORT_1.5_001,1.5,SHORT,2024-01-15T08:59:00.000000000Z,london,monday,1.5999999999993797,-0.5999999999994898,0.3599999999996939,0.1999999999990898,0.16666666666666666,59,79,0.427536231884058
SHORT_1.5_001,1.5,SHORT,2024-01-15T09:00:00.000000000Z,london,monday,2.60000000000149,-2.60000000000149,0.3999999999997339,0.4499999999996174,0.6500000000008049,60,78,0.43478260869565216
SHORT_1.5_001,1.5,SHORT,2024-01-15T09:01:00.000000000Z,london,monday,3.6999999999998145,-3.6999999999998145,0.5099999999995664,0.7249999999991985,0.7254901960790119,61,77,0.4420289855072464
SHORT_1.5_001,1.5,SHORT,2024-01-15T09:02:00.000000000Z,london,monday,5.800000000000249,-5.800000000000249,0.7199999999996098,1.1499999999997623,0.8055555555560268,62,76,0.4492753623188406
SHORT_1.5_001,1.5,SHORT,2024-01-15T09:03:00.000000000Z,london,monday,5.699999999999594,-5.1000000000001044,0.7099999999995443,1.174999999999926,0.7183098591554052,63,75,0.45652173913043476
SHORT_1.5_001,1.5,SHORT,2024-01-15T09:04:00.000000000Z,london,monday,5.699999999999594,-4.899999999998794,0.7299999999996754,0.9999999999998899,0.6712328767124621,64,74,0.463768115942029
SHORT_1.5_001,1.5,SHORT,2024-01-15T09:05:00.000000000Z,london,monday,4.599999999999049,-3.5999999999991594,0.5999999999997119,0.7250000000003087,0.6000000000001481,65,73,0.47101449275362317
SHORT_1.5_001,1.5,SHORT,2024-01-15T09:06:00.000000000Z,london,monday,4.599999999999049,-2.4000000000001798,0.6799999999997919,0.4500000000001725,0.3529411764707227,66,72,0.4782608695652174
SHORT_1.5_001,1.5,SHORT,2024-01-15T09:07:00.000000000Z,london,monday,4.599999999999049,-2.900000000001235,0.7299999999998974,0.5000000000005,0.39726027397282776,67,71,0.4855072463768116
SHORT_1.5_001,1.5,SHORT,2024-01-15T09:08:00.000000000Z,london,monday,4.599999999999049,-3.9999999999995595,0.7600000000000939,0.5500000000002725,0.5263157894735612,68,70,0.4927536231884058
SHORT_1.5_001,1.5,SHORT,2024-01-15T09:09:00.000000000Z,london,monday,4.3999999999999595,-3.20000000000098,0.8000000000001339,0.700000000000145,0.40000000000005553,69,69,0.5
SHORT_1.5_001,1.5,SHORT,2024-01-15T09:10:00.000000000Z,london,monday,3.1999999999987594,-1.7999999999984695,0.700000000000145,0.5000000000005,0.2571428571425852,70,68,0.5072463768115942
SHORT_1.5_001,1.5,SHORT,2024-01-15T09:11:00.000000000Z,london,monday,2.100000000000435,-0.40000000000040004,0.620000000000287,0.4500000000001725,0.06451612903229273,71,67,0.5144927536231884
SHORT_1.5_001,1.5,SHORT,2024-01-15T09:12:00.000000000Z,london,monday,1.9999999999997797,1.9999999999997797,0.440000000000218,0.3500000000000725,0.4545454545451793,72,66,0.5217391304347826
SHORT_1.5_001,1.5,SHORT,2024-01-15T09:13:00.000000000Z,london,monday,1.7000000000000348,0.0,0.580000000000247,0.6250000000002087,0.0,73,65,0.5289855072463768
SHORT_1.5_001,1.5,SHORT,2024-01-15T09:14:00.000000000Z,london,monday,1.7000000000000348,0.4999999999988347,0.6300000000001305,0.8249999999998536,0.07936507936487797,74,64,0.5362318840579711
SHORT_1.5_001,1.5,SHORT,2024-01-15T09:15:00.000000000Z,london,monday,1.7000000000000348,-0.20000000000131024,0.700000000000145,0.9249999999999536,0.028571428571609832,75,63,0.5434782608695652
SHORT_1.5_001,1.5,SHORT,2024-01-15T09:16:00.000000000Z,london,monday,2.4000000000001798,-2.20000000000109,0.700000000000145,1.0999999999999899,0.31428571428580493,76,62,0.5507246376811594
SHORT_1.5_001,1.5,SHORT,2024-01-15T09:17:00.000000000Z,london,monday,2.8999999999990145,-2.1999999999988695,0.6999999999999229,0.7999999999996898,0.3142857142855874,77,61,0.5579710144927537
SHORT_1.5_001,1.5,SHORT,2024-01-15T09:18:00.000000000Z,london,monday,3.4000000000000696,-1.9999999999997797,0.6800000000000139,0.6749999999999812,0.2941176470587851,78,60,0.5652173913043478
SHORT_1.5_001,1.5,SHORT,2024-01-15T09:19:00.000000000Z,london,monday,3.4000000000000696,-1.5999999999993797,0.7200000000000539,0.7499999999999174,0.22222222222211943,79,59,0.572463768115942
SHORT_1.5_001,1.5,SHORT,2024-01-15T09:20:00.000000000Z,london,monday,3.4000000000000696,-2.100000000000435,0.7299999999998974,0.5749999999998812,0.28767123287681234,80,58,0.5797101449275363
SHORT_1.5_001,1.5,SHORT,2024-01-15T09:21:00.000000000Z,london,monday,3.4000000000000696,-0.700000000000145,0.8699999999999264,0.8750000000001812,0.080459770114966,81,57,0.5869565217391305
SHORT_1.5_001,1.5,SHORT,2024-01-15T09:22:00.000000000Z,london,monday,3.4000000000000696,-1.100000000000545,0.8500000000000174,0.7750000000000812,0.12941176470594382,82,56,0.5942028985507246
SHORT_1.5_001,1.5,SHORT,2024-01-15T09:23:00.000000000Z,london,monday,2.6999999999999247,0.10000000000065512,0.7299999999998974,0.6499999999998174,0.013698630137077969,83,55,0.6014492753623188
SHORT_1.5_001,1.5,SHORT,2024-01-15T09:24:00.000000000Z,london,monday,2.6999999999999247,-1.100000000000545,0.6500000000000394,0.6250000000002087,0.16923076923084282,84,54,0.6086956521739131
SHORT_1.5_001,1.5,SHORT,2024-01-15T09:25:00.000000000Z,london,monday,2.4000000000001798,-1.1999999999989797,0.6599999999998829,0.3999999999998449,0.18181818181805948,85,53,0.6159420289855072
SHORT_1.5_001,1.5,SHORT,2024-01-15T09:26:00.000000000Z,london,monday,2.4000000000001798,0.9999999999998899,0.6799999999997919,0.6749999999994261,0.14705882352944058,86,52,0.6231884057971014
SHORT_1.5_001,1.5,SHORT,2024-01-15T09:27:00.000000000Z,london,monday,2.4000000000001798,1.4999999999987246,0.6299999999999084,0.5499999999997174,0.23809523809507027,87,51,0.6304347826086957
SHORT_1.5_001,1.5,SHORT,2024-01-15T09:28:00.000000000Z,london,monday,2.4000000000001798,1.5999999999993797,0.6199999999998429,0.5999999999994898,0.2580645161289976,88,50,0.6376811594202898
SHORT_1.5_001,1.5,SHORT,2024-01-15T09:29:00.000000000Z,london,monday,1.7000000000000348,0.5000000000010552,0.5299999999996974,0.4249999999994536,0.09433962264176239,89,49,0.644927536231884
SHORT_1.5_001,1.5,SHORT,2024-01-15T09:30:00.000000000Z,london,monday,2.80000000000058,2.80000000000058,0.6999999999997009,0.6249999999996536,0.40000000000025376,90,48,0.6521739130434783
SHORT_1.5_001,1.5,SHORT,2024-01-15T09:31:00.000000000Z,london,monday,2.6999999999999247,-0.40000000000040004,0.6799999999997919,0.9999999999998899,0.05882352941184154,91,47,0.6594202898550725
SHORT_1.5_001,1.5,SHORT,2024-01-15T09:32:00.000000000Z,london,monday,2.6999999999999247,-0.700000000000145,0.7099999999997664,0.9999999999998899,0.0985915492958275,92,46,0.6666666666666666
SHORT_1.5_001,1.5,SHORT,2024-01-15T09:33:00.000000000Z,london,monday,2.6999999999999247,-0.20000000000131024,0.6599999999998829,0.9750000000002812,0.0303030303032342,93,45,0.6739130434782609
SHORT_1.5_001,1.5,SHORT,2024-01-15T09:34:00.000000000Z,london,monday,3.6999999999998145,-1.7999999999984695,0.8199999999995988,0.9249999999999536,0.21951219512187198,94,44,0.6811594202898551
SHORT_1.5_001,1.5,SHORT,2024-01-15T09:35:00.000000000Z,london,monday,6.200000000000649,-3.5000000000007248,0.9899999999998244,1.174999999999926,0.3535353535354895,95,43,0.6884057971014492
SHORT_1.5_001,1.5,SHORT,2024-01-15T09:36:00.000000000Z,london,monday,6.300000000001305,-4.8000000000003595,0.8799999999999919,1.0999999999999899,0.5454545454545914,96,42,0.6956521739130435
SHORT_1.5_001,1.5,SHORT,2024-01-15T09:37:00.000000000Z,london,monday,9.500000000000064,-7.999999999999119,1.1999999999998678,1.8999999999996797,0.6666666666666666,97,41,0.7028985507246377
SHORT_1.5_001,1.5,SHORT,2024-01-15T09:38:00.000000000Z,london,monday,10.799999999999699,-8.899999999998354,1.2899999999997913,1.774999999999971,0.6899224806201391,98,40,0.7101449275362319
SHORT_1.5_001,1.5,SHORT,2024-01-15T09:39:00.000000000Z,london,monday,10.799999999999699,-6.6000000000010495,1.4999999999998348,1.6999999999994797,0.4400000000001184,99,39,0.717391304347826
SHORT_1.5_001,1.5,SHORT,2024-01-15T09:40:00.000000000Z,london,monday,10.799999999999699,-8.900000000000574,1.3299999999998313,1.7499999999992522,0.6691729323309551,100,38,0.7246376811594203
SHORT_1.5_001,1.5,SHORT,2024-01-15T09:41:00.000000000Z,london,monday,9.299999999998754,-6.900000000000794,1.2299999999996203,1.074999999999271,0.5609756097563353,101,37,0.7318840579710145
SHORT_1.5_001,1.5,SHORT,2024-01-15T09:42:00.000000000Z,london,monday,8.899999999998354,-6.899999999998574,1.2299999999993982,0.8499999999989072,0.560975609756256,102,36,0.7391304347826086
SHORT_1.5_001,1.5,SHORT,2024-01-15T09:43:00.000000000Z,london,monday,8.899999999998354,-7.199999999998319,1.2599999999993727,0.37499999999912603,0.5714285714287225,103,35,0.7463768115942029
SHORT_1.5_001,1.5,SHORT,2024-01-15T09:44:00.000000000Z,london,monday,7.099999999999884,-6.399999999999739,1.1799999999995148,0.5499999999991623,0.5423728813561332,104,34,0.7536231884057971
SHORT_1.5_001,1.5,SHORT,2024-01-15T09:45:00.000000000Z,london,monday,4.599999999999049,-2.8999999999990145,1.0299999999994203,0.6749999999994261,0.2815533980583152,105,33,0.7608695652173914
SHORT_1.5_001,1.5,SHORT,2024-01-15T09:46:00.000000000Z,london,monday,4.499999999998394,-3.1000000000003247,1.0499999999995513,0.6500000000003725,0.29523809523825234,106,32,0.7681159420289855
SHORT_1.5_001,1.5,SHORT,2024-01-15T09:47:00.000000000Z,london,monday,3.1999999999987594,-2.100000000000435,0.9499999999995623,1.1250000000001537,0.221052631579095,107,31,0.7753623188405797
SHORT_1.5_001,1.5,SHORT,2024-01-15T09:48:00.000000000Z,london,monday,3.1999999999987594,0.09999999999843467,0.9099999999995223,1.0999999999999899,0.010989010988844744,108,30,0.782608695652174
SHORT_1.5_001,1.5,SHORT,2024-01-15T09:49:00.000000000Z,london,monday,3.1999999999987594,-0.2999999999997449,0.8699999999997043,1.30000000000019,0.03448275862067205,109,29,0.7898550724637681
SHORT_1.5_001,1.5,SHORT,2024-01-15T09:50:00.000000000Z,london,monday,3.1999999999987594,-0.8999999999992347,0.9299999999996533,1.4499999999995072,0.09677419354834088,110,28,0.7971014492753623
SHORT_1.5_001,1.5,SHORT,2024-01-15T09:51:00.000000000Z,london,monday,3.1999999999987594,-2.8999999999990145,1.0299999999998644,1.2750000000000261,0.28155339805819385,111,27,0.8043478260869565
SHORT_1.5_001,1.5,SHORT,2024-01-15T09:52:00.000000000Z,london,monday,2.80000000000058,-2.100000000000435,1.0300000000000864,1.1500000000003174,0.20388349514565618,112,26,0.8115942028985508
SHORT_1.5_001,1.5,SHORT,2024-01-15T09:53:00.000000000Z,london,monday,2.6999999999999247,-1.2000000000012,1.060000000000061,0.8500000000000174,0.11320754716991803,113,25,0.8188405797101449
SHORT_1.5_001,1.5,SHORT,2024-01-15T09:54:00.000000000Z,london,monday,2.6999999999999247,0.1999999999990898,1.000000000000112,0.7250000000003087,0.01999999999990674,114,24,0.8260869565217391
SHORT_1.5_001,1.5,SHORT,2024-01-15T09:55:00.000000000Z,london,monday,3.6999999999998145,1.1999999999989797,1.100000000000101,0.8500000000000174,0.10909090909080632,115,23,0.8333333333333334
SHORT_1.5_001,1.5,SHORT,2024-01-15T09:56:00.000000000Z,london,monday,3.6999999999998145,1.3000000000018552,1.0899999999998133,0.7999999999996898,0.11926605504606219,116,22,0.8405797101449275
SHORT_1.5_001,1.5,SHORT,2024-01-15T09:57:00.000000000Z,london,monday,3.6999999999998145,2.500000000000835,0.9699999999999154,0.8999999999997899,0.25773195876299515,117,21,0.8478260869565217
SHORT_1.5_001,1.5,SHORT,2024-01-15T09:58:00.000000000Z,london,monday,3.4000000000000696,0.8000000000008001,0.9600000000000719,0.9999999999998899,0.08333333333341043,118,20,0.855072463768116
SHORT_1.5_001,1.5,SHORT,2024-01-15T09:59:00.000000000Z,london,monday,3.4000000000000696,-0.1999999999990898,0.8600000000000829,0.700000000000145,0.02325581395338029,119,19,0.8623188405797102
SHORT_1.5_001,1.5,SHORT,2024-01-15T10:00:00.000000000Z,london,monday,3.8999999999989043,-1.9999999999997797,1.040000000000152,1.3250000000003537,0.19230769230764302,120,18,0.8695652173913043
SHORT_1.5_001,1.5,SHORT,2024-01-15T10:01:00.000000000Z,london,monday,3.8999999999989043,-0.4999999999988347,0.8900000000000574,1.0750000000003812,0.05617977528076432,121,17,0.8768115942028986
SHORT_1.5_001,1.5,SHORT,2024-01-15T10:02:00.000000000Z,london,monday,4.999999999999449,-1.9999999999997797,0.9600000000000719,1.1500000000003174,0.2083333333332948,122,16,0.8840579710144928
SHORT_1.5_001,1.5,SHORT,2024-01-15T10:03:00.000000000Z,london,monday,5.999999999999339,-3.5999999999991594,1.000000000000112,1.2000000000000899,0.35999999999987564,123,15,0.8913043478260869
SHORT_1.5_001,1.5,SHORT,2024-01-15T10:04:00.000000000Z,london,monday,7.500000000000284,-5.5000000000005045,1.1100000000001664,0.900000000000345,0.4954954954954667,124,14,0.8985507246376812
SHORT_1.5_001,1.5,SHORT,2024-01-15T10:05:00.000000000Z,london,monday,7.500000000000284,-6.999999999999229,0.960000000000294,1.0250000000006088,0.7291666666663631,125,13,0.9057971014492754
SHORT_1.5_001,1.5,SHORT,2024-01-15T10:06:00.000000000Z,london,monday,7.300000000001194,-6.099999999999994,1.0100000000003995,0.9250000000005087,0.6039603960393646,126,12,0.9130434782608695
SHORT_1.5_001,1.5,SHORT,2024-01-15T10:07:00.000000000Z,london,monday,6.300000000001305,-5.300000000001415,0.9300000000005415,0.7250000000008638,0.5698924731180999,127,11,0.9202898550724637
SHORT_1.5_001,1.5,SHORT,2024-01-15T10:08:00.000000000Z,london,monday,6.300000000001305,-4.60000000000127,0.860000000000527,0.37500000000079137,0.5348837209300524,128,10,0.927536231884058
SHORT_1.5_001,1.5,SHORT,2024-01-15T10:09:00.000000000Z,london,monday,7.4000000000018495,-7.4000000000018495,0.980000000000425,0.7500000000004725,0.7551020408161878,129,9,0.9347826086956522
SHORT_1.5_001,1.5,SHORT,2024-01-15T10:10:00.000000000Z,london,monday,5.700000000001815,-5.700000000001815,0.8100000000004215,0.8250000000004087,0.7037037037035616,130,8,0.9420289855072463
SHORT_1.5_001,1.5,SHORT,2024-01-15T10:11:00.000000000Z,london,monday,5.700000000001815,-4.900000000001015,0.8900000000005015,0.9750000000002812,0.5505617977526127,131,7,0.9492753623188406
SHORT_1.5_001,1.5,SHORT,2024-01-15T10:12:00.000000000Z,london,monday,5.20000000000076,-5.20000000000076,0.920000000000476,1.30000000000019,0.565217391304138,132,6,0.9565217391304348
SHORT_1.5_001,1.5,SHORT,2024-01-15T10:13:00.000000000Z,london,monday,4.20000000000087,-3.9999999999995595,0.840000000000618,0.8500000000005725,0.4761904761900734,133,5,0.9637681159420289
SHORT_1.5_001,1.5,SHORT,2024-01-15T10:14:00.000000000Z,london,monday,3.900000000001125,-1.80000000000069,0.760000000000316,0.7750000000000812,0.2368421052631502,134,4,0.9710144927536232
SHORT_1.5_001,1.5,SHORT,2024-01-15T10:15:00.000000000Z,london,monday,4.500000000000615,-3.8000000000004697,0.8600000000000829,0.9499999999995623,0.44186046511629107,135,3,0.9782608695652174
SHORT_1.5_001,1.5,SHORT,2024-01-15T10:16:00.000000000Z,london,monday,4.700000000001925,-4.700000000001925,0.8100000000001994,0.6499999999998174,0.5802469135803416,136,2,0.9855072463768116
SHORT_1.5_001,1.5,SHORT,2024-01-15T10:17:00.000000000Z,london,monday,5.699999999999594,-5.699999999999594,0.9099999999999664,0.8999999999992347,0.6263736263736049,137,1,0.9927536231884058
SHORT_1.5_001,1.5,SHORT,2024-01-15T10:18:00.000000000Z,london,monday,7.299999999998974,-7.299999999998974,1.0699999999999044,1.1499999999997623,0.6822429906541707,138,0,1.0
SHORT_1.5_002,1.5,SHORT,2024-01-15T10:30:00.000000000Z,london,monday,4.599999999999049,4.199999999998649,0.8199999999998209,1.1499999999997623,0.5121951219511667,0,16,0.0
SHORT_1.5_002,1.5,SHORT,2024-01-15T10:31:00.000000000Z,london,monday,4.599999999999049,2.5999999999992696,0.8999999999996788,1.4249999999998986,0.28888888888891084,1,15,0.0625
SHORT_1.5_002,1.5,SHORT,2024-01-15T10:32:00.000000000Z,london,monday,4.599999999999049,3.4000000000000696,0.8199999999995988,1.1999999999995348,0.4146341463416748,2,14,0.125
SHORT_1.5_002,1.5,SHORT,2024-01-15T10:33:00.000000000Z,london,monday,4.199999999998649,3.5999999999991594,0.8399999999995078,1.174999999999371,0.42857142857157965,3,13,0.1875
SHORT_1.5_002,1.5,SHORT,2024-01-15T10:34:00.000000000Z,london,monday,3.6999999999998145,1.500000000000945,0.9499999999995623,0.8499999999994623,0.15789473684227748,4,12,0.25
SHORT_1.5_002,1.5,SHORT,2024-01-15T10:35:00.000000000Z,london,monday,3.1999999999987594,-0.2999999999997449,0.9299999999996533,0.7499999999999174,0.03225806451611363,5,11,0.3125
SHORT_1.5_002,1.5,SHORT,2024-01-15T10:36:00.000000000Z,london,monday,3.1999999999987594,0.1999999999990898,0.8799999999997699,0.7499999999999174,0.02272727272717524,6,10,0.375
SHORT_1.5_002,1.5,SHORT,2024-01-15T10:37:00.000000000Z,london,monday,3.1000000000003247,0.9000000000014552,0.9500000000000064,0.800000000000245,0.09473684210541569,7,9,0.4375
SHORT_1.5_002,1.5,SHORT,2024-01-15T10:38:00.000000000Z,london,monday,2.9999999999996696,0.0,0.8599999999998609,0.40000000000040004,0.0,8,8,0.5
SHORT_1.5_002,1.5,SHORT,2024-01-15T10:39:00.000000000Z,london,monday,2.9999999999996696,1.7000000000000348,0.8899999999998354,0.4500000000001725,0.19101123595509542,9,7,0.5625
SHORT_1.5_002,1.5,SHORT,2024-01-15T10:40:00.000000000Z,london,monday,2.9999999999996696,-1.7000000000000348,0.6500000000000394,0.5750000000004363,0.261538461538451,10,6,0.625
SHORT_1.5_002,1.5,SHORT,2024-01-15T10:41:00.000000000Z,london,monday,2.4000000000001798,-0.5999999999994898,0.5399999999999849,0.3999999999998449,0.11111111111101973,11,5,0.6875
SHORT_1.5_002,1.5,SHORT,2024-01-15T10:42:00.000000000Z,london,monday,2.4000000000001798,-0.20000000000131024,0.5799999999998029,0.4999999999993898,0.03448275862092728,12,4,0.75
SHORT_1.5_002,1.5,SHORT,2024-01-15T10:43:00.000000000Z,london,monday,2.4000000000001798,-1.9999999999997797,0.6399999999997519,0.5499999999991623,0.31250000000008676,13,3,0.8125
SHORT_1.5_002,1.5,SHORT,2024-01-15T10:44:00.000000000Z,london,monday,1.80000000000069,0.10000000000065512,0.5299999999999194,0.5499999999991623,0.01886792452842836,14,2,0.875
SHORT_1.5_002,1.5,SHORT,2024-01-15T10:45:00.000000000Z,london,monday,1.80000000000069,0.9000000000014552,0.4499999999998394,0.5249999999995536,0.20000000000039475,15,1,0.9375
SHORT_1.5_002,1.5,SHORT,2024-01-15T10:46:00.000000000Z,london,monday,1.900000000001345,-0.10000000000065512,0.5500000000000504,0.6750000000005363,0.018181818181935625,16,0,1.0
SHORT_1.5_003,1.5,SHORT,2024-01-15T11:25:00.000000000Z,london,monday,3.1000000000003247,2.300000000001745,0.6900000000000794,1.000000000000445,0.33333333333354787,0,253,0.0
SHORT_1.5_003,1.5,SHORT,2024-01-15T11:26:00.000000000Z,london,monday,3.2999999999994145,1.9999999999997797,0.6599999999998829,0.8999999999997899,0.3030303030303234,1,252,0.003952569169960474
SHORT_1.5_003,1.5,SHORT,2024-01-15T11:27:00.000000000Z,london,monday,3.5999999999991594,2.2999999999995246,0.6899999999998574,0.5249999999995536,0.3333333333333333,2,251,0.007905138339920948
SHORT_1.5_003,1.5,SHORT,2024-01-15T11:28:00.000000000Z,london,monday,3.5999999999991594,1.900000000001345,0.6899999999998574,0.5249999999995536,0.27536231884083157,3,250,0.011857707509881422
SHORT_1.5_003,1.5,SHORT,2024-01-15T11:29:00.000000000Z,london,monday,5.1000000000001044,5.1000000000001044,0.7099999999999884,0.5999999999994898,0.718309859154956,4,249,0.015810276679841896
SHORT_1.5_003,1.5,SHORT,2024-01-15T11:30:00.000000000Z,london,monday,5.00000000000167,4.100000000000215,0.7299999999998974,0.6999999999995898,0.5616438356165467,5,248,0.019762845849802372
SHORT_1.5_003,1.5,SHORT,2024-01-15T11:31:00.000000000Z,london,monday,5.20000000000076,4.599999999999049,0.7799999999997809,0.8249999999992985,0.5897435897436335,6,247,0.023715415019762844
SHORT_1.5_003,1.5,SHORT,2024-01-15T11:32:00.000000000Z,london,monday,5.40000000000207,5.40000000000207,0.7399999999997409,0.8249999999998536,0.729729729730265,7,246,0.02766798418972332
SHORT_1.5_003,1.5,SHORT,2024-01-15T11:33:00.000000000Z,london,monday,3.8000000000004697,2.60000000000149,0.6599999999996609,0.6499999999998174,0.39393939393982214,8,245,0.03162055335968379
SHORT_1.5_003,1.5,SHORT,2024-01-15T11:34:00.000000000Z,london,monday,3.8000000000004697,1.100000000000545,0.8099999999997554,0.9249999999999536,0.13580246913591076,9,244,0.03557312252964427
SHORT_1.5_003,1.5,SHORT,2024-01-15T11:35:00.000000000Z,london,monday,2.6999999999999247,-0.20000000000131024,0.6799999999995698,0.7499999999999174,0.029411764706093642,10,243,0.039525691699604744
SHORT_1.5_003,1.5,SHORT,2024-01-15T11:36:00.000000000Z,london,monday,2.6999999999999247,1.5999999999993797,0.8599999999996388,1.1999999999995348,0.18604651162791297,11,242,0.043478260869565216
SHORT_1.5_003,1.5,SHORT,2024-01-15T11:37:00.000000000Z,london,monday,2.6999999999999247,1.900000000001345,0.8899999999998354,1.0999999999999899,0.21348314606760635,12,241,0.04743083003952569
SHORT_1.5_003,1.5,SHORT,2024-01-15T11:38:00.000000000Z,london,monday,3.9999999999995595,3.4000000000000696,0.9999999999998899,0.9999999999998899,0.34000000000004443,13,240,0.05138339920948617
SHORT_1.5_003,1.5,SHORT,2024-01-15T11:39:00.000000000Z,london,monday,3.9999999999995595,1.5999999999993797,0.8399999999999519,1.000000000000445,0.19047619047612754,14,239,0.05533596837944664
SHORT_1.5_003,1.5,SHORT,2024-01-15T11:40:00.000000000Z,london,monday,4.799999999998139,3.0999999999981043,0.8699999999999264,0.7250000000003087,0.35632183908027204,15,238,0.05928853754940711
SHORT_1.5_003,1.5,SHORT,2024-01-15T11:41:00.000000000Z,london,monday,4.799999999998139,-0.5999999999994898,1.0799999999999699,1.2999999999996348,0.05555555555550987,16,237,0.06324110671936758
SHORT_1.5_003,1.5,SHORT,2024-01-15T11:42:00.000000000Z,london,monday,4.799999999998139,-0.700000000000145,1.0699999999999044,0.9999999999998899,0.06542056074768295,17,236,0.06719367588932806
SHORT_1.5_003,1.5,SHORT,2024-01-15T11:43:00.000000000Z,london,monday,4.799999999998139,0.7999999999985796,1.0199999999997988,1.0999999999994348,0.07843137254889582,18,235,0.07114624505928854
SHORT_1.5_003,1.5,SHORT,2024-01-15T11:44:00.000000000Z,london,monday,4.799999999998139,2.2999999999995246,0.8699999999997043,0.9249999999993985,0.2643678160919892,19,234,0.07509881422924901
SHORT_1.5_003,1.5,SHORT,2024-01-15T11:45:00.000000000Z,london,monday,4.699999999999704,0.20000000000131024,1.0599999999998388,0.6999999999995898,0.01886792452842836,20,233,0.07905138339920949
SHORT_1.5_003,1.5,SHORT,2024-01-15T11:46:00.000000000Z,london,monday,5.499999999998284,-2.7999999999983594,0.9599999999998499,0.9249999999993985,0.2916666666665414,21,232,0.08300395256916997
SHORT_1.5_003,1.5,SHORT,2024-01-15T11:47:00.000000000Z,london,monday,5.499999999998284,-0.8000000000008001,1.1599999999996058,1.4499999999995072,0.06896551724147172,22,231,0.08695652173913043
SHORT_1.5_003,1.5,SHORT,2024-01-15T11:48:00.000000000Z,london,monday,5.499999999998284,-1.9999999999997797,1.0399999999997078,1.4249999999998986,0.19230769230772515,23,230,0.09090909090909091
SHORT_1.5_003,1.5,SHORT,2024-01-15T11:49:00.000000000Z,london,monday,5.499999999998284,-3.4000000000000696,1.1799999999997368,1.30000000000019,0.28813559322040916,24,229,0.09486166007905138
SHORT_1.5_003,1.5,SHORT,2024-01-15T11:50:00.000000000Z,london,monday,5.499999999998284,-4.299999999999304,1.0899999999998133,1.0500000000002174,0.39449541284404044,25,228,0.09881422924901186
SHORT_1.5_003,1.5,SHORT,2024-01-15T11:51:00.000000000Z,london,monday,3.1999999999987594,-1.500000000000945,0.8099999999999774,0.4250000000005638,0.18518518518530702,26,227,0.10276679841897234
SHORT_1.5_003,1.5,SHORT,2024-01-15T11:52:00.000000000Z,london,monday,4.599999999999049,-4.100000000000215,1.0499999999997733,1.0250000000000536,0.3904761904762952,27,226,0.1067193675889328
SHORT_1.5_003,1.5,SHORT,2024-01-15T11:53:00.000000000Z,london,monday,4.599999999999049,-3.9999999999995595,1.0599999999998388,0.7999999999996898,0.37735849056605353,28,225,0.11067193675889328
SHORT_1.5_003,1.5,SHORT,2024-01-15T11:54:00.000000000Z,london,monday,4.3999999999999595,-3.60000000000138,1.0599999999998388,0.8499999999994623,0.3396226415096158,29,224,0.11462450592885376
SHORT_1.5_003,1.5,SHORT,2024-01-15T11:55:00.000000000Z,london,monday,4.100000000000215,-1.3000000000018552,0.8899999999998354,0.8999999999992347,0.14606741573057255,30,223,0.11857707509881422
SHORT_1.5_003,1.5,SHORT,2024-01-15T11:56:00.000000000Z,london,monday,4.100000000000215,1.1999999999989797,0.9399999999999409,0.6499999999998174,0.1276595744679846,31,222,0.1225296442687747
SHORT_1.5_003,1.5,SHORT,2024-01-15T11:57:00.000000000Z,london,monday,4.299999999999304,0.2999999999997449,0.8500000000000174,0.9249999999999536,0.03529411764702809,32,221,0.12648221343873517
SHORT_1.5_003,1.5,SHORT,2024-01-15T11:58:00.000000000Z,london,monday,4.8000000000003595,0.700000000000145,0.8900000000000574,1.000000000000445,0.07865168539326964,33,220,0.13043478260869565
SHORT_1.5_003,1.5,SHORT,2024-01-15T11:59:00.000000000Z,london,monday,4.8000000000003595,0.8000000000008001,0.8799999999999919,1.2750000000005812,0.09090909090918266,34,219,0.13438735177865613
SHORT_1.5_003,1.5,SHORT,2024-01-15T12:00:00.000000000Z,london,monday,4.8000000000003595,0.5000000000010552,0.9099999999999664,0.9750000000002812,0.054945054945172926,35,218,0.1383399209486166
SHORT_1.5_003,1.5,SHORT,2024-01-15T12:01:00.000000000Z,london,monday,4.8000000000003595,0.2999999999997449,0.9300000000000974,0.6250000000007638,0.03225806451609822,36,217,0.1422924901185771
SHORT_1.5_003,1.5,SHORT,2024-01-15T12:02:00.000000000Z,london,monday,4.8000000000003595,2.9999999999996696,0.700000000000367,0.5500000000008276,0.42857142857115665,37,216,0.14624505928853754
SHORT_1.5_003,1.5,SHORT,2024-01-15T12:03:00.000000000Z,london,monday,4.20000000000087,2.1999999999988695,0.660000000000549,0.2500000000010827,0.3333333333328848,38,215,0.15019762845849802
SHORT_1.5_003,1.5,SHORT,2024-01-15T12:04:00.000000000Z,london,monday,5.5000000000005045,5.5000000000005045,0.9900000000007125,1.0500000000013276,0.5555555555552066,39,214,0.1541501976284585
SHORT_1.5_003,1.5,SHORT,2024-01-15T12:05:00.000000000Z,london,monday,6.700000000001705,6.700000000001705,1.1100000000008325,1.3500000000010726,0.6036036036033045,40,213,0.15810276679841898
SHORT_1.5_003,1.5,SHORT,2024-01-15T12:06:00.000000000Z,london,monday,5.20000000000076,4.900000000001015,0.9900000000007125,1.3750000000006812,0.49494949494924123,41,212,0.16205533596837945
SHORT_1.5_003,1.5,SHORT,2024-01-15T12:07:00.000000000Z,london,monday,5.00000000000167,2.6999999999999247,0.8700000000008146,1.4500000000006175,0.31034482758590765,42,211,0.16600790513833993
SHORT_1.5_003,1.5,SHORT,2024-01-15T12:08:00.000000000Z,london,monday,5.00000000000167,2.5999999999992696,0.860000000000749,0.6750000000005363,0.3023255813950006,43,210,0.16996047430830039
SHORT_1.5_003,1.5,SHORT,2024-01-15T12:09:00.000000000Z,london,monday,6.500000000000394,5.899999999998684,0.9100000000006325,0.7750000000000812,0.6483516483510531,44,209,0.17391304347826086
SHORT_1.5_003,1.5,SHORT,2024-01-15T12:10:00.000000000Z,london,monday,6.800000000000139,6.499999999998174,0.9100000000006325,0.7750000000000812,0.7142857142850171,45,208,0.17786561264822134
SHORT_1.5_003,1.5,SHORT,2024-01-15T12:11:00.000000000Z,london,monday,7.200000000000539,7.200000000000539,0.920000000000476,0.7499999999999174,0.7826086956518277,46,207,0.18181818181818182
SHORT_1.5_003,1.5,SHORT,2024-01-15T12:12:00.000000000Z,london,monday,7.900000000000684,7.699999999999374,0.9700000000003595,0.8249999999998536,0.793814432989332,47,206,0.1857707509881423
SHORT_1.5_003,1.5,SHORT,2024-01-15T12:13:00.000000000Z,london,monday,9.40000000000163,9.40000000000163,1.100000000000323,0.7250000000003087,0.8545454545453518,48,205,0.18972332015810275
SHORT_1.5_003,1.5,SHORT,2024-01-15T12:14:00.000000000Z,london,monday,6.500000000000394,6.500000000000394,0.8100000000001994,0.800000000000245,0.8024691358023203,49,204,0.19367588932806323
SHORT_1.5_003,1.5,SHORT,2024-01-15T12:15:00.000000000Z,london,monday,5.800000000000249,4.999999999999449,0.660000000000105,0.700000000000145,0.7575757575755537,50,203,0.1976284584980237
SHORT_1.5_003,1.5,SHORT,2024-01-15T12:16:00.000000000Z,london,monday,5.800000000000249,5.199999999998539,0.640000000000196,0.5500000000002725,0.8124999999995229,51,202,0.2015810276679842
SHORT_1.5_003,1.5,SHORT,2024-01-15T12:17:00.000000000Z,london,monday,6.999999999999229,6.999999999999229,0.7200000000000539,0.49999999999994493,0.9722222222220424,52,201,0.20553359683794467
SHORT_1.5_003,1.5,SHORT,2024-01-15T12:18:00.000000000Z,london,monday,7.200000000000539,7.200000000000539,0.740000000000185,0.5000000000005,0.9729729729728027,53,200,0.20948616600790515
SHORT_1.5_003,1.5,SHORT,2024-01-15T12:19:00.000000000Z,london,monday,5.300000000001415,2.9999999999996696,0.780000000000447,1.0750000000009363,0.38461538461512185,54,199,0.2134387351778656
SHORT_1.5_003,1.5,SHORT,2024-01-15T12:20:00.000000000Z,london,monday,5.00000000000167,2.80000000000058,0.760000000000538,1.0750000000009363,0.3684210526313944,55,198,0.21739130434782608
SHORT_1.5_003,1.5,SHORT,2024-01-15T12:21:00.000000000Z,london,monday,4.60000000000127,2.9999999999996696,0.780000000000447,0.9000000000009001,0.38461538461512185,56,197,0.22134387351778656
SHORT_1.5_003,1.5,SHORT,2024-01-15T12:22:00.000000000Z,london,monday,3.900000000001125,1.2999999999996348,0.8100000000004215,1.000000000000445,0.16049382716036523,57,196,0.22529644268774704
SHORT_1.5_003,1.5,SHORT,2024-01-15T12:23:00.000000000Z,london,monday,4.20000000000087,-1.80000000000069,0.820000000000265,0.8249999999998536,0.21951219512196443,58,195,0.22924901185770752
SHORT_1.5_003,1.5,SHORT,2024-01-15T12:24:00.000000000Z,london,monday,4.60000000000127,-2.80000000000058,0.800000000000356,0.8999999999997899,0.3499999999999167,59,194,0.233201581027668
SHORT_1.5_003,1.5,SHORT,2024-01-15T12:25:00.000000000Z,london,monday,5.00000000000167,-3.20000000000098,0.840000000000396,0.8500000000000174,0.38095238095231804,60,193,0.23715415019762845
SHORT_1.5_003,1.5,SHORT,2024-01-15T12:26:00.000000000Z,london,monday,5.00000000000167,-1.1999999999989797,1.020000000000465,1.0750000000003812,0.11764705882337574,61,192,0.24110671936758893
SHORT_1.5_003,1.5,SHORT,2024-01-15T12:27:00.000000000Z,london,monday,5.20000000000076,-4.599999999999049,1.100000000000545,1.200000000000645,0.41818181818152456,62,191,0.2450592885375494
SHORT_1.5_003,1.5,SHORT,2024-01-15T12:28:00.000000000Z,london,monday,6.00000000000156,-6.00000000000156,1.120000000000454,1.300000000000745,0.5357142857142079,63,190,0.2490118577075099
SHORT_1.5_003,1.5,SHORT,2024-01-15T12:29:00.000000000Z,london,monday,4.3999999999999595,-3.6999999999998145,0.8900000000002795,1.200000000000645,0.4157303370785003,64,189,0.25296442687747034
SHORT_1.5_003,1.5,SHORT,2024-01-15T12:30:00.000000000Z,london,monday,5.599999999998939,-4.999999999999449,1.000000000000112,1.0250000000000536,0.499999999999889,65,188,0.25691699604743085
SHORT_1.5_003,1.5,SHORT,2024-01-15T12:31:00.000000000Z,london,monday,5.800000000000249,-5.800000000000249,0.960000000000294,0.5500000000002725,0.6041666666665076,66,187,0.2608695652173913
SHORT_1.5_003,1.5,SHORT,2024-01-15T12:32:00.000000000Z,london,monday,4.8000000000003595,-4.599999999999049,0.880000000000436,0.40000000000040004,0.5227272727269057,67,186,0.2648221343873518
SHORT_1.5_003,1.5,SHORT,2024-01-15T12:33:00.000000000Z,london,monday,6.500000000000394,-5.399999999999849,0.960000000000516,1.000000000000445,0.5624999999996819,68,185,0.26877470355731226
SHORT_1.5_003,1.5,SHORT,2024-01-15T12:34:00.000000000Z,london,monday,6.500000000000394,-0.7999999999985796,1.340000000000563,1.7500000000009175,0.059701492537182356,69,184,0.2727272727272727
SHORT_1.5_003,1.5,SHORT,2024-01-15T12:35:00.000000000Z,london,monday,6.500000000000394,-1.3999999999980695,1.400000000000512,1.9500000000005624,0.09999999999982553,70,183,0.2766798418972332
SHORT_1.5_003,1.5,SHORT,2024-01-15T12:36:00.000000000Z,london,monday,6.500000000000394,-2.60000000000149,1.28000000000017,2.074999999999716,0.20312500000008946,71,182,0.28063241106719367
SHORT_1.5_003,1.5,SHORT,2024-01-15T12:37:00.000000000Z,london,monday,4.3999999999999595,-1.40000000000029,1.1600000000000499,1.6999999999994797,0.12068965517243359,72,181,0.2845849802371542
SHORT_1.5_003,1.5,SHORT,2024-01-15T12:38:00.000000000Z,london,monday,4.20000000000087,-2.5999999999992696,1.2799999999999478,1.1499999999992072,0.2031249999999512,73,180,0.2885375494071146
SHORT_1.5_003,1.5,SHORT,2024-01-15T12:39:00.000000000Z,london,monday,4.599999999999049,0.9999999999998899,1.6399999999998638,1.7999999999990246,0.06097560975609591,74,179,0.2924901185770751
SHORT_1.5_003,1.5,SHORT,2024-01-15T12:40:00.000000000Z,london,monday,8.60000000000083,6.200000000000649,1.9200000000001438,2.6249999999999885,0.3229166666666763,75,178,0.2964426877470356
SHORT_1.5_003,1.5,SHORT,2024-01-15T12:41:00.000000000Z,london,monday,11.200000000000099,9.00000000000123,2.1599999999999397,3.049999999999997,0.4166666666667352,76,177,0.30039525691699603
SHORT_1.5_003,1.5,SHORT,2024-01-15T12:42:00.000000000Z,london,monday,11.200000000000099,5.899999999998684,2.429999999999932,3.275000000000361,0.24279835390941765,77,176,0.30434782608695654
SHORT_1.5_003,1.5,SHORT,2024-01-15T12:43:00.000000000Z,london,monday,11.200000000000099,9.799999999999809,2.3400000000000087,2.7500000000008074,0.41880341880340904,78,175,0.308300395256917
SHORT_1.5_003,1.5,SHORT,2024-01-15T12:44:00.000000000Z,london,monday,10.200000000000209,3.1999999999987594,2.1599999999999397,2.3500000000004073,0.14814814814809485,79,174,0.31225296442687744
SHORT_1.5_003,1.5,SHORT,2024-01-15T12:45:00.000000000Z,london,monday,10.200000000000209,3.9999999999995595,2.0799999999998597,1.7500000000003624,0.1923076923076841,80,173,0.31620553359683795
SHORT_1.5_003,1.5,SHORT,2024-01-15T12:46:00.000000000Z,london,monday,10.200000000000209,1.7000000000000348,2.1700000000002273,1.4250000000004537,0.0783410138248782,81,172,0.3201581027667984
SHORT_1.5_003,1.5,SHORT,2024-01-15T12:47:00.000000000Z,london,monday,10.200000000000209,3.5999999999991594,2.180000000000293,1.30000000000019,0.16513761467883833,82,171,0.3241106719367589
SHORT_1.5_003,1.5,SHORT,2024-01-15T12:48:00.000000000Z,london,monday,10.200000000000209,5.999999999999339,2.020000000000355,0.800000000000245,0.29702970297021214,83,170,0.32806324110671936
SHORT_1.5_003,1.5,SHORT,2024-01-15T12:49:00.000000000Z,london,monday,6.6000000000010495,3.8000000000004697,1.800000000000468,1.100000000000545,0.21111111111108233,84,169,0.33201581027667987
SHORT_1.5_003,1.5,SHORT,2024-01-15T12:50:00.000000000Z,london,monday,5.60000000000116,0.700000000000145,1.4900000000004354,0.9250000000005087,0.04697986577180808,85,168,0.3359683794466403
SHORT_1.5_003,1.5,SHORT,2024-01-15T12:51:00.000000000Z,london,monday,5.60000000000116,-3.4000000000000696,1.380000000000603,1.0500000000007725,0.2463768115941003,86,167,0.33992094861660077
SHORT_1.5_003,1.5,SHORT,2024-01-15T12:52:00.000000000Z,london,monday,4.20000000000087,0.700000000000145,1.2100000000003774,1.2500000000004174,0.057851239669415425,87,166,0.3438735177865613
SHORT_1.5_003,1.5,SHORT,2024-01-15T12:53:00.000000000Z,london,monday,4.3999999999999595,0.1999999999990898,1.160000000000272,1.1500000000003174,0.01724137931026232,88,165,0.34782608695652173
SHORT_1.5_003,1.5,SHORT,2024-01-15T12:54:00.000000000Z,london,monday,4.3999999999999595,2.5999999999992696,0.920000000000254,0.9249999999999536,0.2826086956520165,89,164,0.35177865612648224
SHORT_1.5_003,1.5,SHORT,2024-01-15T12:55:00.000000000Z,london,monday,4.3999999999999595,1.40000000000029,1.040000000000152,0.8999999999992347,0.13461538461539282,90,163,0.3557312252964427
SHORT_1.5_003,1.5,SHORT,2024-01-15T12:56:00.000000000Z,london,monday,4.3999999999999595,2.60000000000149,0.9200000000000319,0.6999999999995898,0.28260869565232605,91,162,0.35968379446640314
SHORT_1.5_003,1.5,SHORT,2024-01-15T12:57:00.000000000Z,london,monday,4.199999999998649,-0.7999999999985796,1.060000000000061,1.0499999999996623,0.07547169811306921,92,161,0.36363636363636365
SHORT_1.5_003,1.5,SHORT,2024-01-15T12:58:00.000000000Z,london,monday,4.199999999998649,-0.7999999999985796,1.060000000000061,1.1499999999997623,0.07547169811306921,93,160,0.3675889328063241
SHORT_1.5_003,1.5,SHORT,2024-01-15T12:59:00.000000000Z,london,monday,4.199999999998649,-1.5999999999993797,0.9799999999999809,0.9500000000001174,0.16326530612238888,94,159,0.3715415019762846
SHORT_1.5_003,1.5,SHORT,2024-01-15T13:00:00.000000000Z,london,monday,6.099999999999994,-5.40000000000207,1.1799999999999589,1.5750000000003261,0.45762711864425915,95,158,0.37549407114624506
SHORT_1.5_003,1.5,SHORT,2024-01-15T13:01:00.000000000Z,london,monday,6.099999999999994,-2.5999999999992696,1.1600000000000499,1.300000000000745,0.22413793103441015,96,157,0.3794466403162055
SHORT_1.5_003,1.5,SHORT,2024-01-15T13:02:00.000000000Z,london,monday,6.099999999999994,-4.199999999998649,1.080000000000192,1.300000000000745,0.3888888888886947,97,156,0.383399209486166
SHORT_1.5_003,1.5,SHORT,2024-01-15T13:03:00.000000000Z,london,monday,6.199999999998429,-6.199999999998429,1.080000000000192,1.400000000000845,0.5740740740738266,98,155,0.38735177865612647
SHORT_1.5_003,1.5,SHORT,2024-01-15T13:04:00.000000000Z,london,monday,7.599999999998719,-7.599999999998719,1.220000000000221,1.0250000000006088,0.6229508196719133,99,154,0.391304347826087
SHORT_1.5_003,1.5,SHORT,2024-01-15T13:05:00.000000000Z,london,monday,6.200000000000649,-4.8000000000003595,1.220000000000443,1.0500000000002174,0.3934426229507063,100,153,0.3952569169960474
SHORT_1.5_003,1.5,SHORT,2024-01-15T13:06:00.000000000Z,london,monday,6.00000000000156,-6.00000000000156,1.340000000000563,1.3500000000005175,0.44776119402977904,101,152,0.39920948616600793
SHORT_1.5_003,1.5,SHORT,2024-01-15T13:07:00.000000000Z,london,monday,4.999999999999449,-3.9999999999995595,1.140000000000363,1.2000000000000899,0.3508771929823058,102,151,0.4031620553359684
SHORT_1.5_003,1.5,SHORT,2024-01-15T13:08:00.000000000Z,london,monday,6.399999999999739,-5.800000000000249,1.240000000000352,1.2000000000000899,0.4677419354837583,103,150,0.40711462450592883
SHORT_1.5_003,1.5,SHORT,2024-01-15T13:09:00.000000000Z,london,monday,9.00000000000123,-9.00000000000123,1.440000000000552,1.50000000000039,0.6249999999998458,104,149,0.41106719367588934
SHORT_1.5_003,1.5,SHORT,2024-01-15T13:10:00.000000000Z,london,monday,7.4000000000018495,-4.299999999999304,1.3300000000004975,1.5500000000001624,0.3233082706765185,105,148,0.4150197628458498
SHORT_1.5_003,1.5,SHORT,2024-01-15T13:11:00.000000000Z,london,monday,7.4000000000018495,-4.20000000000087,1.340000000000341,1.80000000000069,0.31343283582088066,106,147,0.4189723320158103
SHORT_1.5_003,1.5,SHORT,2024-01-15T13:12:00.000000000Z,london,monday,7.0000000000014495,-4.999999999999449,1.4200000000001989,1.7500000000003624,0.3521126760562499,107,146,0.42292490118577075
SHORT_1.5_003,1.5,SHORT,2024-01-15T13:13:00.000000000Z,london,monday,6.00000000000156,-4.8000000000003595,1.40000000000029,1.30000000000019,0.34285714285709756,108,145,0.4268774703557312
SHORT_1.5_003,1.5,SHORT,2024-01-15T13:14:00.000000000Z,london,monday,6.00000000000156,-3.4000000000000696,1.260000000000261,0.8500000000000174,0.2698412698412195,109,144,0.4308300395256917
SHORT_1.5_003,1.5,SHORT,2024-01-15T13:15:00.000000000Z,london,monday,6.00000000000156,-5.399999999999849,1.180000000000181,0.6499999999998174,0.45762711864398486,110,143,0.43478260869565216
SHORT_1.5_003,1.5,SHORT,2024-01-15T13:16:00.000000000Z,london,monday,4.3999999999999595,-1.5999999999993797,1.2399999999999078,0.8999999999997899,0.12903225806447569,111,142,0.43873517786561267
SHORT_1.5_003,1.5,SHORT,2024-01-15T13:17:00.000000000Z,london,monday,4.00000000000178,-0.20000000000131024,1.3000000000000789,0.9499999999995623,0.01538461538471524,112,141,0.4426877470355731
SHORT_1.5_003,1.5,SHORT,2024-01-15T13:18:00.000000000Z,london,monday,3.8000000000004697,1.100000000000545,1.1699999999998933,0.974999999999171,0.09401709401714917,113,140,0.44664031620553357
SHORT_1.5_003,1.5,SHORT,2024-01-15T13:19:00.000000000Z,london,monday,5.60000000000116,5.60000000000116,1.0999999999996568,1.2999999999990797,0.5090909090911734,114,139,0.4505928853754941
SHORT_1.5_003,1.5,SHORT,2024-01-15T13:20:00.000000000Z,london,monday,4.999999999999449,3.8000000000004697,0.9199999999995878,0.7499999999993623,0.41304347826110566,115,138,0.45454545454545453
SHORT_1.5_003,1.5,SHORT,2024-01-15T13:21:00.000000000Z,london,monday,4.999999999999449,2.4000000000001798,0.7799999999995588,0.4999999999993898,0.3076923076925048,116,137,0.45849802371541504
SHORT_1.5_003,1.5,SHORT,2024-01-15T13:22:00.000000000Z,london,monday,4.999999999999449,1.9999999999997797,0.8199999999995988,0.8749999999996261,0.24390243902448272,117,136,0.4624505928853755
SHORT_1.5_003,1.5,SHORT,2024-01-15T13:23:00.000000000Z,london,monday,4.999999999999449,2.80000000000058,0.7399999999995188,0.3999999999998449,0.37837837837870275,118,135,0.466403162055336
SHORT_1.5_003,1.5,SHORT,2024-01-15T13:24:00.000000000Z,london,monday,4.999999999999449,2.4000000000001798,0.7799999999995588,0.49999999999994493,0.3076923076925048,119,134,0.47035573122529645
SHORT_1.5_003,1.5,SHORT,2024-01-15T13:25:00.000000000Z,london,monday,4.999999999999449,4.199999999998649,0.8399999999995078,0.7999999999996898,0.5000000000001321,120,133,0.4743083003952569
SHORT_1.5_003,1.5,SHORT,2024-01-15T13:26:00.000000000Z,london,monday,2.80000000000058,0.8000000000008001,0.7399999999995188,0.6999999999995898,0.10810810810828653,121,132,0.4782608695652174
SHORT_1.5_003,1.5,SHORT,2024-01-15T13:27:00.000000000Z,london,monday,1.9999999999997797,0.9000000000014552,0.7499999999995843,0.9749999999997261,0.12000000000026054,122,131,0.48221343873517786
SHORT_1.5_003,1.5,SHORT,2024-01-15T13:28:00.000000000Z,london,monday,2.9999999999996696,-1.100000000000545,0.9499999999997844,1.3999999999997348,0.11578947368429418,123,130,0.48616600790513836
SHORT_1.5_003,1.5,SHORT,2024-01-15T13:29:00.000000000Z,london,monday,2.9999999999996696,-2.9999999999996696,0.7599999999998719,1.0999999999999899,0.3947368421052862,124,129,0.4901185770750988
SHORT_1.5_003,1.5,SHORT,2024-01-15T13:30:00.000000000Z,london,monday,2.9999999999996696,-0.40000000000040004,1.0199999999997988,1.4500000000000624,0.03921568627455676,125,128,0.49407114624505927
SHORT_1.5_003,1.5,SHORT,2024-01-15T13:31:00.000000000Z,london,monday,4.100000000000215,1.100000000000545,1.1699999999998933,1.5500000000001624,0.09401709401714917,126,127,0.4980237154150198
SHORT_1.5_003,1.5,SHORT,2024-01-15T13:32:00.000000000Z,london,monday,4.199999999998649,2.7999999999983594,1.0199999999997988,1.0499999999996623,0.2745098039214619,127,126,0.5019762845849802
SHORT_1.5_003,1.5,SHORT,2024-01-15T13:33:00.000000000Z,london,monday,4.199999999998649,2.4000000000001798,1.0599999999996168,1.1499999999992072,0.22641509433972146,128,125,0.5059288537549407
SHORT_1.5_003,1.5,SHORT,2024-01-15T13:34:00.000000000Z,london,monday,4.500000000000615,3.5000000000007248,1.0899999999995913,0.6749999999994261,0.32110091743137953,129,124,0.5098814229249012
SHORT_1.5_003,1.5,SHORT,2024-01-15T13:35:00.000000000Z,london,monday,5.1000000000001044,2.900000000001235,1.0299999999996423,0.44999999999906226,0.2815533980584701,130,123,0.5138339920948617
SHORT_1.5_003,1.5,SHORT,2024-01-15T13:36:00.000000000Z,london,monday,5.1000000000001044,2.1999999999988695,1.0999999999998789,0.8999999999997899,0.19999999999991927,131,122,0.5177865612648221
SHORT_1.5_003,1.5,SHORT,2024-01-15T13:37:00.000000000Z,london,monday,5.1000000000001044,-0.40000000000040004,1.1399999999996968,1.174999999999926,0.035087719298290035,132,121,0.5217391304347826
SHORT_1.5_003,1.5,SHORT,2024-01-15T13:38:00.000000000Z,london,monday,5.1000000000001044,2.5999999999992696,1.0199999999995768,1.2249999999996986,0.25490196078434785,133,120,0.525691699604743
SHORT_1.5_003,1.5,SHORT,2024-01-15T13:39:00.000000000Z,london,monday,5.1000000000001044,2.4999999999986144,1.0299999999996423,1.0999999999999899,0.2427184466018915,134,119,0.5296442687747036
SHORT_1.5_003,1.5,SHORT,2024-01-15T13:40:00.000000000Z,london,monday,3.4000000000000696,-0.8000000000008001,0.8399999999997299,0.7999999999996898,0.09523809523822112,135,118,0.5335968379446641
SHORT_1.5_003,1.5,SHORT,2024-01-15T13:41:00.000000000Z,london,monday,3.900000000001125,-2.900000000001235,0.7499999999995843,0.5749999999998812,0.38666666666704563,136,117,0.5375494071146245
SHORT_1.5_003,1.5,SHORT,2024-01-15T13:42:00.000000000Z,london,monday,3.900000000001125,-2.4999999999986144,0.7899999999998464,0.47500000000033626,0.3164556962024178,137,116,0.541501976284585
SHORT_1.5_003,1.5,SHORT,2024-01-15T13:43:00.000000000Z,london,monday,3.900000000001125,-1.80000000000069,0.7800000000000029,0.5250000000001087,0.23076923076931835,138,115,0.5454545454545454
SHORT_1.5_003,1.5,SHORT,2024-01-15T13:44:00.000000000Z,london,monday,3.900000000001125,-2.100000000000435,0.7500000000000284,0.4500000000001725,0.2800000000000474,139,114,0.549407114624506
SHORT_1.5_003,1.5,SHORT,2024-01-15T13:45:00.000000000Z,london,monday,3.900000000001125,-2.6999999999999247,0.6900000000000794,0.3000000000003,0.391304347826031,140,113,0.5533596837944664
SHORT_1.5_003,1.5,SHORT,2024-01-15T13:46:00.000000000Z,london,monday,1.9999999999997797,-1.1999999999989797,0.5399999999999849,0.27500000000013625,0.22222222222203947,141,112,0.5573122529644269
SHORT_1.5_003,1.5,SHORT,2024-01-15T13:47:00.000000000Z,london,monday,1.40000000000029,-0.10000000000065512,0.4300000000001525,0.3000000000003,0.02325581395363248,142,111,0.5612648221343873
SHORT_1.5_003,1.5,SHORT,2024-01-15T13:48:00.000000000Z,london,monday,1.40000000000029,-0.5999999999994898,0.380000000000269,0.3000000000003,0.15789473684185923,143,110,0.5652173913043478
SHORT_1.5_003,1.5,SHORT,2024-01-15T13:49:00.000000000Z,london,monday,1.6000000000016001,0.30000000000196536,0.4500000000002835,0.5000000000005,0.06666666666706142,144,109,0.5691699604743083
SHORT_1.5_003,1.5,SHORT,2024-01-15T13:50:00.000000000Z,london,monday,2.20000000000109,1.6000000000016001,0.440000000000218,0.5500000000002725,0.36363636363654717,145,108,0.5731225296442688
SHORT_1.5_003,1.5,SHORT,2024-01-15T13:51:00.000000000Z,london,monday,2.900000000001235,2.900000000001235,0.4500000000002835,0.6250000000002087,0.6444444444443128,146,107,0.5770750988142292
SHORT_1.5_003,1.5,SHORT,2024-01-15T13:52:00.000000000Z,london,monday,2.500000000000835,1.100000000000545,0.5300000000001415,0.8500000000000174,0.20754716981136817,147,106,0.5810276679841897
SHORT_1.5_003,1.5,SHORT,2024-01-15T13:53:00.000000000Z,london,monday,2.500000000000835,0.2999999999997449,0.5500000000002725,0.7750000000000812,0.05454545454538114,148,105,0.5849802371541502
SHORT_1.5_003,1.5,SHORT,2024-01-15T13:54:00.000000000Z,london,monday,2.500000000000835,-0.700000000000145,0.5700000000001815,0.7750000000000812,0.12280701754384599,149,104,0.5889328063241107
SHORT_1.5_003,1.5,SHORT,2024-01-15T13:55:00.000000000Z,london,monday,2.500000000000835,0.0,0.640000000000196,0.7750000000000812,0.0,150,103,0.5928853754940712
SHORT_1.5_003,1.5,SHORT,2024-01-15T13:56:00.000000000Z,london,monday,2.500000000000835,0.2999999999997449,0.6100000000002215,0.47500000000033626,0.049180327868792784,151,102,0.5968379446640316
SHORT_1.5_003,1.5,SHORT,2024-01-15T13:57:00.000000000Z,london,monday,2.500000000000835,0.40000000000040004,0.600000000000156,0.4250000000000087,0.06666666666671602,152,101,0.6007905138339921
SHORT_1.5_003,1.5,SHORT,2024-01-15T13:58:00.000000000Z,london,monday,2.4000000000001798,1.40000000000029,0.700000000000145,0.6250000000002087,0.2,153,100,0.6047430830039525
SHORT_1.5_003,1.5,SHORT,2024-01-15T13:59:00.000000000Z,london,monday,2.4000000000001798,0.3999999999981796,0.640000000000196,0.5000000000005,0.06249999999969642,154,99,0.6086956521739131
SHORT_1.5_003,1.5,SHORT,2024-01-15T14:00:00.000000000Z,london,monday,2.4000000000001798,-0.5999999999994898,0.6200000000000649,0.5749999999998812,0.09677419354829467,155,98,0.6126482213438735
SHORT_1.5_003,1.5,SHORT,2024-01-15T14:01:00.000000000Z,london,monday,2.4000000000001798,-0.10000000000065512,0.6699999999999484,0.7999999999996898,0.014925373134427286,156,97,0.616600790513834
SHORT_1.5_003,1.5,SHORT,2024-01-15T14:02:00.000000000Z,london,monday,2.5999999999992696,-1.40000000000029,0.7999999999999119,1.0999999999994348,0.1750000000000555,157,96,0.6205533596837944
SHORT_1.5_003,1.5,SHORT,2024-01-15T14:03:00.000000000Z,london,monday,3.9999999999995595,-2.2999999999995246,0.8899999999998354,1.3999999999991797,0.25842696629212925,158,95,0.6245059288537549
SHORT_1.5_003,1.5,SHORT,2024-01-15T14:04:00.000000000Z,london,monday,4.599999999999049,-2.2999999999995246,0.8899999999998354,1.4499999999995072,0.25842696629212925,159,94,0.6284584980237155
SHORT_1.5_003,1.5,SHORT,2024-01-15T14:05:00.000000000Z,london,monday,7.800000000000029,-6.200000000000649,1.1399999999999189,1.9500000000000073,0.5438596491229027,160,93,0.6324110671936759
SHORT_1.5_003,1.5,SHORT,2024-01-15T14:06:00.000000000Z,london,monday,10.000000000001119,-8.300000000001084,1.3499999999999623,1.8500000000004624,0.6148148148149123,161,92,0.6363636363636364
SHORT_1.5_003,1.5,SHORT,2024-01-15T14:07:00.000000000Z,london,monday,10.499999999999954,-8.500000000000174,1.3699999999998713,1.6250000000000986,0.6204379562044505,162,91,0.6403162055335968
SHORT_1.5_003,1.5,SHORT,2024-01-15T14:08:00.000000000Z,london,monday,11.200000000000099,-10.600000000000609,1.2999999999998568,1.6500000000002624,0.815384615384752,163,90,0.6442687747035574
SHORT_1.5_003,1.5,SHORT,2024-01-15T14:09:00.000000000Z,london,monday,11.200000000000099,-9.399999999999409,1.3799999999997148,1.0999999999999899,0.681159420289953,164,89,0.6482213438735178
SHORT_1.5_003,1.5,SHORT,2024-01-15T14:10:00.000000000Z,london,monday,11.200000000000099,-9.80000000000203,1.4199999999999768,0.7499999999999174,0.6901408450705767,165,88,0.6521739130434783
SHORT_1.5_003,1.5,SHORT,2024-01-15T14:11:00.000000000Z,london,monday,11.200000000000099,-10.600000000000609,1.3400000000001189,0.7250000000003087,0.7910447761193783,166,87,0.6561264822134387
SHORT_1.5_003,1.5,SHORT,2024-01-15T14:12:00.000000000Z,london,monday,8.60000000000083,-8.20000000000043,1.100000000000101,0.6000000000000449,0.7454545454545161,167,86,0.6600790513833992
SHORT_1.5_003,1.5,SHORT,2024-01-15T14:13:00.000000000Z,london,monday,7.200000000000539,-6.699999999999484,0.9700000000001374,0.37500000000023626,0.6907216494843851,168,85,0.6640316205533597
SHORT_1.5_003,1.5,SHORT,2024-01-15T14:14:00.000000000Z,london,monday,6.900000000000794,-6.900000000000794,0.9900000000002684,0.37500000000023626,0.6969696969695882,169,84,0.6679841897233202
SHORT_1.5_003,1.5,SHORT,2024-01-15T14:15:00.000000000Z,london,monday,3.6999999999998145,-2.80000000000058,0.7600000000000939,0.49999999999994493,0.3684210526316097,170,83,0.6719367588932806
SHORT_1.5_003,1.5,SHORT,2024-01-15T14:16:00.000000000Z,london,monday,1.4999999999987246,-0.4999999999988347,0.5500000000000504,0.47500000000033626,0.0909090909088707,171,82,0.6758893280632411
SHORT_1.5_003,1.5,SHORT,2024-01-15T14:17:00.000000000Z,london,monday,1.8999999999991246,0.8999999999992347,0.5900000000000905,0.6749999999999812,0.15254237288120284,172,81,0.6798418972332015
SHORT_1.5_003,1.5,SHORT,2024-01-15T14:18:00.000000000Z,london,monday,1.8999999999991246,0.1999999999990898,0.660000000000105,0.8249999999998536,0.030303030302887574,173,80,0.6837944664031621
SHORT_1.5_003,1.5,SHORT,2024-01-15T14:19:00.000000000Z,london,monday,2.4000000000001798,-1.80000000000069,0.660000000000105,0.8500000000000174,0.2727272727273339,174,79,0.6877470355731226
SHORT_1.5_003,1.5,SHORT,2024-01-15T14:20:00.000000000Z,london,monday,2.4000000000001798,-0.9999999999998899,0.5800000000000249,0.8249999999998536,0.17241379310342186,175,78,0.691699604743083
SHORT_1.5_003,1.5,SHORT,2024-01-15T14:21:00.000000000Z,london,monday,2.5999999999992696,-1.5999999999993797,0.5599999999998939,0.6499999999998174,0.2857142857142291,176,77,0.6956521739130435
SHORT_1.5_003,1.5,SHORT,2024-01-15T14:22:00.000000000Z,london,monday,2.5999999999992696,0.2999999999997449,0.7099999999999884,0.7249999999997536,0.04225352112672533,177,76,0.6996047430830039
SHORT_1.5_003,1.5,SHORT,2024-01-15T14:23:00.000000000Z,london,monday,2.5999999999992696,0.8999999999992347,0.7699999999999374,0.6499999999998174,0.11688311688302701,178,75,0.7035573122529645
SHORT_1.5_003,1.5,SHORT,2024-01-15T14:24:00.000000000Z,london,monday,3.4000000000000696,2.6999999999999247,0.7899999999998464,0.8999999999997899,0.3417721518987911,179,74,0.7075098814229249
SHORT_1.5_003,1.5,SHORT,2024-01-15T14:25:00.000000000Z,london,monday,3.4000000000000696,0.40000000000040004,0.8399999999999519,1.2000000000000899,0.04761904761909797,180,73,0.7114624505928854
SHORT_1.5_003,1.5,SHORT,2024-01-15T14:26:00.000000000Z,london,monday,3.8999999999989043,2.1999999999988695,1.0199999999997988,1.2499999999998623,0.21568627450973563,181,72,0.7154150197628458
SHORT_1.5_003,1.5,SHORT,2024-01-15T14:27:00.000000000Z,london,monday,3.8999999999989043,0.9999999999998899,0.9599999999998499,1.1499999999997623,0.10416666666667149,182,71,0.7193675889328063
SHORT_1.5_003,1.5,SHORT,2024-01-15T14:28:00.000000000Z,london,monday,3.8999999999989043,1.40000000000029,0.9199999999998099,1.1499999999997623,0.15217391304354122,183,70,0.7233201581027668
SHORT_1.5_003,1.5,SHORT,2024-01-15T14:29:00.000000000Z,london,monday,3.8999999999989043,2.60000000000149,0.8399999999999519,0.8500000000000174,0.30952380952400466,184,69,0.7272727272727273
SHORT_1.5_003,1.5,SHORT,2024-01-15T14:30:00.000000000Z,london,monday,4.3999999999999595,4.20000000000087,0.9999999999998899,0.7750000000000812,0.4200000000001332,185,68,0.7312252964426877
SHORT_1.5_003,1.5,SHORT,2024-01-15T14:31:00.000000000Z,london,monday,4.3999999999999595,3.4000000000000696,1.0799999999999699,0.9500000000001174,0.31481481481483004,186,67,0.7351778656126482
SHORT_1.5_003,1.5,SHORT,2024-01-15T14:32:00.000000000Z,london,monday,2.6999999999999247,1.100000000000545,0.9699999999999154,0.8500000000000174,0.11340206185573617,187,66,0.7391304347826086
SHORT_1.5_003,1.5,SHORT,2024-01-15T14:33:00.000000000Z,london,monday,2.4000000000001798,0.9999999999998899,0.9599999999998499,0.9499999999995623,0.10416666666667149,188,65,0.7430830039525692
SHORT_1.5_003,1.5,SHORT,2024-01-15T14:34:00.000000000Z,london,monday,2.4000000000001798,-0.5000000000010552,0.9099999999999664,0.6749999999999812,0.054945054945172926,189,64,0.7470355731225297
SHORT_1.5_003,1.5,SHORT,2024-01-15T14:35:00.000000000Z,london,monday,2.5999999999992696,-0.1999999999990898,0.8799999999997699,0.6999999999995898,0.02272727272717524,190,63,0.7509881422924901
SHORT_1.5_003,1.5,SHORT,2024-01-15T14:36:00.000000000Z,london,monday,2.5999999999992696,-0.6999999999979245,0.8299999999998864,0.8999999999997899,0.08433734939735185,191,62,0.7549407114624506
SHORT_1.5_003,1.5,SHORT,2024-01-15T14:37:00.000000000Z,london,monday,2.5999999999992696,-1.7999999999984695,0.9399999999999409,1.0999999999999899,0.1914893617019769,192,61,0.758893280632411
SHORT_1.5_003,1.5,SHORT,2024-01-15T14:38:00.000000000Z,london,monday,2.5999999999992696,0.2999999999997449,0.9499999999997844,1.2499999999993072,0.03157894736840137,193,60,0.7628458498023716
SHORT_1.5_003,1.5,SHORT,2024-01-15T14:39:00.000000000Z,london,monday,2.5999999999992696,0.9999999999998899,1.0199999999997988,1.2000000000000899,0.09803921568628304,194,59,0.766798418972332
SHORT_1.5_003,1.5,SHORT,2024-01-15T14:40:00.000000000Z,london,monday,2.5999999999992696,-0.5999999999994898,0.8599999999998609,0.8500000000000174,0.06976744186041708,195,58,0.7707509881422925
SHORT_1.5_003,1.5,SHORT,2024-01-15T14:41:00.000000000Z,london,monday,1.9999999999997797,0.40000000000040004,0.7599999999998719,0.49999999999994493,0.05263157894742993,196,57,0.7747035573122529
SHORT_1.5_003,1.5,SHORT,2024-01-15T14:42:00.000000000Z,london,monday,1.9999999999997797,0.7999999999985796,0.7200000000000539,0.27500000000069136,0.11111111111090552,197,56,0.7786561264822134
SHORT_1.5_003,1.5,SHORT,2024-01-15T14:43:00.000000000Z,london,monday,1.9999999999997797,0.0,0.6800000000000139,0.10000000000010001,0.0,198,55,0.782608695652174
SHORT_1.5_003,1.5,SHORT,2024-01-15T14:44:00.000000000Z,london,monday,1.9999999999997797,0.8000000000008001,0.6599999999998829,0.17500000000003624,0.12121212121226393,199,54,0.7865612648221344
SHORT_1.5_003,1.5,SHORT,2024-01-15T14:45:00.000000000Z,london,monday,1.9999999999997797,1.9999999999997797,0.560000000000116,0.20000000000020002,0.35714285714274385,200,53,0.7905138339920948
SHORT_1.5_003,1.5,SHORT,2024-01-15T14:46:00.000000000Z,london,monday,1.9999999999997797,-0.8000000000008001,0.560000000000116,0.49999999999994493,0.14285714285725615,201,52,0.7944664031620553
SHORT_1.5_003,1.5,SHORT,2024-01-15T14:47:00.000000000Z,london,monday,1.9999999999997797,1.1999999999989797,0.48000000000003595,0.6000000000000449,0.2499999999997687,202,51,0.7984189723320159
SHORT_1.5_003,1.5,SHORT,2024-01-15T14:48:00.000000000Z,london,monday,1.40000000000029,0.30000000000196536,0.3900000000003345,0.5750000000004363,0.07692307692351488,203,50,0.8023715415019763
SHORT_1.5_003,1.5,SHORT,2024-01-15T14:49:00.000000000Z,london,monday,1.500000000000945,-1.500000000000945,0.3900000000003345,0.7750000000006363,0.38461538461529704,204,49,0.8063241106719368
SHORT_1.5_003,1.5,SHORT,2024-01-15T14:50:00.000000000Z,london,monday,2.100000000000435,-2.100000000000435,0.4500000000002835,0.5750000000004363,0.4666666666664693,205,48,0.8102766798418972
SHORT_1.5_003,1.5,SHORT,2024-01-15T14:51:00.000000000Z,london,monday,2.100000000000435,-1.9999999999997797,0.460000000000349,0.4500000000007276,0.4347826086952744,206,47,0.8142292490118577
SHORT_1.5_003,1.5,SHORT,2024-01-15T14:52:00.000000000Z,london,monday,2.20000000000109,-1.9999999999997797,0.460000000000349,0.4500000000007276,0.4347826086952744,207,46,0.8181818181818182
SHORT_1.5_003,1.5,SHORT,2024-01-15T14:53:00.000000000Z,london,monday,2.20000000000109,-1.5999999999993797,0.46000000000057106,0.27500000000069136,0.34782608695595507,208,45,0.8221343873517787
SHORT_1.5_003,1.5,SHORT,2024-01-15T14:54:00.000000000Z,london,monday,2.20000000000109,-2.100000000000435,0.4500000000007276,0.17500000000114646,0.46666666666600876,209,44,0.8260869565217391
SHORT_1.5_003,1.5,SHORT,2024-01-15T14:55:00.000000000Z,london,monday,2.20000000000109,-1.40000000000029,0.5200000000007421,0.3500000000011827,0.26923076923044076,210,43,0.8300395256916996
SHORT_1.5_003,1.5,SHORT,2024-01-15T14:56:00.000000000Z,london,monday,1.7000000000000348,0.8999999999992347,0.4700000000006366,0.5250000000006638,0.1914893617017055,211,42,0.83399209486166
SHORT_1.5_003,1.5,SHORT,2024-01-15T14:57:00.000000000Z,london,monday,2.80000000000058,1.40000000000029,0.5200000000007421,0.7500000000004725,0.26923076923044076,212,41,0.8379446640316206
SHORT_1.5_003,1.5,SHORT,2024-01-15T14:58:00.000000000Z,london,monday,2.80000000000058,0.5999999999994898,0.56000000000056,0.8500000000000174,0.10714285714265889,213,40,0.841897233201581
SHORT_1.5_003,1.5,SHORT,2024-01-15T14:59:00.000000000Z,london,monday,2.80000000000058,1.900000000001345,0.5100000000004545,0.7499999999999174,0.37254901960777487,214,39,0.8458498023715415
SHORT_1.5_003,1.5,SHORT,2024-01-15T15:00:00.000000000Z,london,monday,3.4000000000000696,3.2999999999994145,0.5300000000003635,0.7249999999997536,0.6226415094334248,215,38,0.849802371541502
SHORT_1.5_003,1.5,SHORT,2024-01-15T15:01:00.000000000Z,london,monday,3.4000000000000696,1.1999999999989797,0.720000000000276,0.9499999999995623,0.16666666666646107,216,37,0.8537549407114624
SHORT_1.5_003,1.5,SHORT,2024-01-15T15:02:00.000000000Z,london,monday,3.4000000000000696,0.9999999999998899,0.740000000000185,0.8999999999997899,0.1351351351350865,217,36,0.857707509881423
SHORT_1.5_003,1.5,SHORT,2024-01-15T15:03:00.000000000Z,london,monday,3.4000000000000696,1.4999999999987246,0.7900000000000684,0.9749999999997261,0.1898734177213411,218,35,0.8616600790513834
SHORT_1.5_003,1.5,SHORT,2024-01-15T15:04:00.000000000Z,london,monday,3.4000000000000696,2.9999999999996696,0.8999999999999009,1.0999999999999899,0.3333333333333333,219,34,0.8656126482213439
SHORT_1.5_003,1.5,SHORT,2024-01-15T15:05:00.000000000Z,london,monday,2.9999999999996696,2.9999999999996696,0.8999999999999009,0.800000000000245,0.3333333333333333,220,33,0.8695652173913043
SHORT_1.5_003,1.5,SHORT,2024-01-15T15:06:00.000000000Z,london,monday,2.80000000000058,1.9999999999997797,0.8200000000000429,0.7250000000003087,0.2439024390243506,221,32,0.8735177865612648
SHORT_1.5_003,1.5,SHORT,2024-01-15T15:07:00.000000000Z,london,monday,3.60000000000138,1.80000000000069,0.8000000000001339,0.7750000000006363,0.22500000000004858,222,31,0.8774703557312253
SHORT_1.5_003,1.5,SHORT,2024-01-15T15:08:00.000000000Z,london,monday,3.60000000000138,1.4999999999987246,0.8300000000003305,0.6750000000010914,0.18072289156603943,223,30,0.8814229249011858
SHORT_1.5_003,1.5,SHORT,2024-01-15T15:09:00.000000000Z,london,monday,3.60000000000138,0.8999999999992347,0.8100000000001994,0.5250000000006638,0.11111111111098927,224,29,0.8853754940711462
SHORT_1.5_003,1.5,SHORT,2024-01-15T15:10:00.000000000Z,london,monday,3.60000000000138,-0.700000000000145,0.8100000000004215,0.7000000000007001,0.08641975308639267,225,28,0.8893280632411067
SHORT_1.5_003,1.5,SHORT,2024-01-15T15:11:00.000000000Z,london,monday,3.60000000000138,-0.40000000000040004,0.780000000000447,0.900000000000345,0.05128205128207318,226,27,0.8932806324110671
SHORT_1.5_003,1.5,SHORT,2024-01-15T15:12:00.000000000Z,london,monday,6.200000000000649,-2.5999999999992696,1.000000000000334,1.3249999999997986,0.25999999999984014,227,26,0.8972332015810277
SHORT_1.5_003,1.5,SHORT,2024-01-15T15:13:00.000000000Z,london,monday,6.200000000000649,-1.4999999999987246,1.1100000000003885,1.7250000000001986,0.13513513513497294,228,25,0.9011857707509882
SHORT_1.5_003,1.5,SHORT,2024-01-15T15:14:00.000000000Z,london,monday,6.200000000000649,-2.6999999999999247,0.9900000000002684,1.5499999999996072,0.27272727272719116,229,24,0.9051383399209486
SHORT_1.5_003,1.5,SHORT,2024-01-15T15:15:00.000000000Z,london,monday,6.200000000000649,-2.6999999999999247,0.9900000000002684,1.3249999999997986,0.27272727272719116,230,23,0.9090909090909091
SHORT_1.5_003,1.5,SHORT,2024-01-15T15:16:00.000000000Z,london,monday,6.200000000000649,-2.0999999999982144,1.0300000000003084,0.800000000000245,0.20388349514539666,231,22,0.9130434782608695
SHORT_1.5_003,1.5,SHORT,2024-01-15T15:17:00.000000000Z,london,monday,6.200000000000649,-4.00000000000178,1.040000000000374,0.6000000000006,0.38461538461541744,232,21,0.9169960474308301
SHORT_1.5_003,1.5,SHORT,2024-01-15T15:18:00.000000000Z,london,monday,5.299999999999194,-3.2999999999994145,0.9700000000001374,0.6250000000007638,0.34020618556690174,233,20,0.9209486166007905
SHORT_1.5_003,1.5,SHORT,2024-01-15T15:19:00.000000000Z,london,monday,5.1000000000001044,-3.1000000000003247,0.9500000000002284,0.4250000000005638,0.32631578947363993,234,19,0.924901185770751
SHORT_1.5_003,1.5,SHORT,2024-01-15T15:20:00.000000000Z,london,monday,4.299999999999304,-2.5999999999992696,0.9000000000001229,0.37500000000023626,0.2888888888887683,235,18,0.9288537549407114
SHORT_1.5_003,1.5,SHORT,2024-01-15T15:21:00.000000000Z,london,monday,3.20000000000098,-0.7999999999985796,0.740000000000185,0.14999999999987246,0.10810810810788915,236,17,0.932806324110672
SHORT_1.5_003,1.5,SHORT,2024-01-15T15:22:00.000000000Z,london,monday,3.9999999999995595,3.9999999999995595,0.700000000000145,0.6499999999998174,0.5714285714283902,237,16,0.9367588932806324
SHORT_1.5_003,1.5,SHORT,2024-01-15T15:23:00.000000000Z,london,monday,2.2999999999995246,0.3999999999981796,0.700000000000145,1.0999999999999899,0.057142857142585254,238,15,0.9407114624505929
SHORT_1.5_003,1.5,SHORT,2024-01-15T15:24:00.000000000Z,london,monday,2.500000000000835,2.300000000001745,0.8900000000005015,1.5250000000005537,0.2584269662921853,239,14,0.9446640316205533
SHORT_1.5_003,1.5,SHORT,2024-01-15T15:25:00.000000000Z,london,monday,5.1000000000001044,4.100000000000215,1.0700000000003485,2.1500000000002073,0.38317757009335324,240,13,0.9486166007905138
SHORT_1.5_003,1.5,SHORT,2024-01-15T15:26:00.000000000Z,london,monday,5.699999999999594,4.199999999998649,1.080000000000192,1.7500000000003624,0.3888888888886947,241,12,0.9525691699604744
SHORT_1.5_003,1.5,SHORT,2024-01-15T15:27:00.000000000Z,london,monday,5.699999999999594,3.4000000000000696,1.1600000000000499,1.7500000000003624,0.2931034482758555,242,11,0.9565217391304348
SHORT_1.5_003,1.5,SHORT,2024-01-15T15:28:00.000000000Z,london,monday,5.699999999999594,3.20000000000098,1.1799999999999589,1.3499999999994072,0.2711864406780586,243,10,0.9604743083003953
SHORT_1.5_003,1.5,SHORT,2024-01-15T15:29:00.000000000Z,london,monday,5.699999999999594,4.100000000000215,1.2699999999998823,0.9249999999993985,0.32283464566933817,244,9,0.9644268774703557
SHORT_1.5_003,1.5,SHORT,2024-01-15T15:30:00.000000000Z,london,monday,5.699999999999594,2.100000000000435,1.4699999999998603,1.3499999999994072,0.142857142857186,245,8,0.9683794466403162
SHORT_1.5_003,1.5,SHORT,2024-01-15T15:31:00.000000000Z,london,monday,5.599999999998939,1.40000000000029,1.5199999999997438,1.0499999999991072,0.09210526315792933,246,7,0.9723320158102767
SHORT_1.5_003,1.5,SHORT,2024-01-15T15:32:00.000000000Z,london,monday,5.20000000000076,-0.9999999999998899,1.3199999999999878,0.9999999999998899,0.07575757575756811,247,6,0.9762845849802372
SHORT_1.5_003,1.5,SHORT,2024-01-15T15:33:00.000000000Z,london,monday,5.20000000000076,0.30000000000196536,1.1899999999998023,0.8999999999997899,0.02521008403378279,248,5,0.9802371541501976
SHORT_1.5_003,1.5,SHORT,2024-01-15T15:34:00.000000000Z,london,monday,5.20000000000076,-2.000000000002,1.0199999999997988,0.40000000000040004,0.19607843137278377,249,4,0.9841897233201581
SHORT_1.5_003,1.5,SHORT,2024-01-15T15:35:00.000000000Z,london,monday,5.699999999999594,-5.1000000000001044,0.8099999999997554,0.37500000000023626,0.6296296296298327,250,3,0.9881422924901185
SHORT_1.5_003,1.5,SHORT,2024-01-15T15:36:00.000000000Z,london,monday,6.599999999998829,-6.599999999998829,0.8399999999997299,0.5499999999997174,0.785714285714399,251,2,0.9920948616600791
SHORT_1.5_003,1.5,SHORT,2024-01-15T15:37:00.000000000Z,london,monday,6.6000000000010495,-6.099999999999994,0.7899999999998464,0.7500000000004725,0.7721518987343267,252,1,0.9960474308300395
SHORT_1.5_003,1.5,SHORT,2024-01-15T15:38:00.000000000Z,london,monday,6.900000000000794,-6.00000000000156,0.7800000000000029,0.7499999999999174,0.7692307692309663,253,0,1.0
SHORT_1.5_004,1.5,SHORT,2024-01-15T15:45:00.000000000Z,london,monday,4.60000000000127,2.100000000000435,0.9300000000003195,1.4500000000006175,0.2258064516128724,0,1,0.0
SHORT_1.5_004,1.5,SHORT,2024-01-15T15:46:00.000000000Z,london,monday,4.60000000000127,1.4999999999987246,0.9900000000004905,1.4250000000004537,0.15151515151494763,1,0,1.0
SHORT_1.5_005,1.5,SHORT,2024-01-15T15:54:00.000000000Z,london,monday,7.800000000000029,7.800000000000029,1.080000000000192,0.5749999999998812,0.7222222222220965,0,63,0.0
SHORT_1.5_005,1.5,SHORT,2024-01-15T15:55:00.000000000Z,london,monday,7.900000000000684,6.399999999999739,0.9400000000001629,0.5500000000002725,0.6808510638296414,1,62,0.015873015873015872
SHORT_1.5_005,1.5,SHORT,2024-01-15T15:56:00.000000000Z,london,monday,7.900000000000684,7.500000000000284,0.8300000000001084,0.6500000000003725,0.9036144578312415,2,61,0.031746031746031744
SHORT_1.5_005,1.5,SHORT,2024-01-15T15:57:00.000000000Z,london,monday,7.900000000000684,7.900000000000684,0.8700000000001484,0.6000000000006,0.908045977011418,3,60,0.047619047619047616
SHORT_1.5_005,1.5,SHORT,2024-01-15T15:58:00.000000000Z,london,monday,7.399999999999629,7.399999999999629,0.8200000000000429,0.6000000000006,0.9024390243901514,4,59,0.06349206349206349
SHORT_1.5_005,1.5,SHORT,2024-01-15T15:59:00.000000000Z,london,monday,6.399999999999739,5.399999999999849,0.8200000000000429,0.800000000000245,0.6585365853658008,5,58,0.07936507936507936
SHORT_1.5_005,1.5,SHORT,2024-01-15T16:00:00.000000000Z,other,monday,3.9999999999995595,3.9999999999995595,0.6800000000000139,0.9749999999997261,0.5882352941175703,6,57,0.09523809523809523
SHORT_1.5_005,1.5,SHORT,2024-01-15T16:01:00.000000000Z,other,monday,3.6999999999998145,3.6999999999998145,0.6500000000000394,0.6749999999994261,0.5692307692307061,7,56,0.1111111111111111
SHORT_1.5_005,1.5,SHORT,2024-01-15T16:02:00.000000000Z,other,monday,3.6999999999998145,3.300000000001635,0.6899999999998574,0.6249999999990985,0.4782608695655532,8,55,0.12698412698412698
SHORT_1.5_005,1.5,SHORT,2024-01-15T16:03:00.000000000Z,other,monday,2.2999999999995246,0.8000000000008001,0.6599999999998829,0.6499999999992623,0.12121212121226393,9,54,0.14285714285714285
SHORT_1.5_005,1.5,SHORT,2024-01-15T16:04:00.000000000Z,other,monday,2.4999999999986144,-0.7999999999985796,0.6999999999999229,0.6249999999996536,0.11428571428552396,10,53,0.15873015873015872
SHORT_1.5_005,1.5,SHORT,2024-01-15T16:05:00.000000000Z,other,monday,2.4999999999986144,-0.5999999999994898,0.7199999999998319,0.7249999999997536,0.08333333333328194,11,52,0.1746031746031746
SHORT_1.5_005,1.5,SHORT,2024-01-15T16:06:00.000000000Z,other,monday,2.4999999999986144,0.10000000000065512,0.7099999999997664,0.700000000000145,0.014084507042350427,12,51,0.19047619047619047
SHORT_1.5_005,1.5,SHORT,2024-01-15T16:07:00.000000000Z,other,monday,2.4999999999986144,-1.2000000000012,0.5999999999997119,0.4500000000001725,0.20000000000029605,13,50,0.20634920634920634
SHORT_1.5_005,1.5,SHORT,2024-01-15T16:08:00.000000000Z,other,monday,2.4999999999986144,-1.900000000001345,0.5499999999998284,0.2250000000003638,0.3454545454548978,14,49,0.2222222222222222
SHORT_1.5_005,1.5,SHORT,2024-01-15T16:09:00.000000000Z,other,monday,2.4999999999986144,-0.8000000000008001,0.45999999999990493,0.15000000000042757,0.17391304347847075,15,48,0.23809523809523808
SHORT_1.5_005,1.5,SHORT,2024-01-15T16:10:00.000000000Z,other,monday,2.4999999999986144,-1.1999999999989797,0.42000000000008697,0.2500000000005276,0.2857142857139836,16,47,0.25396825396825395
SHORT_1.5_005,1.5,SHORT,2024-01-15T16:11:00.000000000Z,other,monday,2.4999999999986144,-2.0999999999982144,0.5100000000000104,0.4500000000001725,0.4117647058819944,17,46,0.2698412698412698
SHORT_1.5_005,1.5,SHORT,2024-01-15T16:12:00.000000000Z,other,monday,2.100000000000435,-1.6000000000016001,0.48000000000003595,0.4499999999996174,0.33333333333364173,18,45,0.2857142857142857
SHORT_1.5_005,1.5,SHORT,2024-01-15T16:13:00.000000000Z,other,monday,1.8999999999991246,-1.5999999999993797,0.4799999999998139,0.6999999999990347,0.3333333333333333,19,44,0.30158730158730157
SHORT_1.5_005,1.5,SHORT,2024-01-15T16:14:00.000000000Z,other,monday,1.8999999999991246,0.40000000000040004,0.4799999999998139,0.774999999998971,0.08333333333344899,20,43,0.31746031746031744
SHORT_1.5_005,1.5,SHORT,2024-01-15T16:15:00.000000000Z,other,monday,1.8999999999991246,0.7999999999985796,0.5199999999996319,0.7499999999988072,0.15384615384598962,21,42,0.3333333333333333
SHORT_1.5_005,1.5,SHORT,2024-01-15T16:16:00.000000000Z,other,monday,1.8999999999991246,-0.5999999999994898,0.5999999999994898,0.9999999999987796,0.1,22,41,0.3492063492063492
SHORT_1.5_005,1.5,SHORT,2024-01-15T16:17:00.000000000Z,other,monday,1.8999999999991246,0.1999999999990898,0.6599999999992168,0.8999999999986796,0.030303030302928354,23,40,0.36507936507936506
SHORT_1.5_005,1.5,SHORT,2024-01-15T16:18:00.000000000Z,other,monday,1.8999999999991246,-0.700000000000145,0.7499999999991402,0.8999999999986796,0.09333333333345965,24,39,0.38095238095238093
SHORT_1.5_005,1.5,SHORT,2024-01-15T16:19:00.000000000Z,other,monday,2.2999999999995246,-1.5999999999993797,0.8199999999989327,0.8999999999986796,0.19512195121969053,25,38,0.3968253968253968
SHORT_1.5_005,1.5,SHORT,2024-01-15T16:20:00.000000000Z,other,monday,2.2999999999995246,-2.2999999999995246,0.7499999999989182,0.6249999999990985,0.3066666666670456,26,37,0.4126984126984127
SHORT_1.5_005,1.5,SHORT,2024-01-15T16:21:00.000000000Z,other,monday,2.1999999999988695,-0.700000000000145,0.7299999999990092,0.6249999999996536,0.09589041095905411,27,36,0.42857142857142855
SHORT_1.5_005,1.5,SHORT,2024-01-15T16:22:00.000000000Z,other,monday,2.1999999999988695,-0.4999999999988347,0.7499999999991402,0.4499999999996174,0.06666666666658772,28,35,0.4444444444444444
SHORT_1.5_005,1.5,SHORT,2024-01-15T16:23:00.000000000Z,other,monday,2.1999999999988695,1.7000000000000348,0.7499999999993623,0.5250000000001087,0.22666666666686405,29,34,0.4603174603174603
SHORT_1.5_005,1.5,SHORT,2024-01-15T16:24:00.000000000Z,other,monday,2.1999999999988695,0.1999999999990898,0.6999999999994788,0.6500000000003725,0.028571428571319814,30,33,0.47619047619047616
SHORT_1.5_005,1.5,SHORT,2024-01-15T16:25:00.000000000Z,other,monday,2.1999999999988695,-0.700000000000145,0.6299999999996864,0.5000000000005,0.11111111111118943,31,32,0.49206349206349204
SHORT_1.5_005,1.5,SHORT,2024-01-15T16:26:00.000000000Z,other,monday,2.100000000000435,0.8999999999992347,0.5699999999999594,0.5500000000008276,0.15789473684198224,32,31,0.5079365079365079
SHORT_1.5_005,1.5,SHORT,2024-01-15T16:27:00.000000000Z,other,monday,4.3999999999999595,2.60000000000149,0.740000000000185,0.8750000000007363,0.3513513513514649,33,30,0.5238095238095238
SHORT_1.5_005,1.5,SHORT,2024-01-15T16:28:00.000000000Z,other,monday,4.500000000000615,3.700000000002035,0.6500000000002615,0.7750000000006363,0.5692307692308534,34,29,0.5396825396825397
SHORT_1.5_005,1.5,SHORT,2024-01-15T16:29:00.000000000Z,other,monday,5.1000000000001044,5.1000000000001044,0.6300000000003525,0.900000000000345,0.8095238095233731,35,28,0.5555555555555556
SHORT_1.5_005,1.5,SHORT,2024-01-15T16:30:00.000000000Z,other,monday,5.1000000000001044,4.500000000000615,0.6900000000003015,0.9249999999999536,0.6521739130432824,36,27,0.5714285714285714
SHORT_1.5_005,1.5,SHORT,2024-01-15T16:31:00.000000000Z,other,monday,4.3999999999999595,2.4999999999986144,0.7500000000004725,0.6500000000003725,0.3333333333329386,37,26,0.5873015873015873
SHORT_1.5_005,1.5,SHORT,2024-01-15T16:32:00.000000000Z,other,monday,4.100000000000215,0.7999999999985796,0.860000000000527,0.9750000000002812,0.09302325581373132,38,25,0.6031746031746031
SHORT_1.5_005,1.5,SHORT,2024-01-15T16:33:00.000000000Z,other,monday,3.60000000000138,0.2999999999997449,0.8100000000006435,0.9750000000008363,0.03703703703697612,39,24,0.6190476190476191
SHORT_1.5_005,1.5,SHORT,2024-01-15T16:34:00.000000000Z,other,monday,3.60000000000138,1.80000000000069,0.860000000000527,1.0750000000009363,0.20930232558134731,40,23,0.6349206349206349
SHORT_1.5_005,1.5,SHORT,2024-01-15T16:35:00.000000000Z,other,monday,3.60000000000138,0.2999999999997449,1.0100000000006215,1.1500000000008725,0.02970297029698617,41,22,0.6507936507936508
SHORT_1.5_005,1.5,SHORT,2024-01-15T16:36:00.000000000Z,other,monday,3.300000000001635,0.1999999999990898,1.000000000000556,0.9000000000009001,0.01999999999989786,42,21,0.6666666666666666
SHORT_1.5_005,1.5,SHORT,2024-01-15T16:37:00.000000000Z,other,monday,3.300000000001635,-2.20000000000109,0.760000000000538,0.7500000000004725,0.2894736842104648,43,20,0.6825396825396826
SHORT_1.5_005,1.5,SHORT,2024-01-15T16:38:00.000000000Z,other,monday,3.300000000001635,-2.100000000000435,0.7700000000006035,0.5500000000008276,0.27272727272711544,44,19,0.6984126984126984
SHORT_1.5_005,1.5,SHORT,2024-01-15T16:39:00.000000000Z,other,monday,3.300000000001635,-3.300000000001635,0.7700000000008256,0.30000000000085514,0.4285714285711814,45,18,0.7142857142857143
SHORT_1.5_005,1.5,SHORT,2024-01-15T16:40:00.000000000Z,other,monday,3.1000000000003247,-3.1000000000003247,0.7500000000006946,0.3000000000003,0.4133333333329938,46,17,0.7301587301587301
SHORT_1.5_005,1.5,SHORT,2024-01-15T16:41:00.000000000Z,other,monday,1.9999999999997797,-1.7999999999984695,0.620000000000509,0.3000000000003,0.2903225806446761,47,16,0.746031746031746
SHORT_1.5_005,1.5,SHORT,2024-01-15T16:42:00.000000000Z,other,monday,2.500000000000835,-0.8999999999992347,0.5300000000005856,0.37500000000023626,0.169811320754385,48,15,0.7619047619047619
SHORT_1.5_005,1.5,SHORT,2024-01-15T16:43:00.000000000Z,other,monday,3.300000000001635,-2.300000000001745,0.5500000000004945,0.4250000000000087,0.4181818181817595,49,14,0.7777777777777778
SHORT_1.5_005,1.5,SHORT,2024-01-15T16:44:00.000000000Z,other,monday,3.300000000001635,-3.20000000000098,0.46000000000057106,0.3500000000006276,0.6956521739123929,50,13,0.7936507936507936
SHORT_1.5_005,1.5,SHORT,2024-01-15T16:45:00.000000000Z,other,monday,2.300000000001745,-1.3999999999980695,0.3200000000005421,0.40000000000095515,0.4374999999986556,51,12,0.8095238095238095
SHORT_1.5_005,1.5,SHORT,2024-01-15T16:46:00.000000000Z,other,monday,2.300000000001745,-0.4999999999988347,0.41000000000046555,0.6000000000006,0.12195121951177243,52,11,0.8253968253968254
SHORT_1.5_005,1.5,SHORT,2024-01-15T16:47:00.000000000Z,other,monday,2.300000000001745,-0.4999999999988347,0.41000000000046555,0.40000000000040004,0.12195121951177243,53,10,0.8412698412698413
SHORT_1.5_005,1.5,SHORT,2024-01-15T16:48:00.000000000Z,other,monday,2.700000000002145,0.40000000000040004,0.500000000000389,0.6500000000003725,0.08000000000001777,54,9,0.8571428571428571
SHORT_1.5_005,1.5,SHORT,2024-01-15T16:49:00.000000000Z,other,monday,2.700000000002145,0.6000000000017103,0.480000000000258,0.700000000000145,0.12500000000028913,55,8,0.873015873015873
SHORT_1.5_005,1.5,SHORT,2024-01-15T16:50:00.000000000Z,other,monday,2.700000000002145,0.2999999999997449,0.5100000000004545,0.5500000000002725,0.058823529411662266,56,7,0.8888888888888888
SHORT_1.5_005,1.5,SHORT,2024-01-15T16:51:00.000000000Z,other,monday,2.700000000002145,0.1999999999990898,0.52000000000052,0.5750000000004363,0.038461538461324954,57,6,0.9047619047619048
SHORT_1.5_005,1.5,SHORT,2024-01-15T16:52:00.000000000Z,other,monday,2.700000000002145,0.8000000000008001,0.48000000000048004,0.3250000000004638,0.16666666666666666,58,5,0.9206349206349206
SHORT_1.5_005,1.5,SHORT,2024-01-15T16:53:00.000000000Z,other,monday,2.700000000002145,0.8000000000008001,0.48000000000048004,0.4250000000005638,0.16666666666666666,59,4,0.9365079365079365
SHORT_1.5_005,1.5,SHORT,2024-01-15T16:54:00.000000000Z,other,monday,2.60000000000149,0.700000000000145,0.47000000000041453,0.2500000000005276,0.14893617021266545,60,3,0.9523809523809523
SHORT_1.5_005,1.5,SHORT,2024-01-15T16:55:00.000000000Z,other,monday,2.60000000000149,-0.20000000000131024,0.520000000000298,0.40000000000040004,0.03846153846176839,61,2,0.9682539682539683
SHORT_1.5_005,1.5,SHORT,2024-01-15T16:56:00.000000000Z,other,monday,2.60000000000149,-1.2999999999996348,0.41000000000046555,0.4250000000005638,0.31707317073125824,62,1,0.9841269841269841
SHORT_1.5_005,1.5,SHORT,2024-01-15T16:57:00.000000000Z,other,monday,3.1000000000003247,-1.9999999999997797,0.48000000000048004,0.40000000000040004,0.41666666666620406,63,0,1.0
LONG_2.5_001,2.5,LONG,2024-01-15T08:00:00.000000000Z,london,monday,0.0,0.0,0.0,0.0,0.0,0,24,0.0
LONG_2.5_001,2.5,LONG,2024-01-15T08:01:00.000000000Z,london,monday,0.1999999999990898,0.1999999999990898,0.1999999999990898,0.1999999999990898,1.0,1,23,0.041666666666666664
LONG_2.5_001,2.5,LONG,2024-01-15T08:02:00.000000000Z,london,monday,1.40000000000029,1.40000000000029,0.700000000000145,0.700000000000145,1.0,2,22,0.08333333333333333
LONG_2.5_001,2.5,LONG,2024-01-15T08:03:00.000000000Z,london,monday,3.4000000000000696,3.4000000000000696,1.1333333333333566,1.1333333333333566,1.0,3,21,0.125
LONG_2.5_001,2.5,LONG,2024-01-15T08:04:00.000000000Z,london,monday,3.4000000000000696,2.80000000000058,0.9999999999998899,0.9999999999998899,0.700000000000222,4,20,0.16666666666666666
LONG_2.5_001,2.5,LONG,2024-01-15T08:05:00.000000000Z,london,monday,3.4000000000000696,3.2999999999994145,0.8999999999996788,1.074999999999826,0.733333333333465,5,19,0.20833333333333334
LONG_2.5_001,2.5,LONG,2024-01-15T08:06:00.000000000Z,london,monday,3.4000000000000696,2.500000000000835,0.8833333333328289,0.974999999999171,0.471698113207974,6,18,0.25
LONG_2.5_001,2.5,LONG,2024-01-15T08:07:00.000000000Z,london,monday,3.4000000000000696,1.100000000000545,0.9571428571424663,0.8249999999992985,0.16417910447776032,7,17,0.2916666666666667
LONG_2.5_001,2.5,LONG,2024-01-15T08:08:00.000000000Z,london,monday,3.4000000000000696,3.1000000000003247,1.0874999999996304,1.174999999999371,0.3563218390806182,8,16,0.3333333333333333
LONG_2.5_001,2.5,LONG,2024-01-15T08:09:00.000000000Z,london,monday,5.20000000000076,5.20000000000076,1.1999999999997197,1.574999999999771,0.48148148148166425,9,15,0.375
LONG_2.5_001,2.5,LONG,2024-01-15T08:10:00.000000000Z,london,monday,5.20000000000076,5.20000000000076,1.0799999999997478,1.3750000000001261,0.48148148148166425,10,14,0.4166666666666667
LONG_2.5_001,2.5,LONG,2024-01-15T08:11:00.000000000Z,london,monday,6.40000000000196,6.40000000000196,1.1999999999998678,1.3750000000001261,0.5333333333335554,11,13,0.4583333333333333
LONG_2.5_001,2.5,LONG,2024-01-15T08:12:00.000000000Z,london,monday,5.5000000000005045,3.1000000000003247,1.2899999999997913,1.40000000000029,0.2403100775194439,12,12,0.5
LONG_2.5_001,2.5,LONG,2024-01-15T08:13:00.000000000Z,london,monday,5.5000000000005045,0.9999999999998899,1.0999999999998789,0.900000000000345,0.09090909090909091,13,11,0.5416666666666666
LONG_2.5_001,2.5,LONG,2024-01-15T08:14:00.000000000Z,london,monday,5.5000000000005045,3.4000000000000696,1.2199999999999989,1.3500000000005175,0.2786885245901699,14,10,0.5833333333333334
LONG_2.5_001,2.5,LONG,2024-01-15T08:15:00.000000000Z,london,monday,5.5000000000005045,3.300000000001635,1.2100000000001554,1.100000000000545,0.27272727272737285,15,9,0.625
LONG_2.5_001,2.5,LONG,2024-01-15T08:16:00.000000000Z,london,monday,5.5000000000005045,0.7999999999985796,1.460000000000461,1.400000000000845,0.05479452054783062,16,8,0.6666666666666666
LONG_2.5_001,2.5,LONG,2024-01-15T08:17:00.000000000Z,london,monday,5.5000000000005045,3.1000000000003247,1.4100000000005775,1.600000000001045,0.21985815602830178,17,7,0.7083333333333334
LONG_2.5_001,2.5,LONG,2024-01-15T08:18:00.000000000Z,london,monday,3.5000000000007248,0.8999999999992347,1.2300000000007305,1.2000000000012,0.0731707317072114,18,6,0.75
LONG_2.5_001,2.5,LONG,2024-01-15T08:19:00.000000000Z,london,monday,3.300000000001635,-0.9999999999998899,1.040000000000818,1.1500000000014277,0.09615384615375994,19,5,0.7916666666666666
LONG_2.5_001,2.5,LONG,2024-01-15T08:20:00.000000000Z,london,monday,3.300000000001635,-1.6000000000016001,1.100000000000989,0.4750000000014465,0.14545454545456013,20,4,0.8333333333333334
LONG_2.5_001,2.5,LONG,2024-01-15T08:21:00.000000000Z,london,monday,3.300000000001635,-1.900000000001345,1.0700000000010146,0.5250000000012189,0.17757009345790126,21,3,0.875
LONG_2.5_001,2.5,LONG,2024-01-15T08:22:00.000000000Z,london,monday,3.300000000001635,-0.700000000000145,0.9500000000008946,0.7000000000007001,0.07368421052626166,22,2,0.9166666666666666
LONG_2.5_001,2.5,LONG,2024-01-15T08:23:00.000000000Z,london,monday,3.300000000001635,0.10000000000065512,1.0100000000008436,0.8250000000004087,0.009900990099066495,23,1,0.9583333333333334
LONG_2.5_001,2.5,LONG,2024-01-15T08:24:00.000000000Z,london,monday,3.5000000000007248,0.5999999999994898,1.060000000000727,1.2499999999998623,0.05660377358481871,24,0,1.0
LONG_2.5_002,2.5,LONG,2024-01-15T09:16:00.000000000Z,london,monday,2.4000000000001798,-2.20000000000109,0.700000000000145,1.0999999999999899,0.31428571428580493,0,14,0.0
LONG_2.5_002,2.5,LONG,2024-01-15T09:17:00.000000000Z,london,monday,2.8999999999990145,-2.1999999999988695,0.6999999999999229,0.7999999999996898,0.3142857142855874,1,13,0.07142857142857142
LONG_2.5_002,2.5,LONG,2024-01-15T09:18:00.000000000Z,london,monday,3.4000000000000696,-1.9999999999997797,0.6800000000000139,0.6749999999999812,0.2941176470587851,2,12,0.14285714285714285
LONG_2.5_002,2.5,LONG,2024-01-15T09:19:00.000000000Z,london,monday,3.4000000000000696,-1.5999999999993797,0.7200000000000539,0.7499999999999174,0.22222222222211943,3,11,0.21428571428571427
LONG_2.5_002,2.5,LONG,2024-01-15T09:20:00.000000000Z,london,monday,3.4000000000000696,-2.100000000000435,0.7299999999998974,0.5749999999998812,0.28767123287681234,4,10,0.2857142857142857
LONG_2.5_002,2.5,LONG,2024-01-15T09:21:00.000000000Z,london,monday,3.4000000000000696,-0.700000000000145,0.8699999999999264,0.8750000000001812,0.080459770114966,5,9,0.35714285714285715
LONG_2.5_002,2.5,LONG,2024-01-15T09:22:00.000000000Z,london,monday,3.4000000000000696,-1.100000000000545,0.8500000000000174,0.7750000000000812,0.12941176470594382,6,8,0.42857142857142855
LONG_2.5_002,2.5,LONG,2024-01-15T09:23:00.000000000Z,london,monday,2.6999999999999247,0.10000000000065512,0.7299999999998974,0.6499999999998174,0.013698630137077969,7,7,0.5
LONG_2.5_002,2.5,LONG,2024-01-15T09:24:00.000000000Z,london,monday,2.6999999999999247,-1.100000000000545,0.6500000000000394,0.6250000000002087,0.16923076923084282,8,6,0.5714285714285714
LONG_2.5_002,2.5,LONG,2024-01-15T09:25:00.000000000Z,london,monday,2.4000000000001798,-1.1999999999989797,0.6599999999998829,0.3999999999998449,0.18181818181805948,9,5,0.6428571428571429
LONG_2.5_002,2.5,LONG,2024-01-15T09:26:00.000000000Z,london,monday,2.4000000000001798,0.9999999999998899,0.6799999999997919,0.6749999999994261,0.14705882352944058,10,4,0.7142857142857143
LONG_2.5_002,2.5,LONG,2024-01-15T09:27:00.000000000Z,london,monday,2.4000000000001798,1.4999999999987246,0.6299999999999084,0.5499999999997174,0.23809523809507027,11,3,0.7857142857142857
LONG_2.5_002,2.5,LONG,2024-01-15T09:28:00.000000000Z,london,monday,2.4000000000001798,1.5999999999993797,0.6199999999998429,0.5999999999994898,0.2580645161289976,12,2,0.8571428571428571
LONG_2.5_002,2.5,LONG,2024-01-15T09:29:00.000000000Z,london,monday,1.7000000000000348,0.5000000000010552,0.5299999999996974,0.4249999999994536,0.09433962264176239,13,1,0.9285714285714286
LONG_2.5_002,2.5,LONG,2024-01-15T09:30:00.000000000Z,london,monday,2.80000000000058,2.80000000000058,0.6999999999997009,0.6249999999996536,0.40000000000025376,14,0,1.0
LONG_2.5_003,2.5,LONG,2024-01-15T09:38:00.000000000Z,london,monday,10.799999999999699,-8.899999999998354,1.2899999999997913,1.774999999999971,0.6899224806201391,0,195,0.0
LONG_2.5_003,2.5,LONG,2024-01-15T09:39:00.000000000Z,london,monday,10.799999999999699,-6.6000000000010495,1.4999999999998348,1.6999999999994797,0.4400000000001184,1,194,0.005128205128205128
LONG_2.5_003,2.5,LONG,2024-01-15T09:40:00.000000000Z,london,monday,10.799999999999699,-8.900000000000574,1.3299999999998313,1.7499999999992522,0.6691729323309551,2,193,0.010256410256410256
LONG_2.5_003,2.5,LONG,2024-01-15T09:41:00.000000000Z,london,monday,9.299999999998754,-6.900000000000794,1.2299999999996203,1.074999999999271,0.5609756097563353,3,192,0.015384615384615385
LONG_2.5_003,2.5,LONG,2024-01-15T09:42:00.000000000Z,london,monday,8.899999999998354,-6.899999999998574,1.2299999999993982,0.8499999999989072,0.560975609756256,4,191,0.020512820512820513
LONG_2.5_003,2.5,LONG,2024-01-15T09:43:00.000000000Z,london,monday,8.899999999998354,-7.199999999998319,1.2599999999993727,0.37499999999912603,0.5714285714287225,5,190,0.02564102564102564
LONG_2.5_003,2.5,LONG,2024-01-15T09:44:00.000000000Z,london,monday,7.099999999999884,-6.399999999999739,1.1799999999995148,0.5499999999991623,0.5423728813561332,6,189,0.03076923076923077
LONG_2.5_003,2.5,LONG,2024-01-15T09:45:00.000000000Z,london,monday,4.599999999999049,-2.8999999999990145,1.0299999999994203,0.6749999999994261,0.2815533980583152,7,188,0.035897435897435895
LONG_2.5_003,2.5,LONG,2024-01-15T09:46:00.000000000Z,london,monday,4.499999999998394,-3.1000000000003247,1.0499999999995513,0.6500000000003725,0.29523809523825234,8,187,0.041025641025641026
LONG_2.5_003,2.5,LONG,2024-01-15T09:47:00.000000000Z,london,monday,3.1999999999987594,-2.100000000000435,0.9499999999995623,1.1250000000001537,0.221052631579095,9,186,0.046153846153846156
LONG_2.5_003,2.5,LONG,2024-01-15T09:48:00.000000000Z,london,monday,3.1999999999987594,0.09999999999843467,0.9099999999995223,1.0999999999999899,0.010989010988844744,10,185,0.05128205128205128
LONG_2.5_003,2.5,LONG,2024-01-15T09:49:00.000000000Z,london,monday,3.1999999999987594,-0.2999999999997449,0.8699999999997043,1.30000000000019,0.03448275862067205,11,184,0.05641025641025641
LONG_2.5_003,2.5,LONG,2024-01-15T09:50:00.000000000Z,london,monday,3.1999999999987594,-0.8999999999992347,0.9299999999996533,1.4499999999995072,0.09677419354834088,12,183,0.06153846153846154
LONG_2.5_003,2.5,LONG,2024-01-15T09:51:00.000000000Z,london,monday,3.1999999999987594,-2.8999999999990145,1.0299999999998644,1.2750000000000261,0.28155339805819385,13,182,0.06666666666666667
LONG_2.5_003,2.5,LONG,2024-01-15T09:52:00.000000000Z,london,monday,2.80000000000058,-2.100000000000435,1.0300000000000864,1.1500000000003174,0.20388349514565618,14,181,0.07179487179487179
LONG_2.5_003,2.5,LONG,2024-01-15T09:53:00.000000000Z,london,monday,2.6999999999999247,-1.2000000000012,1.060000000000061,0.8500000000000174,0.11320754716991803,15,180,0.07692307692307693
LONG_2.5_003,2.5,LONG,2024-01-15T09:54:00.000000000Z,london,monday,2.6999999999999247,0.1999999999990898,1.000000000000112,0.7250000000003087,0.01999999999990674,16,179,0.08205128205128205
LONG_2.5_003,2.5,LONG,2024-01-15T09:55:00.000000000Z,london,monday,3.6999999999998145,1.1999999999989797,1.100000000000101,0.8500000000000174,0.10909090909080632,17,178,0.08717948717948718
LONG_2.5_003,2.5,LONG,2024-01-15T09:56:00.000000000Z,london,monday,3.6999999999998145,1.3000000000018552,1.0899999999998133,0.7999999999996898,0.11926605504606219,18,177,0.09230769230769231
LONG_2.5_003,2.5,LONG,2024-01-15T09:57:00.000000000Z,london,monday,3.6999999999998145,2.500000000000835,0.9699999999999154,0.8999999999997899,0.25773195876299515,19,176,0.09743589743589744
LONG_2.5_003,2.5,LONG,2024-01-15T09:58:00.000000000Z,london,monday,3.4000000000000696,0.8000000000008001,0.9600000000000719,0.9999999999998899,0.08333333333341043,20,175,0.10256410256410256
LONG_2.5_003,2.5,LONG,2024-01-15T09:59:00.000000000Z,london,monday,3.4000000000000696,-0.1999999999990898,0.8600000000000829,0.700000000000145,0.02325581395338029,21,174,0.1076923076923077
LONG_2.5_003,2.5,LONG,2024-01-15T10:00:00.000000000Z,london,monday,3.8999999999989043,-1.9999999999997797,1.040000000000152,1.3250000000003537,0.19230769230764302,22,173,0.11282051282051282
LONG_2.5_003,2.5,LONG,2024-01-15T10:01:00.000000000Z,london,monday,3.8999999999989043,-0.4999999999988347,0.8900000000000574,1.0750000000003812,0.05617977528076432,23,172,0.11794871794871795
LONG_2.5_003,2.5,LONG,2024-01-15T10:02:00.000000000Z,london,monday,4.999999999999449,-1.9999999999997797,0.9600000000000719,1.1500000000003174,0.2083333333332948,24,171,0.12307692307692308
LONG_2.5_003,2.5,LONG,2024-01-15T10:03:00.000000000Z,london,monday,5.999999999999339,-3.5999999999991594,1.000000000000112,1.2000000000000899,0.35999999999987564,25,170,0.1282051282051282
LONG_2.5_003,2.5,LONG,2024-01-15T10:04:00.000000000Z,london,monday,7.500000000000284,-5.5000000000005045,1.1100000000001664,0.900000000000345,0.4954954954954667,26,169,0.13333333333333333
LONG_2.5_003,2.5,LONG,2024-01-15T10:05:00.000000000Z,london,monday,7.500000000000284,-6.999999999999229,0.960000000000294,1.0250000000006088,0.7291666666663631,27,168,0.13846153846153847
LONG_2.5_003,2.5,LONG,2024-01-15T10:06:00.000000000Z,london,monday,7.300000000001194,-6.099999999999994,1.0100000000003995,0.9250000000005087,0.6039603960393646,28,167,0.14358974358974358
LONG_2.5_003,2.5,LONG,2024-01-15T10:07:00.000000000Z,london,monday,6.300000000001305,-5.300000000001415,0.9300000000005415,0.7250000000008638,0.5698924731180999,29,166,0.14871794871794872
LONG_2.5_003,2.5,LONG,2024-01-15T10:08:00.000000000Z,london,monday,6.300000000001305,-4.60000000000127,0.860000000000527,0.37500000000079137,0.5348837209300524,30,165,0.15384615384615385
LONG_2.5_003,2.5,LONG,2024-01-15T10:09:00.000000000Z,london,monday,7.4000000000018495,-7.4000000000018495,0.980000000000425,0.7500000000004725,0.7551020408161878,31,164,0.15897435897435896
LONG_2.5_003,2.5,LONG,2024-01-15T10:10:00.000000000Z,london,monday,5.700000000001815,-5.700000000001815,0.8100000000004215,0.8250000000004087,0.7037037037035616,32,163,0.1641025641025641
LONG_2.5_003,2.5,LONG,2024-01-15T10:11:00.000000000Z,london,monday,5.700000000001815,-4.900000000001015,0.8900000000005015,0.9750000000002812,0.5505617977526127,33,162,0.16923076923076924
LONG_2.5_003,2.5,LONG,2024-01-15T10:12:00.000000000Z,london,monday,5.20000000000076,-5.20000000000076,0.920000000000476,1.30000000000019,0.565217391304138,34,161,0.17435897435897435
LONG_2.5_003,2.5,LONG,2024-01-15T10:13:00.000000000Z,london,monday,4.20000000000087,-3.9999999999995595,0.840000000000618,0.8500000000005725,0.4761904761900734,35,160,0.1794871794871795
LONG_2.5_003,2.5,LONG,2024-01-15T10:14:00.000000000Z,london,monday,3.900000000001125,-1.80000000000069,0.760000000000316,0.7750000000000812,0.2368421052631502,36,159,0.18461538461538463
LONG_2.5_003,2.5,LONG,2024-01-15T10:15:00.000000000Z,london,monday,4.500000000000615,-3.8000000000004697,0.8600000000000829,0.9499999999995623,0.44186046511629107,37,158,0.18974358974358974
LONG_2.5_003,2.5,LONG,2024-01-15T10:16:00.000000000Z,london,monday,4.700000000001925,-4.700000000001925,0.8100000000001994,0.6499999999998174,0.5802469135803416,38,157,0.19487179487179487
LONG_2.5_003,2.5,LONG,2024-01-15T10:17:00.000000000Z,london,monday,5.699999999999594,-5.699999999999594,0.9099999999999664,0.8999999999992347,0.6263736263736049,39,156,0.2
LONG_2.5_003,2.5,LONG,2024-01-15T10:18:00.000000000Z,london,monday,7.299999999998974,-7.299999999998974,1.0699999999999044,1.1499999999997623,0.6822429906541707,40,155,0.20512820512820512
LONG_2.5_003,2.5,LONG,2024-01-15T10:19:00.000000000Z,london,monday,5.299999999999194,-4.3999999999999595,0.9599999999998499,0.9999999999998899,0.4583333333334008,41,154,0.21025641025641026
LONG_2.5_003,2.5,LONG,2024-01-15T10:20:00.000000000Z,london,monday,5.1000000000001044,-4.199999999998649,0.9399999999997188,1.1499999999992072,0.4468085106382878,42,153,0.2153846153846154
LONG_2.5_003,2.5,LONG,2024-01-15T10:21:00.000000000Z,london,monday,5.1000000000001044,-4.599999999999049,0.8999999999996788,0.9499999999995623,0.5111111111111879,43,152,0.2205128205128205
LONG_2.5_003,2.5,LONG,2024-01-15T10:22:00.000000000Z,london,monday,4.899999999998794,-3.9999999999995595,0.8399999999997299,0.7249999999997536,0.4761904761905769,44,151,0.22564102564102564
LONG_2.5_003,2.5,LONG,2024-01-15T10:23:00.000000000Z,london,monday,4.899999999998794,-3.8000000000004697,0.8599999999996388,0.6000000000000449,0.4418604651165193,45,150,0.23076923076923078
LONG_2.5_003,2.5,LONG,2024-01-15T10:24:00.000000000Z,london,monday,4.899999999998794,-3.9999999999995595,0.8399999999997299,0.5250000000001087,0.4761904761905769,46,149,0.2358974358974359
LONG_2.5_003,2.5,LONG,2024-01-15T10:25:00.000000000Z,london,monday,3.4000000000000696,-1.500000000000945,0.7899999999998464,0.6749999999999812,0.18987341772167554,47,148,0.24102564102564103
LONG_2.5_003,2.5,LONG,2024-01-15T10:26:00.000000000Z,london,monday,3.1999999999987594,-1.7999999999984695,0.8199999999995988,0.5999999999994898,0.21951219512187198,48,147,0.24615384615384617
LONG_2.5_003,2.5,LONG,2024-01-15T10:27:00.000000000Z,london,monday,1.9999999999997797,-0.5000000000010552,0.7099999999995443,0.5249999999989985,0.07042253521146141,49,146,0.2512820512820513
LONG_2.5_003,2.5,LONG,2024-01-15T10:28:00.000000000Z,london,monday,2.4000000000001798,2.100000000000435,0.6299999999996864,0.6249999999996536,0.3333333333335683,50,145,0.2564102564102564
LONG_2.5_003,2.5,LONG,2024-01-15T10:29:00.000000000Z,london,monday,2.4000000000001798,0.5000000000010552,0.6099999999997774,0.5499999999997174,0.08196721311495699,51,144,0.26153846153846155
LONG_2.5_003,2.5,LONG,2024-01-15T10:30:00.000000000Z,london,monday,4.599999999999049,4.199999999998649,0.8199999999998209,1.1499999999997623,0.5121951219511667,52,143,0.26666666666666666
LONG_2.5_003,2.5,LONG,2024-01-15T10:31:00.000000000Z,london,monday,4.599999999999049,2.5999999999992696,0.8999999999996788,1.4249999999998986,0.28888888888891084,53,142,0.2717948717948718
LONG_2.5_003,2.5,LONG,2024-01-15T10:32:00.000000000Z,london,monday,4.599999999999049,3.4000000000000696,0.8199999999995988,1.1999999999995348,0.4146341463416748,54,141,0.27692307692307694
LONG_2.5_003,2.5,LONG,2024-01-15T10:33:00.000000000Z,london,monday,4.199999999998649,3.5999999999991594,0.8399999999995078,1.174999999999371,0.42857142857157965,55,140,0.28205128205128205
LONG_2.5_003,2.5,LONG,2024-01-15T10:34:00.000000000Z,london,monday,3.6999999999998145,1.500000000000945,0.9499999999995623,0.8499999999994623,0.15789473684227748,56,139,0.28717948717948716
LONG_2.5_003,2.5,LONG,2024-01-15T10:35:00.000000000Z,london,monday,3.1999999999987594,-0.2999999999997449,0.9299999999996533,0.7499999999999174,0.03225806451611363,57,138,0.2923076923076923
LONG_2.5_003,2.5,LONG,2024-01-15T10:36:00.000000000Z,london,monday,3.1999999999987594,0.1999999999990898,0.8799999999997699,0.7499999999999174,0.02272727272717524,58,137,0.29743589743589743
LONG_2.5_003,2.5,LONG,2024-01-15T10:37:00.000000000Z,london,monday,3.1000000000003247,0.9000000000014552,0.9500000000000064,0.800000000000245,0.09473684210541569,59,136,0.30256410256410254
LONG_2.5_003,2.5,LONG,2024-01-15T10:38:00.000000000Z,london,monday,2.9999999999996696,0.0,0.8599999999998609,0.40000000000040004,0.0,60,135,0.3076923076923077
LONG_2.5_003,2.5,LONG,2024-01-15T10:39:00.000000000Z,london,monday,2.9999999999996696,1.7000000000000348,0.8899999999998354,0.4500000000001725,0.19101123595509542,61,134,0.3128205128205128
LONG_2.5_003,2.5,LONG,2024-01-15T10:40:00.000000000Z,london,monday,2.9999999999996696,-1.7000000000000348,0.6500000000000394,0.5750000000004363,0.261538461538451,62,133,0.31794871794871793
LONG_2.5_003,2.5,LONG,2024-01-15T10:41:00.000000000Z,london,monday,2.4000000000001798,-0.5999999999994898,0.5399999999999849,0.3999999999998449,0.11111111111101973,63,132,0.3230769230769231
LONG_2.5_003,2.5,LONG,2024-01-15T10:42:00.000000000Z,london,monday,2.4000000000001798,-0.20000000000131024,0.5799999999998029,0.4999999999993898,0.03448275862092728,64,131,0.3282051282051282
LONG_2.5_003,2.5,LONG,2024-01-15T10:43:00.000000000Z,london,monday,2.4000000000001798,-1.9999999999997797,0.6399999999997519,0.5499999999991623,0.31250000000008676,65,130,0.3333333333333333
LONG_2.5_003,2.5,LONG,2024-01-15T10:44:00.000000000Z,london,monday,1.80000000000069,0.10000000000065512,0.5299999999999194,0.5499999999991623,0.01886792452842836,66,129,0.3384615384615385
LONG_2.5_003,2.5,LONG,2024-01-15T10:45:00.000000000Z,london,monday,1.80000000000069,0.9000000000014552,0.4499999999998394,0.5249999999995536,0.20000000000039475,67,128,0.3435897435897436
LONG_2.5_003,2.5,LONG,2024-01-15T10:46:00.000000000Z,london,monday,1.900000000001345,-0.10000000000065512,0.5500000000000504,0.6750000000005363,0.018181818181935625,68,127,0.3487179487179487
LONG_2.5_003,2.5,LONG,2024-01-15T10:47:00.000000000Z,london,monday,1.900000000001345,-0.9000000000014552,0.46999999999997044,0.37500000000079137,0.19148936170244932,69,126,0.35384615384615387
LONG_2.5_003,2.5,LONG,2024-01-15T10:48:00.000000000Z,london,monday,1.900000000001345,-0.5999999999994898,0.500000000000167,0.3250000000010189,0.11999999999985789,70,125,0.358974358974359
LONG_2.5_003,2.5,LONG,2024-01-15T10:49:00.000000000Z,london,monday,1.900000000001345,-0.8999999999992347,0.4700000000001925,0.5000000000010552,0.1914893617018864,71,124,0.3641025641025641
LONG_2.5_003,2.5,LONG,2024-01-15T10:50:00.000000000Z,london,monday,1.900000000001345,0.5000000000010552,0.5100000000000104,0.47500000000033626,0.0980392156864794,72,123,0.36923076923076925
LONG_2.5_003,2.5,LONG,2024-01-15T10:51:00.000000000Z,london,monday,4.00000000000178,2.6999999999999247,0.7100000000002105,1.000000000000445,0.3802816901407217,73,122,0.37435897435897436
LONG_2.5_003,2.5,LONG,2024-01-15T10:52:00.000000000Z,london,monday,4.00000000000178,1.40000000000029,0.760000000000538,1.1500000000003174,0.1842105263156972,74,121,0.37948717948717947
LONG_2.5_003,2.5,LONG,2024-01-15T10:53:00.000000000Z,london,monday,4.00000000000178,2.80000000000058,0.6600000000007711,1.0250000000006088,0.42424242424201647,75,120,0.38461538461538464
LONG_2.5_003,2.5,LONG,2024-01-15T10:54:00.000000000Z,london,monday,4.00000000000178,2.3999999999979593,0.620000000000509,0.8250000000004087,0.38709677419290145,76,119,0.38974358974358975
LONG_2.5_003,2.5,LONG,2024-01-15T10:55:00.000000000Z,london,monday,4.40000000000218,3.4000000000000696,0.7200000000007201,0.5500000000008276,0.47222222222175964,77,118,0.39487179487179486
LONG_2.5_003,2.5,LONG,2024-01-15T10:56:00.000000000Z,london,monday,5.800000000000249,5.800000000000249,0.760000000000316,0.6749999999999812,0.7631578947365576,78,117,0.4
LONG_2.5_003,2.5,LONG,2024-01-15T10:57:00.000000000Z,london,monday,5.9000000000009045,5.9000000000009045,0.7700000000003815,0.6499999999998174,0.766233766233504,79,116,0.40512820512820513
LONG_2.5_003,2.5,LONG,2024-01-15T10:58:00.000000000Z,london,monday,5.599999999998939,5.599999999998939,0.740000000000185,0.6250000000002087,0.7567567567564243,80,115,0.41025641025641024
LONG_2.5_003,2.5,LONG,2024-01-15T10:59:00.000000000Z,london,monday,4.899999999998794,3.8999999999989043,0.7700000000001594,0.6249999999996536,0.5064935064932593,81,114,0.4153846153846154
LONG_2.5_003,2.5,LONG,2024-01-15T11:00:00.000000000Z,london,monday,4.199999999998649,4.199999999998649,0.8000000000001339,0.5749999999998812,0.5249999999997432,82,113,0.4205128205128205
LONG_2.5_003,2.5,LONG,2024-01-15T11:01:00.000000000Z,london,monday,3.4000000000000696,2.4999999999986144,0.6300000000001305,0.6499999999998174,0.3968253968250947,83,112,0.4256410256410256
LONG_2.5_003,2.5,LONG,2024-01-15T11:02:00.000000000Z,london,monday,3.4000000000000696,2.900000000001235,0.5899999999998684,0.7749999999995261,0.4915254237291325,84,111,0.4307692307692308
LONG_2.5_003,2.5,LONG,2024-01-15T11:03:00.000000000Z,london,monday,3.1999999999987594,3.1999999999987594,0.6199999999996209,0.6499999999992623,0.5161290322581801,85,110,0.4358974358974359
LONG_2.5_003,2.5,LONG,2024-01-15T11:04:00.000000000Z,london,monday,3.300000000001635,3.300000000001635,0.6299999999999084,0.3999999999998449,0.5238095238098595,86,109,0.441025641025641
LONG_2.5_003,2.5,LONG,2024-01-15T11:05:00.000000000Z,london,monday,2.2999999999995246,1.4999999999987246,0.6099999999997774,0.49999999999994493,0.24590163934414294,87,108,0.4461538461538462
LONG_2.5_003,2.5,LONG,2024-01-15T11:06:00.000000000Z,london,monday,1.80000000000069,-0.09999999999843467,0.4899999999998794,0.4250000000000087,0.020408163264991692,88,107,0.4512820512820513
LONG_2.5_003,2.5,LONG,2024-01-15T11:07:00.000000000Z,london,monday,1.80000000000069,-0.1999999999990898,0.4799999999998139,0.3000000000003,0.04166666666649319,89,106,0.4564102564102564
LONG_2.5_003,2.5,LONG,2024-01-15T11:08:00.000000000Z,london,monday,1.80000000000069,0.8000000000008001,0.5799999999998029,0.49999999999994493,0.13793103448294344,90,105,0.46153846153846156
LONG_2.5_003,2.5,LONG,2024-01-15T11:09:00.000000000Z,london,monday,1.80000000000069,1.40000000000029,0.5199999999998539,0.3999999999998449,0.2692307692309006,91,104,0.4666666666666667
LONG_2.5_003,2.5,LONG,2024-01-15T11:10:00.000000000Z,london,monday,0.9999999999998899,0.30000000000196536,0.41000000000002146,0.37500000000023626,0.0731707317077926,92,103,0.4717948717948718
LONG_2.5_003,2.5,LONG,2024-01-15T11:11:00.000000000Z,london,monday,0.9999999999998899,-0.7999999999985796,0.43999999999999595,0.5500000000002725,0.1818181818178607,93,102,0.47692307692307695
LONG_2.5_003,2.5,LONG,2024-01-15T11:12:00.000000000Z,london,monday,0.9999999999998899,0.2999999999997449,0.45000000000006146,0.4500000000001725,0.06666666666660087,94,101,0.48205128205128206
LONG_2.5_003,2.5,LONG,2024-01-15T11:13:00.000000000Z,london,monday,1.40000000000029,0.6000000000017103,0.480000000000258,0.5500000000002725,0.12500000000028913,95,100,0.48717948717948717
LONG_2.5_003,2.5,LONG,2024-01-15T11:14:00.000000000Z,london,monday,1.5999999999993797,0.5999999999994898,0.48000000000003595,0.5749999999998812,0.12499999999988436,96,99,0.49230769230769234
LONG_2.5_003,2.5,LONG,2024-01-15T11:15:00.000000000Z,london,monday,1.5999999999993797,0.8999999999992347,0.45000000000006146,0.5250000000001087,0.1999999999998026,97,98,0.49743589743589745
LONG_2.5_003,2.5,LONG,2024-01-15T11:16:00.000000000Z,london,monday,1.5999999999993797,1.5999999999993797,0.480000000000258,0.5000000000005,0.33333333333302495,98,97,0.5025641025641026
LONG_2.5_003,2.5,LONG,2024-01-15T11:17:00.000000000Z,london,monday,1.5999999999993797,1.5999999999993797,0.480000000000258,0.3000000000003,0.33333333333302495,99,96,0.5076923076923077
LONG_2.5_003,2.5,LONG,2024-01-15T11:18:00.000000000Z,london,monday,1.7999999999984695,0.7999999999985796,0.400000000000178,0.3000000000003,0.19999999999955592,100,95,0.5128205128205128
LONG_2.5_003,2.5,LONG,2024-01-15T11:19:00.000000000Z,london,monday,1.7999999999984695,-0.2999999999997449,0.5100000000000104,0.5499999999997174,0.05882352941171348,101,94,0.517948717948718
LONG_2.5_003,2.5,LONG,2024-01-15T11:20:00.000000000Z,london,monday,1.7999999999984695,0.0,0.5399999999999849,0.5249999999995536,0.0,102,93,0.5230769230769231
LONG_2.5_003,2.5,LONG,2024-01-15T11:21:00.000000000Z,london,monday,1.7999999999984695,0.9999999999998899,0.49999999999994493,0.5999999999994898,0.2,103,92,0.5282051282051282
LONG_2.5_003,2.5,LONG,2024-01-15T11:22:00.000000000Z,london,monday,1.4999999999987246,-0.20000000000131024,0.500000000000167,0.700000000000145,0.04000000000024869,104,91,0.5333333333333333
LONG_2.5_003,2.5,LONG,2024-01-15T11:23:00.000000000Z,london,monday,1.8999999999991246,0.7999999999985796,0.600000000000156,0.7750000000006363,0.13333333333306194,105,90,0.5384615384615384
LONG_2.5_003,2.5,LONG,2024-01-15T11:24:00.000000000Z,london,monday,1.8999999999991246,0.40000000000040004,0.600000000000156,0.7250000000003087,0.06666666666671602,106,89,0.5435897435897435
LONG_2.5_003,2.5,LONG,2024-01-15T11:25:00.000000000Z,london,monday,3.1000000000003247,2.300000000001745,0.6900000000000794,1.000000000000445,0.33333333333354787,107,88,0.5487179487179488
LONG_2.5_003,2.5,LONG,2024-01-15T11:26:00.000000000Z,london,monday,3.2999999999994145,1.9999999999997797,0.6599999999998829,0.8999999999997899,0.3030303030303234,108,87,0.5538461538461539
LONG_2.5_003,2.5,LONG,2024-01-15T11:27:00.000000000Z,london,monday,3.5999999999991594,2.2999999999995246,0.6899999999998574,0.5249999999995536,0.3333333333333333,109,86,0.558974358974359
LONG_2.5_003,2.5,LONG,2024-01-15T11:28:00.000000000Z,london,monday,3.5999999999991594,1.900000000001345,0.6899999999998574,0.5249999999995536,0.27536231884083157,110,85,0.5641025641025641
LONG_2.5_003,2.5,LONG,2024-01-15T11:29:00.000000000Z,london,monday,5.1000000000001044,5.1000000000001044,0.7099999999999884,0.5999999999994898,0.718309859154956,111,84,0.5692307692307692
LONG_2.5_003,2.5,LONG,2024-01-15T11:30:00.000000000Z,london,monday,5.00000000000167,4.100000000000215,0.7299999999998974,0.6999999999995898,0.5616438356165467,112,83,0.5743589743589743
LONG_2.5_003,2.5,LONG,2024-01-15T11:31:00.000000000Z,london,monday,5.20000000000076,4.599999999999049,0.7799999999997809,0.8249999999992985,0.5897435897436335,113,82,0.5794871794871795
LONG_2.5_003,2.5,LONG,2024-01-15T11:32:00.000000000Z,london,monday,5.40000000000207,5.40000000000207,0.7399999999997409,0.8249999999998536,0.729729729730265,114,81,0.5846153846153846
LONG_2.5_003,2.5,LONG,2024-01-15T11:33:00.000000000Z,london,monday,3.8000000000004697,2.60000000000149,0.6599999999996609,0.6499999999998174,0.39393939393982214,115,80,0.5897435897435898
LONG_2.5_003,2.5,LONG,2024-01-15T11:34:00.000000000Z,london,monday,3.8000000000004697,1.100000000000545,0.8099999999997554,0.9249999999999536,0.13580246913591076,116,79,0.5948717948717949
LONG_2.5_003,2.5,LONG,2024-01-15T11:35:00.000000000Z,london,monday,2.6999999999999247,-0.20000000000131024,0.6799999999995698,0.7499999999999174,0.029411764706093642,117,78,0.6
LONG_2.5_003,2.5,LONG,2024-01-15T11:36:00.000000000Z,london,monday,2.6999999999999247,1.5999999999993797,0.8599999999996388,1.1999999999995348,0.18604651162791297,118,77,0.6051282051282051
LONG_2.5_003,2.5,LONG,2024-01-15T11:37:00.000000000Z,london,monday,2.6999999999999247,1.900000000001345,0.8899999999998354,1.0999999999999899,0.21348314606760635,119,76,0.6102564102564103
LONG_2.5_003,2.5,LONG,2024-01-15T11:38:00.000000000Z,london,monday,3.9999999999995595,3.4000000000000696,0.9999999999998899,0.9999999999998899,0.34000000000004443,120,75,0.6153846153846154
LONG_2.5_003,2.5,LONG,2024-01-15T11:39:00.000000000Z,london,monday,3.9999999999995595,1.5999999999993797,0.8399999999999519,1.000000000000445,0.19047619047612754,121,74,0.6205128205128205
LONG_2.5_003,2.5,LONG,2024-01-15T11:40:00.000000000Z,london,monday,4.799999999998139,3.0999999999981043,0.8699999999999264,0.7250000000003087,0.35632183908027204,122,73,0.6256410256410256
LONG_2.5_003,2.5,LONG,2024-01-15T11:41:00.000000000Z,london,monday,4.799999999998139,-0.5999999999994898,1.0799999999999699,1.2999999999996348,0.05555555555550987,123,72,0.6307692307692307
LONG_2.5_003,2.5,LONG,2024-01-15T11:42:00.000000000Z,london,monday,4.799999999998139,-0.700000000000145,1.0699999999999044,0.9999999999998899,0.06542056074768295,124,71,0.6358974358974359
LONG_2.5_003,2.5,LONG,2024-01-15T11:43:00.000000000Z,london,monday,4.799999999998139,0.7999999999985796,1.0199999999997988,1.0999999999994348,0.07843137254889582,125,70,0.6410256410256411
LONG_2.5_003,2.5,LONG,2024-01-15T11:44:00.000000000Z,london,monday,4.799999999998139,2.2999999999995246,0.8699999999997043,0.9249999999993985,0.2643678160919892,126,69,0.6461538461538462
LONG_2.5_003,2.5,LONG,2024-01-15T11:45:00.000000000Z,london,monday,4.699999999999704,0.20000000000131024,1.0599999999998388,0.6999999999995898,0.01886792452842836,127,68,0.6512820512820513
LONG_2.5_003,2.5,LONG,2024-01-15T11:46:00.000000000Z,london,monday,5.499999999998284,-2.7999999999983594,0.9599999999998499,0.9249999999993985,0.2916666666665414,128,67,0.6564102564102564
LONG_2.5_003,2.5,LONG,2024-01-15T11:47:00.000000000Z,london,monday,5.499999999998284,-0.8000000000008001,1.1599999999996058,1.4499999999995072,0.06896551724147172,129,66,0.6615384615384615
LONG_2.5_003,2.5,LONG,2024-01-15T11:48:00.000000000Z,london,monday,5.499999999998284,-1.9999999999997797,1.0399999999997078,1.4249999999998986,0.19230769230772515,130,65,0.6666666666666666
LONG_2.5_003,2.5,LONG,2024-01-15T11:49:00.000000000Z,london,monday,5.499999999998284,-3.4000000000000696,1.1799999999997368,1.30000000000019,0.28813559322040916,131,64,0.6717948717948717
LONG_2.5_003,2.5,LONG,2024-01-15T11:50:00.000000000Z,london,monday,5.499999999998284,-4.299999999999304,1.0899999999998133,1.0500000000002174,0.39449541284404044,132,63,0.676923076923077
LONG_2.5_003,2.5,LONG,2024-01-15T11:51:00.000000000Z,london,monday,3.1999999999987594,-1.500000000000945,0.8099999999999774,0.4250000000005638,0.18518518518530702,133,62,0.6820512820512821
LONG_2.5_003,2.5,LONG,2024-01-15T11:52:00.000000000Z,london,monday,4.599999999999049,-4.100000000000215,1.0499999999997733,1.0250000000000536,0.3904761904762952,134,61,0.6871794871794872
LONG_2.5_003,2.5,LONG,2024-01-15T11:53:00.000000000Z,london,monday,4.599999999999049,-3.9999999999995595,1.0599999999998388,0.7999999999996898,0.37735849056605353,135,60,0.6923076923076923
LONG_2.5_003,2.5,LONG,2024-01-15T11:54:00.000000000Z,london,monday,4.3999999999999595,-3.60000000000138,1.0599999999998388,0.8499999999994623,0.3396226415096158,136,59,0.6974358974358974
LONG_2.5_003,2.5,LONG,2024-01-15T11:55:00.000000000Z,london,monday,4.100000000000215,-1.3000000000018552,0.8899999999998354,0.8999999999992347,0.14606741573057255,137,58,0.7025641025641025
LONG_2.5_003,2.5,LONG,2024-01-15T11:56:00.000000000Z,london,monday,4.100000000000215,1.1999999999989797,0.9399999999999409,0.6499999999998174,0.1276595744679846,138,57,0.7076923076923077
LONG_2.5_003,2.5,LONG,2024-01-15T11:57:00.000000000Z,london,monday,4.299999999999304,0.2999999999997449,0.8500000000000174,0.9249999999999536,0.03529411764702809,139,56,0.7128205128205128
LONG_2.5_003,2.5,LONG,2024-01-15T11:58:00.000000000Z,london,monday,4.8000000000003595,0.700000000000145,0.8900000000000574,1.000000000000445,0.07865168539326964,140,55,0.717948717948718
LONG_2.5_003,2.5,LONG,2024-01-15T11:59:00.000000000Z,london,monday,4.8000000000003595,0.8000000000008001,0.8799999999999919,1.2750000000005812,0.09090909090918266,141,54,0.7230769230769231
LONG_2.5_003,2.5,LONG,2024-01-15T12:00:00.000000000Z,london,monday,4.8000000000003595,0.5000000000010552,0.9099999999999664,0.9750000000002812,0.054945054945172926,142,53,0.7282051282051282
LONG_2.5_003,2.5,LONG,2024-01-15T12:01:00.000000000Z,london,monday,4.8000000000003595,0.2999999999997449,0.9300000000000974,0.6250000000007638,0.03225806451609822,143,52,0.7333333333333333
LONG_2.5_003,2.5,LONG,2024-01-15T12:02:00.000000000Z,london,monday,4.8000000000003595,2.9999999999996696,0.700000000000367,0.5500000000008276,0.42857142857115665,144,51,0.7384615384615385
LONG_2.5_003,2.5,LONG,2024-01-15T12:03:00.000000000Z,london,monday,4.20000000000087,2.1999999999988695,0.660000000000549,0.2500000000010827,0.3333333333328848,145,50,0.7435897435897436
LONG_2.5_003,2.5,LONG,2024-01-15T12:04:00.000000000Z,london,monday,5.5000000000005045,5.5000000000005045,0.9900000000007125,1.0500000000013276,0.5555555555552066,146,49,0.7487179487179487
LONG_2.5_003,2.5,LONG,2024-01-15T12:05:00.000000000Z,london,monday,6.700000000001705,6.700000000001705,1.1100000000008325,1.3500000000010726,0.6036036036033045,147,48,0.7538461538461538
LONG_2.5_003,2.5,LONG,2024-01-15T12:06:00.000000000Z,london,monday,5.20000000000076,4.900000000001015,0.9900000000007125,1.3750000000006812,0.49494949494924123,148,47,0.7589743589743589
LONG_2.5_003,2.5,LONG,2024-01-15T12:07:00.000000000Z,london,monday,5.00000000000167,2.6999999999999247,0.8700000000008146,1.4500000000006175,0.31034482758590765,149,46,0.764102564102564
LONG_2.5_003,2.5,LONG,2024-01-15T12:08:00.000000000Z,london,monday,5.00000000000167,2.5999999999992696,0.860000000000749,0.6750000000005363,0.3023255813950006,150,45,0.7692307692307693
LONG_2.5_003,2.5,LONG,2024-01-15T12:09:00.000000000Z,london,monday,6.500000000000394,5.899999999998684,0.9100000000006325,0.7750000000000812,0.6483516483510531,151,44,0.7743589743589744
LONG_2.5_003,2.5,LONG,2024-01-15T12:10:00.000000000Z,london,monday,6.800000000000139,6.499999999998174,0.9100000000006325,0.7750000000000812,0.7142857142850171,152,43,0.7794871794871795
LONG_2.5_003,2.5,LONG,2024-01-15T12:11:00.000000000Z,london,monday,7.200000000000539,7.200000000000539,0.920000000000476,0.7499999999999174,0.7826086956518277,153,42,0.7846153846153846
LONG_2.5_003,2.5,LONG,2024-01-15T12:12:00.000000000Z,london,monday,7.900000000000684,7.699999999999374,0.9700000000003595,0.8249999999998536,0.793814432989332,154,41,0.7897435897435897
LONG_2.5_003,2.5,LONG,2024-01-15T12:13:00.000000000Z,london,monday,9.40000000000163,9.40000000000163,1.100000000000323,0.7250000000003087,0.8545454545453518,155,40,0.7948717948717948
LONG_2.5_003,2.5,LONG,2024-01-15T12:14:00.000000000Z,london,monday,6.500000000000394,6.500000000000394,0.8100000000001994,0.800000000000245,0.8024691358023203,156,39,0.8
LONG_2.5_003,2.5,LONG,2024-01-15T12:15:00.000000000Z,london,monday,5.800000000000249,4.999999999999449,0.660000000000105,0.700000000000145,0.7575757575755537,157,38,0.8051282051282052
LONG_2.5_003,2.5,LONG,2024-01-15T12:16:00.000000000Z,london,monday,5.800000000000249,5.199999999998539,0.640000000000196,0.5500000000002725,0.8124999999995229,158,37,0.8102564102564103
LONG_2.5_003,2.5,LONG,2024-01-15T12:17:00.000000000Z,london,monday,6.999999999999229,6.999999999999229,0.7200000000000539,0.49999999999994493,0.9722222222220424,159,36,0.8153846153846154
LONG_2.5_003,2.5,LONG,2024-01-15T12:18:00.000000000Z,london,monday,7.200000000000539,7.200000000000539,0.740000000000185,0.5000000000005,0.9729729729728027,160,35,0.8205128205128205
LONG_2.5_003,2.5,LONG,2024-01-15T12:19:00.000000000Z,london,monday,5.300000000001415,2.9999999999996696,0.780000000000447,1.0750000000009363,0.38461538461512185,161,34,0.8256410256410256
LONG_2.5_003,2.5,LONG,2024-01-15T12:20:00.000000000Z,london,monday,5.00000000000167,2.80000000000058,0.760000000000538,1.0750000000009363,0.3684210526313944,162,33,0.8307692307692308
LONG_2.5_003,2.5,LONG,2024-01-15T12:21:00.000000000Z,london,monday,4.60000000000127,2.9999999999996696,0.780000000000447,0.9000000000009001,0.38461538461512185,163,32,0.8358974358974359
LONG_2.5_003,2.5,LONG,2024-01-15T12:22:00.000000000Z,london,monday,3.900000000001125,1.2999999999996348,0.8100000000004215,1.000000000000445,0.16049382716036523,164,31,0.841025641025641
LONG_2.5_003,2.5,LONG,2024-01-15T12:23:00.000000000Z,london,monday,4.20000000000087,-1.80000000000069,0.820000000000265,0.8249999999998536,0.21951219512196443,165,30,0.8461538461538461
LONG_2.5_003,2.5,LONG,2024-01-15T12:24:00.000000000Z,london,monday,4.60000000000127,-2.80000000000058,0.800000000000356,0.8999999999997899,0.3499999999999167,166,29,0.8512820512820513
LONG_2.5_003,2.5,LONG,2024-01-15T12:25:00.000000000Z,london,monday,5.00000000000167,-3.20000000000098,0.840000000000396,0.8500000000000174,0.38095238095231804,167,28,0.8564102564102564
LONG_2.5_003,2.5,LONG,2024-01-15T12:26:00.000000000Z,london,monday,5.00000000000167,-1.1999999999989797,1.020000000000465,1.0750000000003812,0.11764705882337574,168,27,0.8615384615384616
LONG_2.5_003,2.5,LONG,2024-01-15T12:27:00.000000000Z,london,monday,5.20000000000076,-4.599999999999049,1.100000000000545,1.200000000000645,0.41818181818152456,169,26,0.8666666666666667
LONG_2.5_003,2.5,LONG,2024-01-15T12:28:00.000000000Z,london,monday,6.00000000000156,-6.00000000000156,1.120000000000454,1.300000000000745,0.5357142857142079,170,25,0.8717948717948718
LONG_2.5_003,2.5,LONG,2024-01-15T12:29:00.000000000Z,london,monday,4.3999999999999595,-3.6999999999998145,0.8900000000002795,1.200000000000645,0.4157303370785003,171,24,0.8769230769230769
LONG_2.5_003,2.5,LONG,2024-01-15T12:30:00.000000000Z,london,monday,5.599999999998939,-4.999999999999449,1.000000000000112,1.0250000000000536,0.499999999999889,172,23,0.882051282051282
LONG_2.5_003,2.5,LONG,2024-01-15T12:31:00.000000000Z,london,monday,5.800000000000249,-5.800000000000249,0.960000000000294,0.5500000000002725,0.6041666666665076,173,22,0.8871794871794871
LONG_2.5_003,2.5,LONG,2024-01-15T12:32:00.000000000Z,london,monday,4.8000000000003595,-4.599999999999049,0.880000000000436,0.40000000000040004,0.5227272727269057,174,21,0.8923076923076924
LONG_2.5_003,2.5,LONG,2024-01-15T12:33:00.000000000Z,london,monday,6.500000000000394,-5.399999999999849,0.960000000000516,1.000000000000445,0.5624999999996819,175,20,0.8974358974358975
LONG_2.5_003,2.5,LONG,2024-01-15T12:34:00.000000000Z,london,monday,6.500000000000394,-0.7999999999985796,1.340000000000563,1.7500000000009175,0.059701492537182356,176,19,0.9025641025641026
LONG_2.5_003,2.5,LONG,2024-01-15T12:35:00.000000000Z,london,monday,6.500000000000394,-1.3999999999980695,1.400000000000512,1.9500000000005624,0.09999999999982553,177,18,0.9076923076923077
LONG_2.5_003,2.5,LONG,2024-01-15T12:36:00.000000000Z,london,monday,6.500000000000394,-2.60000000000149,1.28000000000017,2.074999999999716,0.20312500000008946,178,17,0.9128205128205128
LONG_2.5_003,2.5,LONG,2024-01-15T12:37:00.000000000Z,london,monday,4.3999999999999595,-1.40000000000029,1.1600000000000499,1.6999999999994797,0.12068965517243359,179,16,0.9179487179487179
LONG_2.5_003,2.5,LONG,2024-01-15T12:38:00.000000000Z,london,monday,4.20000000000087,-2.5999999999992696,1.2799999999999478,1.1499999999992072,0.2031249999999512,180,15,0.9230769230769231
LONG_2.5_003,2.5,LONG,2024-01-15T12:39:00.000000000Z,london,monday,4.599999999999049,0.9999999999998899,1.6399999999998638,1.7999999999990246,0.06097560975609591,181,14,0.9282051282051282
LONG_2.5_003,2.5,LONG,2024-01-15T12:40:00.000000000Z,london,monday,8.60000000000083,6.200000000000649,1.9200000000001438,2.6249999999999885,0.3229166666666763,182,13,0.9333333333333333
LONG_2.5_003,2.5,LONG,2024-01-15T12:41:00.000000000Z,london,monday,11.200000000000099,9.00000000000123,2.1599999999999397,3.049999999999997,0.4166666666667352,183,12,0.9384615384615385
LONG_2.5_003,2.5,LONG,2024-01-15T12:42:00.000000000Z,london,monday,11.200000000000099,5.899999999998684,2.429999999999932,3.275000000000361,0.24279835390941765,184,11,0.9435897435897436
LONG_2.5_003,2.5,LONG,2024-01-15T12:43:00.000000000Z,london,monday,11.200000000000099,9.799999999999809,2.3400000000000087,2.7500000000008074,0.41880341880340904,185,10,0.9487179487179487
LONG_2.5_003,2.5,LONG,2024-01-15T12:44:00.000000000Z,london,monday,10.200000000000209,3.1999999999987594,2.1599999999999397,2.3500000000004073,0.14814814814809485,186,9,0.9538461538461539
LONG_2.5_003,2.5,LONG,2024-01-15T12:45:00.000000000Z,london,monday,10.200000000000209,3.9999999999995595,2.0799999999998597,1.7500000000003624,0.1923076923076841,187,8,0.958974358974359
LONG_2.5_003,2.5,LONG,2024-01-15T12:46:00.000000000Z,london,monday,10.200000000000209,1.7000000000000348,2.1700000000002273,1.4250000000004537,0.0783410138248782,188,7,0.9641025641025641
LONG_2.5_003,2.5,LONG,2024-01-15T12:47:00.000000000Z,london,monday,10.200000000000209,3.5999999999991594,2.180000000000293,1.30000000000019,0.16513761467883833,189,6,0.9692307692307692
LONG_2.5_003,2.5,LONG,2024-01-15T12:48:00.000000000Z,london,monday,10.200000000000209,5.999999999999339,2.020000000000355,0.800000000000245,0.29702970297021214,190,5,0.9743589743589743
LONG_2.5_003,2.5,LONG,2024-01-15T12:49:00.000000000Z,london,monday,6.6000000000010495,3.8000000000004697,1.800000000000468,1.100000000000545,0.21111111111108233,191,4,0.9794871794871794
LONG_2.5_003,2.5,LONG,2024-01-15T12:50:00.000000000Z,london,monday,5.60000000000116,0.700000000000145,1.4900000000004354,0.9250000000005087,0.04697986577180808,192,3,0.9846153846153847
LONG_2.5_003,2.5,LONG,2024-01-15T12:51:00.000000000Z,london,monday,5.60000000000116,-3.4000000000000696,1.380000000000603,1.0500000000007725,0.2463768115941003,193,2,0.9897435897435898
LONG_2.5_003,2.5,LONG,2024-01-15T12:52:00.000000000Z,london,monday,4.20000000000087,0.700000000000145,1.2100000000003774,1.2500000000004174,0.057851239669415425,194,1,0.9948717948717949
LONG_2.5_003,2.5,LONG,2024-01-15T12:53:00.000000000Z,london,monday,4.3999999999999595,0.1999999999990898,1.160000000000272,1.1500000000003174,0.01724137931026232,195,0,1.0
LONG_2.5_004,2.5,LONG,2024-01-15T13:04:00.000000000Z,london,monday,7.599999999998719,-7.599999999998719,1.220000000000221,1.0250000000006088,0.6229508196719133,0,31,0.0
LONG_2.5_004,2.5,LONG,2024-01-15T13:05:00.000000000Z,london,monday,6.200000000000649,-4.8000000000003595,1.220000000000443,1.0500000000002174,0.3934426229507063,1,30,0.03225806451612903
LONG_2.5_004,2.5,LONG,2024-01-15T13:06:00.000000000Z,london,monday,6.00000000000156,-6.00000000000156,1.340000000000563,1.3500000000005175,0.44776119402977904,2,29,0.06451612903225806
LONG_2.5_004,2.5,LONG,2024-01-15T13:07:00.000000000Z,london,monday,4.999999999999449,-3.9999999999995595,1.140000000000363,1.2000000000000899,0.3508771929823058,3,28,0.0967741935483871
LONG_2.5_004,2.5,LONG,2024-01-15T13:08:00.000000000Z,london,monday,6.399999999999739,-5.800000000000249,1.240000000000352,1.2000000000000899,0.4677419354837583,4,27,0.12903225806451613
LONG_2.5_004,2.5,LONG,2024-01-15T13:09:00.000000000Z,london,monday,9.00000000000123,-9.00000000000123,1.440000000000552,1.50000000000039,0.6249999999998458,5,26,0.16129032258064516
LONG_2.5_004,2.5,LONG,2024-01-15T13:10:00.000000000Z,london,monday,7.4000000000018495,-4.299999999999304,1.3300000000004975,1.5500000000001624,0.3233082706765185,6,25,0.1935483870967742
LONG_2.5_004,2.5,LONG,2024-01-15T13:11:00.000000000Z,london,monday,7.4000000000018495,-4.20000000000087,1.340000000000341,1.80000000000069,0.31343283582088066,7,24,0.22580645161290322
LONG_2.5_004,2.5,LONG,2024-01-15T13:12:00.000000000Z,london,monday,7.0000000000014495,-4.999999999999449,1.4200000000001989,1.7500000000003624,0.3521126760562499,8,23,0.25806451612903225
LONG_2.5_004,2.5,LONG,2024-01-15T13:13:00.000000000Z,london,monday,6.00000000000156,-4.8000000000003595,1.40000000000029,1.30000000000019,0.34285714285709756,9,22,0.2903225806451613
LONG_2.5_004,2.5,LONG,2024-01-15T13:14:00.000000000Z,london,monday,6.00000000000156,-3.4000000000000696,1.260000000000261,0.8500000000000174,0.2698412698412195,10,21,0.3225806451612903
LONG_2.5_004,2.5,LONG,2024-01-15T13:15:00.000000000Z,london,monday,6.00000000000156,-5.399999999999849,1.180000000000181,0.6499999999998174,0.45762711864398486,11,20,0.3548387096774194
LONG_2.5_004,2.5,LONG,2024-01-15T13:16:00.000000000Z,london,monday,4.3999999999999595,-1.5999999999993797,1.2399999999999078,0.8999999999997899,0.12903225806447569,12,19,0.3870967741935484
LONG_2.5_004,2.5,LONG,2024-01-15T13:17:00.000000000Z,london,monday,4.00000000000178,-0.20000000000131024,1.3000000000000789,0.9499999999995623,0.01538461538471524,13,18,0.41935483870967744
LONG_2.5_004,2.5,LONG,2024-01-15T13:18:00.000000000Z,london,monday,3.8000000000004697,1.100000000000545,1.1699999999998933,0.974999999999171,0.09401709401714917,14,17,0.45161290322580644
LONG_2.5_004,2.5,LONG,2024-01-15T13:19:00.000000000Z,london,monday,5.60000000000116,5.60000000000116,1.0999999999996568,1.2999999999990797,0.5090909090911734,15,16,0.4838709677419355
LONG_2.5_004,2.5,LONG,2024-01-15T13:20:00.000000000Z,london,monday,4.999999999999449,3.8000000000004697,0.9199999999995878,0.7499999999993623,0.41304347826110566,16,15,0.5161290322580645
LONG_2.5_004,2.5,LONG,2024-01-15T13:21:00.000000000Z,london,monday,4.999999999999449,2.4000000000001798,0.7799999999995588,0.4999999999993898,0.3076923076925048,17,14,0.5483870967741935
LONG_2.5_004,2.5,LONG,2024-01-15T13:22:00.000000000Z,london,monday,4.999999999999449,1.9999999999997797,0.8199999999995988,0.8749999999996261,0.24390243902448272,18,13,0.5806451612903226
LONG_2.5_004,2.5,LONG,2024-01-15T13:23:00.000000000Z,london,monday,4.999999999999449,2.80000000000058,0.7399999999995188,0.3999999999998449,0.37837837837870275,19,12,0.6129032258064516
LONG_2.5_004,2.5,LONG,2024-01-15T13:24:00.000000000Z,london,monday,4.999999999999449,2.4000000000001798,0.7799999999995588,0.49999999999994493,0.3076923076925048,20,11,0.6451612903225806
LONG_2.5_004,2.5,LONG,2024-01-15T13:25:00.000000000Z,london,monday,4.999999999999449,4.199999999998649,0.8399999999995078,0.7999999999996898,0.5000000000001321,21,10,0.6774193548387096
LONG_2.5_004,2.5,LONG,2024-01-15T13:26:00.000000000Z,london,monday,2.80000000000058,0.8000000000008001,0.7399999999995188,0.6999999999995898,0.10810810810828653,22,9,0.7096774193548387
LONG_2.5_004,2.5,LONG,2024-01-15T13:27:00.000000000Z,london,monday,1.9999999999997797,0.9000000000014552,0.7499999999995843,0.9749999999997261,0.12000000000026054,23,8,0.7419354838709677
LONG_2.5_004,2.5,LONG,2024-01-15T13:28:00.000000000Z,london,monday,2.9999999999996696,-1.100000000000545,0.9499999999997844,1.3999999999997348,0.11578947368429418,24,7,0.7741935483870968
LONG_2.5_004,2.5,LONG,2024-01-15T13:29:00.000000000Z,london,monday,2.9999999999996696,-2.9999999999996696,0.7599999999998719,1.0999999999999899,0.3947368421052862,25,6,0.8064516129032258
LONG_2.5_004,2.5,LONG,2024-01-15T13:30:00.000000000Z,london,monday,2.9999999999996696,-0.40000000000040004,1.0199999999997988,1.4500000000000624,0.03921568627455676,26,5,0.8387096774193549
LONG_2.5_004,2.5,LONG,2024-01-15T13:31:00.000000000Z,london,monday,4.100000000000215,1.100000000000545,1.1699999999998933,1.5500000000001624,0.09401709401714917,27,4,0.8709677419354839
LONG_2.5_004,2.5,LONG,2024-01-15T13:32:00.000000000Z,london,monday,4.199999999998649,2.7999999999983594,1.0199999999997988,1.0499999999996623,0.2745098039214619,28,3,0.9032258064516129
LONG_2.5_004,2.5,LONG,2024-01-15T13:33:00.000000000Z,london,monday,4.199999999998649,2.4000000000001798,1.0599999999996168,1.1499999999992072,0.22641509433972146,29,2,0.9354838709677419
LONG_2.5_004,2.5,LONG,2024-01-15T13:34:00.000000000Z,london,monday,4.500000000000615,3.5000000000007248,1.0899999999995913,0.6749999999994261,0.32110091743137953,30,1,0.967741935483871
LONG_2.5_004,2.5,LONG,2024-01-15T13:35:00.000000000Z,london,monday,5.1000000000001044,2.900000000001235,1.0299999999996423,0.44999999999906226,0.2815533980584701,31,0,1.0
LONG_2.5_005,2.5,LONG,2024-01-15T13:41:00.000000000Z,london,monday,3.900000000001125,-2.900000000001235,0.7499999999995843,0.5749999999998812,0.38666666666704563,0,10,0.0
LONG_2.5_005,2.5,LONG,2024-01-15T13:42:00.000000000Z,london,monday,3.900000000001125,-2.4999999999986144,0.7899999999998464,0.47500000000033626,0.3164556962024178,1,9,0.1
LONG_2.5_005,2.5,LONG,2024-01-15T13:43:00.000000000Z,london,monday,3.900000000001125,-1.80000000000069,0.7800000000000029,0.5250000000001087,0.23076923076931835,2,8,0.2
LONG_2.5_005,2.5,LONG,2024-01-15T13:44:00.000000000Z,london,monday,3.900000000001125,-2.100000000000435,0.7500000000000284,0.4500000000001725,0.2800000000000474,3,7,0.3
LONG_2.5_005,2.5,LONG,2024-01-15T13:45:00.000000000Z,london,monday,3.900000000001125,-2.6999999999999247,0.6900000000000794,0.3000000000003,0.391304347826031,4,6,0.4
LONG_2.5_005,2.5,LONG,2024-01-15T13:46:00.000000000Z,london,monday,1.9999999999997797,-1.1999999999989797,0.5399999999999849,0.27500000000013625,0.22222222222203947,5,5,0.5
LONG_2.5_005,2.5,LONG,2024-01-15T13:47:00.000000000Z,london,monday,1.40000000000029,-0.10000000000065512,0.4300000000001525,0.3000000000003,0.02325581395363248,6,4,0.6
LONG_2.5_005,2.5,LONG,2024-01-15T13:48:00.000000000Z,london,monday,1.40000000000029,-0.5999999999994898,0.380000000000269,0.3000000000003,0.15789473684185923,7,3,0.7
LONG_2.5_005,2.5,LONG,2024-01-15T13:49:00.000000000Z,london,monday,1.6000000000016001,0.30000000000196536,0.4500000000002835,0.5000000000005,0.06666666666706142,8,2,0.8
LONG_2.5_005,2.5,LONG,2024-01-15T13:50:00.000000000Z,london,monday,2.20000000000109,1.6000000000016001,0.440000000000218,0.5500000000002725,0.36363636363654717,9,1,0.9
LONG_2.5_005,2.5,LONG,2024-01-15T13:51:00.000000000Z,london,monday,2.900000000001235,2.900000000001235,0.4500000000002835,0.6250000000002087,0.6444444444443128,10,0,1.0
LONG_2.5_006,2.5,LONG,2024-01-15T14:05:00.000000000Z,london,monday,7.800000000000029,-6.200000000000649,1.1399999999999189,1.9500000000000073,0.5438596491229027,0,144,0.0
LONG_2.5_006,2.5,LONG,2024-01-15T14:06:00.000000000Z,london,monday,10.000000000001119,-8.300000000001084,1.3499999999999623,1.8500000000004624,0.6148148148149123,1,143,0.006944444444444444
LONG_2.5_006,2.5,LONG,2024-01-15T14:07:00.000000000Z,london,monday,10.499999999999954,-8.500000000000174,1.3699999999998713,1.6250000000000986,0.6204379562044505,2,142,0.013888888888888888
LONG_2.5_006,2.5,LONG,2024-01-15T14:08:00.000000000Z,london,monday,11.200000000000099,-10.600000000000609,1.2999999999998568,1.6500000000002624,0.815384615384752,3,141,0.020833333333333332
LONG_2.5_006,2.5,LONG,2024-01-15T14:09:00.000000000Z,london,monday,11.200000000000099,-9.399999999999409,1.3799999999997148,1.0999999999999899,0.681159420289953,4,140,0.027777777777777776
LONG_2.5_006,2.5,LONG,2024-01-15T14:10:00.000000000Z,london,monday,11.200000000000099,-9.80000000000203,1.4199999999999768,0.7499999999999174,0.6901408450705767,5,139,0.034722222222222224
LONG_2.5_006,2.5,LONG,2024-01-15T14:11:00.000000000Z,london,monday,11.200000000000099,-10.600000000000609,1.3400000000001189,0.7250000000003087,0.7910447761193783,6,138,0.041666666666666664
LONG_2.5_006,2.5,LONG,2024-01-15T14:12:00.000000000Z,london,monday,8.60000000000083,-8.20000000000043,1.100000000000101,0.6000000000000449,0.7454545454545161,7,137,0.04861111111111111
LONG_2.5_006,2.5,LONG,2024-01-15T14:13:00.000000000Z,london,monday,7.200000000000539,-6.699999999999484,0.9700000000001374,0.37500000000023626,0.6907216494843851,8,136,0.05555555555555555
LONG_2.5_006,2.5,LONG,2024-01-15T14:14:00.000000000Z,london,monday,6.900000000000794,-6.900000000000794,0.9900000000002684,0.37500000000023626,0.6969696969695882,9,135,0.0625
LONG_2.5_006,2.5,LONG,2024-01-15T14:15:00.000000000Z,london,monday,3.6999999999998145,-2.80000000000058,0.7600000000000939,0.49999999999994493,0.3684210526316097,10,134,0.06944444444444445
LONG_2.5_006,2.5,LONG,2024-01-15T14:16:00.000000000Z,london,monday,1.4999999999987246,-0.4999999999988347,0.5500000000000504,0.47500000000033626,0.0909090909088707,11,133,0.0763888888888889
LONG_2.5_006,2.5,LONG,2024-01-15T14:17:00.000000000Z,london,monday,1.8999999999991246,0.8999999999992347,0.5900000000000905,0.6749999999999812,0.15254237288120284,12,132,0.08333333333333333
LONG_2.5_006,2.5,LONG,2024-01-15T14:18:00.000000000Z,london,monday,1.8999999999991246,0.1999999999990898,0.660000000000105,0.8249999999998536,0.030303030302887574,13,131,0.09027777777777778
LONG_2.5_006,2.5,LONG,2024-01-15T14:19:00.000000000Z,london,monday,2.4000000000001798,-1.80000000000069,0.660000000000105,0.8500000000000174,0.2727272727273339,14,130,0.09722222222222222
LONG_2.5_006,2.5,LONG,2024-01-15T14:20:00.000000000Z,london,monday,2.4000000000001798,-0.9999999999998899,0.5800000000000249,0.8249999999998536,0.17241379310342186,15,129,0.10416666666666667
LONG_2.5_006,2.5,LONG,2024-01-15T14:21:00.000000000Z,london,monday,2.5999999999992696,-1.5999999999993797,0.5599999999998939,0.6499999999998174,0.2857142857142291,16,128,0.1111111111111111
LONG_2.5_006,2.5,LONG,2024-01-15T14:22:00.000000000Z,london,monday,2.5999999999992696,0.2999999999997449,0.7099999999999884,0.7249999999997536,0.04225352112672533,17,127,0.11805555555555555
LONG_2.5_006,2.5,LONG,2024-01-15T14:23:00.000000000Z,london,monday,2.5999999999992696,0.8999999999992347,0.7699999999999374,0.6499999999998174,0.11688311688302701,18,126,0.125
LONG_2.5_006,2.5,LONG,2024-01-15T14:24:00.000000000Z,london,monday,3.4000000000000696,2.6999999999999247,0.7899999999998464,0.8999999999997899,0.3417721518987911,19,125,0.13194444444444445
LONG_2.5_006,2.5,LONG,2024-01-15T14:25:00.000000000Z,london,monday,3.4000000000000696,0.40000000000040004,0.8399999999999519,1.2000000000000899,0.04761904761909797,20,124,0.1388888888888889
LONG_2.5_006,2.5,LONG,2024-01-15T14:26:00.000000000Z,london,monday,3.8999999999989043,2.1999999999988695,1.0199999999997988,1.2499999999998623,0.21568627450973563,21,123,0.14583333333333334
LONG_2.5_006,2.5,LONG,2024-01-15T14:27:00.000000000Z,london,monday,3.8999999999989043,0.9999999999998899,0.9599999999998499,1.1499999999997623,0.10416666666667149,22,122,0.1527777777777778
LONG_2.5_006,2.5,LONG,2024-01-15T14:28:00.000000000Z,london,monday,3.8999999999989043,1.40000000000029,0.9199999999998099,1.1499999999997623,0.15217391304354122,23,121,0.1597222222222222
LONG_2.5_006,2.5,LONG,2024-01-15T14:29:00.000000000Z,london,monday,3.8999999999989043,2.60000000000149,0.8399999999999519,0.8500000000000174,0.30952380952400466,24,120,0.16666666666666666
LONG_2.5_006,2.5,LONG,2024-01-15T14:30:00.000000000Z,london,monday,4.3999999999999595,4.20000000000087,0.9999999999998899,0.7750000000000812,0.4200000000001332,25,119,0.1736111111111111
LONG_2.5_006,2.5,LONG,2024-01-15T14:31:00.000000000Z,london,monday,4.3999999999999595,3.4000000000000696,1.0799999999999699,0.9500000000001174,0.31481481481483004,26,118,0.18055555555555555
LONG_2.5_006,2.5,LONG,2024-01-15T14:32:00.000000000Z,london,monday,2.6999999999999247,1.100000000000545,0.9699999999999154,0.8500000000000174,0.11340206185573617,27,117,0.1875
LONG_2.5_006,2.5,LONG,2024-01-15T14:33:00.000000000Z,london,monday,2.4000000000001798,0.9999999999998899,0.9599999999998499,0.9499999999995623,0.10416666666667149,28,116,0.19444444444444445
LONG_2.5_006,2.5,LONG,2024-01-15T14:34:00.000000000Z,london,monday,2.4000000000001798,-0.5000000000010552,0.9099999999999664,0.6749999999999812,0.054945054945172926,29,115,0.2013888888888889
LONG_2.5_006,2.5,LONG,2024-01-15T14:35:00.000000000Z,london,monday,2.5999999999992696,-0.1999999999990898,0.8799999999997699,0.6999999999995898,0.02272727272717524,30,114,0.20833333333333334
LONG_2.5_006,2.5,LONG,2024-01-15T14:36:00.000000000Z,london,monday,2.5999999999992696,-0.6999999999979245,0.8299999999998864,0.8999999999997899,0.08433734939735185,31,113,0.2152777777777778
LONG_2.5_006,2.5,LONG,2024-01-15T14:37:00.000000000Z,london,monday,2.5999999999992696,-1.7999999999984695,0.9399999999999409,1.0999999999999899,0.1914893617019769,32,112,0.2222222222222222
LONG_2.5_006,2.5,LONG,2024-01-15T14:38:00.000000000Z,london,monday,2.5999999999992696,0.2999999999997449,0.9499999999997844,1.2499999999993072,0.03157894736840137,33,111,0.22916666666666666
LONG_2.5_006,2.5,LONG,2024-01-15T14:39:00.000000000Z,london,monday,2.5999999999992696,0.9999999999998899,1.0199999999997988,1.2000000000000899,0.09803921568628304,34,110,0.2361111111111111
LONG_2.5_006,2.5,LONG,2024-01-15T14:40:00.000000000Z,london,monday,2.5999999999992696,-0.5999999999994898,0.8599999999998609,0.8500000000000174,0.06976744186041708,35,109,0.24305555555555555
LONG_2.5_006,2.5,LONG,2024-01-15T14:41:00.000000000Z,london,monday,1.9999999999997797,0.40000000000040004,0.7599999999998719,0.49999999999994493,0.05263157894742993,36,108,0.25
LONG_2.5_006,2.5,LONG,2024-01-15T14:42:00.000000000Z,london,monday,1.9999999999997797,0.7999999999985796,0.7200000000000539,0.27500000000069136,0.11111111111090552,37,107,0.2569444444444444
LONG_2.5_006,2.5,LONG,2024-01-15T14:43:00.000000000Z,london,monday,1.9999999999997797,0.0,0.6800000000000139,0.10000000000010001,0.0,38,106,0.2638888888888889
LONG_2.5_006,2.5,LONG,2024-01-15T14:44:00.000000000Z,london,monday,1.9999999999997797,0.8000000000008001,0.6599999999998829,0.17500000000003624,0.12121212121226393,39,105,0.2708333333333333
LONG_2.5_006,2.5,LONG,2024-01-15T14:45:00.000000000Z,london,monday,1.9999999999997797,1.9999999999997797,0.560000000000116,0.20000000000020002,0.35714285714274385,40,104,0.2777777777777778
LONG_2.5_006,2.5,LONG,2024-01-15T14:46:00.000000000Z,london,monday,1.9999999999997797,-0.8000000000008001,0.560000000000116,0.49999999999994493,0.14285714285725615,41,103,0.2847222222222222
LONG_2.5_006,2.5,LONG,2024-01-15T14:47:00.000000000Z,london,monday,1.9999999999997797,1.1999999999989797,0.48000000000003595,0.6000000000000449,0.2499999999997687,42,102,0.2916666666666667
LONG_2.5_006,2.5,LONG,2024-01-15T14:48:00.000000000Z,london,monday,1.40000000000029,0.30000000000196536,0.3900000000003345,0.5750000000004363,0.07692307692351488,43,101,0.2986111111111111
LONG_2.5_006,2.5,LONG,2024-01-15T14:49:00.000000000Z,london,monday,1.500000000000945,-1.500000000000945,0.3900000000003345,0.7750000000006363,0.38461538461529704,44,100,0.3055555555555556
LONG_2.5_006,2.5,LONG,2024-01-15T14:50:00.000000000Z,london,monday,2.100000000000435,-2.100000000000435,0.4500000000002835,0.5750000000004363,0.4666666666664693,45,99,0.3125
LONG_2.5_006,2.5,LONG,2024-01-15T14:51:00.000000000Z,london,monday,2.100000000000435,-1.9999999999997797,0.460000000000349,0.4500000000007276,0.4347826086952744,46,98,0.3194444444444444
LONG_2.5_006,2.5,LONG,2024-01-15T14:52:00.000000000Z,london,monday,2.20000000000109,-1.9999999999997797,0.460000000000349,0.4500000000007276,0.4347826086952744,47,97,0.3263888888888889
LONG_2.5_006,2.5,LONG,2024-01-15T14:53:00.000000000Z,london,monday,2.20000000000109,-1.5999999999993797,0.46000000000057106,0.27500000000069136,0.34782608695595507,48,96,0.3333333333333333
LONG_2.5_006,2.5,LONG,2024-01-15T14:54:00.000000000Z,london,monday,2.20000000000109,-2.100000000000435,0.4500000000007276,0.17500000000114646,0.46666666666600876,49,95,0.3402777777777778
LONG_2.5_006,2.5,LONG,2024-01-15T14:55:00.000000000Z,london,monday,2.20000000000109,-1.40000000000029,0.5200000000007421,0.3500000000011827,0.26923076923044076,50,94,0.3472222222222222
LONG_2.5_006,2.5,LONG,2024-01-15T14:56:00.000000000Z,london,monday,1.7000000000000348,0.8999999999992347,0.4700000000006366,0.5250000000006638,0.1914893617017055,51,93,0.3541666666666667
LONG_2.5_006,2.5,LONG,2024-01-15T14:57:00.000000000Z,london,monday,2.80000000000058,1.40000000000029,0.5200000000007421,0.7500000000004725,0.26923076923044076,52,92,0.3611111111111111
LONG_2.5_006,2.5,LONG,2024-01-15T14:58:00.000000000Z,london,monday,2.80000000000058,0.5999999999994898,0.56000000000056,0.8500000000000174,0.10714285714265889,53,91,0.3680555555555556
LONG_2.5_006,2.5,LONG,2024-01-15T14:59:00.000000000Z,london,monday,2.80000000000058,1.900000000001345,0.5100000000004545,0.7499999999999174,0.37254901960777487,54,90,0.375
LONG_2.5_006,2.5,LONG,2024-01-15T15:00:00.000000000Z,london,monday,3.4000000000000696,3.2999999999994145,0.5300000000003635,0.7249999999997536,0.6226415094334248,55,89,0.3819444444444444
LONG_2.5_006,2.5,LONG,2024-01-15T15:01:00.000000000Z,london,monday,3.4000000000000696,1.1999999999989797,0.720000000000276,0.9499999999995623,0.16666666666646107,56,88,0.3888888888888889
LONG_2.5_006,2.5,LONG,2024-01-15T15:02:00.000000000Z,london,monday,3.4000000000000696,0.9999999999998899,0.740000000000185,0.8999999999997899,0.1351351351350865,57,87,0.3958333333333333
LONG_2.5_006,2.5,LONG,2024-01-15T15:03:00.000000000Z,london,monday,3.4000000000000696,1.4999999999987246,0.7900000000000684,0.9749999999997261,0.1898734177213411,58,86,0.4027777777777778
LONG_2.5_006,2.5,LONG,2024-01-15T15:04:00.000000000Z,london,monday,3.4000000000000696,2.9999999999996696,0.8999999999999009,1.0999999999999899,0.3333333333333333,59,85,0.4097222222222222
LONG_2.5_006,2.5,LONG,2024-01-15T15:05:00.000000000Z,london,monday,2.9999999999996696,2.9999999999996696,0.8999999999999009,0.800000000000245,0.3333333333333333,60,84,0.4166666666666667
LONG_2.5_006,2.5,LONG,2024-01-15T15:06:00.000000000Z,london,monday,2.80000000000058,1.9999999999997797,0.8200000000000429,0.7250000000003087,0.2439024390243506,61,83,0.4236111111111111
LONG_2.5_006,2.5,LONG,2024-01-15T15:07:00.000000000Z,london,monday,3.60000000000138,1.80000000000069,0.8000000000001339,0.7750000000006363,0.22500000000004858,62,82,0.4305555555555556
LONG_2.5_006,2.5,LONG,2024-01-15T15:08:00.000000000Z,london,monday,3.60000000000138,1.4999999999987246,0.8300000000003305,0.6750000000010914,0.18072289156603943,63,81,0.4375
LONG_2.5_006,2.5,LONG,2024-01-15T15:09:00.000000000Z,london,monday,3.60000000000138,0.8999999999992347,0.8100000000001994,0.5250000000006638,0.11111111111098927,64,80,0.4444444444444444
LONG_2.5_006,2.5,LONG,2024-01-15T15:10:00.000000000Z,london,monday,3.60000000000138,-0.700000000000145,0.8100000000004215,0.7000000000007001,0.08641975308639267,65,79,0.4513888888888889
LONG_2.5_006,2.5,LONG,2024-01-15T15:11:00.000000000Z,london,monday,3.60000000000138,-0.40000000000040004,0.780000000000447,0.900000000000345,0.05128205128207318,66,78,0.4583333333333333
LONG_2.5_006,2.5,LONG,2024-01-15T15:12:00.000000000Z,london,monday,6.200000000000649,-2.5999999999992696,1.000000000000334,1.3249999999997986,0.25999999999984014,67,77,0.4652777777777778
LONG_2.5_006,2.5,LONG,2024-01-15T15:13:00.000000000Z,london,monday,6.200000000000649,-1.4999999999987246,1.1100000000003885,1.7250000000001986,0.13513513513497294,68,76,0.4722222222222222
LONG_2.5_006,2.5,LONG,2024-01-15T15:14:00.000000000Z,london,monday,6.200000000000649,-2.6999999999999247,0.9900000000002684,1.5499999999996072,0.27272727272719116,69,75,0.4791666666666667
LONG_2.5_006,2.5,LONG,2024-01-15T15:15:00.000000000Z,london,monday,6.200000000000649,-2.6999999999999247,0.9900000000002684,1.3249999999997986,0.27272727272719116,70,74,0.4861111111111111
LONG_2.5_006,2.5,LONG,2024-01-15T15:16:00.000000000Z,london,monday,6.200000000000649,-2.0999999999982144,1.0300000000003084,0.800000000000245,0.20388349514539666,71,73,0.4930555555555556
LONG_2.5_006,2.5,LONG,2024-01-15T15:17:00.000000000Z,london,monday,6.200000000000649,-4.00000000000178,1.040000000000374,0.6000000000006,0.38461538461541744,72,72,0.5
LONG_2.5_006,2.5,LONG,2024-01-15T15:18:00.000000000Z,london,monday,5.299999999999194,-3.2999999999994145,0.9700000000001374,0.6250000000007638,0.34020618556690174,73,71,0.5069444444444444
LONG_2.5_006,2.5,LONG,2024-01-15T15:19:00.000000000Z,london,monday,5.1000000000001044,-3.1000000000003247,0.9500000000002284,0.4250000000005638,0.32631578947363993,74,70,0.5138888888888888
LONG_2.5_006,2.5,LONG,2024-01-15T15:20:00.000000000Z,london,monday,4.299999999999304,-2.5999999999992696,0.9000000000001229,0.37500000000023626,0.2888888888887683,75,69,0.5208333333333334
LONG_2.5_006,2.5,LONG,2024-01-15T15:21:00.000000000Z,london,monday,3.20000000000098,-0.7999999999985796,0.740000000000185,0.14999999999987246,0.10810810810788915,76,68,0.5277777777777778
LONG_2.5_006,2.5,LONG,2024-01-15T15:22:00.000000000Z,london,monday,3.9999999999995595,3.9999999999995595,0.700000000000145,0.6499999999998174,0.5714285714283902,77,67,0.5347222222222222
LONG_2.5_006,2.5,LONG,2024-01-15T15:23:00.000000000Z,london,monday,2.2999999999995246,0.3999999999981796,0.700000000000145,1.0999999999999899,0.057142857142585254,78,66,0.5416666666666666
LONG_2.5_006,2.5,LONG,2024-01-15T15:24:00.000000000Z,london,monday,2.500000000000835,2.300000000001745,0.8900000000005015,1.5250000000005537,0.2584269662921853,79,65,0.5486111111111112
LONG_2.5_006,2.5,LONG,2024-01-15T15:25:00.000000000Z,london,monday,5.1000000000001044,4.100000000000215,1.0700000000003485,2.1500000000002073,0.38317757009335324,80,64,0.5555555555555556
LONG_2.5_006,2.5,LONG,2024-01-15T15:26:00.000000000Z,london,monday,5.699999999999594,4.199999999998649,1.080000000000192,1.7500000000003624,0.3888888888886947,81,63,0.5625
LONG_2.5_006,2.5,LONG,2024-01-15T15:27:00.000000000Z,london,monday,5.699999999999594,3.4000000000000696,1.1600000000000499,1.7500000000003624,0.2931034482758555,82,62,0.5694444444444444
LONG_2.5_006,2.5,LONG,2024-01-15T15:28:00.000000000Z,london,monday,5.699999999999594,3.20000000000098,1.1799999999999589,1.3499999999994072,0.2711864406780586,83,61,0.5763888888888888
LONG_2.5_006,2.5,LONG,2024-01-15T15:29:00.000000000Z,london,monday,5.699999999999594,4.100000000000215,1.2699999999998823,0.9249999999993985,0.32283464566933817,84,60,0.5833333333333334
LONG_2.5_006,2.5,LONG,2024-01-15T15:30:00.000000000Z,london,monday,5.699999999999594,2.100000000000435,1.4699999999998603,1.3499999999994072,0.142857142857186,85,59,0.5902777777777778
LONG_2.5_006,2.5,LONG,2024-01-15T15:31:00.000000000Z,london,monday,5.599999999998939,1.40000000000029,1.5199999999997438,1.0499999999991072,0.09210526315792933,86,58,0.5972222222222222
LONG_2.5_006,2.5,LONG,2024-01-15T15:32:00.000000000Z,london,monday,5.20000000000076,-0.9999999999998899,1.3199999999999878,0.9999999999998899,0.07575757575756811,87,57,0.6041666666666666
LONG_2.5_006,2.5,LONG,2024-01-15T15:33:00.000000000Z,london,monday,5.20000000000076,0.30000000000196536,1.1899999999998023,0.8999999999997899,0.02521008403378279,88,56,0.6111111111111112
LONG_2.5_006,2.5,LONG,2024-01-15T15:34:00.000000000Z,london,monday,5.20000000000076,-2.000000000002,1.0199999999997988,0.40000000000040004,0.19607843137278377,89,55,0.6180555555555556
LONG_2.5_006,2.5,LONG,2024-01-15T15:35:00.000000000Z,london,monday,5.699999999999594,-5.1000000000001044,0.8099999999997554,0.37500000000023626,0.6296296296298327,90,54,0.625
LONG_2.5_006,2.5,LONG,2024-01-15T15:36:00.000000000Z,london,monday,6.599999999998829,-6.599999999998829,0.8399999999997299,0.5499999999997174,0.785714285714399,91,53,0.6319444444444444
LONG_2.5_006,2.5,LONG,2024-01-15T15:37:00.000000000Z,london,monday,6.6000000000010495,-6.099999999999994,0.7899999999998464,0.7500000000004725,0.7721518987343267,92,52,0.6388888888888888
LONG_2.5_006,2.5,LONG,2024-01-15T15:38:00.000000000Z,london,monday,6.900000000000794,-6.00000000000156,0.7800000000000029,0.7499999999999174,0.7692307692309663,93,51,0.6458333333333334
LONG_2.5_006,2.5,LONG,2024-01-15T15:39:00.000000000Z,london,monday,6.900000000000794,-6.699999999999484,0.7100000000002105,0.6750000000005363,0.9436619718306335,94,50,0.6527777777777778
LONG_2.5_006,2.5,LONG,2024-01-15T15:40:00.000000000Z,london,monday,4.60000000000127,-3.6999999999998145,0.5500000000002725,0.6250000000007638,0.6727272727269057,95,49,0.6597222222222222
LONG_2.5_006,2.5,LONG,2024-01-15T15:41:00.000000000Z,london,monday,4.00000000000178,-3.00000000000189,0.500000000000167,0.3249999999999087,0.6000000000001776,96,48,0.6666666666666666
LONG_2.5_006,2.5,LONG,2024-01-15T15:42:00.000000000Z,london,monday,3.8000000000004697,-1.1999999999989797,0.640000000000196,0.6500000000003725,0.18749999999978317,97,47,0.6736111111111112
LONG_2.5_006,2.5,LONG,2024-01-15T15:43:00.000000000Z,london,monday,3.300000000001635,-1.80000000000069,0.700000000000367,0.8750000000001812,0.25714285714282087,98,46,0.6805555555555556
LONG_2.5_006,2.5,LONG,2024-01-15T15:44:00.000000000Z,london,monday,2.9999999999996696,0.0,0.8200000000000429,1.074999999999826,0.0,99,45,0.6875
LONG_2.5_006,2.5,LONG,2024-01-15T15:45:00.000000000Z,london,monday,4.60000000000127,2.100000000000435,0.9300000000003195,1.4500000000006175,0.2258064516128724,100,44,0.6944444444444444
LONG_2.5_006,2.5,LONG,2024-01-15T15:46:00.000000000Z,london,monday,4.60000000000127,1.4999999999987246,0.9900000000004905,1.4250000000004537,0.15151515151494763,101,43,0.7013888888888888
LONG_2.5_006,2.5,LONG,2024-01-15T15:47:00.000000000Z,london,monday,4.60000000000127,3.60000000000138,0.940000000000385,1.3500000000005175,0.38297872340424527,102,42,0.7083333333333334
LONG_2.5_006,2.5,LONG,2024-01-15T15:48:00.000000000Z,london,monday,5.00000000000167,5.00000000000167,1.020000000000465,1.2500000000009726,0.4901960784313128,103,41,0.7152777777777778
LONG_2.5_006,2.5,LONG,2024-01-15T15:49:00.000000000Z,london,monday,5.800000000000249,5.800000000000249,1.100000000000323,1.100000000000545,0.5272727272725951,104,40,0.7222222222222222
LONG_2.5_006,2.5,LONG,2024-01-15T15:50:00.000000000Z,london,monday,7.599999999998719,7.599999999998719,1.28000000000017,1.3499999999999623,0.5937499999998211,105,39,0.7291666666666666
LONG_2.5_006,2.5,LONG,2024-01-15T15:51:00.000000000Z,london,monday,7.800000000000029,7.800000000000029,1.300000000000301,1.2249999999996986,0.5999999999998633,106,38,0.7361111111111112
LONG_2.5_006,2.5,LONG,2024-01-15T15:52:00.000000000Z,london,monday,7.299999999998974,6.199999999998429,1.140000000000141,0.9499999999995623,0.543859649122602,107,37,0.7430555555555556
LONG_2.5_006,2.5,LONG,2024-01-15T15:53:00.000000000Z,london,monday,8.699999999999264,8.699999999999264,1.1700000000001154,1.0499999999996623,0.7435897435896074,108,36,0.75
LONG_2.5_006,2.5,LONG,2024-01-15T15:54:00.000000000Z,london,monday,7.800000000000029,7.800000000000029,1.080000000000192,0.5749999999998812,0.7222222222220965,109,35,0.7569444444444444
LONG_2.5_006,2.5,LONG,2024-01-15T15:55:00.000000000Z,london,monday,7.900000000000684,6.399999999999739,0.9400000000001629,0.5500000000002725,0.6808510638296414,110,34,0.7638888888888888
LONG_2.5_006,2.5,LONG,2024-01-15T15:56:00.000000000Z,london,monday,7.900000000000684,7.500000000000284,0.8300000000001084,0.6500000000003725,0.9036144578312415,111,33,0.7708333333333334
LONG_2.5_006,2.5,LONG,2024-01-15T15:57:00.000000000Z,london,monday,7.900000000000684,7.900000000000684,0.8700000000001484,0.6000000000006,0.908045977011418,112,32,0.7777777777777778
LONG_2.5_006,2.5,LONG,2024-01-15T15:58:00.000000000Z,london,monday,7.399999999999629,7.399999999999629,0.8200000000000429,0.6000000000006,0.9024390243901514,113,31,0.7847222222222222
LONG_2.5_006,2.5,LONG,2024-01-15T15:59:00.000000000Z,london,monday,6.399999999999739,5.399999999999849,0.8200000000000429,0.800000000000245,0.6585365853658008,114,30,0.7916666666666666
LONG_2.5_006,2.5,LONG,2024-01-15T16:00:00.000000000Z,other,monday,3.9999999999995595,3.9999999999995595,0.6800000000000139,0.9749999999997261,0.5882352941175703,115,29,0.7986111111111112
LONG_2.5_006,2.5,LONG,2024-01-15T16:01:00.000000000Z,other,monday,3.6999999999998145,3.6999999999998145,0.6500000000000394,0.6749999999994261,0.5692307692307061,116,28,0.8055555555555556
LONG_2.5_006,2.5,LONG,2024-01-15T16:02:00.000000000Z,other,monday,3.6999999999998145,3.300000000001635,0.6899999999998574,0.6249999999990985,0.4782608695655532,117,27,0.8125
LONG_2.5_006,2.5,LONG,2024-01-15T16:03:00.000000000Z,other,monday,2.2999999999995246,0.8000000000008001,0.6599999999998829,0.6499999999992623,0.12121212121226393,118,26,0.8194444444444444
LONG_2.5_006,2.5,LONG,2024-01-15T16:04:00.000000000Z,other,monday,2.4999999999986144,-0.7999999999985796,0.6999999999999229,0.6249999999996536,0.11428571428552396,119,25,0.8263888888888888
LONG_2.5_006,2.5,LONG,2024-01-15T16:05:00.000000000Z,other,monday,2.4999999999986144,-0.5999999999994898,0.7199999999998319,0.7249999999997536,0.08333333333328194,120,24,0.8333333333333334
LONG_2.5_006,2.5,LONG,2024-01-15T16:06:00.000000000Z,other,monday,2.4999999999986144,0.10000000000065512,0.7099999999997664,0.700000000000145,0.014084507042350427,121,23,0.8402777777777778
LONG_2.5_006,2.5,LONG,2024-01-15T16:07:00.000000000Z,other,monday,2.4999999999986144,-1.2000000000012,0.5999999999997119,0.4500000000001725,0.20000000000029605,122,22,0.8472222222222222
LONG_2.5_006,2.5,LONG,2024-01-15T16:08:00.000000000Z,other,monday,2.4999999999986144,-1.900000000001345,0.5499999999998284,0.2250000000003638,0.3454545454548978,123,21,0.8541666666666666
LONG_2.5_006,2.5,LONG,2024-01-15T16:09:00.000000000Z,other,monday,2.4999999999986144,-0.8000000000008001,0.45999999999990493,0.15000000000042757,0.17391304347847075,124,20,0.8611111111111112
LONG_2.5_006,2.5,LONG,2024-01-15T16:10:00.000000000Z,other,monday,2.4999999999986144,-1.1999999999989797,0.42000000000008697,0.2500000000005276,0.2857142857139836,125,19,0.8680555555555556
LONG_2.5_006,2.5,LONG,2024-01-15T16:11:00.000000000Z,other,monday,2.4999999999986144,-2.0999999999982144,0.5100000000000104,0.4500000000001725,0.4117647058819944,126,18,0.875
LONG_2.5_006,2.5,LONG,2024-01-15T16:12:00.000000000Z,other,monday,2.100000000000435,-1.6000000000016001,0.48000000000003595,0.4499999999996174,0.33333333333364173,127,17,0.8819444444444444
LONG_2.5_006,2.5,LONG,2024-01-15T16:13:00.000000000Z,other,monday,1.8999999999991246,-1.5999999999993797,0.4799999999998139,0.6999999999990347,0.3333333333333333,128,16,0.8888888888888888
LONG_2.5_006,2.5,LONG,2024-01-15T16:14:00.000000000Z,other,monday,1.8999999999991246,0.40000000000040004,0.4799999999998139,0.774999999998971,0.08333333333344899,129,15,0.8958333333333334
LONG_2.5_006,2.5,LONG,2024-01-15T16:15:00.000000000Z,other,monday,1.8999999999991246,0.7999999999985796,0.5199999999996319,0.7499999999988072,0.15384615384598962,130,14,0.9027777777777778
LONG_2.5_006,2.5,LONG,2024-01-15T16:16:00.000000000Z,other,monday,1.8999999999991246,-0.5999999999994898,0.5999999999994898,0.9999999999987796,0.1,131,13,0.9097222222222222
LONG_2.5_006,2.5,LONG,2024-01-15T16:17:00.000000000Z,other,monday,1.8999999999991246,0.1999999999990898,0.6599999999992168,0.8999999999986796,0.030303030302928354,132,12,0.9166666666666666
LONG_2.5_006,2.5,LONG,2024-01-15T16:18:00.000000000Z,other,monday,1.8999999999991246,-0.700000000000145,0.7499999999991402,0.8999999999986796,0.09333333333345965,133,11,0.9236111111111112
LONG_2.5_006,2.5,LONG,2024-01-15T16:19:00.000000000Z,other,monday,2.2999999999995246,-1.5999999999993797,0.8199999999989327,0.8999999999986796,0.19512195121969053,134,10,0.9305555555555556
LONG_2.5_006,2.5,LONG,2024-01-15T16:20:00.000000000Z,other,monday,2.2999999999995246,-2.2999999999995246,0.7499999999989182,0.6249999999990985,0.3066666666670456,135,9,0.9375
LONG_2.5_006,2.5,LONG,2024-01-15T16:21:00.000000000Z,other,monday,2.1999999999988695,-0.700000000000145,0.7299999999990092,0.6249999999996536,0.09589041095905411,136,8,0.9444444444444444
LONG_2.5_006,2.5,LONG,2024-01-15T16:22:00.000000000Z,other,monday,2.1999999999988695,-0.4999999999988347,0.7499999999991402,0.4499999999996174,0.06666666666658772,137,7,0.9513888888888888
LONG_2.5_006,2.5,LONG,2024-01-15T16:23:00.000000000Z,other,monday,2.1999999999988695,1.7000000000000348,0.7499999999993623,0.5250000000001087,0.22666666666686405,138,6,0.9583333333333334
LONG_2.5_006,2.5,LONG,2024-01-15T16:24:00.000000000Z,other,monday,2.1999999999988695,0.1999999999990898,0.6999999999994788,0.6500000000003725,0.028571428571319814,139,5,0.9652777777777778
LONG_2.5_006,2.5,LONG,2024-01-15T16:25:00.000000000Z,other,monday,2.1999999999988695,-0.700000000000145,0.6299999999996864,0.5000000000005,0.11111111111118943,140,4,0.9722222222222222
LONG_2.5_006,2.5,LONG,2024-01-15T16:26:00.000000000Z,other,monday,2.100000000000435,0.8999999999992347,0.5699999999999594,0.5500000000008276,0.15789473684198224,141,3,0.9791666666666666
LONG_2.5_006,2.5,LONG,2024-01-15T16:27:00.000000000Z,other,monday,4.3999999999999595,2.60000000000149,0.740000000000185,0.8750000000007363,0.3513513513514649,142,2,0.9861111111111112
LONG_2.5_006,2.5,LONG,2024-01-15T16:28:00.000000000Z,other,monday,4.500000000000615,3.700000000002035,0.6500000000002615,0.7750000000006363,0.5692307692308534,143,1,0.9930555555555556
LONG_2.5_006,2.5,LONG,2024-01-15T16:29:00.000000000Z,other,monday,5.1000000000001044,5.1000000000001044,0.6300000000003525,0.900000000000345,0.8095238095233731,144,0,1.0
LONG_2.5_007,2.5,LONG,2024-01-15T16:43:00.000000000Z,other,monday,3.300000000001635,-2.300000000001745,0.5500000000004945,0.4250000000000087,0.4181818181817595,0,5,0.0
LONG_2.5_007,2.5,LONG,2024-01-15T16:44:00.000000000Z,other,monday,3.300000000001635,-3.20000000000098,0.46000000000057106,0.3500000000006276,0.6956521739123929,1,4,0.2
LONG_2.5_007,2.5,LONG,2024-01-15T16:45:00.000000000Z,other,monday,2.300000000001745,-1.3999999999980695,0.3200000000005421,0.40000000000095515,0.4374999999986556,2,3,0.4
LONG_2.5_007,2.5,LONG,2024-01-15T16:46:00.000000000Z,other,monday,2.300000000001745,-0.4999999999988347,0.41000000000046555,0.6000000000006,0.12195121951177243,3,2,0.6
LONG_2.5_007,2.5,LONG,2024-01-15T16:47:00.000000000Z,other,monday,2.300000000001745,-0.4999999999988347,0.41000000000046555,0.40000000000040004,0.12195121951177243,4,1,0.8
LONG_2.5_007,2.5,LONG,2024-01-15T16:48:00.000000000Z,other,monday,2.700000000002145,0.40000000000040004,0.500000000000389,0.6500000000003725,0.08000000000001777,5,0,1.0
SHORT_2.5_001,2.5,SHORT,2024-01-15T08:00:00.000000000Z,london,monday,0.0,0.0,0.0,0.0,0.0,0,138,0.0
SHORT_2.5_001,2.5,SHORT,2024-01-15T08:01:00.000000000Z,london,monday,0.1999999999990898,0.1999999999990898,0.1999999999990898,0.1999999999990898,1.0,1,137,0.007246376811594203
SHORT_2.5_001,2.5,SHORT,2024-01-15T08:02:00.000000000Z,london,monday,1.40000000000029,1.40000000000029,0.700000000000145,0.700000000000145,1.0,2,136,0.014492753623188406
SHORT_2.5_001,2.5,SHORT,2024-01-15T08:03:00.000000000Z,london,monday,3.4000000000000696,3.4000000000000696,1.1333333333333566,1.1333333333333566,1.0,3,135,0.021739130434782608
SHORT_2.5_001,2.5,SHORT,2024-01-15T08:04:00.000000000Z,london,monday,3.4000000000000696,2.80000000000058,0.9999999999998899,0.9999999999998899,0.700000000000222,4,134,0.028985507246376812
SHORT_2.5_001,2.5,SHORT,2024-01-15T08:05:00.000000000Z,london,monday,3.4000000000000696,3.2999999999994145,0.8999999999996788,1.074999999999826,0.733333333333465,5,133,0.036231884057971016
SHORT_2.5_001,2.5,SHORT,2024-01-15T08:06:00.000000000Z,london,monday,3.4000000000000696,2.500000000000835,0.8833333333328289,0.974999999999171,0.471698113207974,6,132,0.043478260869565216
SHORT_2.5_001,2.5,SHORT,2024-01-15T08:07:00.000000000Z,london,monday,3.4000000000000696,1.100000000000545,0.9571428571424663,0.8249999999992985,0.16417910447776032,7,131,0.050724637681159424
SHORT_2.5_001,2.5,SHORT,2024-01-15T08:08:00.000000000Z,london,monday,3.4000000000000696,3.1000000000003247,1.0874999999996304,1.174999999999371,0.3563218390806182,8,130,0.057971014492753624
SHORT_2.5_001,2.5,SHORT,2024-01-15T08:09:00.000000000Z,london,monday,5.20000000000076,5.20000000000076,1.1999999999997197,1.574999999999771,0.48148148148166425,9,129,0.06521739130434782
SHORT_2.5_001,2.5,SHORT,2024-01-15T08:10:00.000000000Z,london,monday,5.20000000000076,5.20000000000076,1.0799999999997478,1.3750000000001261,0.48148148148166425,10,128,0.07246376811594203
SHORT_2.5_001,2.5,SHORT,2024-01-15T08:11:00.000000000Z,london,monday,6.40000000000196,6.40000000000196,1.1999999999998678,1.3750000000001261,0.5333333333335554,11,127,0.07971014492753623
SHORT_2.5_001,2.5,SHORT,2024-01-15T08:12:00.000000000Z,london,monday,5.5000000000005045,3.1000000000003247,1.2899999999997913,1.40000000000029,0.2403100775194439,12,126,0.08695652173913043
SHORT_2.5_001,2.5,SHORT,2024-01-15T08:13:00.000000000Z,london,monday,5.5000000000005045,0.9999999999998899,1.0999999999998789,0.900000000000345,0.09090909090909091,13,125,0.09420289855072464
SHORT_2.5_001,2.5,SHORT,2024-01-15T08:14:00.000000000Z,london,monday,5.5000000000005045,3.4000000000000696,1.2199999999999989,1.3500000000005175,0.2786885245901699,14,124,0.10144927536231885
SHORT_2.5_001,2.5,SHORT,2024-01-15T08:15:00.000000000Z,london,monday,5.5000000000005045,3.300000000001635,1.2100000000001554,1.100000000000545,0.27272727272737285,15,123,0.10869565217391304
SHORT_2.5_001,2.5,SHORT,2024-01-15T08:16:00.000000000Z,london,monday,5.5000000000005045,0.7999999999985796,1.460000000000461,1.400000000000845,0.05479452054783062,16,122,0.11594202898550725
SHORT_2.5_001,2.5,SHORT,2024-01-15T08:17:00.000000000Z,london,monday,5.5000000000005045,3.1000000000003247,1.4100000000005775,1.600000000001045,0.21985815602830178,17,121,0.12318840579710146
SHORT_2.5_001,2.5,SHORT,2024-01-15T08:18:00.000000000Z,london,monday,3.5000000000007248,0.8999999999992347,1.2300000000007305,1.2000000000012,0.0731707317072114,18,120,0.13043478260869565
SHORT_2.5_001,2.5,SHORT,2024-01-15T08:19:00.000000000Z,london,monday,3.300000000001635,-0.9999999999998899,1.040000000000818,1.1500000000014277,0.09615384615375994,19,119,0.13768115942028986
SHORT_2.5_001,2.5,SHORT,2024-01-15T08:20:00.000000000Z,london,monday,3.300000000001635,-1.6000000000016001,1.100000000000989,0.4750000000014465,0.14545454545456013,20,118,0.14492753623188406
SHORT_2.5_001,2.5,SHORT,2024-01-15T08:21:00.000000000Z,london,monday,3.300000000001635,-1.900000000001345,1.0700000000010146,0.5250000000012189,0.17757009345790126,21,117,0.15217391304347827
SHORT_2.5_001,2.5,SHORT,2024-01-15T08:22:00.000000000Z,london,monday,3.300000000001635,-0.700000000000145,0.9500000000008946,0.7000000000007001,0.07368421052626166,22,116,0.15942028985507245
SHORT_2.5_001,2.5,SHORT,2024-01-15T08:23:00.000000000Z,london,monday,3.300000000001635,0.10000000000065512,1.0100000000008436,0.8250000000004087,0.009900990099066495,23,115,0.16666666666666666
SHORT_2.5_001,2.5,SHORT,2024-01-15T08:24:00.000000000Z,london,monday,3.5000000000007248,0.5999999999994898,1.060000000000727,1.2499999999998623,0.05660377358481871,24,114,0.17391304347826086
SHORT_2.5_001,2.5,SHORT,2024-01-15T08:25:00.000000000Z,london,monday,3.5000000000007248,0.0,1.040000000000596,1.0249999999994985,0.0,25,113,0.18115942028985507
SHORT_2.5_001,2.5,SHORT,2024-01-15T08:26:00.000000000Z,london,monday,3.5000000000007248,3.300000000001635,0.7100000000004325,0.7999999999996898,0.46478873239431334,26,112,0.18840579710144928
SHORT_2.5_001,2.5,SHORT,2024-01-15T08:27:00.000000000Z,london,monday,3.20000000000098,1.9999999999997797,0.660000000000327,0.7249999999997536,0.3030303030301195,27,111,0.1956521739130435
SHORT_2.5_001,2.5,SHORT,2024-01-15T08:28:00.000000000Z,london,monday,3.20000000000098,0.8000000000008001,0.780000000000225,0.49999999999994493,0.10256410256417556,28,110,0.2028985507246377
SHORT_2.5_001,2.5,SHORT,2024-01-15T08:29:00.000000000Z,london,monday,3.20000000000098,1.40000000000029,0.8400000000001739,0.6500000000003725,0.16666666666666666,29,109,0.21014492753623187
SHORT_2.5_001,2.5,SHORT,2024-01-15T08:30:00.000000000Z,london,monday,4.599999999999049,-1.3999999999980695,1.1200000000000099,1.50000000000039,0.12499999999982653,30,108,0.21739130434782608
SHORT_2.5_001,2.5,SHORT,2024-01-15T08:31:00.000000000Z,london,monday,4.599999999999049,-1.7000000000000348,1.0899999999998133,1.5999999999999348,0.15596330275232348,31,107,0.2246376811594203
SHORT_2.5_001,2.5,SHORT,2024-01-15T08:32:00.000000000Z,london,monday,5.20000000000076,-2.20000000000109,1.1399999999999189,1.5999999999999348,0.19298245614046022,32,106,0.2318840579710145
SHORT_2.5_001,2.5,SHORT,2024-01-15T08:33:00.000000000Z,london,monday,5.20000000000076,-2.80000000000058,1.0799999999999699,1.4249999999998986,0.2592592592593202,33,105,0.2391304347826087
SHORT_2.5_001,2.5,SHORT,2024-01-15T08:34:00.000000000Z,london,monday,5.20000000000076,-5.20000000000076,0.8600000000000829,0.6000000000000449,0.6046511627907277,34,104,0.2463768115942029
SHORT_2.5_001,2.5,SHORT,2024-01-15T08:35:00.000000000Z,london,monday,5.00000000000167,-4.900000000001015,0.8500000000002395,0.4250000000005638,0.5764705882352511,35,103,0.2536231884057971
SHORT_2.5_001,2.5,SHORT,2024-01-15T08:36:00.000000000Z,london,monday,5.399999999999849,-5.399999999999849,0.9000000000001229,0.20000000000020002,0.5999999999999013,36,102,0.2608695652173913
SHORT_2.5_001,2.5,SHORT,2024-01-15T08:37:00.000000000Z,london,monday,4.999999999999449,-4.500000000000615,0.9099999999999664,0.2999999999997449,0.4945054945055803,37,101,0.26811594202898553
SHORT_2.5_001,2.5,SHORT,2024-01-15T08:38:00.000000000Z,london,monday,4.3999999999999595,-2.100000000000435,0.8699999999999264,0.5249999999995536,0.24137931034489798,38,100,0.2753623188405797
SHORT_2.5_001,2.5,SHORT,2024-01-15T08:39:00.000000000Z,london,monday,4.3999999999999595,-1.900000000001345,0.8899999999998354,0.7499999999993623,0.21348314606760635,39,99,0.2826086956521739
SHORT_2.5_001,2.5,SHORT,2024-01-15T08:40:00.000000000Z,london,monday,2.4999999999986144,1.0999999999983245,0.5899999999998684,0.7249999999997536,0.1864406779658593,40,98,0.2898550724637681
SHORT_2.5_001,2.5,SHORT,2024-01-15T08:41:00.000000000Z,london,monday,2.4999999999986144,-1.5999999999993797,0.6999999999999229,1.074999999999826,0.22857142857136514,41,97,0.2971014492753623
SHORT_2.5_001,2.5,SHORT,2024-01-15T08:42:00.000000000Z,london,monday,2.4999999999986144,0.6000000000017103,0.6399999999999739,1.0250000000000536,0.09375000000027105,42,96,0.30434782608695654
SHORT_2.5_001,2.5,SHORT,2024-01-15T08:43:00.000000000Z,london,monday,2.4999999999986144,1.2999999999996348,0.7099999999997664,0.9749999999997261,0.18309859154930458,43,95,0.3115942028985507
SHORT_2.5_001,2.5,SHORT,2024-01-15T08:44:00.000000000Z,london,monday,2.4999999999986144,1.7000000000000348,0.7299999999996754,0.9499999999995623,0.23287671232887547,44,94,0.3188405797101449
SHORT_2.5_001,2.5,SHORT,2024-01-15T08:45:00.000000000Z,london,monday,2.4999999999986144,-0.10000000000065512,0.8899999999996133,0.8999999999997899,0.011235955056258266,45,93,0.32608695652173914
SHORT_2.5_001,2.5,SHORT,2024-01-15T08:46:00.000000000Z,london,monday,2.4999999999986144,1.5999999999993797,0.9599999999998499,0.9999999999998899,0.1666666666666281,46,92,0.3333333333333333
SHORT_2.5_001,2.5,SHORT,2024-01-15T08:47:00.000000000Z,london,monday,2.2999999999995246,1.500000000000945,0.9500000000000064,0.900000000000345,0.15789473684220368,47,91,0.34057971014492755
SHORT_2.5_001,2.5,SHORT,2024-01-15T08:48:00.000000000Z,london,monday,2.2999999999995246,-0.9999999999998899,1.000000000000112,1.200000000000645,0.0999999999999778,48,90,0.34782608695652173
SHORT_2.5_001,2.5,SHORT,2024-01-15T08:49:00.000000000Z,london,monday,2.2999999999995246,-1.7000000000000348,0.9300000000000974,0.8500000000005725,0.18279569892471578,49,89,0.35507246376811596
SHORT_2.5_001,2.5,SHORT,2024-01-15T08:50:00.000000000Z,london,monday,1.8999999999991246,-0.4999999999988347,0.9700000000001374,0.7500000000004725,0.051546391752449884,50,88,0.36231884057971014
SHORT_2.5_001,2.5,SHORT,2024-01-15T08:51:00.000000000Z,london,monday,1.8999999999991246,1.40000000000029,0.780000000000225,0.6500000000003725,0.1794871794871649,51,87,0.3695652173913043
SHORT_2.5_001,2.5,SHORT,2024-01-15T08:52:00.000000000Z,london,monday,1.7000000000000348,0.5999999999994898,0.700000000000145,0.27500000000013625,0.08571428571419508,52,86,0.37681159420289856
SHORT_2.5_001,2.5,SHORT,2024-01-15T08:53:00.000000000Z,london,monday,1.7000000000000348,-0.5999999999994898,0.660000000000327,0.3000000000003,0.09090909090896857,53,85,0.38405797101449274
SHORT_2.5_001,2.5,SHORT,2024-01-15T08:54:00.000000000Z,london,monday,1.7000000000000348,-0.5999999999994898,0.660000000000327,0.17500000000003624,0.09090909090896857,54,84,0.391304347826087
SHORT_2.5_001,2.5,SHORT,2024-01-15T08:55:00.000000000Z,london,monday,1.80000000000069,-0.1999999999990898,0.620000000000287,0.49999999999994493,0.03225806451596729,55,83,0.39855072463768115
SHORT_2.5_001,2.5,SHORT,2024-01-15T08:56:00.000000000Z,london,monday,1.9999999999997797,-1.5999999999993797,0.520000000000076,0.5499999999997174,0.30769230769214345,56,82,0.4057971014492754
SHORT_2.5_001,2.5,SHORT,2024-01-15T08:57:00.000000000Z,london,monday,1.9999999999997797,-1.9999999999997797,0.48000000000003595,0.4499999999996174,0.4166666666665896,57,81,0.41304347826086957
SHORT_2.5_001,2.5,SHORT,2024-01-15T08:58:00.000000000Z,london,monday,1.5999999999993797,-0.10000000000065512,0.3699999999997594,0.47499999999922604,0.02702702702722166,58,80,0.42028985507246375
SHORT_2.5_001,2.5,SHORT,2024-01-15T08:59:00.000000000Z,london,monday,1.5999999999993797,-0.5999999999994898,0.3599999999996939,0.1999999999990898,0.16666666666666666,59,79,0.427536231884058
SHORT_2.5_001,2.5,SHORT,2024-01-15T09:00:00.000000000Z,london,monday,2.60000000000149,-2.60000000000149,0.3999999999997339,0.4499999999996174,0.6500000000008049,60,78,0.43478260869565216
SHORT_2.5_001,2.5,SHORT,2024-01-15T09:01:00.000000000Z,london,monday,3.6999999999998145,-3.6999999999998145,0.5099999999995664,0.7249999999991985,0.7254901960790119,61,77,0.4420289855072464
SHORT_2.5_001,2.5,SHORT,2024-01-15T09:02:00.000000000Z,london,monday,5.800000000000249,-5.800000000000249,0.7199999999996098,1.1499999999997623,0.8055555555560268,62,76,0.4492753623188406
SHORT_2.5_001,2.5,SHORT,2024-01-15T09:03:00.000000000Z,london,monday,5.699999999999594,-5.1000000000001044,0.7099999999995443,1.174999999999926,0.7183098591554052,63,75,0.45652173913043476
SHORT_2.5_001,2.5,SHORT,2024-01-15T09:04:00.000000000Z,london,monday,5.699999999999594,-4.899999999998794,0.7299999999996754,0.9999999999998899,0.6712328767124621,64,74,0.463768115942029
SHORT_2.5_001,2.5,SHORT,2024-01-15T09:05:00.000000000Z,london,monday,4.599999999999049,-3.5999999999991594,0.5999999999997119,0.7250000000003087,0.6000000000001481,65,73,0.47101449275362317
SHORT_2.5_001,2.5,SHORT,2024-01-15T09:06:00.000000000Z,london,monday,4.599999999999049,-2.4000000000001798,0.6799999999997919,0.4500000000001725,0.3529411764707227,66,72,0.4782608695652174
SHORT_2.5_001,2.5,SHORT,2024-01-15T09:07:00.000000000Z,london,monday,4.599999999999049,-2.900000000001235,0.7299999999998974,0.5000000000005,0.39726027397282776,67,71,0.4855072463768116
SHORT_2.5_001,2.5,SHORT,2024-01-15T09:08:00.000000000Z,london,monday,4.599999999999049,-3.9999999999995595,0.7600000000000939,0.5500000000002725,0.5263157894735612,68,70,0.4927536231884058
SHORT_2.5_001,2.5,SHORT,2024-01-15T09:09:00.000000000Z,london,monday,4.3999999999999595,-3.20000000000098,0.8000000000001339,0.700000000000145,0.40000000000005553,69,69,0.5
SHORT_2.5_001,2.5,SHORT,2024-01-15T09:10:00.000000000Z,london,monday,3.1999999999987594,-1.7999999999984695,0.700000000000145,0.5000000000005,0.2571428571425852,70,68,0.5072463768115942
SHORT_2.5_001,2.5,SHORT,2024-01-15T09:11:00.000000000Z,london,monday,2.100000000000435,-0.40000000000040004,0.620000000000287,0.4500000000001725,0.06451612903229273,71,67,0.5144927536231884
SHORT_2.5_001,2.5,SHORT,2024-01-15T09:12:00.000000000Z,london,monday,1.9999999999997797,1.9999999999997797,0.440000000000218,0.3500000000000725,0.4545454545451793,72,66,0.5217391304347826
SHORT_2.5_001,2.5,SHORT,2024-01-15T09:13:00.000000000Z,london,monday,1.7000000000000348,0.0,0.580000000000247,0.6250000000002087,0.0,73,65,0.5289855072463768
SHORT_2.5_001,2.5,SHORT,2024-01-15T09:14:00.000000000Z,london,monday,1.7000000000000348,0.4999999999988347,0.6300000000001305,0.8249999999998536,0.07936507936487797,74,64,0.5362318840579711
SHORT_2.5_001,2.5,SHORT,2024-01-15T09:15:00.000000000Z,london,monday,1.7000000000000348,-0.20000000000131024,0.700000000000145,0.9249999999999536,0.028571428571609832,75,63,0.5434782608695652
SHORT_2.5_001,2.5,SHORT,2024-01-15T09:16:00.000000000Z,london,monday,2.4000000000001798,-2.20000000000109,0.700000000000145,1.0999999999999899,0.31428571428580493,76,62,0.5507246376811594
SHORT_2.5_001,2.5,SHORT,2024-01-15T09:17:00.000000000Z,london,monday,2.8999999999990145,-2.1999999999988695,0.6999999999999229,0.7999999999996898,0.3142857142855874,77,61,0.5579710144927537
SHORT_2.5_001,2.5,SHORT,2024-01-15T09:18:00.000000000Z,london,monday,3.4000000000000696,-1.9999999999997797,0.6800000000000139,0.6749999999999812,0.2941176470587851,78,60,0.5652173913043478
SHORT_2.5_001,2.5,SHORT,2024-01-15T09:19:00.000000000Z,london,monday,3.4000000000000696,-1.5999999999993797,0.7200000000000539,0.7499999999999174,0.22222222222211943,79,59,0.572463768115942
SHORT_2.5_001,2.5,SHORT,2024-01-15T09:20:00.000000000Z,london,monday,3.4000000000000696,-2.100000000000435,0.7299999999998974,0.5749999999998812,0.28767123287681234,80,58,0.5797101449275363
SHORT_2.5_001,2.5,SHORT,2024-01-15T09:21:00.000000000Z,london,monday,3.4000000000000696,-0.700000000000145,0.8699999999999264,0.8750000000001812,0.080459770114966,81,57,0.5869565217391305
SHORT_2.5_001,2.5,SHORT,2024-01-15T09:22:00.000000000Z,london,monday,3.4000000000000696,-1.100000000000545,0.8500000000000174,0.7750000000000812,0.12941176470594382,82,56,0.5942028985507246
SHORT_2.5_001,2.5,SHORT,2024-01-15T09:23:00.000000000Z,london,monday,2.6999999999999247,0.10000000000065512,0.7299999999998974,0.6499999999998174,0.013698630137077969,83,55,0.6014492753623188
SHORT_2.5_001,2.5,SHORT,2024-01-15T09:24:00.000000000Z,london,monday,2.6999999999999247,-1.100000000000545,0.6500000000000394,0.6250000000002087,0.16923076923084282,84,54,0.6086956521739131
SHORT_2.5_001,2.5,SHORT,2024-01-15T09:25:00.000000000Z,london,monday,2.4000000000001798,-1.1999999999989797,0.6599999999998829,0.3999999999998449,0.18181818181805948,85,53,0.6159420289855072
SHORT_2.5_001,2.5,SHORT,2024-01-15T09:26:00.000000000Z,london,monday,2.4000000000001798,0.9999999999998899,0.6799999999997919,0.6749999999994261,0.14705882352944058,86,52,0.6231884057971014
SHORT_2.5_001,2.5,SHORT,2024-01-15T09:27:00.000000000Z,london,monday,2.4000000000001798,1.4999999999987246,0.6299999999999084,0.5499999999997174,0.23809523809507027,87,51,0.6304347826086957
SHORT_2.5_001,2.5,SHORT,2024-01-15T09:28:00.000000000Z,london,monday,2.4000000000001798,1.5999999999993797,0.6199999999998429,0.5999999999994898,0.2580645161289976,88,50,0.6376811594202898
SHORT_2.5_001,2.5,SHORT,2024-01-15T09:29:00.000000000Z,london,monday,1.7000000000000348,0.5000000000010552,0.5299999999996974,0.4249999999994536,0.09433962264176239,89,49,0.644927536231884
SHORT_2.5_001,2.5,SHORT,2024-01-15T09:30:00.000000000Z,london,monday,2.80000000000058,2.80000000000058,0.6999999999997009,0.6249999999996536,0.40000000000025376,90,48,0.6521739130434783
SHORT_2.5_001,2.5,SHORT,2024-01-15T09:31:00.000000000Z,london,monday,2.6999999999999247,-0.40000000000040004,0.6799999999997919,0.9999999999998899,0.05882352941184154,91,47,0.6594202898550725
SHORT_2.5_001,2.5,SHORT,2024-01-15T09:32:00.000000000Z,london,monday,2.6999999999999247,-0.700000000000145,0.7099999999997664,0.9999999999998899,0.0985915492958275,92,46,0.6666666666666666
SHORT_2.5_001,2.5,SHORT,2024-01-15T09:33:00.000000000Z,london,monday,2.6999999999999247,-0.20000000000131024,0.6599999999998829,0.9750000000002812,0.0303030303032342,93,45,0.6739130434782609
SHORT_2.5_001,2.5,SHORT,2024-01-15T09:34:00.000000000Z,london,monday,3.6999999999998145,-1.7999999999984695,0.8199999999995988,0.9249999999999536,0.21951219512187198,94,44,0.6811594202898551
SHORT_2.5_001,2.5,SHORT,2024-01-15T09:35:00.000000000Z,london,monday,6.200000000000649,-3.5000000000007248,0.9899999999998244,1.174999999999926,0.3535353535354895,95,43,0.6884057971014492
SHORT_2.5_001,2.5,SHORT,2024-01-15T09:36:00.000000000Z,london,monday,6.300000000001305,-4.8000000000003595,0.8799999999999919,1.0999999999999899,0.5454545454545914,96,42,0.6956521739130435
SHORT_2.5_001,2.5,SHORT,2024-01-15T09:37:00.000000000Z,london,monday,9.500000000000064,-7.999999999999119,1.1999999999998678,1.8999999999996797,0.6666666666666666,97,41,0.7028985507246377
SHORT_2.5_001,2.5,SHORT,2024-01-15T09:38:00.000000000Z,london,monday,10.799999999999699,-8.899999999998354,1.2899999999997913,1.774999999999971,0.6899224806201391,98,40,0.7101449275362319
SHORT_2.5_001,2.5,SHORT,2024-01-15T09:39:00.000000000Z,london,monday,10.799999999999699,-6.6000000000010495,1.4999999999998348,1.6999999999994797,0.4400000000001184,99,39,0.717391304347826
SHORT_2.5_001,2.5,SHORT,2024-01-15T09:40:00.000000000Z,london,monday,10.799999999999699,-8.900000000000574,1.3299999999998313,1.7499999999992522,0.6691729323309551,100,38,0.7246376811594203
SHORT_2.5_001,2.5,SHORT,2024-01-15T09:41:00.000000000Z,london,monday,9.299999999998754,-6.900000000000794,1.2299999999996203,1.074999999999271,0.5609756097563353,101,37,0.7318840579710145
SHORT_2.5_001,2.5,SHORT,2024-01-15T09:42:00.000000000Z,london,monday,8.899999999998354,-6.899999999998574,1.2299999999993982,0.8499999999989072,0.560975609756256,102,36,0.7391304347826086
SHORT_2.5_001,2.5,SHORT,2024-01-15T09:43:00.000000000Z,london,monday,8.899999999998354,-7.199999999998319,1.2599999999993727,0.37499999999912603,0.5714285714287225,103,35,0.7463768115942029
SHORT_2.5_001,2.5,SHORT,2024-01-15T09:44:00.000000000Z,london,monday,7.099999999999884,-6.399999999999739,1.1799999999995148,0.5499999999991623,0.5423728813561332,104,34,0.7536231884057971
SHORT_2.5_001,2.5,SHORT,2024-01-15T09:45:00.000000000Z,london,monday,4.599999999999049,-2.8999999999990145,1.0299999999994203,0.6749999999994261,0.2815533980583152,105,33,0.7608695652173914
SHORT_2.5_001,2.5,SHORT,2024-01-15T09:46:00.000000000Z,london,monday,4.499999999998394,-3.1000000000003247,1.0499999999995513,0.6500000000003725,0.29523809523825234,106,32,0.7681159420289855
SHORT_2.5_001,2.5,SHORT,2024-01-15T09:47:00.000000000Z,london,monday,3.1999999999987594,-2.100000000000435,0.9499999999995623,1.1250000000001537,0.221052631579095,107,31,0.7753623188405797
SHORT_2.5_001,2.5,SHORT,2024-01-15T09:48:00.000000000Z,london,monday,3.1999999999987594,0.09999999999843467,0.9099999999995223,1.0999999999999899,0.010989010988844744,108,30,0.782608695652174
SHORT_2.5_001,2.5,SHORT,2024-01-15T09:49:00.000000000Z,london,monday,3.1999999999987594,-0.2999999999997449,0.8699999999997043,1.30000000000019,0.03448275862067205,109,29,0.7898550724637681
SHORT_2.5_001,2.5,SHORT,2024-01-15T09:50:00.000000000Z,london,monday,3.1999999999987594,-0.8999999999992347,0.9299999999996533,1.4499999999995072,0.09677419354834088,110,28,0.7971014492753623
SHORT_2.5_001,2.5,SHORT,2024-01-15T09:51:00.000000000Z,london,monday,3.1999999999987594,-2.8999999999990145,1.0299999999998644,1.2750000000000261,0.28155339805819385,111,27,0.8043478260869565
SHORT_2.5_001,2.5,SHORT,2024-01-15T09:52:00.000000000Z,london,monday,2.80000000000058,-2.100000000000435,1.0300000000000864,1.1500000000003174,0.20388349514565618,112,26,0.8115942028985508
SHORT_2.5_001,2.5,SHORT,2024-01-15T09:53:00.000000000Z,london,monday,2.6999999999999247,-1.2000000000012,1.060000000000061,0.8500000000000174,0.11320754716991803,113,25,0.8188405797101449
SHORT_2.5_001,2.5,SHORT,2024-01-15T09:54:00.000000000Z,london,monday,2.6999999999999247,0.1999999999990898,1.000000000000112,0.7250000000003087,0.01999999999990674,114,24,0.8260869565217391
SHORT_2.5_001,2.5,SHORT,2024-01-15T09:55:00.000000000Z,london,monday,3.6999999999998145,1.1999999999989797,1.100000000000101,0.8500000000000174,0.10909090909080632,115,23,0.8333333333333334
SHORT_2.5_001,2.5,SHORT,2024-01-15T09:56:00.000000000Z,london,monday,3.6999999999998145,1.3000000000018552,1.0899999999998133,0.7999999999996898,0.11926605504606219,116,22,0.8405797101449275
SHORT_2.5_001,2.5,SHORT,2024-01-15T09:57:00.000000000Z,london,monday,3.6999999999998145,2.500000000000835,0.9699999999999154,0.8999999999997899,0.25773195876299515,117,21,0.8478260869565217
SHORT_2.5_001,2.5,SHORT,2024-01-15T09:58:00.000000000Z,london,monday,3.4000000000000696,0.8000000000008001,0.9600000000000719,0.9999999999998899,0.08333333333341043,118,20,0.855072463768116
SHORT_2.5_001,2.5,SHORT,2024-01-15T09:59:00.000000000Z,london,monday,3.4000000000000696,-0.1999999999990898,0.8600000000000829,0.700000000000145,0.02325581395338029,119,19,0.8623188405797102
SHORT_2.5_001,2.5,SHORT,2024-01-15T10:00:00.000000000Z,london,monday,3.8999999999989043,-1.9999999999997797,1.040000000000152,1.3250000000003537,0.19230769230764302,120,18,0.8695652173913043
SHORT_2.5_001,2.5,SHORT,2024-01-15T10:01:00.000000000Z,london,monday,3.8999999999989043,-0.4999999999988347,0.8900000000000574,1.0750000000003812,0.05617977528076432,121,17,0.8768115942028986
SHORT_2.5_001,2.5,SHORT,2024-01-15T10:02:00.000000000Z,london,monday,4.999999999999449,-1.9999999999997797,0.9600000000000719,1.1500000000003174,0.2083333333332948,122,16,0.8840579710144928
SHORT_2.5_001,2.5,SHORT,2024-01-15T10:03:00.000000000Z,london,monday,5.999999999999339,-3.5999999999991594,1.000000000000112,1.2000000000000899,0.35999999999987564,123,15,0.8913043478260869
SHORT_2.5_001,2.5,SHORT,2024-01-15T10:04:00.000000000Z,london,monday,7.500000000000284,-5.5000000000005045,1.1100000000001664,0.900000000000345,0.4954954954954667,124,14,0.8985507246376812
SHORT_2.5_001,2.5,SHORT,2024-01-15T10:05:00.000000000Z,london,monday,7.500000000000284,-6.999999999999229,0.960000000000294,1.0250000000006088,0.7291666666663631,125,13,0.9057971014492754
SHORT_2.5_001,2.5,SHORT,2024-01-15T10:06:00.000000000Z,london,monday,7.300000000001194,-6.099999999999994,1.0100000000003995,0.9250000000005087,0.6039603960393646,126,12,0.9130434782608695
SHORT_2.5_001,2.5,SHORT,2024-01-15T10:07:00.000000000Z,london,monday,6.300000000001305,-5.300000000001415,0.9300000000005415,0.7250000000008638,0.5698924731180999,127,11,0.9202898550724637
SHORT_2.5_001,2.5,SHORT,2024-01-15T10:08:00.000000000Z,london,monday,6.300000000001305,-4.60000000000127,0.860000000000527,0.37500000000079137,0.5348837209300524,128,10,0.927536231884058
SHORT_2.5_001,2.5,SHORT,2024-01-15T10:09:00.000000000Z,london,monday,7.4000000000018495,-7.4000000000018495,0.980000000000425,0.7500000000004725,0.7551020408161878,129,9,0.9347826086956522
SHORT_2.5_001,2.5,SHORT,2024-01-15T10:10:00.000000000Z,london,monday,5.700000000001815,-5.700000000001815,0.8100000000004215,0.8250000000004087,0.7037037037035616,130,8,0.9420289855072463
SHORT_2.5_001,2.5,SHORT,2024-01-15T10:11:00.000000000Z,london,monday,5.700000000001815,-4.900000000001015,0.8900000000005015,0.9750000000002812,0.5505617977526127,131,7,0.9492753623188406
SHORT_2.5_001,2.5,SHORT,2024-01-15T10:12:00.000000000Z,london,monday,5.20000000000076,-5.20000000000076,0.920000000000476,1.30000000000019,0.565217391304138,132,6,0.9565217391304348
SHORT_2.5_001,2.5,SHORT,2024-01-15T10:13:00.000000000Z,london,monday,4.20000000000087,-3.9999999999995595,0.840000000000618,0.8500000000005725,0.4761904761900734,133,5,0.9637681159420289
SHORT_2.5_001,2.5,SHORT,2024-01-15T10:14:00.000000000Z,london,monday,3.900000000001125,-1.80000000000069,0.760000000000316,0.7750000000000812,0.2368421052631502,134,4,0.9710144927536232
SHORT_2.5_001,2.5,SHORT,2024-01-15T10:15:00.000000000Z,london,monday,4.500000000000615,-3.8000000000004697,0.8600000000000829,0.9499999999995623,0.44186046511629107,135,3,0.9782608695652174
SHORT_2.5_001,2.5,SHORT,2024-01-15T10:16:00.000000000Z,london,monday,4.700000000001925,-4.700000000001925,0.8100000000001994,0.6499999999998174,0.5802469135803416,136,2,0.9855072463768116
SHORT_2.5_001,2.5,SHORT,2024-01-15T10:17:00.000000000Z,london,monday,5.699999999999594,-5.699999999999594,0.9099999999999664,0.8999999999992347,0.6263736263736049,137,1,0.9927536231884058
SHORT_2.5_001,2.5,SHORT,2024-01-15T10:18:00.000000000Z,london,monday,7.299999999998974,-7.299999999998974,1.0699999999999044,1.1499999999997623,0.6822429906541707,138,0,1.0
SHORT_2.5_002,2.5,SHORT,2024-01-15T10:30:00.000000000Z,london,monday,4.599999999999049,4.199999999998649,0.8199999999998209,1.1499999999997623,0.5121951219511667,0,16,0.0
SHORT_2.5_002,2.5,SHORT,2024-01-15T10:31:00.000000000Z,london,monday,4.599999999999049,2.5999999999992696,0.8999999999996788,1.4249999999998986,0.28888888888891084,1,15,0.0625
SHORT_2.5_002,2.5,SHORT,2024-01-15T10:32:00.000000000Z,london,monday,4.599999999999049,3.4000000000000696,0.8199999999995988,1.1999999999995348,0.4146341463416748,2,14,0.125
SHORT_2.5_002,2.5,SHORT,2024-01-15T10:33:00.000000000Z,london,monday,4.199999999998649,3.5999999999991594,0.8399999999995078,1.174999999999371,0.42857142857157965,3,13,0.1875
SHORT_2.5_002,2.5,SHORT,2024-01-15T10:34:00.000000000Z,london,monday,3.6999999999998145,1.500000000000945,0.9499999999995623,0.8499999999994623,0.15789473684227748,4,12,0.25
SHORT_2.5_002,2.5,SHORT,2024-01-15T10:35:00.000000000Z,london,monday,3.1999999999987594,-0.2999999999997449,0.9299999999996533,0.7499999999999174,0.03225806451611363,5,11,0.3125
SHORT_2.5_002,2.5,SHORT,2024-01-15T10:36:00.000000000Z,london,monday,3.1999999999987594,0.1999999999990898,0.8799999999997699,0.7499999999999174,0.02272727272717524,6,10,0.375
SHORT_2.5_002,2.5,SHORT,2024-01-15T10:37:00.000000000Z,london,monday,3.1000000000003247,0.9000000000014552,0.9500000000000064,0.800000000000245,0.09473684210541569,7,9,0.4375
SHORT_2.5_002,2.5,SHORT,2024-01-15T10:38:00.000000000Z,london,monday,2.9999999999996696,0.0,0.8599999999998609,0.40000000000040004,0.0,8,8,0.5
SHORT_2.5_002,2.5,SHORT,2024-01-15T10:39:00.000000000Z,london,monday,2.9999999999996696,1.7000000000000348,0.8899999999998354,0.4500000000001725,0.19101123595509542,9,7,0.5625
SHORT_2.5_002,2.5,SHORT,2024-01-15T10:40:00.000000000Z,london,monday,2.9999999999996696,-1.7000000000000348,0.6500000000000394,0.5750000000004363,0.261538461538451,10,6,0.625
SHORT_2.5_002,2.5,SHORT,2024-01-15T10:41:00.000000000Z,london,monday,2.4000000000001798,-0.5999999999994898,0.5399999999999849,0.3999999999998449,0.11111111111101973,11,5,0.6875
SHORT_2.5_002,2.5,SHORT,2024-01-15T10:42:00.000000000Z,london,monday,2.4000000000001798,-0.20000000000131024,0.5799999999998029,0.4999999999993898,0.03448275862092728,12,4,0.75
SHORT_2.5_002,2.5,SHORT,2024-01-15T10:43:00.000000000Z,london,monday,2.4000000000001798,-1.9999999999997797,0.6399999999997519,0.5499999999991623,0.31250000000008676,13,3,0.8125
SHORT_2.5_002,2.5,SHORT,2024-01-15T10:44:00.000000000Z,london,monday,1.80000000000069,0.10000000000065512,0.5299999999999194,0.5499999999991623,0.01886792452842836,14,2,0.875
SHORT_2.5_002,2.5,SHORT,2024-01-15T10:45:00.000000000Z,london,monday,1.80000000000069,0.9000000000014552,0.4499999999998394,0.5249999999995536,0.20000000000039475,15,1,0.9375
SHORT_2.5_002,2.5,SHORT,2024-01-15T10:46:00.000000000Z,london,monday,1.900000000001345,-0.10000000000065512,0.5500000000000504,0.6750000000005363,0.018181818181935625,16,0,1.0
SHORT_2.5_003,2.5,SHORT,2024-01-15T11:26:00.000000000Z,london,monday,3.2999999999994145,1.9999999999997797,0.6599999999998829,0.8999999999997899,0.3030303030303234,0,26,0.0
SHORT_2.5_003,2.5,SHORT,2024-01-15T11:27:00.000000000Z,london,monday,3.5999999999991594,2.2999999999995246,0.6899999999998574,0.5249999999995536,0.3333333333333333,1,25,0.038461538461538464
SHORT_2.5_003,2.5,SHORT,2024-01-15T11:28:00.000000000Z,london,monday,3.5999999999991594,1.900000000001345,0.6899999999998574,0.5249999999995536,0.27536231884083157,2,24,0.07692307692307693
SHORT_2.5_003,2.5,SHORT,2024-01-15T11:29:00.000000000Z,london,monday,5.1000000000001044,5.1000000000001044,0.7099999999999884,0.5999999999994898,0.718309859154956,3,23,0.11538461538461539
SHORT_2.5_003,2.5,SHORT,2024-01-15T11:30:00.000000000Z,london,monday,5.00000000000167,4.100000000000215,0.7299999999998974,0.6999999999995898,0.5616438356165467,4,22,0.15384615384615385
SHORT_2.5_003,2.5,SHORT,2024-01-15T11:31:00.000000000Z,london,monday,5.20000000000076,4.599999999999049,0.7799999999997809,0.8249999999992985,0.5897435897436335,5,21,0.19230769230769232
SHORT_2.5_003,2.5,SHORT,2024-01-15T11:32:00.000000000Z,london,monday,5.40000000000207,5.40000000000207,0.7399999999997409,0.8249999999998536,0.729729729730265,6,20,0.23076923076923078
SHORT_2.5_003,2.5,SHORT,2024-01-15T11:33:00.000000000Z,london,monday,3.8000000000004697,2.60000000000149,0.6599999999996609,0.6499999999998174,0.39393939393982214,7,19,0.2692307692307692
SHORT_2.5_003,2.5,SHORT,2024-01-15T11:34:00.000000000Z,london,monday,3.8000000000004697,1.100000000000545,0.8099999999997554,0.9249999999999536,0.13580246913591076,8,18,0.3076923076923077
SHORT_2.5_003,2.5,SHORT,2024-01-15T11:35:00.000000000Z,london,monday,2.6999999999999247,-0.20000000000131024,0.6799999999995698,0.7499999999999174,0.029411764706093642,9,17,0.34615384615384615
SHORT_2.5_003,2.5,SHORT,2024-01-15T11:36:00.000000000Z,london,monday,2.6999999999999247,1.5999999999993797,0.8599999999996388,1.1999999999995348,0.18604651162791297,10,16,0.38461538461538464
SHORT_2.5_003,2.5,SHORT,2024-01-15T11:37:00.000000000Z,london,monday,2.6999999999999247,1.900000000001345,0.8899999999998354,1.0999999999999899,0.21348314606760635,11,15,0.4230769230769231
SHORT_2.5_003,2.5,SHORT,2024-01-15T11:38:00.000000000Z,london,monday,3.9999999999995595,3.4000000000000696,0.9999999999998899,0.9999999999998899,0.34000000000004443,12,14,0.46153846153846156
SHORT_2.5_003,2.5,SHORT,2024-01-15T11:39:00.000000000Z,london,monday,3.9999999999995595,1.5999999999993797,0.8399999999999519,1.000000000000445,0.19047619047612754,13,13,0.5
SHORT_2.5_003,2.5,SHORT,2024-01-15T11:40:00.000000000Z,london,monday,4.799999999998139,3.0999999999981043,0.8699999999999264,0.7250000000003087,0.35632183908027204,14,12,0.5384615384615384
SHORT_2.5_003,2.5,SHORT,2024-01-15T11:41:00.000000000Z,london,monday,4.799999999998139,-0.5999999999994898,1.0799999999999699,1.2999999999996348,0.05555555555550987,15,11,0.5769230769230769
SHORT_2.5_003,2.5,SHORT,2024-01-15T11:42:00.000000000Z,london,monday,4.799999999998139,-0.700000000000145,1.0699999999999044,0.9999999999998899,0.06542056074768295,16,10,0.6153846153846154
SHORT_2.5_003,2.5,SHORT,2024-01-15T11:43:00.000000000Z,london,monday,4.799999999998139,0.7999999999985796,1.0199999999997988,1.0999999999994348,0.07843137254889582,17,9,0.6538461538461539
SHORT_2.5_003,2.5,SHORT,2024-01-15T11:44:00.000000000Z,london,monday,4.799999999998139,2.2999999999995246,0.8699999999997043,0.9249999999993985,0.2643678160919892,18,8,0.6923076923076923
SHORT_2.5_003,2.5,SHORT,2024-01-15T11:45:00.000000000Z,london,monday,4.699999999999704,0.20000000000131024,1.0599999999998388,0.6999999999995898,0.01886792452842836,19,7,0.7307692307692307
SHORT_2.5_003,2.5,SHORT,2024-01-15T11:46:00.000000000Z,london,monday,5.499999999998284,-2.7999999999983594,0.9599999999998499,0.9249999999993985,0.2916666666665414,20,6,0.7692307692307693
SHORT_2.5_003,2.5,SHORT,2024-01-15T11:47:00.000000000Z,london,monday,5.499999999998284,-0.8000000000008001,1.1599999999996058,1.4499999999995072,0.06896551724147172,21,5,0.8076923076923077
SHORT_2.5_003,2.5,SHORT,2024-01-15T11:48:00.000000000Z,london,monday,5.499999999998284,-1.9999999999997797,1.0399999999997078,1.4249999999998986,0.19230769230772515,22,4,0.8461538461538461
SHORT_2.5_003,2.5,SHORT,2024-01-15T11:49:00.000000000Z,london,monday,5.499999999998284,-3.4000000000000696,1.1799999999997368,1.30000000000019,0.28813559322040916,23,3,0.8846153846153846
SHORT_2.5_003,2.5,SHORT,2024-01-15T11:50:00.000000000Z,london,monday,5.499999999998284,-4.299999999999304,1.0899999999998133,1.0500000000002174,0.39449541284404044,24,2,0.9230769230769231
SHORT_2.5_003,2.5,SHORT,2024-01-15T11:51:00.000000000Z,london,monday,3.1999999999987594,-1.500000000000945,0.8099999999999774,0.4250000000005638,0.18518518518530702,25,1,0.9615384615384616
SHORT_2.5_003,2.5,SHORT,2024-01-15T11:52:00.000000000Z,london,monday,4.599999999999049,-4.100000000000215,1.0499999999997733,1.0250000000000536,0.3904761904762952,26,0,1.0
SHORT_2.5_004,2.5,SHORT,2024-01-15T12:04:00.000000000Z,london,monday,5.5000000000005045,5.5000000000005045,0.9900000000007125,1.0500000000013276,0.5555555555552066,0,214,0.0
SHORT_2.5_004,2.5,SHORT,2024-01-15T12:05:00.000000000Z,london,monday,6.700000000001705,6.700000000001705,1.1100000000008325,1.3500000000010726,0.6036036036033045,1,213,0.004672897196261682
SHORT_2.5_004,2.5,SHORT,2024-01-15T12:06:00.000000000Z,london,monday,5.20000000000076,4.900000000001015,0.9900000000007125,1.3750000000006812,0.49494949494924123,2,212,0.009345794392523364
SHORT_2.5_004,2.5,SHORT,2024-01-15T12:07:00.000000000Z,london,monday,5.00000000000167,2.6999999999999247,0.8700000000008146,1.4500000000006175,0.31034482758590765,3,211,0.014018691588785047
SHORT_2.5_004,2.5,SHORT,2024-01-15T12:08:00.000000000Z,london,monday,5.00000000000167,2.5999999999992696,0.860000000000749,0.6750000000005363,0.3023255813950006,4,210,0.018691588785046728
SHORT_2.5_004,2.5,SHORT,2024-01-15T12:09:00.000000000Z,london,monday,6.500000000000394,5.899999999998684,0.9100000000006325,0.7750000000000812,0.6483516483510531,5,209,0.02336448598130841
SHORT_2.5_004,2.5,SHORT,2024-01-15T12:10:00.000000000Z,london,monday,6.800000000000139,6.499999999998174,0.9100000000006325,0.7750000000000812,0.7142857142850171,6,208,0.028037383177570093
SHORT_2.5_004,2.5,SHORT,2024-01-15T12:11:00.000000000Z,london,monday,7.200000000000539,7.200000000000539,0.920000000000476,0.7499999999999174,0.7826086956518277,7,207,0.03271028037383177
SHORT_2.5_004,2.5,SHORT,2024-01-15T12:12:00.000000000Z,london,monday,7.900000000000684,7.699999999999374,0.9700000000003595,0.8249999999998536,0.793814432989332,8,206,0.037383177570093455
SHORT_2.5_004,2.5,SHORT,2024-01-15T12:13:00.000000000Z,london,monday,9.40000000000163,9.40000000000163,1.100000000000323,0.7250000000003087,0.8545454545453518,9,205,0.04205607476635514
SHORT_2.5_004,2.5,SHORT,2024-01-15T12:14:00.000000000Z,london,monday,6.500000000000394,6.500000000000394,0.8100000000001994,0.800000000000245,0.8024691358023203,10,204,0.04672897196261682
SHORT_2.5_004,2.5,SHORT,2024-01-15T12:15:00.000000000Z,london,monday,5.800000000000249,4.999999999999449,0.660000000000105,0.700000000000145,0.7575757575755537,11,203,0.0514018691588785
SHORT_2.5_004,2.5,SHORT,2024-01-15T12:16:00.000000000Z,london,monday,5.800000000000249,5.199999999998539,0.640000000000196,0.5500000000002725,0.8124999999995229,12,202,0.056074766355140186
SHORT_2.5_004,2.5,SHORT,2024-01-15T12:17:00.000000000Z,london,monday,6.999999999999229,6.999999999999229,0.7200000000000539,0.49999999999994493,0.9722222222220424,13,201,0.06074766355140187
SHORT_2.5_004,2.5,SHORT,2024-01-15T12:18:00.000000000Z,london,monday,7.200000000000539,7.200000000000539,0.740000000000185,0.5000000000005,0.9729729729728027,14,200,0.06542056074766354
SHORT_2.5_004,2.5,SHORT,2024-01-15T12:19:00.000000000Z,london,monday,5.300000000001415,2.9999999999996696,0.780000000000447,1.0750000000009363,0.38461538461512185,15,199,0.07009345794392523
SHORT_2.5_004,2.5,SHORT,2024-01-15T12:20:00.000000000Z,london,monday,5.00000000000167,2.80000000000058,0.760000000000538,1.0750000000009363,0.3684210526313944,16,198,0.07476635514018691
SHORT_2.5_004,2.5,SHORT,2024-01-15T12:21:00.000000000Z,london,monday,4.60000000000127,2.9999999999996696,0.780000000000447,0.9000000000009001,0.38461538461512185,17,197,0.0794392523364486
SHORT_2.5_004,2.5,SHORT,2024-01-15T12:22:00.000000000Z,london,monday,3.900000000001125,1.2999999999996348,0.8100000000004215,1.000000000000445,0.16049382716036523,18,196,0.08411214953271028
SHORT_2.5_004,2.5,SHORT,2024-01-15T12:23:00.000000000Z,london,monday,4.20000000000087,-1.80000000000069,0.820000000000265,0.8249999999998536,0.21951219512196443,19,195,0.08878504672897196
SHORT_2.5_004,2.5,SHORT,2024-01-15T12:24:00.000000000Z,london,monday,4.60000000000127,-2.80000000000058,0.800000000000356,0.8999999999997899,0.3499999999999167,20,194,0.09345794392523364
SHORT_2.5_004,2.5,SHORT,2024-01-15T12:25:00.000000000Z,london,monday,5.00000000000167,-3.20000000000098,0.840000000000396,0.8500000000000174,0.38095238095231804,21,193,0.09813084112149532
SHORT_2.5_004,2.5,SHORT,2024-01-15T12:26:00.000000000Z,london,monday,5.00000000000167,-1.1999999999989797,1.020000000000465,1.0750000000003812,0.11764705882337574,22,192,0.102803738317757
SHORT_2.5_004,2.5,SHORT,2024-01-15T12:27:00.000000000Z,london,monday,5.20000000000076,-4.599999999999049,1.100000000000545,1.200000000000645,0.41818181818152456,23,191,0.10747663551401869
SHORT_2.5_004,2.5,SHORT,2024-01-15T12:28:00.000000000Z,london,monday,6.00000000000156,-6.00000000000156,1.120000000000454,1.300000000000745,0.5357142857142079,24,190,0.11214953271028037
SHORT_2.5_004,2.5,SHORT,2024-01-15T12:29:00.000000000Z,london,monday,4.3999999999999595,-3.6999999999998145,0.8900000000002795,1.200000000000645,0.4157303370785003,25,189,0.11682242990654206
SHORT_2.5_004,2.5,SHORT,2024-01-15T12:30:00.000000000Z,london,monday,5.599999999998939,-4.999999999999449,1.000000000000112,1.0250000000000536,0.499999999999889,26,188,0.12149532710280374
SHORT_2.5_004,2.5,SHORT,2024-01-15T12:31:00.000000000Z,london,monday,5.800000000000249,-5.800000000000249,0.960000000000294,0.5500000000002725,0.6041666666665076,27,187,0.1261682242990654
SHORT_2.5_004,2.5,SHORT,2024-01-15T12:32:00.000000000Z,london,monday,4.8000000000003595,-4.599999999999049,0.880000000000436,0.40000000000040004,0.5227272727269057,28,186,0.1308411214953271
SHORT_2.5_004,2.5,SHORT,2024-01-15T12:33:00.000000000Z,london,monday,6.500000000000394,-5.399999999999849,0.960000000000516,1.000000000000445,0.5624999999996819,29,185,0.13551401869158877
SHORT_2.5_004,2.5,SHORT,2024-01-15T12:34:00.000000000Z,london,monday,6.500000000000394,-0.7999999999985796,1.340000000000563,1.7500000000009175,0.059701492537182356,30,184,0.14018691588785046
SHORT_2.5_004,2.5,SHORT,2024-01-15T12:35:00.000000000Z,london,monday,6.500000000000394,-1.3999999999980695,1.400000000000512,1.9500000000005624,0.09999999999982553,31,183,0.14485981308411214
SHORT_2.5_004,2.5,SHORT,2024-01-15T12:36:00.000000000Z,london,monday,6.500000000000394,-2.60000000000149,1.28000000000017,2.074999999999716,0.20312500000008946,32,182,0.14953271028037382
SHORT_2.5_004,2.5,SHORT,2024-01-15T12:37:00.000000000Z,london,monday,4.3999999999999595,-1.40000000000029,1.1600000000000499,1.6999999999994797,0.12068965517243359,33,181,0.1542056074766355
SHORT_2.5_004,2.5,SHORT,2024-01-15T12:38:00.000000000Z,london,monday,4.20000000000087,-2.5999999999992696,1.2799999999999478,1.1499999999992072,0.2031249999999512,34,180,0.1588785046728972
SHORT_2.5_004,2.5,SHORT,2024-01-15T12:39:00.000000000Z,london,monday,4.599999999999049,0.9999999999998899,1.6399999999998638,1.7999999999990246,0.06097560975609591,35,179,0.16355140186915887
SHORT_2.5_004,2.5,SHORT,2024-01-15T12:40:00.000000000Z,london,monday,8.60000000000083,6.200000000000649,1.9200000000001438,2.6249999999999885,0.3229166666666763,36,178,0.16822429906542055
SHORT_2.5_004,2.5,SHORT,2024-01-15T12:41:00.000000000Z,london,monday,11.200000000000099,9.00000000000123,2.1599999999999397,3.049999999999997,0.4166666666667352,37,177,0.17289719626168223
SHORT_2.5_004,2.5,SHORT,2024-01-15T12:42:00.000000000Z,london,monday,11.200000000000099,5.899999999998684,2.429999999999932,3.275000000000361,0.24279835390941765,38,176,0.17757009345794392
SHORT_2.5_004,2.5,SHORT,2024-01-15T12:43:00.000000000Z,london,monday,11.200000000000099,9.799999999999809,2.3400000000000087,2.7500000000008074,0.41880341880340904,39,175,0.1822429906542056
SHORT_2.5_004,2.5,SHORT,2024-01-15T12:44:00.000000000Z,london,monday,10.200000000000209,3.1999999999987594,2.1599999999999397,2.3500000000004073,0.14814814814809485,40,174,0.18691588785046728
SHORT_2.5_004,2.5,SHORT,2024-01-15T12:45:00.000000000Z,london,monday,10.200000000000209,3.9999999999995595,2.0799999999998597,1.7500000000003624,0.1923076923076841,41,173,0.19158878504672897
SHORT_2.5_004,2.5,SHORT,2024-01-15T12:46:00.000000000Z,london,monday,10.200000000000209,1.7000000000000348,2.1700000000002273,1.4250000000004537,0.0783410138248782,42,172,0.19626168224299065
SHORT_2.5_004,2.5,SHORT,2024-01-15T12:47:00.000000000Z,london,monday,10.200000000000209,3.5999999999991594,2.180000000000293,1.30000000000019,0.16513761467883833,43,171,0.20093457943925233
SHORT_2.5_004,2.5,SHORT,2024-01-15T12:48:00.000000000Z,london,monday,10.200000000000209,5.999999999999339,2.020000000000355,0.800000000000245,0.29702970297021214,44,170,0.205607476635514
SHORT_2.5_004,2.5,SHORT,2024-01-15T12:49:00.000000000Z,london,monday,6.6000000000010495,3.8000000000004697,1.800000000000468,1.100000000000545,0.21111111111108233,45,169,0.2102803738317757
SHORT_2.5_004,2.5,SHORT,2024-01-15T12:50:00.000000000Z,london,monday,5.60000000000116,0.700000000000145,1.4900000000004354,0.9250000000005087,0.04697986577180808,46,168,0.21495327102803738
SHORT_2.5_004,2.5,SHORT,2024-01-15T12:51:00.000000000Z,london,monday,5.60000000000116,-3.4000000000000696,1.380000000000603,1.0500000000007725,0.2463768115941003,47,167,0.21962616822429906
SHORT_2.5_004,2.5,SHORT,2024-01-15T12:52:00.000000000Z,london,monday,4.20000000000087,0.700000000000145,1.2100000000003774,1.2500000000004174,0.057851239669415425,48,166,0.22429906542056074
SHORT_2.5_004,2.5,SHORT,2024-01-15T12:53:00.000000000Z,london,monday,4.3999999999999595,0.1999999999990898,1.160000000000272,1.1500000000003174,0.01724137931026232,49,165,0.22897196261682243
SHORT_2.5_004,2.5,SHORT,2024-01-15T12:54:00.000000000Z,london,monday,4.3999999999999595,2.5999999999992696,0.920000000000254,0.9249999999999536,0.2826086956520165,50,164,0.2336448598130841
SHORT_2.5_004,2.5,SHORT,2024-01-15T12:55:00.000000000Z,london,monday,4.3999999999999595,1.40000000000029,1.040000000000152,0.8999999999992347,0.13461538461539282,51,163,0.2383177570093458
SHORT_2.5_004,2.5,SHORT,2024-01-15T12:56:00.000000000Z,london,monday,4.3999999999999595,2.60000000000149,0.9200000000000319,0.6999999999995898,0.28260869565232605,52,162,0.24299065420560748
SHORT_2.5_004,2.5,SHORT,2024-01-15T12:57:00.000000000Z,london,monday,4.199999999998649,-0.7999999999985796,1.060000000000061,1.0499999999996623,0.07547169811306921,53,161,0.24766355140186916
SHORT_2.5_004,2.5,SHORT,2024-01-15T12:58:00.000000000Z,london,monday,4.199999999998649,-0.7999999999985796,1.060000000000061,1.1499999999997623,0.07547169811306921,54,160,0.2523364485981308
SHORT_2.5_004,2.5,SHORT,2024-01-15T12:59:00.000000000Z,london,monday,4.199999999998649,-1.5999999999993797,0.9799999999999809,0.9500000000001174,0.16326530612238888,55,159,0.2570093457943925
SHORT_2.5_004,2.5,SHORT,2024-01-15T13:00:00.000000000Z,london,monday,6.099999999999994,-5.40000000000207,1.1799999999999589,1.5750000000003261,0.45762711864425915,56,158,0.2616822429906542
SHORT_2.5_004,2.5,SHORT,2024-01-15T13:01:00.000000000Z,london,monday,6.099999999999994,-2.5999999999992696,1.1600000000000499,1.300000000000745,0.22413793103441015,57,157,0.26635514018691586
SHORT_2.5_004,2.5,SHORT,2024-01-15T13:02:00.000000000Z,london,monday,6.099999999999994,-4.199999999998649,1.080000000000192,1.300000000000745,0.3888888888886947,58,156,0.27102803738317754
SHORT_2.5_004,2.5,SHORT,2024-01-15T13:03:00.000000000Z,london,monday,6.199999999998429,-6.199999999998429,1.080000000000192,1.400000000000845,0.5740740740738266,59,155,0.2757009345794392
SHORT_2.5_004,2.5,SHORT,2024-01-15T13:04:00.000000000Z,london,monday,7.599999999998719,-7.599999999998719,1.220000000000221,1.0250000000006088,0.6229508196719133,60,154,0.2803738317757009
SHORT_2.5_004,2.5,SHORT,2024-01-15T13:05:00.000000000Z,london,monday,6.200000000000649,-4.8000000000003595,1.220000000000443,1.0500000000002174,0.3934426229507063,61,153,0.2850467289719626
SHORT_2.5_004,2.5,SHORT,2024-01-15T13:06:00.000000000Z,london,monday,6.00000000000156,-6.00000000000156,1.340000000000563,1.3500000000005175,0.44776119402977904,62,152,0.2897196261682243
SHORT_2.5_004,2.5,SHORT,2024-01-15T13:07:00.000000000Z,london,monday,4.999999999999449,-3.9999999999995595,1.140000000000363,1.2000000000000899,0.3508771929823058,63,151,0.29439252336448596
SHORT_2.5_004,2.5,SHORT,2024-01-15T13:08:00.000000000Z,london,monday,6.399999999999739,-5.800000000000249,1.240000000000352,1.2000000000000899,0.4677419354837583,64,150,0.29906542056074764
SHORT_2.5_004,2.5,SHORT,2024-01-15T13:09:00.000000000Z,london,monday,9.00000000000123,-9.00000000000123,1.440000000000552,1.50000000000039,0.6249999999998458,65,149,0.3037383177570093
SHORT_2.5_004,2.5,SHORT,2024-01-15T13:10:00.000000000Z,london,monday,7.4000000000018495,-4.299999999999304,1.3300000000004975,1.5500000000001624,0.3233082706765185,66,148,0.308411214953271
SHORT_2.5_004,2.5,SHORT,2024-01-15T13:11:00.000000000Z,london,monday,7.4000000000018495,-4.20000000000087,1.340000000000341,1.80000000000069,0.31343283582088066,67,147,0.3130841121495327
SHORT_2.5_004,2.5,SHORT,2024-01-15T13:12:00.000000000Z,london,monday,7.0000000000014495,-4.999999999999449,1.4200000000001989,1.7500000000003624,0.3521126760562499,68,146,0.3177570093457944
SHORT_2.5_004,2.5,SHORT,2024-01-15T13:13:00.000000000Z,london,monday,6.00000000000156,-4.8000000000003595,1.40000000000029,1.30000000000019,0.34285714285709756,69,145,0.32242990654205606
SHORT_2.5_004,2.5,SHORT,2024-01-15T13:14:00.000000000Z,london,monday,6.00000000000156,-3.4000000000000696,1.260000000000261,0.8500000000000174,0.2698412698412195,70,144,0.32710280373831774
SHORT_2.5_004,2.5,SHORT,2024-01-15T13:15:00.000000000Z,london,monday,6.00000000000156,-5.399999999999849,1.180000000000181,0.6499999999998174,0.45762711864398486,71,143,0.3317757009345794
SHORT_2.5_004,2.5,SHORT,2024-01-15T13:16:00.000000000Z,london,monday,4.3999999999999595,-1.5999999999993797,1.2399999999999078,0.8999999999997899,0.12903225806447569,72,142,0.3364485981308411
SHORT_2.5_004,2.5,SHORT,2024-01-15T13:17:00.000000000Z,london,monday,4.00000000000178,-0.20000000000131024,1.3000000000000789,0.9499999999995623,0.01538461538471524,73,141,0.3411214953271028
SHORT_2.5_004,2.5,SHORT,2024-01-15T13:18:00.000000000Z,london,monday,3.8000000000004697,1.100000000000545,1.1699999999998933,0.974999999999171,0.09401709401714917,74,140,0.34579439252336447
SHORT_2.5_004,2.5,SHORT,2024-01-15T13:19:00.000000000Z,london,monday,5.60000000000116,5.60000000000116,1.0999999999996568,1.2999999999990797,0.5090909090911734,75,139,0.35046728971962615
SHORT_2.5_004,2.5,SHORT,2024-01-15T13:20:00.000000000Z,london,monday,4.999999999999449,3.8000000000004697,0.9199999999995878,0.7499999999993623,0.41304347826110566,76,138,0.35514018691588783
SHORT_2.5_004,2.5,SHORT,2024-01-15T13:21:00.000000000Z,london,monday,4.999999999999449,2.4000000000001798,0.7799999999995588,0.4999999999993898,0.3076923076925048,77,137,0.3598130841121495
SHORT_2.5_004,2.5,SHORT,2024-01-15T13:22:00.000000000Z,london,monday,4.999999999999449,1.9999999999997797,0.8199999999995988,0.8749999999996261,0.24390243902448272,78,136,0.3644859813084112
SHORT_2.5_004,2.5,SHORT,2024-01-15T13:23:00.000000000Z,london,monday,4.999999999999449,2.80000000000058,0.7399999999995188,0.3999999999998449,0.37837837837870275,79,135,0.3691588785046729
SHORT_2.5_004,2.5,SHORT,2024-01-15T13:24:00.000000000Z,london,monday,4.999999999999449,2.4000000000001798,0.7799999999995588,0.49999999999994493,0.3076923076925048,80,134,0.37383177570093457
SHORT_2.5_004,2.5,SHORT,2024-01-15T13:25:00.000000000Z,london,monday,4.999999999999449,4.199999999998649,0.8399999999995078,0.7999999999996898,0.5000000000001321,81,133,0.37850467289719625
SHORT_2.5_004,2.5,SHORT,2024-01-15T13:26:00.000000000Z,london,monday,2.80000000000058,0.8000000000008001,0.7399999999995188,0.6999999999995898,0.10810810810828653,82,132,0.38317757009345793
SHORT_2.5_004,2.5,SHORT,2024-01-15T13:27:00.000000000Z,london,monday,1.9999999999997797,0.9000000000014552,0.7499999999995843,0.9749999999997261,0.12000000000026054,83,131,0.3878504672897196
SHORT_2.5_004,2.5,SHORT,2024-01-15T13:28:00.000000000Z,london,monday,2.9999999999996696,-1.100000000000545,0.9499999999997844,1.3999999999997348,0.11578947368429418,84,130,0.3925233644859813
SHORT_2.5_004,2.5,SHORT,2024-01-15T13:29:00.000000000Z,london,monday,2.9999999999996696,-2.9999999999996696,0.7599999999998719,1.0999999999999899,0.3947368421052862,85,129,0.397196261682243
SHORT_2.5_004,2.5,SHORT,2024-01-15T13:30:00.000000000Z,london,monday,2.9999999999996696,-0.40000000000040004,1.0199999999997988,1.4500000000000624,0.03921568627455676,86,128,0.40186915887850466
SHORT_2.5_004,2.5,SHORT,2024-01-15T13:31:00.000000000Z,london,monday,4.100000000000215,1.100000000000545,1.1699999999998933,1.5500000000001624,0.09401709401714917,87,127,0.40654205607476634
SHORT_2.5_004,2.5,SHORT,2024-01-15T13:32:00.000000000Z,london,monday,4.199999999998649,2.7999999999983594,1.0199999999997988,1.0499999999996623,0.2745098039214619,88,126,0.411214953271028
SHORT_2.5_004,2.5,SHORT,2024-01-15T13:33:00.000000000Z,london,monday,4.199999999998649,2.4000000000001798,1.0599999999996168,1.1499999999992072,0.22641509433972146,89,125,0.4158878504672897
SHORT_2.5_004,2.5,SHORT,2024-01-15T13:34:00.000000000Z,london,monday,4.500000000000615,3.5000000000007248,1.0899999999995913,0.6749999999994261,0.32110091743137953,90,124,0.4205607476635514
SHORT_2.5_004,2.5,SHORT,2024-01-15T13:35:00.000000000Z,london,monday,5.1000000000001044,2.900000000001235,1.0299999999996423,0.44999999999906226,0.2815533980584701,91,123,0.4252336448598131
SHORT_2.5_004,2.5,SHORT,2024-01-15T13:36:00.000000000Z,london,monday,5.1000000000001044,2.1999999999988695,1.0999999999998789,0.8999999999997899,0.19999999999991927,92,122,0.42990654205607476
SHORT_2.5_004,2.5,SHORT,2024-01-15T13:37:00.000000000Z,london,monday,5.1000000000001044,-0.40000000000040004,1.1399999999996968,1.174999999999926,0.035087719298290035,93,121,0.43457943925233644
SHORT_2.5_004,2.5,SHORT,2024-01-15T13:38:00.000000000Z,london,monday,5.1000000000001044,2.5999999999992696,1.0199999999995768,1.2249999999996986,0.25490196078434785,94,120,0.4392523364485981
SHORT_2.5_004,2.5,SHORT,2024-01-15T13:39:00.000000000Z,london,monday,5.1000000000001044,2.4999999999986144,1.0299999999996423,1.0999999999999899,0.2427184466018915,95,119,0.4439252336448598
SHORT_2.5_004,2.5,SHORT,2024-01-15T13:40:00.000000000Z,london,monday,3.4000000000000696,-0.8000000000008001,0.8399999999997299,0.7999999999996898,0.09523809523822112,96,118,0.4485981308411215
SHORT_2.5_004,2.5,SHORT,2024-01-15T13:41:00.000000000Z,london,monday,3.900000000001125,-2.900000000001235,0.7499999999995843,0.5749999999998812,0.38666666666704563,97,117,0.4532710280373832
SHORT_2.5_004,2.5,SHORT,2024-01-15T13:42:00.000000000Z,london,monday,3.900000000001125,-2.4999999999986144,0.7899999999998464,0.47500000000033626,0.3164556962024178,98,116,0.45794392523364486
SHORT_2.5_004,2.5,SHORT,2024-01-15T13:43:00.000000000Z,london,monday,3.900000000001125,-1.80000000000069,0.7800000000000029,0.5250000000001087,0.23076923076931835,99,115,0.46261682242990654
SHORT_2.5_004,2.5,SHORT,2024-01-15T13:44:00.000000000Z,london,monday,3.900000000001125,-2.100000000000435,0.7500000000000284,0.4500000000001725,0.2800000000000474,100,114,0.4672897196261682
SHORT_2.5_004,2.5,SHORT,2024-01-15T13:45:00.000000000Z,london,monday,3.900000000001125,-2.6999999999999247,0.6900000000000794,0.3000000000003,0.391304347826031,101,113,0.4719626168224299
SHORT_2.5_004,2.5,SHORT,2024-01-15T13:46:00.000000000Z,london,monday,1.9999999999997797,-1.1999999999989797,0.5399999999999849,0.27500000000013625,0.22222222222203947,102,112,0.4766355140186916
SHORT_2.5_004,2.5,SHORT,2024-01-15T13:47:00.000000000Z,london,monday,1.40000000000029,-0.10000000000065512,0.4300000000001525,0.3000000000003,0.02325581395363248,103,111,0.48130841121495327
SHORT_2.5_004,2.5,SHORT,2024-01-15T13:48:00.000000000Z,london,monday,1.40000000000029,-0.5999999999994898,0.380000000000269,0.3000000000003,0.15789473684185923,104,110,0.48598130841121495
SHORT_2.5_004,2.5,SHORT,2024-01-15T13:49:00.000000000Z,london,monday,1.6000000000016001,0.30000000000196536,0.4500000000002835,0.5000000000005,0.06666666666706142,105,109,0.49065420560747663
SHORT_2.5_004,2.5,SHORT,2024-01-15T13:50:00.000000000Z,london,monday,2.20000000000109,1.6000000000016001,0.440000000000218,0.5500000000002725,0.36363636363654717,106,108,0.4953271028037383
SHORT_2.5_004,2.5,SHORT,2024-01-15T13:51:00.000000000Z,london,monday,2.900000000001235,2.900000000001235,0.4500000000002835,0.6250000000002087,0.6444444444443128,107,107,0.5
SHORT_2.5_004,2.5,SHORT,2024-01-15T13:52:00.000000000Z,london,monday,2.500000000000835,1.100000000000545,0.5300000000001415,0.8500000000000174,0.20754716981136817,108,106,0.5046728971962616
SHORT_2.5_004,2.5,SHORT,2024-01-15T13:53:00.000000000Z,london,monday,2.500000000000835,0.2999999999997449,0.5500000000002725,0.7750000000000812,0.05454545454538114,109,105,0.5093457943925234
SHORT_2.5_004,2.5,SHORT,2024-01-15T13:54:00.000000000Z,london,monday,2.500000000000835,-0.700000000000145,0.5700000000001815,0.7750000000000812,0.12280701754384599,110,104,0.514018691588785
SHORT_2.5_004,2.5,SHORT,2024-01-15T13:55:00.000000000Z,london,monday,2.500000000000835,0.0,0.640000000000196,0.7750000000000812,0.0,111,103,0.5186915887850467
SHORT_2.5_004,2.5,SHORT,2024-01-15T13:56:00.000000000Z,london,monday,2.500000000000835,0.2999999999997449,0.6100000000002215,0.47500000000033626,0.049180327868792784,112,102,0.5233644859813084
SHORT_2.5_004,2.5,SHORT,2024-01-15T13:57:00.000000000Z,london,monday,2.500000000000835,0.40000000000040004,0.600000000000156,0.4250000000000087,0.06666666666671602,113,101,0.5280373831775701
SHORT_2.5_004,2.5,SHORT,2024-01-15T13:58:00.000000000Z,london,monday,2.4000000000001798,1.40000000000029,0.700000000000145,0.6250000000002087,0.2,114,100,0.5327102803738317
SHORT_2.5_004,2.5,SHORT,2024-01-15T13:59:00.000000000Z,london,monday,2.4000000000001798,0.3999999999981796,0.640000000000196,0.5000000000005,0.06249999999969642,115,99,0.5373831775700935
SHORT_2.5_004,2.5,SHORT,2024-01-15T14:00:00.000000000Z,london,monday,2.4000000000001798,-0.5999999999994898,0.6200000000000649,0.5749999999998812,0.09677419354829467,116,98,0.5420560747663551
SHORT_2.5_004,2.5,SHORT,2024-01-15T14:01:00.000000000Z,london,monday,2.4000000000001798,-0.10000000000065512,0.6699999999999484,0.7999999999996898,0.014925373134427286,117,97,0.5467289719626168
SHORT_2.5_004,2.5,SHORT,2024-01-15T14:02:00.000000000Z,london,monday,2.5999999999992696,-1.40000000000029,0.7999999999999119,1.0999999999994348,0.1750000000000555,118,96,0.5514018691588785
SHORT_2.5_004,2.5,SHORT,2024-01-15T14:03:00.000000000Z,london,monday,3.9999999999995595,-2.2999999999995246,0.8899999999998354,1.3999999999991797,0.25842696629212925,119,95,0.5560747663551402
SHORT_2.5_004,2.5,SHORT,2024-01-15T14:04:00.000000000Z,london,monday,4.599999999999049,-2.2999999999995246,0.8899999999998354,1.4499999999995072,0.25842696629212925,120,94,0.5607476635514018
SHORT_2.5_004,2.5,SHORT,2024-01-15T14:05:00.000000000Z,london,monday,7.800000000000029,-6.200000000000649,1.1399999999999189,1.9500000000000073,0.5438596491229027,121,93,0.5654205607476636
SHORT_2.5_004,2.5,SHORT,2024-01-15T14:06:00.000000000Z,london,monday,10.000000000001119,-8.300000000001084,1.3499999999999623,1.8500000000004624,0.6148148148149123,122,92,0.5700934579439252
SHORT_2.5_004,2.5,SHORT,2024-01-15T14:07:00.000000000Z,london,monday,10.499999999999954,-8.500000000000174,1.3699999999998713,1.6250000000000986,0.6204379562044505,123,91,0.5747663551401869
SHORT_2.5_004,2.5,SHORT,2024-01-15T14:08:00.000000000Z,london,monday,11.200000000000099,-10.600000000000609,1.2999999999998568,1.6500000000002624,0.815384615384752,124,90,0.5794392523364486
SHORT_2.5_004,2.5,SHORT,2024-01-15T14:09:00.000000000Z,london,monday,11.200000000000099,-9.399999999999409,1.3799999999997148,1.0999999999999899,0.681159420289953,125,89,0.5841121495327103
SHORT_2.5_004,2.5,SHORT,2024-01-15T14:10:00.000000000Z,london,monday,11.200000000000099,-9.80000000000203,1.4199999999999768,0.7499999999999174,0.6901408450705767,126,88,0.5887850467289719
SHORT_2.5_004,2.5,SHORT,2024-01-15T14:11:00.000000000Z,london,monday,11.200000000000099,-10.600000000000609,1.3400000000001189,0.7250000000003087,0.7910447761193783,127,87,0.5934579439252337
SHORT_2.5_004,2.5,SHORT,2024-01-15T14:12:00.000000000Z,london,monday,8.60000000000083,-8.20000000000043,1.100000000000101,0.6000000000000449,0.7454545454545161,128,86,0.5981308411214953
SHORT_2.5_004,2.5,SHORT,2024-01-15T14:13:00.000000000Z,london,monday,7.200000000000539,-6.699999999999484,0.9700000000001374,0.37500000000023626,0.6907216494843851,129,85,0.602803738317757
SHORT_2.5_004,2.5,SHORT,2024-01-15T14:14:00.000000000Z,london,monday,6.900000000000794,-6.900000000000794,0.9900000000002684,0.37500000000023626,0.6969696969695882,130,84,0.6074766355140186
SHORT_2.5_004,2.5,SHORT,2024-01-15T14:15:00.000000000Z,london,monday,3.6999999999998145,-2.80000000000058,0.7600000000000939,0.49999999999994493,0.3684210526316097,131,83,0.6121495327102804
SHORT_2.5_004,2.5,SHORT,2024-01-15T14:16:00.000000000Z,london,monday,1.4999999999987246,-0.4999999999988347,0.5500000000000504,0.47500000000033626,0.0909090909088707,132,82,0.616822429906542
SHORT_2.5_004,2.5,SHORT,2024-01-15T14:17:00.000000000Z,london,monday,1.8999999999991246,0.8999999999992347,0.5900000000000905,0.6749999999999812,0.15254237288120284,133,81,0.6214953271028038
SHORT_2.5_004,2.5,SHORT,2024-01-15T14:18:00.000000000Z,london,monday,1.8999999999991246,0.1999999999990898,0.660000000000105,0.8249999999998536,0.030303030302887574,134,80,0.6261682242990654
SHORT_2.5_004,2.5,SHORT,2024-01-15T14:19:00.000000000Z,london,monday,2.4000000000001798,-1.80000000000069,0.660000000000105,0.8500000000000174,0.2727272727273339,135,79,0.6308411214953271
SHORT_2.5_004,2.5,SHORT,2024-01-15T14:20:00.000000000Z,london,monday,2.4000000000001798,-0.9999999999998899,0.5800000000000249,0.8249999999998536,0.17241379310342186,136,78,0.6355140186915887
SHORT_2.5_004,2.5,SHORT,2024-01-15T14:21:00.000000000Z,london,monday,2.5999999999992696,-1.5999999999993797,0.5599999999998939,0.6499999999998174,0.2857142857142291,137,77,0.6401869158878505
SHORT_2.5_004,2.5,SHORT,2024-01-15T14:22:00.000000000Z,london,monday,2.5999999999992696,0.2999999999997449,0.7099999999999884,0.7249999999997536,0.04225352112672533,138,76,0.6448598130841121
SHORT_2.5_004,2.5,SHORT,2024-01-15T14:23:00.000000000Z,london,monday,2.5999999999992696,0.8999999999992347,0.7699999999999374,0.6499999999998174,0.11688311688302701,139,75,0.6495327102803738
SHORT_2.5_004,2.5,SHORT,2024-01-15T14:24:00.000000000Z,london,monday,3.4000000000000696,2.6999999999999247,0.7899999999998464,0.8999999999997899,0.3417721518987911,140,74,0.6542056074766355
SHORT_2.5_004,2.5,SHORT,2024-01-15T14:25:00.000000000Z,london,monday,3.4000000000000696,0.40000000000040004,0.8399999999999519,1.2000000000000899,0.04761904761909797,141,73,0.6588785046728972
SHORT_2.5_004,2.5,SHORT,2024-01-15T14:26:00.000000000Z,london,monday,3.8999999999989043,2.1999999999988695,1.0199999999997988,1.2499999999998623,0.21568627450973563,142,72,0.6635514018691588
SHORT_2.5_004,2.5,SHORT,2024-01-15T14:27:00.000000000Z,london,monday,3.8999999999989043,0.9999999999998899,0.9599999999998499,1.1499999999997623,0.10416666666667149,143,71,0.6682242990654206
SHORT_2.5_004,2.5,SHORT,2024-01-15T14:28:00.000000000Z,london,monday,3.8999999999989043,1.40000000000029,0.9199999999998099,1.1499999999997623,0.15217391304354122,144,70,0.6728971962616822
SHORT_2.5_004,2.5,SHORT,2024-01-15T14:29:00.000000000Z,london,monday,3.8999999999989043,2.60000000000149,0.8399999999999519,0.8500000000000174,0.30952380952400466,145,69,0.677570093457944
SHORT_2.5_004,2.5,SHORT,2024-01-15T14:30:00.000000000Z,london,monday,4.3999999999999595,4.20000000000087,0.9999999999998899,0.7750000000000812,0.4200000000001332,146,68,0.6822429906542056
SHORT_2.5_004,2.5,SHORT,2024-01-15T14:31:00.000000000Z,london,monday,4.3999999999999595,3.4000000000000696,1.0799999999999699,0.9500000000001174,0.31481481481483004,147,67,0.6869158878504673
SHORT_2.5_004,2.5,SHORT,2024-01-15T14:32:00.000000000Z,london,monday,2.6999999999999247,1.100000000000545,0.9699999999999154,0.8500000000000174,0.11340206185573617,148,66,0.6915887850467289
SHORT_2.5_004,2.5,SHORT,2024-01-15T14:33:00.000000000Z,london,monday,2.4000000000001798,0.9999999999998899,0.9599999999998499,0.9499999999995623,0.10416666666667149,149,65,0.6962616822429907
SHORT_2.5_004,2.5,SHORT,2024-01-15T14:34:00.000000000Z,london,monday,2.4000000000001798,-0.5000000000010552,0.9099999999999664,0.6749999999999812,0.054945054945172926,150,64,0.7009345794392523
SHORT_2.5_004,2.5,SHORT,2024-01-15T14:35:00.000000000Z,london,monday,2.5999999999992696,-0.1999999999990898,0.8799999999997699,0.6999999999995898,0.02272727272717524,151,63,0.705607476635514
SHORT_2.5_004,2.5,SHORT,2024-01-15T14:36:00.000000000Z,london,monday,2.5999999999992696,-0.6999999999979245,0.8299999999998864,0.8999999999997899,0.08433734939735185,152,62,0.7102803738317757
SHORT_2.5_004,2.5,SHORT,2024-01-15T14:37:00.000000000Z,london,monday,2.5999999999992696,-1.7999999999984695,0.9399999999999409,1.0999999999999899,0.1914893617019769,153,61,0.7149532710280374
SHORT_2.5_004,2.5,SHORT,2024-01-15T14:38:00.000000000Z,london,monday,2.5999999999992696,0.2999999999997449,0.9499999999997844,1.2499999999993072,0.03157894736840137,154,60,0.719626168224299
SHORT_2.5_004,2.5,SHORT,2024-01-15T14:39:00.000000000Z,london,monday,2.5999999999992696,0.9999999999998899,1.0199999999997988,1.2000000000000899,0.09803921568628304,155,59,0.7242990654205608
SHORT_2.5_004,2.5,SHORT,2024-01-15T14:40:00.000000000Z,london,monday,2.5999999999992696,-0.5999999999994898,0.8599999999998609,0.8500000000000174,0.06976744186041708,156,58,0.7289719626168224
SHORT_2.5_004,2.5,SHORT,2024-01-15T14:41:00.000000000Z,london,monday,1.9999999999997797,0.40000000000040004,0.7599999999998719,0.49999999999994493,0.05263157894742993,157,57,0.7336448598130841
SHORT_2.5_004,2.5,SHORT,2024-01-15T14:42:00.000000000Z,london,monday,1.9999999999997797,0.7999999999985796,0.7200000000000539,0.27500000000069136,0.11111111111090552,158,56,0.7383177570093458
SHORT_2.5_004,2.5,SHORT,2024-01-15T14:43:00.000000000Z,london,monday,1.9999999999997797,0.0,0.6800000000000139,0.10000000000010001,0.0,159,55,0.7429906542056075
SHORT_2.5_004,2.5,SHORT,2024-01-15T14:44:00.000000000Z,london,monday,1.9999999999997797,0.8000000000008001,0.6599999999998829,0.17500000000003624,0.12121212121226393,160,54,0.7476635514018691
SHORT_2.5_004,2.5,SHORT,2024-01-15T14:45:00.000000000Z,london,monday,1.9999999999997797,1.9999999999997797,0.560000000000116,0.20000000000020002,0.35714285714274385,161,53,0.7523364485981309
SHORT_2.5_004,2.5,SHORT,2024-01-15T14:46:00.000000000Z,london,monday,1.9999999999997797,-0.8000000000008001,0.560000000000116,0.49999999999994493,0.14285714285725615,162,52,0.7570093457943925
SHORT_2.5_004,2.5,SHORT,2024-01-15T14:47:00.000000000Z,london,monday,1.9999999999997797,1.1999999999989797,0.48000000000003595,0.6000000000000449,0.2499999999997687,163,51,0.7616822429906542
SHORT_2.5_004,2.5,SHORT,2024-01-15T14:48:00.000000000Z,london,monday,1.40000000000029,0.30000000000196536,0.3900000000003345,0.5750000000004363,0.07692307692351488,164,50,0.7663551401869159
SHORT_2.5_004,2.5,SHORT,2024-01-15T14:49:00.000000000Z,london,monday,1.500000000000945,-1.500000000000945,0.3900000000003345,0.7750000000006363,0.38461538461529704,165,49,0.7710280373831776
SHORT_2.5_004,2.5,SHORT,2024-01-15T14:50:00.000000000Z,london,monday,2.100000000000435,-2.100000000000435,0.4500000000002835,0.5750000000004363,0.4666666666664693,166,48,0.7757009345794392
SHORT_2.5_004,2.5,SHORT,2024-01-15T14:51:00.000000000Z,london,monday,2.100000000000435,-1.9999999999997797,0.460000000000349,0.4500000000007276,0.4347826086952744,167,47,0.780373831775701
SHORT_2.5_004,2.5,SHORT,2024-01-15T14:52:00.000000000Z,london,monday,2.20000000000109,-1.9999999999997797,0.460000000000349,0.4500000000007276,0.4347826086952744,168,46,0.7850467289719626
SHORT_2.5_004,2.5,SHORT,2024-01-15T14:53:00.000000000Z,london,monday,2.20000000000109,-1.5999999999993797,0.46000000000057106,0.27500000000069136,0.34782608695595507,169,45,0.7897196261682243
SHORT_2.5_004,2.5,SHORT,2024-01-15T14:54:00.000000000Z,london,monday,2.20000000000109,-2.100000000000435,0.4500000000007276,0.17500000000114646,0.46666666666600876,170,44,0.794392523364486
SHORT_2.5_004,2.5,SHORT,2024-01-15T14:55:00.000000000Z,london,monday,2.20000000000109,-1.40000000000029,0.5200000000007421,0.3500000000011827,0.26923076923044076,171,43,0.7990654205607477
SHORT_2.5_004,2.5,SHORT,2024-01-15T14:56:00.000000000Z,london,monday,1.7000000000000348,0.8999999999992347,0.4700000000006366,0.5250000000006638,0.1914893617017055,172,42,0.8037383177570093
SHORT_2.5_004,2.5,SHORT,2024-01-15T14:57:00.000000000Z,london,monday,2.80000000000058,1.40000000000029,0.5200000000007421,0.7500000000004725,0.26923076923044076,173,41,0.8084112149532711
SHORT_2.5_004,2.5,SHORT,2024-01-15T14:58:00.000000000Z,london,monday,2.80000000000058,0.5999999999994898,0.56000000000056,0.8500000000000174,0.10714285714265889,174,40,0.8130841121495327
SHORT_2.5_004,2.5,SHORT,2024-01-15T14:59:00.000000000Z,london,monday,2.80000000000058,1.900000000001345,0.5100000000004545,0.7499999999999174,0.37254901960777487,175,39,0.8177570093457944
SHORT_2.5_004,2.5,SHORT,2024-01-15T15:00:00.000000000Z,london,monday,3.4000000000000696,3.2999999999994145,0.5300000000003635,0.7249999999997536,0.6226415094334248,176,38,0.822429906542056
SHORT_2.5_004,2.5,SHORT,2024-01-15T15:01:00.000000000Z,london,monday,3.4000000000000696,1.1999999999989797,0.720000000000276,0.9499999999995623,0.16666666666646107,177,37,0.8271028037383178
SHORT_2.5_004,2.5,SHORT,2024-01-15T15:02:00.000000000Z,london,monday,3.4000000000000696,0.9999999999998899,0.740000000000185,0.8999999999997899,0.1351351351350865,178,36,0.8317757009345794
SHORT_2.5_004,2.5,SHORT,2024-01-15T15:03:00.000000000Z,london,monday,3.4000000000000696,1.4999999999987246,0.7900000000000684,0.9749999999997261,0.1898734177213411,179,35,0.8364485981308412
SHORT_2.5_004,2.5,SHORT,2024-01-15T15:04:00.000000000Z,london,monday,3.4000000000000696,2.9999999999996696,0.8999999999999009,1.0999999999999899,0.3333333333333333,180,34,0.8411214953271028
SHORT_2.5_004,2.5,SHORT,2024-01-15T15:05:00.000000000Z,london,monday,2.9999999999996696,2.9999999999996696,0.8999999999999009,0.800000000000245,0.3333333333333333,181,33,0.8457943925233645
SHORT_2.5_004,2.5,SHORT,2024-01-15T15:06:00.000000000Z,london,monday,2.80000000000058,1.9999999999997797,0.8200000000000429,0.7250000000003087,0.2439024390243506,182,32,0.8504672897196262
SHORT_2.5_004,2.5,SHORT,2024-01-15T15:07:00.000000000Z,london,monday,3.60000000000138,1.80000000000069,0.8000000000001339,0.7750000000006363,0.22500000000004858,183,31,0.8551401869158879
SHORT_2.5_004,2.5,SHORT,2024-01-15T15:08:00.000000000Z,london,monday,3.60000000000138,1.4999999999987246,0.8300000000003305,0.6750000000010914,0.18072289156603943,184,30,0.8598130841121495
SHORT_2.5_004,2.5,SHORT,2024-01-15T15:09:00.000000000Z,london,monday,3.60000000000138,0.8999999999992347,0.8100000000001994,0.5250000000006638,0.11111111111098927,185,29,0.8644859813084113
SHORT_2.5_004,2.5,SHORT,2024-01-15T15:10:00.000000000Z,london,monday,3.60000000000138,-0.700000000000145,0.8100000000004215,0.7000000000007001,0.08641975308639267,186,28,0.8691588785046729
SHORT_2.5_004,2.5,SHORT,2024-01-15T15:11:00.000000000Z,london,monday,3.60000000000138,-0.40000000000040004,0.780000000000447,0.900000000000345,0.05128205128207318,187,27,0.8738317757009346
SHORT_2.5_004,2.5,SHORT,2024-01-15T15:12:00.000000000Z,london,monday,6.200000000000649,-2.5999999999992696,1.000000000000334,1.3249999999997986,0.25999999999984014,188,26,0.8785046728971962
SHORT_2.5_004,2.5,SHORT,2024-01-15T15:13:00.000000000Z,london,monday,6.200000000000649,-1.4999999999987246,1.1100000000003885,1.7250000000001986,0.13513513513497294,189,25,0.883177570093458
SHORT_2.5_004,2.5,SHORT,2024-01-15T15:14:00.000000000Z,london,monday,6.200000000000649,-2.6999999999999247,0.9900000000002684,1.5499999999996072,0.27272727272719116,190,24,0.8878504672897196
SHORT_2.5_004,2.5,SHORT,2024-01-15T15:15:00.000000000Z,london,monday,6.200000000000649,-2.6999999999999247,0.9900000000002684,1.3249999999997986,0.27272727272719116,191,23,0.8925233644859814
SHORT_2.5_004,2.5,SHORT,2024-01-15T15:16:00.000000000Z,london,monday,6.200000000000649,-2.0999999999982144,1.0300000000003084,0.800000000000245,0.20388349514539666,192,22,0.897196261682243
SHORT_2.5_004,2.5,SHORT,2024-01-15T15:17:00.000000000Z,london,monday,6.200000000000649,-4.00000000000178,1.040000000000374,0.6000000000006,0.38461538461541744,193,21,0.9018691588785047
SHORT_2.5_004,2.5,SHORT,2024-01-15T15:18:00.000000000Z,london,monday,5.299999999999194,-3.2999999999994145,0.9700000000001374,0.6250000000007638,0.34020618556690174,194,20,0.9065420560747663
SHORT_2.5_004,2.5,SHORT,2024-01-15T15:19:00.000000000Z,london,monday,5.1000000000001044,-3.1000000000003247,0.9500000000002284,0.4250000000005638,0.32631578947363993,195,19,0.9112149532710281
SHORT_2.5_004,2.5,SHORT,2024-01-15T15:20:00.000000000Z,london,monday,4.299999999999304,-2.5999999999992696,0.9000000000001229,0.37500000000023626,0.2888888888887683,196,18,0.9158878504672897
SHORT_2.5_004,2.5,SHORT,2024-01-15T15:21:00.000000000Z,london,monday,3.20000000000098,-0.7999999999985796,0.740000000000185,0.14999999999987246,0.10810810810788915,197,17,0.9205607476635514
SHORT_2.5_004,2.5,SHORT,2024-01-15T15:22:00.000000000Z,london,monday,3.9999999999995595,3.9999999999995595,0.700000000000145,0.6499999999998174,0.5714285714283902,198,16,0.9252336448598131
SHORT_2.5_004,2.5,SHORT,2024-01-15T15:23:00.000000000Z,london,monday,2.2999999999995246,0.3999999999981796,0.700000000000145,1.0999999999999899,0.057142857142585254,199,15,0.9299065420560748
SHORT_2.5_004,2.5,SHORT,2024-01-15T15:24:00.000000000Z,london,monday,2.500000000000835,2.300000000001745,0.8900000000005015,1.5250000000005537,0.2584269662921853,200,14,0.9345794392523364
SHORT_2.5_004,2.5,SHORT,2024-01-15T15:25:00.000000000Z,london,monday,5.1000000000001044,4.100000000000215,1.0700000000003485,2.1500000000002073,0.38317757009335324,201,13,0.9392523364485982
SHORT_2.5_004,2.5,SHORT,2024-01-15T15:26:00.000000000Z,london,monday,5.699999999999594,4.199999999998649,1.080000000000192,1.7500000000003624,0.3888888888886947,202,12,0.9439252336448598
SHORT_2.5_004,2.5,SHORT,2024-01-15T15:27:00.000000000Z,london,monday,5.699999999999594,3.4000000000000696,1.1600000000000499,1.7500000000003624,0.2931034482758555,203,11,0.9485981308411215
SHORT_2.5_004,2.5,SHORT,2024-01-15T15:28:00.000000000Z,london,monday,5.699999999999594,3.20000000000098,1.1799999999999589,1.3499999999994072,0.2711864406780586,204,10,0.9532710280373832
SHORT_2.5_004,2.5,SHORT,2024-01-15T15:29:00.000000000Z,london,monday,5.699999999999594,4.100000000000215,1.2699999999998823,0.9249999999993985,0.32283464566933817,205,9,0.9579439252336449
SHORT_2.5_004,2.5,SHORT,2024-01-15T15:30:00.000000000Z,london,monday,5.699999999999594,2.100000000000435,1.4699999999998603,1.3499999999994072,0.142857142857186,206,8,0.9626168224299065
SHORT_2.5_004,2.5,SHORT,2024-01-15T15:31:00.000000000Z,london,monday,5.599999999998939,1.40000000000029,1.5199999999997438,1.0499999999991072,0.09210526315792933,207,7,0.9672897196261683
SHORT_2.5_004,2.5,SHORT,2024-01-15T15:32:00.000000000Z,london,monday,5.20000000000076,-0.9999999999998899,1.3199999999999878,0.9999999999998899,0.07575757575756811,208,6,0.9719626168224299
SHORT_2.5_004,2.5,SHORT,2024-01-15T15:33:00.000000000Z,london,monday,5.20000000000076,0.30000000000196536,1.1899999999998023,0.8999999999997899,0.02521008403378279,209,5,0.9766355140186916
SHORT_2.5_004,2.5,SHORT,2024-01-15T15:34:00.000000000Z,london,monday,5.20000000000076,-2.000000000002,1.0199999999997988,0.40000000000040004,0.19607843137278377,210,4,0.9813084112149533
SHORT_2.5_004,2.5,SHORT,2024-01-15T15:35:00.000000000Z,london,monday,5.699999999999594,-5.1000000000001044,0.8099999999997554,0.37500000000023626,0.6296296296298327,211,3,0.985981308411215
SHORT_2.5_004,2.5,SHORT,2024-01-15T15:36:00.000000000Z,london,monday,6.599999999998829,-6.599999999998829,0.8399999999997299,0.5499999999997174,0.785714285714399,212,2,0.9906542056074766
SHORT_2.5_004,2.5,SHORT,2024-01-15T15:37:00.000000000Z,london,monday,6.6000000000010495,-6.099999999999994,0.7899999999998464,0.7500000000004725,0.7721518987343267,213,1,0.9953271028037384
SHORT_2.5_004,2.5,SHORT,2024-01-15T15:38:00.000000000Z,london,monday,6.900000000000794,-6.00000000000156,0.7800000000000029,0.7499999999999174,0.7692307692309663,214,0,1.0
SHORT_2.5_005,2.5,SHORT,2024-01-15T15:57:00.000000000Z,london,monday,7.900000000000684,7.900000000000684,0.8700000000001484,0.6000000000006,0.908045977011418,0,60,0.0
SHORT_2.5_005,2.5,SHORT,2024-01-15T15:58:00.000000000Z,london,monday,7.399999999999629,7.399999999999629,0.8200000000000429,0.6000000000006,0.9024390243901514,1,59,0.016666666666666666
SHORT_2.5_005,2.5,SHORT,2024-01-15T15:59:00.000000000Z,london,monday,6.399999999999739,5.399999999999849,0.8200000000000429,0.800000000000245,0.6585365853658008,2,58,0.03333333333333333
SHORT_2.5_005,2.5,SHORT,2024-01-15T16:00:00.000000000Z,other,monday,3.9999999999995595,3.9999999999995595,0.6800000000000139,0.9749999999997261,0.5882352941175703,3,57,0.05
SHORT_2.5_005,2.5,SHORT,2024-01-15T16:01:00.000000000Z,other,monday,3.6999999999998145,3.6999999999998145,0.6500000000000394,0.6749999999994261,0.5692307692307061,4,56,0.06666666666666667
SHORT_2.5_005,2.5,SHORT,2024-01-15T16:02:00.000000000Z,other,monday,3.6999999999998145,3.300000000001635,0.6899999999998574,0.6249999999990985,0.4782608695655532,5,55,0.08333333333333333
SHORT_2.5_005,2.5,SHORT,2024-01-15T16:03:00.000000000Z,other,monday,2.2999999999995246,0.8000000000008001,0.6599999999998829,0.6499999999992623,0.12121212121226393,6,54,0.1
SHORT_2.5_005,2.5,SHORT,2024-01-15T16:04:00.000000000Z,other,monday,2.4999999999986144,-0.7999999999985796,0.6999999999999229,0.6249999999996536,0.11428571428552396,7,53,0.11666666666666667
SHORT_2.5_005,2.5,SHORT,2024-01-15T16:05:00.000000000Z,other,monday,2.4999999999986144,-0.5999999999994898,0.7199999999998319,0.7249999999997536,0.08333333333328194,8,52,0.13333333333333333
SHORT_2.5_005,2.5,SHORT,2024-01-15T16:06:00.000000000Z,other,monday,2.4999999999986144,0.10000000000065512,0.7099999999997664,0.700000000000145,0.014084507042350427,9,51,0.15
SHORT_2.5_005,2.5,SHORT,2024-01-15T16:07:00.000000000Z,other,monday,2.4999999999986144,-1.2000000000012,0.5999999999997119,0.4500000000001725,0.20000000000029605,10,50,0.16666666666666666
SHORT_2.5_005,2.5,SHORT,2024-01-15T16:08:00.000000000Z,other,monday,2.4999999999986144,-1.900000000001345,0.5499999999998284,0.2250000000003638,0.3454545454548978,11,49,0.18333333333333332
SHORT_2.5_005,2.5,SHORT,2024-01-15T16:09:00.000000000Z,other,monday,2.4999999999986144,-0.8000000000008001,0.45999999999990493,0.15000000000042757,0.17391304347847075,12,48,0.2
SHORT_2.5_005,2.5,SHORT,2024-01-15T16:10:00.000000000Z,other,monday,2.4999999999986144,-1.1999999999989797,0.42000000000008697,0.2500000000005276,0.2857142857139836,13,47,0.21666666666666667
SHORT_2.5_005,2.5,SHORT,2024-01-15T16:11:00.000000000Z,other,monday,2.4999999999986144,-2.0999999999982144,0.5100000000000104,0.4500000000001725,0.4117647058819944,14,46,0.23333333333333334
SHORT_2.5_005,2.5,SHORT,2024-01-15T16:12:00.000000000Z,other,monday,2.100000000000435,-1.6000000000016001,0.48000000000003595,0.4499999999996174,0.33333333333364173,15,45,0.25
SHORT_2.5_005,2.5,SHORT,2024-01-15T16:13:00.000000000Z,other,monday,1.8999999999991246,-1.5999999999993797,0.4799999999998139,0.6999999999990347,0.3333333333333333,16,44,0.26666666666666666
SHORT_2.5_005,2.5,SHORT,2024-01-15T16:14:00.000000000Z,other,monday,1.8999999999991246,0.40000000000040004,0.4799999999998139,0.774999999998971,0.08333333333344899,17,43,0.2833333333333333
SHORT_2.5_005,2.5,SHORT,2024-01-15T16:15:00.000000000Z,other,monday,1.8999999999991246,0.7999999999985796,0.5199999999996319,0.7499999999988072,0.15384615384598962,18,42,0.3
SHORT_2.5_005,2.5,SHORT,2024-01-15T16:16:00.000000000Z,other,monday,1.8999999999991246,-0.5999999999994898,0.5999999999994898,0.9999999999987796,0.1,19,41,0.31666666666666665
SHORT_2.5_005,2.5,SHORT,2024-01-15T16:17:00.000000000Z,other,monday,1.8999999999991246,0.1999999999990898,0.6599999999992168,0.8999999999986796,0.030303030302928354,20,40,0.3333333333333333
SHORT_2.5_005,2.5,SHORT,2024-01-15T16:18:00.000000000Z,other,monday,1.8999999999991246,-0.700000000000145,0.7499999999991402,0.8999999999986796,0.09333333333345965,21,39,0.35
SHORT_2.5_005,2.5,SHORT,2024-01-15T16:19:00.000000000Z,other,monday,2.2999999999995246,-1.5999999999993797,0.8199999999989327,0.8999999999986796,0.19512195121969053,22,38,0.36666666666666664
SHORT_2.5_005,2.5,SHORT,2024-01-15T16:20:00.000000000Z,other,monday,2.2999999999995246,-2.2999999999995246,0.7499999999989182,0.6249999999990985,0.3066666666670456,23,37,0.38333333333333336
SHORT_2.5_005,2.5,SHORT,2024-01-15T16:21:00.000000000Z,other,monday,2.1999999999988695,-0.700000000000145,0.7299999999990092,0.6249999999996536,0.09589041095905411,24,36,0.4
SHORT_2.5_005,2.5,SHORT,2024-01-15T16:22:00.000000000Z,other,monday,2.1999999999988695,-0.4999999999988347,0.7499999999991402,0.4499999999996174,0.06666666666658772,25,35,0.4166666666666667
SHORT_2.5_005,2.5,SHORT,2024-01-15T16:23:00.000000000Z,other,monday,2.1999999999988695,1.7000000000000348,0.7499999999993623,0.5250000000001087,0.22666666666686405,26,34,0.43333333333333335
SHORT_2.5_005,2.5,SHORT,2024-01-15T16:24:00.000000000Z,other,monday,2.1999999999988695,0.1999999999990898,0.6999999999994788,0.6500000000003725,0.028571428571319814,27,33,0.45
SHORT_2.5_005,2.5,SHORT,2024-01-15T16:25:00.000000000Z,other,monday,2.1999999999988695,-0.700000000000145,0.6299999999996864,0.5000000000005,0.11111111111118943,28,32,0.4666666666666667
SHORT_2.5_005,2.5,SHORT,2024-01-15T16:26:00.000000000Z,other,monday,2.100000000000435,0.8999999999992347,0.5699999999999594,0.5500000000008276,0.15789473684198224,29,31,0.48333333333333334
SHORT_2.5_005,2.5,SHORT,2024-01-15T16:27:00.000000000Z,other,monday,4.3999999999999595,2.60000000000149,0.740000000000185,0.8750000000007363,0.3513513513514649,30,30,0.5
SHORT_2.5_005,2.5,SHORT,2024-01-15T16:28:00.000000000Z,other,monday,4.500000000000615,3.700000000002035,0.6500000000002615,0.7750000000006363,0.5692307692308534,31,29,0.5166666666666667
SHORT_2.5_005,2.5,SHORT,2024-01-15T16:29:00.000000000Z,other,monday,5.1000000000001044,5.1000000000001044,0.6300000000003525,0.900000000000345,0.8095238095233731,32,28,0.5333333333333333
SHORT_2.5_005,2.5,SHORT,2024-01-15T16:30:00.000000000Z,other,monday,5.1000000000001044,4.500000000000615,0.6900000000003015,0.9249999999999536,0.6521739130432824,33,27,0.55
SHORT_2.5_005,2.5,SHORT,2024-01-15T16:31:00.000000000Z,other,monday,4.3999999999999595,2.4999999999986144,0.7500000000004725,0.6500000000003725,0.3333333333329386,34,26,0.5666666666666667
SHORT_2.5_005,2.5,SHORT,2024-01-15T16:32:00.000000000Z,other,monday,4.100000000000215,0.7999999999985796,0.860000000000527,0.9750000000002812,0.09302325581373132,35,25,0.5833333333333334
SHORT_2.5_005,2.5,SHORT,2024-01-15T16:33:00.000000000Z,other,monday,3.60000000000138,0.2999999999997449,0.8100000000006435,0.9750000000008363,0.03703703703697612,36,24,0.6
SHORT_2.5_005,2.5,SHORT,2024-01-15T16:34:00.000000000Z,other,monday,3.60000000000138,1.80000000000069,0.860000000000527,1.0750000000009363,0.20930232558134731,37,23,0.6166666666666667
SHORT_2.5_005,2.5,SHORT,2024-01-15T16:35:00.000000000Z,other,monday,3.60000000000138,0.2999999999997449,1.0100000000006215,1.1500000000008725,0.02970297029698617,38,22,0.6333333333333333
SHORT_2.5_005,2.5,SHORT,2024-01-15T16:36:00.000000000Z,other,monday,3.300000000001635,0.1999999999990898,1.000000000000556,0.9000000000009001,0.01999999999989786,39,21,0.65
SHORT_2.5_005,2.5,SHORT,2024-01-15T16:37:00.000000000Z,other,monday,3.300000000001635,-2.20000000000109,0.760000000000538,0.7500000000004725,0.2894736842104648,40,20,0.6666666666666666
SHORT_2.5_005,2.5,SHORT,2024-01-15T16:38:00.000000000Z,other,monday,3.300000000001635,-2.100000000000435,0.7700000000006035,0.5500000000008276,0.27272727272711544,41,19,0.6833333333333333
SHORT_2.5_005,2.5,SHORT,2024-01-15T16:39:00.000000000Z,other,monday,3.300000000001635,-3.300000000001635,0.7700000000008256,0.30000000000085514,0.4285714285711814,42,18,0.7
SHORT_2.5_005,2.5,SHORT,2024-01-15T16:40:00.000000000Z,other,monday,3.1000000000003247,-3.1000000000003247,0.7500000000006946,0.3000000000003,0.4133333333329938,43,17,0.7166666666666667
SHORT_2.5_005,2.5,SHORT,2024-01-15T16:41:00.000000000Z,other,monday,1.9999999999997797,-1.7999999999984695,0.620000000000509,0.3000000000003,0.2903225806446761,44,16,0.7333333333333333
SHORT_2.5_005,2.5,SHORT,2024-01-15T16:42:00.000000000Z,other,monday,2.500000000000835,-0.8999999999992347,0.5300000000005856,0.37500000000023626,0.169811320754385,45,15,0.75
SHORT_2.5_005,2.5,SHORT,2024-01-15T16:43:00.000000000Z,other,monday,3.300000000001635,-2.300000000001745,0.5500000000004945,0.4250000000000087,0.4181818181817595,46,14,0.7666666666666667
SHORT_2.5_005,2.5,SHORT,2024-01-15T16:44:00.000000000Z,other,monday,3.300000000001635,-3.20000000000098,0.46000000000057106,0.3500000000006276,0.6956521739123929,47,13,0.7833333333333333
SHORT_2.5_005,2.5,SHORT,2024-01-15T16:45:00.000000000Z,other,monday,2.300000000001745,-1.3999999999980695,0.3200000000005421,0.40000000000095515,0.4374999999986556,48,12,0.8
SHORT_2.5_005,2.5,SHORT,2024-01-15T16:46:00.000000000Z,other,monday,2.300000000001745,-0.4999999999988347,0.41000000000046555,0.6000000000006,0.12195121951177243,49,11,0.8166666666666667
SHORT_2.5_005,2.5,SHORT,2024-01-15T16:47:00.000000000Z,other,monday,2.300000000001745,-0.4999999999988347,0.41000000000046555,0.40000000000040004,0.12195121951177243,50,10,0.8333333333333334
SHORT_2.5_005,2.5,SHORT,2024-01-15T16:48:00.000000000Z,other,monday,2.700000000002145,0.40000000000040004,0.500000000000389,0.6500000000003725,0.08000000000001777,51,9,0.85
SHORT_2.5_005,2.5,SHORT,2024-01-15T16:49:00.000000000Z,other,monday,2.700000000002145,0.6000000000017103,0.480000000000258,0.700000000000145,0.12500000000028913,52,8,0.8666666666666667
SHORT_2.5_005,2.5,SHORT,2024-01-15T16:50:00.000000000Z,other,monday,2.700000000002145,0.2999999999997449,0.5100000000004545,0.5500000000002725,0.058823529411662266,53,7,0.8833333333333333
SHORT_2.5_005,2.5,SHORT,2024-01-15T16:51:00.000000000Z,other,monday,2.700000000002145,0.1999999999990898,0.52000000000052,0.5750000000004363,0.038461538461324954,54,6,0.9
SHORT_2.5_005,2.5,SHORT,2024-01-15T16:52:00.000000000Z,other,monday,2.700000000002145,0.8000000000008001,0.48000000000048004,0.3250000000004638,0.16666666666666666,55,5,0.9166666666666666
SHORT_2.5_005,2.5,SHORT,2024-01-15T16:53:00.000000000Z,other,monday,2.700000000002145,0.8000000000008001,0.48000000000048004,0.4250000000005638,0.16666666666666666,56,4,0.9333333333333333
SHORT_2.5_005,2.5,SHORT,2024-01-15T16:54:00.000000000Z,other,monday,2.60000000000149,0.700000000000145,0.47000000000041453,0.2500000000005276,0.14893617021266545,57,3,0.95
SHORT_2.5_005,2.5,SHORT,2024-01-15T16:55:00.000000000Z,other,monday,2.60000000000149,-0.20000000000131024,0.520000000000298,0.40000000000040004,0.03846153846176839,58,2,0.9666666666666667
SHORT_2.5_005,2.5,SHORT,2024-01-15T16:56:00.000000000Z,other,monday,2.60000000000149,-1.2999999999996348,0.41000000000046555,0.4250000000005638,0.31707317073125824,59,1,0.9833333333333333
SHORT_2.5_005,2.5,SHORT,2024-01-15T16:57:00.000000000Z,other,monday,3.1000000000003247,-1.9999999999997797,0.48000000000048004,0.40000000000040004,0.41666666666620406,60,0,1.0
LONG_3.5_001,3.5,LONG,2024-01-15T08:00:00.000000000Z,london,monday,0.0,0.0,0.0,0.0,0.0,0,24,0.0
LONG_3.5_001,3.5,LONG,2024-01-15T08:01:00.000000000Z,london,monday,0.1999999999990898,0.1999999999990898,0.1999999999990898,0.1999999999990898,1.0,1,23,0.041666666666666664
LONG_3.5_001,3.5,LONG,2024-01-15T08:02:00.000000000Z,london,monday,1.40000000000029,1.40000000000029,0.700000000000145,0.700000000000145,1.0,2,22,0.08333333333333333
LONG_3.5_001,3.5,LONG,2024-01-15T08:03:00.000000000Z,london,monday,3.4000000000000696,3.4000000000000696,1.1333333333333566,1.1333333333333566,1.0,3,21,0.125
LONG_3.5_001,3.5,LONG,2024-01-15T08:04:00.000000000Z,london,monday,3.4000000000000696,2.80000000000058,0.9999999999998899,0.9999999999998899,0.700000000000222,4,20,0.16666666666666666
LONG_3.5_001,3.5,LONG,2024-01-15T08:05:00.000000000Z,london,monday,3.4000000000000696,3.2999999999994145,0.8999999999996788,1.074999999999826,0.733333333333465,5,19,0.20833333333333334
LONG_3.5_001,3.5,LONG,2024-01-15T08:06:00.000000000Z,london,monday,3.4000000000000696,2.500000000000835,0.8833333333328289,0.974999999999171,0.471698113207974,6,18,0.25
LONG_3.5_001,3.5,LONG,2024-01-15T08:07:00.000000000Z,london,monday,3.4000000000000696,1.100000000000545,0.9571428571424663,0.8249999999992985,0.16417910447776032,7,17,0.2916666666666667
LONG_3.5_001,3.5,LONG,2024-01-15T08:08:00.000000000Z,london,monday,3.4000000000000696,3.1000000000003247,1.0874999999996304,1.174999999999371,0.3563218390806182,8,16,0.3333333333333333
LONG_3.5_001,3.5,LONG,2024-01-15T08:09:00.000000000Z,london,monday,5.20000000000076,5.20000000000076,1.1999999999997197,1.574999999999771,0.48148148148166425,9,15,0.375
LONG_3.5_001,3.5,LONG,2024-01-15T08:10:00.000000000Z,london,monday,5.20000000000076,5.20000000000076,1.0799999999997478,1.3750000000001261,0.48148148148166425,10,14,0.4166666666666667
LONG_3.5_001,3.5,LONG,2024-01-15T08:11:00.000000000Z,london,monday,6.40000000000196,6.40000000000196,1.1999999999998678,1.3750000000001261,0.5333333333335554,11,13,0.4583333333333333
LONG_3.5_001,3.5,LONG,2024-01-15T08:12:00.000000000Z,london,monday,5.5000000000005045,3.1000000000003247,1.2899999999997913,1.40000000000029,0.2403100775194439,12,12,0.5
LONG_3.5_001,3.5,LONG,2024-01-15T08:13:00.000000000Z,london,monday,5.5000000000005045,0.9999999999998899,1.0999999999998789,0.900000000000345,0.09090909090909091,13,11,0.5416666666666666
LONG_3.5_001,3.5,LONG,2024-01-15T08:14:00.000000000Z,london,monday,5.5000000000005045,3.4000000000000696,1.2199999999999989,1.3500000000005175,0.2786885245901699,14,10,0.5833333333333334
LONG_3.5_001,3.5,LONG,2024-01-15T08:15:00.000000000Z,london,monday,5.5000000000005045,3.300000000001635,1.2100000000001554,1.100000000000545,0.27272727272737285,15,9,0.625
LONG_3.5_001,3.5,LONG,2024-01-15T08:16:00.000000000Z,london,monday,5.5000000000005045,0.7999999999985796,1.460000000000461,1.400000000000845,0.05479452054783062,16,8,0.6666666666666666
LONG_3.5_001,3.5,LONG,2024-01-15T08:17:00.000000000Z,london,monday,5.5000000000005045,3.1000000000003247,1.4100000000005775,1.600000000001045,0.21985815602830178,17,7,0.7083333333333334
LONG_3.5_001,3.5,LONG,2024-01-15T08:18:00.000000000Z,london,monday,3.5000000000007248,0.8999999999992347,1.2300000000007305,1.2000000000012,0.0731707317072114,18,6,0.75
LONG_3.5_001,3.5,LONG,2024-01-15T08:19:00.000000000Z,london,monday,3.300000000001635,-0.9999999999998899,1.040000000000818,1.1500000000014277,0.09615384615375994,19,5,0.7916666666666666
LONG_3.5_001,3.5,LONG,2024-01-15T08:20:00.000000000Z,london,monday,3.300000000001635,-1.6000000000016001,1.100000000000989,0.4750000000014465,0.14545454545456013,20,4,0.8333333333333334
LONG_3.5_001,3.5,LONG,2024-01-15T08:21:00.000000000Z,london,monday,3.300000000001635,-1.900000000001345,1.0700000000010146,0.5250000000012189,0.17757009345790126,21,3,0.875
LONG_3.5_001,3.5,LONG,2024-01-15T08:22:00.000000000Z,london,monday,3.300000000001635,-0.700000000000145,0.9500000000008946,0.7000000000007001,0.07368421052626166,22,2,0.9166666666666666
LONG_3.5_001,3.5,LONG,2024-01-15T08:23:00.000000000Z,london,monday,3.300000000001635,0.10000000000065512,1.0100000000008436,0.8250000000004087,0.009900990099066495,23,1,0.9583333333333334
LONG_3.5_001,3.5,LONG,2024-01-15T08:24:00.000000000Z,london,monday,3.5000000000007248,0.5999999999994898,1.060000000000727,1.2499999999998623,0.05660377358481871,24,0,1.0
LONG_3.5_002,3.5,LONG,2024-01-15T09:18:00.000000000Z,london,monday,3.4000000000000696,-1.9999999999997797,0.6800000000000139,0.6749999999999812,0.2941176470587851,0,12,0.0
LONG_3.5_002,3.5,LONG,2024-01-15T09:19:00.000000000Z,london,monday,3.4000000000000696,-1.5999999999993797,0.7200000000000539,0.7499999999999174,0.22222222222211943,1,11,0.08333333333333333
LONG_3.5_002,3.5,LONG,2024-01-15T09:20:00.000000000Z,london,monday,3.4000000000000696,-2.100000000000435,0.7299999999998974,0.5749999999998812,0.28767123287681234,2,10,0.16666666666666666
LONG_3.5_002,3.5,LONG,2024-01-15T09:21:00.000000000Z,london,monday,3.4000000000000696,-0.700000000000145,0.8699999999999264,0.8750000000001812,0.080459770114966,3,9,0.25
LONG_3.5_002,3.5,LONG,2024-01-15T09:22:00.000000000Z,london,monday,3.4000000000000696,-1.100000000000545,0.8500000000000174,0.7750000000000812,0.12941176470594382,4,8,0.3333333333333333
LONG_3.5_002,3.5,LONG,2024-01-15T09:23:00.000000000Z,london,monday,2.6999999999999247,0.10000000000065512,0.7299999999998974,0.6499999999998174,0.013698630137077969,5,7,0.4166666666666667
LONG_3.5_002,3.5,LONG,2024-01-15T09:24:00.000000000Z,london,monday,2.6999999999999247,-1.100000000000545,0.6500000000000394,0.6250000000002087,0.16923076923084282,6,6,0.5
LONG_3.5_002,3.5,LONG,2024-01-15T09:25:00.000000000Z,london,monday,2.4000000000001798,-1.1999999999989797,0.6599999999998829,0.3999999999998449,0.18181818181805948,7,5,0.5833333333333334
LONG_3.5_002,3.5,LONG,2024-01-15T09:26:00.000000000Z,london,monday,2.4000000000001798,0.9999999999998899,0.6799999999997919,0.6749999999994261,0.14705882352944058,8,4,0.6666666666666666
LONG_3.5_002,3.5,LONG,2024-01-15T09:27:00.000000000Z,london,monday,2.4000000000001798,1.4999999999987246,0.6299999999999084,0.5499999999997174,0.23809523809507027,9,3,0.75
LONG_3.5_002,3.5,LONG,2024-01-15T09:28:00.000000000Z,london,monday,2.4000000000001798,1.5999999999993797,0.6199999999998429,0.5999999999994898,0.2580645161289976,10,2,0.8333333333333334
LONG_3.5_002,3.5,LONG,2024-01-15T09:29:00.000000000Z,london,monday,1.7000000000000348,0.5000000000010552,0.5299999999996974,0.4249999999994536,0.09433962264176239,11,1,0.9166666666666666
LONG_3.5_002,3.5,LONG,2024-01-15T09:30:00.000000000Z,london,monday,2.80000000000058,2.80000000000058,0.6999999999997009,0.6249999999996536,0.40000000000025376,12,0,1.0
LONG_3.5_003,3.5,LONG,2024-01-15T09:47:00.000000000Z,london,monday,3.1999999999987594,-2.100000000000435,0.9499999999995623,1.1250000000001537,0.221052631579095,0,183,0.0
LONG_3.5_003,3.5,LONG,2024-01-15T09:48:00.000000000Z,london,monday,3.1999999999987594,0.09999999999843467,0.9099999999995223,1.0999999999999899,0.010989010988844744,1,182,0.00546448087431694
LONG_3.5_003,3.5,LONG,2024-01-15T09:49:00.000000000Z,london,monday,3.1999999999987594,-0.2999999999997449,0.8699999999997043,1.30000000000019,0.03448275862067205,2,181,0.01092896174863388
LONG_3.5_003,3.5,LONG,2024-01-15T09:50:00.000000000Z,london,monday,3.1999999999987594,-0.8999999999992347,0.9299999999996533,1.4499999999995072,0.09677419354834088,3,180,0.01639344262295082
LONG_3.5_003,3.5,LONG,2024-01-15T09:51:00.000000000Z,london,monday,3.1999999999987594,-2.8999999999990145,1.0299999999998644,1.2750000000000261,0.28155339805819385,4,179,0.02185792349726776
LONG_3.5_003,3.5,LONG,2024-01-15T09:52:00.000000000Z,london,monday,2.80000000000058,-2.100000000000435,1.0300000000000864,1.1500000000003174,0.20388349514565618,5,178,0.0273224043715847
LONG_3.5_003,3.5,LONG,2024-01-15T09:53:00.000000000Z,london,monday,2.6999999999999247,-1.2000000000012,1.060000000000061,0.8500000000000174,0.11320754716991803,6,177,0.03278688524590164
LONG_3.5_003,3.5,LONG,2024-01-15T09:54:00.000000000Z,london,monday,2.6999999999999247,0.1999999999990898,1.000000000000112,0.7250000000003087,0.01999999999990674,7,176,0.03825136612021858
LONG_3.5_003,3.5,LONG,2024-01-15T09:55:00.000000000Z,london,monday,3.6999999999998145,1.1999999999989797,1.100000000000101,0.8500000000000174,0.10909090909080632,8,175,0.04371584699453552
LONG_3.5_003,3.5,LONG,2024-01-15T09:56:00.000000000Z,london,monday,3.6999999999998145,1.3000000000018552,1.0899999999998133,0.7999999999996898,0.11926605504606219,9,174,0.04918032786885246
LONG_3.5_003,3.5,LONG,2024-01-15T09:57:00.000000000Z,london,monday,3.6999999999998145,2.500000000000835,0.9699999999999154,0.8999999999997899,0.25773195876299515,10,173,0.0546448087431694
LONG_3.5_003,3.5,LONG,2024-01-15T09:58:00.000000000Z,london,monday,3.4000000000000696,0.8000000000008001,0.9600000000000719,0.9999999999998899,0.08333333333341043,11,172,0.060109289617486336
LONG_3.5_003,3.5,LONG,2024-01-15T09:59:00.000000000Z,london,monday,3.4000000000000696,-0.1999999999990898,0.8600000000000829,0.700000000000145,0.02325581395338029,12,171,0.06557377049180328
LONG_3.5_003,3.5,LONG,2024-01-15T10:00:00.000000000Z,london,monday,3.8999999999989043,-1.9999999999997797,1.040000000000152,1.3250000000003537,0.19230769230764302,13,170,0.07103825136612021
LONG_3.5_003,3.5,LONG,2024-01-15T10:01:00.000000000Z,london,monday,3.8999999999989043,-0.4999999999988347,0.8900000000000574,1.0750000000003812,0.05617977528076432,14,169,0.07650273224043716
LONG_3.5_003,3.5,LONG,2024-01-15T10:02:00.000000000Z,london,monday,4.999999999999449,-1.9999999999997797,0.9600000000000719,1.1500000000003174,0.2083333333332948,15,168,0.08196721311475409
LONG_3.5_003,3.5,LONG,2024-01-15T10:03:00.000000000Z,london,monday,5.999999999999339,-3.5999999999991594,1.000000000000112,1.2000000000000899,0.35999999999987564,16,167,0.08743169398907104
LONG_3.5_003,3.5,LONG,2024-01-15T10:04:00.000000000Z,london,monday,7.500000000000284,-5.5000000000005045,1.1100000000001664,0.900000000000345,0.4954954954954667,17,166,0.09289617486338798
LONG_3.5_003,3.5,LONG,2024-01-15T10:05:00.000000000Z,london,monday,7.500000000000284,-6.999999999999229,0.960000000000294,1.0250000000006088,0.7291666666663631,18,165,0.09836065573770492
LONG_3.5_003,3.5,LONG,2024-01-15T10:06:00.000000000Z,london,monday,7.300000000001194,-6.099999999999994,1.0100000000003995,0.9250000000005087,0.6039603960393646,19,164,0.10382513661202186
LONG_3.5_003,3.5,LONG,2024-01-15T10:07:00.000000000Z,london,monday,6.300000000001305,-5.300000000001415,0.9300000000005415,0.7250000000008638,0.5698924731180999,20,163,0.1092896174863388
LONG_3.5_003,3.5,LONG,2024-01-15T10:08:00.000000000Z,london,monday,6.300000000001305,-4.60000000000127,0.860000000000527,0.37500000000079137,0.5348837209300524,21,162,0.11475409836065574
LONG_3.5_003,3.5,LONG,2024-01-15T10:09:00.000000000Z,london,monday,7.4000000000018495,-7.4000000000018495,0.980000000000425,0.7500000000004725,0.7551020408161878,22,161,0.12021857923497267
LONG_3.5_003,3.5,LONG,2024-01-15T10:10:00.000000000Z,london,monday,5.700000000001815,-5.700000000001815,0.8100000000004215,0.8250000000004087,0.7037037037035616,23,160,0.12568306010928962
LONG_3.5_003,3.5,LONG,2024-01-15T10:11:00.000000000Z,london,monday,5.700000000001815,-4.900000000001015,0.8900000000005015,0.9750000000002812,0.5505617977526127,24,159,0.13114754098360656
LONG_3.5_003,3.5,LONG,2024-01-15T10:12:00.000000000Z,london,monday,5.20000000000076,-5.20000000000076,0.920000000000476,1.30000000000019,0.565217391304138,25,158,0.1366120218579235
LONG_3.5_003,3.5,LONG,2024-01-15T10:13:00.000000000Z,london,monday,4.20000000000087,-3.9999999999995595,0.840000000000618,0.8500000000005725,0.4761904761900734,26,157,0.14207650273224043
LONG_3.5_003,3.5,LONG,2024-01-15T10:14:00.000000000Z,london,monday,3.900000000001125,-1.80000000000069,0.760000000000316,0.7750000000000812,0.2368421052631502,27,156,0.14754098360655737
LONG_3.5_003,3.5,LONG,2024-01-15T10:15:00.000000000Z,london,monday,4.500000000000615,-3.8000000000004697,0.8600000000000829,0.9499999999995623,0.44186046511629107,28,155,0.15300546448087432
LONG_3.5_003,3.5,LONG,2024-01-15T10:16:00.000000000Z,london,monday,4.700000000001925,-4.700000000001925,0.8100000000001994,0.6499999999998174,0.5802469135803416,29,154,0.15846994535519127
LONG_3.5_003,3.5,LONG,2024-01-15T10:17:00.000000000Z,london,monday,5.699999999999594,-5.699999999999594,0.9099999999999664,0.8999999999992347,0.6263736263736049,30,153,0.16393442622950818
LONG_3.5_003,3.5,LONG,2024-01-15T10:18:00.000000000Z,london,monday,7.299999999998974,-7.299999999998974,1.0699999999999044,1.1499999999997623,0.6822429906541707,31,152,0.16939890710382513
LONG_3.5_003,3.5,LONG,2024-01-15T10:19:00.000000000Z,london,monday,5.299999999999194,-4.3999999999999595,0.9599999999998499,0.9999999999998899,0.4583333333334008,32,151,0.17486338797814208
LONG_3.5_003,3.5,LONG,2024-01-15T10:20:00.000000000Z,london,monday,5.1000000000001044,-4.199999999998649,0.9399999999997188,1.1499999999992072,0.4468085106382878,33,150,0.18032786885245902
LONG_3.5_003,3.5,LONG,2024-01-15T10:21:00.000000000Z,london,monday,5.1000000000001044,-4.599999999999049,0.8999999999996788,0.9499999999995623,0.5111111111111879,34,149,0.18579234972677597
LONG_3.5_003,3.5,LONG,2024-01-15T10:22:00.000000000Z,london,monday,4.899999999998794,-3.9999999999995595,0.8399999999997299,0.7249999999997536,0.4761904761905769,35,148,0.1912568306010929
LONG_3.5_003,3.5,LONG,2024-01-15T10:23:00.000000000Z,london,monday,4.899999999998794,-3.8000000000004697,0.8599999999996388,0.6000000000000449,0.4418604651165193,36,147,0.19672131147540983
LONG_3.5_003,3.5,LONG,2024-01-15T10:24:00.000000000Z,london,monday,4.899999999998794,-3.9999999999995595,0.8399999999997299,0.5250000000001087,0.4761904761905769,37,146,0.20218579234972678
LONG_3.5_003,3.5,LONG,2024-01-15T10:25:00.000000000Z,london,monday,3.4000000000000696,-1.500000000000945,0.7899999999998464,0.6749999999999812,0.18987341772167554,38,145,0.20765027322404372
LONG_3.5_003,3.5,LONG,2024-01-15T10:26:00.000000000Z,london,monday,3.1999999999987594,-1.7999999999984695,0.8199999999995988,0.5999999999994898,0.21951219512187198,39,144,0.21311475409836064
LONG_3.5_003,3.5,LONG,2024-01-15T10:27:00.000000000Z,london,monday,1.9999999999997797,-0.5000000000010552,0.7099999999995443,0.5249999999989985,0.07042253521146141,40,143,0.2185792349726776
LONG_3.5_003,3.5,LONG,2024-01-15T10:28:00.000000000Z,london,monday,2.4000000000001798,2.100000000000435,0.6299999999996864,0.6249999999996536,0.3333333333335683,41,142,0.22404371584699453
LONG_3.5_003,3.5,LONG,2024-01-15T10:29:00.000000000Z,london,monday,2.4000000000001798,0.5000000000010552,0.6099999999997774,0.5499999999997174,0.08196721311495699,42,141,0.22950819672131148
LONG_3.5_003,3.5,LONG,2024-01-15T10:30:00.000000000Z,london,monday,4.599999999999049,4.199999999998649,0.8199999999998209,1.1499999999997623,0.5121951219511667,43,140,0.23497267759562843
LONG_3.5_003,3.5,LONG,2024-01-15T10:31:00.000000000Z,london,monday,4.599999999999049,2.5999999999992696,0.8999999999996788,1.4249999999998986,0.28888888888891084,44,139,0.24043715846994534
LONG_3.5_003,3.5,LONG,2024-01-15T10:32:00.000000000Z,london,monday,4.599999999999049,3.4000000000000696,0.8199999999995988,1.1999999999995348,0.4146341463416748,45,138,0.2459016393442623
LONG_3.5_003,3.5,LONG,2024-01-15T10:33:00.000000000Z,london,monday,4.199999999998649,3.5999999999991594,0.8399999999995078,1.174999999999371,0.42857142857157965,46,137,0.25136612021857924
LONG_3.5_003,3.5,LONG,2024-01-15T10:34:00.000000000Z,london,monday,3.6999999999998145,1.500000000000945,0.9499999999995623,0.8499999999994623,0.15789473684227748,47,136,0.2568306010928962
LONG_3.5_003,3.5,LONG,2024-01-15T10:35:00.000000000Z,london,monday,3.1999999999987594,-0.2999999999997449,0.9299999999996533,0.7499999999999174,0.03225806451611363,48,135,0.26229508196721313
LONG_3.5_003,3.5,LONG,2024-01-15T10:36:00.000000000Z,london,monday,3.1999999999987594,0.1999999999990898,0.8799999999997699,0.7499999999999174,0.02272727272717524,49,134,0.2677595628415301
LONG_3.5_003,3.5,LONG,2024-01-15T10:37:00.000000000Z,london,monday,3.1000000000003247,0.9000000000014552,0.9500000000000064,0.800000000000245,0.09473684210541569,50,133,0.273224043715847
LONG_3.5_003,3.5,LONG,2024-01-15T10:38:00.000000000Z,london,monday,2.9999999999996696,0.0,0.8599999999998609,0.40000000000040004,0.0,51,132,0.2786885245901639
LONG_3.5_003,3.5,LONG,2024-01-15T10:39:00.000000000Z,london,monday,2.9999999999996696,1.7000000000000348,0.8899999999998354,0.4500000000001725,0.19101123595509542,52,131,0.28415300546448086
LONG_3.5_003,3.5,LONG,2024-01-15T10:40:00.000000000Z,london,monday,2.9999999999996696,-1.7000000000000348,0.6500000000000394,0.5750000000004363,0.261538461538451,53,130,0.2896174863387978
LONG_3.5_003,3.5,LONG,2024-01-15T10:41:00.000000000Z,london,monday,2.4000000000001798,-0.5999999999994898,0.5399999999999849,0.3999999999998449,0.11111111111101973,54,129,0.29508196721311475
LONG_3.5_003,3.5,LONG,2024-01-15T10:42:00.000000000Z,london,monday,2.4000000000001798,-0.20000000000131024,0.5799999999998029,0.4999999999993898,0.03448275862092728,55,128,0.3005464480874317
LONG_3.5_003,3.5,LONG,2024-01-15T10:43:00.000000000Z,london,monday,2.4000000000001798,-1.9999999999997797,0.6399999999997519,0.5499999999991623,0.31250000000008676,56,127,0.30601092896174864
LONG_3.5_003,3.5,LONG,2024-01-15T10:44:00.000000000Z,london,monday,1.80000000000069,0.10000000000065512,0.5299999999999194,0.5499999999991623,0.01886792452842836,57,126,0.3114754098360656
LONG_3.5_003,3.5,LONG,2024-01-15T10:45:00.000000000Z,london,monday,1.80000000000069,0.9000000000014552,0.4499999999998394,0.5249999999995536,0.20000000000039475,58,125,0.31693989071038253
LONG_3.5_003,3.5,LONG,2024-01-15T10:46:00.000000000Z,london,monday,1.900000000001345,-0.10000000000065512,0.5500000000000504,0.6750000000005363,0.018181818181935625,59,124,0.3224043715846995
LONG_3.5_003,3.5,LONG,2024-01-15T10:47:00.000000000Z,london,monday,1.900000000001345,-0.9000000000014552,0.46999999999997044,0.37500000000079137,0.19148936170244932,60,123,0.32786885245901637
LONG_3.5_003,3.5,LONG,2024-01-15T10:48:00.000000000Z,london,monday,1.900000000001345,-0.5999999999994898,0.500000000000167,0.3250000000010189,0.11999999999985789,61,122,0.3333333333333333
LONG_3.5_003,3.5,LONG,2024-01-15T10:49:00.000000000Z,london,monday,1.900000000001345,-0.8999999999992347,0.4700000000001925,0.5000000000010552,0.1914893617018864,62,121,0.33879781420765026
LONG_3.5_003,3.5,LONG,2024-01-15T10:50:00.000000000Z,london,monday,1.900000000001345,0.5000000000010552,0.5100000000000104,0.47500000000033626,0.0980392156864794,63,120,0.3442622950819672
LONG_3.5_003,3.5,LONG,2024-01-15T10:51:00.000000000Z,london,monday,4.00000000000178,2.6999999999999247,0.7100000000002105,1.000000000000445,0.3802816901407217,64,119,0.34972677595628415
LONG_3.5_003,3.5,LONG,2024-01-15T10:52:00.000000000Z,london,monday,4.00000000000178,1.40000000000029,0.760000000000538,1.1500000000003174,0.1842105263156972,65,118,0.3551912568306011
LONG_3.5_003,3.5,LONG,2024-01-15T10:53:00.000000000Z,london,monday,4.00000000000178,2.80000000000058,0.6600000000007711,1.0250000000006088,0.42424242424201647,66,117,0.36065573770491804
LONG_3.5_003,3.5,LONG,2024-01-15T10:54:00.000000000Z,london,monday,4.00000000000178,2.3999999999979593,0.620000000000509,0.8250000000004087,0.38709677419290145,67,116,0.366120218579235
LONG_3.5_003,3.5,LONG,2024-01-15T10:55:00.000000000Z,london,monday,4.40000000000218,3.4000000000000696,0.7200000000007201,0.5500000000008276,0.47222222222175964,68,115,0.37158469945355194
LONG_3.5_003,3.5,LONG,2024-01-15T10:56:00.000000000Z,london,monday,5.800000000000249,5.800000000000249,0.760000000000316,0.6749999999999812,0.7631578947365576,69,114,0.3770491803278688
LONG_3.5_003,3.5,LONG,2024-01-15T10:57:00.000000000Z,london,monday,5.9000000000009045,5.9000000000009045,0.7700000000003815,0.6499999999998174,0.766233766233504,70,113,0.3825136612021858
LONG_3.5_003,3.5,LONG,2024-01-15T10:58:00.000000000Z,london,monday,5.599999999998939,5.599999999998939,0.740000000000185,0.6250000000002087,0.7567567567564243,71,112,0.3879781420765027
LONG_3.5_003,3.5,LONG,2024-01-15T10:59:00.000000000Z,london,monday,4.899999999998794,3.8999999999989043,0.7700000000001594,0.6249999999996536,0.5064935064932593,72,111,0.39344262295081966
LONG_3.5_003,3.5,LONG,2024-01-15T11:00:00.000000000Z,london,monday,4.199999999998649,4.199999999998649,0.8000000000001339,0.5749999999998812,0.5249999999997432,73,110,0.3989071038251366
LONG_3.5_003,3.5,LONG,2024-01-15T11:01:00.000000000Z,london,monday,3.4000000000000696,2.4999999999986144,0.6300000000001305,0.6499999999998174,0.3968253968250947,74,109,0.40437158469945356
LONG_3.5_003,3.5,LONG,2024-01-15T11:02:00.000000000Z,london,monday,3.4000000000000696,2.900000000001235,0.5899999999998684,0.7749999999995261,0.4915254237291325,75,108,0.4098360655737705
LONG_3.5_003,3.5,LONG,2024-01-15T11:03:00.000000000Z,london,monday,3.1999999999987594,3.1999999999987594,0.6199999999996209,0.6499999999992623,0.5161290322581801,76,107,0.41530054644808745
LONG_3.5_003,3.5,LONG,2024-01-15T11:04:00.000000000Z,london,monday,3.300000000001635,3.300000000001635,0.6299999999999084,0.3999999999998449,0.5238095238098595,77,106,0.4207650273224044
LONG_3.5_003,3.5,LONG,2024-01-15T11:05:00.000000000Z,london,monday,2.2999999999995246,1.4999999999987246,0.6099999999997774,0.49999999999994493,0.24590163934414294,78,105,0.4262295081967213
LONG_3.5_003,3.5,LONG,2024-01-15T11:06:00.000000000Z,london,monday,1.80000000000069,-0.09999999999843467,0.4899999999998794,0.4250000000000087,0.020408163264991692,79,104,0.43169398907103823
LONG_3.5_003,3.5,LONG,2024-01-15T11:07:00.000000000Z,london,monday,1.80000000000069,-0.1999999999990898,0.4799999999998139,0.3000000000003,0.04166666666649319,80,103,0.4371584699453552
LONG_3.5_003,3.5,LONG,2024-01-15T11:08:00.000000000Z,london,monday,1.80000000000069,0.8000000000008001,0.5799999999998029,0.49999999999994493,0.13793103448294344,81,102,0.4426229508196721
LONG_3.5_003,3.5,LONG,2024-01-15T11:09:00.000000000Z,london,monday,1.80000000000069,1.40000000000029,0.5199999999998539,0.3999999999998449,0.2692307692309006,82,101,0.44808743169398907
LONG_3.5_003,3.5,LONG,2024-01-15T11:10:00.000000000Z,london,monday,0.9999999999998899,0.30000000000196536,0.41000000000002146,0.37500000000023626,0.0731707317077926,83,100,0.453551912568306
LONG_3.5_003,3.5,LONG,2024-01-15T11:11:00.000000000Z,london,monday,0.9999999999998899,-0.7999999999985796,0.43999999999999595,0.5500000000002725,0.1818181818178607,84,99,0.45901639344262296
LONG_3.5_003,3.5,LONG,2024-01-15T11:12:00.000000000Z,london,monday,0.9999999999998899,0.2999999999997449,0.45000000000006146,0.4500000000001725,0.06666666666660087,85,98,0.4644808743169399
LONG_3.5_003,3.5,LONG,2024-01-15T11:13:00.000000000Z,london,monday,1.40000000000029,0.6000000000017103,0.480000000000258,0.5500000000002725,0.12500000000028913,86,97,0.46994535519125685
LONG_3.5_003,3.5,LONG,2024-01-15T11:14:00.000000000Z,london,monday,1.5999999999993797,0.5999999999994898,0.48000000000003595,0.5749999999998812,0.12499999999988436,87,96,0.47540983606557374
LONG_3.5_003,3.5,LONG,2024-01-15T11:15:00.000000000Z,london,monday,1.5999999999993797,0.8999999999992347,0.45000000000006146,0.5250000000001087,0.1999999999998026,88,95,0.4808743169398907
LONG_3.5_003,3.5,LONG,2024-01-15T11:16:00.000000000Z,london,monday,1.5999999999993797,1.5999999999993797,0.480000000000258,0.5000000000005,0.33333333333302495,89,94,0.48633879781420764
LONG_3.5_003,3.5,LONG,2024-01-15T11:17:00.000000000Z,london,monday,1.5999999999993797,1.5999999999993797,0.480000000000258,0.3000000000003,0.33333333333302495,90,93,0.4918032786885246
LONG_3.5_003,3.5,LONG,2024-01-15T11:18:00.000000000Z,london,monday,1.7999999999984695,0.7999999999985796,0.400000000000178,0.3000000000003,0.19999999999955592,91,92,0.4972677595628415
LONG_3.5_003,3.5,LONG,2024-01-15T11:19:00.000000000Z,london,monday,1.7999999999984695,-0.2999999999997449,0.5100000000000104,0.5499999999997174,0.05882352941171348,92,91,0.5027322404371585
LONG_3.5_003,3.5,LONG,2024-01-15T11:20:00.000000000Z,london,monday,1.7999999999984695,0.0,0.5399999999999849,0.5249999999995536,0.0,93,90,0.5081967213114754
LONG_3.5_003,3.5,LONG,2024-01-15T11:21:00.000000000Z,london,monday,1.7999999999984695,0.9999999999998899,0.49999999999994493,0.5999999999994898,0.2,94,89,0.5136612021857924
LONG_3.5_003,3.5,LONG,2024-01-15T11:22:00.000000000Z,london,monday,1.4999999999987246,-0.20000000000131024,0.500000000000167,0.700000000000145,0.04000000000024869,95,88,0.5191256830601093
LONG_3.5_003,3.5,LONG,2024-01-15T11:23:00.000000000Z,london,monday,1.8999999999991246,0.7999999999985796,0.600000000000156,0.7750000000006363,0.13333333333306194,96,87,0.5245901639344263
LONG_3.5_003,3.5,LONG,2024-01-15T11:24:00.000000000Z,london,monday,1.8999999999991246,0.40000000000040004,0.600000000000156,0.7250000000003087,0.06666666666671602,97,86,0.5300546448087432
LONG_3.5_003,3.5,LONG,2024-01-15T11:25:00.000000000Z,london,monday,3.1000000000003247,2.300000000001745,0.6900000000000794,1.000000000000445,0.33333333333354787,98,85,0.5355191256830601
LONG_3.5_003,3.5,LONG,2024-01-15T11:26:00.000000000Z,london,monday,3.2999999999994145,1.9999999999997797,0.6599999999998829,0.8999999999997899,0.3030303030303234,99,84,0.5409836065573771
LONG_3.5_003,3.5,LONG,2024-01-15T11:27:00.000000000Z,london,monday,3.5999999999991594,2.2999999999995246,0.6899999999998574,0.5249999999995536,0.3333333333333333,100,83,0.546448087431694
LONG_3.5_003,3.5,LONG,2024-01-15T11:28:00.000000000Z,london,monday,3.5999999999991594,1.900000000001345,0.6899999999998574,0.5249999999995536,0.27536231884083157,101,82,0.5519125683060109
LONG_3.5_003,3.5,LONG,2024-01-15T11:29:00.000000000Z,london,monday,5.1000000000001044,5.1000000000001044,0.7099999999999884,0.5999999999994898,0.718309859154956,102,81,0.5573770491803278
LONG_3.5_003,3.5,LONG,2024-01-15T11:30:00.000000000Z,london,monday,5.00000000000167,4.100000000000215,0.7299999999998974,0.6999999999995898,0.5616438356165467,103,80,0.5628415300546448
LONG_3.5_003,3.5,LONG,2024-01-15T11:31:00.000000000Z,london,monday,5.20000000000076,4.599999999999049,0.7799999999997809,0.8249999999992985,0.5897435897436335,104,79,0.5683060109289617
LONG_3.5_003,3.5,LONG,2024-01-15T11:32:00.000000000Z,london,monday,5.40000000000207,5.40000000000207,0.7399999999997409,0.8249999999998536,0.729729729730265,105,78,0.5737704918032787
LONG_3.5_003,3.5,LONG,2024-01-15T11:33:00.000000000Z,london,monday,3.8000000000004697,2.60000000000149,0.6599999999996609,0.6499999999998174,0.39393939393982214,106,77,0.5792349726775956
LONG_3.5_003,3.5,LONG,2024-01-15T11:34:00.000000000Z,london,monday,3.8000000000004697,1.100000000000545,0.8099999999997554,0.9249999999999536,0.13580246913591076,107,76,0.5846994535519126
LONG_3.5_003,3.5,LONG,2024-01-15T11:35:00.000000000Z,london,monday,2.6999999999999247,-0.20000000000131024,0.6799999999995698,0.7499999999999174,0.029411764706093642,108,75,0.5901639344262295
LONG_3.5_003,3.5,LONG,2024-01-15T11:36:00.000000000Z,london,monday,2.6999999999999247,1.5999999999993797,0.8599999999996388,1.1999999999995348,0.18604651162791297,109,74,0.5956284153005464
LONG_3.5_003,3.5,LONG,2024-01-15T11:37:00.000000000Z,london,monday,2.6999999999999247,1.900000000001345,0.8899999999998354,1.0999999999999899,0.21348314606760635,110,73,0.6010928961748634
LONG_3.5_003,3.5,LONG,2024-01-15T11:38:00.000000000Z,london,monday,3.9999999999995595,3.4000000000000696,0.9999999999998899,0.9999999999998899,0.34000000000004443,111,72,0.6065573770491803
LONG_3.5_003,3.5,LONG,2024-01-15T11:39:00.000000000Z,london,monday,3.9999999999995595,1.5999999999993797,0.8399999999999519,1.000000000000445,0.19047619047612754,112,71,0.6120218579234973
LONG_3.5_003,3.5,LONG,2024-01-15T11:40:00.000000000Z,london,monday,4.799999999998139,3.0999999999981043,0.8699999999999264,0.7250000000003087,0.35632183908027204,113,70,0.6174863387978142
LONG_3.5_003,3.5,LONG,2024-01-15T11:41:00.000000000Z,london,monday,4.799999999998139,-0.5999999999994898,1.0799999999999699,1.2999999999996348,0.05555555555550987,114,69,0.6229508196721312
LONG_3.5_003,3.5,LONG,2024-01-15T11:42:00.000000000Z,london,monday,4.799999999998139,-0.700000000000145,1.0699999999999044,0.9999999999998899,0.06542056074768295,115,68,0.6284153005464481
LONG_3.5_003,3.5,LONG,2024-01-15T11:43:00.000000000Z,london,monday,4.799999999998139,0.7999999999985796,1.0199999999997988,1.0999999999994348,0.07843137254889582,116,67,0.6338797814207651
LONG_3.5_003,3.5,LONG,2024-01-15T11:44:00.000000000Z,london,monday,4.799999999998139,2.2999999999995246,0.8699999999997043,0.9249999999993985,0.2643678160919892,117,66,0.639344262295082
LONG_3.5_003,3.5,LONG,2024-01-15T11:45:00.000000000Z,london,monday,4.699999999999704,0.20000000000131024,1.0599999999998388,0.6999999999995898,0.01886792452842836,118,65,0.644808743169399
LONG_3.5_003,3.5,LONG,2024-01-15T11:46:00.000000000Z,london,monday,5.499999999998284,-2.7999999999983594,0.9599999999998499,0.9249999999993985,0.2916666666665414,119,64,0.6502732240437158
LONG_3.5_003,3.5,LONG,2024-01-15T11:47:00.000000000Z,london,monday,5.499999999998284,-0.8000000000008001,1.1599999999996058,1.4499999999995072,0.06896551724147172,120,63,0.6557377049180327
LONG_3.5_003,3.5,LONG,2024-01-15T11:48:00.000000000Z,london,monday,5.499999999998284,-1.9999999999997797,1.0399999999997078,1.4249999999998986,0.19230769230772515,121,62,0.6612021857923497
LONG_3.5_003,3.5,LONG,2024-01-15T11:49:00.000000000Z,london,monday,5.499999999998284,-3.4000000000000696,1.1799999999997368,1.30000000000019,0.28813559322040916,122,61,0.6666666666666666
LONG_3.5_003,3.5,LONG,2024-01-15T11:50:00.000000000Z,london,monday,5.499999999998284,-4.299999999999304,1.0899999999998133,1.0500000000002174,0.39449541284404044,123,60,0.6721311475409836
LONG_3.5_003,3.5,LONG,2024-01-15T11:51:00.000000000Z,london,monday,3.1999999999987594,-1.500000000000945,0.8099999999999774,0.4250000000005638,0.18518518518530702,124,59,0.6775956284153005
LONG_3.5_003,3.5,LONG,2024-01-15T11:52:00.000000000Z,london,monday,4.599999999999049,-4.100000000000215,1.0499999999997733,1.0250000000000536,0.3904761904762952,125,58,0.6830601092896175
LONG_3.5_003,3.5,LONG,2024-01-15T11:53:00.000000000Z,london,monday,4.599999999999049,-3.9999999999995595,1.0599999999998388,0.7999999999996898,0.37735849056605353,126,57,0.6885245901639344
LONG_3.5_003,3.5,LONG,2024-01-15T11:54:00.000000000Z,london,monday,4.3999999999999595,-3.60000000000138,1.0599999999998388,0.8499999999994623,0.3396226415096158,127,56,0.6939890710382514
LONG_3.5_003,3.5,LONG,2024-01-15T11:55:00.000000000Z,london,monday,4.100000000000215,-1.3000000000018552,0.8899999999998354,0.8999999999992347,0.14606741573057255,128,55,0.6994535519125683
LONG_3.5_003,3.5,LONG,2024-01-15T11:56:00.000000000Z,london,monday,4.100000000000215,1.1999999999989797,0.9399999999999409,0.6499999999998174,0.1276595744679846,129,54,0.7049180327868853
LONG_3.5_003,3.5,LONG,2024-01-15T11:57:00.000000000Z,london,monday,4.299999999999304,0.2999999999997449,0.8500000000000174,0.9249999999999536,0.03529411764702809,130,53,0.7103825136612022
LONG_3.5_003,3.5,LONG,2024-01-15T11:58:00.000000000Z,london,monday,4.8000000000003595,0.700000000000145,0.8900000000000574,1.000000000000445,0.07865168539326964,131,52,0.7158469945355191
LONG_3.5_003,3.5,LONG,2024-01-15T11:59:00.000000000Z,london,monday,4.8000000000003595,0.8000000000008001,0.8799999999999919,1.2750000000005812,0.09090909090918266,132,51,0.7213114754098361
LONG_3.5_003,3.5,LONG,2024-01-15T12:00:00.000000000Z,london,monday,4.8000000000003595,0.5000000000010552,0.9099999999999664,0.9750000000002812,0.054945054945172926,133,50,0.726775956284153
LONG_3.5_003,3.5,LONG,2024-01-15T12:01:00.000000000Z,london,monday,4.8000000000003595,0.2999999999997449,0.9300000000000974,0.6250000000007638,0.03225806451609822,134,49,0.73224043715847
LONG_3.5_003,3.5,LONG,2024-01-15T12:02:00.000000000Z,london,monday,4.8000000000003595,2.9999999999996696,0.700000000000367,0.5500000000008276,0.42857142857115665,135,48,0.7377049180327869
LONG_3.5_003,3.5,LONG,2024-01-15T12:03:00.000000000Z,london,monday,4.20000000000087,2.1999999999988695,0.660000000000549,0.2500000000010827,0.3333333333328848,136,47,0.7431693989071039
LONG_3.5_003,3.5,LONG,2024-01-15T12:04:00.000000000Z,london,monday,5.5000000000005045,5.5000000000005045,0.9900000000007125,1.0500000000013276,0.5555555555552066,137,46,0.7486338797814208
LONG_3.5_003,3.5,LONG,2024-01-15T12:05:00.000000000Z,london,monday,6.700000000001705,6.700000000001705,1.1100000000008325,1.3500000000010726,0.6036036036033045,138,45,0.7540983606557377
LONG_3.5_003,3.5,LONG,2024-01-15T12:06:00.000000000Z,london,monday,5.20000000000076,4.900000000001015,0.9900000000007125,1.3750000000006812,0.49494949494924123,139,44,0.7595628415300546
LONG_3.5_003,3.5,LONG,2024-01-15T12:07:00.000000000Z,london,monday,5.00000000000167,2.6999999999999247,0.8700000000008146,1.4500000000006175,0.31034482758590765,140,43,0.7650273224043715
LONG_3.5_003,3.5,LONG,2024-01-15T12:08:00.000000000Z,london,monday,5.00000000000167,2.5999999999992696,0.860000000000749,0.6750000000005363,0.3023255813950006,141,42,0.7704918032786885
LONG_3.5_003,3.5,LONG,2024-01-15T12:09:00.000000000Z,london,monday,6.500000000000394,5.899999999998684,0.9100000000006325,0.7750000000000812,0.6483516483510531,142,41,0.7759562841530054
LONG_3.5_003,3.5,LONG,2024-01-15T12:10:00.000000000Z,london,monday,6.800000000000139,6.499999999998174,0.9100000000006325,0.7750000000000812,0.7142857142850171,143,40,0.7814207650273224
LONG_3.5_003,3.5,LONG,2024-01-15T12:11:00.000000000Z,london,monday,7.200000000000539,7.200000000000539,0.920000000000476,0.7499999999999174,0.7826086956518277,144,39,0.7868852459016393
LONG_3.5_003,3.5,LONG,2024-01-15T12:12:00.000000000Z,london,monday,7.900000000000684,7.699999999999374,0.9700000000003595,0.8249999999998536,0.793814432989332,145,38,0.7923497267759563
LONG_3.5_003,3.5,LONG,2024-01-15T12:13:00.000000000Z,london,monday,9.40000000000163,9.40000000000163,1.100000000000323,0.7250000000003087,0.8545454545453518,146,37,0.7978142076502732
LONG_3.5_003,3.5,LONG,2024-01-15T12:14:00.000000000Z,london,monday,6.500000000000394,6.500000000000394,0.8100000000001994,0.800000000000245,0.8024691358023203,147,36,0.8032786885245902
LONG_3.5_003,3.5,LONG,2024-01-15T12:15:00.000000000Z,london,monday,5.800000000000249,4.999999999999449,0.660000000000105,0.700000000000145,0.7575757575755537,148,35,0.8087431693989071
LONG_3.5_003,3.5,LONG,2024-01-15T12:16:00.000000000Z,london,monday,5.800000000000249,5.199999999998539,0.640000000000196,0.5500000000002725,0.8124999999995229,149,34,0.8142076502732241
LONG_3.5_003,3.5,LONG,2024-01-15T12:17:00.000000000Z,london,monday,6.999999999999229,6.999999999999229,0.7200000000000539,0.49999999999994493,0.9722222222220424,150,33,0.819672131147541
LONG_3.5_003,3.5,LONG,2024-01-15T12:18:00.000000000Z,london,monday,7.200000000000539,7.200000000000539,0.740000000000185,0.5000000000005,0.9729729729728027,151,32,0.825136612021858
LONG_3.5_003,3.5,LONG,2024-01-15T12:19:00.000000000Z,london,monday,5.300000000001415,2.9999999999996696,0.780000000000447,1.0750000000009363,0.38461538461512185,152,31,0.8306010928961749
LONG_3.5_003,3.5,LONG,2024-01-15T12:20:00.000000000Z,london,monday,5.00000000000167,2.80000000000058,0.760000000000538,1.0750000000009363,0.3684210526313944,153,30,0.8360655737704918
LONG_3.5_003,3.5,LONG,2024-01-15T12:21:00.000000000Z,london,monday,4.60000000000127,2.9999999999996696,0.780000000000447,0.9000000000009001,0.38461538461512185,154,29,0.8415300546448088
LONG_3.5_003,3.5,LONG,2024-01-15T12:22:00.000000000Z,london,monday,3.900000000001125,1.2999999999996348,0.8100000000004215,1.000000000000445,0.16049382716036523,155,28,0.8469945355191257
LONG_3.5_003,3.5,LONG,2024-01-15T12:23:00.000000000Z,london,monday,4.20000000000087,-1.80000000000069,0.820000000000265,0.8249999999998536,0.21951219512196443,156,27,0.8524590163934426
LONG_3.5_003,3.5,LONG,2024-01-15T12:24:00.000000000Z,london,monday,4.60000000000127,-2.80000000000058,0.800000000000356,0.8999999999997899,0.3499999999999167,157,26,0.8579234972677595
LONG_3.5_003,3.5,LONG,2024-01-15T12:25:00.000000000Z,london,monday,5.00000000000167,-3.20000000000098,0.840000000000396,0.8500000000000174,0.38095238095231804,158,25,0.8633879781420765
LONG_3.5_003,3.5,LONG,2024-01-15T12:26:00.000000000Z,london,monday,5.00000000000167,-1.1999999999989797,1.020000000000465,1.0750000000003812,0.11764705882337574,159,24,0.8688524590163934
LONG_3.5_003,3.5,LONG,2024-01-15T12:27:00.000000000Z,london,monday,5.20000000000076,-4.599999999999049,1.100000000000545,1.200000000000645,0.41818181818152456,160,23,0.8743169398907104
LONG_3.5_003,3.5,LONG,2024-01-15T12:28:00.000000000Z,london,monday,6.00000000000156,-6.00000000000156,1.120000000000454,1.300000000000745,0.5357142857142079,161,22,0.8797814207650273
LONG_3.5_003,3.5,LONG,2024-01-15T12:29:00.000000000Z,london,monday,4.3999999999999595,-3.6999999999998145,0.8900000000002795,1.200000000000645,0.4157303370785003,162,21,0.8852459016393442
LONG_3.5_003,3.5,LONG,2024-01-15T12:30:00.000000000Z,london,monday,5.599999999998939,-4.999999999999449,1.000000000000112,1.0250000000000536,0.499999999999889,163,20,0.8907103825136612
LONG_3.5_003,3.5,LONG,2024-01-15T12:31:00.000000000Z,london,monday,5.800000000000249,-5.800000000000249,0.960000000000294,0.5500000000002725,0.6041666666665076,164,19,0.8961748633879781
LONG_3.5_003,3.5,LONG,2024-01-15T12:32:00.000000000Z,london,monday,4.8000000000003595,-4.599999999999049,0.880000000000436,0.40000000000040004,0.5227272727269057,165,18,0.9016393442622951
LONG_3.5_003,3.5,LONG,2024-01-15T12:33:00.000000000Z,london,monday,6.500000000000394,-5.399999999999849,0.960000000000516,1.000000000000445,0.5624999999996819,166,17,0.907103825136612
LONG_3.5_003,3.5,LONG,2024-01-15T12:34:00.000000000Z,london,monday,6.500000000000394,-0.7999999999985796,1.340000000000563,1.7500000000009175,0.059701492537182356,167,16,0.912568306010929
LONG_3.5_003,3.5,LONG,2024-01-15T12:35:00.000000000Z,london,monday,6.500000000000394,-1.3999999999980695,1.400000000000512,1.9500000000005624,0.09999999999982553,168,15,0.9180327868852459
LONG_3.5_003,3.5,LONG,2024-01-15T12:36:00.000000000Z,london,monday,6.500000000000394,-2.60000000000149,1.28000000000017,2.074999999999716,0.20312500000008946,169,14,0.9234972677595629
LONG_3.5_003,3.5,LONG,2024-01-15T12:37:00.000000000Z,london,monday,4.3999999999999595,-1.40000000000029,1.1600000000000499,1.6999999999994797,0.12068965517243359,170,13,0.9289617486338798
LONG_3.5_003,3.5,LONG,2024-01-15T12:38:00.000000000Z,london,monday,4.20000000000087,-2.5999999999992696,1.2799999999999478,1.1499999999992072,0.2031249999999512,171,12,0.9344262295081968
LONG_3.5_003,3.5,LONG,2024-01-15T12:39:00.000000000Z,london,monday,4.599999999999049,0.9999999999998899,1.6399999999998638,1.7999999999990246,0.06097560975609591,172,11,0.9398907103825137
LONG_3.5_003,3.5,LONG,2024-01-15T12:40:00.000000000Z,london,monday,8.60000000000083,6.200000000000649,1.9200000000001438,2.6249999999999885,0.3229166666666763,173,10,0.9453551912568307
LONG_3.5_003,3.5,LONG,2024-01-15T12:41:00.000000000Z,london,monday,11.200000000000099,9.00000000000123,2.1599999999999397,3.049999999999997,0.4166666666667352,174,9,0.9508196721311475
LONG_3.5_003,3.5,LONG,2024-01-15T12:42:00.000000000Z,london,monday,11.200000000000099,5.899999999998684,2.429999999999932,3.275000000000361,0.24279835390941765,175,8,0.9562841530054644
LONG_3.5_003,3.5,LONG,2024-01-15T12:43:00.000000000Z,london,monday,11.200000000000099,9.799999999999809,2.3400000000000087,2.7500000000008074,0.41880341880340904,176,7,0.9617486338797814
LONG_3.5_003,3.5,LONG,2024-01-15T12:44:00.000000000Z,london,monday,10.200000000000209,3.1999999999987594,2.1599999999999397,2.3500000000004073,0.14814814814809485,177,6,0.9672131147540983
LONG_3.5_003,3.5,LONG,2024-01-15T12:45:00.000000000Z,london,monday,10.200000000000209,3.9999999999995595,2.0799999999998597,1.7500000000003624,0.1923076923076841,178,5,0.9726775956284153
LONG_3.5_003,3.5,LONG,2024-01-15T12:46:00.000000000Z,london,monday,10.200000000000209,1.7000000000000348,2.1700000000002273,1.4250000000004537,0.0783410138248782,179,4,0.9781420765027322
LONG_3.5_003,3.5,LONG,2024-01-15T12:47:00.000000000Z,london,monday,10.200000000000209,3.5999999999991594,2.180000000000293,1.30000000000019,0.16513761467883833,180,3,0.9836065573770492
LONG_3.5_003,3.5,LONG,2024-01-15T12:48:00.000000000Z,london,monday,10.200000000000209,5.999999999999339,2.020000000000355,0.800000000000245,0.29702970297021214,181,2,0.9890710382513661
LONG_3.5_003,3.5,LONG,2024-01-15T12:49:00.000000000Z,london,monday,6.6000000000010495,3.8000000000004697,1.800000000000468,1.100000000000545,0.21111111111108233,182,1,0.994535519125683
LONG_3.5_003,3.5,LONG,2024-01-15T12:50:00.000000000Z,london,monday,5.60000000000116,0.700000000000145,1.4900000000004354,0.9250000000005087,0.04697986577180808,183,0,1.0
LONG_3.5_004,3.5,LONG,2024-01-15T13:07:00.000000000Z,london,monday,4.999999999999449,-3.9999999999995595,1.140000000000363,1.2000000000000899,0.3508771929823058,0,28,0.0
LONG_3.5_004,3.5,LONG,2024-01-15T13:08:00.000000000Z,london,monday,6.399999999999739,-5.800000000000249,1.240000000000352,1.2000000000000899,0.4677419354837583,1,27,0.03571428571428571
LONG_3.5_004,3.5,LONG,2024-01-15T13:09:00.000000000Z,london,monday,9.00000000000123,-9.00000000000123,1.440000000000552,1.50000000000039,0.6249999999998458,2,26,0.07142857142857142
LONG_3.5_004,3.5,LONG,2024-01-15T13:10:00.000000000Z,london,monday,7.4000000000018495,-4.299999999999304,1.3300000000004975,1.5500000000001624,0.3233082706765185,3,25,0.10714285714285714
LONG_3.5_004,3.5,LONG,2024-01-15T13:11:00.000000000Z,london,monday,7.4000000000018495,-4.20000000000087,1.340000000000341,1.80000000000069,0.31343283582088066,4,24,0.14285714285714285
LONG_3.5_004,3.5,LONG,2024-01-15T13:12:00.000000000Z,london,monday,7.0000000000014495,-4.999999999999449,1.4200000000001989,1.7500000000003624,0.3521126760562499,5,23,0.17857142857142858
LONG_3.5_004,3.5,LONG,2024-01-15T13:13:00.000000000Z,london,monday,6.00000000000156,-4.8000000000003595,1.40000000000029,1.30000000000019,0.34285714285709756,6,22,0.21428571428571427
LONG_3.5_004,3.5,LONG,2024-01-15T13:14:00.000000000Z,london,monday,6.00000000000156,-3.4000000000000696,1.260000000000261,0.8500000000000174,0.2698412698412195,7,21,0.25
LONG_3.5_004,3.5,LONG,2024-01-15T13:15:00.000000000Z,london,monday,6.00000000000156,-5.399999999999849,1.180000000000181,0.6499999999998174,0.45762711864398486,8,20,0.2857142857142857
LONG_3.5_004,3.5,LONG,2024-01-15T13:16:00.000000000Z,london,monday,4.3999999999999595,-1.5999999999993797,1.2399999999999078,0.8999999999997899,0.12903225806447569,9,19,0.32142857142857145
LONG_3.5_004,3.5,LONG,2024-01-15T13:17:00.000000000Z,london,monday,4.00000000000178,-0.20000000000131024,1.3000000000000789,0.9499999999995623,0.01538461538471524,10,18,0.35714285714285715
LONG_3.5_004,3.5,LONG,2024-01-15T13:18:00.000000000Z,london,monday,3.8000000000004697,1.100000000000545,1.1699999999998933,0.974999999999171,0.09401709401714917,11,17,0.39285714285714285
LONG_3.5_004,3.5,LONG,2024-01-15T13:19:00.000000000Z,london,monday,5.60000000000116,5.60000000000116,1.0999999999996568,1.2999999999990797,0.5090909090911734,12,16,0.42857142857142855
LONG_3.5_004,3.5,LONG,2024-01-15T13:20:00.000000000Z,london,monday,4.999999999999449,3.8000000000004697,0.9199999999995878,0.7499999999993623,0.41304347826110566,13,15,0.4642857142857143
LONG_3.5_004,3.5,LONG,2024-01-15T13:21:00.000000000Z,london,monday,4.999999999999449,2.4000000000001798,0.7799999999995588,0.4999999999993898,0.3076923076925048,14,14,0.5
LONG_3.5_004,3.5,LONG,2024-01-15T13:22:00.000000000Z,london,monday,4.999999999999449,1.9999999999997797,0.8199999999995988,0.8749999999996261,0.24390243902448272,15,13,0.5357142857142857
LONG_3.5_004,3.5,LONG,2024-01-15T13:23:00.000000000Z,london,monday,4.999999999999449,2.80000000000058,0.7399999999995188,0.3999999999998449,0.37837837837870275,16,12,0.5714285714285714
LONG_3.5_004,3.5,LONG,2024-01-15T13:24:00.000000000Z,london,monday,4.999999999999449,2.4000000000001798,0.7799999999995588,0.49999999999994493,0.3076923076925048,17,11,0.6071428571428571
LONG_3.5_004,3.5,LONG,2024-01-15T13:25:00.000000000Z,london,monday,4.999999999999449,4.199999999998649,0.8399999999995078,0.7999999999996898,0.5000000000001321,18,10,0.6428571428571429
LONG_3.5_004,3.5,LONG,2024-01-15T13:26:00.000000000Z,london,monday,2.80000000000058,0.8000000000008001,0.7399999999995188,0.6999999999995898,0.10810810810828653,19,9,0.6785714285714286
LONG_3.5_004,3.5,LONG,2024-01-15T13:27:00.000000000Z,london,monday,1.9999999999997797,0.9000000000014552,0.7499999999995843,0.9749999999997261,0.12000000000026054,20,8,0.7142857142857143
LONG_3.5_004,3.5,LONG,2024-01-15T13:28:00.000000000Z,london,monday,2.9999999999996696,-1.100000000000545,0.9499999999997844,1.3999999999997348,0.11578947368429418,21,7,0.75
LONG_3.5_004,3.5,LONG,2024-01-15T13:29:00.000000000Z,london,monday,2.9999999999996696,-2.9999999999996696,0.7599999999998719,1.0999999999999899,0.3947368421052862,22,6,0.7857142857142857
LONG_3.5_004,3.5,LONG,2024-01-15T13:30:00.000000000Z,london,monday,2.9999999999996696,-0.40000000000040004,1.0199999999997988,1.4500000000000624,0.03921568627455676,23,5,0.8214285714285714
LONG_3.5_004,3.5,LONG,2024-01-15T13:31:00.000000000Z,london,monday,4.100000000000215,1.100000000000545,1.1699999999998933,1.5500000000001624,0.09401709401714917,24,4,0.8571428571428571
LONG_3.5_004,3.5,LONG,2024-01-15T13:32:00.000000000Z,london,monday,4.199999999998649,2.7999999999983594,1.0199999999997988,1.0499999999996623,0.2745098039214619,25,3,0.8928571428571429
LONG_3.5_004,3.5,LONG,2024-01-15T13:33:00.000000000Z,london,monday,4.199999999998649,2.4000000000001798,1.0599999999996168,1.1499999999992072,0.22641509433972146,26,2,0.9285714285714286
LONG_3.5_004,3.5,LONG,2024-01-15T13:34:00.000000000Z,london,monday,4.500000000000615,3.5000000000007248,1.0899999999995913,0.6749999999994261,0.32110091743137953,27,1,0.9642857142857143
LONG_3.5_004,3.5,LONG,2024-01-15T13:35:00.000000000Z,london,monday,5.1000000000001044,2.900000000001235,1.0299999999996423,0.44999999999906226,0.2815533980584701,28,0,1.0
LONG_3.5_005,3.5,LONG,2024-01-15T14:06:00.000000000Z,london,monday,10.000000000001119,-8.300000000001084,1.3499999999999623,1.8500000000004624,0.6148148148149123,0,143,0.0
LONG_3.5_005,3.5,LONG,2024-01-15T14:07:00.000000000Z,london,monday,10.499999999999954,-8.500000000000174,1.3699999999998713,1.6250000000000986,0.6204379562044505,1,142,0.006993006993006993
LONG_3.5_005,3.5,LONG,2024-01-15T14:08:00.000000000Z,london,monday,11.200000000000099,-10.600000000000609,1.2999999999998568,1.6500000000002624,0.815384615384752,2,141,0.013986013986013986
LONG_3.5_005,3.5,LONG,2024-01-15T14:09:00.000000000Z,london,monday,11.200000000000099,-9.399999999999409,1.3799999999997148,1.0999999999999899,0.681159420289953,3,140,0.02097902097902098
LONG_3.5_005,3.5,LONG,2024-01-15T14:10:00.000000000Z,london,monday,11.200000000000099,-9.80000000000203,1.4199999999999768,0.7499999999999174,0.6901408450705767,4,139,0.027972027972027972
LONG_3.5_005,3.5,LONG,2024-01-15T14:11:00.000000000Z,london,monday,11.200000000000099,-10.600000000000609,1.3400000000001189,0.7250000000003087,0.7910447761193783,5,138,0.03496503496503497
LONG_3.5_005,3.5,LONG,2024-01-15T14:12:00.000000000Z,london,monday,8.60000000000083,-8.20000000000043,1.100000000000101,0.6000000000000449,0.7454545454545161,6,137,0.04195804195804196
LONG_3.5_005,3.5,LONG,2024-01-15T14:13:00.000000000Z,london,monday,7.200000000000539,-6.699999999999484,0.9700000000001374,0.37500000000023626,0.6907216494843851,7,136,0.04895104895104895
LONG_3.5_005,3.5,LONG,2024-01-15T14:14:00.000000000Z,london,monday,6.900000000000794,-6.900000000000794,0.9900000000002684,0.37500000000023626,0.6969696969695882,8,135,0.055944055944055944
LONG_3.5_005,3.5,LONG,2024-01-15T14:15:00.000000000Z,london,monday,3.6999999999998145,-2.80000000000058,0.7600000000000939,0.49999999999994493,0.3684210526316097,9,134,0.06293706293706294
LONG_3.5_005,3.5,LONG,2024-01-15T14:16:00.000000000Z,london,monday,1.4999999999987246,-0.4999999999988347,0.5500000000000504,0.47500000000033626,0.0909090909088707,10,133,0.06993006993006994
LONG_3.5_005,3.5,LONG,2024-01-15T14:17:00.000000000Z,london,monday,1.8999999999991246,0.8999999999992347,0.5900000000000905,0.6749999999999812,0.15254237288120284,11,132,0.07692307692307693
LONG_3.5_005,3.5,LONG,2024-01-15T14:18:00.000000000Z,london,monday,1.8999999999991246,0.1999999999990898,0.660000000000105,0.8249999999998536,0.030303030302887574,12,131,0.08391608391608392
LONG_3.5_005,3.5,LONG,2024-01-15T14:19:00.000000000Z,london,monday,2.4000000000001798,-1.80000000000069,0.660000000000105,0.8500000000000174,0.2727272727273339,13,130,0.09090909090909091
LONG_3.5_005,3.5,LONG,2024-01-15T14:20:00.000000000Z,london,monday,2.4000000000001798,-0.9999999999998899,0.5800000000000249,0.8249999999998536,0.17241379310342186,14,129,0.0979020979020979
LONG_3.5_005,3.5,LONG,2024-01-15T14:21:00.000000000Z,london,monday,2.5999999999992696,-1.5999999999993797,0.5599999999998939,0.6499999999998174,0.2857142857142291,15,128,0.1048951048951049
LONG_3.5_005,3.5,LONG,2024-01-15T14:22:00.000000000Z,london,monday,2.5999999999992696,0.2999999999997449,0.7099999999999884,0.7249999999997536,0.04225352112672533,16,127,0.11188811188811189
LONG_3.5_005,3.5,LONG,2024-01-15T14:23:00.000000000Z,london,monday,2.5999999999992696,0.8999999999992347,0.7699999999999374,0.6499999999998174,0.11688311688302701,17,126,0.11888111888111888
LONG_3.5_005,3.5,LONG,2024-01-15T14:24:00.000000000Z,london,monday,3.4000000000000696,2.6999999999999247,0.7899999999998464,0.8999999999997899,0.3417721518987911,18,125,0.1258741258741259
LONG_3.5_005,3.5,LONG,2024-01-15T14:25:00.000000000Z,london,monday,3.4000000000000696,0.40000000000040004,0.8399999999999519,1.2000000000000899,0.04761904761909797,19,124,0.13286713286713286
LONG_3.5_005,3.5,LONG,2024-01-15T14:26:00.000000000Z,london,monday,3.8999999999989043,2.1999999999988695,1.0199999999997988,1.2499999999998623,0.21568627450973563,20,123,0.13986013986013987
LONG_3.5_005,3.5,LONG,2024-01-15T14:27:00.000000000Z,london,monday,3.8999999999989043,0.9999999999998899,0.9599999999998499,1.1499999999997623,0.10416666666667149,21,122,0.14685314685314685
LONG_3.5_005,3.5,LONG,2024-01-15T14:28:00.000000000Z,london,monday,3.8999999999989043,1.40000000000029,0.9199999999998099,1.1499999999997623,0.15217391304354122,22,121,0.15384615384615385
LONG_3.5_005,3.5,LONG,2024-01-15T14:29:00.000000000Z,london,monday,3.8999999999989043,2.60000000000149,0.8399999999999519,0.8500000000000174,0.30952380952400466,23,120,0.16083916083916083
LONG_3.5_005,3.5,LONG,2024-01-15T14:30:00.000000000Z,london,monday,4.3999999999999595,4.20000000000087,0.9999999999998899,0.7750000000000812,0.4200000000001332,24,119,0.16783216783216784
LONG_3.5_005,3.5,LONG,2024-01-15T14:31:00.000000000Z,london,monday,4.3999999999999595,3.4000000000000696,1.0799999999999699,0.9500000000001174,0.31481481481483004,25,118,0.17482517482517482
LONG_3.5_005,3.5,LONG,2024-01-15T14:32:00.000000000Z,london,monday,2.6999999999999247,1.100000000000545,0.9699999999999154,0.8500000000000174,0.11340206185573617,26,117,0.18181818181818182
LONG_3.5_005,3.5,LONG,2024-01-15T14:33:00.000000000Z,london,monday,2.4000000000001798,0.9999999999998899,0.9599999999998499,0.9499999999995623,0.10416666666667149,27,116,0.1888111888111888
LONG_3.5_005,3.5,LONG,2024-01-15T14:34:00.000000000Z,london,monday,2.4000000000001798,-0.5000000000010552,0.9099999999999664,0.6749999999999812,0.054945054945172926,28,115,0.1958041958041958
LONG_3.5_005,3.5,LONG,2024-01-15T14:35:00.000000000Z,london,monday,2.5999999999992696,-0.1999999999990898,0.8799999999997699,0.6999999999995898,0.02272727272717524,29,114,0.20279720279720279
LONG_3.5_005,3.5,LONG,2024-01-15T14:36:00.000000000Z,london,monday,2.5999999999992696,-0.6999999999979245,0.8299999999998864,0.8999999999997899,0.08433734939735185,30,113,0.2097902097902098
LONG_3.5_005,3.5,LONG,2024-01-15T14:37:00.000000000Z,london,monday,2.5999999999992696,-1.7999999999984695,0.9399999999999409,1.0999999999999899,0.1914893617019769,31,112,0.21678321678321677
LONG_3.5_005,3.5,LONG,2024-01-15T14:38:00.000000000Z,london,monday,2.5999999999992696,0.2999999999997449,0.9499999999997844,1.2499999999993072,0.03157894736840137,32,111,0.22377622377622378
LONG_3.5_005,3.5,LONG,2024-01-15T14:39:00.000000000Z,london,monday,2.5999999999992696,0.9999999999998899,1.0199999999997988,1.2000000000000899,0.09803921568628304,33,110,0.23076923076923078
LONG_3.5_005,3.5,LONG,2024-01-15T14:40:00.000000000Z,london,monday,2.5999999999992696,-0.5999999999994898,0.8599999999998609,0.8500000000000174,0.06976744186041708,34,109,0.23776223776223776
LONG_3.5_005,3.5,LONG,2024-01-15T14:41:00.000000000Z,london,monday,1.9999999999997797,0.40000000000040004,0.7599999999998719,0.49999999999994493,0.05263157894742993,35,108,0.24475524475524477
LONG_3.5_005,3.5,LONG,2024-01-15T14:42:00.000000000Z,london,monday,1.9999999999997797,0.7999999999985796,0.7200000000000539,0.27500000000069136,0.11111111111090552,36,107,0.2517482517482518
LONG_3.5_005,3.5,LONG,2024-01-15T14:43:00.000000000Z,london,monday,1.9999999999997797,0.0,0.6800000000000139,0.10000000000010001,0.0,37,106,0.25874125874125875
LONG_3.5_005,3.5,LONG,2024-01-15T14:44:00.000000000Z,london,monday,1.9999999999997797,0.8000000000008001,0.6599999999998829,0.17500000000003624,0.12121212121226393,38,105,0.26573426573426573
LONG_3.5_005,3.5,LONG,2024-01-15T14:45:00.000000000Z,london,monday,1.9999999999997797,1.9999999999997797,0.560000000000116,0.20000000000020002,0.35714285714274385,39,104,0.2727272727272727
LONG_3.5_005,3.5,LONG,2024-01-15T14:46:00.000000000Z,london,monday,1.9999999999997797,-0.8000000000008001,0.560000000000116,0.49999999999994493,0.14285714285725615,40,103,0.27972027972027974
LONG_3.5_005,3.5,LONG,2024-01-15T14:47:00.000000000Z,london,monday,1.9999999999997797,1.1999999999989797,0.48000000000003595,0.6000000000000449,0.2499999999997687,41,102,0.2867132867132867
LONG_3.5_005,3.5,LONG,2024-01-15T14:48:00.000000000Z,london,monday,1.40000000000029,0.30000000000196536,0.3900000000003345,0.5750000000004363,0.07692307692351488,42,101,0.2937062937062937
LONG_3.5_005,3.5,LONG,2024-01-15T14:49:00.000000000Z,london,monday,1.500000000000945,-1.500000000000945,0.3900000000003345,0.7750000000006363,0.38461538461529704,43,100,0.3006993006993007
LONG_3.5_005,3.5,LONG,2024-01-15T14:50:00.000000000Z,london,monday,2.100000000000435,-2.100000000000435,0.4500000000002835,0.5750000000004363,0.4666666666664693,44,99,0.3076923076923077
LONG_3.5_005,3.5,LONG,2024-01-15T14:51:00.000000000Z,london,monday,2.100000000000435,-1.9999999999997797,0.460000000000349,0.4500000000007276,0.4347826086952744,45,98,0.3146853146853147
LONG_3.5_005,3.5,LONG,2024-01-15T14:52:00.000000000Z,london,monday,2.20000000000109,-1.9999999999997797,0.460000000000349,0.4500000000007276,0.4347826086952744,46,97,0.32167832167832167
LONG_3.5_005,3.5,LONG,2024-01-15T14:53:00.000000000Z,london,monday,2.20000000000109,-1.5999999999993797,0.46000000000057106,0.27500000000069136,0.34782608695595507,47,96,0.32867132867132864
LONG_3.5_005,3.5,LONG,2024-01-15T14:54:00.000000000Z,london,monday,2.20000000000109,-2.100000000000435,0.4500000000007276,0.17500000000114646,0.46666666666600876,48,95,0.3356643356643357
LONG_3.5_005,3.5,LONG,2024-01-15T14:55:00.000000000Z,london,monday,2.20000000000109,-1.40000000000029,0.5200000000007421,0.3500000000011827,0.26923076923044076,49,94,0.34265734265734266
LONG_3.5_005,3.5,LONG,2024-01-15T14:56:00.000000000Z,london,monday,1.7000000000000348,0.8999999999992347,0.4700000000006366,0.5250000000006638,0.1914893617017055,50,93,0.34965034965034963
LONG_3.5_005,3.5,LONG,2024-01-15T14:57:00.000000000Z,london,monday,2.80000000000058,1.40000000000029,0.5200000000007421,0.7500000000004725,0.26923076923044076,51,92,0.35664335664335667
LONG_3.5_005,3.5,LONG,2024-01-15T14:58:00.000000000Z,london,monday,2.80000000000058,0.5999999999994898,0.56000000000056,0.8500000000000174,0.10714285714265889,52,91,0.36363636363636365
LONG_3.5_005,3.5,LONG,2024-01-15T14:59:00.000000000Z,london,monday,2.80000000000058,1.900000000001345,0.5100000000004545,0.7499999999999174,0.37254901960777487,53,90,0.3706293706293706
LONG_3.5_005,3.5,LONG,2024-01-15T15:00:00.000000000Z,london,monday,3.4000000000000696,3.2999999999994145,0.5300000000003635,0.7249999999997536,0.6226415094334248,54,89,0.3776223776223776
LONG_3.5_005,3.5,LONG,2024-01-15T15:01:00.000000000Z,london,monday,3.4000000000000696,1.1999999999989797,0.720000000000276,0.9499999999995623,0.16666666666646107,55,88,0.38461538461538464
LONG_3.5_005,3.5,LONG,2024-01-15T15:02:00.000000000Z,london,monday,3.4000000000000696,0.9999999999998899,0.740000000000185,0.8999999999997899,0.1351351351350865,56,87,0.3916083916083916
LONG_3.5_005,3.5,LONG,2024-01-15T15:03:00.000000000Z,london,monday,3.4000000000000696,1.4999999999987246,0.7900000000000684,0.9749999999997261,0.1898734177213411,57,86,0.3986013986013986
LONG_3.5_005,3.5,LONG,2024-01-15T15:04:00.000000000Z,london,monday,3.4000000000000696,2.9999999999996696,0.8999999999999009,1.0999999999999899,0.3333333333333333,58,85,0.40559440559440557
LONG_3.5_005,3.5,LONG,2024-01-15T15:05:00.000000000Z,london,monday,2.9999999999996696,2.9999999999996696,0.8999999999999009,0.800000000000245,0.3333333333333333,59,84,0.4125874125874126
LONG_3.5_005,3.5,LONG,2024-01-15T15:06:00.000000000Z,london,monday,2.80000000000058,1.9999999999997797,0.8200000000000429,0.7250000000003087,0.2439024390243506,60,83,0.4195804195804196
LONG_3.5_005,3.5,LONG,2024-01-15T15:07:00.000000000Z,london,monday,3.60000000000138,1.80000000000069,0.8000000000001339,0.7750000000006363,0.22500000000004858,61,82,0.42657342657342656
LONG_3.5_005,3.5,LONG,2024-01-15T15:08:00.000000000Z,london,monday,3.60000000000138,1.4999999999987246,0.8300000000003305,0.6750000000010914,0.18072289156603943,62,81,0.43356643356643354
LONG_3.5_005,3.5,LONG,2024-01-15T15:09:00.000000000Z,london,monday,3.60000000000138,0.8999999999992347,0.8100000000001994,0.5250000000006638,0.11111111111098927,63,80,0.4405594405594406
LONG_3.5_005,3.5,LONG,2024-01-15T15:10:00.000000000Z,london,monday,3.60000000000138,-0.700000000000145,0.8100000000004215,0.7000000000007001,0.08641975308639267,64,79,0.44755244755244755
LONG_3.5_005,3.5,LONG,2024-01-15T15:11:00.000000000Z,london,monday,3.60000000000138,-0.40000000000040004,0.780000000000447,0.900000000000345,0.05128205128207318,65,78,0.45454545454545453
LONG_3.5_005,3.5,LONG,2024-01-15T15:12:00.000000000Z,london,monday,6.200000000000649,-2.5999999999992696,1.000000000000334,1.3249999999997986,0.25999999999984014,66,77,0.46153846153846156
LONG_3.5_005,3.5,LONG,2024-01-15T15:13:00.000000000Z,london,monday,6.200000000000649,-1.4999999999987246,1.1100000000003885,1.7250000000001986,0.13513513513497294,67,76,0.46853146853146854
LONG_3.5_005,3.5,LONG,2024-01-15T15:14:00.000000000Z,london,monday,6.200000000000649,-2.6999999999999247,0.9900000000002684,1.5499999999996072,0.27272727272719116,68,75,0.4755244755244755
LONG_3.5_005,3.5,LONG,2024-01-15T15:15:00.000000000Z,london,monday,6.200000000000649,-2.6999999999999247,0.9900000000002684,1.3249999999997986,0.27272727272719116,69,74,0.4825174825174825
LONG_3.5_005,3.5,LONG,2024-01-15T15:16:00.000000000Z,london,monday,6.200000000000649,-2.0999999999982144,1.0300000000003084,0.800000000000245,0.20388349514539666,70,73,0.48951048951048953
LONG_3.5_005,3.5,LONG,2024-01-15T15:17:00.000000000Z,london,monday,6.200000000000649,-4.00000000000178,1.040000000000374,0.6000000000006,0.38461538461541744,71,72,0.4965034965034965
LONG_3.5_005,3.5,LONG,2024-01-15T15:18:00.000000000Z,london,monday,5.299999999999194,-3.2999999999994145,0.9700000000001374,0.6250000000007638,0.34020618556690174,72,71,0.5034965034965035
LONG_3.5_005,3.5,LONG,2024-01-15T15:19:00.000000000Z,london,monday,5.1000000000001044,-3.1000000000003247,0.9500000000002284,0.4250000000005638,0.32631578947363993,73,70,0.5104895104895105
LONG_3.5_005,3.5,LONG,2024-01-15T15:20:00.000000000Z,london,monday,4.299999999999304,-2.5999999999992696,0.9000000000001229,0.37500000000023626,0.2888888888887683,74,69,0.5174825174825175
LONG_3.5_005,3.5,LONG,2024-01-15T15:21:00.000000000Z,london,monday,3.20000000000098,-0.7999999999985796,0.740000000000185,0.14999999999987246,0.10810810810788915,75,68,0.5244755244755245
LONG_3.5_005,3.5,LONG,2024-01-15T15:22:00.000000000Z,london,monday,3.9999999999995595,3.9999999999995595,0.700000000000145,0.6499999999998174,0.5714285714283902,76,67,0.5314685314685315
LONG_3.5_005,3.5,LONG,2024-01-15T15:23:00.000000000Z,london,monday,2.2999999999995246,0.3999999999981796,0.700000000000145,1.0999999999999899,0.057142857142585254,77,66,0.5384615384615384
LONG_3.5_005,3.5,LONG,2024-01-15T15:24:00.000000000Z,london,monday,2.500000000000835,2.300000000001745,0.8900000000005015,1.5250000000005537,0.2584269662921853,78,65,0.5454545454545454
LONG_3.5_005,3.5,LONG,2024-01-15T15:25:00.000000000Z,london,monday,5.1000000000001044,4.100000000000215,1.0700000000003485,2.1500000000002073,0.38317757009335324,79,64,0.5524475524475524
LONG_3.5_005,3.5,LONG,2024-01-15T15:26:00.000000000Z,london,monday,5.699999999999594,4.199999999998649,1.080000000000192,1.7500000000003624,0.3888888888886947,80,63,0.5594405594405595
LONG_3.5_005,3.5,LONG,2024-01-15T15:27:00.000000000Z,london,monday,5.699999999999594,3.4000000000000696,1.1600000000000499,1.7500000000003624,0.2931034482758555,81,62,0.5664335664335665
LONG_3.5_005,3.5,LONG,2024-01-15T15:28:00.000000000Z,london,monday,5.699999999999594,3.20000000000098,1.1799999999999589,1.3499999999994072,0.2711864406780586,82,61,0.5734265734265734
LONG_3.5_005,3.5,LONG,2024-01-15T15:29:00.000000000Z,london,monday,5.699999999999594,4.100000000000215,1.2699999999998823,0.9249999999993985,0.32283464566933817,83,60,0.5804195804195804
LONG_3.5_005,3.5,LONG,2024-01-15T15:30:00.000000000Z,london,monday,5.699999999999594,2.100000000000435,1.4699999999998603,1.3499999999994072,0.142857142857186,84,59,0.5874125874125874
LONG_3.5_005,3.5,LONG,2024-01-15T15:31:00.000000000Z,london,monday,5.599999999998939,1.40000000000029,1.5199999999997438,1.0499999999991072,0.09210526315792933,85,58,0.5944055944055944
LONG_3.5_005,3.5,LONG,2024-01-15T15:32:00.000000000Z,london,monday,5.20000000000076,-0.9999999999998899,1.3199999999999878,0.9999999999998899,0.07575757575756811,86,57,0.6013986013986014
LONG_3.5_005,3.5,LONG,2024-01-15T15:33:00.000000000Z,london,monday,5.20000000000076,0.30000000000196536,1.1899999999998023,0.8999999999997899,0.02521008403378279,87,56,0.6083916083916084
LONG_3.5_005,3.5,LONG,2024-01-15T15:34:00.000000000Z,london,monday,5.20000000000076,-2.000000000002,1.0199999999997988,0.40000000000040004,0.19607843137278377,88,55,0.6153846153846154
LONG_3.5_005,3.5,LONG,2024-01-15T15:35:00.000000000Z,london,monday,5.699999999999594,-5.1000000000001044,0.8099999999997554,0.37500000000023626,0.6296296296298327,89,54,0.6223776223776224
LONG_3.5_005,3.5,LONG,2024-01-15T15:36:00.000000000Z,london,monday,6.599999999998829,-6.599999999998829,0.8399999999997299,0.5499999999997174,0.785714285714399,90,53,0.6293706293706294
LONG_3.5_005,3.5,LONG,2024-01-15T15:37:00.000000000Z,london,monday,6.6000000000010495,-6.099999999999994,0.7899999999998464,0.7500000000004725,0.7721518987343267,91,52,0.6363636363636364
LONG_3.5_005,3.5,LONG,2024-01-15T15:38:00.000000000Z,london,monday,6.900000000000794,-6.00000000000156,0.7800000000000029,0.7499999999999174,0.7692307692309663,92,51,0.6433566433566433
LONG_3.5_005,3.5,LONG,2024-01-15T15:39:00.000000000Z,london,monday,6.900000000000794,-6.699999999999484,0.7100000000002105,0.6750000000005363,0.9436619718306335,93,50,0.6503496503496503
LONG_3.5_005,3.5,LONG,2024-01-15T15:40:00.000000000Z,london,monday,4.60000000000127,-3.6999999999998145,0.5500000000002725,0.6250000000007638,0.6727272727269057,94,49,0.6573426573426573
LONG_3.5_005,3.5,LONG,2024-01-15T15:41:00.000000000Z,london,monday,4.00000000000178,-3.00000000000189,0.500000000000167,0.3249999999999087,0.6000000000001776,95,48,0.6643356643356644
LONG_3.5_005,3.5,LONG,2024-01-15T15:42:00.000000000Z,london,monday,3.8000000000004697,-1.1999999999989797,0.640000000000196,0.6500000000003725,0.18749999999978317,96,47,0.6713286713286714
LONG_3.5_005,3.5,LONG,2024-01-15T15:43:00.000000000Z,london,monday,3.300000000001635,-1.80000000000069,0.700000000000367,0.8750000000001812,0.25714285714282087,97,46,0.6783216783216783
LONG_3.5_005,3.5,LONG,2024-01-15T15:44:00.000000000Z,london,monday,2.9999999999996696,0.0,0.8200000000000429,1.074999999999826,0.0,98,45,0.6853146853146853
LONG_3.5_005,3.5,LONG,2024-01-15T15:45:00.000000000Z,london,monday,4.60000000000127,2.100000000000435,0.9300000000003195,1.4500000000006175,0.2258064516128724,99,44,0.6923076923076923
LONG_3.5_005,3.5,LONG,2024-01-15T15:46:00.000000000Z,london,monday,4.60000000000127,1.4999999999987246,0.9900000000004905,1.4250000000004537,0.15151515151494763,100,43,0.6993006993006993
LONG_3.5_005,3.5,LONG,2024-01-15T15:47:00.000000000Z,london,monday,4.60000000000127,3.60000000000138,0.940000000000385,1.3500000000005175,0.38297872340424527,101,42,0.7062937062937062
LONG_3.5_005,3.5,LONG,2024-01-15T15:48:00.000000000Z,london,monday,5.00000000000167,5.00000000000167,1.020000000000465,1.2500000000009726,0.4901960784313128,102,41,0.7132867132867133
LONG_3.5_005,3.5,LONG,2024-01-15T15:49:00.000000000Z,london,monday,5.800000000000249,5.800000000000249,1.100000000000323,1.100000000000545,0.5272727272725951,103,40,0.7202797202797203
LONG_3.5_005,3.5,LONG,2024-01-15T15:50:00.000000000Z,london,monday,7.599999999998719,7.599999999998719,1.28000000000017,1.3499999999999623,0.5937499999998211,104,39,0.7272727272727273
LONG_3.5_005,3.5,LONG,2024-01-15T15:51:00.000000000Z,london,monday,7.800000000000029,7.800000000000029,1.300000000000301,1.2249999999996986,0.5999999999998633,105,38,0.7342657342657343
LONG_3.5_005,3.5,LONG,2024-01-15T15:52:00.000000000Z,london,monday,7.299999999998974,6.199999999998429,1.140000000000141,0.9499999999995623,0.543859649122602,106,37,0.7412587412587412
LONG_3.5_005,3.5,LONG,2024-01-15T15:53:00.000000000Z,london,monday,8.699999999999264,8.699999999999264,1.1700000000001154,1.0499999999996623,0.7435897435896074,107,36,0.7482517482517482
LONG_3.5_005,3.5,LONG,2024-01-15T15:54:00.000000000Z,london,monday,7.800000000000029,7.800000000000029,1.080000000000192,0.5749999999998812,0.7222222222220965,108,35,0.7552447552447552
LONG_3.5_005,3.5,LONG,2024-01-15T15:55:00.000000000Z,london,monday,7.900000000000684,6.399999999999739,0.9400000000001629,0.5500000000002725,0.6808510638296414,109,34,0.7622377622377622
LONG_3.5_005,3.5,LONG,2024-01-15T15:56:00.000000000Z,london,monday,7.900000000000684,7.500000000000284,0.8300000000001084,0.6500000000003725,0.9036144578312415,110,33,0.7692307692307693
LONG_3.5_005,3.5,LONG,2024-01-15T15:57:00.000000000Z,london,monday,7.900000000000684,7.900000000000684,0.8700000000001484,0.6000000000006,0.908045977011418,111,32,0.7762237762237763
LONG_3.5_005,3.5,LONG,2024-01-15T15:58:00.000000000Z,london,monday,7.399999999999629,7.399999999999629,0.8200000000000429,0.6000000000006,0.9024390243901514,112,31,0.7832167832167832
LONG_3.5_005,3.5,LONG,2024-01-15T15:59:00.000000000Z,london,monday,6.399999999999739,5.399999999999849,0.8200000000000429,0.800000000000245,0.6585365853658008,113,30,0.7902097902097902
LONG_3.5_005,3.5,LONG,2024-01-15T16:00:00.000000000Z,other,monday,3.9999999999995595,3.9999999999995595,0.6800000000000139,0.9749999999997261,0.5882352941175703,114,29,0.7972027972027972
LONG_3.5_005,3.5,LONG,2024-01-15T16:01:00.000000000Z,other,monday,3.6999999999998145,3.6999999999998145,0.6500000000000394,0.6749999999994261,0.5692307692307061,115,28,0.8041958041958042
LONG_3.5_005,3.5,LONG,2024-01-15T16:02:00.000000000Z,other,monday,3.6999999999998145,3.300000000001635,0.6899999999998574,0.6249999999990985,0.4782608695655532,116,27,0.8111888111888111
LONG_3.5_005,3.5,LONG,2024-01-15T16:03:00.000000000Z,other,monday,2.2999999999995246,0.8000000000008001,0.6599999999998829,0.6499999999992623,0.12121212121226393,117,26,0.8181818181818182
LONG_3.5_005,3.5,LONG,2024-01-15T16:04:00.000000000Z,other,monday,2.4999999999986144,-0.7999999999985796,0.6999999999999229,0.6249999999996536,0.11428571428552396,118,25,0.8251748251748252
LONG_3.5_005,3.5,LONG,2024-01-15T16:05:00.000000000Z,other,monday,2.4999999999986144,-0.5999999999994898,0.7199999999998319,0.7249999999997536,0.08333333333328194,119,24,0.8321678321678322
LONG_3.5_005,3.5,LONG,2024-01-15T16:06:00.000000000Z,other,monday,2.4999999999986144,0.10000000000065512,0.7099999999997664,0.700000000000145,0.014084507042350427,120,23,0.8391608391608392
LONG_3.5_005,3.5,LONG,2024-01-15T16:07:00.000000000Z,other,monday,2.4999999999986144,-1.2000000000012,0.5999999999997119,0.4500000000001725,0.20000000000029605,121,22,0.8461538461538461
LONG_3.5_005,3.5,LONG,2024-01-15T16:08:00.000000000Z,other,monday,2.4999999999986144,-1.900000000001345,0.5499999999998284,0.2250000000003638,0.3454545454548978,122,21,0.8531468531468531
LONG_3.5_005,3.5,LONG,2024-01-15T16:09:00.000000000Z,other,monday,2.4999999999986144,-0.8000000000008001,0.45999999999990493,0.15000000000042757,0.17391304347847075,123,20,0.8601398601398601
LONG_3.5_005,3.5,LONG,2024-01-15T16:10:00.000000000Z,other,monday,2.4999999999986144,-1.1999999999989797,0.42000000000008697,0.2500000000005276,0.2857142857139836,124,19,0.8671328671328671
LONG_3.5_005,3.5,LONG,2024-01-15T16:11:00.000000000Z,other,monday,2.4999999999986144,-2.0999999999982144,0.5100000000000104,0.4500000000001725,0.4117647058819944,125,18,0.8741258741258742
LONG_3.5_005,3.5,LONG,2024-01-15T16:12:00.000000000Z,other,monday,2.100000000000435,-1.6000000000016001,0.48000000000003595,0.4499999999996174,0.33333333333364173,126,17,0.8811188811188811
LONG_3.5_005,3.5,LONG,2024-01-15T16:13:00.000000000Z,other,monday,1.8999999999991246,-1.5999999999993797,0.4799999999998139,0.6999999999990347,0.3333333333333333,127,16,0.8881118881118881
LONG_3.5_005,3.5,LONG,2024-01-15T16:14:00.000000000Z,other,monday,1.8999999999991246,0.40000000000040004,0.4799999999998139,0.774999999998971,0.08333333333344899,128,15,0.8951048951048951
LONG_3.5_005,3.5,LONG,2024-01-15T16:15:00.000000000Z,other,monday,1.8999999999991246,0.7999999999985796,0.5199999999996319,0.7499999999988072,0.15384615384598962,129,14,0.9020979020979021
LONG_3.5_005,3.5,LONG,2024-01-15T16:16:00.000000000Z,other,monday,1.8999999999991246,-0.5999999999994898,0.5999999999994898,0.9999999999987796,0.1,130,13,0.9090909090909091
LONG_3.5_005,3.5,LONG,2024-01-15T16:17:00.000000000Z,other,monday,1.8999999999991246,0.1999999999990898,0.6599999999992168,0.8999999999986796,0.030303030302928354,131,12,0.916083916083916
LONG_3.5_005,3.5,LONG,2024-01-15T16:18:00.000000000Z,other,monday,1.8999999999991246,-0.700000000000145,0.7499999999991402,0.8999999999986796,0.09333333333345965,132,11,0.9230769230769231
LONG_3.5_005,3.5,LONG,2024-01-15T16:19:00.000000000Z,other,monday,2.2999999999995246,-1.5999999999993797,0.8199999999989327,0.8999999999986796,0.19512195121969053,133,10,0.9300699300699301
LONG_3.5_005,3.5,LONG,2024-01-15T16:20:00.000000000Z,other,monday,2.2999999999995246,-2.2999999999995246,0.7499999999989182,0.6249999999990985,0.3066666666670456,134,9,0.9370629370629371
LONG_3.5_005,3.5,LONG,2024-01-15T16:21:00.000000000Z,other,monday,2.1999999999988695,-0.700000000000145,0.7299999999990092,0.6249999999996536,0.09589041095905411,135,8,0.9440559440559441
LONG_3.5_005,3.5,LONG,2024-01-15T16:22:00.000000000Z,other,monday,2.1999999999988695,-0.4999999999988347,0.7499999999991402,0.4499999999996174,0.06666666666658772,136,7,0.951048951048951
LONG_3.5_005,3.5,LONG,2024-01-15T16:23:00.000000000Z,other,monday,2.1999999999988695,1.7000000000000348,0.7499999999993623,0.5250000000001087,0.22666666666686405,137,6,0.958041958041958
LONG_3.5_005,3.5,LONG,2024-01-15T16:24:00.000000000Z,other,monday,2.1999999999988695,0.1999999999990898,0.6999999999994788,0.6500000000003725,0.028571428571319814,138,5,0.965034965034965
LONG_3.5_005,3.5,LONG,2024-01-15T16:25:00.000000000Z,other,monday,2.1999999999988695,-0.700000000000145,0.6299999999996864,0.5000000000005,0.11111111111118943,139,4,0.972027972027972
LONG_3.5_005,3.5,LONG,2024-01-15T16:26:00.000000000Z,other,monday,2.100000000000435,0.8999999999992347,0.5699999999999594,0.5500000000008276,0.15789473684198224,140,3,0.9790209790209791
LONG_3.5_005,3.5,LONG,2024-01-15T16:27:00.000000000Z,other,monday,4.3999999999999595,2.60000000000149,0.740000000000185,0.8750000000007363,0.3513513513514649,141,2,0.986013986013986
LONG_3.5_005,3.5,LONG,2024-01-15T16:28:00.000000000Z,other,monday,4.500000000000615,3.700000000002035,0.6500000000002615,0.7750000000006363,0.5692307692308534,142,1,0.993006993006993
LONG_3.5_005,3.5,LONG,2024-01-15T16:29:00.000000000Z,other,monday,5.1000000000001044,5.1000000000001044,0.6300000000003525,0.900000000000345,0.8095238095233731,143,0,1.0
SHORT_3.5_001,3.5,SHORT,2024-01-15T08:00:00.000000000Z,london,monday,0.0,0.0,0.0,0.0,0.0,0,138,0.0
SHORT_3.5_001,3.5,SHORT,2024-01-15T08:01:00.000000000Z,london,monday,0.1999999999990898,0.1999999999990898,0.1999999999990898,0.1999999999990898,1.0,1,137,0.007246376811594203
SHORT_3.5_001,3.5,SHORT,2024-01-15T08:02:00.000000000Z,london,monday,1.40000000000029,1.40000000000029,0.700000000000145,0.700000000000145,1.0,2,136,0.014492753623188406
SHORT_3.5_001,3.5,SHORT,2024-01-15T08:03:00.000000000Z,london,monday,3.4000000000000696,3.4000000000000696,1.1333333333333566,1.1333333333333566,1.0,3,135,0.021739130434782608
SHORT_3.5_001,3.5,SHORT,2024-01-15T08:04:00.000000000Z,london,monday,3.4000000000000696,2.80000000000058,0.9999999999998899,0.9999999999998899,0.700000000000222,4,134,0.028985507246376812
SHORT_3.5_001,3.5,SHORT,2024-01-15T08:05:00.000000000Z,london,monday,3.4000000000000696,3.2999999999994145,0.8999999999996788,1.074999999999826,0.733333333333465,5,133,0.036231884057971016
SHORT_3.5_001,3.5,SHORT,2024-01-15T08:06:00.000000000Z,london,monday,3.4000000000000696,2.500000000000835,0.8833333333328289,0.974999999999171,0.471698113207974,6,132,0.043478260869565216
SHORT_3.5_001,3.5,SHORT,2024-01-15T08:07:00.000000000Z,london,monday,3.4000000000000696,1.100000000000545,0.9571428571424663,0.8249999999992985,0.16417910447776032,7,131,0.050724637681159424
SHORT_3.5_001,3.5,SHORT,2024-01-15T08:08:00.000000000Z,london,monday,3.4000000000000696,3.1000000000003247,1.0874999999996304,1.174999999999371,0.3563218390806182,8,130,0.057971014492753624
SHORT_3.5_001,3.5,SHORT,2024-01-15T08:09:00.000000000Z,london,monday,5.20000000000076,5.20000000000076,1.1999999999997197,1.574999999999771,0.48148148148166425,9,129,0.06521739130434782
SHORT_3.5_001,3.5,SHORT,2024-01-15T08:10:00.000000000Z,london,monday,5.20000000000076,5.20000000000076,1.0799999999997478,1.3750000000001261,0.48148148148166425,10,128,0.07246376811594203
SHORT_3.5_001,3.5,SHORT,2024-01-15T08:11:00.000000000Z,london,monday,6.40000000000196,6.40000000000196,1.1999999999998678,1.3750000000001261,0.5333333333335554,11,127,0.07971014492753623
SHORT_3.5_001,3.5,SHORT,2024-01-15T08:12:00.000000000Z,london,monday,5.5000000000005045,3.1000000000003247,1.2899999999997913,1.40000000000029,0.2403100775194439,12,126,0.08695652173913043
SHORT_3.5_001,3.5,SHORT,2024-01-15T08:13:00.000000000Z,london,monday,5.5000000000005045,0.9999999999998899,1.0999999999998789,0.900000000000345,0.09090909090909091,13,125,0.09420289855072464
SHORT_3.5_001,3.5,SHORT,2024-01-15T08:14:00.000000000Z,london,monday,5.5000000000005045,3.4000000000000696,1.2199999999999989,1.3500000000005175,0.2786885245901699,14,124,0.10144927536231885
SHORT_3.5_001,3.5,SHORT,2024-01-15T08:15:00.000000000Z,london,monday,5.5000000000005045,3.300000000001635,1.2100000000001554,1.100000000000545,0.27272727272737285,15,123,0.10869565217391304
SHORT_3.5_001,3.5,SHORT,2024-01-15T08:16:00.000000000Z,london,monday,5.5000000000005045,0.7999999999985796,1.460000000000461,1.400000000000845,0.05479452054783062,16,122,0.11594202898550725
SHORT_3.5_001,3.5,SHORT,2024-01-15T08:17:00.000000000Z,london,monday,5.5000000000005045,3.1000000000003247,1.4100000000005775,1.600000000001045,0.21985815602830178,17,121,0.12318840579710146
SHORT_3.5_001,3.5,SHORT,2024-01-15T08:18:00.000000000Z,london,monday,3.5000000000007248,0.8999999999992347,1.2300000000007305,1.2000000000012,0.0731707317072114,18,120,0.13043478260869565
SHORT_3.5_001,3.5,SHORT,2024-01-15T08:19:00.000000000Z,london,monday,3.300000000001635,-0.9999999999998899,1.040000000000818,1.1500000000014277,0.09615384615375994,19,119,0.13768115942028986
SHORT_3.5_001,3.5,SHORT,2024-01-15T08:20:00.000000000Z,london,monday,3.300000000001635,-1.6000000000016001,1.100000000000989,0.4750000000014465,0.14545454545456013,20,118,0.14492753623188406
SHORT_3.5_001,3.5,SHORT,2024-01-15T08:21:00.000000000Z,london,monday,3.300000000001635,-1.900000000001345,1.0700000000010146,0.5250000000012189,0.17757009345790126,21,117,0.15217391304347827
SHORT_3.5_001,3.5,SHORT,2024-01-15T08:22:00.000000000Z,london,monday,3.300000000001635,-0.700000000000145,0.9500000000008946,0.7000000000007001,0.07368421052626166,22,116,0.15942028985507245
SHORT_3.5_001,3.5,SHORT,2024-01-15T08:23:00.000000000Z,london,monday,3.300000000001635,0.10000000000065512,1.0100000000008436,0.8250000000004087,0.009900990099066495,23,115,0.16666666666666666
SHORT_3.5_001,3.5,SHORT,2024-01-15T08:24:00.000000000Z,london,monday,3.5000000000007248,0.5999999999994898,1.060000000000727,1.2499999999998623,0.05660377358481871,24,114,0.17391304347826086
SHORT_3.5_001,3.5,SHORT,2024-01-15T08:25:00.000000000Z,london,monday,3.5000000000007248,0.0,1.040000000000596,1.0249999999994985,0.0,25,113,0.18115942028985507
SHORT_3.5_001,3.5,SHORT,2024-01-15T08:26:00.000000000Z,london,monday,3.5000000000007248,3.300000000001635,0.7100000000004325,0.7999999999996898,0.46478873239431334,26,112,0.18840579710144928
SHORT_3.5_001,3.5,SHORT,2024-01-15T08:27:00.000000000Z,london,monday,3.20000000000098,1.9999999999997797,0.660000000000327,0.7249999999997536,0.3030303030301195,27,111,0.1956521739130435
SHORT_3.5_001,3.5,SHORT,2024-01-15T08:28:00.000000000Z,london,monday,3.20000000000098,0.8000000000008001,0.780000000000225,0.49999999999994493,0.10256410256417556,28,110,0.2028985507246377
SHORT_3.5_001,3.5,SHORT,2024-01-15T08:29:00.000000000Z,london,monday,3.20000000000098,1.40000000000029,0.8400000000001739,0.6500000000003725,0.16666666666666666,29,109,0.21014492753623187
SHORT_3.5_001,3.5,SHORT,2024-01-15T08:30:00.000000000Z,london,monday,4.599999999999049,-1.3999999999980695,1.1200000000000099,1.50000000000039,0.12499999999982653,30,108,0.21739130434782608
SHORT_3.5_001,3.5,SHORT,2024-01-15T08:31:00.000000000Z,london,monday,4.599999999999049,-1.7000000000000348,1.0899999999998133,1.5999999999999348,0.15596330275232348,31,107,0.2246376811594203
SHORT_3.5_001,3.5,SHORT,2024-01-15T08:32:00.000000000Z,london,monday,5.20000000000076,-2.20000000000109,1.1399999999999189,1.5999999999999348,0.19298245614046022,32,106,0.2318840579710145
SHORT_3.5_001,3.5,SHORT,2024-01-15T08:33:00.000000000Z,london,monday,5.20000000000076,-2.80000000000058,1.0799999999999699,1.4249999999998986,0.2592592592593202,33,105,0.2391304347826087
SHORT_3.5_001,3.5,SHORT,2024-01-15T08:34:00.000000000Z,london,monday,5.20000000000076,-5.20000000000076,0.8600000000000829,0.6000000000000449,0.6046511627907277,34,104,0.2463768115942029
SHORT_3.5_001,3.5,SHORT,2024-01-15T08:35:00.000000000Z,london,monday,5.00000000000167,-4.900000000001015,0.8500000000002395,0.4250000000005638,0.5764705882352511,35,103,0.2536231884057971
SHORT_3.5_001,3.5,SHORT,2024-01-15T08:36:00.000000000Z,london,monday,5.399999999999849,-5.399999999999849,0.9000000000001229,0.20000000000020002,0.5999999999999013,36,102,0.2608695652173913
SHORT_3.5_001,3.5,SHORT,2024-01-15T08:37:00.000000000Z,london,monday,4.999999999999449,-4.500000000000615,0.9099999999999664,0.2999999999997449,0.4945054945055803,37,101,0.26811594202898553
SHORT_3.5_001,3.5,SHORT,2024-01-15T08:38:00.000000000Z,london,monday,4.3999999999999595,-2.100000000000435,0.8699999999999264,0.5249999999995536,0.24137931034489798,38,100,0.2753623188405797
SHORT_3.5_001,3.5,SHORT,2024-01-15T08:39:00.000000000Z,london,monday,4.3999999999999595,-1.900000000001345,0.8899999999998354,0.7499999999993623,0.21348314606760635,39,99,0.2826086956521739
SHORT_3.5_001,3.5,SHORT,2024-01-15T08:40:00.000000000Z,london,monday,2.4999999999986144,1.0999999999983245,0.5899999999998684,0.7249999999997536,0.1864406779658593,40,98,0.2898550724637681
SHORT_3.5_001,3.5,SHORT,2024-01-15T08:41:00.000000000Z,london,monday,2.4999999999986144,-1.5999999999993797,0.6999999999999229,1.074999999999826,0.22857142857136514,41,97,0.2971014492753623
SHORT_3.5_001,3.5,SHORT,2024-01-15T08:42:00.000000000Z,london,monday,2.4999999999986144,0.6000000000017103,0.6399999999999739,1.0250000000000536,0.09375000000027105,42,96,0.30434782608695654
SHORT_3.5_001,3.5,SHORT,2024-01-15T08:43:00.000000000Z,london,monday,2.4999999999986144,1.2999999999996348,0.7099999999997664,0.9749999999997261,0.18309859154930458,43,95,0.3115942028985507
SHORT_3.5_001,3.5,SHORT,2024-01-15T08:44:00.000000000Z,london,monday,2.4999999999986144,1.7000000000000348,0.7299999999996754,0.9499999999995623,0.23287671232887547,44,94,0.3188405797101449
SHORT_3.5_001,3.5,SHORT,2024-01-15T08:45:00.000000000Z,london,monday,2.4999999999986144,-0.10000000000065512,0.8899999999996133,0.8999999999997899,0.011235955056258266,45,93,0.32608695652173914
SHORT_3.5_001,3.5,SHORT,2024-01-15T08:46:00.000000000Z,london,monday,2.4999999999986144,1.5999999999993797,0.9599999999998499,0.9999999999998899,0.1666666666666281,46,92,0.3333333333333333
SHORT_3.5_001,3.5,SHORT,2024-01-15T08:47:00.000000000Z,london,monday,2.2999999999995246,1.500000000000945,0.9500000000000064,0.900000000000345,0.15789473684220368,47,91,0.34057971014492755
SHORT_3.5_001,3.5,SHORT,2024-01-15T08:48:00.000000000Z,london,monday,2.2999999999995246,-0.9999999999998899,1.000000000000112,1.200000000000645,0.0999999999999778,48,90,0.34782608695652173
SHORT_3.5_001,3.5,SHORT,2024-01-15T08:49:00.000000000Z,london,monday,2.2999999999995246,-1.7000000000000348,0.9300000000000974,0.8500000000005725,0.18279569892471578,49,89,0.35507246376811596
SHORT_3.5_001,3.5,SHORT,2024-01-15T08:50:00.000000000Z,london,monday,1.8999999999991246,-0.4999999999988347,0.9700000000001374,0.7500000000004725,0.051546391752449884,50,88,0.36231884057971014
SHORT_3.5_001,3.5,SHORT,2024-01-15T08:51:00.000000000Z,london,monday,1.8999999999991246,1.40000000000029,0.780000000000225,0.6500000000003725,0.1794871794871649,51,87,0.3695652173913043
SHORT_3.5_001,3.5,SHORT,2024-01-15T08:52:00.000000000Z,london,monday,1.7000000000000348,0.5999999999994898,0.700000000000145,0.27500000000013625,0.08571428571419508,52,86,0.37681159420289856
SHORT_3.5_001,3.5,SHORT,2024-01-15T08:53:00.000000000Z,london,monday,1.7000000000000348,-0.5999999999994898,0.660000000000327,0.3000000000003,0.09090909090896857,53,85,0.38405797101449274
SHORT_3.5_001,3.5,SHORT,2024-01-15T08:54:00.000000000Z,london,monday,1.7000000000000348,-0.5999999999994898,0.660000000000327,0.17500000000003624,0.09090909090896857,54,84,0.391304347826087
SHORT_3.5_001,3.5,SHORT,2024-01-15T08:55:00.000000000Z,london,monday,1.80000000000069,-0.1999999999990898,0.620000000000287,0.49999999999994493,0.03225806451596729,55,83,0.39855072463768115
SHORT_3.5_001,3.5,SHORT,2024-01-15T08:56:00.000000000Z,london,monday,1.9999999999997797,-1.5999999999993797,0.520000000000076,0.5499999999997174,0.30769230769214345,56,82,0.4057971014492754
SHORT_3.5_001,3.5,SHORT,2024-01-15T08:57:00.000000000Z,london,monday,1.9999999999997797,-1.9999999999997797,0.48000000000003595,0.4499999999996174,0.4166666666665896,57,81,0.41304347826086957
SHORT_3.5_001,3.5,SHORT,2024-01-15T08:58:00.000000000Z,london,monday,1.5999999999993797,-0.10000000000065512,0.3699999999997594,0.47499999999922604,0.02702702702722166,58,80,0.42028985507246375
SHORT_3.5_001,3.5,SHORT,2024-01-15T08:59:00.000000000Z,london,monday,1.5999999999993797,-0.5999999999994898,0.3599999999996939,0.1999999999990898,0.16666666666666666,59,79,0.427536231884058
SHORT_3.5_001,3.5,SHORT,2024-01-15T09:00:00.000000000Z,london,monday,2.60000000000149,-2.60000000000149,0.3999999999997339,0.4499999999996174,0.6500000000008049,60,78,0.43478260869565216
SHORT_3.5_001,3.5,SHORT,2024-01-15T09:01:00.000000000Z,london,monday,3.6999999999998145,-3.6999999999998145,0.5099999999995664,0.7249999999991985,0.7254901960790119,61,77,0.4420289855072464
SHORT_3.5_001,3.5,SHORT,2024-01-15T09:02:00.000000000Z,london,monday,5.800000000000249,-5.800000000000249,0.7199999999996098,1.1499999999997623,0.8055555555560268,62,76,0.4492753623188406
SHORT_3.5_001,3.5,SHORT,2024-01-15T09:03:00.000000000Z,london,monday,5.699999999999594,-5.1000000000001044,0.7099999999995443,1.174999999999926,0.7183098591554052,63,75,0.45652173913043476
SHORT_3.5_001,3.5,SHORT,2024-01-15T09:04:00.000000000Z,london,monday,5.699999999999594,-4.899999999998794,0.7299999999996754,0.9999999999998899,0.6712328767124621,64,74,0.463768115942029
SHORT_3.5_001,3.5,SHORT,2024-01-15T09:05:00.000000000Z,london,monday,4.599999999999049,-3.5999999999991594,0.5999999999997119,0.7250000000003087,0.6000000000001481,65,73,0.47101449275362317
SHORT_3.5_001,3.5,SHORT,2024-01-15T09:06:00.000000000Z,london,monday,4.599999999999049,-2.4000000000001798,0.6799999999997919,0.4500000000001725,0.3529411764707227,66,72,0.4782608695652174
SHORT_3.5_001,3.5,SHORT,2024-01-15T09:07:00.000000000Z,london,monday,4.599999999999049,-2.900000000001235,0.7299999999998974,0.5000000000005,0.39726027397282776,67,71,0.4855072463768116
SHORT_3.5_001,3.5,SHORT,2024-01-15T09:08:00.000000000Z,london,monday,4.599999999999049,-3.9999999999995595,0.7600000000000939,0.5500000000002725,0.5263157894735612,68,70,0.4927536231884058
SHORT_3.5_001,3.5,SHORT,2024-01-15T09:09:00.000000000Z,london,monday,4.3999999999999595,-3.20000000000098,0.8000000000001339,0.700000000000145,0.40000000000005553,69,69,0.5
SHORT_3.5_001,3.5,SHORT,2024-01-15T09:10:00.000000000Z,london,monday,3.1999999999987594,-1.7999999999984695,0.700000000000145,0.5000000000005,0.2571428571425852,70,68,0.5072463768115942
SHORT_3.5_001,3.5,SHORT,2024-01-15T09:11:00.000000000Z,london,monday,2.100000000000435,-0.40000000000040004,0.620000000000287,0.4500000000001725,0.06451612903229273,71,67,0.5144927536231884
SHORT_3.5_001,3.5,SHORT,2024-01-15T09:12:00.000000000Z,london,monday,1.9999999999997797,1.9999999999997797,0.440000000000218,0.3500000000000725,0.4545454545451793,72,66,0.5217391304347826
SHORT_3.5_001,3.5,SHORT,2024-01-15T09:13:00.000000000Z,london,monday,1.7000000000000348,0.0,0.580000000000247,0.6250000000002087,0.0,73,65,0.5289855072463768
SHORT_3.5_001,3.5,SHORT,2024-01-15T09:14:00.000000000Z,london,monday,1.7000000000000348,0.4999999999988347,0.6300000000001305,0.8249999999998536,0.07936507936487797,74,64,0.5362318840579711
SHORT_3.5_001,3.5,SHORT,2024-01-15T09:15:00.000000000Z,london,monday,1.7000000000000348,-0.20000000000131024,0.700000000000145,0.9249999999999536,0.028571428571609832,75,63,0.5434782608695652
SHORT_3.5_001,3.5,SHORT,2024-01-15T09:16:00.000000000Z,london,monday,2.4000000000001798,-2.20000000000109,0.700000000000145,1.0999999999999899,0.31428571428580493,76,62,0.5507246376811594
SHORT_3.5_001,3.5,SHORT,2024-01-15T09:17:00.000000000Z,london,monday,2.8999999999990145,-2.1999999999988695,0.6999999999999229,0.7999999999996898,0.3142857142855874,77,61,0.5579710144927537
SHORT_3.5_001,3.5,SHORT,2024-01-15T09:18:00.000000000Z,london,monday,3.4000000000000696,-1.9999999999997797,0.6800000000000139,0.6749999999999812,0.2941176470587851,78,60,0.5652173913043478
SHORT_3.5_001,3.5,SHORT,2024-01-15T09:19:00.000000000Z,london,monday,3.4000000000000696,-1.5999999999993797,0.7200000000000539,0.7499999999999174,0.22222222222211943,79,59,0.572463768115942
SHORT_3.5_001,3.5,SHORT,2024-01-15T09:20:00.000000000Z,london,monday,3.4000000000000696,-2.100000000000435,0.7299999999998974,0.5749999999998812,0.28767123287681234,80,58,0.5797101449275363
SHORT_3.5_001,3.5,SHORT,2024-01-15T09:21:00.000000000Z,london,monday,3.4000000000000696,-0.700000000000145,0.8699999999999264,0.8750000000001812,0.080459770114966,81,57,0.5869565217391305
SHORT_3.5_001,3.5,SHORT,2024-01-15T09:22:00.000000000Z,london,monday,3.4000000000000696,-1.100000000000545,0.8500000000000174,0.7750000000000812,0.12941176470594382,82,56,0.5942028985507246
SHORT_3.5_001,3.5,SHORT,2024-01-15T09:23:00.000000000Z,london,monday,2.6999999999999247,0.10000000000065512,0.7299999999998974,0.6499999999998174,0.013698630137077969,83,55,0.6014492753623188
SHORT_3.5_001,3.5,SHORT,2024-01-15T09:24:00.000000000Z,london,monday,2.6999999999999247,-1.100000000000545,0.6500000000000394,0.6250000000002087,0.16923076923084282,84,54,0.6086956521739131
SHORT_3.5_001,3.5,SHORT,2024-01-15T09:25:00.000000000Z,london,monday,2.4000000000001798,-1.1999999999989797,0.6599999999998829,0.3999999999998449,0.18181818181805948,85,53,0.6159420289855072
SHORT_3.5_001,3.5,SHORT,2024-01-15T09:26:00.000000000Z,london,monday,2.4000000000001798,0.9999999999998899,0.6799999999997919,0.6749999999994261,0.14705882352944058,86,52,0.6231884057971014
SHORT_3.5_001,3.5,SHORT,2024-01-15T09:27:00.000000000Z,london,monday,2.4000000000001798,1.4999999999987246,0.6299999999999084,0.5499999999997174,0.23809523809507027,87,51,0.6304347826086957
SHORT_3.5_001,3.5,SHORT,2024-01-15T09:28:00.000000000Z,london,monday,2.4000000000001798,1.5999999999993797,0.6199999999998429,0.5999999999994898,0.2580645161289976,88,50,0.6376811594202898
SHORT_3.5_001,3.5,SHORT,2024-01-15T09:29:00.000000000Z,london,monday,1.7000000000000348,0.5000000000010552,0.5299999999996974,0.4249999999994536,0.09433962264176239,89,49,0.644927536231884
SHORT_3.5_001,3.5,SHORT,2024-01-15T09:30:00.000000000Z,london,monday,2.80000000000058,2.80000000000058,0.6999999999997009,0.6249999999996536,0.40000000000025376,90,48,0.6521739130434783
SHORT_3.5_001,3.5,SHORT,2024-01-15T09:31:00.000000000Z,london,monday,2.6999999999999247,-0.40000000000040004,0.6799999999997919,0.9999999999998899,0.05882352941184154,91,47,0.6594202898550725
SHORT_3.5_001,3.5,SHORT,2024-01-15T09:32:00.000000000Z,london,monday,2.6999999999999247,-0.700000000000145,0.7099999999997664,0.9999999999998899,0.0985915492958275,92,46,0.6666666666666666
SHORT_3.5_001,3.5,SHORT,2024-01-15T09:33:00.000000000Z,london,monday,2.6999999999999247,-0.20000000000131024,0.6599999999998829,0.9750000000002812,0.0303030303032342,93,45,0.6739130434782609
SHORT_3.5_001,3.5,SHORT,2024-01-15T09:34:00.000000000Z,london,monday,3.6999999999998145,-1.7999999999984695,0.8199999999995988,0.9249999999999536,0.21951219512187198,94,44,0.6811594202898551
SHORT_3.5_001,3.5,SHORT,2024-01-15T09:35:00.000000000Z,london,monday,6.200000000000649,-3.5000000000007248,0.9899999999998244,1.174999999999926,0.3535353535354895,95,43,0.6884057971014492
SHORT_3.5_001,3.5,SHORT,2024-01-15T09:36:00.000000000Z,london,monday,6.300000000001305,-4.8000000000003595,0.8799999999999919,1.0999999999999899,0.5454545454545914,96,42,0.6956521739130435
SHORT_3.5_001,3.5,SHORT,2024-01-15T09:37:00.000000000Z,london,monday,9.500000000000064,-7.999999999999119,1.1999999999998678,1.8999999999996797,0.6666666666666666,97,41,0.7028985507246377
SHORT_3.5_001,3.5,SHORT,2024-01-15T09:38:00.000000000Z,london,monday,10.799999999999699,-8.899999999998354,1.2899999999997913,1.774999999999971,0.6899224806201391,98,40,0.7101449275362319
SHORT_3.5_001,3.5,SHORT,2024-01-15T09:39:00.000000000Z,london,monday,10.799999999999699,-6.6000000000010495,1.4999999999998348,1.6999999999994797,0.4400000000001184,99,39,0.717391304347826
SHORT_3.5_001,3.5,SHORT,2024-01-15T09:40:00.000000000Z,london,monday,10.799999999999699,-8.900000000000574,1.3299999999998313,1.7499999999992522,0.6691729323309551,100,38,0.7246376811594203
SHORT_3.5_001,3.5,SHORT,2024-01-15T09:41:00.000000000Z,london,monday,9.299999999998754,-6.900000000000794,1.2299999999996203,1.074999999999271,0.5609756097563353,101,37,0.7318840579710145
SHORT_3.5_001,3.5,SHORT,2024-01-15T09:42:00.000000000Z,london,monday,8.899999999998354,-6.899999999998574,1.2299999999993982,0.8499999999989072,0.560975609756256,102,36,0.7391304347826086
SHORT_3.5_001,3.5,SHORT,2024-01-15T09:43:00.000000000Z,london,monday,8.899999999998354,-7.199999999998319,1.2599999999993727,0.37499999999912603,0.5714285714287225,103,35,0.7463768115942029
SHORT_3.5_001,3.5,SHORT,2024-01-15T09:44:00.000000000Z,london,monday,7.099999999999884,-6.399999999999739,1.1799999999995148,0.5499999999991623,0.5423728813561332,104,34,0.7536231884057971
SHORT_3.5_001,3.5,SHORT,2024-01-15T09:45:00.000000000Z,london,monday,4.599999999999049,-2.8999999999990145,1.0299999999994203,0.6749999999994261,0.2815533980583152,105,33,0.7608695652173914
SHORT_3.5_001,3.5,SHORT,2024-01-15T09:46:00.000000000Z,london,monday,4.499999999998394,-3.1000000000003247,1.0499999999995513,0.6500000000003725,0.29523809523825234,106,32,0.7681159420289855
SHORT_3.5_001,3.5,SHORT,2024-01-15T09:47:00.000000000Z,london,monday,3.1999999999987594,-2.100000000000435,0.9499999999995623,1.1250000000001537,0.221052631579095,107,31,0.7753623188405797
SHORT_3.5_001,3.5,SHORT,2024-01-15T09:48:00.000000000Z,london,monday,3.1999999999987594,0.09999999999843467,0.9099999999995223,1.0999999999999899,0.010989010988844744,108,30,0.782608695652174
SHORT_3.5_001,3.5,SHORT,2024-01-15T09:49:00.000000000Z,london,monday,3.1999999999987594,-0.2999999999997449,0.8699999999997043,1.30000000000019,0.03448275862067205,109,29,0.7898550724637681
SHORT_3.5_001,3.5,SHORT,2024-01-15T09:50:00.000000000Z,london,monday,3.1999999999987594,-0.8999999999992347,0.9299999999996533,1.4499999999995072,0.09677419354834088,110,28,0.7971014492753623
SHORT_3.5_001,3.5,SHORT,2024-01-15T09:51:00.000000000Z,london,monday,3.1999999999987594,-2.8999999999990145,1.0299999999998644,1.2750000000000261,0.28155339805819385,111,27,0.8043478260869565
SHORT_3.5_001,3.5,SHORT,2024-01-15T09:52:00.000000000Z,london,monday,2.80000000000058,-2.100000000000435,1.0300000000000864,1.1500000000003174,0.20388349514565618,112,26,0.8115942028985508
SHORT_3.5_001,3.5,SHORT,2024-01-15T09:53:00.000000000Z,london,monday,2.6999999999999247,-1.2000000000012,1.060000000000061,0.8500000000000174,0.11320754716991803,113,25,0.8188405797101449
SHORT_3.5_001,3.5,SHORT,2024-01-15T09:54:00.000000000Z,london,monday,2.6999999999999247,0.1999999999990898,1.000000000000112,0.7250000000003087,0.01999999999990674,114,24,0.8260869565217391
SHORT_3.5_001,3.5,SHORT,2024-01-15T09:55:00.000000000Z,london,monday,3.6999999999998145,1.1999999999989797,1.100000000000101,0.8500000000000174,0.10909090909080632,115,23,0.8333333333333334
SHORT_3.5_001,3.5,SHORT,2024-01-15T09:56:00.000000000Z,london,monday,3.6999999999998145,1.3000000000018552,1.0899999999998133,0.7999999999996898,0.11926605504606219,116,22,0.8405797101449275
SHORT_3.5_001,3.5,SHORT,2024-01-15T09:57:00.000000000Z,london,monday,3.6999999999998145,2.500000000000835,0.9699999999999154,0.8999999999997899,0.25773195876299515,117,21,0.8478260869565217
SHORT_3.5_001,3.5,SHORT,2024-01-15T09:58:00.000000000Z,london,monday,3.4000000000000696,0.8000000000008001,0.9600000000000719,0.9999999999998899,0.08333333333341043,118,20,0.855072463768116
SHORT_3.5_001,3.5,SHORT,2024-01-15T09:59:00.000000000Z,london,monday,3.4000000000000696,-0.1999999999990898,0.8600000000000829,0.700000000000145,0.02325581395338029,119,19,0.8623188405797102
SHORT_3.5_001,3.5,SHORT,2024-01-15T10:00:00.000000000Z,london,monday,3.8999999999989043,-1.9999999999997797,1.040000000000152,1.3250000000003537,0.19230769230764302,120,18,0.8695652173913043
SHORT_3.5_001,3.5,SHORT,2024-01-15T10:01:00.000000000Z,london,monday,3.8999999999989043,-0.4999999999988347,0.8900000000000574,1.0750000000003812,0.05617977528076432,121,17,0.8768115942028986
SHORT_3.5_001,3.5,SHORT,2024-01-15T10:02:00.000000000Z,london,monday,4.999999999999449,-1.9999999999997797,0.9600000000000719,1.1500000000003174,0.2083333333332948,122,16,0.8840579710144928
SHORT_3.5_001,3.5,SHORT,2024-01-15T10:03:00.000000000Z,london,monday,5.999999999999339,-3.5999999999991594,1.000000000000112,1.2000000000000899,0.35999999999987564,123,15,0.8913043478260869
SHORT_3.5_001,3.5,SHORT,2024-01-15T10:04:00.000000000Z,london,monday,7.500000000000284,-5.5000000000005045,1.1100000000001664,0.900000000000345,0.4954954954954667,124,14,0.8985507246376812
SHORT_3.5_001,3.5,SHORT,2024-01-15T10:05:00.000000000Z,london,monday,7.500000000000284,-6.999999999999229,0.960000000000294,1.0250000000006088,0.7291666666663631,125,13,0.9057971014492754
SHORT_3.5_001,3.5,SHORT,2024-01-15T10:06:00.000000000Z,london,monday,7.300000000001194,-6.099999999999994,1.0100000000003995,0.9250000000005087,0.6039603960393646,126,12,0.9130434782608695
SHORT_3.5_001,3.5,SHORT,2024-01-15T10:07:00.000000000Z,london,monday,6.300000000001305,-5.300000000001415,0.9300000000005415,0.7250000000008638,0.5698924731180999,127,11,0.9202898550724637
SHORT_3.5_001,3.5,SHORT,2024-01-15T10:08:00.000000000Z,london,monday,6.300000000001305,-4.60000000000127,0.860000000000527,0.37500000000079137,0.5348837209300524,128,10,0.927536231884058
SHORT_3.5_001,3.5,SHORT,2024-01-15T10:09:00.000000000Z,london,monday,7.4000000000018495,-7.4000000000018495,0.980000000000425,0.7500000000004725,0.7551020408161878,129,9,0.9347826086956522
SHORT_3.5_001,3.5,SHORT,2024-01-15T10:10:00.000000000Z,london,monday,5.700000000001815,-5.700000000001815,0.8100000000004215,0.8250000000004087,0.7037037037035616,130,8,0.9420289855072463
SHORT_3.5_001,3.5,SHORT,2024-01-15T10:11:00.000000000Z,london,monday,5.700000000001815,-4.900000000001015,0.8900000000005015,0.9750000000002812,0.5505617977526127,131,7,0.9492753623188406
SHORT_3.5_001,3.5,SHORT,2024-01-15T10:12:00.000000000Z,london,monday,5.20000000000076,-5.20000000000076,0.920000000000476,1.30000000000019,0.565217391304138,132,6,0.9565217391304348
SHORT_3.5_001,3.5,SHORT,2024-01-15T10:13:00.000000000Z,london,monday,4.20000000000087,-3.9999999999995595,0.840000000000618,0.8500000000005725,0.4761904761900734,133,5,0.9637681159420289
SHORT_3.5_001,3.5,SHORT,2024-01-15T10:14:00.000000000Z,london,monday,3.900000000001125,-1.80000000000069,0.760000000000316,0.7750000000000812,0.2368421052631502,134,4,0.9710144927536232
SHORT_3.5_001,3.5,SHORT,2024-01-15T10:15:00.000000000Z,london,monday,4.500000000000615,-3.8000000000004697,0.8600000000000829,0.9499999999995623,0.44186046511629107,135,3,0.9782608695652174
SHORT_3.5_001,3.5,SHORT,2024-01-15T10:16:00.000000000Z,london,monday,4.700000000001925,-4.700000000001925,0.8100000000001994,0.6499999999998174,0.5802469135803416,136,2,0.9855072463768116
SHORT_3.5_001,3.5,SHORT,2024-01-15T10:17:00.000000000Z,london,monday,5.699999999999594,-5.699999999999594,0.9099999999999664,0.8999999999992347,0.6263736263736049,137,1,0.9927536231884058
SHORT_3.5_001,3.5,SHORT,2024-01-15T10:18:00.000000000Z,london,monday,7.299999999998974,-7.299999999998974,1.0699999999999044,1.1499999999997623,0.6822429906541707,138,0,1.0
SHORT_3.5_002,3.5,SHORT,2024-01-15T11:29:00.000000000Z,london,monday,5.1000000000001044,5.1000000000001044,0.7099999999999884,0.5999999999994898,0.718309859154956,0,23,0.0
SHORT_3.5_002,3.5,SHORT,2024-01-15T11:30:00.000000000Z,london,monday,5.00000000000167,4.100000000000215,0.7299999999998974,0.6999999999995898,0.5616438356165467,1,22,0.043478260869565216
SHORT_3.5_002,3.5,SHORT,2024-01-15T11:31:00.000000000Z,london,monday,5.20000000000076,4.599999999999049,0.7799999999997809,0.8249999999992985,0.5897435897436335,2,21,0.08695652173913043
SHORT_3.5_002,3.5,SHORT,2024-01-15T11:32:00.000000000Z,london,monday,5.40000000000207,5.40000000000207,0.7399999999997409,0.8249999999998536,0.729729729730265,3,20,0.13043478260869565
SHORT_3.5_002,3.5,SHORT,2024-01-15T11:33:00.000000000Z,london,monday,3.8000000000004697,2.60000000000149,0.6599999999996609,0.6499999999998174,0.39393939393982214,4,19,0.17391304347826086
SHORT_3.5_002,3.5,SHORT,2024-01-15T11:34:00.000000000Z,london,monday,3.8000000000004697,1.100000000000545,0.8099999999997554,0.9249999999999536,0.13580246913591076,5,18,0.21739130434782608
SHORT_3.5_002,3.5,SHORT,2024-01-15T11:35:00.000000000Z,london,monday,2.6999999999999247,-0.20000000000131024,0.6799999999995698,0.7499999999999174,0.029411764706093642,6,17,0.2608695652173913
SHORT_3.5_002,3.5,SHORT,2024-01-15T11:36:00.000000000Z,london,monday,2.6999999999999247,1.5999999999993797,0.8599999999996388,1.1999999999995348,0.18604651162791297,7,16,0.30434782608695654
SHORT_3.5_002,3.5,SHORT,2024-01-15T11:37:00.000000000Z,london,monday,2.6999999999999247,1.900000000001345,0.8899999999998354,1.0999999999999899,0.21348314606760635,8,15,0.34782608695652173
SHORT_3.5_002,3.5,SHORT,2024-01-15T11:38:00.000000000Z,london,monday,3.9999999999995595,3.4000000000000696,0.9999999999998899,0.9999999999998899,0.34000000000004443,9,14,0.391304347826087
SHORT_3.5_002,3.5,SHORT,2024-01-15T11:39:00.000000000Z,london,monday,3.9999999999995595,1.5999999999993797,0.8399999999999519,1.000000000000445,0.19047619047612754,10,13,0.43478260869565216
SHORT_3.5_002,3.5,SHORT,2024-01-15T11:40:00.000000000Z,london,monday,4.799999999998139,3.0999999999981043,0.8699999999999264,0.7250000000003087,0.35632183908027204,11,12,0.4782608695652174
SHORT_3.5_002,3.5,SHORT,2024-01-15T11:41:00.000000000Z,london,monday,4.799999999998139,-0.5999999999994898,1.0799999999999699,1.2999999999996348,0.05555555555550987,12,11,0.5217391304347826
SHORT_3.5_002,3.5,SHORT,2024-01-15T11:42:00.000000000Z,london,monday,4.799999999998139,-0.700000000000145,1.0699999999999044,0.9999999999998899,0.06542056074768295,13,10,0.5652173913043478
SHORT_3.5_002,3.5,SHORT,2024-01-15T11:43:00.000000000Z,london,monday,4.799999999998139,0.7999999999985796,1.0199999999997988,1.0999999999994348,0.07843137254889582,14,9,0.6086956521739131
SHORT_3.5_002,3.5,SHORT,2024-01-15T11:44:00.000000000Z,london,monday,4.799999999998139,2.2999999999995246,0.8699999999997043,0.9249999999993985,0.2643678160919892,15,8,0.6521739130434783
SHORT_3.5_002,3.5,SHORT,2024-01-15T11:45:00.000000000Z,london,monday,4.699999999999704,0.20000000000131024,1.0599999999998388,0.6999999999995898,0.01886792452842836,16,7,0.6956521739130435
SHORT_3.5_002,3.5,SHORT,2024-01-15T11:46:00.000000000Z,london,monday,5.499999999998284,-2.7999999999983594,0.9599999999998499,0.9249999999993985,0.2916666666665414,17,6,0.7391304347826086
SHORT_3.5_002,3.5,SHORT,2024-01-15T11:47:00.000000000Z,london,monday,5.499999999998284,-0.8000000000008001,1.1599999999996058,1.4499999999995072,0.06896551724147172,18,5,0.782608695652174
SHORT_3.5_002,3.5,SHORT,2024-01-15T11:48:00.000000000Z,london,monday,5.499999999998284,-1.9999999999997797,1.0399999999997078,1.4249999999998986,0.19230769230772515,19,4,0.8260869565217391
SHORT_3.5_002,3.5,SHORT,2024-01-15T11:49:00.000000000Z,london,monday,5.499999999998284,-3.4000000000000696,1.1799999999997368,1.30000000000019,0.28813559322040916,20,3,0.8695652173913043
SHORT_3.5_002,3.5,SHORT,2024-01-15T11:50:00.000000000Z,london,monday,5.499999999998284,-4.299999999999304,1.0899999999998133,1.0500000000002174,0.39449541284404044,21,2,0.9130434782608695
SHORT_3.5_002,3.5,SHORT,2024-01-15T11:51:00.000000000Z,london,monday,3.1999999999987594,-1.500000000000945,0.8099999999999774,0.4250000000005638,0.18518518518530702,22,1,0.9565217391304348
SHORT_3.5_002,3.5,SHORT,2024-01-15T11:52:00.000000000Z,london,monday,4.599999999999049,-4.100000000000215,1.0499999999997733,1.0250000000000536,0.3904761904762952,23,0,1.0
SHORT_3.5_003,3.5,SHORT,2024-01-15T12:04:00.000000000Z,london,monday,5.5000000000005045,5.5000000000005045,0.9900000000007125,1.0500000000013276,0.5555555555552066,0,130,0.0
SHORT_3.5_003,3.5,SHORT,2024-01-15T12:05:00.000000000Z,london,monday,6.700000000001705,6.700000000001705,1.1100000000008325,1.3500000000010726,0.6036036036033045,1,129,0.007692307692307693
SHORT_3.5_003,3.5,SHORT,2024-01-15T12:06:00.000000000Z,london,monday,5.20000000000076,4.900000000001015,0.9900000000007125,1.3750000000006812,0.49494949494924123,2,128,0.015384615384615385
SHORT_3.5_003,3.5,SHORT,2024-01-15T12:07:00.000000000Z,london,monday,5.00000000000167,2.6999999999999247,0.8700000000008146,1.4500000000006175,0.31034482758590765,3,127,0.023076923076923078
SHORT_3.5_003,3.5,SHORT,2024-01-15T12:08:00.000000000Z,london,monday,5.00000000000167,2.5999999999992696,0.860000000000749,0.6750000000005363,0.3023255813950006,4,126,0.03076923076923077
SHORT_3.5_003,3.5,SHORT,2024-01-15T12:09:00.000000000Z,london,monday,6.500000000000394,5.899999999998684,0.9100000000006325,0.7750000000000812,0.6483516483510531,5,125,0.038461538461538464
SHORT_3.5_003,3.5,SHORT,2024-01-15T12:10:00.000000000Z,london,monday,6.800000000000139,6.499999999998174,0.9100000000006325,0.7750000000000812,0.7142857142850171,6,124,0.046153846153846156
SHORT_3.5_003,3.5,SHORT,2024-01-15T12:11:00.000000000Z,london,monday,7.200000000000539,7.200000000000539,0.920000000000476,0.7499999999999174,0.7826086956518277,7,123,0.05384615384615385
SHORT_3.5_003,3.5,SHORT,2024-01-15T12:12:00.000000000Z,london,monday,7.900000000000684,7.699999999999374,0.9700000000003595,0.8249999999998536,0.793814432989332,8,122,0.06153846153846154
SHORT_3.5_003,3.5,SHORT,2024-01-15T12:13:00.000000000Z,london,monday,9.40000000000163,9.40000000000163,1.100000000000323,0.7250000000003087,0.8545454545453518,9,121,0.06923076923076923
SHORT_3.5_003,3.5,SHORT,2024-01-15T12:14:00.000000000Z,london,monday,6.500000000000394,6.500000000000394,0.8100000000001994,0.800000000000245,0.8024691358023203,10,120,0.07692307692307693
SHORT_3.5_003,3.5,SHORT,2024-01-15T12:15:00.000000000Z,london,monday,5.800000000000249,4.999999999999449,0.660000000000105,0.700000000000145,0.7575757575755537,11,119,0.08461538461538462
SHORT_3.5_003,3.5,SHORT,2024-01-15T12:16:00.000000000Z,london,monday,5.800000000000249,5.199999999998539,0.640000000000196,0.5500000000002725,0.8124999999995229,12,118,0.09230769230769231
SHORT_3.5_003,3.5,SHORT,2024-01-15T12:17:00.000000000Z,london,monday,6.999999999999229,6.999999999999229,0.7200000000000539,0.49999999999994493,0.9722222222220424,13,117,0.1
SHORT_3.5_003,3.5,SHORT,2024-01-15T12:18:00.000000000Z,london,monday,7.200000000000539,7.200000000000539,0.740000000000185,0.5000000000005,0.9729729729728027,14,116,0.1076923076923077
SHORT_3.5_003,3.5,SHORT,2024-01-15T12:19:00.000000000Z,london,monday,5.300000000001415,2.9999999999996696,0.780000000000447,1.0750000000009363,0.38461538461512185,15,115,0.11538461538461539
SHORT_3.5_003,3.5,SHORT,2024-01-15T12:20:00.000000000Z,london,monday,5.00000000000167,2.80000000000058,0.760000000000538,1.0750000000009363,0.3684210526313944,16,114,0.12307692307692308
SHORT_3.5_003,3.5,SHORT,2024-01-15T12:21:00.000000000Z,london,monday,4.60000000000127,2.9999999999996696,0.780000000000447,0.9000000000009001,0.38461538461512185,17,113,0.13076923076923078
SHORT_3.5_003,3.5,SHORT,2024-01-15T12:22:00.000000000Z,london,monday,3.900000000001125,1.2999999999996348,0.8100000000004215,1.000000000000445,0.16049382716036523,18,112,0.13846153846153847
SHORT_3.5_003,3.5,SHORT,2024-01-15T12:23:00.000000000Z,london,monday,4.20000000000087,-1.80000000000069,0.820000000000265,0.8249999999998536,0.21951219512196443,19,111,0.14615384615384616
SHORT_3.5_003,3.5,SHORT,2024-01-15T12:24:00.000000000Z,london,monday,4.60000000000127,-2.80000000000058,0.800000000000356,0.8999999999997899,0.3499999999999167,20,110,0.15384615384615385
SHORT_3.5_003,3.5,SHORT,2024-01-15T12:25:00.000000000Z,london,monday,5.00000000000167,-3.20000000000098,0.840000000000396,0.8500000000000174,0.38095238095231804,21,109,0.16153846153846155
SHORT_3.5_003,3.5,SHORT,2024-01-15T12:26:00.000000000Z,london,monday,5.00000000000167,-1.1999999999989797,1.020000000000465,1.0750000000003812,0.11764705882337574,22,108,0.16923076923076924
SHORT_3.5_003,3.5,SHORT,2024-01-15T12:27:00.000000000Z,london,monday,5.20000000000076,-4.599999999999049,1.100000000000545,1.200000000000645,0.41818181818152456,23,107,0.17692307692307693
SHORT_3.5_003,3.5,SHORT,2024-01-15T12:28:00.000000000Z,london,monday,6.00000000000156,-6.00000000000156,1.120000000000454,1.300000000000745,0.5357142857142079,24,106,0.18461538461538463
SHORT_3.5_003,3.5,SHORT,2024-01-15T12:29:00.000000000Z,london,monday,4.3999999999999595,-3.6999999999998145,0.8900000000002795,1.200000000000645,0.4157303370785003,25,105,0.19230769230769232
SHORT_3.5_003,3.5,SHORT,2024-01-15T12:30:00.000000000Z,london,monday,5.599999999998939,-4.999999999999449,1.000000000000112,1.0250000000000536,0.499999999999889,26,104,0.2
SHORT_3.5_003,3.5,SHORT,2024-01-15T12:31:00.000000000Z,london,monday,5.800000000000249,-5.800000000000249,0.960000000000294,0.5500000000002725,0.6041666666665076,27,103,0.2076923076923077
SHORT_3.5_003,3.5,SHORT,2024-01-15T12:32:00.000000000Z,london,monday,4.8000000000003595,-4.599999999999049,0.880000000000436,0.40000000000040004,0.5227272727269057,28,102,0.2153846153846154
SHORT_3.5_003,3.5,SHORT,2024-01-15T12:33:00.000000000Z,london,monday,6.500000000000394,-5.399999999999849,0.960000000000516,1.000000000000445,0.5624999999996819,29,101,0.2230769230769231
SHORT_3.5_003,3.5,SHORT,2024-01-15T12:34:00.000000000Z,london,monday,6.500000000000394,-0.7999999999985796,1.340000000000563,1.7500000000009175,0.059701492537182356,30,100,0.23076923076923078
SHORT_3.5_003,3.5,SHORT,2024-01-15T12:35:00.000000000Z,london,monday,6.500000000000394,-1.3999999999980695,1.400000000000512,1.9500000000005624,0.09999999999982553,31,99,0.23846153846153847
SHORT_3.5_003,3.5,SHORT,2024-01-15T12:36:00.000000000Z,london,monday,6.500000000000394,-2.60000000000149,1.28000000000017,2.074999999999716,0.20312500000008946,32,98,0.24615384615384617
SHORT_3.5_003,3.5,SHORT,2024-01-15T12:37:00.000000000Z,london,monday,4.3999999999999595,-1.40000000000029,1.1600000000000499,1.6999999999994797,0.12068965517243359,33,97,0.25384615384615383
SHORT_3.5_003,3.5,SHORT,2024-01-15T12:38:00.000000000Z,london,monday,4.20000000000087,-2.5999999999992696,1.2799999999999478,1.1499999999992072,0.2031249999999512,34,96,0.26153846153846155
SHORT_3.5_003,3.5,SHORT,2024-01-15T12:39:00.000000000Z,london,monday,4.599999999999049,0.9999999999998899,1.6399999999998638,1.7999999999990246,0.06097560975609591,35,95,0.2692307692307692
SHORT_3.5_003,3.5,SHORT,2024-01-15T12:40:00.000000000Z,london,monday,8.60000000000083,6.200000000000649,1.9200000000001438,2.6249999999999885,0.3229166666666763,36,94,0.27692307692307694
SHORT_3.5_003,3.5,SHORT,2024-01-15T12:41:00.000000000Z,london,monday,11.200000000000099,9.00000000000123,2.1599999999999397,3.049999999999997,0.4166666666667352,37,93,0.2846153846153846
SHORT_3.5_003,3.5,SHORT,2024-01-15T12:42:00.000000000Z,london,monday,11.200000000000099,5.899999999998684,2.429999999999932,3.275000000000361,0.24279835390941765,38,92,0.2923076923076923
SHORT_3.5_003,3.5,SHORT,2024-01-15T12:43:00.000000000Z,london,monday,11.200000000000099,9.799999999999809,2.3400000000000087,2.7500000000008074,0.41880341880340904,39,91,0.3
SHORT_3.5_003,3.5,SHORT,2024-01-15T12:44:00.000000000Z,london,monday,10.200000000000209,3.1999999999987594,2.1599999999999397,2.3500000000004073,0.14814814814809485,40,90,0.3076923076923077
SHORT_3.5_003,3.5,SHORT,2024-01-15T12:45:00.000000000Z,london,monday,10.200000000000209,3.9999999999995595,2.0799999999998597,1.7500000000003624,0.1923076923076841,41,89,0.3153846153846154
SHORT_3.5_003,3.5,SHORT,2024-01-15T12:46:00.000000000Z,london,monday,10.200000000000209,1.7000000000000348,2.1700000000002273,1.4250000000004537,0.0783410138248782,42,88,0.3230769230769231
SHORT_3.5_003,3.5,SHORT,2024-01-15T12:47:00.000000000Z,london,monday,10.200000000000209,3.5999999999991594,2.180000000000293,1.30000000000019,0.16513761467883833,43,87,0.33076923076923076
SHORT_3.5_003,3.5,SHORT,2024-01-15T12:48:00.000000000Z,london,monday,10.200000000000209,5.999999999999339,2.020000000000355,0.800000000000245,0.29702970297021214,44,86,0.3384615384615385
SHORT_3.5_003,3.5,SHORT,2024-01-15T12:49:00.000000000Z,london,monday,6.6000000000010495,3.8000000000004697,1.800000000000468,1.100000000000545,0.21111111111108233,45,85,0.34615384615384615
SHORT_3.5_003,3.5,SHORT,2024-01-15T12:50:00.000000000Z,london,monday,5.60000000000116,0.700000000000145,1.4900000000004354,0.9250000000005087,0.04697986577180808,46,84,0.35384615384615387
SHORT_3.5_003,3.5,SHORT,2024-01-15T12:51:00.000000000Z,london,monday,5.60000000000116,-3.4000000000000696,1.380000000000603,1.0500000000007725,0.2463768115941003,47,83,0.36153846153846153
SHORT_3.5_003,3.5,SHORT,2024-01-15T12:52:00.000000000Z,london,monday,4.20000000000087,0.700000000000145,1.2100000000003774,1.2500000000004174,0.057851239669415425,48,82,0.36923076923076925
SHORT_3.5_003,3.5,SHORT,2024-01-15T12:53:00.000000000Z,london,monday,4.3999999999999595,0.1999999999990898,1.160000000000272,1.1500000000003174,0.01724137931026232,49,81,0.3769230769230769
SHORT_3.5_003,3.5,SHORT,2024-01-15T12:54:00.000000000Z,london,monday,4.3999999999999595,2.5999999999992696,0.920000000000254,0.9249999999999536,0.2826086956520165,50,80,0.38461538461538464
SHORT_3.5_003,3.5,SHORT,2024-01-15T12:55:00.000000000Z,london,monday,4.3999999999999595,1.40000000000029,1.040000000000152,0.8999999999992347,0.13461538461539282,51,79,0.3923076923076923
SHORT_3.5_003,3.5,SHORT,2024-01-15T12:56:00.000000000Z,london,monday,4.3999999999999595,2.60000000000149,0.9200000000000319,0.6999999999995898,0.28260869565232605,52,78,0.4
SHORT_3.5_003,3.5,SHORT,2024-01-15T12:57:00.000000000Z,london,monday,4.199999999998649,-0.7999999999985796,1.060000000000061,1.0499999999996623,0.07547169811306921,53,77,0.4076923076923077
SHORT_3.5_003,3.5,SHORT,2024-01-15T12:58:00.000000000Z,london,monday,4.199999999998649,-0.7999999999985796,1.060000000000061,1.1499999999997623,0.07547169811306921,54,76,0.4153846153846154
SHORT_3.5_003,3.5,SHORT,2024-01-15T12:59:00.000000000Z,london,monday,4.199999999998649,-1.5999999999993797,0.9799999999999809,0.9500000000001174,0.16326530612238888,55,75,0.4230769230769231
SHORT_3.5_003,3.5,SHORT,2024-01-15T13:00:00.000000000Z,london,monday,6.099999999999994,-5.40000000000207,1.1799999999999589,1.5750000000003261,0.45762711864425915,56,74,0.4307692307692308
SHORT_3.5_003,3.5,SHORT,2024-01-15T13:01:00.000000000Z,london,monday,6.099999999999994,-2.5999999999992696,1.1600000000000499,1.300000000000745,0.22413793103441015,57,73,0.43846153846153846
SHORT_3.5_003,3.5,SHORT,2024-01-15T13:02:00.000000000Z,london,monday,6.099999999999994,-4.199999999998649,1.080000000000192,1.300000000000745,0.3888888888886947,58,72,0.4461538461538462
SHORT_3.5_003,3.5,SHORT,2024-01-15T13:03:00.000000000Z,london,monday,6.199999999998429,-6.199999999998429,1.080000000000192,1.400000000000845,0.5740740740738266,59,71,0.45384615384615384
SHORT_3.5_003,3.5,SHORT,2024-01-15T13:04:00.000000000Z,london,monday,7.599999999998719,-7.599999999998719,1.220000000000221,1.0250000000006088,0.6229508196719133,60,70,0.46153846153846156
SHORT_3.5_003,3.5,SHORT,2024-01-15T13:05:00.000000000Z,london,monday,6.200000000000649,-4.8000000000003595,1.220000000000443,1.0500000000002174,0.3934426229507063,61,69,0.46923076923076923
SHORT_3.5_003,3.5,SHORT,2024-01-15T13:06:00.000000000Z,london,monday,6.00000000000156,-6.00000000000156,1.340000000000563,1.3500000000005175,0.44776119402977904,62,68,0.47692307692307695
SHORT_3.5_003,3.5,SHORT,2024-01-15T13:07:00.000000000Z,london,monday,4.999999999999449,-3.9999999999995595,1.140000000000363,1.2000000000000899,0.3508771929823058,63,67,0.4846153846153846
SHORT_3.5_003,3.5,SHORT,2024-01-15T13:08:00.000000000Z,london,monday,6.399999999999739,-5.800000000000249,1.240000000000352,1.2000000000000899,0.4677419354837583,64,66,0.49230769230769234
SHORT_3.5_003,3.5,SHORT,2024-01-15T13:09:00.000000000Z,london,monday,9.00000000000123,-9.00000000000123,1.440000000000552,1.50000000000039,0.6249999999998458,65,65,0.5
SHORT_3.5_003,3.5,SHORT,2024-01-15T13:10:00.000000000Z,london,monday,7.4000000000018495,-4.299999999999304,1.3300000000004975,1.5500000000001624,0.3233082706765185,66,64,0.5076923076923077
SHORT_3.5_003,3.5,SHORT,2024-01-15T13:11:00.000000000Z,london,monday,7.4000000000018495,-4.20000000000087,1.340000000000341,1.80000000000069,0.31343283582088066,67,63,0.5153846153846153
SHORT_3.5_003,3.5,SHORT,2024-01-15T13:12:00.000000000Z,london,monday,7.0000000000014495,-4.999999999999449,1.4200000000001989,1.7500000000003624,0.3521126760562499,68,62,0.5230769230769231
SHORT_3.5_003,3.5,SHORT,2024-01-15T13:13:00.000000000Z,london,monday,6.00000000000156,-4.8000000000003595,1.40000000000029,1.30000000000019,0.34285714285709756,69,61,0.5307692307692308
SHORT_3.5_003,3.5,SHORT,2024-01-15T13:14:00.000000000Z,london,monday,6.00000000000156,-3.4000000000000696,1.260000000000261,0.8500000000000174,0.2698412698412195,70,60,0.5384615384615384
SHORT_3.5_003,3.5,SHORT,2024-01-15T13:15:00.000000000Z,london,monday,6.00000000000156,-5.399999999999849,1.180000000000181,0.6499999999998174,0.45762711864398486,71,59,0.5461538461538461
SHORT_3.5_003,3.5,SHORT,2024-01-15T13:16:00.000000000Z,london,monday,4.3999999999999595,-1.5999999999993797,1.2399999999999078,0.8999999999997899,0.12903225806447569,72,58,0.5538461538461539
SHORT_3.5_003,3.5,SHORT,2024-01-15T13:17:00.000000000Z,london,monday,4.00000000000178,-0.20000000000131024,1.3000000000000789,0.9499999999995623,0.01538461538471524,73,57,0.5615384615384615
SHORT_3.5_003,3.5,SHORT,2024-01-15T13:18:00.000000000Z,london,monday,3.8000000000004697,1.100000000000545,1.1699999999998933,0.974999999999171,0.09401709401714917,74,56,0.5692307692307692
SHORT_3.5_003,3.5,SHORT,2024-01-15T13:19:00.000000000Z,london,monday,5.60000000000116,5.60000000000116,1.0999999999996568,1.2999999999990797,0.5090909090911734,75,55,0.5769230769230769
SHORT_3.5_003,3.5,SHORT,2024-01-15T13:20:00.000000000Z,london,monday,4.999999999999449,3.8000000000004697,0.9199999999995878,0.7499999999993623,0.41304347826110566,76,54,0.5846153846153846
SHORT_3.5_003,3.5,SHORT,2024-01-15T13:21:00.000000000Z,london,monday,4.999999999999449,2.4000000000001798,0.7799999999995588,0.4999999999993898,0.3076923076925048,77,53,0.5923076923076923
SHORT_3.5_003,3.5,SHORT,2024-01-15T13:22:00.000000000Z,london,monday,4.999999999999449,1.9999999999997797,0.8199999999995988,0.8749999999996261,0.24390243902448272,78,52,0.6
SHORT_3.5_003,3.5,SHORT,2024-01-15T13:23:00.000000000Z,london,monday,4.999999999999449,2.80000000000058,0.7399999999995188,0.3999999999998449,0.37837837837870275,79,51,0.6076923076923076
SHORT_3.5_003,3.5,SHORT,2024-01-15T13:24:00.000000000Z,london,monday,4.999999999999449,2.4000000000001798,0.7799999999995588,0.49999999999994493,0.3076923076925048,80,50,0.6153846153846154
SHORT_3.5_003,3.5,SHORT,2024-01-15T13:25:00.000000000Z,london,monday,4.999999999999449,4.199999999998649,0.8399999999995078,0.7999999999996898,0.5000000000001321,81,49,0.6230769230769231
SHORT_3.5_003,3.5,SHORT,2024-01-15T13:26:00.000000000Z,london,monday,2.80000000000058,0.8000000000008001,0.7399999999995188,0.6999999999995898,0.10810810810828653,82,48,0.6307692307692307
SHORT_3.5_003,3.5,SHORT,2024-01-15T13:27:00.000000000Z,london,monday,1.9999999999997797,0.9000000000014552,0.7499999999995843,0.9749999999997261,0.12000000000026054,83,47,0.6384615384615384
SHORT_3.5_003,3.5,SHORT,2024-01-15T13:28:00.000000000Z,london,monday,2.9999999999996696,-1.100000000000545,0.9499999999997844,1.3999999999997348,0.11578947368429418,84,46,0.6461538461538462
SHORT_3.5_003,3.5,SHORT,2024-01-15T13:29:00.000000000Z,london,monday,2.9999999999996696,-2.9999999999996696,0.7599999999998719,1.0999999999999899,0.3947368421052862,85,45,0.6538461538461539
SHORT_3.5_003,3.5,SHORT,2024-01-15T13:30:00.000000000Z,london,monday,2.9999999999996696,-0.40000000000040004,1.0199999999997988,1.4500000000000624,0.03921568627455676,86,44,0.6615384615384615
SHORT_3.5_003,3.5,SHORT,2024-01-15T13:31:00.000000000Z,london,monday,4.100000000000215,1.100000000000545,1.1699999999998933,1.5500000000001624,0.09401709401714917,87,43,0.6692307692307692
SHORT_3.5_003,3.5,SHORT,2024-01-15T13:32:00.000000000Z,london,monday,4.199999999998649,2.7999999999983594,1.0199999999997988,1.0499999999996623,0.2745098039214619,88,42,0.676923076923077
SHORT_3.5_003,3.5,SHORT,2024-01-15T13:33:00.000000000Z,london,monday,4.199999999998649,2.4000000000001798,1.0599999999996168,1.1499999999992072,0.22641509433972146,89,41,0.6846153846153846
SHORT_3.5_003,3.5,SHORT,2024-01-15T13:34:00.000000000Z,london,monday,4.500000000000615,3.5000000000007248,1.0899999999995913,0.6749999999994261,0.32110091743137953,90,40,0.6923076923076923
SHORT_3.5_003,3.5,SHORT,2024-01-15T13:35:00.000000000Z,london,monday,5.1000000000001044,2.900000000001235,1.0299999999996423,0.44999999999906226,0.2815533980584701,91,39,0.7
SHORT_3.5_003,3.5,SHORT,2024-01-15T13:36:00.000000000Z,london,monday,5.1000000000001044,2.1999999999988695,1.0999999999998789,0.8999999999997899,0.19999999999991927,92,38,0.7076923076923077
SHORT_3.5_003,3.5,SHORT,2024-01-15T13:37:00.000000000Z,london,monday,5.1000000000001044,-0.40000000000040004,1.1399999999996968,1.174999999999926,0.035087719298290035,93,37,0.7153846153846154
SHORT_3.5_003,3.5,SHORT,2024-01-15T13:38:00.000000000Z,london,monday,5.1000000000001044,2.5999999999992696,1.0199999999995768,1.2249999999996986,0.25490196078434785,94,36,0.7230769230769231
SHORT_3.5_003,3.5,SHORT,2024-01-15T13:39:00.000000000Z,london,monday,5.1000000000001044,2.4999999999986144,1.0299999999996423,1.0999999999999899,0.2427184466018915,95,35,0.7307692307692307
SHORT_3.5_003,3.5,SHORT,2024-01-15T13:40:00.000000000Z,london,monday,3.4000000000000696,-0.8000000000008001,0.8399999999997299,0.7999999999996898,0.09523809523822112,96,34,0.7384615384615385
SHORT_3.5_003,3.5,SHORT,2024-01-15T13:41:00.000000000Z,london,monday,3.900000000001125,-2.900000000001235,0.7499999999995843,0.5749999999998812,0.38666666666704563,97,33,0.7461538461538462
SHORT_3.5_003,3.5,SHORT,2024-01-15T13:42:00.000000000Z,london,monday,3.900000000001125,-2.4999999999986144,0.7899999999998464,0.47500000000033626,0.3164556962024178,98,32,0.7538461538461538
SHORT_3.5_003,3.5,SHORT,2024-01-15T13:43:00.000000000Z,london,monday,3.900000000001125,-1.80000000000069,0.7800000000000029,0.5250000000001087,0.23076923076931835,99,31,0.7615384615384615
SHORT_3.5_003,3.5,SHORT,2024-01-15T13:44:00.000000000Z,london,monday,3.900000000001125,-2.100000000000435,0.7500000000000284,0.4500000000001725,0.2800000000000474,100,30,0.7692307692307693
SHORT_3.5_003,3.5,SHORT,2024-01-15T13:45:00.000000000Z,london,monday,3.900000000001125,-2.6999999999999247,0.6900000000000794,0.3000000000003,0.391304347826031,101,29,0.7769230769230769
SHORT_3.5_003,3.5,SHORT,2024-01-15T13:46:00.000000000Z,london,monday,1.9999999999997797,-1.1999999999989797,0.5399999999999849,0.27500000000013625,0.22222222222203947,102,28,0.7846153846153846
SHORT_3.5_003,3.5,SHORT,2024-01-15T13:47:00.000000000Z,london,monday,1.40000000000029,-0.10000000000065512,0.4300000000001525,0.3000000000003,0.02325581395363248,103,27,0.7923076923076923
SHORT_3.5_003,3.5,SHORT,2024-01-15T13:48:00.000000000Z,london,monday,1.40000000000029,-0.5999999999994898,0.380000000000269,0.3000000000003,0.15789473684185923,104,26,0.8
SHORT_3.5_003,3.5,SHORT,2024-01-15T13:49:00.000000000Z,london,monday,1.6000000000016001,0.30000000000196536,0.4500000000002835,0.5000000000005,0.06666666666706142,105,25,0.8076923076923077
SHORT_3.5_003,3.5,SHORT,2024-01-15T13:50:00.000000000Z,london,monday,2.20000000000109,1.6000000000016001,0.440000000000218,0.5500000000002725,0.36363636363654717,106,24,0.8153846153846154
SHORT_3.5_003,3.5,SHORT,2024-01-15T13:51:00.000000000Z,london,monday,2.900000000001235,2.900000000001235,0.4500000000002835,0.6250000000002087,0.6444444444443128,107,23,0.823076923076923
SHORT_3.5_003,3.5,SHORT,2024-01-15T13:52:00.000000000Z,london,monday,2.500000000000835,1.100000000000545,0.5300000000001415,0.8500000000000174,0.20754716981136817,108,22,0.8307692307692308
SHORT_3.5_003,3.5,SHORT,2024-01-15T13:53:00.000000000Z,london,monday,2.500000000000835,0.2999999999997449,0.5500000000002725,0.7750000000000812,0.05454545454538114,109,21,0.8384615384615385
SHORT_3.5_003,3.5,SHORT,2024-01-15T13:54:00.000000000Z,london,monday,2.500000000000835,-0.700000000000145,0.5700000000001815,0.7750000000000812,0.12280701754384599,110,20,0.8461538461538461
SHORT_3.5_003,3.5,SHORT,2024-01-15T13:55:00.000000000Z,london,monday,2.500000000000835,0.0,0.640000000000196,0.7750000000000812,0.0,111,19,0.8538461538461538
SHORT_3.5_003,3.5,SHORT,2024-01-15T13:56:00.000000000Z,london,monday,2.500000000000835,0.2999999999997449,0.6100000000002215,0.47500000000033626,0.049180327868792784,112,18,0.8615384615384616
SHORT_3.5_003,3.5,SHORT,2024-01-15T13:57:00.000000000Z,london,monday,2.500000000000835,0.40000000000040004,0.600000000000156,0.4250000000000087,0.06666666666671602,113,17,0.8692307692307693
SHORT_3.5_003,3.5,SHORT,2024-01-15T13:58:00.000000000Z,london,monday,2.4000000000001798,1.40000000000029,0.700000000000145,0.6250000000002087,0.2,114,16,0.8769230769230769
SHORT_3.5_003,3.5,SHORT,2024-01-15T13:59:00.000000000Z,london,monday,2.4000000000001798,0.3999999999981796,0.640000000000196,0.5000000000005,0.06249999999969642,115,15,0.8846153846153846
SHORT_3.5_003,3.5,SHORT,2024-01-15T14:00:00.000000000Z,london,monday,2.4000000000001798,-0.5999999999994898,0.6200000000000649,0.5749999999998812,0.09677419354829467,116,14,0.8923076923076924
SHORT_3.5_003,3.5,SHORT,2024-01-15T14:01:00.000000000Z,london,monday,2.4000000000001798,-0.10000000000065512,0.6699999999999484,0.7999999999996898,0.014925373134427286,117,13,0.9
SHORT_3.5_003,3.5,SHORT,2024-01-15T14:02:00.000000000Z,london,monday,2.5999999999992696,-1.40000000000029,0.7999999999999119,1.0999999999994348,0.1750000000000555,118,12,0.9076923076923077
SHORT_3.5_003,3.5,SHORT,2024-01-15T14:03:00.000000000Z,london,monday,3.9999999999995595,-2.2999999999995246,0.8899999999998354,1.3999999999991797,0.25842696629212925,119,11,0.9153846153846154
SHORT_3.5_003,3.5,SHORT,2024-01-15T14:04:00.000000000Z,london,monday,4.599999999999049,-2.2999999999995246,0.8899999999998354,1.4499999999995072,0.25842696629212925,120,10,0.9230769230769231
SHORT_3.5_003,3.5,SHORT,2024-01-15T14:05:00.000000000Z,london,monday,7.800000000000029,-6.200000000000649,1.1399999999999189,1.9500000000000073,0.5438596491229027,121,9,0.9307692307692308
SHORT_3.5_003,3.5,SHORT,2024-01-15T14:06:00.000000000Z,london,monday,10.000000000001119,-8.300000000001084,1.3499999999999623,1.8500000000004624,0.6148148148149123,122,8,0.9384615384615385
SHORT_3.5_003,3.5,SHORT,2024-01-15T14:07:00.000000000Z,london,monday,10.499999999999954,-8.500000000000174,1.3699999999998713,1.6250000000000986,0.6204379562044505,123,7,0.9461538461538461
SHORT_3.5_003,3.5,SHORT,2024-01-15T14:08:00.000000000Z,london,monday,11.200000000000099,-10.600000000000609,1.2999999999998568,1.6500000000002624,0.815384615384752,124,6,0.9538461538461539
SHORT_3.5_003,3.5,SHORT,2024-01-15T14:09:00.000000000Z,london,monday,11.200000000000099,-9.399999999999409,1.3799999999997148,1.0999999999999899,0.681159420289953,125,5,0.9615384615384616
SHORT_3.5_003,3.5,SHORT,2024-01-15T14:10:00.000000000Z,london,monday,11.200000000000099,-9.80000000000203,1.4199999999999768,0.7499999999999174,0.6901408450705767,126,4,0.9692307692307692
SHORT_3.5_003,3.5,SHORT,2024-01-15T14:11:00.000000000Z,london,monday,11.200000000000099,-10.600000000000609,1.3400000000001189,0.7250000000003087,0.7910447761193783,127,3,0.9769230769230769
SHORT_3.5_003,3.5,SHORT,2024-01-15T14:12:00.000000000Z,london,monday,8.60000000000083,-8.20000000000043,1.100000000000101,0.6000000000000449,0.7454545454545161,128,2,0.9846153846153847
SHORT_3.5_003,3.5,SHORT,2024-01-15T14:13:00.000000000Z,london,monday,7.200000000000539,-6.699999999999484,0.9700000000001374,0.37500000000023626,0.6907216494843851,129,1,0.9923076923076923
SHORT_3.5_003,3.5,SHORT,2024-01-15T14:14:00.000000000Z,london,monday,6.900000000000794,-6.900000000000794,0.9900000000002684,0.37500000000023626,0.6969696969695882,130,0,1.0
SHORT_3.5_004,3.5,SHORT,2024-01-15T14:24:00.000000000Z,london,monday,3.4000000000000696,2.6999999999999247,0.7899999999998464,0.8999999999997899,0.3417721518987911,0,74,0.0
SHORT_3.5_004,3.5,SHORT,2024-01-15T14:25:00.000000000Z,london,monday,3.4000000000000696,0.40000000000040004,0.8399999999999519,1.2000000000000899,0.04761904761909797,1,73,0.013513513513513514
SHORT_3.5_004,3.5,SHORT,2024-01-15T14:26:00.000000000Z,london,monday,3.8999999999989043,2.1999999999988695,1.0199999999997988,1.2499999999998623,0.21568627450973563,2,72,0.02702702702702703
SHORT_3.5_004,3.5,SHORT,2024-01-15T14:27:00.000000000Z,london,monday,3.8999999999989043,0.9999999999998899,0.9599999999998499,1.1499999999997623,0.10416666666667149,3,71,0.04054054054054054
SHORT_3.5_004,3.5,SHORT,2024-01-15T14:28:00.000000000Z,london,monday,3.8999999999989043,1.40000000000029,0.9199999999998099,1.1499999999997623,0.15217391304354122,4,70,0.05405405405405406
SHORT_3.5_004,3.5,SHORT,2024-01-15T14:29:00.000000000Z,london,monday,3.8999999999989043,2.60000000000149,0.8399999999999519,0.8500000000000174,0.30952380952400466,5,69,0.06756756756756757
SHORT_3.5_004,3.5,SHORT,2024-01-15T14:30:00.000000000Z,london,monday,4.3999999999999595,4.20000000000087,0.9999999999998899,0.7750000000000812,0.4200000000001332,6,68,0.08108108108108109
SHORT_3.5_004,3.5,SHORT,2024-01-15T14:31:00.000000000Z,london,monday,4.3999999999999595,3.4000000000000696,1.0799999999999699,0.9500000000001174,0.31481481481483004,7,67,0.0945945945945946
SHORT_3.5_004,3.5,SHORT,2024-01-15T14:32:00.000000000Z,london,monday,2.6999999999999247,1.100000000000545,0.9699999999999154,0.8500000000000174,0.11340206185573617,8,66,0.10810810810810811
SHORT_3.5_004,3.5,SHORT,2024-01-15T14:33:00.000000000Z,london,monday,2.4000000000001798,0.9999999999998899,0.9599999999998499,0.9499999999995623,0.10416666666667149,9,65,0.12162162162162163
SHORT_3.5_004,3.5,SHORT,2024-01-15T14:34:00.000000000Z,london,monday,2.4000000000001798,-0.5000000000010552,0.9099999999999664,0.6749999999999812,0.054945054945172926,10,64,0.13513513513513514
SHORT_3.5_004,3.5,SHORT,2024-01-15T14:35:00.000000000Z,london,monday,2.5999999999992696,-0.1999999999990898,0.8799999999997699,0.6999999999995898,0.02272727272717524,11,63,0.14864864864864866
SHORT_3.5_004,3.5,SHORT,2024-01-15T14:36:00.000000000Z,london,monday,2.5999999999992696,-0.6999999999979245,0.8299999999998864,0.8999999999997899,0.08433734939735185,12,62,0.16216216216216217
SHORT_3.5_004,3.5,SHORT,2024-01-15T14:37:00.000000000Z,london,monday,2.5999999999992696,-1.7999999999984695,0.9399999999999409,1.0999999999999899,0.1914893617019769,13,61,0.17567567567567569
SHORT_3.5_004,3.5,SHORT,2024-01-15T14:38:00.000000000Z,london,monday,2.5999999999992696,0.2999999999997449,0.9499999999997844,1.2499999999993072,0.03157894736840137,14,60,0.1891891891891892
SHORT_3.5_004,3.5,SHORT,2024-01-15T14:39:00.000000000Z,london,monday,2.5999999999992696,0.9999999999998899,1.0199999999997988,1.2000000000000899,0.09803921568628304,15,59,0.20270270270270271
SHORT_3.5_004,3.5,SHORT,2024-01-15T14:40:00.000000000Z,london,monday,2.5999999999992696,-0.5999999999994898,0.8599999999998609,0.8500000000000174,0.06976744186041708,16,58,0.21621621621621623
SHORT_3.5_004,3.5,SHORT,2024-01-15T14:41:00.000000000Z,london,monday,1.9999999999997797,0.40000000000040004,0.7599999999998719,0.49999999999994493,0.05263157894742993,17,57,0.22972972972972974
SHORT_3.5_004,3.5,SHORT,2024-01-15T14:42:00.000000000Z,london,monday,1.9999999999997797,0.7999999999985796,0.7200000000000539,0.27500000000069136,0.11111111111090552,18,56,0.24324324324324326
SHORT_3.5_004,3.5,SHORT,2024-01-15T14:43:00.000000000Z,london,monday,1.9999999999997797,0.0,0.6800000000000139,0.10000000000010001,0.0,19,55,0.25675675675675674
SHORT_3.5_004,3.5,SHORT,2024-01-15T14:44:00.000000000Z,london,monday,1.9999999999997797,0.8000000000008001,0.6599999999998829,0.17500000000003624,0.12121212121226393,20,54,0.2702702702702703
SHORT_3.5_004,3.5,SHORT,2024-01-15T14:45:00.000000000Z,london,monday,1.9999999999997797,1.9999999999997797,0.560000000000116,0.20000000000020002,0.35714285714274385,21,53,0.28378378378378377
SHORT_3.5_004,3.5,SHORT,2024-01-15T14:46:00.000000000Z,london,monday,1.9999999999997797,-0.8000000000008001,0.560000000000116,0.49999999999994493,0.14285714285725615,22,52,0.2972972972972973
SHORT_3.5_004,3.5,SHORT,2024-01-15T14:47:00.000000000Z,london,monday,1.9999999999997797,1.1999999999989797,0.48000000000003595,0.6000000000000449,0.2499999999997687,23,51,0.3108108108108108
SHORT_3.5_004,3.5,SHORT,2024-01-15T14:48:00.000000000Z,london,monday,1.40000000000029,0.30000000000196536,0.3900000000003345,0.5750000000004363,0.07692307692351488,24,50,0.32432432432432434
SHORT_3.5_004,3.5,SHORT,2024-01-15T14:49:00.000000000Z,london,monday,1.500000000000945,-1.500000000000945,0.3900000000003345,0.7750000000006363,0.38461538461529704,25,49,0.33783783783783783
SHORT_3.5_004,3.5,SHORT,2024-01-15T14:50:00.000000000Z,london,monday,2.100000000000435,-2.100000000000435,0.4500000000002835,0.5750000000004363,0.4666666666664693,26,48,0.35135135135135137
SHORT_3.5_004,3.5,SHORT,2024-01-15T14:51:00.000000000Z,london,monday,2.100000000000435,-1.9999999999997797,0.460000000000349,0.4500000000007276,0.4347826086952744,27,47,0.36486486486486486
SHORT_3.5_004,3.5,SHORT,2024-01-15T14:52:00.000000000Z,london,monday,2.20000000000109,-1.9999999999997797,0.460000000000349,0.4500000000007276,0.4347826086952744,28,46,0.3783783783783784
SHORT_3.5_004,3.5,SHORT,2024-01-15T14:53:00.000000000Z,london,monday,2.20000000000109,-1.5999999999993797,0.46000000000057106,0.27500000000069136,0.34782608695595507,29,45,0.3918918918918919
SHORT_3.5_004,3.5,SHORT,2024-01-15T14:54:00.000000000Z,london,monday,2.20000000000109,-2.100000000000435,0.4500000000007276,0.17500000000114646,0.46666666666600876,30,44,0.40540540540540543
SHORT_3.5_004,3.5,SHORT,2024-01-15T14:55:00.000000000Z,london,monday,2.20000000000109,-1.40000000000029,0.5200000000007421,0.3500000000011827,0.26923076923044076,31,43,0.4189189189189189
SHORT_3.5_004,3.5,SHORT,2024-01-15T14:56:00.000000000Z,london,monday,1.7000000000000348,0.8999999999992347,0.4700000000006366,0.5250000000006638,0.1914893617017055,32,42,0.43243243243243246
SHORT_3.5_004,3.5,SHORT,2024-01-15T14:57:00.000000000Z,london,monday,2.80000000000058,1.40000000000029,0.5200000000007421,0.7500000000004725,0.26923076923044076,33,41,0.44594594594594594
SHORT_3.5_004,3.5,SHORT,2024-01-15T14:58:00.000000000Z,london,monday,2.80000000000058,0.5999999999994898,0.56000000000056,0.8500000000000174,0.10714285714265889,34,40,0.4594594594594595
SHORT_3.5_004,3.5,SHORT,2024-01-15T14:59:00.000000000Z,london,monday,2.80000000000058,1.900000000001345,0.5100000000004545,0.7499999999999174,0.37254901960777487,35,39,0.47297297297297297
SHORT_3.5_004,3.5,SHORT,2024-01-15T15:00:00.000000000Z,london,monday,3.4000000000000696,3.2999999999994145,0.5300000000003635,0.7249999999997536,0.6226415094334248,36,38,0.4864864864864865
SHORT_3.5_004,3.5,SHORT,2024-01-15T15:01:00.000000000Z,london,monday,3.4000000000000696,1.1999999999989797,0.720000000000276,0.9499999999995623,0.16666666666646107,37,37,0.5
SHORT_3.5_004,3.5,SHORT,2024-01-15T15:02:00.000000000Z,london,monday,3.4000000000000696,0.9999999999998899,0.740000000000185,0.8999999999997899,0.1351351351350865,38,36,0.5135135135135135
SHORT_3.5_004,3.5,SHORT,2024-01-15T15:03:00.000000000Z,london,monday,3.4000000000000696,1.4999999999987246,0.7900000000000684,0.9749999999997261,0.1898734177213411,39,35,0.527027027027027
SHORT_3.5_004,3.5,SHORT,2024-01-15T15:04:00.000000000Z,london,monday,3.4000000000000696,2.9999999999996696,0.8999999999999009,1.0999999999999899,0.3333333333333333,40,34,0.5405405405405406
SHORT_3.5_004,3.5,SHORT,2024-01-15T15:05:00.000000000Z,london,monday,2.9999999999996696,2.9999999999996696,0.8999999999999009,0.800000000000245,0.3333333333333333,41,33,0.5540540540540541
SHORT_3.5_004,3.5,SHORT,2024-01-15T15:06:00.000000000Z,london,monday,2.80000000000058,1.9999999999997797,0.8200000000000429,0.7250000000003087,0.2439024390243506,42,32,0.5675675675675675
SHORT_3.5_004,3.5,SHORT,2024-01-15T15:07:00.000000000Z,london,monday,3.60000000000138,1.80000000000069,0.8000000000001339,0.7750000000006363,0.22500000000004858,43,31,0.581081081081081
SHORT_3.5_004,3.5,SHORT,2024-01-15T15:08:00.000000000Z,london,monday,3.60000000000138,1.4999999999987246,0.8300000000003305,0.6750000000010914,0.18072289156603943,44,30,0.5945945945945946
SHORT_3.5_004,3.5,SHORT,2024-01-15T15:09:00.000000000Z,london,monday,3.60000000000138,0.8999999999992347,0.8100000000001994,0.5250000000006638,0.11111111111098927,45,29,0.6081081081081081
SHORT_3.5_004,3.5,SHORT,2024-01-15T15:10:00.000000000Z,london,monday,3.60000000000138,-0.700000000000145,0.8100000000004215,0.7000000000007001,0.08641975308639267,46,28,0.6216216216216216
SHORT_3.5_004,3.5,SHORT,2024-01-15T15:11:00.000000000Z,london,monday,3.60000000000138,-0.40000000000040004,0.780000000000447,0.900000000000345,0.05128205128207318,47,27,0.6351351351351351
SHORT_3.5_004,3.5,SHORT,2024-01-15T15:12:00.000000000Z,london,monday,6.200000000000649,-2.5999999999992696,1.000000000000334,1.3249999999997986,0.25999999999984014,48,26,0.6486486486486487
SHORT_3.5_004,3.5,SHORT,2024-01-15T15:13:00.000000000Z,london,monday,6.200000000000649,-1.4999999999987246,1.1100000000003885,1.7250000000001986,0.13513513513497294,49,25,0.6621621621621622
SHORT_3.5_004,3.5,SHORT,2024-01-15T15:14:00.000000000Z,london,monday,6.200000000000649,-2.6999999999999247,0.9900000000002684,1.5499999999996072,0.27272727272719116,50,24,0.6756756756756757
SHORT_3.5_004,3.5,SHORT,2024-01-15T15:15:00.000000000Z,london,monday,6.200000000000649,-2.6999999999999247,0.9900000000002684,1.3249999999997986,0.27272727272719116,51,23,0.6891891891891891
SHORT_3.5_004,3.5,SHORT,2024-01-15T15:16:00.000000000Z,london,monday,6.200000000000649,-2.0999999999982144,1.0300000000003084,0.800000000000245,0.20388349514539666,52,22,0.7027027027027027
SHORT_3.5_004,3.5,SHORT,2024-01-15T15:17:00.000000000Z,london,monday,6.200000000000649,-4.00000000000178,1.040000000000374,0.6000000000006,0.38461538461541744,53,21,0.7162162162162162
SHORT_3.5_004,3.5,SHORT,2024-01-15T15:18:00.000000000Z,london,monday,5.299999999999194,-3.2999999999994145,0.9700000000001374,0.6250000000007638,0.34020618556690174,54,20,0.7297297297297297
SHORT_3.5_004,3.5,SHORT,2024-01-15T15:19:00.000000000Z,london,monday,5.1000000000001044,-3.1000000000003247,0.9500000000002284,0.4250000000005638,0.32631578947363993,55,19,0.7432432432432432
SHORT_3.5_004,3.5,SHORT,2024-01-15T15:20:00.000000000Z,london,monday,4.299999999999304,-2.5999999999992696,0.9000000000001229,0.37500000000023626,0.2888888888887683,56,18,0.7567567567567568
SHORT_3.5_004,3.5,SHORT,2024-01-15T15:21:00.000000000Z,london,monday,3.20000000000098,-0.7999999999985796,0.740000000000185,0.14999999999987246,0.10810810810788915,57,17,0.7702702702702703
SHORT_3.5_004,3.5,SHORT,2024-01-15T15:22:00.000000000Z,london,monday,3.9999999999995595,3.9999999999995595,0.700000000000145,0.6499999999998174,0.5714285714283902,58,16,0.7837837837837838
SHORT_3.5_004,3.5,SHORT,2024-01-15T15:23:00.000000000Z,london,monday,2.2999999999995246,0.3999999999981796,0.700000000000145,1.0999999999999899,0.057142857142585254,59,15,0.7972972972972973
SHORT_3.5_004,3.5,SHORT,2024-01-15T15:24:00.000000000Z,london,monday,2.500000000000835,2.300000000001745,0.8900000000005015,1.5250000000005537,0.2584269662921853,60,14,0.8108108108108109
SHORT_3.5_004,3.5,SHORT,2024-01-15T15:25:00.000000000Z,london,monday,5.1000000000001044,4.100000000000215,1.0700000000003485,2.1500000000002073,0.38317757009335324,61,13,0.8243243243243243
SHORT_3.5_004,3.5,SHORT,2024-01-15T15:26:00.000000000Z,london,monday,5.699999999999594,4.199999999998649,1.080000000000192,1.7500000000003624,0.3888888888886947,62,12,0.8378378378378378
SHORT_3.5_004,3.5,SHORT,2024-01-15T15:27:00.000000000Z,london,monday,5.699999999999594,3.4000000000000696,1.1600000000000499,1.7500000000003624,0.2931034482758555,63,11,0.8513513513513513
SHORT_3.5_004,3.5,SHORT,2024-01-15T15:28:00.000000000Z,london,monday,5.699999999999594,3.20000000000098,1.1799999999999589,1.3499999999994072,0.2711864406780586,64,10,0.8648648648648649
SHORT_3.5_004,3.5,SHORT,2024-01-15T15:29:00.000000000Z,london,monday,5.699999999999594,4.100000000000215,1.2699999999998823,0.9249999999993985,0.32283464566933817,65,9,0.8783783783783784
SHORT_3.5_004,3.5,SHORT,2024-01-15T15:30:00.000000000Z,london,monday,5.699999999999594,2.100000000000435,1.4699999999998603,1.3499999999994072,0.142857142857186,66,8,0.8918918918918919
SHORT_3.5_004,3.5,SHORT,2024-01-15T15:31:00.000000000Z,london,monday,5.599999999998939,1.40000000000029,1.5199999999997438,1.0499999999991072,0.09210526315792933,67,7,0.9054054054054054
SHORT_3.5_004,3.5,SHORT,2024-01-15T15:32:00.000000000Z,london,monday,5.20000000000076,-0.9999999999998899,1.3199999999999878,0.9999999999998899,0.07575757575756811,68,6,0.918918918918919
SHORT_3.5_004,3.5,SHORT,2024-01-15T15:33:00.000000000Z,london,monday,5.20000000000076,0.30000000000196536,1.1899999999998023,0.8999999999997899,0.02521008403378279,69,5,0.9324324324324325
SHORT_3.5_004,3.5,SHORT,2024-01-15T15:34:00.000000000Z,london,monday,5.20000000000076,-2.000000000002,1.0199999999997988,0.40000000000040004,0.19607843137278377,70,4,0.9459459459459459
SHORT_3.5_004,3.5,SHORT,2024-01-15T15:35:00.000000000Z,london,monday,5.699999999999594,-5.1000000000001044,0.8099999999997554,0.37500000000023626,0.6296296296298327,71,3,0.9594594594594594
SHORT_3.5_004,3.5,SHORT,2024-01-15T15:36:00.000000000Z,london,monday,6.599999999998829,-6.599999999998829,0.8399999999997299,0.5499999999997174,0.785714285714399,72,2,0.972972972972973
SHORT_3.5_004,3.5,SHORT,2024-01-15T15:37:00.000000000Z,london,monday,6.6000000000010495,-6.099999999999994,0.7899999999998464,0.7500000000004725,0.7721518987343267,73,1,0.9864864864864865
SHORT_3.5_004,3.5,SHORT,2024-01-15T15:38:00.000000000Z,london,monday,6.900000000000794,-6.00000000000156,0.7800000000000029,0.7499999999999174,0.7692307692309663,74,0,1.0
SHORT_3.5_005,3.5,SHORT,2024-01-15T15:58:00.000000000Z,london,monday,7.399999999999629,7.399999999999629,0.8200000000000429,0.6000000000006,0.9024390243901514,0,59,0.0
SHORT_3.5_005,3.5,SHORT,2024-01-15T15:59:00.000000000Z,london,monday,6.399999999999739,5.399999999999849,0.8200000000000429,0.800000000000245,0.6585365853658008,1,58,0.01694915254237288
SHORT_3.5_005,3.5,SHORT,2024-01-15T16:00:00.000000000Z,other,monday,3.9999999999995595,3.9999999999995595,0.6800000000000139,0.9749999999997261,0.5882352941175703,2,57,0.03389830508474576
SHORT_3.5_005,3.5,SHORT,2024-01-15T16:01:00.000000000Z,other,monday,3.6999999999998145,3.6999999999998145,0.6500000000000394,0.6749999999994261,0.5692307692307061,3,56,0.05084745762711865
SHORT_3.5_005,3.5,SHORT,2024-01-15T16:02:00.000000000Z,other,monday,3.6999999999998145,3.300000000001635,0.6899999999998574,0.6249999999990985,0.4782608695655532,4,55,0.06779661016949153
SHORT_3.5_005,3.5,SHORT,2024-01-15T16:03:00.000000000Z,other,monday,2.2999999999995246,0.8000000000008001,0.6599999999998829,0.6499999999992623,0.12121212121226393,5,54,0.0847457627118644
SHORT_3.5_005,3.5,SHORT,2024-01-15T16:04:00.000000000Z,other,monday,2.4999999999986144,-0.7999999999985796,0.6999999999999229,0.6249999999996536,0.11428571428552396,6,53,0.1016949152542373
SHORT_3.5_005,3.5,SHORT,2024-01-15T16:05:00.000000000Z,other,monday,2.4999999999986144,-0.5999999999994898,0.7199999999998319,0.7249999999997536,0.08333333333328194,7,52,0.11864406779661017
SHORT_3.5_005,3.5,SHORT,2024-01-15T16:06:00.000000000Z,other,monday,2.4999999999986144,0.10000000000065512,0.7099999999997664,0.700000000000145,0.014084507042350427,8,51,0.13559322033898305
SHORT_3.5_005,3.5,SHORT,2024-01-15T16:07:00.000000000Z,other,monday,2.4999999999986144,-1.2000000000012,0.5999999999997119,0.4500000000001725,0.20000000000029605,9,50,0.15254237288135594
SHORT_3.5_005,3.5,SHORT,2024-01-15T16:08:00.000000000Z,other,monday,2.4999999999986144,-1.900000000001345,0.5499999999998284,0.2250000000003638,0.3454545454548978,10,49,0.1694915254237288
SHORT_3.5_005,3.5,SHORT,2024-01-15T16:09:00.000000000Z,other,monday,2.4999999999986144,-0.8000000000008001,0.45999999999990493,0.15000000000042757,0.17391304347847075,11,48,0.1864406779661017
SHORT_3.5_005,3.5,SHORT,2024-01-15T16:10:00.000000000Z,other,monday,2.4999999999986144,-1.1999999999989797,0.42000000000008697,0.2500000000005276,0.2857142857139836,12,47,0.2033898305084746
SHORT_3.5_005,3.5,SHORT,2024-01-15T16:11:00.000000000Z,other,monday,2.4999999999986144,-2.0999999999982144,0.5100000000000104,0.4500000000001725,0.4117647058819944,13,46,0.22033898305084745
SHORT_3.5_005,3.5,SHORT,2024-01-15T16:12:00.000000000Z,other,monday,2.100000000000435,-1.6000000000016001,0.48000000000003595,0.4499999999996174,0.33333333333364173,14,45,0.23728813559322035
SHORT_3.5_005,3.5,SHORT,2024-01-15T16:13:00.000000000Z,other,monday,1.8999999999991246,-1.5999999999993797,0.4799999999998139,0.6999999999990347,0.3333333333333333,15,44,0.2542372881355932
SHORT_3.5_005,3.5,SHORT,2024-01-15T16:14:00.000000000Z,other,monday,1.8999999999991246,0.40000000000040004,0.4799999999998139,0.774999999998971,0.08333333333344899,16,43,0.2711864406779661
SHORT_3.5_005,3.5,SHORT,2024-01-15T16:15:00.000000000Z,other,monday,1.8999999999991246,0.7999999999985796,0.5199999999996319,0.7499999999988072,0.15384615384598962,17,42,0.288135593220339
SHORT_3.5_005,3.5,SHORT,2024-01-15T16:16:00.000000000Z,other,monday,1.8999999999991246,-0.5999999999994898,0.5999999999994898,0.9999999999987796,0.1,18,41,0.3050847457627119
SHORT_3.5_005,3.5,SHORT,2024-01-15T16:17:00.000000000Z,other,monday,1.8999999999991246,0.1999999999990898,0.6599999999992168,0.8999999999986796,0.030303030302928354,19,40,0.3220338983050847
SHORT_3.5_005,3.5,SHORT,2024-01-15T16:18:00.000000000Z,other,monday,1.8999999999991246,-0.700000000000145,0.7499999999991402,0.8999999999986796,0.09333333333345965,20,39,0.3389830508474576
SHORT_3.5_005,3.5,SHORT,2024-01-15T16:19:00.000000000Z,other,monday,2.2999999999995246,-1.5999999999993797,0.8199999999989327,0.8999999999986796,0.19512195121969053,21,38,0.3559322033898305
SHORT_3.5_005,3.5,SHORT,2024-01-15T16:20:00.000000000Z,other,monday,2.2999999999995246,-2.2999999999995246,0.7499999999989182,0.6249999999990985,0.3066666666670456,22,37,0.3728813559322034
SHORT_3.5_005,3.5,SHORT,2024-01-15T16:21:00.000000000Z,other,monday,2.1999999999988695,-0.700000000000145,0.7299999999990092,0.6249999999996536,0.09589041095905411,23,36,0.3898305084745763
SHORT_3.5_005,3.5,SHORT,2024-01-15T16:22:00.000000000Z,other,monday,2.1999999999988695,-0.4999999999988347,0.7499999999991402,0.4499999999996174,0.06666666666658772,24,35,0.4067796610169492
SHORT_3.5_005,3.5,SHORT,2024-01-15T16:23:00.000000000Z,other,monday,2.1999999999988695,1.7000000000000348,0.7499999999993623,0.5250000000001087,0.22666666666686405,25,34,0.423728813559322
SHORT_3.5_005,3.5,SHORT,2024-01-15T16:24:00.000000000Z,other,monday,2.1999999999988695,0.1999999999990898,0.6999999999994788,0.6500000000003725,0.028571428571319814,26,33,0.4406779661016949
SHORT_3.5_005,3.5,SHORT,2024-01-15T16:25:00.000000000Z,other,monday,2.1999999999988695,-0.700000000000145,0.6299999999996864,0.5000000000005,0.11111111111118943,27,32,0.4576271186440678
SHORT_3.5_005,3.5,SHORT,2024-01-15T16:26:00.000000000Z,other,monday,2.100000000000435,0.8999999999992347,0.5699999999999594,0.5500000000008276,0.15789473684198224,28,31,0.4745762711864407
SHORT_3.5_005,3.5,SHORT,2024-01-15T16:27:00.000000000Z,other,monday,4.3999999999999595,2.60000000000149,0.740000000000185,0.8750000000007363,0.3513513513514649,29,30,0.4915254237288136
SHORT_3.5_005,3.5,SHORT,2024-01-15T16:28:00.000000000Z,other,monday,4.500000000000615,3.700000000002035,0.6500000000002615,0.7750000000006363,0.5692307692308534,30,29,0.5084745762711864
SHORT_3.5_005,3.5,SHORT,2024-01-15T16:29:00.000000000Z,other,monday,5.1000000000001044,5.1000000000001044,0.6300000000003525,0.900000000000345,0.8095238095233731,31,28,0.5254237288135594
SHORT_3.5_005,3.5,SHORT,2024-01-15T16:30:00.000000000Z,other,monday,5.1000000000001044,4.500000000000615,0.6900000000003015,0.9249999999999536,0.6521739130432824,32,27,0.5423728813559322
SHORT_3.5_005,3.5,SHORT,2024-01-15T16:31:00.000000000Z,other,monday,4.3999999999999595,2.4999999999986144,0.7500000000004725,0.6500000000003725,0.3333333333329386,33,26,0.559322033898305
SHORT_3.5_005,3.5,SHORT,2024-01-15T16:32:00.000000000Z,other,monday,4.100000000000215,0.7999999999985796,0.860000000000527,0.9750000000002812,0.09302325581373132,34,25,0.576271186440678
SHORT_3.5_005,3.5,SHORT,2024-01-15T16:33:00.000000000Z,other,monday,3.60000000000138,0.2999999999997449,0.8100000000006435,0.9750000000008363,0.03703703703697612,35,24,0.5932203389830508
SHORT_3.5_005,3.5,SHORT,2024-01-15T16:34:00.000000000Z,other,monday,3.60000000000138,1.80000000000069,0.860000000000527,1.0750000000009363,0.20930232558134731,36,23,0.6101694915254238
SHORT_3.5_005,3.5,SHORT,2024-01-15T16:35:00.000000000Z,other,monday,3.60000000000138,0.2999999999997449,1.0100000000006215,1.1500000000008725,0.02970297029698617,37,22,0.6271186440677966
SHORT_3.5_005,3.5,SHORT,2024-01-15T16:36:00.000000000Z,other,monday,3.300000000001635,0.1999999999990898,1.000000000000556,0.9000000000009001,0.01999999999989786,38,21,0.6440677966101694
SHORT_3.5_005,3.5,SHORT,2024-01-15T16:37:00.000000000Z,other,monday,3.300000000001635,-2.20000000000109,0.760000000000538,0.7500000000004725,0.2894736842104648,39,20,0.6610169491525424
SHORT_3.5_005,3.5,SHORT,2024-01-15T16:38:00.000000000Z,other,monday,3.300000000001635,-2.100000000000435,0.7700000000006035,0.5500000000008276,0.27272727272711544,40,19,0.6779661016949152
SHORT_3.5_005,3.5,SHORT,2024-01-15T16:39:00.000000000Z,other,monday,3.300000000001635,-3.300000000001635,0.7700000000008256,0.30000000000085514,0.4285714285711814,41,18,0.6949152542372882
SHORT_3.5_005,3.5,SHORT,2024-01-15T16:40:00.000000000Z,other,monday,3.1000000000003247,-3.1000000000003247,0.7500000000006946,0.3000000000003,0.4133333333329938,42,17,0.711864406779661
SHORT_3.5_005,3.5,SHORT,2024-01-15T16:41:00.000000000Z,other,monday,1.9999999999997797,-1.7999999999984695,0.620000000000509,0.3000000000003,0.2903225806446761,43,16,0.7288135593220338
SHORT_3.5_005,3.5,SHORT,2024-01-15T16:42:00.000000000Z,other,monday,2.500000000000835,-0.8999999999992347,0.5300000000005856,0.37500000000023626,0.169811320754385,44,15,0.7457627118644068
SHORT_3.5_005,3.5,SHORT,2024-01-15T16:43:00.000000000Z,other,monday,3.300000000001635,-2.300000000001745,0.5500000000004945,0.4250000000000087,0.4181818181817595,45,14,0.7627118644067796
SHORT_3.5_005,3.5,SHORT,2024-01-15T16:44:00.000000000Z,other,monday,3.300000000001635,-3.20000000000098,0.46000000000057106,0.3500000000006276,0.6956521739123929,46,13,0.7796610169491526
SHORT_3.5_005,3.5,SHORT,2024-01-15T16:45:00.000000000Z,other,monday,2.300000000001745,-1.3999999999980695,0.3200000000005421,0.40000000000095515,0.4374999999986556,47,12,0.7966101694915254
SHORT_3.5_005,3.5,SHORT,2024-01-15T16:46:00.000000000Z,other,monday,2.300000000001745,-0.4999999999988347,0.41000000000046555,0.6000000000006,0.12195121951177243,48,11,0.8135593220338984
SHORT_3.5_005,3.5,SHORT,2024-01-15T16:47:00.000000000Z,other,monday,2.300000000001745,-0.4999999999988347,0.41000000000046555,0.40000000000040004,0.12195121951177243,49,10,0.8305084745762712
SHORT_3.5_005,3.5,SHORT,2024-01-15T16:48:00.000000000Z,other,monday,2.700000000002145,0.40000000000040004,0.500000000000389,0.6500000000003725,0.08000000000001777,50,9,0.847457627118644
SHORT_3.5_005,3.5,SHORT,2024-01-15T16:49:00.000000000Z,other,monday,2.700000000002145,0.6000000000017103,0.480000000000258,0.700000000000145,0.12500000000028913,51,8,0.864406779661017
SHORT_3.5_005,3.5,SHORT,2024-01-15T16:50:00.000000000Z,other,monday,2.700000000002145,0.2999999999997449,0.5100000000004545,0.5500000000002725,0.058823529411662266,52,7,0.8813559322033898
SHORT_3.5_005,3.5,SHORT,2024-01-15T16:51:00.000000000Z,other,monday,2.700000000002145,0.1999999999990898,0.52000000000052,0.5750000000004363,0.038461538461324954,53,6,0.8983050847457628
SHORT_3.5_005,3.5,SHORT,2024-01-15T16:52:00.000000000Z,other,monday,2.700000000002145,0.8000000000008001,0.48000000000048004,0.3250000000004638,0.16666666666666666,54,5,0.9152542372881356
SHORT_3.5_005,3.5,SHORT,2024-01-15T16:53:00.000000000Z,other,monday,2.700000000002145,0.8000000000008001,0.48000000000048004,0.4250000000005638,0.16666666666666666,55,4,0.9322033898305084
SHORT_3.5_005,3.5,SHORT,2024-01-15T16:54:00.000000000Z,other,monday,2.60000000000149,0.700000000000145,0.47000000000041453,0.2500000000005276,0.14893617021266545,56,3,0.9491525423728814
SHORT_3.5_005,3.5,SHORT,2024-01-15T16:55:00.000000000Z,other,monday,2.60000000000149,-0.20000000000131024,0.520000000000298,0.40000000000040004,0.03846153846176839,57,2,0.9661016949152542
SHORT_3.5_005,3.5,SHORT,2024-01-15T16:56:00.000000000Z,other,monday,2.60000000000149,-1.2999999999996348,0.41000000000046555,0.4250000000005638,0.31707317073125824,58,1,0.9830508474576272
SHORT_3.5_005,3.5,SHORT,2024-01-15T16:57:00.000000000Z,other,monday,3.1000000000003247,-1.9999999999997797,0.48000000000048004,0.40000000000040004,0.41666666666620406,59,0,1.0
LONG_5_001,5.0,LONG,2024-01-15T08:00:00.000000000Z,london,monday,0.0,0.0,0.0,0.0,0.0,0,11,0.0
LONG_5_001,5.0,LONG,2024-01-15T08:01:00.000000000Z,london,monday,0.1999999999990898,0.1999999999990898,0.1999999999990898,0.1999999999990898,1.0,1,10,0.09090909090909091
LONG_5_001,5.0,LONG,2024-01-15T08:02:00.000000000Z,london,monday,1.40000000000029,1.40000000000029,0.700000000000145,0.700000000000145,1.0,2,9,0.18181818181818182
LONG_5_001,5.0,LONG,2024-01-15T08:03:00.000000000Z,london,monday,3.4000000000000696,3.4000000000000696,1.1333333333333566,1.1333333333333566,1.0,3,8,0.2727272727272727
LONG_5_001,5.0,LONG,2024-01-15T08:04:00.000000000Z,london,monday,3.4000000000000696,2.80000000000058,0.9999999999998899,0.9999999999998899,0.700000000000222,4,7,0.36363636363636365
LONG_5_001,5.0,LONG,2024-01-15T08:05:00.000000000Z,london,monday,3.4000000000000696,3.2999999999994145,0.8999999999996788,1.074999999999826,0.733333333333465,5,6,0.45454545454545453
LONG_5_001,5.0,LONG,2024-01-15T08:06:00.000000000Z,london,monday,3.4000000000000696,2.500000000000835,0.8833333333328289,0.974999999999171,0.471698113207974,6,5,0.5454545454545454
LONG_5_001,5.0,LONG,2024-01-15T08:07:00.000000000Z,london,monday,3.4000000000000696,1.100000000000545,0.9571428571424663,0.8249999999992985,0.16417910447776032,7,4,0.6363636363636364
LONG_5_001,5.0,LONG,2024-01-15T08:08:00.000000000Z,london,monday,3.4000000000000696,3.1000000000003247,1.0874999999996304,1.174999999999371,0.3563218390806182,8,3,0.7272727272727273
LONG_5_001,5.0,LONG,2024-01-15T08:09:00.000000000Z,london,monday,5.20000000000076,5.20000000000076,1.1999999999997197,1.574999999999771,0.48148148148166425,9,2,0.8181818181818182
LONG_5_001,5.0,LONG,2024-01-15T08:10:00.000000000Z,london,monday,5.20000000000076,5.20000000000076,1.0799999999997478,1.3750000000001261,0.48148148148166425,10,1,0.9090909090909091
LONG_5_001,5.0,LONG,2024-01-15T08:11:00.000000000Z,london,monday,6.40000000000196,6.40000000000196,1.1999999999998678,1.3750000000001261,0.5333333333335554,11,0,1.0
LONG_5_002,5.0,LONG,2024-01-15T10:02:00.000000000Z,london,monday,4.999999999999449,-1.9999999999997797,0.9600000000000719,1.1500000000003174,0.2083333333332948,0,159,0.0
LONG_5_002,5.0,LONG,2024-01-15T10:03:00.000000000Z,london,monday,5.999999999999339,-3.5999999999991594,1.000000000000112,1.2000000000000899,0.35999999999987564,1,158,0.006289308176100629
LONG_5_002,5.0,LONG,2024-01-15T10:04:00.000000000Z,london,monday,7.500000000000284,-5.5000000000005045,1.1100000000001664,0.900000000000345,0.4954954954954667,2,157,0.012578616352201259
LONG_5_002,5.0,LONG,2024-01-15T10:05:00.000000000Z,london,monday,7.500000000000284,-6.999999999999229,0.960000000000294,1.0250000000006088,0.7291666666663631,3,156,0.018867924528301886
LONG_5_002,5.0,LONG,2024-01-15T10:06:00.000000000Z,london,monday,7.300000000001194,-6.099999999999994,1.0100000000003995,0.9250000000005087,0.6039603960393646,4,155,0.025157232704402517
LONG_5_002,5.0,LONG,2024-01-15T10:07:00.000000000Z,london,monday,6.300000000001305,-5.300000000001415,0.9300000000005415,0.7250000000008638,0.5698924731180999,5,154,0.031446540880503145
LONG_5_002,5.0,LONG,2024-01-15T10:08:00.000000000Z,london,monday,6.300000000001305,-4.60000000000127,0.860000000000527,0.37500000000079137,0.5348837209300524,6,153,0.03773584905660377
LONG_5_002,5.0,LONG,2024-01-15T10:09:00.000000000Z,london,monday,7.4000000000018495,-7.4000000000018495,0.980000000000425,0.7500000000004725,0.7551020408161878,7,152,0.0440251572327044
LONG_5_002,5.0,LONG,2024-01-15T10:10:00.000000000Z,london,monday,5.700000000001815,-5.700000000001815,0.8100000000004215,0.8250000000004087,0.7037037037035616,8,151,0.050314465408805034
LONG_5_002,5.0,LONG,2024-01-15T10:11:00.000000000Z,london,monday,5.700000000001815,-4.900000000001015,0.8900000000005015,0.9750000000002812,0.5505617977526127,9,150,0.05660377358490566
LONG_5_002,5.0,LONG,2024-01-15T10:12:00.000000000Z,london,monday,5.20000000000076,-5.20000000000076,0.920000000000476,1.30000000000019,0.565217391304138,10,149,0.06289308176100629
LONG_5_002,5.0,LONG,2024-01-15T10:13:00.000000000Z,london,monday,4.20000000000087,-3.9999999999995595,0.840000000000618,0.8500000000005725,0.4761904761900734,11,148,0.06918238993710692
LONG_5_002,5.0,LONG,2024-01-15T10:14:00.000000000Z,london,monday,3.900000000001125,-1.80000000000069,0.760000000000316,0.7750000000000812,0.2368421052631502,12,147,0.07547169811320754
LONG_5_002,5.0,LONG,2024-01-15T10:15:00.000000000Z,london,monday,4.500000000000615,-3.8000000000004697,0.8600000000000829,0.9499999999995623,0.44186046511629107,13,146,0.08176100628930817
LONG_5_002,5.0,LONG,2024-01-15T10:16:00.000000000Z,london,monday,4.700000000001925,-4.700000000001925,0.8100000000001994,0.6499999999998174,0.5802469135803416,14,145,0.0880503144654088
LONG_5_002,5.0,LONG,2024-01-15T10:17:00.000000000Z,london,monday,5.699999999999594,-5.699999999999594,0.9099999999999664,0.8999999999992347,0.6263736263736049,15,144,0.09433962264150944
LONG_5_002,5.0,LONG,2024-01-15T10:18:00.000000000Z,london,monday,7.299999999998974,-7.299999999998974,1.0699999999999044,1.1499999999997623,0.6822429906541707,16,143,0.10062893081761007
LONG_5_002,5.0,LONG,2024-01-15T10:19:00.000000000Z,london,monday,5.299999999999194,-4.3999999999999595,0.9599999999998499,0.9999999999998899,0.4583333333334008,17,142,0.1069182389937107
LONG_5_002,5.0,LONG,2024-01-15T10:20:00.000000000Z,london,monday,5.1000000000001044,-4.199999999998649,0.9399999999997188,1.1499999999992072,0.4468085106382878,18,141,0.11320754716981132
LONG_5_002,5.0,LONG,2024-01-15T10:21:00.000000000Z,london,monday,5.1000000000001044,-4.599999999999049,0.8999999999996788,0.9499999999995623,0.5111111111111879,19,140,0.11949685534591195
LONG_5_002,5.0,LONG,2024-01-15T10:22:00.000000000Z,london,monday,4.899999999998794,-3.9999999999995595,0.8399999999997299,0.7249999999997536,0.4761904761905769,20,139,0.12578616352201258
LONG_5_002,5.0,LONG,2024-01-15T10:23:00.000000000Z,london,monday,4.899999999998794,-3.8000000000004697,0.8599999999996388,0.6000000000000449,0.4418604651165193,21,138,0.1320754716981132
LONG_5_002,5.0,LONG,2024-01-15T10:24:00.000000000Z,london,monday,4.899999999998794,-3.9999999999995595,0.8399999999997299,0.5250000000001087,0.4761904761905769,22,137,0.13836477987421383
LONG_5_002,5.0,LONG,2024-01-15T10:25:00.000000000Z,london,monday,3.4000000000000696,-1.500000000000945,0.7899999999998464,0.6749999999999812,0.18987341772167554,23,136,0.14465408805031446
LONG_5_002,5.0,LONG,2024-01-15T10:26:00.000000000Z,london,monday,3.1999999999987594,-1.7999999999984695,0.8199999999995988,0.5999999999994898,0.21951219512187198,24,135,0.1509433962264151
LONG_5_002,5.0,LONG,2024-01-15T10:27:00.000000000Z,london,monday,1.9999999999997797,-0.5000000000010552,0.7099999999995443,0.5249999999989985,0.07042253521146141,25,134,0.15723270440251572
LONG_5_002,5.0,LONG,2024-01-15T10:28:00.000000000Z,london,monday,2.4000000000001798,2.100000000000435,0.6299999999996864,0.6249999999996536,0.3333333333335683,26,133,0.16352201257861634
LONG_5_002,5.0,LONG,2024-01-15T10:29:00.000000000Z,london,monday,2.4000000000001798,0.5000000000010552,0.6099999999997774,0.5499999999997174,0.08196721311495699,27,132,0.16981132075471697
LONG_5_002,5.0,LONG,2024-01-15T10:30:00.000000000Z,london,monday,4.599999999999049,4.199999999998649,0.8199999999998209,1.1499999999997623,0.5121951219511667,28,131,0.1761006289308176
LONG_5_002,5.0,LONG,2024-01-15T10:31:00.000000000Z,london,monday,4.599999999999049,2.5999999999992696,0.8999999999996788,1.4249999999998986,0.28888888888891084,29,130,0.18238993710691823
LONG_5_002,5.0,LONG,2024-01-15T10:32:00.000000000Z,london,monday,4.599999999999049,3.4000000000000696,0.8199999999995988,1.1999999999995348,0.4146341463416748,30,129,0.18867924528301888
LONG_5_002,5.0,LONG,2024-01-15T10:33:00.000000000Z,london,monday,4.199999999998649,3.5999999999991594,0.8399999999995078,1.174999999999371,0.42857142857157965,31,128,0.1949685534591195
LONG_5_002,5.0,LONG,2024-01-15T10:34:00.000000000Z,london,monday,3.6999999999998145,1.500000000000945,0.9499999999995623,0.8499999999994623,0.15789473684227748,32,127,0.20125786163522014
LONG_5_002,5.0,LONG,2024-01-15T10:35:00.000000000Z,london,monday,3.1999999999987594,-0.2999999999997449,0.9299999999996533,0.7499999999999174,0.03225806451611363,33,126,0.20754716981132076
LONG_5_002,5.0,LONG,2024-01-15T10:36:00.000000000Z,london,monday,3.1999999999987594,0.1999999999990898,0.8799999999997699,0.7499999999999174,0.02272727272717524,34,125,0.2138364779874214
LONG_5_002,5.0,LONG,2024-01-15T10:37:00.000000000Z,london,monday,3.1000000000003247,0.9000000000014552,0.9500000000000064,0.800000000000245,0.09473684210541569,35,124,0.22012578616352202
LONG_5_002,5.0,LONG,2024-01-15T10:38:00.000000000Z,london,monday,2.9999999999996696,0.0,0.8599999999998609,0.40000000000040004,0.0,36,123,0.22641509433962265
LONG_5_002,5.0,LONG,2024-01-15T10:39:00.000000000Z,london,monday,2.9999999999996696,1.7000000000000348,0.8899999999998354,0.4500000000001725,0.19101123595509542,37,122,0.23270440251572327
LONG_5_002,5.0,LONG,2024-01-15T10:40:00.000000000Z,london,monday,2.9999999999996696,-1.7000000000000348,0.6500000000000394,0.5750000000004363,0.261538461538451,38,121,0.2389937106918239
LONG_5_002,5.0,LONG,2024-01-15T10:41:00.000000000Z,london,monday,2.4000000000001798,-0.5999999999994898,0.5399999999999849,0.3999999999998449,0.11111111111101973,39,120,0.24528301886792453
LONG_5_002,5.0,LONG,2024-01-15T10:42:00.000000000Z,london,monday,2.4000000000001798,-0.20000000000131024,0.5799999999998029,0.4999999999993898,0.03448275862092728,40,119,0.25157232704402516
LONG_5_002,5.0,LONG,2024-01-15T10:43:00.000000000Z,london,monday,2.4000000000001798,-1.9999999999997797,0.6399999999997519,0.5499999999991623,0.31250000000008676,41,118,0.2578616352201258
LONG_5_002,5.0,LONG,2024-01-15T10:44:00.000000000Z,london,monday,1.80000000000069,0.10000000000065512,0.5299999999999194,0.5499999999991623,0.01886792452842836,42,117,0.2641509433962264
LONG_5_002,5.0,LONG,2024-01-15T10:45:00.000000000Z,london,monday,1.80000000000069,0.9000000000014552,0.4499999999998394,0.5249999999995536,0.20000000000039475,43,116,0.27044025157232704
LONG_5_002,5.0,LONG,2024-01-15T10:46:00.000000000Z,london,monday,1.900000000001345,-0.10000000000065512,0.5500000000000504,0.6750000000005363,0.018181818181935625,44,115,0.27672955974842767
LONG_5_002,5.0,LONG,2024-01-15T10:47:00.000000000Z,london,monday,1.900000000001345,-0.9000000000014552,0.46999999999997044,0.37500000000079137,0.19148936170244932,45,114,0.2830188679245283
LONG_5_002,5.0,LONG,2024-01-15T10:48:00.000000000Z,london,monday,1.900000000001345,-0.5999999999994898,0.500000000000167,0.3250000000010189,0.11999999999985789,46,113,0.2893081761006289
LONG_5_002,5.0,LONG,2024-01-15T10:49:00.000000000Z,london,monday,1.900000000001345,-0.8999999999992347,0.4700000000001925,0.5000000000010552,0.1914893617018864,47,112,0.29559748427672955
LONG_5_002,5.0,LONG,2024-01-15T10:50:00.000000000Z,london,monday,1.900000000001345,0.5000000000010552,0.5100000000000104,0.47500000000033626,0.0980392156864794,48,111,0.3018867924528302
LONG_5_002,5.0,LONG,2024-01-15T10:51:00.000000000Z,london,monday,4.00000000000178,2.6999999999999247,0.7100000000002105,1.000000000000445,0.3802816901407217,49,110,0.3081761006289308
LONG_5_002,5.0,LONG,2024-01-15T10:52:00.000000000Z,london,monday,4.00000000000178,1.40000000000029,0.760000000000538,1.1500000000003174,0.1842105263156972,50,109,0.31446540880503143
LONG_5_002,5.0,LONG,2024-01-15T10:53:00.000000000Z,london,monday,4.00000000000178,2.80000000000058,0.6600000000007711,1.0250000000006088,0.42424242424201647,51,108,0.32075471698113206
LONG_5_002,5.0,LONG,2024-01-15T10:54:00.000000000Z,london,monday,4.00000000000178,2.3999999999979593,0.620000000000509,0.8250000000004087,0.38709677419290145,52,107,0.3270440251572327
LONG_5_002,5.0,LONG,2024-01-15T10:55:00.000000000Z,london,monday,4.40000000000218,3.4000000000000696,0.7200000000007201,0.5500000000008276,0.47222222222175964,53,106,0.3333333333333333
LONG_5_002,5.0,LONG,2024-01-15T10:56:00.000000000Z,london,monday,5.800000000000249,5.800000000000249,0.760000000000316,0.6749999999999812,0.7631578947365576,54,105,0.33962264150943394
LONG_5_002,5.0,LONG,2024-01-15T10:57:00.000000000Z,london,monday,5.9000000000009045,5.9000000000009045,0.7700000000003815,0.6499999999998174,0.766233766233504,55,104,0.34591194968553457
LONG_5_002,5.0,LONG,2024-01-15T10:58:00.000000000Z,london,monday,5.599999999998939,5.599999999998939,0.740000000000185,0.6250000000002087,0.7567567567564243,56,103,0.3522012578616352
LONG_5_002,5.0,LONG,2024-01-15T10:59:00.000000000Z,london,monday,4.899999999998794,3.8999999999989043,0.7700000000001594,0.6249999999996536,0.5064935064932593,57,102,0.3584905660377358
LONG_5_002,5.0,LONG,2024-01-15T11:00:00.000000000Z,london,monday,4.199999999998649,4.199999999998649,0.8000000000001339,0.5749999999998812,0.5249999999997432,58,101,0.36477987421383645
LONG_5_002,5.0,LONG,2024-01-15T11:01:00.000000000Z,london,monday,3.4000000000000696,2.4999999999986144,0.6300000000001305,0.6499999999998174,0.3968253968250947,59,100,0.3710691823899371
LONG_5_002,5.0,LONG,2024-01-15T11:02:00.000000000Z,london,monday,3.4000000000000696,2.900000000001235,0.5899999999998684,0.7749999999995261,0.4915254237291325,60,99,0.37735849056603776
LONG_5_002,5.0,LONG,2024-01-15T11:03:00.000000000Z,london,monday,3.1999999999987594,3.1999999999987594,0.6199999999996209,0.6499999999992623,0.5161290322581801,61,98,0.3836477987421384
LONG_5_002,5.0,LONG,2024-01-15T11:04:00.000000000Z,london,monday,3.300000000001635,3.300000000001635,0.6299999999999084,0.3999999999998449,0.5238095238098595,62,97,0.389937106918239
LONG_5_002,5.0,LONG,2024-01-15T11:05:00.000000000Z,london,monday,2.2999999999995246,1.4999999999987246,0.6099999999997774,0.49999999999994493,0.24590163934414294,63,96,0.39622641509433965
LONG_5_002,5.0,LONG,2024-01-15T11:06:00.000000000Z,london,monday,1.80000000000069,-0.09999999999843467,0.4899999999998794,0.4250000000000087,0.020408163264991692,64,95,0.4025157232704403
LONG_5_002,5.0,LONG,2024-01-15T11:07:00.000000000Z,london,monday,1.80000000000069,-0.1999999999990898,0.4799999999998139,0.3000000000003,0.04166666666649319,65,94,0.4088050314465409
LONG_5_002,5.0,LONG,2024-01-15T11:08:00.000000000Z,london,monday,1.80000000000069,0.8000000000008001,0.5799999999998029,0.49999999999994493,0.13793103448294344,66,93,0.41509433962264153
LONG_5_002,5.0,LONG,2024-01-15T11:09:00.000000000Z,london,monday,1.80000000000069,1.40000000000029,0.5199999999998539,0.3999999999998449,0.2692307692309006,67,92,0.42138364779874216
LONG_5_002,5.0,LONG,2024-01-15T11:10:00.000000000Z,london,monday,0.9999999999998899,0.30000000000196536,0.41000000000002146,0.37500000000023626,0.0731707317077926,68,91,0.4276729559748428
LONG_5_002,5.0,LONG,2024-01-15T11:11:00.000000000Z,london,monday,0.9999999999998899,-0.7999999999985796,0.43999999999999595,0.5500000000002725,0.1818181818178607,69,90,0.4339622641509434
LONG_5_002,5.0,LONG,2024-01-15T11:12:00.000000000Z,london,monday,0.9999999999998899,0.2999999999997449,0.45000000000006146,0.4500000000001725,0.06666666666660087,70,89,0.44025157232704404
LONG_5_002,5.0,LONG,2024-01-15T11:13:00.000000000Z,london,monday,1.40000000000029,0.6000000000017103,0.480000000000258,0.5500000000002725,0.12500000000028913,71,88,0.44654088050314467
LONG_5_002,5.0,LONG,2024-01-15T11:14:00.000000000Z,london,monday,1.5999999999993797,0.5999999999994898,0.48000000000003595,0.5749999999998812,0.12499999999988436,72,87,0.4528301886792453
LONG_5_002,5.0,LONG,2024-01-15T11:15:00.000000000Z,london,monday,1.5999999999993797,0.8999999999992347,0.45000000000006146,0.5250000000001087,0.1999999999998026,73,86,0.4591194968553459
LONG_5_002,5.0,LONG,2024-01-15T11:16:00.000000000Z,london,monday,1.5999999999993797,1.5999999999993797,0.480000000000258,0.5000000000005,0.33333333333302495,74,85,0.46540880503144655
LONG_5_002,5.0,LONG,2024-01-15T11:17:00.000000000Z,london,monday,1.5999999999993797,1.5999999999993797,0.480000000000258,0.3000000000003,0.33333333333302495,75,84,0.4716981132075472
LONG_5_002,5.0,LONG,2024-01-15T11:18:00.000000000Z,london,monday,1.7999999999984695,0.7999999999985796,0.400000000000178,0.3000000000003,0.19999999999955592,76,83,0.4779874213836478
LONG_5_002,5.0,LONG,2024-01-15T11:19:00.000000000Z,london,monday,1.7999999999984695,-0.2999999999997449,0.5100000000000104,0.5499999999997174,0.05882352941171348,77,82,0.48427672955974843
LONG_5_002,5.0,LONG,2024-01-15T11:20:00.000000000Z,london,monday,1.7999999999984695,0.0,0.5399999999999849,0.5249999999995536,0.0,78,81,0.49056603773584906
LONG_5_002,5.0,LONG,2024-01-15T11:21:00.000000000Z,london,monday,1.7999999999984695,0.9999999999998899,0.49999999999994493,0.5999999999994898,0.2,79,80,0.4968553459119497
LONG_5_002,5.0,LONG,2024-01-15T11:22:00.000000000Z,london,monday,1.4999999999987246,-0.20000000000131024,0.500000000000167,0.700000000000145,0.04000000000024869,80,79,0.5031446540880503
LONG_5_002,5.0,LONG,2024-01-15T11:23:00.000000000Z,london,monday,1.8999999999991246,0.7999999999985796,0.600000000000156,0.7750000000006363,0.13333333333306194,81,78,0.5094339622641509
LONG_5_002,5.0,LONG,2024-01-15T11:24:00.000000000Z,london,monday,1.8999999999991246,0.40000000000040004,0.600000000000156,0.7250000000003087,0.06666666666671602,82,77,0.5157232704402516
LONG_5_002,5.0,LONG,2024-01-15T11:25:00.000000000Z,london,monday,3.1000000000003247,2.300000000001745,0.6900000000000794,1.000000000000445,0.33333333333354787,83,76,0.5220125786163522
LONG_5_002,5.0,LONG,2024-01-15T11:26:00.000000000Z,london,monday,3.2999999999994145,1.9999999999997797,0.6599999999998829,0.8999999999997899,0.3030303030303234,84,75,0.5283018867924528
LONG_5_002,5.0,LONG,2024-01-15T11:27:00.000000000Z,london,monday,3.5999999999991594,2.2999999999995246,0.6899999999998574,0.5249999999995536,0.3333333333333333,85,74,0.5345911949685535
LONG_5_002,5.0,LONG,2024-01-15T11:28:00.000000000Z,london,monday,3.5999999999991594,1.900000000001345,0.6899999999998574,0.5249999999995536,0.27536231884083157,86,73,0.5408805031446541
LONG_5_002,5.0,LONG,2024-01-15T11:29:00.000000000Z,london,monday,5.1000000000001044,5.1000000000001044,0.7099999999999884,0.5999999999994898,0.718309859154956,87,72,0.5471698113207547
LONG_5_002,5.0,LONG,2024-01-15T11:30:00.000000000Z,london,monday,5.00000000000167,4.100000000000215,0.7299999999998974,0.6999999999995898,0.5616438356165467,88,71,0.5534591194968553
LONG_5_002,5.0,LONG,2024-01-15T11:31:00.000000000Z,london,monday,5.20000000000076,4.599999999999049,0.7799999999997809,0.8249999999992985,0.5897435897436335,89,70,0.559748427672956
LONG_5_002,5.0,LONG,2024-01-15T11:32:00.000000000Z,london,monday,5.40000000000207,5.40000000000207,0.7399999999997409,0.8249999999998536,0.729729729730265,90,69,0.5660377358490566
LONG_5_002,5.0,LONG,2024-01-15T11:33:00.000000000Z,london,monday,3.8000000000004697,2.60000000000149,0.6599999999996609,0.6499999999998174,0.39393939393982214,91,68,0.5723270440251572
LONG_5_002,5.0,LONG,2024-01-15T11:34:00.000000000Z,london,monday,3.8000000000004697,1.100000000000545,0.8099999999997554,0.9249999999999536,0.13580246913591076,92,67,0.5786163522012578
LONG_5_002,5.0,LONG,2024-01-15T11:35:00.000000000Z,london,monday,2.6999999999999247,-0.20000000000131024,0.6799999999995698,0.7499999999999174,0.029411764706093642,93,66,0.5849056603773585
LONG_5_002,5.0,LONG,2024-01-15T11:36:00.000000000Z,london,monday,2.6999999999999247,1.5999999999993797,0.8599999999996388,1.1999999999995348,0.18604651162791297,94,65,0.5911949685534591
LONG_5_002,5.0,LONG,2024-01-15T11:37:00.000000000Z,london,monday,2.6999999999999247,1.900000000001345,0.8899999999998354,1.0999999999999899,0.21348314606760635,95,64,0.5974842767295597
LONG_5_002,5.0,LONG,2024-01-15T11:38:00.000000000Z,london,monday,3.9999999999995595,3.4000000000000696,0.9999999999998899,0.9999999999998899,0.34000000000004443,96,63,0.6037735849056604
LONG_5_002,5.0,LONG,2024-01-15T11:39:00.000000000Z,london,monday,3.9999999999995595,1.5999999999993797,0.8399999999999519,1.000000000000445,0.19047619047612754,97,62,0.610062893081761
LONG_5_002,5.0,LONG,2024-01-15T11:40:00.000000000Z,london,monday,4.799999999998139,3.0999999999981043,0.8699999999999264,0.7250000000003087,0.35632183908027204,98,61,0.6163522012578616
LONG_5_002,5.0,LONG,2024-01-15T11:41:00.000000000Z,london,monday,4.799999999998139,-0.5999999999994898,1.0799999999999699,1.2999999999996348,0.05555555555550987,99,60,0.6226415094339622
LONG_5_002,5.0,LONG,2024-01-15T11:42:00.000000000Z,london,monday,4.799999999998139,-0.700000000000145,1.0699999999999044,0.9999999999998899,0.06542056074768295,100,59,0.6289308176100629
LONG_5_002,5.0,LONG,2024-01-15T11:43:00.000000000Z,london,monday,4.799999999998139,0.7999999999985796,1.0199999999997988,1.0999999999994348,0.07843137254889582,101,58,0.6352201257861635
LONG_5_002,5.0,LONG,2024-01-15T11:44:00.000000000Z,london,monday,4.799999999998139,2.2999999999995246,0.8699999999997043,0.9249999999993985,0.2643678160919892,102,57,0.6415094339622641
LONG_5_002,5.0,LONG,2024-01-15T11:45:00.000000000Z,london,monday,4.699999999999704,0.20000000000131024,1.0599999999998388,0.6999999999995898,0.01886792452842836,103,56,0.6477987421383647
LONG_5_002,5.0,LONG,2024-01-15T11:46:00.000000000Z,london,monday,5.499999999998284,-2.7999999999983594,0.9599999999998499,0.9249999999993985,0.2916666666665414,104,55,0.6540880503144654
LONG_5_002,5.0,LONG,2024-01-15T11:47:00.000000000Z,london,monday,5.499999999998284,-0.8000000000008001,1.1599999999996058,1.4499999999995072,0.06896551724147172,105,54,0.660377358490566
LONG_5_002,5.0,LONG,2024-01-15T11:48:00.000000000Z,london,monday,5.499999999998284,-1.9999999999997797,1.0399999999997078,1.4249999999998986,0.19230769230772515,106,53,0.6666666666666666
LONG_5_002,5.0,LONG,2024-01-15T11:49:00.000000000Z,london,monday,5.499999999998284,-3.4000000000000696,1.1799999999997368,1.30000000000019,0.28813559322040916,107,52,0.6729559748427673
LONG_5_002,5.0,LONG,2024-01-15T11:50:00.000000000Z,london,monday,5.499999999998284,-4.299999999999304,1.0899999999998133,1.0500000000002174,0.39449541284404044,108,51,0.6792452830188679
LONG_5_002,5.0,LONG,2024-01-15T11:51:00.000000000Z,london,monday,3.1999999999987594,-1.500000000000945,0.8099999999999774,0.4250000000005638,0.18518518518530702,109,50,0.6855345911949685
LONG_5_002,5.0,LONG,2024-01-15T11:52:00.000000000Z,london,monday,4.599999999999049,-4.100000000000215,1.0499999999997733,1.0250000000000536,0.3904761904762952,110,49,0.6918238993710691
LONG_5_002,5.0,LONG,2024-01-15T11:53:00.000000000Z,london,monday,4.599999999999049,-3.9999999999995595,1.0599999999998388,0.7999999999996898,0.37735849056605353,111,48,0.6981132075471698
LONG_5_002,5.0,LONG,2024-01-15T11:54:00.000000000Z,london,monday,4.3999999999999595,-3.60000000000138,1.0599999999998388,0.8499999999994623,0.3396226415096158,112,47,0.7044025157232704
LONG_5_002,5.0,LONG,2024-01-15T11:55:00.000000000Z,london,monday,4.100000000000215,-1.3000000000018552,0.8899999999998354,0.8999999999992347,0.14606741573057255,113,46,0.710691823899371
LONG_5_002,5.0,LONG,2024-01-15T11:56:00.000000000Z,london,monday,4.100000000000215,1.1999999999989797,0.9399999999999409,0.6499999999998174,0.1276595744679846,114,45,0.7169811320754716
LONG_5_002,5.0,LONG,2024-01-15T11:57:00.000000000Z,london,monday,4.299999999999304,0.2999999999997449,0.8500000000000174,0.9249999999999536,0.03529411764702809,115,44,0.7232704402515723
LONG_5_002,5.0,LONG,2024-01-15T11:58:00.000000000Z,london,monday,4.8000000000003595,0.700000000000145,0.8900000000000574,1.000000000000445,0.07865168539326964,116,43,0.7295597484276729
LONG_5_002,5.0,LONG,2024-01-15T11:59:00.000000000Z,london,monday,4.8000000000003595,0.8000000000008001,0.8799999999999919,1.2750000000005812,0.09090909090918266,117,42,0.7358490566037735
LONG_5_002,5.0,LONG,2024-01-15T12:00:00.000000000Z,london,monday,4.8000000000003595,0.5000000000010552,0.9099999999999664,0.9750000000002812,0.054945054945172926,118,41,0.7421383647798742
LONG_5_002,5.0,LONG,2024-01-15T12:01:00.000000000Z,london,monday,4.8000000000003595,0.2999999999997449,0.9300000000000974,0.6250000000007638,0.03225806451609822,119,40,0.7484276729559748
LONG_5_002,5.0,LONG,2024-01-15T12:02:00.000000000Z,london,monday,4.8000000000003595,2.9999999999996696,0.700000000000367,0.5500000000008276,0.42857142857115665,120,39,0.7547169811320755
LONG_5_002,5.0,LONG,2024-01-15T12:03:00.000000000Z,london,monday,4.20000000000087,2.1999999999988695,0.660000000000549,0.2500000000010827,0.3333333333328848,121,38,0.7610062893081762
LONG_5_002,5.0,LONG,2024-01-15T12:04:00.000000000Z,london,monday,5.5000000000005045,5.5000000000005045,0.9900000000007125,1.0500000000013276,0.5555555555552066,122,37,0.7672955974842768
LONG_5_002,5.0,LONG,2024-01-15T12:05:00.000000000Z,london,monday,6.700000000001705,6.700000000001705,1.1100000000008325,1.3500000000010726,0.6036036036033045,123,36,0.7735849056603774
LONG_5_002,5.0,LONG,2024-01-15T12:06:00.000000000Z,london,monday,5.20000000000076,4.900000000001015,0.9900000000007125,1.3750000000006812,0.49494949494924123,124,35,0.779874213836478
LONG_5_002,5.0,LONG,2024-01-15T12:07:00.000000000Z,london,monday,5.00000000000167,2.6999999999999247,0.8700000000008146,1.4500000000006175,0.31034482758590765,125,34,0.7861635220125787
LONG_5_002,5.0,LONG,2024-01-15T12:08:00.000000000Z,london,monday,5.00000000000167,2.5999999999992696,0.860000000000749,0.6750000000005363,0.3023255813950006,126,33,0.7924528301886793
LONG_5_002,5.0,LONG,2024-01-15T12:09:00.000000000Z,london,monday,6.500000000000394,5.899999999998684,0.9100000000006325,0.7750000000000812,0.6483516483510531,127,32,0.7987421383647799
LONG_5_002,5.0,LONG,2024-01-15T12:10:00.000000000Z,london,monday,6.800000000000139,6.499999999998174,0.9100000000006325,0.7750000000000812,0.7142857142850171,128,31,0.8050314465408805
LONG_5_002,5.0,LONG,2024-01-15T12:11:00.000000000Z,london,monday,7.200000000000539,7.200000000000539,0.920000000000476,0.7499999999999174,0.7826086956518277,129,30,0.8113207547169812
LONG_5_002,5.0,LONG,2024-01-15T12:12:00.000000000Z,london,monday,7.900000000000684,7.699999999999374,0.9700000000003595,0.8249999999998536,0.793814432989332,130,29,0.8176100628930818
LONG_5_002,5.0,LONG,2024-01-15T12:13:00.000000000Z,london,monday,9.40000000000163,9.40000000000163,1.100000000000323,0.7250000000003087,0.8545454545453518,131,28,0.8238993710691824
LONG_5_002,5.0,LONG,2024-01-15T12:14:00.000000000Z,london,monday,6.500000000000394,6.500000000000394,0.8100000000001994,0.800000000000245,0.8024691358023203,132,27,0.8301886792452831
LONG_5_002,5.0,LONG,2024-01-15T12:15:00.000000000Z,london,monday,5.800000000000249,4.999999999999449,0.660000000000105,0.700000000000145,0.7575757575755537,133,26,0.8364779874213837
LONG_5_002,5.0,LONG,2024-01-15T12:16:00.000000000Z,london,monday,5.800000000000249,5.199999999998539,0.640000000000196,0.5500000000002725,0.8124999999995229,134,25,0.8427672955974843
LONG_5_002,5.0,LONG,2024-01-15T12:17:00.000000000Z,london,monday,6.999999999999229,6.999999999999229,0.7200000000000539,0.49999999999994493,0.9722222222220424,135,24,0.8490566037735849
LONG_5_002,5.0,LONG,2024-01-15T12:18:00.000000000Z,london,monday,7.200000000000539,7.200000000000539,0.740000000000185,0.5000000000005,0.9729729729728027,136,23,0.8553459119496856
LONG_5_002,5.0,LONG,2024-01-15T12:19:00.000000000Z,london,monday,5.300000000001415,2.9999999999996696,0.780000000000447,1.0750000000009363,0.38461538461512185,137,22,0.8616352201257862
LONG_5_002,5.0,LONG,2024-01-15T12:20:00.000000000Z,london,monday,5.00000000000167,2.80000000000058,0.760000000000538,1.0750000000009363,0.3684210526313944,138,21,0.8679245283018868
LONG_5_002,5.0,LONG,2024-01-15T12:21:00.000000000Z,london,monday,4.60000000000127,2.9999999999996696,0.780000000000447,0.9000000000009001,0.38461538461512185,139,20,0.8742138364779874
LONG_5_002,5.0,LONG,2024-01-15T12:22:00.000000000Z,london,monday,3.900000000001125,1.2999999999996348,0.8100000000004215,1.000000000000445,0.16049382716036523,140,19,0.8805031446540881
LONG_5_002,5.0,LONG,2024-01-15T12:23:00.000000000Z,london,monday,4.20000000000087,-1.80000000000069,0.820000000000265,0.8249999999998536,0.21951219512196443,141,18,0.8867924528301887
LONG_5_002,5.0,LONG,2024-01-15T12:24:00.000000000Z,london,monday,4.60000000000127,-2.80000000000058,0.800000000000356,0.8999999999997899,0.3499999999999167,142,17,0.8930817610062893
LONG_5_002,5.0,LONG,2024-01-15T12:25:00.000000000Z,london,monday,5.00000000000167,-3.20000000000098,0.840000000000396,0.8500000000000174,0.38095238095231804,143,16,0.89937106918239
LONG_5_002,5.0,LONG,2024-01-15T12:26:00.000000000Z,london,monday,5.00000000000167,-1.1999999999989797,1.020000000000465,1.0750000000003812,0.11764705882337574,144,15,0.9056603773584906
LONG_5_002,5.0,LONG,2024-01-15T12:27:00.000000000Z,london,monday,5.20000000000076,-4.599999999999049,1.100000000000545,1.200000000000645,0.41818181818152456,145,14,0.9119496855345912
LONG_5_002,5.0,LONG,2024-01-15T12:28:00.000000000Z,london,monday,6.00000000000156,-6.00000000000156,1.120000000000454,1.300000000000745,0.5357142857142079,146,13,0.9182389937106918
LONG_5_002,5.0,LONG,2024-01-15T12:29:00.000000000Z,london,monday,4.3999999999999595,-3.6999999999998145,0.8900000000002795,1.200000000000645,0.4157303370785003,147,12,0.9245283018867925
LONG_5_002,5.0,LONG,2024-01-15T12:30:00.000000000Z,london,monday,5.599999999998939,-4.999999999999449,1.000000000000112,1.0250000000000536,0.499999999999889,148,11,0.9308176100628931
LONG_5_002,5.0,LONG,2024-01-15T12:31:00.000000000Z,london,monday,5.800000000000249,-5.800000000000249,0.960000000000294,0.5500000000002725,0.6041666666665076,149,10,0.9371069182389937
LONG_5_002,5.0,LONG,2024-01-15T12:32:00.000000000Z,london,monday,4.8000000000003595,-4.599999999999049,0.880000000000436,0.40000000000040004,0.5227272727269057,150,9,0.9433962264150944
LONG_5_002,5.0,LONG,2024-01-15T12:33:00.000000000Z,london,monday,6.500000000000394,-5.399999999999849,0.960000000000516,1.000000000000445,0.5624999999996819,151,8,0.949685534591195
LONG_5_002,5.0,LONG,2024-01-15T12:34:00.000000000Z,london,monday,6.500000000000394,-0.7999999999985796,1.340000000000563,1.7500000000009175,0.059701492537182356,152,7,0.9559748427672956
LONG_5_002,5.0,LONG,2024-01-15T12:35:00.000000000Z,london,monday,6.500000000000394,-1.3999999999980695,1.400000000000512,1.9500000000005624,0.09999999999982553,153,6,0.9622641509433962
LONG_5_002,5.0,LONG,2024-01-15T12:36:00.000000000Z,london,monday,6.500000000000394,-2.60000000000149,1.28000000000017,2.074999999999716,0.20312500000008946,154,5,0.9685534591194969
LONG_5_002,5.0,LONG,2024-01-15T12:37:00.000000000Z,london,monday,4.3999999999999595,-1.40000000000029,1.1600000000000499,1.6999999999994797,0.12068965517243359,155,4,0.9748427672955975
LONG_5_002,5.0,LONG,2024-01-15T12:38:00.000000000Z,london,monday,4.20000000000087,-2.5999999999992696,1.2799999999999478,1.1499999999992072,0.2031249999999512,156,3,0.9811320754716981
LONG_5_002,5.0,LONG,2024-01-15T12:39:00.000000000Z,london,monday,4.599999999999049,0.9999999999998899,1.6399999999998638,1.7999999999990246,0.06097560975609591,157,2,0.9874213836477987
LONG_5_002,5.0,LONG,2024-01-15T12:40:00.000000000Z,london,monday,8.60000000000083,6.200000000000649,1.9200000000001438,2.6249999999999885,0.3229166666666763,158,1,0.9937106918238994
LONG_5_002,5.0,LONG,2024-01-15T12:41:00.000000000Z,london,monday,11.200000000000099,9.00000000000123,2.1599999999999397,3.049999999999997,0.4166666666667352,159,0,1.0
LONG_5_003,5.0,LONG,2024-01-15T13:08:00.000000000Z,london,monday,6.399999999999739,-5.800000000000249,1.240000000000352,1.2000000000000899,0.4677419354837583,0,27,0.0
LONG_5_003,5.0,LONG,2024-01-15T13:09:00.000000000Z,london,monday,9.00000000000123,-9.00000000000123,1.440000000000552,1.50000000000039,0.6249999999998458,1,26,0.037037037037037035
LONG_5_003,5.0,LONG,2024-01-15T13:10:00.000000000Z,london,monday,7.4000000000018495,-4.299999999999304,1.3300000000004975,1.5500000000001624,0.3233082706765185,2,25,0.07407407407407407
LONG_5_003,5.0,LONG,2024-01-15T13:11:00.000000000Z,london,monday,7.4000000000018495,-4.20000000000087,1.340000000000341,1.80000000000069,0.31343283582088066,3,24,0.1111111111111111
LONG_5_003,5.0,LONG,2024-01-15T13:12:00.000000000Z,london,monday,7.0000000000014495,-4.999999999999449,1.4200000000001989,1.7500000000003624,0.3521126760562499,4,23,0.14814814814814814
LONG_5_003,5.0,LONG,2024-01-15T13:13:00.000000000Z,london,monday,6.00000000000156,-4.8000000000003595,1.40000000000029,1.30000000000019,0.34285714285709756,5,22,0.18518518518518517
LONG_5_003,5.0,LONG,2024-01-15T13:14:00.000000000Z,london,monday,6.00000000000156,-3.4000000000000696,1.260000000000261,0.8500000000000174,0.2698412698412195,6,21,0.2222222222222222
LONG_5_003,5.0,LONG,2024-01-15T13:15:00.000000000Z,london,monday,6.00000000000156,-5.399999999999849,1.180000000000181,0.6499999999998174,0.45762711864398486,7,20,0.25925925925925924
LONG_5_003,5.0,LONG,2024-01-15T13:16:00.000000000Z,london,monday,4.3999999999999595,-1.5999999999993797,1.2399999999999078,0.8999999999997899,0.12903225806447569,8,19,0.2962962962962963
LONG_5_003,5.0,LONG,2024-01-15T13:17:00.000000000Z,london,monday,4.00000000000178,-0.20000000000131024,1.3000000000000789,0.9499999999995623,0.01538461538471524,9,18,0.3333333333333333
LONG_5_003,5.0,LONG,2024-01-15T13:18:00.000000000Z,london,monday,3.8000000000004697,1.100000000000545,1.1699999999998933,0.974999999999171,0.09401709401714917,10,17,0.37037037037037035
LONG_5_003,5.0,LONG,2024-01-15T13:19:00.000000000Z,london,monday,5.60000000000116,5.60000000000116,1.0999999999996568,1.2999999999990797,0.5090909090911734,11,16,0.4074074074074074
LONG_5_003,5.0,LONG,2024-01-15T13:20:00.000000000Z,london,monday,4.999999999999449,3.8000000000004697,0.9199999999995878,0.7499999999993623,0.41304347826110566,12,15,0.4444444444444444
LONG_5_003,5.0,LONG,2024-01-15T13:21:00.000000000Z,london,monday,4.999999999999449,2.4000000000001798,0.7799999999995588,0.4999999999993898,0.3076923076925048,13,14,0.48148148148148145
LONG_5_003,5.0,LONG,2024-01-15T13:22:00.000000000Z,london,monday,4.999999999999449,1.9999999999997797,0.8199999999995988,0.8749999999996261,0.24390243902448272,14,13,0.5185185185185185
LONG_5_003,5.0,LONG,2024-01-15T13:23:00.000000000Z,london,monday,4.999999999999449,2.80000000000058,0.7399999999995188,0.3999999999998449,0.37837837837870275,15,12,0.5555555555555556
LONG_5_003,5.0,LONG,2024-01-15T13:24:00.000000000Z,london,monday,4.999999999999449,2.4000000000001798,0.7799999999995588,0.49999999999994493,0.3076923076925048,16,11,0.5925925925925926
LONG_5_003,5.0,LONG,2024-01-15T13:25:00.000000000Z,london,monday,4.999999999999449,4.199999999998649,0.8399999999995078,0.7999999999996898,0.5000000000001321,17,10,0.6296296296296297
LONG_5_003,5.0,LONG,2024-01-15T13:26:00.000000000Z,london,monday,2.80000000000058,0.8000000000008001,0.7399999999995188,0.6999999999995898,0.10810810810828653,18,9,0.6666666666666666
LONG_5_003,5.0,LONG,2024-01-15T13:27:00.000000000Z,london,monday,1.9999999999997797,0.9000000000014552,0.7499999999995843,0.9749999999997261,0.12000000000026054,19,8,0.7037037037037037
LONG_5_003,5.0,LONG,2024-01-15T13:28:00.000000000Z,london,monday,2.9999999999996696,-1.100000000000545,0.9499999999997844,1.3999999999997348,0.11578947368429418,20,7,0.7407407407407407
LONG_5_003,5.0,LONG,2024-01-15T13:29:00.000000000Z,london,monday,2.9999999999996696,-2.9999999999996696,0.7599999999998719,1.0999999999999899,0.3947368421052862,21,6,0.7777777777777778
LONG_5_003,5.0,LONG,2024-01-15T13:30:00.000000000Z,london,monday,2.9999999999996696,-0.40000000000040004,1.0199999999997988,1.4500000000000624,0.03921568627455676,22,5,0.8148148148148148
LONG_5_003,5.0,LONG,2024-01-15T13:31:00.000000000Z,london,monday,4.100000000000215,1.100000000000545,1.1699999999998933,1.5500000000001624,0.09401709401714917,23,4,0.8518518518518519
LONG_5_003,5.0,LONG,2024-01-15T13:32:00.000000000Z,london,monday,4.199999999998649,2.7999999999983594,1.0199999999997988,1.0499999999996623,0.2745098039214619,24,3,0.8888888888888888
LONG_5_003,5.0,LONG,2024-01-15T13:33:00.000000000Z,london,monday,4.199999999998649,2.4000000000001798,1.0599999999996168,1.1499999999992072,0.22641509433972146,25,2,0.9259259259259259
LONG_5_003,5.0,LONG,2024-01-15T13:34:00.000000000Z,london,monday,4.500000000000615,3.5000000000007248,1.0899999999995913,0.6749999999994261,0.32110091743137953,26,1,0.9629629629629629
LONG_5_003,5.0,LONG,2024-01-15T13:35:00.000000000Z,london,monday,5.1000000000001044,2.900000000001235,1.0299999999996423,0.44999999999906226,0.2815533980584701,27,0,1.0
LONG_5_004,5.0,LONG,2024-01-15T14:06:00.000000000Z,london,monday,10.000000000001119,-8.300000000001084,1.3499999999999623,1.8500000000004624,0.6148148148149123,0,143,0.0
LONG_5_004,5.0,LONG,2024-01-15T14:07:00.000000000Z,london,monday,10.499999999999954,-8.500000000000174,1.3699999999998713,1.6250000000000986,0.6204379562044505,1,142,0.006993006993006993
LONG_5_004,5.0,LONG,2024-01-15T14:08:00.000000000Z,london,monday,11.200000000000099,-10.600000000000609,1.2999999999998568,1.6500000000002624,0.815384615384752,2,141,0.013986013986013986
LONG_5_004,5.0,LONG,2024-01-15T14:09:00.000000000Z,london,monday,11.200000000000099,-9.399999999999409,1.3799999999997148,1.0999999999999899,0.681159420289953,3,140,0.02097902097902098
LONG_5_004,5.0,LONG,2024-01-15T14:10:00.000000000Z,london,monday,11.200000000000099,-9.80000000000203,1.4199999999999768,0.7499999999999174,0.6901408450705767,4,139,0.027972027972027972
LONG_5_004,5.0,LONG,2024-01-15T14:11:00.000000000Z,london,monday,11.200000000000099,-10.600000000000609,1.3400000000001189,0.7250000000003087,0.7910447761193783,5,138,0.03496503496503497
LONG_5_004,5.0,LONG,2024-01-15T14:12:00.000000000Z,london,monday,8.60000000000083,-8.20000000000043,1.100000000000101,0.6000000000000449,0.7454545454545161,6,137,0.04195804195804196
LONG_5_004,5.0,LONG,2024-01-15T14:13:00.000000000Z,london,monday,7.200000000000539,-6.699999999999484,0.9700000000001374,0.37500000000023626,0.6907216494843851,7,136,0.04895104895104895
LONG_5_004,5.0,LONG,2024-01-15T14:14:00.000000000Z,london,monday,6.900000000000794,-6.900000000000794,0.9900000000002684,0.37500000000023626,0.6969696969695882,8,135,0.055944055944055944
LONG_5_004,5.0,LONG,2024-01-15T14:15:00.000000000Z,london,monday,3.6999999999998145,-2.80000000000058,0.7600000000000939,0.49999999999994493,0.3684210526316097,9,134,0.06293706293706294
LONG_5_004,5.0,LONG,2024-01-15T14:16:00.000000000Z,london,monday,1.4999999999987246,-0.4999999999988347,0.5500000000000504,0.47500000000033626,0.0909090909088707,10,133,0.06993006993006994
LONG_5_004,5.0,LONG,2024-01-15T14:17:00.000000000Z,london,monday,1.8999999999991246,0.8999999999992347,0.5900000000000905,0.6749999999999812,0.15254237288120284,11,132,0.07692307692307693
LONG_5_004,5.0,LONG,2024-01-15T14:18:00.000000000Z,london,monday,1.8999999999991246,0.1999999999990898,0.660000000000105,0.8249999999998536,0.030303030302887574,12,131,0.08391608391608392
LONG_5_004,5.0,LONG,2024-01-15T14:19:00.000000000Z,london,monday,2.4000000000001798,-1.80000000000069,0.660000000000105,0.8500000000000174,0.2727272727273339,13,130,0.09090909090909091
LONG_5_004,5.0,LONG,2024-01-15T14:20:00.000000000Z,london,monday,2.4000000000001798,-0.9999999999998899,0.5800000000000249,0.8249999999998536,0.17241379310342186,14,129,0.0979020979020979
LONG_5_004,5.0,LONG,2024-01-15T14:21:00.000000000Z,london,monday,2.5999999999992696,-1.5999999999993797,0.5599999999998939,0.6499999999998174,0.2857142857142291,15,128,0.1048951048951049
LONG_5_004,5.0,LONG,2024-01-15T14:22:00.000000000Z,london,monday,2.5999999999992696,0.2999999999997449,0.7099999999999884,0.7249999999997536,0.04225352112672533,16,127,0.11188811188811189
LONG_5_004,5.0,LONG,2024-01-15T14:23:00.000000000Z,london,monday,2.5999999999992696,0.8999999999992347,0.7699999999999374,0.6499999999998174,0.11688311688302701,17,126,0.11888111888111888
LONG_5_004,5.0,LONG,2024-01-15T14:24:00.000000000Z,london,monday,3.4000000000000696,2.6999999999999247,0.7899999999998464,0.8999999999997899,0.3417721518987911,18,125,0.1258741258741259
LONG_5_004,5.0,LONG,2024-01-15T14:25:00.000000000Z,london,monday,3.4000000000000696,0.40000000000040004,0.8399999999999519,1.2000000000000899,0.04761904761909797,19,124,0.13286713286713286
LONG_5_004,5.0,LONG,2024-01-15T14:26:00.000000000Z,london,monday,3.8999999999989043,2.1999999999988695,1.0199999999997988,1.2499999999998623,0.21568627450973563,20,123,0.13986013986013987
LONG_5_004,5.0,LONG,2024-01-15T14:27:00.000000000Z,london,monday,3.8999999999989043,0.9999999999998899,0.9599999999998499,1.1499999999997623,0.10416666666667149,21,122,0.14685314685314685
LONG_5_004,5.0,LONG,2024-01-15T14:28:00.000000000Z,london,monday,3.8999999999989043,1.40000000000029,0.9199999999998099,1.1499999999997623,0.15217391304354122,22,121,0.15384615384615385
LONG_5_004,5.0,LONG,2024-01-15T14:29:00.000000000Z,london,monday,3.8999999999989043,2.60000000000149,0.8399999999999519,0.8500000000000174,0.30952380952400466,23,120,0.16083916083916083
LONG_5_004,5.0,LONG,2024-01-15T14:30:00.000000000Z,london,monday,4.3999999999999595,4.20000000000087,0.9999999999998899,0.7750000000000812,0.4200000000001332,24,119,0.16783216783216784
LONG_5_004,5.0,LONG,2024-01-15T14:31:00.000000000Z,london,monday,4.3999999999999595,3.4000000000000696,1.0799999999999699,0.9500000000001174,0.31481481481483004,25,118,0.17482517482517482
LONG_5_004,5.0,LONG,2024-01-15T14:32:00.000000000Z,london,monday,2.6999999999999247,1.100000000000545,0.9699999999999154,0.8500000000000174,0.11340206185573617,26,117,0.18181818181818182
LONG_5_004,5.0,LONG,2024-01-15T14:33:00.000000000Z,london,monday,2.4000000000001798,0.9999999999998899,0.9599999999998499,0.9499999999995623,0.10416666666667149,27,116,0.1888111888111888
LONG_5_004,5.0,LONG,2024-01-15T14:34:00.000000000Z,london,monday,2.4000000000001798,-0.5000000000010552,0.9099999999999664,0.6749999999999812,0.054945054945172926,28,115,0.1958041958041958
LONG_5_004,5.0,LONG,2024-01-15T14:35:00.000000000Z,london,monday,2.5999999999992696,-0.1999999999990898,0.8799999999997699,0.6999999999995898,0.02272727272717524,29,114,0.20279720279720279
LONG_5_004,5.0,LONG,2024-01-15T14:36:00.000000000Z,london,monday,2.5999999999992696,-0.6999999999979245,0.8299999999998864,0.8999999999997899,0.08433734939735185,30,113,0.2097902097902098
LONG_5_004,5.0,LONG,2024-01-15T14:37:00.000000000Z,london,monday,2.5999999999992696,-1.7999999999984695,0.9399999999999409,1.0999999999999899,0.1914893617019769,31,112,0.21678321678321677
LONG_5_004,5.0,LONG,2024-01-15T14:38:00.000000000Z,london,monday,2.5999999999992696,0.2999999999997449,0.9499999999997844,1.2499999999993072,0.03157894736840137,32,111,0.22377622377622378
LONG_5_004,5.0,LONG,2024-01-15T14:39:00.000000000Z,london,monday,2.5999999999992696,0.9999999999998899,1.0199999999997988,1.2000000000000899,0.09803921568628304,33,110,0.23076923076923078
LONG_5_004,5.0,LONG,2024-01-15T14:40:00.000000000Z,london,monday,2.5999999999992696,-0.5999999999994898,0.8599999999998609,0.8500000000000174,0.06976744186041708,34,109,0.23776223776223776
LONG_5_004,5.0,LONG,2024-01-15T14:41:00.000000000Z,london,monday,1.9999999999997797,0.40000000000040004,0.7599999999998719,0.49999999999994493,0.05263157894742993,35,108,0.24475524475524477
LONG_5_004,5.0,LONG,2024-01-15T14:42:00.000000000Z,london,monday,1.9999999999997797,0.7999999999985796,0.7200000000000539,0.27500000000069136,0.11111111111090552,36,107,0.2517482517482518
LONG_5_004,5.0,LONG,2024-01-15T14:43:00.000000000Z,london,monday,1.9999999999997797,0.0,0.6800000000000139,0.10000000000010001,0.0,37,106,0.25874125874125875
LONG_5_004,5.0,LONG,2024-01-15T14:44:00.000000000Z,london,monday,1.9999999999997797,0.8000000000008001,0.6599999999998829,0.17500000000003624,0.12121212121226393,38,105,0.26573426573426573
LONG_5_004,5.0,LONG,2024-01-15T14:45:00.000000000Z,london,monday,1.9999999999997797,1.9999999999997797,0.560000000000116,0.20000000000020002,0.35714285714274385,39,104,0.2727272727272727
LONG_5_004,5.0,LONG,2024-01-15T14:46:00.000000000Z,london,monday,1.9999999999997797,-0.8000000000008001,0.560000000000116,0.49999999999994493,0.14285714285725615,40,103,0.27972027972027974
LONG_5_004,5.0,LONG,2024-01-15T14:47:00.000000000Z,london,monday,1.9999999999997797,1.1999999999989797,0.48000000000003595,0.6000000000000449,0.2499999999997687,41,102,0.2867132867132867
LONG_5_004,5.0,LONG,2024-01-15T14:48:00.000000000Z,london,monday,1.40000000000029,0.30000000000196536,0.3900000000003345,0.5750000000004363,0.07692307692351488,42,101,0.2937062937062937
LONG_5_004,5.0,LONG,2024-01-15T14:49:00.000000000Z,london,monday,1.500000000000945,-1.500000000000945,0.3900000000003345,0.7750000000006363,0.38461538461529704,43,100,0.3006993006993007
LONG_5_004,5.0,LONG,2024-01-15T14:50:00.000000000Z,london,monday,2.100000000000435,-2.100000000000435,0.4500000000002835,0.5750000000004363,0.4666666666664693,44,99,0.3076923076923077
LONG_5_004,5.0,LONG,2024-01-15T14:51:00.000000000Z,london,monday,2.100000000000435,-1.9999999999997797,0.460000000000349,0.4500000000007276,0.4347826086952744,45,98,0.3146853146853147
LONG_5_004,5.0,LONG,2024-01-15T14:52:00.000000000Z,london,monday,2.20000000000109,-1.9999999999997797,0.460000000000349,0.4500000000007276,0.4347826086952744,46,97,0.32167832167832167
LONG_5_004,5.0,LONG,2024-01-15T14:53:00.000000000Z,london,monday,2.20000000000109,-1.5999999999993797,0.46000000000057106,0.27500000000069136,0.34782608695595507,47,96,0.32867132867132864
LONG_5_004,5.0,LONG,2024-01-15T14:54:00.000000000Z,london,monday,2.20000000000109,-2.100000000000435,0.4500000000007276,0.17500000000114646,0.46666666666600876,48,95,0.3356643356643357
LONG_5_004,5.0,LONG,2024-01-15T14:55:00.000000000Z,london,monday,2.20000000000109,-1.40000000000029,0.5200000000007421,0.3500000000011827,0.26923076923044076,49,94,0.34265734265734266
LONG_5_004,5.0,LONG,2024-01-15T14:56:00.000000000Z,london,monday,1.7000000000000348,0.8999999999992347,0.4700000000006366,0.5250000000006638,0.1914893617017055,50,93,0.34965034965034963
LONG_5_004,5.0,LONG,2024-01-15T14:57:00.000000000Z,london,monday,2.80000000000058,1.40000000000029,0.5200000000007421,0.7500000000004725,0.26923076923044076,51,92,0.35664335664335667
LONG_5_004,5.0,LONG,2024-01-15T14:58:00.000000000Z,london,monday,2.80000000000058,0.5999999999994898,0.56000000000056,0.8500000000000174,0.10714285714265889,52,91,0.36363636363636365
LONG_5_004,5.0,LONG,2024-01-15T14:59:00.000000000Z,london,monday,2.80000000000058,1.900000000001345,0.5100000000004545,0.7499999999999174,0.37254901960777487,53,90,0.3706293706293706
LONG_5_004,5.0,LONG,2024-01-15T15:00:00.000000000Z,london,monday,3.4000000000000696,3.2999999999994145,0.5300000000003635,0.7249999999997536,0.6226415094334248,54,89,0.3776223776223776
LONG_5_004,5.0,LONG,2024-01-15T15:01:00.000000000Z,london,monday,3.4000000000000696,1.1999999999989797,0.720000000000276,0.9499999999995623,0.16666666666646107,55,88,0.38461538461538464
LONG_5_004,5.0,LONG,2024-01-15T15:02:00.000000000Z,london,monday,3.4000000000000696,0.9999999999998899,0.740000000000185,0.8999999999997899,0.1351351351350865,56,87,0.3916083916083916
LONG_5_004,5.0,LONG,2024-01-15T15:03:00.000000000Z,london,monday,3.4000000000000696,1.4999999999987246,0.7900000000000684,0.9749999999997261,0.1898734177213411,57,86,0.3986013986013986
LONG_5_004,5.0,LONG,2024-01-15T15:04:00.000000000Z,london,monday,3.4000000000000696,2.9999999999996696,0.8999999999999009,1.0999999999999899,0.3333333333333333,58,85,0.40559440559440557
LONG_5_004,5.0,LONG,2024-01-15T15:05:00.000000000Z,london,monday,2.9999999999996696,2.9999999999996696,0.8999999999999009,0.800000000000245,0.3333333333333333,59,84,0.4125874125874126
LONG_5_004,5.0,LONG,2024-01-15T15:06:00.000000000Z,london,monday,2.80000000000058,1.9999999999997797,0.8200000000000429,0.7250000000003087,0.2439024390243506,60,83,0.4195804195804196
LONG_5_004,5.0,LONG,2024-01-15T15:07:00.000000000Z,london,monday,3.60000000000138,1.80000000000069,0.8000000000001339,0.7750000000006363,0.22500000000004858,61,82,0.42657342657342656
LONG_5_004,5.0,LONG,2024-01-15T15:08:00.000000000Z,london,monday,3.60000000000138,1.4999999999987246,0.8300000000003305,0.6750000000010914,0.18072289156603943,62,81,0.43356643356643354
LONG_5_004,5.0,LONG,2024-01-15T15:09:00.000000000Z,london,monday,3.60000000000138,0.8999999999992347,0.8100000000001994,0.5250000000006638,0.11111111111098927,63,80,0.4405594405594406
LONG_5_004,5.0,LONG,2024-01-15T15:10:00.000000000Z,london,monday,3.60000000000138,-0.700000000000145,0.8100000000004215,0.7000000000007001,0.08641975308639267,64,79,0.44755244755244755
LONG_5_004,5.0,LONG,2024-01-15T15:11:00.000000000Z,london,monday,3.60000000000138,-0.40000000000040004,0.780000000000447,0.900000000000345,0.05128205128207318,65,78,0.45454545454545453
LONG_5_004,5.0,LONG,2024-01-15T15:12:00.000000000Z,london,monday,6.200000000000649,-2.5999999999992696,1.000000000000334,1.3249999999997986,0.25999999999984014,66,77,0.46153846153846156
LONG_5_004,5.0,LONG,2024-01-15T15:13:00.000000000Z,london,monday,6.200000000000649,-1.4999999999987246,1.1100000000003885,1.7250000000001986,0.13513513513497294,67,76,0.46853146853146854
LONG_5_004,5.0,LONG,2024-01-15T15:14:00.000000000Z,london,monday,6.200000000000649,-2.6999999999999247,0.9900000000002684,1.5499999999996072,0.27272727272719116,68,75,0.4755244755244755
LONG_5_004,5.0,LONG,2024-01-15T15:15:00.000000000Z,london,monday,6.200000000000649,-2.6999999999999247,0.9900000000002684,1.3249999999997986,0.27272727272719116,69,74,0.4825174825174825
LONG_5_004,5.0,LONG,2024-01-15T15:16:00.000000000Z,london,monday,6.200000000000649,-2.0999999999982144,1.0300000000003084,0.800000000000245,0.20388349514539666,70,73,0.48951048951048953
LONG_5_004,5.0,LONG,2024-01-15T15:17:00.000000000Z,london,monday,6.200000000000649,-4.00000000000178,1.040000000000374,0.6000000000006,0.38461538461541744,71,72,0.4965034965034965
LONG_5_004,5.0,LONG,2024-01-15T15:18:00.000000000Z,london,monday,5.299999999999194,-3.2999999999994145,0.9700000000001374,0.6250000000007638,0.34020618556690174,72,71,0.5034965034965035
LONG_5_004,5.0,LONG,2024-01-15T15:19:00.000000000Z,london,monday,5.1000000000001044,-3.1000000000003247,0.9500000000002284,0.4250000000005638,0.32631578947363993,73,70,0.5104895104895105
LONG_5_004,5.0,LONG,2024-01-15T15:20:00.000000000Z,london,monday,4.299999999999304,-2.5999999999992696,0.9000000000001229,0.37500000000023626,0.2888888888887683,74,69,0.5174825174825175
LONG_5_004,5.0,LONG,2024-01-15T15:21:00.000000000Z,london,monday,3.20000000000098,-0.7999999999985796,0.740000000000185,0.14999999999987246,0.10810810810788915,75,68,0.5244755244755245
LONG_5_004,5.0,LONG,2024-01-15T15:22:00.000000000Z,london,monday,3.9999999999995595,3.9999999999995595,0.700000000000145,0.6499999999998174,0.5714285714283902,76,67,0.5314685314685315
LONG_5_004,5.0,LONG,2024-01-15T15:23:00.000000000Z,london,monday,2.2999999999995246,0.3999999999981796,0.700000000000145,1.0999999999999899,0.057142857142585254,77,66,0.5384615384615384
LONG_5_004,5.0,LONG,2024-01-15T15:24:00.000000000Z,london,monday,2.500000000000835,2.300000000001745,0.8900000000005015,1.5250000000005537,0.2584269662921853,78,65,0.5454545454545454
LONG_5_004,5.0,LONG,2024-01-15T15:25:00.000000000Z,london,monday,5.1000000000001044,4.100000000000215,1.0700000000003485,2.1500000000002073,0.38317757009335324,79,64,0.5524475524475524
LONG_5_004,5.0,LONG,2024-01-15T15:26:00.000000000Z,london,monday,5.699999999999594,4.199999999998649,1.080000000000192,1.7500000000003624,0.3888888888886947,80,63,0.5594405594405595
LONG_5_004,5.0,LONG,2024-01-15T15:27:00.000000000Z,london,monday,5.699999999999594,3.4000000000000696,1.1600000000000499,1.7500000000003624,0.2931034482758555,81,62,0.5664335664335665
LONG_5_004,5.0,LONG,2024-01-15T15:28:00.000000000Z,london,monday,5.699999999999594,3.20000000000098,1.1799999999999589,1.3499999999994072,0.2711864406780586,82,61,0.5734265734265734
LONG_5_004,5.0,LONG,2024-01-15T15:29:00.000000000Z,london,monday,5.699999999999594,4.100000000000215,1.2699999999998823,0.9249999999993985,0.32283464566933817,83,60,0.5804195804195804
LONG_5_004,5.0,LONG,2024-01-15T15:30:00.000000000Z,london,monday,5.699999999999594,2.100000000000435,1.4699999999998603,1.3499999999994072,0.142857142857186,84,59,0.5874125874125874
LONG_5_004,5.0,LONG,2024-01-15T15:31:00.000000000Z,london,monday,5.599999999998939,1.40000000000029,1.5199999999997438,1.0499999999991072,0.09210526315792933,85,58,0.5944055944055944
LONG_5_004,5.0,LONG,2024-01-15T15:32:00.000000000Z,london,monday,5.20000000000076,-0.9999999999998899,1.3199999999999878,0.9999999999998899,0.07575757575756811,86,57,0.6013986013986014
LONG_5_004,5.0,LONG,2024-01-15T15:33:00.000000000Z,london,monday,5.20000000000076,0.30000000000196536,1.1899999999998023,0.8999999999997899,0.02521008403378279,87,56,0.6083916083916084
LONG_5_004,5.0,LONG,2024-01-15T15:34:00.000000000Z,london,monday,5.20000000000076,-2.000000000002,1.0199999999997988,0.40000000000040004,0.19607843137278377,88,55,0.6153846153846154
LONG_5_004,5.0,LONG,2024-01-15T15:35:00.000000000Z,london,monday,5.699999999999594,-5.1000000000001044,0.8099999999997554,0.37500000000023626,0.6296296296298327,89,54,0.6223776223776224
LONG_5_004,5.0,LONG,2024-01-15T15:36:00.000000000Z,london,monday,6.599999999998829,-6.599999999998829,0.8399999999997299,0.5499999999997174,0.785714285714399,90,53,0.6293706293706294
LONG_5_004,5.0,LONG,2024-01-15T15:37:00.000000000Z,london,monday,6.6000000000010495,-6.099999999999994,0.7899999999998464,0.7500000000004725,0.7721518987343267,91,52,0.6363636363636364
LONG_5_004,5.0,LONG,2024-01-15T15:38:00.000000000Z,london,monday,6.900000000000794,-6.00000000000156,0.7800000000000029,0.7499999999999174,0.7692307692309663,92,51,0.6433566433566433
LONG_5_004,5.0,LONG,2024-01-15T15:39:00.000000000Z,london,monday,6.900000000000794,-6.699999999999484,0.7100000000002105,0.6750000000005363,0.9436619718306335,93,50,0.6503496503496503
LONG_5_004,5.0,LONG,2024-01-15T15:40:00.000000000Z,london,monday,4.60000000000127,-3.6999999999998145,0.5500000000002725,0.6250000000007638,0.6727272727269057,94,49,0.6573426573426573
LONG_5_004,5.0,LONG,2024-01-15T15:41:00.000000000Z,london,monday,4.00000000000178,-3.00000000000189,0.500000000000167,0.3249999999999087,0.6000000000001776,95,48,0.6643356643356644
LONG_5_004,5.0,LONG,2024-01-15T15:42:00.000000000Z,london,monday,3.8000000000004697,-1.1999999999989797,0.640000000000196,0.6500000000003725,0.18749999999978317,96,47,0.6713286713286714
LONG_5_004,5.0,LONG,2024-01-15T15:43:00.000000000Z,london,monday,3.300000000001635,-1.80000000000069,0.700000000000367,0.8750000000001812,0.25714285714282087,97,46,0.6783216783216783
LONG_5_004,5.0,LONG,2024-01-15T15:44:00.000000000Z,london,monday,2.9999999999996696,0.0,0.8200000000000429,1.074999999999826,0.0,98,45,0.6853146853146853
LONG_5_004,5.0,LONG,2024-01-15T15:45:00.000000000Z,london,monday,4.60000000000127,2.100000000000435,0.9300000000003195,1.4500000000006175,0.2258064516128724,99,44,0.6923076923076923
LONG_5_004,5.0,LONG,2024-01-15T15:46:00.000000000Z,london,monday,4.60000000000127,1.4999999999987246,0.9900000000004905,1.4250000000004537,0.15151515151494763,100,43,0.6993006993006993
LONG_5_004,5.0,LONG,2024-01-15T15:47:00.000000000Z,london,monday,4.60000000000127,3.60000000000138,0.940000000000385,1.3500000000005175,0.38297872340424527,101,42,0.7062937062937062
LONG_5_004,5.0,LONG,2024-01-15T15:48:00.000000000Z,london,monday,5.00000000000167,5.00000000000167,1.020000000000465,1.2500000000009726,0.4901960784313128,102,41,0.7132867132867133
LONG_5_004,5.0,LONG,2024-01-15T15:49:00.000000000Z,london,monday,5.800000000000249,5.800000000000249,1.100000000000323,1.100000000000545,0.5272727272725951,103,40,0.7202797202797203
LONG_5_004,5.0,LONG,2024-01-15T15:50:00.000000000Z,london,monday,7.599999999998719,7.599999999998719,1.28000000000017,1.3499999999999623,0.5937499999998211,104,39,0.7272727272727273
LONG_5_004,5.0,LONG,2024-01-15T15:51:00.000000000Z,london,monday,7.800000000000029,7.800000000000029,1.300000000000301,1.2249999999996986,0.5999999999998633,105,38,0.7342657342657343
LONG_5_004,5.0,LONG,2024-01-15T15:52:00.000000000Z,london,monday,7.299999999998974,6.199999999998429,1.140000000000141,0.9499999999995623,0.543859649122602,106,37,0.7412587412587412
LONG_5_004,5.0,LONG,2024-01-15T15:53:00.000000000Z,london,monday,8.699999999999264,8.699999999999264,1.1700000000001154,1.0499999999996623,0.7435897435896074,107,36,0.7482517482517482
LONG_5_004,5.0,LONG,2024-01-15T15:54:00.000000000Z,london,monday,7.800000000000029,7.800000000000029,1.080000000000192,0.5749999999998812,0.7222222222220965,108,35,0.7552447552447552
LONG_5_004,5.0,LONG,2024-01-15T15:55:00.000000000Z,london,monday,7.900000000000684,6.399999999999739,0.9400000000001629,0.5500000000002725,0.6808510638296414,109,34,0.7622377622377622
LONG_5_004,5.0,LONG,2024-01-15T15:56:00.000000000Z,london,monday,7.900000000000684,7.500000000000284,0.8300000000001084,0.6500000000003725,0.9036144578312415,110,33,0.7692307692307693
LONG_5_004,5.0,LONG,2024-01-15T15:57:00.000000000Z,london,monday,7.900000000000684,7.900000000000684,0.8700000000001484,0.6000000000006,0.908045977011418,111,32,0.7762237762237763
LONG_5_004,5.0,LONG,2024-01-15T15:58:00.000000000Z,london,monday,7.399999999999629,7.399999999999629,0.8200000000000429,0.6000000000006,0.9024390243901514,112,31,0.7832167832167832
LONG_5_004,5.0,LONG,2024-01-15T15:59:00.000000000Z,london,monday,6.399999999999739,5.399999999999849,0.8200000000000429,0.800000000000245,0.6585365853658008,113,30,0.7902097902097902
LONG_5_004,5.0,LONG,2024-01-15T16:00:00.000000000Z,other,monday,3.9999999999995595,3.9999999999995595,0.6800000000000139,0.9749999999997261,0.5882352941175703,114,29,0.7972027972027972
LONG_5_004,5.0,LONG,2024-01-15T16:01:00.000000000Z,other,monday,3.6999999999998145,3.6999999999998145,0.6500000000000394,0.6749999999994261,0.5692307692307061,115,28,0.8041958041958042
LONG_5_004,5.0,LONG,2024-01-15T16:02:00.000000000Z,other,monday,3.6999999999998145,3.300000000001635,0.6899999999998574,0.6249999999990985,0.4782608695655532,116,27,0.8111888111888111
LONG_5_004,5.0,LONG,2024-01-15T16:03:00.000000000Z,other,monday,2.2999999999995246,0.8000000000008001,0.6599999999998829,0.6499999999992623,0.12121212121226393,117,26,0.8181818181818182
LONG_5_004,5.0,LONG,2024-01-15T16:04:00.000000000Z,other,monday,2.4999999999986144,-0.7999999999985796,0.6999999999999229,0.6249999999996536,0.11428571428552396,118,25,0.8251748251748252
LONG_5_004,5.0,LONG,2024-01-15T16:05:00.000000000Z,other,monday,2.4999999999986144,-0.5999999999994898,0.7199999999998319,0.7249999999997536,0.08333333333328194,119,24,0.8321678321678322
LONG_5_004,5.0,LONG,2024-01-15T16:06:00.000000000Z,other,monday,2.4999999999986144,0.10000000000065512,0.7099999999997664,0.700000000000145,0.014084507042350427,120,23,0.8391608391608392
LONG_5_004,5.0,LONG,2024-01-15T16:07:00.000000000Z,other,monday,2.4999999999986144,-1.2000000000012,0.5999999999997119,0.4500000000001725,0.20000000000029605,121,22,0.8461538461538461
LONG_5_004,5.0,LONG,2024-01-15T16:08:00.000000000Z,other,monday,2.4999999999986144,-1.900000000001345,0.5499999999998284,0.2250000000003638,0.3454545454548978,122,21,0.8531468531468531
LONG_5_004,5.0,LONG,2024-01-15T16:09:00.000000000Z,other,monday,2.4999999999986144,-0.8000000000008001,0.45999999999990493,0.15000000000042757,0.17391304347847075,123,20,0.8601398601398601
LONG_5_004,5.0,LONG,2024-01-15T16:10:00.000000000Z,other,monday,2.4999999999986144,-1.1999999999989797,0.42000000000008697,0.2500000000005276,0.2857142857139836,124,19,0.8671328671328671
LONG_5_004,5.0,LONG,2024-01-15T16:11:00.000000000Z,other,monday,2.4999999999986144,-2.0999999999982144,0.5100000000000104,0.4500000000001725,0.4117647058819944,125,18,0.8741258741258742
LONG_5_004,5.0,LONG,2024-01-15T16:12:00.000000000Z,other,monday,2.100000000000435,-1.6000000000016001,0.48000000000003595,0.4499999999996174,0.33333333333364173,126,17,0.8811188811188811
LONG_5_004,5.0,LONG,2024-01-15T16:13:00.000000000Z,other,monday,1.8999999999991246,-1.5999999999993797,0.4799999999998139,0.6999999999990347,0.3333333333333333,127,16,0.8881118881118881
LONG_5_004,5.0,LONG,2024-01-15T16:14:00.000000000Z,other,monday,1.8999999999991246,0.40000000000040004,0.4799999999998139,0.774999999998971,0.08333333333344899,128,15,0.8951048951048951
LONG_5_004,5.0,LONG,2024-01-15T16:15:00.000000000Z,other,monday,1.8999999999991246,0.7999999999985796,0.5199999999996319,0.7499999999988072,0.15384615384598962,129,14,0.9020979020979021
LONG_5_004,5.0,LONG,2024-01-15T16:16:00.000000000Z,other,monday,1.8999999999991246,-0.5999999999994898,0.5999999999994898,0.9999999999987796,0.1,130,13,0.9090909090909091
LONG_5_004,5.0,LONG,2024-01-15T16:17:00.000000000Z,other,monday,1.8999999999991246,0.1999999999990898,0.6599999999992168,0.8999999999986796,0.030303030302928354,131,12,0.916083916083916
LONG_5_004,5.0,LONG,2024-01-15T16:18:00.000000000Z,other,monday,1.8999999999991246,-0.700000000000145,0.7499999999991402,0.8999999999986796,0.09333333333345965,132,11,0.9230769230769231
LONG_5_004,5.0,LONG,2024-01-15T16:19:00.000000000Z,other,monday,2.2999999999995246,-1.5999999999993797,0.8199999999989327,0.8999999999986796,0.19512195121969053,133,10,0.9300699300699301
LONG_5_004,5.0,LONG,2024-01-15T16:20:00.000000000Z,other,monday,2.2999999999995246,-2.2999999999995246,0.7499999999989182,0.6249999999990985,0.3066666666670456,134,9,0.9370629370629371
LONG_5_004,5.0,LONG,2024-01-15T16:21:00.000000000Z,other,monday,2.1999999999988695,-0.700000000000145,0.7299999999990092,0.6249999999996536,0.09589041095905411,135,8,0.9440559440559441
LONG_5_004,5.0,LONG,2024-01-15T16:22:00.000000000Z,other,monday,2.1999999999988695,-0.4999999999988347,0.7499999999991402,0.4499999999996174,0.06666666666658772,136,7,0.951048951048951
LONG_5_004,5.0,LONG,2024-01-15T16:23:00.000000000Z,other,monday,2.1999999999988695,1.7000000000000348,0.7499999999993623,0.5250000000001087,0.22666666666686405,137,6,0.958041958041958
LONG_5_004,5.0,LONG,2024-01-15T16:24:00.000000000Z,other,monday,2.1999999999988695,0.1999999999990898,0.6999999999994788,0.6500000000003725,0.028571428571319814,138,5,0.965034965034965
LONG_5_004,5.0,LONG,2024-01-15T16:25:00.000000000Z,other,monday,2.1999999999988695,-0.700000000000145,0.6299999999996864,0.5000000000005,0.11111111111118943,139,4,0.972027972027972
LONG_5_004,5.0,LONG,2024-01-15T16:26:00.000000000Z,other,monday,2.100000000000435,0.8999999999992347,0.5699999999999594,0.5500000000008276,0.15789473684198224,140,3,0.9790209790209791
LONG_5_004,5.0,LONG,2024-01-15T16:27:00.000000000Z,other,monday,4.3999999999999595,2.60000000000149,0.740000000000185,0.8750000000007363,0.3513513513514649,141,2,0.986013986013986
LONG_5_004,5.0,LONG,2024-01-15T16:28:00.000000000Z,other,monday,4.500000000000615,3.700000000002035,0.6500000000002615,0.7750000000006363,0.5692307692308534,142,1,0.993006993006993
LONG_5_004,5.0,LONG,2024-01-15T16:29:00.000000000Z,other,monday,5.1000000000001044,5.1000000000001044,0.6300000000003525,0.900000000000345,0.8095238095233731,143,0,1.0
SHORT_5_001,5.0,SHORT,2024-01-15T08:00:00.000000000Z,london,monday,0.0,0.0,0.0,0.0,0.0,0,138,0.0
SHORT_5_001,5.0,SHORT,2024-01-15T08:01:00.000000000Z,london,monday,0.1999999999990898,0.1999999999990898,0.1999999999990898,0.1999999999990898,1.0,1,137,0.007246376811594203
SHORT_5_001,5.0,SHORT,2024-01-15T08:02:00.000000000Z,london,monday,1.40000000000029,1.40000000000029,0.700000000000145,0.700000000000145,1.0,2,136,0.014492753623188406
SHORT_5_001,5.0,SHORT,2024-01-15T08:03:00.000000000Z,london,monday,3.4000000000000696,3.4000000000000696,1.1333333333333566,1.1333333333333566,1.0,3,135,0.021739130434782608
SHORT_5_001,5.0,SHORT,2024-01-15T08:04:00.000000000Z,london,monday,3.4000000000000696,2.80000000000058,0.9999999999998899,0.9999999999998899,0.700000000000222,4,134,0.028985507246376812
SHORT_5_001,5.0,SHORT,2024-01-15T08:05:00.000000000Z,london,monday,3.4000000000000696,3.2999999999994145,0.8999999999996788,1.074999999999826,0.733333333333465,5,133,0.036231884057971016
SHORT_5_001,5.0,SHORT,2024-01-15T08:06:00.000000000Z,london,monday,3.4000000000000696,2.500000000000835,0.8833333333328289,0.974999999999171,0.471698113207974,6,132,0.043478260869565216
SHORT_5_001,5.0,SHORT,2024-01-15T08:07:00.000000000Z,london,monday,3.4000000000000696,1.100000000000545,0.9571428571424663,0.8249999999992985,0.16417910447776032,7,131,0.050724637681159424
SHORT_5_001,5.0,SHORT,2024-01-15T08:08:00.000000000Z,london,monday,3.4000000000000696,3.1000000000003247,1.0874999999996304,1.174999999999371,0.3563218390806182,8,130,0.057971014492753624
SHORT_5_001,5.0,SHORT,2024-01-15T08:09:00.000000000Z,london,monday,5.20000000000076,5.20000000000076,1.1999999999997197,1.574999999999771,0.48148148148166425,9,129,0.06521739130434782
SHORT_5_001,5.0,SHORT,2024-01-15T08:10:00.000000000Z,london,monday,5.20000000000076,5.20000000000076,1.0799999999997478,1.3750000000001261,0.48148148148166425,10,128,0.07246376811594203
SHORT_5_001,5.0,SHORT,2024-01-15T08:11:00.000000000Z,london,monday,6.40000000000196,6.40000000000196,1.1999999999998678,1.3750000000001261,0.5333333333335554,11,127,0.07971014492753623
SHORT_5_001,5.0,SHORT,2024-01-15T08:12:00.000000000Z,london,monday,5.5000000000005045,3.1000000000003247,1.2899999999997913,1.40000000000029,0.2403100775194439,12,126,0.08695652173913043
SHORT_5_001,5.0,SHORT,2024-01-15T08:13:00.000000000Z,london,monday,5.5000000000005045,0.9999999999998899,1.0999999999998789,0.900000000000345,0.09090909090909091,13,125,0.09420289855072464
SHORT_5_001,5.0,SHORT,2024-01-15T08:14:00.000000000Z,london,monday,5.5000000000005045,3.4000000000000696,1.2199999999999989,1.3500000000005175,0.2786885245901699,14,124,0.10144927536231885
SHORT_5_001,5.0,SHORT,2024-01-15T08:15:00.000000000Z,london,monday,5.5000000000005045,3.300000000001635,1.2100000000001554,1.100000000000545,0.27272727272737285,15,123,0.10869565217391304
SHORT_5_001,5.0,SHORT,2024-01-15T08:16:00.000000000Z,london,monday,5.5000000000005045,0.7999999999985796,1.460000000000461,1.400000000000845,0.05479452054783062,16,122,0.11594202898550725
SHORT_5_001,5.0,SHORT,2024-01-15T08:17:00.000000000Z,london,monday,5.5000000000005045,3.1000000000003247,1.4100000000005775,1.600000000001045,0.21985815602830178,17,121,0.12318840579710146
SHORT_5_001,5.0,SHORT,2024-01-15T08:18:00.000000000Z,london,monday,3.5000000000007248,0.8999999999992347,1.2300000000007305,1.2000000000012,0.0731707317072114,18,120,0.13043478260869565
SHORT_5_001,5.0,SHORT,2024-01-15T08:19:00.000000000Z,london,monday,3.300000000001635,-0.9999999999998899,1.040000000000818,1.1500000000014277,0.09615384615375994,19,119,0.13768115942028986
SHORT_5_001,5.0,SHORT,2024-01-15T08:20:00.000000000Z,london,monday,3.300000000001635,-1.6000000000016001,1.100000000000989,0.4750000000014465,0.14545454545456013,20,118,0.14492753623188406
SHORT_5_001,5.0,SHORT,2024-01-15T08:21:00.000000000Z,london,monday,3.300000000001635,-1.900000000001345,1.0700000000010146,0.5250000000012189,0.17757009345790126,21,117,0.15217391304347827
SHORT_5_001,5.0,SHORT,2024-01-15T08:22:00.000000000Z,london,monday,3.300000000001635,-0.700000000000145,0.9500000000008946,0.7000000000007001,0.07368421052626166,22,116,0.15942028985507245
SHORT_5_001,5.0,SHORT,2024-01-15T08:23:00.000000000Z,london,monday,3.300000000001635,0.10000000000065512,1.0100000000008436,0.8250000000004087,0.009900990099066495,23,115,0.16666666666666666
SHORT_5_001,5.0,SHORT,2024-01-15T08:24:00.000000000Z,london,monday,3.5000000000007248,0.5999999999994898,1.060000000000727,1.2499999999998623,0.05660377358481871,24,114,0.17391304347826086
SHORT_5_001,5.0,SHORT,2024-01-15T08:25:00.000000000Z,london,monday,3.5000000000007248,0.0,1.040000000000596,1.0249999999994985,0.0,25,113,0.18115942028985507
SHORT_5_001,5.0,SHORT,2024-01-15T08:26:00.000000000Z,london,monday,3.5000000000007248,3.300000000001635,0.7100000000004325,0.7999999999996898,0.46478873239431334,26,112,0.18840579710144928
SHORT_5_001,5.0,SHORT,2024-01-15T08:27:00.000000000Z,london,monday,3.20000000000098,1.9999999999997797,0.660000000000327,0.7249999999997536,0.3030303030301195,27,111,0.1956521739130435
SHORT_5_001,5.0,SHORT,2024-01-15T08:28:00.000000000Z,london,monday,3.20000000000098,0.8000000000008001,0.780000000000225,0.49999999999994493,0.10256410256417556,28,110,0.2028985507246377
SHORT_5_001,5.0,SHORT,2024-01-15T08:29:00.000000000Z,london,monday,3.20000000000098,1.40000000000029,0.8400000000001739,0.6500000000003725,0.16666666666666666,29,109,0.21014492753623187
SHORT_5_001,5.0,SHORT,2024-01-15T08:30:00.000000000Z,london,monday,4.599999999999049,-1.3999999999980695,1.1200000000000099,1.50000000000039,0.12499999999982653,30,108,0.21739130434782608
SHORT_5_001,5.0,SHORT,2024-01-15T08:31:00.000000000Z,london,monday,4.599999999999049,-1.7000000000000348,1.0899999999998133,1.5999999999999348,0.15596330275232348,31,107,0.2246376811594203
SHORT_5_001,5.0,SHORT,2024-01-15T08:32:00.000000000Z,london,monday,5.20000000000076,-2.20000000000109,1.1399999999999189,1.5999999999999348,0.19298245614046022,32,106,0.2318840579710145
SHORT_5_001,5.0,SHORT,2024-01-15T08:33:00.000000000Z,london,monday,5.20000000000076,-2.80000000000058,1.0799999999999699,1.4249999999998986,0.2592592592593202,33,105,0.2391304347826087
SHORT_5_001,5.0,SHORT,2024-01-15T08:34:00.000000000Z,london,monday,5.20000000000076,-5.20000000000076,0.8600000000000829,0.6000000000000449,0.6046511627907277,34,104,0.2463768115942029
SHORT_5_001,5.0,SHORT,2024-01-15T08:35:00.000000000Z,london,monday,5.00000000000167,-4.900000000001015,0.8500000000002395,0.4250000000005638,0.5764705882352511,35,103,0.2536231884057971
SHORT_5_001,5.0,SHORT,2024-01-15T08:36:00.000000000Z,london,monday,5.399999999999849,-5.399999999999849,0.9000000000001229,0.20000000000020002,0.5999999999999013,36,102,0.2608695652173913
SHORT_5_001,5.0,SHORT,2024-01-15T08:37:00.000000000Z,london,monday,4.999999999999449,-4.500000000000615,0.9099999999999664,0.2999999999997449,0.4945054945055803,37,101,0.26811594202898553
SHORT_5_001,5.0,SHORT,2024-01-15T08:38:00.000000000Z,london,monday,4.3999999999999595,-2.100000000000435,0.8699999999999264,0.5249999999995536,0.24137931034489798,38,100,0.2753623188405797
SHORT_5_001,5.0,SHORT,2024-01-15T08:39:00.000000000Z,london,monday,4.3999999999999595,-1.900000000001345,0.8899999999998354,0.7499999999993623,0.21348314606760635,39,99,0.2826086956521739
SHORT_5_001,5.0,SHORT,2024-01-15T08:40:00.000000000Z,london,monday,2.4999999999986144,1.0999999999983245,0.5899999999998684,0.7249999999997536,0.1864406779658593,40,98,0.2898550724637681
SHORT_5_001,5.0,SHORT,2024-01-15T08:41:00.000000000Z,london,monday,2.4999999999986144,-1.5999999999993797,0.6999999999999229,1.074999999999826,0.22857142857136514,41,97,0.2971014492753623
SHORT_5_001,5.0,SHORT,2024-01-15T08:42:00.000000000Z,london,monday,2.4999999999986144,0.6000000000017103,0.6399999999999739,1.0250000000000536,0.09375000000027105,42,96,0.30434782608695654
SHORT_5_001,5.0,SHORT,2024-01-15T08:43:00.000000000Z,london,monday,2.4999999999986144,1.2999999999996348,0.7099999999997664,0.9749999999997261,0.18309859154930458,43,95,0.3115942028985507
SHORT_5_001,5.0,SHORT,2024-01-15T08:44:00.000000000Z,london,monday,2.4999999999986144,1.7000000000000348,0.7299999999996754,0.9499999999995623,0.23287671232887547,44,94,0.3188405797101449
SHORT_5_001,5.0,SHORT,2024-01-15T08:45:00.000000000Z,london,monday,2.4999999999986144,-0.10000000000065512,0.8899999999996133,0.8999999999997899,0.011235955056258266,45,93,0.32608695652173914
SHORT_5_001,5.0,SHORT,2024-01-15T08:46:00.000000000Z,london,monday,2.4999999999986144,1.5999999999993797,0.9599999999998499,0.9999999999998899,0.1666666666666281,46,92,0.3333333333333333
SHORT_5_001,5.0,SHORT,2024-01-15T08:47:00.000000000Z,london,monday,2.2999999999995246,1.500000000000945,0.9500000000000064,0.900000000000345,0.15789473684220368,47,91,0.34057971014492755
SHORT_5_001,5.0,SHORT,2024-01-15T08:48:00.000000000Z,london,monday,2.2999999999995246,-0.9999999999998899,1.000000000000112,1.200000000000645,0.0999999999999778,48,90,0.34782608695652173
SHORT_5_001,5.0,SHORT,2024-01-15T08:49:00.000000000Z,london,monday,2.2999999999995246,-1.7000000000000348,0.9300000000000974,0.8500000000005725,0.18279569892471578,49,89,0.35507246376811596
SHORT_5_001,5.0,SHORT,2024-01-15T08:50:00.000000000Z,london,monday,1.8999999999991246,-0.4999999999988347,0.9700000000001374,0.7500000000004725,0.051546391752449884,50,88,0.36231884057971014
SHORT_5_001,5.0,SHORT,2024-01-15T08:51:00.000000000Z,london,monday,1.8999999999991246,1.40000000000029,0.780000000000225,0.6500000000003725,0.1794871794871649,51,87,0.3695652173913043
SHORT_5_001,5.0,SHORT,2024-01-15T08:52:00.000000000Z,london,monday,1.7000000000000348,0.5999999999994898,0.700000000000145,0.27500000000013625,0.08571428571419508,52,86,0.37681159420289856
SHORT_5_001,5.0,SHORT,2024-01-15T08:53:00.000000000Z,london,monday,1.7000000000000348,-0.5999999999994898,0.660000000000327,0.3000000000003,0.09090909090896857,53,85,0.38405797101449274
SHORT_5_001,5.0,SHORT,2024-01-15T08:54:00.000000000Z,london,monday,1.7000000000000348,-0.5999999999994898,0.660000000000327,0.17500000000003624,0.09090909090896857,54,84,0.391304347826087
SHORT_5_001,5.0,SHORT,2024-01-15T08:55:00.000000000Z,london,monday,1.80000000000069,-0.1999999999990898,0.620000000000287,0.49999999999994493,0.03225806451596729,55,83,0.39855072463768115
SHORT_5_001,5.0,SHORT,2024-01-15T08:56:00.000000000Z,london,monday,1.9999999999997797,-1.5999999999993797,0.520000000000076,0.5499999999997174,0.30769230769214345,56,82,0.4057971014492754
SHORT_5_001,5.0,SHORT,2024-01-15T08:57:00.000000000Z,london,monday,1.9999999999997797,-1.9999999999997797,0.48000000000003595,0.4499999999996174,0.4166666666665896,57,81,0.41304347826086957
SHORT_5_001,5.0,SHORT,2024-01-15T08:58:00.000000000Z,london,monday,1.5999999999993797,-0.10000000000065512,0.3699999999997594,0.47499999999922604,0.02702702702722166,58,80,0.42028985507246375
SHORT_5_001,5.0,SHORT,2024-01-15T08:59:00.000000000Z,london,monday,1.5999999999993797,-0.5999999999994898,0.3599999999996939,0.1999999999990898,0.16666666666666666,59,79,0.427536231884058
SHORT_5_001,5.0,SHORT,2024-01-15T09:00:00.000000000Z,london,monday,2.60000000000149,-2.60000000000149,0.3999999999997339,0.4499999999996174,0.6500000000008049,60,78,0.43478260869565216
SHORT_5_001,5.0,SHORT,2024-01-15T09:01:00.000000000Z,london,monday,3.6999999999998145,-3.6999999999998145,0.5099999999995664,0.7249999999991985,0.7254901960790119,61,77,0.4420289855072464
SHORT_5_001,5.0,SHORT,2024-01-15T09:02:00.000000000Z,london,monday,5.800000000000249,-5.800000000000249,0.7199999999996098,1.1499999999997623,0.8055555555560268,62,76,0.4492753623188406
SHORT_5_001,5.0,SHORT,2024-01-15T09:03:00.000000000Z,london,monday,5.699999999999594,-5.1000000000001044,0.7099999999995443,1.174999999999926,0.7183098591554052,63,75,0.45652173913043476
SHORT_5_001,5.0,SHORT,2024-01-15T09:04:00.000000000Z,london,monday,5.699999999999594,-4.899999999998794,0.7299999999996754,0.9999999999998899,0.6712328767124621,64,74,0.463768115942029
SHORT_5_001,5.0,SHORT,2024-01-15T09:05:00.000000000Z,london,monday,4.599999999999049,-3.5999999999991594,0.5999999999997119,0.7250000000003087,0.6000000000001481,65,73,0.47101449275362317
SHORT_5_001,5.0,SHORT,2024-01-15T09:06:00.000000000Z,london,monday,4.599999999999049,-2.4000000000001798,0.6799999999997919,0.4500000000001725,0.3529411764707227,66,72,0.4782608695652174
SHORT_5_001,5.0,SHORT,2024-01-15T09:07:00.000000000Z,london,monday,4.599999999999049,-2.900000000001235,0.7299999999998974,0.5000000000005,0.39726027397282776,67,71,0.4855072463768116
SHORT_5_001,5.0,SHORT,2024-01-15T09:08:00.000000000Z,london,monday,4.599999999999049,-3.9999999999995595,0.7600000000000939,0.5500000000002725,0.5263157894735612,68,70,0.4927536231884058
SHORT_5_001,5.0,SHORT,2024-01-15T09:09:00.000000000Z,london,monday,4.3999999999999595,-3.20000000000098,0.8000000000001339,0.700000000000145,0.40000000000005553,69,69,0.5
SHORT_5_001,5.0,SHORT,2024-01-15T09:10:00.000000000Z,london,monday,3.1999999999987594,-1.7999999999984695,0.700000000000145,0.5000000000005,0.2571428571425852,70,68,0.5072463768115942
SHORT_5_001,5.0,SHORT,2024-01-15T09:11:00.000000000Z,london,monday,2.100000000000435,-0.40000000000040004,0.620000000000287,0.4500000000001725,0.06451612903229273,71,67,0.5144927536231884
SHORT_5_001,5.0,SHORT,2024-01-15T09:12:00.000000000Z,london,monday,1.9999999999997797,1.9999999999997797,0.440000000000218,0.3500000000000725,0.4545454545451793,72,66,0.5217391304347826
SHORT_5_001,5.0,SHORT,2024-01-15T09:13:00.000000000Z,london,monday,1.7000000000000348,0.0,0.580000000000247,0.6250000000002087,0.0,73,65,0.5289855072463768
SHORT_5_001,5.0,SHORT,2024-01-15T09:14:00.000000000Z,london,monday,1.7000000000000348,0.4999999999988347,0.6300000000001305,0.8249999999998536,0.07936507936487797,74,64,0.5362318840579711
SHORT_5_001,5.0,SHORT,2024-01-15T09:15:00.000000000Z,london,monday,1.7000000000000348,-0.20000000000131024,0.700000000000145,0.9249999999999536,0.028571428571609832,75,63,0.5434782608695652
SHORT_5_001,5.0,SHORT,2024-01-15T09:16:00.000000000Z,london,monday,2.4000000000001798,-2.20000000000109,0.700000000000145,1.0999999999999899,0.31428571428580493,76,62,0.5507246376811594
SHORT_5_001,5.0,SHORT,2024-01-15T09:17:00.000000000Z,london,monday,2.8999999999990145,-2.1999999999988695,0.6999999999999229,0.7999999999996898,0.3142857142855874,77,61,0.5579710144927537
SHORT_5_001,5.0,SHORT,2024-01-15T09:18:00.000000000Z,london,monday,3.4000000000000696,-1.9999999999997797,0.6800000000000139,0.6749999999999812,0.2941176470587851,78,60,0.5652173913043478
SHORT_5_001,5.0,SHORT,2024-01-15T09:19:00.000000000Z,london,monday,3.4000000000000696,-1.5999999999993797,0.7200000000000539,0.7499999999999174,0.22222222222211943,79,59,0.572463768115942
SHORT_5_001,5.0,SHORT,2024-01-15T09:20:00.000000000Z,london,monday,3.4000000000000696,-2.100000000000435,0.7299999999998974,0.5749999999998812,0.28767123287681234,80,58,0.5797101449275363
SHORT_5_001,5.0,SHORT,2024-01-15T09:21:00.000000000Z,london,monday,3.4000000000000696,-0.700000000000145,0.8699999999999264,0.8750000000001812,0.080459770114966,81,57,0.5869565217391305
SHORT_5_001,5.0,SHORT,2024-01-15T09:22:00.000000000Z,london,monday,3.4000000000000696,-1.100000000000545,0.8500000000000174,0.7750000000000812,0.12941176470594382,82,56,0.5942028985507246
SHORT_5_001,5.0,SHORT,2024-01-15T09:23:00.000000000Z,london,monday,2.6999999999999247,0.10000000000065512,0.7299999999998974,0.6499999999998174,0.013698630137077969,83,55,0.6014492753623188
SHORT_5_001,5.0,SHORT,2024-01-15T09:24:00.000000000Z,london,monday,2.6999999999999247,-1.100000000000545,0.6500000000000394,0.6250000000002087,0.16923076923084282,84,54,0.6086956521739131
SHORT_5_001,5.0,SHORT,2024-01-15T09:25:00.000000000Z,london,monday,2.4000000000001798,-1.1999999999989797,0.6599999999998829,0.3999999999998449,0.18181818181805948,85,53,0.6159420289855072
SHORT_5_001,5.0,SHORT,2024-01-15T09:26:00.000000000Z,london,monday,2.4000000000001798,0.9999999999998899,0.6799999999997919,0.6749999999994261,0.14705882352944058,86,52,0.6231884057971014
SHORT_5_001,5.0,SHORT,2024-01-15T09:27:00.000000000Z,london,monday,2.4000000000001798,1.4999999999987246,0.6299999999999084,0.5499999999997174,0.23809523809507027,87,51,0.6304347826086957
SHORT_5_001,5.0,SHORT,2024-01-15T09:28:00.000000000Z,london,monday,2.4000000000001798,1.5999999999993797,0.6199999999998429,0.5999999999994898,0.2580645161289976,88,50,0.6376811594202898
SHORT_5_001,5.0,SHORT,2024-01-15T09:29:00.000000000Z,london,monday,1.7000000000000348,0.5000000000010552,0.5299999999996974,0.4249999999994536,0.09433962264176239,89,49,0.644927536231884
SHORT_5_001,5.0,SHORT,2024-01-15T09:30:00.000000000Z,london,monday,2.80000000000058,2.80000000000058,0.6999999999997009,0.6249999999996536,0.40000000000025376,90,48,0.6521739130434783
SHORT_5_001,5.0,SHORT,2024-01-15T09:31:00.000000000Z,london,monday,2.6999999999999247,-0.40000000000040004,0.6799999999997919,0.9999999999998899,0.05882352941184154,91,47,0.6594202898550725
SHORT_5_001,5.0,SHORT,2024-01-15T09:32:00.000000000Z,london,monday,2.6999999999999247,-0.700000000000145,0.7099999999997664,0.9999999999998899,0.0985915492958275,92,46,0.6666666666666666
SHORT_5_001,5.0,SHORT,2024-01-15T09:33:00.000000000Z,london,monday,2.6999999999999247,-0.20000000000131024,0.6599999999998829,0.9750000000002812,0.0303030303032342,93,45,0.6739130434782609
SHORT_5_001,5.0,SHORT,2024-01-15T09:34:00.000000000Z,london,monday,3.6999999999998145,-1.7999999999984695,0.8199999999995988,0.9249999999999536,0.21951219512187198,94,44,0.6811594202898551
SHORT_5_001,5.0,SHORT,2024-01-15T09:35:00.000000000Z,london,monday,6.200000000000649,-3.5000000000007248,0.9899999999998244,1.174999999999926,0.3535353535354895,95,43,0.6884057971014492
SHORT_5_001,5.0,SHORT,2024-01-15T09:36:00.000000000Z,london,monday,6.300000000001305,-4.8000000000003595,0.8799999999999919,1.0999999999999899,0.5454545454545914,96,42,0.6956521739130435
SHORT_5_001,5.0,SHORT,2024-01-15T09:37:00.000000000Z,london,monday,9.500000000000064,-7.999999999999119,1.1999999999998678,1.8999999999996797,0.6666666666666666,97,41,0.7028985507246377
SHORT_5_001,5.0,SHORT,2024-01-15T09:38:00.000000000Z,london,monday,10.799999999999699,-8.899999999998354,1.2899999999997913,1.774999999999971,0.6899224806201391,98,40,0.7101449275362319
SHORT_5_001,5.0,SHORT,2024-01-15T09:39:00.000000000Z,london,monday,10.799999999999699,-6.6000000000010495,1.4999999999998348,1.6999999999994797,0.4400000000001184,99,39,0.717391304347826
SHORT_5_001,5.0,SHORT,2024-01-15T09:40:00.000000000Z,london,monday,10.799999999999699,-8.900000000000574,1.3299999999998313,1.7499999999992522,0.6691729323309551,100,38,0.7246376811594203
SHORT_5_001,5.0,SHORT,2024-01-15T09:41:00.000000000Z,london,monday,9.299999999998754,-6.900000000000794,1.2299999999996203,1.074999999999271,0.5609756097563353,101,37,0.7318840579710145
SHORT_5_001,5.0,SHORT,2024-01-15T09:42:00.000000000Z,london,monday,8.899999999998354,-6.899999999998574,1.2299999999993982,0.8499999999989072,0.560975609756256,102,36,0.7391304347826086
SHORT_5_001,5.0,SHORT,2024-01-15T09:43:00.000000000Z,london,monday,8.899999999998354,-7.199999999998319,1.2599999999993727,0.37499999999912603,0.5714285714287225,103,35,0.7463768115942029
SHORT_5_001,5.0,SHORT,2024-01-15T09:44:00.000000000Z,london,monday,7.099999999999884,-6.399999999999739,1.1799999999995148,0.5499999999991623,0.5423728813561332,104,34,0.7536231884057971
SHORT_5_001,5.0,SHORT,2024-01-15T09:45:00.000000000Z,london,monday,4.599999999999049,-2.8999999999990145,1.0299999999994203,0.6749999999994261,0.2815533980583152,105,33,0.7608695652173914
SHORT_5_001,5.0,SHORT,2024-01-15T09:46:00.000000000Z,london,monday,4.499999999998394,-3.1000000000003247,1.0499999999995513,0.6500000000003725,0.29523809523825234,106,32,0.7681159420289855
SHORT_5_001,5.0,SHORT,2024-01-15T09:47:00.000000000Z,london,monday,3.1999999999987594,-2.100000000000435,0.9499999999995623,1.1250000000001537,0.221052631579095,107,31,0.7753623188405797
SHORT_5_001,5.0,SHORT,2024-01-15T09:48:00.000000000Z,london,monday,3.1999999999987594,0.09999999999843467,0.9099999999995223,1.0999999999999899,0.010989010988844744,108,30,0.782608695652174
SHORT_5_001,5.0,SHORT,2024-01-15T09:49:00.000000000Z,london,monday,3.1999999999987594,-0.2999999999997449,0.8699999999997043,1.30000000000019,0.03448275862067205,109,29,0.7898550724637681
SHORT_5_001,5.0,SHORT,2024-01-15T09:50:00.000000000Z,london,monday,3.1999999999987594,-0.8999999999992347,0.9299999999996533,1.4499999999995072,0.09677419354834088,110,28,0.7971014492753623
SHORT_5_001,5.0,SHORT,2024-01-15T09:51:00.000000000Z,london,monday,3.1999999999987594,-2.8999999999990145,1.0299999999998644,1.2750000000000261,0.28155339805819385,111,27,0.8043478260869565
SHORT_5_001,5.0,SHORT,2024-01-15T09:52:00.000000000Z,london,monday,2.80000000000058,-2.100000000000435,1.0300000000000864,1.1500000000003174,0.20388349514565618,112,26,0.8115942028985508
SHORT_5_001,5.0,SHORT,2024-01-15T09:53:00.000000000Z,london,monday,2.6999999999999247,-1.2000000000012,1.060000000000061,0.8500000000000174,0.11320754716991803,113,25,0.8188405797101449
SHORT_5_001,5.0,SHORT,2024-01-15T09:54:00.000000000Z,london,monday,2.6999999999999247,0.1999999999990898,1.000000000000112,0.7250000000003087,0.01999999999990674,114,24,0.8260869565217391
SHORT_5_001,5.0,SHORT,2024-01-15T09:55:00.000000000Z,london,monday,3.6999999999998145,1.1999999999989797,1.100000000000101,0.8500000000000174,0.10909090909080632,115,23,0.8333333333333334
SHORT_5_001,5.0,SHORT,2024-01-15T09:56:00.000000000Z,london,monday,3.6999999999998145,1.3000000000018552,1.0899999999998133,0.7999999999996898,0.11926605504606219,116,22,0.8405797101449275
SHORT_5_001,5.0,SHORT,2024-01-15T09:57:00.000000000Z,london,monday,3.6999999999998145,2.500000000000835,0.9699999999999154,0.8999999999997899,0.25773195876299515,117,21,0.8478260869565217
SHORT_5_001,5.0,SHORT,2024-01-15T09:58:00.000000000Z,london,monday,3.4000000000000696,0.8000000000008001,0.9600000000000719,0.9999999999998899,0.08333333333341043,118,20,0.855072463768116
SHORT_5_001,5.0,SHORT,2024-01-15T09:59:00.000000000Z,london,monday,3.4000000000000696,-0.1999999999990898,0.8600000000000829,0.700000000000145,0.02325581395338029,119,19,0.8623188405797102
SHORT_5_001,5.0,SHORT,2024-01-15T10:00:00.000000000Z,london,monday,3.8999999999989043,-1.9999999999997797,1.040000000000152,1.3250000000003537,0.19230769230764302,120,18,0.8695652173913043
SHORT_5_001,5.0,SHORT,2024-01-15T10:01:00.000000000Z,london,monday,3.8999999999989043,-0.4999999999988347,0.8900000000000574,1.0750000000003812,0.05617977528076432,121,17,0.8768115942028986
SHORT_5_001,5.0,SHORT,2024-01-15T10:02:00.000000000Z,london,monday,4.999999999999449,-1.9999999999997797,0.9600000000000719,1.1500000000003174,0.2083333333332948,122,16,0.8840579710144928
SHORT_5_001,5.0,SHORT,2024-01-15T10:03:00.000000000Z,london,monday,5.999999999999339,-3.5999999999991594,1.000000000000112,1.2000000000000899,0.35999999999987564,123,15,0.8913043478260869
SHORT_5_001,5.0,SHORT,2024-01-15T10:04:00.000000000Z,london,monday,7.500000000000284,-5.5000000000005045,1.1100000000001664,0.900000000000345,0.4954954954954667,124,14,0.8985507246376812
SHORT_5_001,5.0,SHORT,2024-01-15T10:05:00.000000000Z,london,monday,7.500000000000284,-6.999999999999229,0.960000000000294,1.0250000000006088,0.7291666666663631,125,13,0.9057971014492754
SHORT_5_001,5.0,SHORT,2024-01-15T10:06:00.000000000Z,london,monday,7.300000000001194,-6.099999999999994,1.0100000000003995,0.9250000000005087,0.6039603960393646,126,12,0.9130434782608695
SHORT_5_001,5.0,SHORT,2024-01-15T10:07:00.000000000Z,london,monday,6.300000000001305,-5.300000000001415,0.9300000000005415,0.7250000000008638,0.5698924731180999,127,11,0.9202898550724637
SHORT_5_001,5.0,SHORT,2024-01-15T10:08:00.000000000Z,london,monday,6.300000000001305,-4.60000000000127,0.860000000000527,0.37500000000079137,0.5348837209300524,128,10,0.927536231884058
SHORT_5_001,5.0,SHORT,2024-01-15T10:09:00.000000000Z,london,monday,7.4000000000018495,-7.4000000000018495,0.980000000000425,0.7500000000004725,0.7551020408161878,129,9,0.9347826086956522
SHORT_5_001,5.0,SHORT,2024-01-15T10:10:00.000000000Z,london,monday,5.700000000001815,-5.700000000001815,0.8100000000004215,0.8250000000004087,0.7037037037035616,130,8,0.9420289855072463
SHORT_5_001,5.0,SHORT,2024-01-15T10:11:00.000000000Z,london,monday,5.700000000001815,-4.900000000001015,0.8900000000005015,0.9750000000002812,0.5505617977526127,131,7,0.9492753623188406
SHORT_5_001,5.0,SHORT,2024-01-15T10:12:00.000000000Z,london,monday,5.20000000000076,-5.20000000000076,0.920000000000476,1.30000000000019,0.565217391304138,132,6,0.9565217391304348
SHORT_5_001,5.0,SHORT,2024-01-15T10:13:00.000000000Z,london,monday,4.20000000000087,-3.9999999999995595,0.840000000000618,0.8500000000005725,0.4761904761900734,133,5,0.9637681159420289
SHORT_5_001,5.0,SHORT,2024-01-15T10:14:00.000000000Z,london,monday,3.900000000001125,-1.80000000000069,0.760000000000316,0.7750000000000812,0.2368421052631502,134,4,0.9710144927536232
SHORT_5_001,5.0,SHORT,2024-01-15T10:15:00.000000000Z,london,monday,4.500000000000615,-3.8000000000004697,0.8600000000000829,0.9499999999995623,0.44186046511629107,135,3,0.9782608695652174
SHORT_5_001,5.0,SHORT,2024-01-15T10:16:00.000000000Z,london,monday,4.700000000001925,-4.700000000001925,0.8100000000001994,0.6499999999998174,0.5802469135803416,136,2,0.9855072463768116
SHORT_5_001,5.0,SHORT,2024-01-15T10:17:00.000000000Z,london,monday,5.699999999999594,-5.699999999999594,0.9099999999999664,0.8999999999992347,0.6263736263736049,137,1,0.9927536231884058
SHORT_5_001,5.0,SHORT,2024-01-15T10:18:00.000000000Z,london,monday,7.299999999998974,-7.299999999998974,1.0699999999999044,1.1499999999997623,0.6822429906541707,138,0,1.0
SHORT_5_002,5.0,SHORT,2024-01-15T11:38:00.000000000Z,london,monday,3.9999999999995595,3.4000000000000696,0.9999999999998899,0.9999999999998899,0.34000000000004443,0,14,0.0
SHORT_5_002,5.0,SHORT,2024-01-15T11:39:00.000000000Z,london,monday,3.9999999999995595,1.5999999999993797,0.8399999999999519,1.000000000000445,0.19047619047612754,1,13,0.07142857142857142
SHORT_5_002,5.0,SHORT,2024-01-15T11:40:00.000000000Z,london,monday,4.799999999998139,3.0999999999981043,0.8699999999999264,0.7250000000003087,0.35632183908027204,2,12,0.14285714285714285
SHORT_5_002,5.0,SHORT,2024-01-15T11:41:00.000000000Z,london,monday,4.799999999998139,-0.5999999999994898,1.0799999999999699,1.2999999999996348,0.05555555555550987,3,11,0.21428571428571427
SHORT_5_002,5.0,SHORT,2024-01-15T11:42:00.000000000Z,london,monday,4.799999999998139,-0.700000000000145,1.0699999999999044,0.9999999999998899,0.06542056074768295,4,10,0.2857142857142857
SHORT_5_002,5.0,SHORT,2024-01-15T11:43:00.000000000Z,london,monday,4.799999999998139,0.7999999999985796,1.0199999999997988,1.0999999999994348,0.07843137254889582,5,9,0.35714285714285715
SHORT_5_002,5.0,SHORT,2024-01-15T11:44:00.000000000Z,london,monday,4.799999999998139,2.2999999999995246,0.8699999999997043,0.9249999999993985,0.2643678160919892,6,8,0.42857142857142855
SHORT_5_002,5.0,SHORT,2024-01-15T11:45:00.000000000Z,london,monday,4.699999999999704,0.20000000000131024,1.0599999999998388,0.6999999999995898,0.01886792452842836,7,7,0.5
SHORT_5_002,5.0,SHORT,2024-01-15T11:46:00.000000000Z,london,monday,5.499999999998284,-2.7999999999983594,0.9599999999998499,0.9249999999993985,0.2916666666665414,8,6,0.5714285714285714
SHORT_5_002,5.0,SHORT,2024-01-15T11:47:00.000000000Z,london,monday,5.499999999998284,-0.8000000000008001,1.1599999999996058,1.4499999999995072,0.06896551724147172,9,5,0.6428571428571429
SHORT_5_002,5.0,SHORT,2024-01-15T11:48:00.000000000Z,london,monday,5.499999999998284,-1.9999999999997797,1.0399999999997078,1.4249999999998986,0.19230769230772515,10,4,0.7142857142857143
SHORT_5_002,5.0,SHORT,2024-01-15T11:49:00.000000000Z,london,monday,5.499999999998284,-3.4000000000000696,1.1799999999997368,1.30000000000019,0.28813559322040916,11,3,0.7857142857142857
SHORT_5_002,5.0,SHORT,2024-01-15T11:50:00.000000000Z,london,monday,5.499999999998284,-4.299999999999304,1.0899999999998133,1.0500000000002174,0.39449541284404044,12,2,0.8571428571428571
SHORT_5_002,5.0,SHORT,2024-01-15T11:51:00.000000000Z,london,monday,3.1999999999987594,-1.500000000000945,0.8099999999999774,0.4250000000005638,0.18518518518530702,13,1,0.9285714285714286
SHORT_5_002,5.0,SHORT,2024-01-15T11:52:00.000000000Z,london,monday,4.599999999999049,-4.100000000000215,1.0499999999997733,1.0250000000000536,0.3904761904762952,14,0,1.0
SHORT_5_003,5.0,SHORT,2024-01-15T12:05:00.000000000Z,london,monday,6.700000000001705,6.700000000001705,1.1100000000008325,1.3500000000010726,0.6036036036033045,0,213,0.0
SHORT_5_003,5.0,SHORT,2024-01-15T12:06:00.000000000Z,london,monday,5.20000000000076,4.900000000001015,0.9900000000007125,1.3750000000006812,0.49494949494924123,1,212,0.004694835680751174
SHORT_5_003,5.0,SHORT,2024-01-15T12:07:00.000000000Z,london,monday,5.00000000000167,2.6999999999999247,0.8700000000008146,1.4500000000006175,0.31034482758590765,2,211,0.009389671361502348
SHORT_5_003,5.0,SHORT,2024-01-15T12:08:00.000000000Z,london,monday,5.00000000000167,2.5999999999992696,0.860000000000749,0.6750000000005363,0.3023255813950006,3,210,0.014084507042253521
SHORT_5_003,5.0,SHORT,2024-01-15T12:09:00.000000000Z,london,monday,6.500000000000394,5.899999999998684,0.9100000000006325,0.7750000000000812,0.6483516483510531,4,209,0.018779342723004695
SHORT_5_003,5.0,SHORT,2024-01-15T12:10:00.000000000Z,london,monday,6.800000000000139,6.499999999998174,0.9100000000006325,0.7750000000000812,0.7142857142850171,5,208,0.023474178403755867
SHORT_5_003,5.0,SHORT,2024-01-15T12:11:00.000000000Z,london,monday,7.200000000000539,7.200000000000539,0.920000000000476,0.7499999999999174,0.7826086956518277,6,207,0.028169014084507043
SHORT_5_003,5.0,SHORT,2024-01-15T12:12:00.000000000Z,london,monday,7.900000000000684,7.699999999999374,0.9700000000003595,0.8249999999998536,0.793814432989332,7,206,0.03286384976525822
SHORT_5_003,5.0,SHORT,2024-01-15T12:13:00.000000000Z,london,monday,9.40000000000163,9.40000000000163,1.100000000000323,0.7250000000003087,0.8545454545453518,8,205,0.03755868544600939
SHORT_5_003,5.0,SHORT,2024-01-15T12:14:00.000000000Z,london,monday,6.500000000000394,6.500000000000394,0.8100000000001994,0.800000000000245,0.8024691358023203,9,204,0.04225352112676056
SHORT_5_003,5.0,SHORT,2024-01-15T12:15:00.000000000Z,london,monday,5.800000000000249,4.999999999999449,0.660000000000105,0.700000000000145,0.7575757575755537,10,203,0.046948356807511735
SHORT_5_003,5.0,SHORT,2024-01-15T12:16:00.000000000Z,london,monday,5.800000000000249,5.199999999998539,0.640000000000196,0.5500000000002725,0.8124999999995229,11,202,0.051643192488262914
SHORT_5_003,5.0,SHORT,2024-01-15T12:17:00.000000000Z,london,monday,6.999999999999229,6.999999999999229,0.7200000000000539,0.49999999999994493,0.9722222222220424,12,201,0.056338028169014086
SHORT_5_003,5.0,SHORT,2024-01-15T12:18:00.000000000Z,london,monday,7.200000000000539,7.200000000000539,0.740000000000185,0.5000000000005,0.9729729729728027,13,200,0.06103286384976526
SHORT_5_003,5.0,SHORT,2024-01-15T12:19:00.000000000Z,london,monday,5.300000000001415,2.9999999999996696,0.780000000000447,1.0750000000009363,0.38461538461512185,14,199,0.06572769953051644
SHORT_5_003,5.0,SHORT,2024-01-15T12:20:00.000000000Z,london,monday,5.00000000000167,2.80000000000058,0.760000000000538,1.0750000000009363,0.3684210526313944,15,198,0.07042253521126761
SHORT_5_003,5.0,SHORT,2024-01-15T12:21:00.000000000Z,london,monday,4.60000000000127,2.9999999999996696,0.780000000000447,0.9000000000009001,0.38461538461512185,16,197,0.07511737089201878
SHORT_5_003,5.0,SHORT,2024-01-15T12:22:00.000000000Z,london,monday,3.900000000001125,1.2999999999996348,0.8100000000004215,1.000000000000445,0.16049382716036523,17,196,0.07981220657276995
SHORT_5_003,5.0,SHORT,2024-01-15T12:23:00.000000000Z,london,monday,4.20000000000087,-1.80000000000069,0.820000000000265,0.8249999999998536,0.21951219512196443,18,195,0.08450704225352113
SHORT_5_003,5.0,SHORT,2024-01-15T12:24:00.000000000Z,london,monday,4.60000000000127,-2.80000000000058,0.800000000000356,0.8999999999997899,0.3499999999999167,19,194,0.0892018779342723
SHORT_5_003,5.0,SHORT,2024-01-15T12:25:00.000000000Z,london,monday,5.00000000000167,-3.20000000000098,0.840000000000396,0.8500000000000174,0.38095238095231804,20,193,0.09389671361502347
SHORT_5_003,5.0,SHORT,2024-01-15T12:26:00.000000000Z,london,monday,5.00000000000167,-1.1999999999989797,1.020000000000465,1.0750000000003812,0.11764705882337574,21,192,0.09859154929577464
SHORT_5_003,5.0,SHORT,2024-01-15T12:27:00.000000000Z,london,monday,5.20000000000076,-4.599999999999049,1.100000000000545,1.200000000000645,0.41818181818152456,22,191,0.10328638497652583
SHORT_5_003,5.0,SHORT,2024-01-15T12:28:00.000000000Z,london,monday,6.00000000000156,-6.00000000000156,1.120000000000454,1.300000000000745,0.5357142857142079,23,190,0.107981220657277
SHORT_5_003,5.0,SHORT,2024-01-15T12:29:00.000000000Z,london,monday,4.3999999999999595,-3.6999999999998145,0.8900000000002795,1.200000000000645,0.4157303370785003,24,189,0.11267605633802817
SHORT_5_003,5.0,SHORT,2024-01-15T12:30:00.000000000Z,london,monday,5.599999999998939,-4.999999999999449,1.000000000000112,1.0250000000000536,0.499999999999889,25,188,0.11737089201877934
SHORT_5_003,5.0,SHORT,2024-01-15T12:31:00.000000000Z,london,monday,5.800000000000249,-5.800000000000249,0.960000000000294,0.5500000000002725,0.6041666666665076,26,187,0.12206572769953052
SHORT_5_003,5.0,SHORT,2024-01-15T12:32:00.000000000Z,london,monday,4.8000000000003595,-4.599999999999049,0.880000000000436,0.40000000000040004,0.5227272727269057,27,186,0.1267605633802817
SHORT_5_003,5.0,SHORT,2024-01-15T12:33:00.000000000Z,london,monday,6.500000000000394,-5.399999999999849,0.960000000000516,1.000000000000445,0.5624999999996819,28,185,0.13145539906103287
SHORT_5_003,5.0,SHORT,2024-01-15T12:34:00.000000000Z,london,monday,6.500000000000394,-0.7999999999985796,1.340000000000563,1.7500000000009175,0.059701492537182356,29,184,0.13615023474178403
SHORT_5_003,5.0,SHORT,2024-01-15T12:35:00.000000000Z,london,monday,6.500000000000394,-1.3999999999980695,1.400000000000512,1.9500000000005624,0.09999999999982553,30,183,0.14084507042253522
SHORT_5_003,5.0,SHORT,2024-01-15T12:36:00.000000000Z,london,monday,6.500000000000394,-2.60000000000149,1.28000000000017,2.074999999999716,0.20312500000008946,31,182,0.14553990610328638
SHORT_5_003,5.0,SHORT,2024-01-15T12:37:00.000000000Z,london,monday,4.3999999999999595,-1.40000000000029,1.1600000000000499,1.6999999999994797,0.12068965517243359,32,181,0.15023474178403756
SHORT_5_003,5.0,SHORT,2024-01-15T12:38:00.000000000Z,london,monday,4.20000000000087,-2.5999999999992696,1.2799999999999478,1.1499999999992072,0.2031249999999512,33,180,0.15492957746478872
SHORT_5_003,5.0,SHORT,2024-01-15T12:39:00.000000000Z,london,monday,4.599999999999049,0.9999999999998899,1.6399999999998638,1.7999999999990246,0.06097560975609591,34,179,0.1596244131455399
SHORT_5_003,5.0,SHORT,2024-01-15T12:40:00.000000000Z,london,monday,8.60000000000083,6.200000000000649,1.9200000000001438,2.6249999999999885,0.3229166666666763,35,178,0.1643192488262911
SHORT_5_003,5.0,SHORT,2024-01-15T12:41:00.000000000Z,london,monday,11.200000000000099,9.00000000000123,2.1599999999999397,3.049999999999997,0.4166666666667352,36,177,0.16901408450704225
SHORT_5_003,5.0,SHORT,2024-01-15T12:42:00.000000000Z,london,monday,11.200000000000099,5.899999999998684,2.429999999999932,3.275000000000361,0.24279835390941765,37,176,0.17370892018779344
SHORT_5_003,5.0,SHORT,2024-01-15T12:43:00.000000000Z,london,monday,11.200000000000099,9.799999999999809,2.3400000000000087,2.7500000000008074,0.41880341880340904,38,175,0.1784037558685446
SHORT_5_003,5.0,SHORT,2024-01-15T12:44:00.000000000Z,london,monday,10.200000000000209,3.1999999999987594,2.1599999999999397,2.3500000000004073,0.14814814814809485,39,174,0.18309859154929578
SHORT_5_003,5.0,SHORT,2024-01-15T12:45:00.000000000Z,london,monday,10.200000000000209,3.9999999999995595,2.0799999999998597,1.7500000000003624,0.1923076923076841,40,173,0.18779342723004694
SHORT_5_003,5.0,SHORT,2024-01-15T12:46:00.000000000Z,london,monday,10.200000000000209,1.7000000000000348,2.1700000000002273,1.4250000000004537,0.0783410138248782,41,172,0.19248826291079812
SHORT_5_003,5.0,SHORT,2024-01-15T12:47:00.000000000Z,london,monday,10.200000000000209,3.5999999999991594,2.180000000000293,1.30000000000019,0.16513761467883833,42,171,0.19718309859154928
SHORT_5_003,5.0,SHORT,2024-01-15T12:48:00.000000000Z,london,monday,10.200000000000209,5.999999999999339,2.020000000000355,0.800000000000245,0.29702970297021214,43,170,0.20187793427230047
SHORT_5_003,5.0,SHORT,2024-01-15T12:49:00.000000000Z,london,monday,6.6000000000010495,3.8000000000004697,1.800000000000468,1.100000000000545,0.21111111111108233,44,169,0.20657276995305165
SHORT_5_003,5.0,SHORT,2024-01-15T12:50:00.000000000Z,london,monday,5.60000000000116,0.700000000000145,1.4900000000004354,0.9250000000005087,0.04697986577180808,45,168,0.2112676056338028
SHORT_5_003,5.0,SHORT,2024-01-15T12:51:00.000000000Z,london,monday,5.60000000000116,-3.4000000000000696,1.380000000000603,1.0500000000007725,0.2463768115941003,46,167,0.215962441314554
SHORT_5_003,5.0,SHORT,2024-01-15T12:52:00.000000000Z,london,monday,4.20000000000087,0.700000000000145,1.2100000000003774,1.2500000000004174,0.057851239669415425,47,166,0.22065727699530516
SHORT_5_003,5.0,SHORT,2024-01-15T12:53:00.000000000Z,london,monday,4.3999999999999595,0.1999999999990898,1.160000000000272,1.1500000000003174,0.01724137931026232,48,165,0.22535211267605634
SHORT_5_003,5.0,SHORT,2024-01-15T12:54:00.000000000Z,london,monday,4.3999999999999595,2.5999999999992696,0.920000000000254,0.9249999999999536,0.2826086956520165,49,164,0.2300469483568075
SHORT_5_003,5.0,SHORT,2024-01-15T12:55:00.000000000Z,london,monday,4.3999999999999595,1.40000000000029,1.040000000000152,0.8999999999992347,0.13461538461539282,50,163,0.2347417840375587
SHORT_5_003,5.0,SHORT,2024-01-15T12:56:00.000000000Z,london,monday,4.3999999999999595,2.60000000000149,0.9200000000000319,0.6999999999995898,0.28260869565232605,51,162,0.23943661971830985
SHORT_5_003,5.0,SHORT,2024-01-15T12:57:00.000000000Z,london,monday,4.199999999998649,-0.7999999999985796,1.060000000000061,1.0499999999996623,0.07547169811306921,52,161,0.24413145539906103
SHORT_5_003,5.0,SHORT,2024-01-15T12:58:00.000000000Z,london,monday,4.199999999998649,-0.7999999999985796,1.060000000000061,1.1499999999997623,0.07547169811306921,53,160,0.24882629107981222
SHORT_5_003,5.0,SHORT,2024-01-15T12:59:00.000000000Z,london,monday,4.199999999998649,-1.5999999999993797,0.9799999999999809,0.9500000000001174,0.16326530612238888,54,159,0.2535211267605634
SHORT_5_003,5.0,SHORT,2024-01-15T13:00:00.000000000Z,london,monday,6.099999999999994,-5.40000000000207,1.1799999999999589,1.5750000000003261,0.45762711864425915,55,158,0.25821596244131456
SHORT_5_003,5.0,SHORT,2024-01-15T13:01:00.000000000Z,london,monday,6.099999999999994,-2.5999999999992696,1.1600000000000499,1.300000000000745,0.22413793103441015,56,157,0.26291079812206575
SHORT_5_003,5.0,SHORT,2024-01-15T13:02:00.000000000Z,london,monday,6.099999999999994,-4.199999999998649,1.080000000000192,1.300000000000745,0.3888888888886947,57,156,0.2676056338028169
SHORT_5_003,5.0,SHORT,2024-01-15T13:03:00.000000000Z,london,monday,6.199999999998429,-6.199999999998429,1.080000000000192,1.400000000000845,0.5740740740738266,58,155,0.27230046948356806
SHORT_5_003,5.0,SHORT,2024-01-15T13:04:00.000000000Z,london,monday,7.599999999998719,-7.599999999998719,1.220000000000221,1.0250000000006088,0.6229508196719133,59,154,0.27699530516431925
SHORT_5_003,5.0,SHORT,2024-01-15T13:05:00.000000000Z,london,monday,6.200000000000649,-4.8000000000003595,1.220000000000443,1.0500000000002174,0.3934426229507063,60,153,0.28169014084507044
SHORT_5_003,5.0,SHORT,2024-01-15T13:06:00.000000000Z,london,monday,6.00000000000156,-6.00000000000156,1.340000000000563,1.3500000000005175,0.44776119402977904,61,152,0.2863849765258216
SHORT_5_003,5.0,SHORT,2024-01-15T13:07:00.000000000Z,london,monday,4.999999999999449,-3.9999999999995595,1.140000000000363,1.2000000000000899,0.3508771929823058,62,151,0.29107981220657275
SHORT_5_003,5.0,SHORT,2024-01-15T13:08:00.000000000Z,london,monday,6.399999999999739,-5.800000000000249,1.240000000000352,1.2000000000000899,0.4677419354837583,63,150,0.29577464788732394
SHORT_5_003,5.0,SHORT,2024-01-15T13:09:00.000000000Z,london,monday,9.00000000000123,-9.00000000000123,1.440000000000552,1.50000000000039,0.6249999999998458,64,149,0.3004694835680751
SHORT_5_003,5.0,SHORT,2024-01-15T13:10:00.000000000Z,london,monday,7.4000000000018495,-4.299999999999304,1.3300000000004975,1.5500000000001624,0.3233082706765185,65,148,0.3051643192488263
SHORT_5_003,5.0,SHORT,2024-01-15T13:11:00.000000000Z,london,monday,7.4000000000018495,-4.20000000000087,1.340000000000341,1.80000000000069,0.31343283582088066,66,147,0.30985915492957744
SHORT_5_003,5.0,SHORT,2024-01-15T13:12:00.000000000Z,london,monday,7.0000000000014495,-4.999999999999449,1.4200000000001989,1.7500000000003624,0.3521126760562499,67,146,0.3145539906103286
SHORT_5_003,5.0,SHORT,2024-01-15T13:13:00.000000000Z,london,monday,6.00000000000156,-4.8000000000003595,1.40000000000029,1.30000000000019,0.34285714285709756,68,145,0.3192488262910798
SHORT_5_003,5.0,SHORT,2024-01-15T13:14:00.000000000Z,london,monday,6.00000000000156,-3.4000000000000696,1.260000000000261,0.8500000000000174,0.2698412698412195,69,144,0.323943661971831
SHORT_5_003,5.0,SHORT,2024-01-15T13:15:00.000000000Z,london,monday,6.00000000000156,-5.399999999999849,1.180000000000181,0.6499999999998174,0.45762711864398486,70,143,0.3286384976525822
SHORT_5_003,5.0,SHORT,2024-01-15T13:16:00.000000000Z,london,monday,4.3999999999999595,-1.5999999999993797,1.2399999999999078,0.8999999999997899,0.12903225806447569,71,142,0.3333333333333333
SHORT_5_003,5.0,SHORT,2024-01-15T13:17:00.000000000Z,london,monday,4.00000000000178,-0.20000000000131024,1.3000000000000789,0.9499999999995623,0.01538461538471524,72,141,0.3380281690140845
SHORT_5_003,5.0,SHORT,2024-01-15T13:18:00.000000000Z,london,monday,3.8000000000004697,1.100000000000545,1.1699999999998933,0.974999999999171,0.09401709401714917,73,140,0.3427230046948357
SHORT_5_003,5.0,SHORT,2024-01-15T13:19:00.000000000Z,london,monday,5.60000000000116,5.60000000000116,1.0999999999996568,1.2999999999990797,0.5090909090911734,74,139,0.3474178403755869
SHORT_5_003,5.0,SHORT,2024-01-15T13:20:00.000000000Z,london,monday,4.999999999999449,3.8000000000004697,0.9199999999995878,0.7499999999993623,0.41304347826110566,75,138,0.352112676056338
SHORT_5_003,5.0,SHORT,2024-01-15T13:21:00.000000000Z,london,monday,4.999999999999449,2.4000000000001798,0.7799999999995588,0.4999999999993898,0.3076923076925048,76,137,0.3568075117370892
SHORT_5_003,5.0,SHORT,2024-01-15T13:22:00.000000000Z,london,monday,4.999999999999449,1.9999999999997797,0.8199999999995988,0.8749999999996261,0.24390243902448272,77,136,0.3615023474178404
SHORT_5_003,5.0,SHORT,2024-01-15T13:23:00.000000000Z,london,monday,4.999999999999449,2.80000000000058,0.7399999999995188,0.3999999999998449,0.37837837837870275,78,135,0.36619718309859156
SHORT_5_003,5.0,SHORT,2024-01-15T13:24:00.000000000Z,london,monday,4.999999999999449,2.4000000000001798,0.7799999999995588,0.49999999999994493,0.3076923076925048,79,134,0.37089201877934275
SHORT_5_003,5.0,SHORT,2024-01-15T13:25:00.000000000Z,london,monday,4.999999999999449,4.199999999998649,0.8399999999995078,0.7999999999996898,0.5000000000001321,80,133,0.3755868544600939
SHORT_5_003,5.0,SHORT,2024-01-15T13:26:00.000000000Z,london,monday,2.80000000000058,0.8000000000008001,0.7399999999995188,0.6999999999995898,0.10810810810828653,81,132,0.38028169014084506
SHORT_5_003,5.0,SHORT,2024-01-15T13:27:00.000000000Z,london,monday,1.9999999999997797,0.9000000000014552,0.7499999999995843,0.9749999999997261,0.12000000000026054,82,131,0.38497652582159625
SHORT_5_003,5.0,SHORT,2024-01-15T13:28:00.000000000Z,london,monday,2.9999999999996696,-1.100000000000545,0.9499999999997844,1.3999999999997348,0.11578947368429418,83,130,0.38967136150234744
SHORT_5_003,5.0,SHORT,2024-01-15T13:29:00.000000000Z,london,monday,2.9999999999996696,-2.9999999999996696,0.7599999999998719,1.0999999999999899,0.3947368421052862,84,129,0.39436619718309857
SHORT_5_003,5.0,SHORT,2024-01-15T13:30:00.000000000Z,london,monday,2.9999999999996696,-0.40000000000040004,1.0199999999997988,1.4500000000000624,0.03921568627455676,85,128,0.39906103286384975
SHORT_5_003,5.0,SHORT,2024-01-15T13:31:00.000000000Z,london,monday,4.100000000000215,1.100000000000545,1.1699999999998933,1.5500000000001624,0.09401709401714917,86,127,0.40375586854460094
SHORT_5_003,5.0,SHORT,2024-01-15T13:32:00.000000000Z,london,monday,4.199999999998649,2.7999999999983594,1.0199999999997988,1.0499999999996623,0.2745098039214619,87,126,0.4084507042253521
SHORT_5_003,5.0,SHORT,2024-01-15T13:33:00.000000000Z,london,monday,4.199999999998649,2.4000000000001798,1.0599999999996168,1.1499999999992072,0.22641509433972146,88,125,0.4131455399061033
SHORT_5_003,5.0,SHORT,2024-01-15T13:34:00.000000000Z,london,monday,4.500000000000615,3.5000000000007248,1.0899999999995913,0.6749999999994261,0.32110091743137953,89,124,0.41784037558685444
SHORT_5_003,5.0,SHORT,2024-01-15T13:35:00.000000000Z,london,monday,5.1000000000001044,2.900000000001235,1.0299999999996423,0.44999999999906226,0.2815533980584701,90,123,0.4225352112676056
SHORT_5_003,5.0,SHORT,2024-01-15T13:36:00.000000000Z,london,monday,5.1000000000001044,2.1999999999988695,1.0999999999998789,0.8999999999997899,0.19999999999991927,91,122,0.4272300469483568
SHORT_5_003,5.0,SHORT,2024-01-15T13:37:00.000000000Z,london,monday,5.1000000000001044,-0.40000000000040004,1.1399999999996968,1.174999999999926,0.035087719298290035,92,121,0.431924882629108
SHORT_5_003,5.0,SHORT,2024-01-15T13:38:00.000000000Z,london,monday,5.1000000000001044,2.5999999999992696,1.0199999999995768,1.2249999999996986,0.25490196078434785,93,120,0.43661971830985913
SHORT_5_003,5.0,SHORT,2024-01-15T13:39:00.000000000Z,london,monday,5.1000000000001044,2.4999999999986144,1.0299999999996423,1.0999999999999899,0.2427184466018915,94,119,0.4413145539906103
SHORT_5_003,5.0,SHORT,2024-01-15T13:40:00.000000000Z,london,monday,3.4000000000000696,-0.8000000000008001,0.8399999999997299,0.7999999999996898,0.09523809523822112,95,118,0.4460093896713615
SHORT_5_003,5.0,SHORT,2024-01-15T13:41:00.000000000Z,london,monday,3.900000000001125,-2.900000000001235,0.7499999999995843,0.5749999999998812,0.38666666666704563,96,117,0.4507042253521127
SHORT_5_003,5.0,SHORT,2024-01-15T13:42:00.000000000Z,london,monday,3.900000000001125,-2.4999999999986144,0.7899999999998464,0.47500000000033626,0.3164556962024178,97,116,0.45539906103286387
SHORT_5_003,5.0,SHORT,2024-01-15T13:43:00.000000000Z,london,monday,3.900000000001125,-1.80000000000069,0.7800000000000029,0.5250000000001087,0.23076923076931835,98,115,0.460093896713615
SHORT_5_003,5.0,SHORT,2024-01-15T13:44:00.000000000Z,london,monday,3.900000000001125,-2.100000000000435,0.7500000000000284,0.4500000000001725,0.2800000000000474,99,114,0.4647887323943662
SHORT_5_003,5.0,SHORT,2024-01-15T13:45:00.000000000Z,london,monday,3.900000000001125,-2.6999999999999247,0.6900000000000794,0.3000000000003,0.391304347826031,100,113,0.4694835680751174
SHORT_5_003,5.0,SHORT,2024-01-15T13:46:00.000000000Z,london,monday,1.9999999999997797,-1.1999999999989797,0.5399999999999849,0.27500000000013625,0.22222222222203947,101,112,0.47417840375586856
SHORT_5_003,5.0,SHORT,2024-01-15T13:47:00.000000000Z,london,monday,1.40000000000029,-0.10000000000065512,0.4300000000001525,0.3000000000003,0.02325581395363248,102,111,0.4788732394366197
SHORT_5_003,5.0,SHORT,2024-01-15T13:48:00.000000000Z,london,monday,1.40000000000029,-0.5999999999994898,0.380000000000269,0.3000000000003,0.15789473684185923,103,110,0.4835680751173709
SHORT_5_003,5.0,SHORT,2024-01-15T13:49:00.000000000Z,london,monday,1.6000000000016001,0.30000000000196536,0.4500000000002835,0.5000000000005,0.06666666666706142,104,109,0.48826291079812206
SHORT_5_003,5.0,SHORT,2024-01-15T13:50:00.000000000Z,london,monday,2.20000000000109,1.6000000000016001,0.440000000000218,0.5500000000002725,0.36363636363654717,105,108,0.49295774647887325
SHORT_5_003,5.0,SHORT,2024-01-15T13:51:00.000000000Z,london,monday,2.900000000001235,2.900000000001235,0.4500000000002835,0.6250000000002087,0.6444444444443128,106,107,0.49765258215962443
SHORT_5_003,5.0,SHORT,2024-01-15T13:52:00.000000000Z,london,monday,2.500000000000835,1.100000000000545,0.5300000000001415,0.8500000000000174,0.20754716981136817,107,106,0.5023474178403756
SHORT_5_003,5.0,SHORT,2024-01-15T13:53:00.000000000Z,london,monday,2.500000000000835,0.2999999999997449,0.5500000000002725,0.7750000000000812,0.05454545454538114,108,105,0.5070422535211268
SHORT_5_003,5.0,SHORT,2024-01-15T13:54:00.000000000Z,london,monday,2.500000000000835,-0.700000000000145,0.5700000000001815,0.7750000000000812,0.12280701754384599,109,104,0.5117370892018779
SHORT_5_003,5.0,SHORT,2024-01-15T13:55:00.000000000Z,london,monday,2.500000000000835,0.0,0.640000000000196,0.7750000000000812,0.0,110,103,0.5164319248826291
SHORT_5_003,5.0,SHORT,2024-01-15T13:56:00.000000000Z,london,monday,2.500000000000835,0.2999999999997449,0.6100000000002215,0.47500000000033626,0.049180327868792784,111,102,0.5211267605633803
SHORT_5_003,5.0,SHORT,2024-01-15T13:57:00.000000000Z,london,monday,2.500000000000835,0.40000000000040004,0.600000000000156,0.4250000000000087,0.06666666666671602,112,101,0.5258215962441315
SHORT_5_003,5.0,SHORT,2024-01-15T13:58:00.000000000Z,london,monday,2.4000000000001798,1.40000000000029,0.700000000000145,0.6250000000002087,0.2,113,100,0.5305164319248826
SHORT_5_003,5.0,SHORT,2024-01-15T13:59:00.000000000Z,london,monday,2.4000000000001798,0.3999999999981796,0.640000000000196,0.5000000000005,0.06249999999969642,114,99,0.5352112676056338
SHORT_5_003,5.0,SHORT,2024-01-15T14:00:00.000000000Z,london,monday,2.4000000000001798,-0.5999999999994898,0.6200000000000649,0.5749999999998812,0.09677419354829467,115,98,0.539906103286385
SHORT_5_003,5.0,SHORT,2024-01-15T14:01:00.000000000Z,london,monday,2.4000000000001798,-0.10000000000065512,0.6699999999999484,0.7999999999996898,0.014925373134427286,116,97,0.5446009389671361
SHORT_5_003,5.0,SHORT,2024-01-15T14:02:00.000000000Z,london,monday,2.5999999999992696,-1.40000000000029,0.7999999999999119,1.0999999999994348,0.1750000000000555,117,96,0.5492957746478874
SHORT_5_003,5.0,SHORT,2024-01-15T14:03:00.000000000Z,london,monday,3.9999999999995595,-2.2999999999995246,0.8899999999998354,1.3999999999991797,0.25842696629212925,118,95,0.5539906103286385
SHORT_5_003,5.0,SHORT,2024-01-15T14:04:00.000000000Z,london,monday,4.599999999999049,-2.2999999999995246,0.8899999999998354,1.4499999999995072,0.25842696629212925,119,94,0.5586854460093896
SHORT_5_003,5.0,SHORT,2024-01-15T14:05:00.000000000Z,london,monday,7.800000000000029,-6.200000000000649,1.1399999999999189,1.9500000000000073,0.5438596491229027,120,93,0.5633802816901409
SHORT_5_003,5.0,SHORT,2024-01-15T14:06:00.000000000Z,london,monday,10.000000000001119,-8.300000000001084,1.3499999999999623,1.8500000000004624,0.6148148148149123,121,92,0.568075117370892
SHORT_5_003,5.0,SHORT,2024-01-15T14:07:00.000000000Z,london,monday,10.499999999999954,-8.500000000000174,1.3699999999998713,1.6250000000000986,0.6204379562044505,122,91,0.5727699530516432
SHORT_5_003,5.0,SHORT,2024-01-15T14:08:00.000000000Z,london,monday,11.200000000000099,-10.600000000000609,1.2999999999998568,1.6500000000002624,0.815384615384752,123,90,0.5774647887323944
SHORT_5_003,5.0,SHORT,2024-01-15T14:09:00.000000000Z,london,monday,11.200000000000099,-9.399999999999409,1.3799999999997148,1.0999999999999899,0.681159420289953,124,89,0.5821596244131455
SHORT_5_003,5.0,SHORT,2024-01-15T14:10:00.000000000Z,london,monday,11.200000000000099,-9.80000000000203,1.4199999999999768,0.7499999999999174,0.6901408450705767,125,88,0.5868544600938967
SHORT_5_003,5.0,SHORT,2024-01-15T14:11:00.000000000Z,london,monday,11.200000000000099,-10.600000000000609,1.3400000000001189,0.7250000000003087,0.7910447761193783,126,87,0.5915492957746479
SHORT_5_003,5.0,SHORT,2024-01-15T14:12:00.000000000Z,london,monday,8.60000000000083,-8.20000000000043,1.100000000000101,0.6000000000000449,0.7454545454545161,127,86,0.596244131455399
SHORT_5_003,5.0,SHORT,2024-01-15T14:13:00.000000000Z,london,monday,7.200000000000539,-6.699999999999484,0.9700000000001374,0.37500000000023626,0.6907216494843851,128,85,0.6009389671361502
SHORT_5_003,5.0,SHORT,2024-01-15T14:14:00.000000000Z,london,monday,6.900000000000794,-6.900000000000794,0.9900000000002684,0.37500000000023626,0.6969696969695882,129,84,0.6056338028169014
SHORT_5_003,5.0,SHORT,2024-01-15T14:15:00.000000000Z,london,monday,3.6999999999998145,-2.80000000000058,0.7600000000000939,0.49999999999994493,0.3684210526316097,130,83,0.6103286384976526
SHORT_5_003,5.0,SHORT,2024-01-15T14:16:00.000000000Z,london,monday,1.4999999999987246,-0.4999999999988347,0.5500000000000504,0.47500000000033626,0.0909090909088707,131,82,0.6150234741784038
SHORT_5_003,5.0,SHORT,2024-01-15T14:17:00.000000000Z,london,monday,1.8999999999991246,0.8999999999992347,0.5900000000000905,0.6749999999999812,0.15254237288120284,132,81,0.6197183098591549
SHORT_5_003,5.0,SHORT,2024-01-15T14:18:00.000000000Z,london,monday,1.8999999999991246,0.1999999999990898,0.660000000000105,0.8249999999998536,0.030303030302887574,133,80,0.6244131455399061
SHORT_5_003,5.0,SHORT,2024-01-15T14:19:00.000000000Z,london,monday,2.4000000000001798,-1.80000000000069,0.660000000000105,0.8500000000000174,0.2727272727273339,134,79,0.6291079812206573
SHORT_5_003,5.0,SHORT,2024-01-15T14:20:00.000000000Z,london,monday,2.4000000000001798,-0.9999999999998899,0.5800000000000249,0.8249999999998536,0.17241379310342186,135,78,0.6338028169014085
SHORT_5_003,5.0,SHORT,2024-01-15T14:21:00.000000000Z,london,monday,2.5999999999992696,-1.5999999999993797,0.5599999999998939,0.6499999999998174,0.2857142857142291,136,77,0.6384976525821596
SHORT_5_003,5.0,SHORT,2024-01-15T14:22:00.000000000Z,london,monday,2.5999999999992696,0.2999999999997449,0.7099999999999884,0.7249999999997536,0.04225352112672533,137,76,0.6431924882629108
SHORT_5_003,5.0,SHORT,2024-01-15T14:23:00.000000000Z,london,monday,2.5999999999992696,0.8999999999992347,0.7699999999999374,0.6499999999998174,0.11688311688302701,138,75,0.647887323943662
SHORT_5_003,5.0,SHORT,2024-01-15T14:24:00.000000000Z,london,monday,3.4000000000000696,2.6999999999999247,0.7899999999998464,0.8999999999997899,0.3417721518987911,139,74,0.6525821596244131
SHORT_5_003,5.0,SHORT,2024-01-15T14:25:00.000000000Z,london,monday,3.4000000000000696,0.40000000000040004,0.8399999999999519,1.2000000000000899,0.04761904761909797,140,73,0.6572769953051644
SHORT_5_003,5.0,SHORT,2024-01-15T14:26:00.000000000Z,london,monday,3.8999999999989043,2.1999999999988695,1.0199999999997988,1.2499999999998623,0.21568627450973563,141,72,0.6619718309859155
SHORT_5_003,5.0,SHORT,2024-01-15T14:27:00.000000000Z,london,monday,3.8999999999989043,0.9999999999998899,0.9599999999998499,1.1499999999997623,0.10416666666667149,142,71,0.6666666666666666
SHORT_5_003,5.0,SHORT,2024-01-15T14:28:00.000000000Z,london,monday,3.8999999999989043,1.40000000000029,0.9199999999998099,1.1499999999997623,0.15217391304354122,143,70,0.6713615023474179
SHORT_5_003,5.0,SHORT,2024-01-15T14:29:00.000000000Z,london,monday,3.8999999999989043,2.60000000000149,0.8399999999999519,0.8500000000000174,0.30952380952400466,144,69,0.676056338028169
SHORT_5_003,5.0,SHORT,2024-01-15T14:30:00.000000000Z,london,monday,4.3999999999999595,4.20000000000087,0.9999999999998899,0.7750000000000812,0.4200000000001332,145,68,0.6807511737089202
SHORT_5_003,5.0,SHORT,2024-01-15T14:31:00.000000000Z,london,monday,4.3999999999999595,3.4000000000000696,1.0799999999999699,0.9500000000001174,0.31481481481483004,146,67,0.6854460093896714
SHORT_5_003,5.0,SHORT,2024-01-15T14:32:00.000000000Z,london,monday,2.6999999999999247,1.100000000000545,0.9699999999999154,0.8500000000000174,0.11340206185573617,147,66,0.6901408450704225
SHORT_5_003,5.0,SHORT,2024-01-15T14:33:00.000000000Z,london,monday,2.4000000000001798,0.9999999999998899,0.9599999999998499,0.9499999999995623,0.10416666666667149,148,65,0.6948356807511737
SHORT_5_003,5.0,SHORT,2024-01-15T14:34:00.000000000Z,london,monday,2.4000000000001798,-0.5000000000010552,0.9099999999999664,0.6749999999999812,0.054945054945172926,149,64,0.6995305164319249
SHORT_5_003,5.0,SHORT,2024-01-15T14:35:00.000000000Z,london,monday,2.5999999999992696,-0.1999999999990898,0.8799999999997699,0.6999999999995898,0.02272727272717524,150,63,0.704225352112676
SHORT_5_003,5.0,SHORT,2024-01-15T14:36:00.000000000Z,london,monday,2.5999999999992696,-0.6999999999979245,0.8299999999998864,0.8999999999997899,0.08433734939735185,151,62,0.7089201877934272
SHORT_5_003,5.0,SHORT,2024-01-15T14:37:00.000000000Z,london,monday,2.5999999999992696,-1.7999999999984695,0.9399999999999409,1.0999999999999899,0.1914893617019769,152,61,0.7136150234741784
SHORT_5_003,5.0,SHORT,2024-01-15T14:38:00.000000000Z,london,monday,2.5999999999992696,0.2999999999997449,0.9499999999997844,1.2499999999993072,0.03157894736840137,153,60,0.7183098591549296
SHORT_5_003,5.0,SHORT,2024-01-15T14:39:00.000000000Z,london,monday,2.5999999999992696,0.9999999999998899,1.0199999999997988,1.2000000000000899,0.09803921568628304,154,59,0.7230046948356808
SHORT_5_003,5.0,SHORT,2024-01-15T14:40:00.000000000Z,london,monday,2.5999999999992696,-0.5999999999994898,0.8599999999998609,0.8500000000000174,0.06976744186041708,155,58,0.7276995305164319
SHORT_5_003,5.0,SHORT,2024-01-15T14:41:00.000000000Z,london,monday,1.9999999999997797,0.40000000000040004,0.7599999999998719,0.49999999999994493,0.05263157894742993,156,57,0.7323943661971831
SHORT_5_003,5.0,SHORT,2024-01-15T14:42:00.000000000Z,london,monday,1.9999999999997797,0.7999999999985796,0.7200000000000539,0.27500000000069136,0.11111111111090552,157,56,0.7370892018779343
SHORT_5_003,5.0,SHORT,2024-01-15T14:43:00.000000000Z,london,monday,1.9999999999997797,0.0,0.6800000000000139,0.10000000000010001,0.0,158,55,0.7417840375586855
SHORT_5_003,5.0,SHORT,2024-01-15T14:44:00.000000000Z,london,monday,1.9999999999997797,0.8000000000008001,0.6599999999998829,0.17500000000003624,0.12121212121226393,159,54,0.7464788732394366
SHORT_5_003,5.0,SHORT,2024-01-15T14:45:00.000000000Z,london,monday,1.9999999999997797,1.9999999999997797,0.560000000000116,0.20000000000020002,0.35714285714274385,160,53,0.7511737089201878
SHORT_5_003,5.0,SHORT,2024-01-15T14:46:00.000000000Z,london,monday,1.9999999999997797,-0.8000000000008001,0.560000000000116,0.49999999999994493,0.14285714285725615,161,52,0.755868544600939
SHORT_5_003,5.0,SHORT,2024-01-15T14:47:00.000000000Z,london,monday,1.9999999999997797,1.1999999999989797,0.48000000000003595,0.6000000000000449,0.2499999999997687,162,51,0.7605633802816901
SHORT_5_003,5.0,SHORT,2024-01-15T14:48:00.000000000Z,london,monday,1.40000000000029,0.30000000000196536,0.3900000000003345,0.5750000000004363,0.07692307692351488,163,50,0.7652582159624414
SHORT_5_003,5.0,SHORT,2024-01-15T14:49:00.000000000Z,london,monday,1.500000000000945,-1.500000000000945,0.3900000000003345,0.7750000000006363,0.38461538461529704,164,49,0.7699530516431925
SHORT_5_003,5.0,SHORT,2024-01-15T14:50:00.000000000Z,london,monday,2.100000000000435,-2.100000000000435,0.4500000000002835,0.5750000000004363,0.4666666666664693,165,48,0.7746478873239436
SHORT_5_003,5.0,SHORT,2024-01-15T14:51:00.000000000Z,london,monday,2.100000000000435,-1.9999999999997797,0.460000000000349,0.4500000000007276,0.4347826086952744,166,47,0.7793427230046949
SHORT_5_003,5.0,SHORT,2024-01-15T14:52:00.000000000Z,london,monday,2.20000000000109,-1.9999999999997797,0.460000000000349,0.4500000000007276,0.4347826086952744,167,46,0.784037558685446
SHORT_5_003,5.0,SHORT,2024-01-15T14:53:00.000000000Z,london,monday,2.20000000000109,-1.5999999999993797,0.46000000000057106,0.27500000000069136,0.34782608695595507,168,45,0.7887323943661971
SHORT_5_003,5.0,SHORT,2024-01-15T14:54:00.000000000Z,london,monday,2.20000000000109,-2.100000000000435,0.4500000000007276,0.17500000000114646,0.46666666666600876,169,44,0.7934272300469484
SHORT_5_003,5.0,SHORT,2024-01-15T14:55:00.000000000Z,london,monday,2.20000000000109,-1.40000000000029,0.5200000000007421,0.3500000000011827,0.26923076923044076,170,43,0.7981220657276995
SHORT_5_003,5.0,SHORT,2024-01-15T14:56:00.000000000Z,london,monday,1.7000000000000348,0.8999999999992347,0.4700000000006366,0.5250000000006638,0.1914893617017055,171,42,0.8028169014084507
SHORT_5_003,5.0,SHORT,2024-01-15T14:57:00.000000000Z,london,monday,2.80000000000058,1.40000000000029,0.5200000000007421,0.7500000000004725,0.26923076923044076,172,41,0.8075117370892019
SHORT_5_003,5.0,SHORT,2024-01-15T14:58:00.000000000Z,london,monday,2.80000000000058,0.5999999999994898,0.56000000000056,0.8500000000000174,0.10714285714265889,173,40,0.812206572769953
SHORT_5_003,5.0,SHORT,2024-01-15T14:59:00.000000000Z,london,monday,2.80000000000058,1.900000000001345,0.5100000000004545,0.7499999999999174,0.37254901960777487,174,39,0.8169014084507042
SHORT_5_003,5.0,SHORT,2024-01-15T15:00:00.000000000Z,london,monday,3.4000000000000696,3.2999999999994145,0.5300000000003635,0.7249999999997536,0.6226415094334248,175,38,0.8215962441314554
SHORT_5_003,5.0,SHORT,2024-01-15T15:01:00.000000000Z,london,monday,3.4000000000000696,1.1999999999989797,0.720000000000276,0.9499999999995623,0.16666666666646107,176,37,0.8262910798122066
SHORT_5_003,5.0,SHORT,2024-01-15T15:02:00.000000000Z,london,monday,3.4000000000000696,0.9999999999998899,0.740000000000185,0.8999999999997899,0.1351351351350865,177,36,0.8309859154929577
SHORT_5_003,5.0,SHORT,2024-01-15T15:03:00.000000000Z,london,monday,3.4000000000000696,1.4999999999987246,0.7900000000000684,0.9749999999997261,0.1898734177213411,178,35,0.8356807511737089
SHORT_5_003,5.0,SHORT,2024-01-15T15:04:00.000000000Z,london,monday,3.4000000000000696,2.9999999999996696,0.8999999999999009,1.0999999999999899,0.3333333333333333,179,34,0.8403755868544601
SHORT_5_003,5.0,SHORT,2024-01-15T15:05:00.000000000Z,london,monday,2.9999999999996696,2.9999999999996696,0.8999999999999009,0.800000000000245,0.3333333333333333,180,33,0.8450704225352113
SHORT_5_003,5.0,SHORT,2024-01-15T15:06:00.000000000Z,london,monday,2.80000000000058,1.9999999999997797,0.8200000000000429,0.7250000000003087,0.2439024390243506,181,32,0.8497652582159625
SHORT_5_003,5.0,SHORT,2024-01-15T15:07:00.000000000Z,london,monday,3.60000000000138,1.80000000000069,0.8000000000001339,0.7750000000006363,0.22500000000004858,182,31,0.8544600938967136
SHORT_5_003,5.0,SHORT,2024-01-15T15:08:00.000000000Z,london,monday,3.60000000000138,1.4999999999987246,0.8300000000003305,0.6750000000010914,0.18072289156603943,183,30,0.8591549295774648
SHORT_5_003,5.0,SHORT,2024-01-15T15:09:00.000000000Z,london,monday,3.60000000000138,0.8999999999992347,0.8100000000001994,0.5250000000006638,0.11111111111098927,184,29,0.863849765258216
SHORT_5_003,5.0,SHORT,2024-01-15T15:10:00.000000000Z,london,monday,3.60000000000138,-0.700000000000145,0.8100000000004215,0.7000000000007001,0.08641975308639267,185,28,0.8685446009389671
SHORT_5_003,5.0,SHORT,2024-01-15T15:11:00.000000000Z,london,monday,3.60000000000138,-0.40000000000040004,0.780000000000447,0.900000000000345,0.05128205128207318,186,27,0.8732394366197183
SHORT_5_003,5.0,SHORT,2024-01-15T15:12:00.000000000Z,london,monday,6.200000000000649,-2.5999999999992696,1.000000000000334,1.3249999999997986,0.25999999999984014,187,26,0.8779342723004695
SHORT_5_003,5.0,SHORT,2024-01-15T15:13:00.000000000Z,london,monday,6.200000000000649,-1.4999999999987246,1.1100000000003885,1.7250000000001986,0.13513513513497294,188,25,0.8826291079812206
SHORT_5_003,5.0,SHORT,2024-01-15T15:14:00.000000000Z,london,monday,6.200000000000649,-2.6999999999999247,0.9900000000002684,1.5499999999996072,0.27272727272719116,189,24,0.8873239436619719
SHORT_5_003,5.0,SHORT,2024-01-15T15:15:00.000000000Z,london,monday,6.200000000000649,-2.6999999999999247,0.9900000000002684,1.3249999999997986,0.27272727272719116,190,23,0.892018779342723
SHORT_5_003,5.0,SHORT,2024-01-15T15:16:00.000000000Z,london,monday,6.200000000000649,-2.0999999999982144,1.0300000000003084,0.800000000000245,0.20388349514539666,191,22,0.8967136150234741
SHORT_5_003,5.0,SHORT,2024-01-15T15:17:00.000000000Z,london,monday,6.200000000000649,-4.00000000000178,1.040000000000374,0.6000000000006,0.38461538461541744,192,21,0.9014084507042254
SHORT_5_003,5.0,SHORT,2024-01-15T15:18:00.000000000Z,london,monday,5.299999999999194,-3.2999999999994145,0.9700000000001374,0.6250000000007638,0.34020618556690174,193,20,0.9061032863849765
SHORT_5_003,5.0,SHORT,2024-01-15T15:19:00.000000000Z,london,monday,5.1000000000001044,-3.1000000000003247,0.9500000000002284,0.4250000000005638,0.32631578947363993,194,19,0.9107981220657277
SHORT_5_003,5.0,SHORT,2024-01-15T15:20:00.000000000Z,london,monday,4.299999999999304,-2.5999999999992696,0.9000000000001229,0.37500000000023626,0.2888888888887683,195,18,0.9154929577464789
SHORT_5_003,5.0,SHORT,2024-01-15T15:21:00.000000000Z,london,monday,3.20000000000098,-0.7999999999985796,0.740000000000185,0.14999999999987246,0.10810810810788915,196,17,0.92018779342723
SHORT_5_003,5.0,SHORT,2024-01-15T15:22:00.000000000Z,london,monday,3.9999999999995595,3.9999999999995595,0.700000000000145,0.6499999999998174,0.5714285714283902,197,16,0.9248826291079812
SHORT_5_003,5.0,SHORT,2024-01-15T15:23:00.000000000Z,london,monday,2.2999999999995246,0.3999999999981796,0.700000000000145,1.0999999999999899,0.057142857142585254,198,15,0.9295774647887324
SHORT_5_003,5.0,SHORT,2024-01-15T15:24:00.000000000Z,london,monday,2.500000000000835,2.300000000001745,0.8900000000005015,1.5250000000005537,0.2584269662921853,199,14,0.9342723004694836
SHORT_5_003,5.0,SHORT,2024-01-15T15:25:00.000000000Z,london,monday,5.1000000000001044,4.100000000000215,1.0700000000003485,2.1500000000002073,0.38317757009335324,200,13,0.9389671361502347
SHORT_5_003,5.0,SHORT,2024-01-15T15:26:00.000000000Z,london,monday,5.699999999999594,4.199999999998649,1.080000000000192,1.7500000000003624,0.3888888888886947,201,12,0.9436619718309859
SHORT_5_003,5.0,SHORT,2024-01-15T15:27:00.000000000Z,london,monday,5.699999999999594,3.4000000000000696,1.1600000000000499,1.7500000000003624,0.2931034482758555,202,11,0.9483568075117371
SHORT_5_003,5.0,SHORT,2024-01-15T15:28:00.000000000Z,london,monday,5.699999999999594,3.20000000000098,1.1799999999999589,1.3499999999994072,0.2711864406780586,203,10,0.9530516431924883
SHORT_5_003,5.0,SHORT,2024-01-15T15:29:00.000000000Z,london,monday,5.699999999999594,4.100000000000215,1.2699999999998823,0.9249999999993985,0.32283464566933817,204,9,0.9577464788732394
SHORT_5_003,5.0,SHORT,2024-01-15T15:30:00.000000000Z,london,monday,5.699999999999594,2.100000000000435,1.4699999999998603,1.3499999999994072,0.142857142857186,205,8,0.9624413145539906
SHORT_5_003,5.0,SHORT,2024-01-15T15:31:00.000000000Z,london,monday,5.599999999998939,1.40000000000029,1.5199999999997438,1.0499999999991072,0.09210526315792933,206,7,0.9671361502347418
SHORT_5_003,5.0,SHORT,2024-01-15T15:32:00.000000000Z,london,monday,5.20000000000076,-0.9999999999998899,1.3199999999999878,0.9999999999998899,0.07575757575756811,207,6,0.971830985915493
SHORT_5_003,5.0,SHORT,2024-01-15T15:33:00.000000000Z,london,monday,5.20000000000076,0.30000000000196536,1.1899999999998023,0.8999999999997899,0.02521008403378279,208,5,0.9765258215962441
SHORT_5_003,5.0,SHORT,2024-01-15T15:34:00.000000000Z,london,monday,5.20000000000076,-2.000000000002,1.0199999999997988,0.40000000000040004,0.19607843137278377,209,4,0.9812206572769953
SHORT_5_003,5.0,SHORT,2024-01-15T15:35:00.000000000Z,london,monday,5.699999999999594,-5.1000000000001044,0.8099999999997554,0.37500000000023626,0.6296296296298327,210,3,0.9859154929577465
SHORT_5_003,5.0,SHORT,2024-01-15T15:36:00.000000000Z,london,monday,6.599999999998829,-6.599999999998829,0.8399999999997299,0.5499999999997174,0.785714285714399,211,2,0.9906103286384976
SHORT_5_003,5.0,SHORT,2024-01-15T15:37:00.000000000Z,london,monday,6.6000000000010495,-6.099999999999994,0.7899999999998464,0.7500000000004725,0.7721518987343267,212,1,0.9953051643192489
SHORT_5_003,5.0,SHORT,2024-01-15T15:38:00.000000000Z,london,monday,6.900000000000794,-6.00000000000156,0.7800000000000029,0.7499999999999174,0.7692307692309663,213,0,1.0
SHORT_5_004,5.0,SHORT,2024-01-15T16:29:00.000000000Z,other,monday,5.1000000000001044,5.1000000000001044,0.6300000000003525,0.900000000000345,0.8095238095233731,0,14,0.0
SHORT_5_004,5.0,SHORT,2024-01-15T16:30:00.000000000Z,other,monday,5.1000000000001044,4.500000000000615,0.6900000000003015,0.9249999999999536,0.6521739130432824,1,13,0.07142857142857142
SHORT_5_004,5.0,SHORT,2024-01-15T16:31:00.000000000Z,other,monday,4.3999999999999595,2.4999999999986144,0.7500000000004725,0.6500000000003725,0.3333333333329386,2,12,0.14285714285714285
SHORT_5_004,5.0,SHORT,2024-01-15T16:32:00.000000000Z,other,monday,4.100000000000215,0.7999999999985796,0.860000000000527,0.9750000000002812,0.09302325581373132,3,11,0.21428571428571427
SHORT_5_004,5.0,SHORT,2024-01-15T16:33:00.000000000Z,other,monday,3.60000000000138,0.2999999999997449,0.8100000000006435,0.9750000000008363,0.03703703703697612,4,10,0.2857142857142857
SHORT_5_004,5.0,SHORT,2024-01-15T16:34:00.000000000Z,other,monday,3.60000000000138,1.80000000000069,0.860000000000527,1.0750000000009363,0.20930232558134731,5,9,0.35714285714285715
SHORT_5_004,5.0,SHORT,2024-01-15T16:35:00.000000000Z,other,monday,3.60000000000138,0.2999999999997449,1.0100000000006215,1.1500000000008725,0.02970297029698617,6,8,0.42857142857142855
SHORT_5_004,5.0,SHORT,2024-01-15T16:36:00.000000000Z,other,monday,3.300000000001635,0.1999999999990898,1.000000000000556,0.9000000000009001,0.01999999999989786,7,7,0.5
SHORT_5_004,5.0,SHORT,2024-01-15T16:37:00.000000000Z,other,monday,3.300000000001635,-2.20000000000109,0.760000000000538,0.7500000000004725,0.2894736842104648,8,6,0.5714285714285714
SHORT_5_004,5.0,SHORT,2024-01-15T16:38:00.000000000Z,other,monday,3.300000000001635,-2.100000000000435,0.7700000000006035,0.5500000000008276,0.27272727272711544,9,5,0.6428571428571429
SHORT_5_004,5.0,SHORT,2024-01-15T16:39:00.000000000Z,other,monday,3.300000000001635,-3.300000000001635,0.7700000000008256,0.30000000000085514,0.4285714285711814,10,4,0.7142857142857143
SHORT_5_004,5.0,SHORT,2024-01-15T16:40:00.000000000Z,other,monday,3.1000000000003247,-3.1000000000003247,0.7500000000006946,0.3000000000003,0.4133333333329938,11,3,0.7857142857142857
SHORT_5_004,5.0,SHORT,2024-01-15T16:41:00.000000000Z,other,monday,1.9999999999997797,-1.7999999999984695,0.620000000000509,0.3000000000003,0.2903225806446761,12,2,0.8571428571428571
SHORT_5_004,5.0,SHORT,2024-01-15T16:42:00.000000000Z,other,monday,2.500000000000835,-0.8999999999992347,0.5300000000005856,0.37500000000023626,0.169811320754385,13,1,0.9285714285714286
SHORT_5_004,5.0,SHORT,2024-01-15T16:43:00.000000000Z,other,monday,3.300000000001635,-2.300000000001745,0.5500000000004945,0.4250000000000087,0.4181818181817595,14,0,1.0
LONG_6_001,6.0,LONG,2024-01-15T08:00:00.000000000Z,london,monday,0.0,0.0,0.0,0.0,0.0,0,11,0.0
LONG_6_001,6.0,LONG,2024-01-15T08:01:00.000000000Z,london,monday,0.1999999999990898,0.1999999999990898,0.1999999999990898,0.1999999999990898,1.0,1,10,0.09090909090909091
LONG_6_001,6.0,LONG,2024-01-15T08:02:00.000000000Z,london,monday,1.40000000000029,1.40000000000029,0.700000000000145,0.700000000000145,1.0,2,9,0.18181818181818182
LONG_6_001,6.0,LONG,2024-01-15T08:03:00.000000000Z,london,monday,3.4000000000000696,3.4000000000000696,1.1333333333333566,1.1333333333333566,1.0,3,8,0.2727272727272727
LONG_6_001,6.0,LONG,2024-01-15T08:04:00.000000000Z,london,monday,3.4000000000000696,2.80000000000058,0.9999999999998899,0.9999999999998899,0.700000000000222,4,7,0.36363636363636365
LONG_6_001,6.0,LONG,2024-01-15T08:05:00.000000000Z,london,monday,3.4000000000000696,3.2999999999994145,0.8999999999996788,1.074999999999826,0.733333333333465,5,6,0.45454545454545453
LONG_6_001,6.0,LONG,2024-01-15T08:06:00.000000000Z,london,monday,3.4000000000000696,2.500000000000835,0.8833333333328289,0.974999999999171,0.471698113207974,6,5,0.5454545454545454
LONG_6_001,6.0,LONG,2024-01-15T08:07:00.000000000Z,london,monday,3.4000000000000696,1.100000000000545,0.9571428571424663,0.8249999999992985,0.16417910447776032,7,4,0.6363636363636364
LONG_6_001,6.0,LONG,2024-01-15T08:08:00.000000000Z,london,monday,3.4000000000000696,3.1000000000003247,1.0874999999996304,1.174999999999371,0.3563218390806182,8,3,0.7272727272727273
LONG_6_001,6.0,LONG,2024-01-15T08:09:00.000000000Z,london,monday,5.20000000000076,5.20000000000076,1.1999999999997197,1.574999999999771,0.48148148148166425,9,2,0.8181818181818182
LONG_6_001,6.0,LONG,2024-01-15T08:10:00.000000000Z,london,monday,5.20000000000076,5.20000000000076,1.0799999999997478,1.3750000000001261,0.48148148148166425,10,1,0.9090909090909091
LONG_6_001,6.0,LONG,2024-01-15T08:11:00.000000000Z,london,monday,6.40000000000196,6.40000000000196,1.1999999999998678,1.3750000000001261,0.5333333333335554,11,0,1.0
LONG_6_002,6.0,LONG,2024-01-15T10:03:00.000000000Z,london,monday,5.999999999999339,-3.5999999999991594,1.000000000000112,1.2000000000000899,0.35999999999987564,0,158,0.0
LONG_6_002,6.0,LONG,2024-01-15T10:04:00.000000000Z,london,monday,7.500000000000284,-5.5000000000005045,1.1100000000001664,0.900000000000345,0.4954954954954667,1,157,0.006329113924050633
LONG_6_002,6.0,LONG,2024-01-15T10:05:00.000000000Z,london,monday,7.500000000000284,-6.999999999999229,0.960000000000294,1.0250000000006088,0.7291666666663631,2,156,0.012658227848101266
LONG_6_002,6.0,LONG,2024-01-15T10:06:00.000000000Z,london,monday,7.300000000001194,-6.099999999999994,1.0100000000003995,0.9250000000005087,0.6039603960393646,3,155,0.0189873417721519
LONG_6_002,6.0,LONG,2024-01-15T10:07:00.000000000Z,london,monday,6.300000000001305,-5.300000000001415,0.9300000000005415,0.7250000000008638,0.5698924731180999,4,154,0.02531645569620253
LONG_6_002,6.0,LONG,2024-01-15T10:08:00.000000000Z,london,monday,6.300000000001305,-4.60000000000127,0.860000000000527,0.37500000000079137,0.5348837209300524,5,153,0.03164556962025317
LONG_6_002,6.0,LONG,2024-01-15T10:09:00.000000000Z,london,monday,7.4000000000018495,-7.4000000000018495,0.980000000000425,0.7500000000004725,0.7551020408161878,6,152,0.0379746835443038
LONG_6_002,6.0,LONG,2024-01-15T10:10:00.000000000Z,london,monday,5.700000000001815,-5.700000000001815,0.8100000000004215,0.8250000000004087,0.7037037037035616,7,151,0.04430379746835443
LONG_6_002,6.0,LONG,2024-01-15T10:11:00.000000000Z,london,monday,5.700000000001815,-4.900000000001015,0.8900000000005015,0.9750000000002812,0.5505617977526127,8,150,0.05063291139240506
LONG_6_002,6.0,LONG,2024-01-15T10:12:00.000000000Z,london,monday,5.20000000000076,-5.20000000000076,0.920000000000476,1.30000000000019,0.565217391304138,9,149,0.056962025316455694
LONG_6_002,6.0,LONG,2024-01-15T10:13:00.000000000Z,london,monday,4.20000000000087,-3.9999999999995595,0.840000000000618,0.8500000000005725,0.4761904761900734,10,148,0.06329113924050633
LONG_6_002,6.0,LONG,2024-01-15T10:14:00.000000000Z,london,monday,3.900000000001125,-1.80000000000069,0.760000000000316,0.7750000000000812,0.2368421052631502,11,147,0.06962025316455696
LONG_6_002,6.0,LONG,2024-01-15T10:15:00.000000000Z,london,monday,4.500000000000615,-3.8000000000004697,0.8600000000000829,0.9499999999995623,0.44186046511629107,12,146,0.0759493670886076
LONG_6_002,6.0,LONG,2024-01-15T10:16:00.000000000Z,london,monday,4.700000000001925,-4.700000000001925,0.8100000000001994,0.6499999999998174,0.5802469135803416,13,145,0.08227848101265822
LONG_6_002,6.0,LONG,2024-01-15T10:17:00.000000000Z,london,monday,5.699999999999594,-5.699999999999594,0.9099999999999664,0.8999999999992347,0.6263736263736049,14,144,0.08860759493670886
LONG_6_002,6.0,LONG,2024-01-15T10:18:00.000000000Z,london,monday,7.299999999998974,-7.299999999998974,1.0699999999999044,1.1499999999997623,0.6822429906541707,15,143,0.0949367088607595
LONG_6_002,6.0,LONG,2024-01-15T10:19:00.000000000Z,london,monday,5.299999999999194,-4.3999999999999595,0.9599999999998499,0.9999999999998899,0.4583333333334008,16,142,0.10126582278481013
LONG_6_002,6.0,LONG,2024-01-15T10:20:00.000000000Z,london,monday,5.1000000000001044,-4.199999999998649,0.9399999999997188,1.1499999999992072,0.4468085106382878,17,141,0.10759493670886076
LONG_6_002,6.0,LONG,2024-01-15T10:21:00.000000000Z,london,monday,5.1000000000001044,-4.599999999999049,0.8999999999996788,0.9499999999995623,0.5111111111111879,18,140,0.11392405063291139
LONG_6_002,6.0,LONG,2024-01-15T10:22:00.000000000Z,london,monday,4.899999999998794,-3.9999999999995595,0.8399999999997299,0.7249999999997536,0.4761904761905769,19,139,0.12025316455696203
LONG_6_002,6.0,LONG,2024-01-15T10:23:00.000000000Z,london,monday,4.899999999998794,-3.8000000000004697,0.8599999999996388,0.6000000000000449,0.4418604651165193,20,138,0.12658227848101267
LONG_6_002,6.0,LONG,2024-01-15T10:24:00.000000000Z,london,monday,4.899999999998794,-3.9999999999995595,0.8399999999997299,0.5250000000001087,0.4761904761905769,21,137,0.13291139240506328
LONG_6_002,6.0,LONG,2024-01-15T10:25:00.000000000Z,london,monday,3.4000000000000696,-1.500000000000945,0.7899999999998464,0.6749999999999812,0.18987341772167554,22,136,0.13924050632911392
LONG_6_002,6.0,LONG,2024-01-15T10:26:00.000000000Z,london,monday,3.1999999999987594,-1.7999999999984695,0.8199999999995988,0.5999999999994898,0.21951219512187198,23,135,0.14556962025316456
LONG_6_002,6.0,LONG,2024-01-15T10:27:00.000000000Z,london,monday,1.9999999999997797,-0.5000000000010552,0.7099999999995443,0.5249999999989985,0.07042253521146141,24,134,0.1518987341772152
LONG_6_002,6.0,LONG,2024-01-15T10:28:00.000000000Z,london,monday,2.4000000000001798,2.100000000000435,0.6299999999996864,0.6249999999996536,0.3333333333335683,25,133,0.15822784810126583
LONG_6_002,6.0,LONG,2024-01-15T10:29:00.000000000Z,london,monday,2.4000000000001798,0.5000000000010552,0.6099999999997774,0.5499999999997174,0.08196721311495699,26,132,0.16455696202531644
LONG_6_002,6.0,LONG,2024-01-15T10:30:00.000000000Z,london,monday,4.599999999999049,4.199999999998649,0.8199999999998209,1.1499999999997623,0.5121951219511667,27,131,0.17088607594936708
LONG_6_002,6.0,LONG,2024-01-15T10:31:00.000000000Z,london,monday,4.599999999999049,2.5999999999992696,0.8999999999996788,1.4249999999998986,0.28888888888891084,28,130,0.17721518987341772
LONG_6_002,6.0,LONG,2024-01-15T10:32:00.000000000Z,london,monday,4.599999999999049,3.4000000000000696,0.8199999999995988,1.1999999999995348,0.4146341463416748,29,129,0.18354430379746836
LONG_6_002,6.0,LONG,2024-01-15T10:33:00.000000000Z,london,monday,4.199999999998649,3.5999999999991594,0.8399999999995078,1.174999999999371,0.42857142857157965,30,128,0.189873417721519
LONG_6_002,6.0,LONG,2024-01-15T10:34:00.000000000Z,london,monday,3.6999999999998145,1.500000000000945,0.9499999999995623,0.8499999999994623,0.15789473684227748,31,127,0.1962025316455696
LONG_6_002,6.0,LONG,2024-01-15T10:35:00.000000000Z,london,monday,3.1999999999987594,-0.2999999999997449,0.9299999999996533,0.7499999999999174,0.03225806451611363,32,126,0.20253164556962025
LONG_6_002,6.0,LONG,2024-01-15T10:36:00.000000000Z,london,monday,3.1999999999987594,0.1999999999990898,0.8799999999997699,0.7499999999999174,0.02272727272717524,33,125,0.2088607594936709
LONG_6_002,6.0,LONG,2024-01-15T10:37:00.000000000Z,london,monday,3.1000000000003247,0.9000000000014552,0.9500000000000064,0.800000000000245,0.09473684210541569,34,124,0.21518987341772153
LONG_6_002,6.0,LONG,2024-01-15T10:38:00.000000000Z,london,monday,2.9999999999996696,0.0,0.8599999999998609,0.40000000000040004,0.0,35,123,0.22151898734177214
LONG_6_002,6.0,LONG,2024-01-15T10:39:00.000000000Z,london,monday,2.9999999999996696,1.7000000000000348,0.8899999999998354,0.4500000000001725,0.19101123595509542,36,122,0.22784810126582278
LONG_6_002,6.0,LONG,2024-01-15T10:40:00.000000000Z,london,monday,2.9999999999996696,-1.7000000000000348,0.6500000000000394,0.5750000000004363,0.261538461538451,37,121,0.23417721518987342
LONG_6_002,6.0,LONG,2024-01-15T10:41:00.000000000Z,london,monday,2.4000000000001798,-0.5999999999994898,0.5399999999999849,0.3999999999998449,0.11111111111101973,38,120,0.24050632911392406
LONG_6_002,6.0,LONG,2024-01-15T10:42:00.000000000Z,london,monday,2.4000000000001798,-0.20000000000131024,0.5799999999998029,0.4999999999993898,0.03448275862092728,39,119,0.2468354430379747
LONG_6_002,6.0,LONG,2024-01-15T10:43:00.000000000Z,london,monday,2.4000000000001798,-1.9999999999997797,0.6399999999997519,0.5499999999991623,0.31250000000008676,40,118,0.25316455696202533
LONG_6_002,6.0,LONG,2024-01-15T10:44:00.000000000Z,london,monday,1.80000000000069,0.10000000000065512,0.5299999999999194,0.5499999999991623,0.01886792452842836,41,117,0.25949367088607594
LONG_6_002,6.0,LONG,2024-01-15T10:45:00.000000000Z,london,monday,1.80000000000069,0.9000000000014552,0.4499999999998394,0.5249999999995536,0.20000000000039475,42,116,0.26582278481012656
LONG_6_002,6.0,LONG,2024-01-15T10:46:00.000000000Z,london,monday,1.900000000001345,-0.10000000000065512,0.5500000000000504,0.6750000000005363,0.018181818181935625,43,115,0.2721518987341772
LONG_6_002,6.0,LONG,2024-01-15T10:47:00.000000000Z,london,monday,1.900000000001345,-0.9000000000014552,0.46999999999997044,0.37500000000079137,0.19148936170244932,44,114,0.27848101265822783
LONG_6_002,6.0,LONG,2024-01-15T10:48:00.000000000Z,london,monday,1.900000000001345,-0.5999999999994898,0.500000000000167,0.3250000000010189,0.11999999999985789,45,113,0.2848101265822785
LONG_6_002,6.0,LONG,2024-01-15T10:49:00.000000000Z,london,monday,1.900000000001345,-0.8999999999992347,0.4700000000001925,0.5000000000010552,0.1914893617018864,46,112,0.2911392405063291
LONG_6_002,6.0,LONG,2024-01-15T10:50:00.000000000Z,london,monday,1.900000000001345,0.5000000000010552,0.5100000000000104,0.47500000000033626,0.0980392156864794,47,111,0.2974683544303797
LONG_6_002,6.0,LONG,2024-01-15T10:51:00.000000000Z,london,monday,4.00000000000178,2.6999999999999247,0.7100000000002105,1.000000000000445,0.3802816901407217,48,110,0.3037974683544304
LONG_6_002,6.0,LONG,2024-01-15T10:52:00.000000000Z,london,monday,4.00000000000178,1.40000000000029,0.760000000000538,1.1500000000003174,0.1842105263156972,49,109,0.310126582278481
LONG_6_002,6.0,LONG,2024-01-15T10:53:00.000000000Z,london,monday,4.00000000000178,2.80000000000058,0.6600000000007711,1.0250000000006088,0.42424242424201647,50,108,0.31645569620253167
LONG_6_002,6.0,LONG,2024-01-15T10:54:00.000000000Z,london,monday,4.00000000000178,2.3999999999979593,0.620000000000509,0.8250000000004087,0.38709677419290145,51,107,0.3227848101265823
LONG_6_002,6.0,LONG,2024-01-15T10:55:00.000000000Z,london,monday,4.40000000000218,3.4000000000000696,0.7200000000007201,0.5500000000008276,0.47222222222175964,52,106,0.3291139240506329
LONG_6_002,6.0,LONG,2024-01-15T10:56:00.000000000Z,london,monday,5.800000000000249,5.800000000000249,0.760000000000316,0.6749999999999812,0.7631578947365576,53,105,0.33544303797468356
LONG_6_002,6.0,LONG,2024-01-15T10:57:00.000000000Z,london,monday,5.9000000000009045,5.9000000000009045,0.7700000000003815,0.6499999999998174,0.766233766233504,54,104,0.34177215189873417
LONG_6_002,6.0,LONG,2024-01-15T10:58:00.000000000Z,london,monday,5.599999999998939,5.599999999998939,0.740000000000185,0.6250000000002087,0.7567567567564243,55,103,0.34810126582278483
LONG_6_002,6.0,LONG,2024-01-15T10:59:00.000000000Z,london,monday,4.899999999998794,3.8999999999989043,0.7700000000001594,0.6249999999996536,0.5064935064932593,56,102,0.35443037974683544
LONG_6_002,6.0,LONG,2024-01-15T11:00:00.000000000Z,london,monday,4.199999999998649,4.199999999998649,0.8000000000001339,0.5749999999998812,0.5249999999997432,57,101,0.36075949367088606
LONG_6_002,6.0,LONG,2024-01-15T11:01:00.000000000Z,london,monday,3.4000000000000696,2.4999999999986144,0.6300000000001305,0.6499999999998174,0.3968253968250947,58,100,0.3670886075949367
LONG_6_002,6.0,LONG,2024-01-15T11:02:00.000000000Z,london,monday,3.4000000000000696,2.900000000001235,0.5899999999998684,0.7749999999995261,0.4915254237291325,59,99,0.37341772151898733
LONG_6_002,6.0,LONG,2024-01-15T11:03:00.000000000Z,london,monday,3.1999999999987594,3.1999999999987594,0.6199999999996209,0.6499999999992623,0.5161290322581801,60,98,0.379746835443038
LONG_6_002,6.0,LONG,2024-01-15T11:04:00.000000000Z,london,monday,3.300000000001635,3.300000000001635,0.6299999999999084,0.3999999999998449,0.5238095238098595,61,97,0.3860759493670886
LONG_6_002,6.0,LONG,2024-01-15T11:05:00.000000000Z,london,monday,2.2999999999995246,1.4999999999987246,0.6099999999997774,0.49999999999994493,0.24590163934414294,62,96,0.3924050632911392
LONG_6_002,6.0,LONG,2024-01-15T11:06:00.000000000Z,london,monday,1.80000000000069,-0.09999999999843467,0.4899999999998794,0.4250000000000087,0.020408163264991692,63,95,0.3987341772151899
LONG_6_002,6.0,LONG,2024-01-15T11:07:00.000000000Z,london,monday,1.80000000000069,-0.1999999999990898,0.4799999999998139,0.3000000000003,0.04166666666649319,64,94,0.4050632911392405
LONG_6_002,6.0,LONG,2024-01-15T11:08:00.000000000Z,london,monday,1.80000000000069,0.8000000000008001,0.5799999999998029,0.49999999999994493,0.13793103448294344,65,93,0.41139240506329117
LONG_6_002,6.0,LONG,2024-01-15T11:09:00.000000000Z,london,monday,1.80000000000069,1.40000000000029,0.5199999999998539,0.3999999999998449,0.2692307692309006,66,92,0.4177215189873418
LONG_6_002,6.0,LONG,2024-01-15T11:10:00.000000000Z,london,monday,0.9999999999998899,0.30000000000196536,0.41000000000002146,0.37500000000023626,0.0731707317077926,67,91,0.4240506329113924
LONG_6_002,6.0,LONG,2024-01-15T11:11:00.000000000Z,london,monday,0.9999999999998899,-0.7999999999985796,0.43999999999999595,0.5500000000002725,0.1818181818178607,68,90,0.43037974683544306
LONG_6_002,6.0,LONG,2024-01-15T11:12:00.000000000Z,london,monday,0.9999999999998899,0.2999999999997449,0.45000000000006146,0.4500000000001725,0.06666666666660087,69,89,0.43670886075949367
LONG_6_002,6.0,LONG,2024-01-15T11:13:00.000000000Z,london,monday,1.40000000000029,0.6000000000017103,0.480000000000258,0.5500000000002725,0.12500000000028913,70,88,0.4430379746835443
LONG_6_002,6.0,LONG,2024-01-15T11:14:00.000000000Z,london,monday,1.5999999999993797,0.5999999999994898,0.48000000000003595,0.5749999999998812,0.12499999999988436,71,87,0.44936708860759494
LONG_6_002,6.0,LONG,2024-01-15T11:15:00.000000000Z,london,monday,1.5999999999993797,0.8999999999992347,0.45000000000006146,0.5250000000001087,0.1999999999998026,72,86,0.45569620253164556
LONG_6_002,6.0,LONG,2024-01-15T11:16:00.000000000Z,london,monday,1.5999999999993797,1.5999999999993797,0.480000000000258,0.5000000000005,0.33333333333302495,73,85,0.4620253164556962
LONG_6_002,6.0,LONG,2024-01-15T11:17:00.000000000Z,london,monday,1.5999999999993797,1.5999999999993797,0.480000000000258,0.3000000000003,0.33333333333302495,74,84,0.46835443037974683
LONG_6_002,6.0,LONG,2024-01-15T11:18:00.000000000Z,london,monday,1.7999999999984695,0.7999999999985796,0.400000000000178,0.3000000000003,0.19999999999955592,75,83,0.47468354430379744
LONG_6_002,6.0,LONG,2024-01-15T11:19:00.000000000Z,london,monday,1.7999999999984695,-0.2999999999997449,0.5100000000000104,0.5499999999997174,0.05882352941171348,76,82,0.4810126582278481
LONG_6_002,6.0,LONG,2024-01-15T11:20:00.000000000Z,london,monday,1.7999999999984695,0.0,0.5399999999999849,0.5249999999995536,0.0,77,81,0.4873417721518987
LONG_6_002,6.0,LONG,2024-01-15T11:21:00.000000000Z,london,monday,1.7999999999984695,0.9999999999998899,0.49999999999994493,0.5999999999994898,0.2,78,80,0.4936708860759494
LONG_6_002,6.0,LONG,2024-01-15T11:22:00.000000000Z,london,monday,1.4999999999987246,-0.20000000000131024,0.500000000000167,0.700000000000145,0.04000000000024869,79,79,0.5
LONG_6_002,6.0,LONG,2024-01-15T11:23:00.000000000Z,london,monday,1.8999999999991246,0.7999999999985796,0.600000000000156,0.7750000000006363,0.13333333333306194,80,78,0.5063291139240507
LONG_6_002,6.0,LONG,2024-01-15T11:24:00.000000000Z,london,monday,1.8999999999991246,0.40000000000040004,0.600000000000156,0.7250000000003087,0.06666666666671602,81,77,0.5126582278481012
LONG_6_002,6.0,LONG,2024-01-15T11:25:00.000000000Z,london,monday,3.1000000000003247,2.300000000001745,0.6900000000000794,1.000000000000445,0.33333333333354787,82,76,0.5189873417721519
LONG_6_002,6.0,LONG,2024-01-15T11:26:00.000000000Z,london,monday,3.2999999999994145,1.9999999999997797,0.6599999999998829,0.8999999999997899,0.3030303030303234,83,75,0.5253164556962026
LONG_6_002,6.0,LONG,2024-01-15T11:27:00.000000000Z,london,monday,3.5999999999991594,2.2999999999995246,0.6899999999998574,0.5249999999995536,0.3333333333333333,84,74,0.5316455696202531
LONG_6_002,6.0,LONG,2024-01-15T11:28:00.000000000Z,london,monday,3.5999999999991594,1.900000000001345,0.6899999999998574,0.5249999999995536,0.27536231884083157,85,73,0.5379746835443038
LONG_6_002,6.0,LONG,2024-01-15T11:29:00.000000000Z,london,monday,5.1000000000001044,5.1000000000001044,0.7099999999999884,0.5999999999994898,0.718309859154956,86,72,0.5443037974683544
LONG_6_002,6.0,LONG,2024-01-15T11:30:00.000000000Z,london,monday,5.00000000000167,4.100000000000215,0.7299999999998974,0.6999999999995898,0.5616438356165467,87,71,0.5506329113924051
LONG_6_002,6.0,LONG,2024-01-15T11:31:00.000000000Z,london,monday,5.20000000000076,4.599999999999049,0.7799999999997809,0.8249999999992985,0.5897435897436335,88,70,0.5569620253164557
LONG_6_002,6.0,LONG,2024-01-15T11:32:00.000000000Z,london,monday,5.40000000000207,5.40000000000207,0.7399999999997409,0.8249999999998536,0.729729729730265,89,69,0.5632911392405063
LONG_6_002,6.0,LONG,2024-01-15T11:33:00.000000000Z,london,monday,3.8000000000004697,2.60000000000149,0.6599999999996609,0.6499999999998174,0.39393939393982214,90,68,0.569620253164557
LONG_6_002,6.0,LONG,2024-01-15T11:34:00.000000000Z,london,monday,3.8000000000004697,1.100000000000545,0.8099999999997554,0.9249999999999536,0.13580246913591076,91,67,0.5759493670886076
LONG_6_002,6.0,LONG,2024-01-15T11:35:00.000000000Z,london,monday,2.6999999999999247,-0.20000000000131024,0.6799999999995698,0.7499999999999174,0.029411764706093642,92,66,0.5822784810126582
LONG_6_002,6.0,LONG,2024-01-15T11:36:00.000000000Z,london,monday,2.6999999999999247,1.5999999999993797,0.8599999999996388,1.1999999999995348,0.18604651162791297,93,65,0.5886075949367089
LONG_6_002,6.0,LONG,2024-01-15T11:37:00.000000000Z,london,monday,2.6999999999999247,1.900000000001345,0.8899999999998354,1.0999999999999899,0.21348314606760635,94,64,0.5949367088607594
LONG_6_002,6.0,LONG,2024-01-15T11:38:00.000000000Z,london,monday,3.9999999999995595,3.4000000000000696,0.9999999999998899,0.9999999999998899,0.34000000000004443,95,63,0.6012658227848101
LONG_6_002,6.0,LONG,2024-01-15T11:39:00.000000000Z,london,monday,3.9999999999995595,1.5999999999993797,0.8399999999999519,1.000000000000445,0.19047619047612754,96,62,0.6075949367088608
LONG_6_002,6.0,LONG,2024-01-15T11:40:00.000000000Z,london,monday,4.799999999998139,3.0999999999981043,0.8699999999999264,0.7250000000003087,0.35632183908027204,97,61,0.6139240506329114
LONG_6_002,6.0,LONG,2024-01-15T11:41:00.000000000Z,london,monday,4.799999999998139,-0.5999999999994898,1.0799999999999699,1.2999999999996348,0.05555555555550987,98,60,0.620253164556962
LONG_6_002,6.0,LONG,2024-01-15T11:42:00.000000000Z,london,monday,4.799999999998139,-0.700000000000145,1.0699999999999044,0.9999999999998899,0.06542056074768295,99,59,0.6265822784810127
LONG_6_002,6.0,LONG,2024-01-15T11:43:00.000000000Z,london,monday,4.799999999998139,0.7999999999985796,1.0199999999997988,1.0999999999994348,0.07843137254889582,100,58,0.6329113924050633
LONG_6_002,6.0,LONG,2024-01-15T11:44:00.000000000Z,london,monday,4.799999999998139,2.2999999999995246,0.8699999999997043,0.9249999999993985,0.2643678160919892,101,57,0.6392405063291139
LONG_6_002,6.0,LONG,2024-01-15T11:45:00.000000000Z,london,monday,4.699999999999704,0.20000000000131024,1.0599999999998388,0.6999999999995898,0.01886792452842836,102,56,0.6455696202531646
LONG_6_002,6.0,LONG,2024-01-15T11:46:00.000000000Z,london,monday,5.499999999998284,-2.7999999999983594,0.9599999999998499,0.9249999999993985,0.2916666666665414,103,55,0.6518987341772152
LONG_6_002,6.0,LONG,2024-01-15T11:47:00.000000000Z,london,monday,5.499999999998284,-0.8000000000008001,1.1599999999996058,1.4499999999995072,0.06896551724147172,104,54,0.6582278481012658
LONG_6_002,6.0,LONG,2024-01-15T11:48:00.000000000Z,london,monday,5.499999999998284,-1.9999999999997797,1.0399999999997078,1.4249999999998986,0.19230769230772515,105,53,0.6645569620253164
LONG_6_002,6.0,LONG,2024-01-15T11:49:00.000000000Z,london,monday,5.499999999998284,-3.4000000000000696,1.1799999999997368,1.30000000000019,0.28813559322040916,106,52,0.6708860759493671
LONG_6_002,6.0,LONG,2024-01-15T11:50:00.000000000Z,london,monday,5.499999999998284,-4.299999999999304,1.0899999999998133,1.0500000000002174,0.39449541284404044,107,51,0.6772151898734177
LONG_6_002,6.0,LONG,2024-01-15T11:51:00.000000000Z,london,monday,3.1999999999987594,-1.500000000000945,0.8099999999999774,0.4250000000005638,0.18518518518530702,108,50,0.6835443037974683
LONG_6_002,6.0,LONG,2024-01-15T11:52:00.000000000Z,london,monday,4.599999999999049,-4.100000000000215,1.0499999999997733,1.0250000000000536,0.3904761904762952,109,49,0.689873417721519
LONG_6_002,6.0,LONG,2024-01-15T11:53:00.000000000Z,london,monday,4.599999999999049,-3.9999999999995595,1.0599999999998388,0.7999999999996898,0.37735849056605353,110,48,0.6962025316455697
LONG_6_002,6.0,LONG,2024-01-15T11:54:00.000000000Z,london,monday,4.3999999999999595,-3.60000000000138,1.0599999999998388,0.8499999999994623,0.3396226415096158,111,47,0.7025316455696202
LONG_6_002,6.0,LONG,2024-01-15T11:55:00.000000000Z,london,monday,4.100000000000215,-1.3000000000018552,0.8899999999998354,0.8999999999992347,0.14606741573057255,112,46,0.7088607594936709
LONG_6_002,6.0,LONG,2024-01-15T11:56:00.000000000Z,london,monday,4.100000000000215,1.1999999999989797,0.9399999999999409,0.6499999999998174,0.1276595744679846,113,45,0.7151898734177216
LONG_6_002,6.0,LONG,2024-01-15T11:57:00.000000000Z,london,monday,4.299999999999304,0.2999999999997449,0.8500000000000174,0.9249999999999536,0.03529411764702809,114,44,0.7215189873417721
LONG_6_002,6.0,LONG,2024-01-15T11:58:00.000000000Z,london,monday,4.8000000000003595,0.700000000000145,0.8900000000000574,1.000000000000445,0.07865168539326964,115,43,0.7278481012658228
LONG_6_002,6.0,LONG,2024-01-15T11:59:00.000000000Z,london,monday,4.8000000000003595,0.8000000000008001,0.8799999999999919,1.2750000000005812,0.09090909090918266,116,42,0.7341772151898734
LONG_6_002,6.0,LONG,2024-01-15T12:00:00.000000000Z,london,monday,4.8000000000003595,0.5000000000010552,0.9099999999999664,0.9750000000002812,0.054945054945172926,117,41,0.740506329113924
LONG_6_002,6.0,LONG,2024-01-15T12:01:00.000000000Z,london,monday,4.8000000000003595,0.2999999999997449,0.9300000000000974,0.6250000000007638,0.03225806451609822,118,40,0.7468354430379747
LONG_6_002,6.0,LONG,2024-01-15T12:02:00.000000000Z,london,monday,4.8000000000003595,2.9999999999996696,0.700000000000367,0.5500000000008276,0.42857142857115665,119,39,0.7531645569620253
LONG_6_002,6.0,LONG,2024-01-15T12:03:00.000000000Z,london,monday,4.20000000000087,2.1999999999988695,0.660000000000549,0.2500000000010827,0.3333333333328848,120,38,0.759493670886076
LONG_6_002,6.0,LONG,2024-01-15T12:04:00.000000000Z,london,monday,5.5000000000005045,5.5000000000005045,0.9900000000007125,1.0500000000013276,0.5555555555552066,121,37,0.7658227848101266
LONG_6_002,6.0,LONG,2024-01-15T12:05:00.000000000Z,london,monday,6.700000000001705,6.700000000001705,1.1100000000008325,1.3500000000010726,0.6036036036033045,122,36,0.7721518987341772
LONG_6_002,6.0,LONG,2024-01-15T12:06:00.000000000Z,london,monday,5.20000000000076,4.900000000001015,0.9900000000007125,1.3750000000006812,0.49494949494924123,123,35,0.7784810126582279
LONG_6_002,6.0,LONG,2024-01-15T12:07:00.000000000Z,london,monday,5.00000000000167,2.6999999999999247,0.8700000000008146,1.4500000000006175,0.31034482758590765,124,34,0.7848101265822784
LONG_6_002,6.0,LONG,2024-01-15T12:08:00.000000000Z,london,monday,5.00000000000167,2.5999999999992696,0.860000000000749,0.6750000000005363,0.3023255813950006,125,33,0.7911392405063291
LONG_6_002,6.0,LONG,2024-01-15T12:09:00.000000000Z,london,monday,6.500000000000394,5.899999999998684,0.9100000000006325,0.7750000000000812,0.6483516483510531,126,32,0.7974683544303798
LONG_6_002,6.0,LONG,2024-01-15T12:10:00.000000000Z,london,monday,6.800000000000139,6.499999999998174,0.9100000000006325,0.7750000000000812,0.7142857142850171,127,31,0.8037974683544303
LONG_6_002,6.0,LONG,2024-01-15T12:11:00.000000000Z,london,monday,7.200000000000539,7.200000000000539,0.920000000000476,0.7499999999999174,0.7826086956518277,128,30,0.810126582278481
LONG_6_002,6.0,LONG,2024-01-15T12:12:00.000000000Z,london,monday,7.900000000000684,7.699999999999374,0.9700000000003595,0.8249999999998536,0.793814432989332,129,29,0.8164556962025317
LONG_6_002,6.0,LONG,2024-01-15T12:13:00.000000000Z,london,monday,9.40000000000163,9.40000000000163,1.100000000000323,0.7250000000003087,0.8545454545453518,130,28,0.8227848101265823
LONG_6_002,6.0,LONG,2024-01-15T12:14:00.000000000Z,london,monday,6.500000000000394,6.500000000000394,0.8100000000001994,0.800000000000245,0.8024691358023203,131,27,0.8291139240506329
LONG_6_002,6.0,LONG,2024-01-15T12:15:00.000000000Z,london,monday,5.800000000000249,4.999999999999449,0.660000000000105,0.700000000000145,0.7575757575755537,132,26,0.8354430379746836
LONG_6_002,6.0,LONG,2024-01-15T12:16:00.000000000Z,london,monday,5.800000000000249,5.199999999998539,0.640000000000196,0.5500000000002725,0.8124999999995229,133,25,0.8417721518987342
LONG_6_002,6.0,LONG,2024-01-15T12:17:00.000000000Z,london,monday,6.999999999999229,6.999999999999229,0.7200000000000539,0.49999999999994493,0.9722222222220424,134,24,0.8481012658227848
LONG_6_002,6.0,LONG,2024-01-15T12:18:00.000000000Z,london,monday,7.200000000000539,7.200000000000539,0.740000000000185,0.5000000000005,0.9729729729728027,135,23,0.8544303797468354
LONG_6_002,6.0,LONG,2024-01-15T12:19:00.000000000Z,london,monday,5.300000000001415,2.9999999999996696,0.780000000000447,1.0750000000009363,0.38461538461512185,136,22,0.8607594936708861
LONG_6_002,6.0,LONG,2024-01-15T12:20:00.000000000Z,london,monday,5.00000000000167,2.80000000000058,0.760000000000538,1.0750000000009363,0.3684210526313944,137,21,0.8670886075949367
LONG_6_002,6.0,LONG,2024-01-15T12:21:00.000000000Z,london,monday,4.60000000000127,2.9999999999996696,0.780000000000447,0.9000000000009001,0.38461538461512185,138,20,0.8734177215189873
LONG_6_002,6.0,LONG,2024-01-15T12:22:00.000000000Z,london,monday,3.900000000001125,1.2999999999996348,0.8100000000004215,1.000000000000445,0.16049382716036523,139,19,0.879746835443038
LONG_6_002,6.0,LONG,2024-01-15T12:23:00.000000000Z,london,monday,4.20000000000087,-1.80000000000069,0.820000000000265,0.8249999999998536,0.21951219512196443,140,18,0.8860759493670886
LONG_6_002,6.0,LONG,2024-01-15T12:24:00.000000000Z,london,monday,4.60000000000127,-2.80000000000058,0.800000000000356,0.8999999999997899,0.3499999999999167,141,17,0.8924050632911392
LONG_6_002,6.0,LONG,2024-01-15T12:25:00.000000000Z,london,monday,5.00000000000167,-3.20000000000098,0.840000000000396,0.8500000000000174,0.38095238095231804,142,16,0.8987341772151899
LONG_6_002,6.0,LONG,2024-01-15T12:26:00.000000000Z,london,monday,5.00000000000167,-1.1999999999989797,1.020000000000465,1.0750000000003812,0.11764705882337574,143,15,0.9050632911392406
LONG_6_002,6.0,LONG,2024-01-15T12:27:00.000000000Z,london,monday,5.20000000000076,-4.599999999999049,1.100000000000545,1.200000000000645,0.41818181818152456,144,14,0.9113924050632911
LONG_6_002,6.0,LONG,2024-01-15T12:28:00.000000000Z,london,monday,6.00000000000156,-6.00000000000156,1.120000000000454,1.300000000000745,0.5357142857142079,145,13,0.9177215189873418
LONG_6_002,6.0,LONG,2024-01-15T12:29:00.000000000Z,london,monday,4.3999999999999595,-3.6999999999998145,0.8900000000002795,1.200000000000645,0.4157303370785003,146,12,0.9240506329113924
LONG_6_002,6.0,LONG,2024-01-15T12:30:00.000000000Z,london,monday,5.599999999998939,-4.999999999999449,1.000000000000112,1.0250000000000536,0.499999999999889,147,11,0.930379746835443
LONG_6_002,6.0,LONG,2024-01-15T12:31:00.000000000Z,london,monday,5.800000000000249,-5.800000000000249,0.960000000000294,0.5500000000002725,0.6041666666665076,148,10,0.9367088607594937
LONG_6_002,6.0,LONG,2024-01-15T12:32:00.000000000Z,london,monday,4.8000000000003595,-4.599999999999049,0.880000000000436,0.40000000000040004,0.5227272727269057,149,9,0.9430379746835443
LONG_6_002,6.0,LONG,2024-01-15T12:33:00.000000000Z,london,monday,6.500000000000394,-5.399999999999849,0.960000000000516,1.000000000000445,0.5624999999996819,150,8,0.9493670886075949
LONG_6_002,6.0,LONG,2024-01-15T12:34:00.000000000Z,london,monday,6.500000000000394,-0.7999999999985796,1.340000000000563,1.7500000000009175,0.059701492537182356,151,7,0.9556962025316456
LONG_6_002,6.0,LONG,2024-01-15T12:35:00.000000000Z,london,monday,6.500000000000394,-1.3999999999980695,1.400000000000512,1.9500000000005624,0.09999999999982553,152,6,0.9620253164556962
LONG_6_002,6.0,LONG,2024-01-15T12:36:00.000000000Z,london,monday,6.500000000000394,-2.60000000000149,1.28000000000017,2.074999999999716,0.20312500000008946,153,5,0.9683544303797469
LONG_6_002,6.0,LONG,2024-01-15T12:37:00.000000000Z,london,monday,4.3999999999999595,-1.40000000000029,1.1600000000000499,1.6999999999994797,0.12068965517243359,154,4,0.9746835443037974
LONG_6_002,6.0,LONG,2024-01-15T12:38:00.000000000Z,london,monday,4.20000000000087,-2.5999999999992696,1.2799999999999478,1.1499999999992072,0.2031249999999512,155,3,0.9810126582278481
LONG_6_002,6.0,LONG,2024-01-15T12:39:00.000000000Z,london,monday,4.599999999999049,0.9999999999998899,1.6399999999998638,1.7999999999990246,0.06097560975609591,156,2,0.9873417721518988
LONG_6_002,6.0,LONG,2024-01-15T12:40:00.000000000Z,london,monday,8.60000000000083,6.200000000000649,1.9200000000001438,2.6249999999999885,0.3229166666666763,157,1,0.9936708860759493
LONG_6_002,6.0,LONG,2024-01-15T12:41:00.000000000Z,london,monday,11.200000000000099,9.00000000000123,2.1599999999999397,3.049999999999997,0.4166666666667352,158,0,1.0
LONG_6_003,6.0,LONG,2024-01-15T13:09:00.000000000Z,london,monday,9.00000000000123,-9.00000000000123,1.440000000000552,1.50000000000039,0.6249999999998458,0,26,0.0
LONG_6_003,6.0,LONG,2024-01-15T13:10:00.000000000Z,london,monday,7.4000000000018495,-4.299999999999304,1.3300000000004975,1.5500000000001624,0.3233082706765185,1,25,0.038461538461538464
LONG_6_003,6.0,LONG,2024-01-15T13:11:00.000000000Z,london,monday,7.4000000000018495,-4.20000000000087,1.340000000000341,1.80000000000069,0.31343283582088066,2,24,0.07692307692307693
LONG_6_003,6.0,LONG,2024-01-15T13:12:00.000000000Z,london,monday,7.0000000000014495,-4.999999999999449,1.4200000000001989,1.7500000000003624,0.3521126760562499,3,23,0.11538461538461539
LONG_6_003,6.0,LONG,2024-01-15T13:13:00.000000000Z,london,monday,6.00000000000156,-4.8000000000003595,1.40000000000029,1.30000000000019,0.34285714285709756,4,22,0.15384615384615385
LONG_6_003,6.0,LONG,2024-01-15T13:14:00.000000000Z,london,monday,6.00000000000156,-3.4000000000000696,1.260000000000261,0.8500000000000174,0.2698412698412195,5,21,0.19230769230769232
LONG_6_003,6.0,LONG,2024-01-15T13:15:00.000000000Z,london,monday,6.00000000000156,-5.399999999999849,1.180000000000181,0.6499999999998174,0.45762711864398486,6,20,0.23076923076923078
LONG_6_003,6.0,LONG,2024-01-15T13:16:00.000000000Z,london,monday,4.3999999999999595,-1.5999999999993797,1.2399999999999078,0.8999999999997899,0.12903225806447569,7,19,0.2692307692307692
LONG_6_003,6.0,LONG,2024-01-15T13:17:00.000000000Z,london,monday,4.00000000000178,-0.20000000000131024,1.3000000000000789,0.9499999999995623,0.01538461538471524,8,18,0.3076923076923077
LONG_6_003,6.0,LONG,2024-01-15T13:18:00.000000000Z,london,monday,3.8000000000004697,1.100000000000545,1.1699999999998933,0.974999999999171,0.09401709401714917,9,17,0.34615384615384615
LONG_6_003,6.0,LONG,2024-01-15T13:19:00.000000000Z,london,monday,5.60000000000116,5.60000000000116,1.0999999999996568,1.2999999999990797,0.5090909090911734,10,16,0.38461538461538464
LONG_6_003,6.0,LONG,2024-01-15T13:20:00.000000000Z,london,monday,4.999999999999449,3.8000000000004697,0.9199999999995878,0.7499999999993623,0.41304347826110566,11,15,0.4230769230769231
LONG_6_003,6.0,LONG,2024-01-15T13:21:00.000000000Z,london,monday,4.999999999999449,2.4000000000001798,0.7799999999995588,0.4999999999993898,0.3076923076925048,12,14,0.46153846153846156
LONG_6_003,6.0,LONG,2024-01-15T13:22:00.000000000Z,london,monday,4.999999999999449,1.9999999999997797,0.8199999999995988,0.8749999999996261,0.24390243902448272,13,13,0.5
LONG_6_003,6.0,LONG,2024-01-15T13:23:00.000000000Z,london,monday,4.999999999999449,2.80000000000058,0.7399999999995188,0.3999999999998449,0.37837837837870275,14,12,0.5384615384615384
LONG_6_003,6.0,LONG,2024-01-15T13:24:00.000000000Z,london,monday,4.999999999999449,2.4000000000001798,0.7799999999995588,0.49999999999994493,0.3076923076925048,15,11,0.5769230769230769
LONG_6_003,6.0,LONG,2024-01-15T13:25:00.000000000Z,london,monday,4.999999999999449,4.199999999998649,0.8399999999995078,0.7999999999996898,0.5000000000001321,16,10,0.6153846153846154
LONG_6_003,6.0,LONG,2024-01-15T13:26:00.000000000Z,london,monday,2.80000000000058,0.8000000000008001,0.7399999999995188,0.6999999999995898,0.10810810810828653,17,9,0.6538461538461539
LONG_6_003,6.0,LONG,2024-01-15T13:27:00.000000000Z,london,monday,1.9999999999997797,0.9000000000014552,0.7499999999995843,0.9749999999997261,0.12000000000026054,18,8,0.6923076923076923
LONG_6_003,6.0,LONG,2024-01-15T13:28:00.000000000Z,london,monday,2.9999999999996696,-1.100000000000545,0.9499999999997844,1.3999999999997348,0.11578947368429418,19,7,0.7307692307692307
LONG_6_003,6.0,LONG,2024-01-15T13:29:00.000000000Z,london,monday,2.9999999999996696,-2.9999999999996696,0.7599999999998719,1.0999999999999899,0.3947368421052862,20,6,0.7692307692307693
LONG_6_003,6.0,LONG,2024-01-15T13:30:00.000000000Z,london,monday,2.9999999999996696,-0.40000000000040004,1.0199999999997988,1.4500000000000624,0.03921568627455676,21,5,0.8076923076923077
LONG_6_003,6.0,LONG,2024-01-15T13:31:00.000000000Z,london,monday,4.100000000000215,1.100000000000545,1.1699999999998933,1.5500000000001624,0.09401709401714917,22,4,0.8461538461538461
LONG_6_003,6.0,LONG,2024-01-15T13:32:00.000000000Z,london,monday,4.199999999998649,2.7999999999983594,1.0199999999997988,1.0499999999996623,0.2745098039214619,23,3,0.8846153846153846
LONG_6_003,6.0,LONG,2024-01-15T13:33:00.000000000Z,london,monday,4.199999999998649,2.4000000000001798,1.0599999999996168,1.1499999999992072,0.22641509433972146,24,2,0.9230769230769231
LONG_6_003,6.0,LONG,2024-01-15T13:34:00.000000000Z,london,monday,4.500000000000615,3.5000000000007248,1.0899999999995913,0.6749999999994261,0.32110091743137953,25,1,0.9615384615384616
LONG_6_003,6.0,LONG,2024-01-15T13:35:00.000000000Z,london,monday,5.1000000000001044,2.900000000001235,1.0299999999996423,0.44999999999906226,0.2815533980584701,26,0,1.0
LONG_6_004,6.0,LONG,2024-01-15T14:08:00.000000000Z,london,monday,11.200000000000099,-10.600000000000609,1.2999999999998568,1.6500000000002624,0.815384615384752,0,141,0.0
LONG_6_004,6.0,LONG,2024-01-15T14:09:00.000000000Z,london,monday,11.200000000000099,-9.399999999999409,1.3799999999997148,1.0999999999999899,0.681159420289953,1,140,0.0070921985815602835
LONG_6_004,6.0,LONG,2024-01-15T14:10:00.000000000Z,london,monday,11.200000000000099,-9.80000000000203,1.4199999999999768,0.7499999999999174,0.6901408450705767,2,139,0.014184397163120567
LONG_6_004,6.0,LONG,2024-01-15T14:11:00.000000000Z,london,monday,11.200000000000099,-10.600000000000609,1.3400000000001189,0.7250000000003087,0.7910447761193783,3,138,0.02127659574468085
LONG_6_004,6.0,LONG,2024-01-15T14:12:00.000000000Z,london,monday,8.60000000000083,-8.20000000000043,1.100000000000101,0.6000000000000449,0.7454545454545161,4,137,0.028368794326241134
LONG_6_004,6.0,LONG,2024-01-15T14:13:00.000000000Z,london,monday,7.200000000000539,-6.699999999999484,0.9700000000001374,0.37500000000023626,0.6907216494843851,5,136,0.03546099290780142
LONG_6_004,6.0,LONG,2024-01-15T14:14:00.000000000Z,london,monday,6.900000000000794,-6.900000000000794,0.9900000000002684,0.37500000000023626,0.6969696969695882,6,135,0.0425531914893617
LONG_6_004,6.0,LONG,2024-01-15T14:15:00.000000000Z,london,monday,3.6999999999998145,-2.80000000000058,0.7600000000000939,0.49999999999994493,0.3684210526316097,7,134,0.04964539007092199
LONG_6_004,6.0,LONG,2024-01-15T14:16:00.000000000Z,london,monday,1.4999999999987246,-0.4999999999988347,0.5500000000000504,0.47500000000033626,0.0909090909088707,8,133,0.05673758865248227
LONG_6_004,6.0,LONG,2024-01-15T14:17:00.000000000Z,london,monday,1.8999999999991246,0.8999999999992347,0.5900000000000905,0.6749999999999812,0.15254237288120284,9,132,0.06382978723404255
LONG_6_004,6.0,LONG,2024-01-15T14:18:00.000000000Z,london,monday,1.8999999999991246,0.1999999999990898,0.660000000000105,0.8249999999998536,0.030303030302887574,10,131,0.07092198581560284
LONG_6_004,6.0,LONG,2024-01-15T14:19:00.000000000Z,london,monday,2.4000000000001798,-1.80000000000069,0.660000000000105,0.8500000000000174,0.2727272727273339,11,130,0.07801418439716312
LONG_6_004,6.0,LONG,2024-01-15T14:20:00.000000000Z,london,monday,2.4000000000001798,-0.9999999999998899,0.5800000000000249,0.8249999999998536,0.17241379310342186,12,129,0.0851063829787234
LONG_6_004,6.0,LONG,2024-01-15T14:21:00.000000000Z,london,monday,2.5999999999992696,-1.5999999999993797,0.5599999999998939,0.6499999999998174,0.2857142857142291,13,128,0.09219858156028368
LONG_6_004,6.0,LONG,2024-01-15T14:22:00.000000000Z,london,monday,2.5999999999992696,0.2999999999997449,0.7099999999999884,0.7249999999997536,0.04225352112672533,14,127,0.09929078014184398
LONG_6_004,6.0,LONG,2024-01-15T14:23:00.000000000Z,london,monday,2.5999999999992696,0.8999999999992347,0.7699999999999374,0.6499999999998174,0.11688311688302701,15,126,0.10638297872340426
LONG_6_004,6.0,LONG,2024-01-15T14:24:00.000000000Z,london,monday,3.4000000000000696,2.6999999999999247,0.7899999999998464,0.8999999999997899,0.3417721518987911,16,125,0.11347517730496454
LONG_6_004,6.0,LONG,2024-01-15T14:25:00.000000000Z,london,monday,3.4000000000000696,0.40000000000040004,0.8399999999999519,1.2000000000000899,0.04761904761909797,17,124,0.12056737588652482
LONG_6_004,6.0,LONG,2024-01-15T14:26:00.000000000Z,london,monday,3.8999999999989043,2.1999999999988695,1.0199999999997988,1.2499999999998623,0.21568627450973563,18,123,0.1276595744680851
LONG_6_004,6.0,LONG,2024-01-15T14:27:00.000000000Z,london,monday,3.8999999999989043,0.9999999999998899,0.9599999999998499,1.1499999999997623,0.10416666666667149,19,122,0.1347517730496454
LONG_6_004,6.0,LONG,2024-01-15T14:28:00.000000000Z,london,monday,3.8999999999989043,1.40000000000029,0.9199999999998099,1.1499999999997623,0.15217391304354122,20,121,0.14184397163120568
LONG_6_004,6.0,LONG,2024-01-15T14:29:00.000000000Z,london,monday,3.8999999999989043,2.60000000000149,0.8399999999999519,0.8500000000000174,0.30952380952400466,21,120,0.14893617021276595
LONG_6_004,6.0,LONG,2024-01-15T14:30:00.000000000Z,london,monday,4.3999999999999595,4.20000000000087,0.9999999999998899,0.7750000000000812,0.4200000000001332,22,119,0.15602836879432624
LONG_6_004,6.0,LONG,2024-01-15T14:31:00.000000000Z,london,monday,4.3999999999999595,3.4000000000000696,1.0799999999999699,0.9500000000001174,0.31481481481483004,23,118,0.16312056737588654
LONG_6_004,6.0,LONG,2024-01-15T14:32:00.000000000Z,london,monday,2.6999999999999247,1.100000000000545,0.9699999999999154,0.8500000000000174,0.11340206185573617,24,117,0.1702127659574468
LONG_6_004,6.0,LONG,2024-01-15T14:33:00.000000000Z,london,monday,2.4000000000001798,0.9999999999998899,0.9599999999998499,0.9499999999995623,0.10416666666667149,25,116,0.1773049645390071
LONG_6_004,6.0,LONG,2024-01-15T14:34:00.000000000Z,london,monday,2.4000000000001798,-0.5000000000010552,0.9099999999999664,0.6749999999999812,0.054945054945172926,26,115,0.18439716312056736
LONG_6_004,6.0,LONG,2024-01-15T14:35:00.000000000Z,london,monday,2.5999999999992696,-0.1999999999990898,0.8799999999997699,0.6999999999995898,0.02272727272717524,27,114,0.19148936170212766
LONG_6_004,6.0,LONG,2024-01-15T14:36:00.000000000Z,london,monday,2.5999999999992696,-0.6999999999979245,0.8299999999998864,0.8999999999997899,0.08433734939735185,28,113,0.19858156028368795
LONG_6_004,6.0,LONG,2024-01-15T14:37:00.000000000Z,london,monday,2.5999999999992696,-1.7999999999984695,0.9399999999999409,1.0999999999999899,0.1914893617019769,29,112,0.20567375886524822
LONG_6_004,6.0,LONG,2024-01-15T14:38:00.000000000Z,london,monday,2.5999999999992696,0.2999999999997449,0.9499999999997844,1.2499999999993072,0.03157894736840137,30,111,0.2127659574468085
LONG_6_004,6.0,LONG,2024-01-15T14:39:00.000000000Z,london,monday,2.5999999999992696,0.9999999999998899,1.0199999999997988,1.2000000000000899,0.09803921568628304,31,110,0.2198581560283688
LONG_6_004,6.0,LONG,2024-01-15T14:40:00.000000000Z,london,monday,2.5999999999992696,-0.5999999999994898,0.8599999999998609,0.8500000000000174,0.06976744186041708,32,109,0.22695035460992907
LONG_6_004,6.0,LONG,2024-01-15T14:41:00.000000000Z,london,monday,1.9999999999997797,0.40000000000040004,0.7599999999998719,0.49999999999994493,0.05263157894742993,33,108,0.23404255319148937
LONG_6_004,6.0,LONG,2024-01-15T14:42:00.000000000Z,london,monday,1.9999999999997797,0.7999999999985796,0.7200000000000539,0.27500000000069136,0.11111111111090552,34,107,0.24113475177304963
LONG_6_004,6.0,LONG,2024-01-15T14:43:00.000000000Z,london,monday,1.9999999999997797,0.0,0.6800000000000139,0.10000000000010001,0.0,35,106,0.24822695035460993
LONG_6_004,6.0,LONG,2024-01-15T14:44:00.000000000Z,london,monday,1.9999999999997797,0.8000000000008001,0.6599999999998829,0.17500000000003624,0.12121212121226393,36,105,0.2553191489361702
LONG_6_004,6.0,LONG,2024-01-15T14:45:00.000000000Z,london,monday,1.9999999999997797,1.9999999999997797,0.560000000000116,0.20000000000020002,0.35714285714274385,37,104,0.2624113475177305
LONG_6_004,6.0,LONG,2024-01-15T14:46:00.000000000Z,london,monday,1.9999999999997797,-0.8000000000008001,0.560000000000116,0.49999999999994493,0.14285714285725615,38,103,0.2695035460992908
LONG_6_004,6.0,LONG,2024-01-15T14:47:00.000000000Z,london,monday,1.9999999999997797,1.1999999999989797,0.48000000000003595,0.6000000000000449,0.2499999999997687,39,102,0.2765957446808511
LONG_6_004,6.0,LONG,2024-01-15T14:48:00.000000000Z,london,monday,1.40000000000029,0.30000000000196536,0.3900000000003345,0.5750000000004363,0.07692307692351488,40,101,0.28368794326241137
LONG_6_004,6.0,LONG,2024-01-15T14:49:00.000000000Z,london,monday,1.500000000000945,-1.500000000000945,0.3900000000003345,0.7750000000006363,0.38461538461529704,41,100,0.2907801418439716
LONG_6_004,6.0,LONG,2024-01-15T14:50:00.000000000Z,london,monday,2.100000000000435,-2.100000000000435,0.4500000000002835,0.5750000000004363,0.4666666666664693,42,99,0.2978723404255319
LONG_6_004,6.0,LONG,2024-01-15T14:51:00.000000000Z,london,monday,2.100000000000435,-1.9999999999997797,0.460000000000349,0.4500000000007276,0.4347826086952744,43,98,0.3049645390070922
LONG_6_004,6.0,LONG,2024-01-15T14:52:00.000000000Z,london,monday,2.20000000000109,-1.9999999999997797,0.460000000000349,0.4500000000007276,0.4347826086952744,44,97,0.3120567375886525
LONG_6_004,6.0,LONG,2024-01-15T14:53:00.000000000Z,london,monday,2.20000000000109,-1.5999999999993797,0.46000000000057106,0.27500000000069136,0.34782608695595507,45,96,0.3191489361702128
LONG_6_004,6.0,LONG,2024-01-15T14:54:00.000000000Z,london,monday,2.20000000000109,-2.100000000000435,0.4500000000007276,0.17500000000114646,0.46666666666600876,46,95,0.3262411347517731
LONG_6_004,6.0,LONG,2024-01-15T14:55:00.000000000Z,london,monday,2.20000000000109,-1.40000000000029,0.5200000000007421,0.3500000000011827,0.26923076923044076,47,94,0.3333333333333333
LONG_6_004,6.0,LONG,2024-01-15T14:56:00.000000000Z,london,monday,1.7000000000000348,0.8999999999992347,0.4700000000006366,0.5250000000006638,0.1914893617017055,48,93,0.3404255319148936
LONG_6_004,6.0,LONG,2024-01-15T14:57:00.000000000Z,london,monday,2.80000000000058,1.40000000000029,0.5200000000007421,0.7500000000004725,0.26923076923044076,49,92,0.3475177304964539
LONG_6_004,6.0,LONG,2024-01-15T14:58:00.000000000Z,london,monday,2.80000000000058,0.5999999999994898,0.56000000000056,0.8500000000000174,0.10714285714265889,50,91,0.3546099290780142
LONG_6_004,6.0,LONG,2024-01-15T14:59:00.000000000Z,london,monday,2.80000000000058,1.900000000001345,0.5100000000004545,0.7499999999999174,0.37254901960777487,51,90,0.3617021276595745
LONG_6_004,6.0,LONG,2024-01-15T15:00:00.000000000Z,london,monday,3.4000000000000696,3.2999999999994145,0.5300000000003635,0.7249999999997536,0.6226415094334248,52,89,0.36879432624113473
LONG_6_004,6.0,LONG,2024-01-15T15:01:00.000000000Z,london,monday,3.4000000000000696,1.1999999999989797,0.720000000000276,0.9499999999995623,0.16666666666646107,53,88,0.375886524822695
LONG_6_004,6.0,LONG,2024-01-15T15:02:00.000000000Z,london,monday,3.4000000000000696,0.9999999999998899,0.740000000000185,0.8999999999997899,0.1351351351350865,54,87,0.3829787234042553
LONG_6_004,6.0,LONG,2024-01-15T15:03:00.000000000Z,london,monday,3.4000000000000696,1.4999999999987246,0.7900000000000684,0.9749999999997261,0.1898734177213411,55,86,0.3900709219858156
LONG_6_004,6.0,LONG,2024-01-15T15:04:00.000000000Z,london,monday,3.4000000000000696,2.9999999999996696,0.8999999999999009,1.0999999999999899,0.3333333333333333,56,85,0.3971631205673759
LONG_6_004,6.0,LONG,2024-01-15T15:05:00.000000000Z,london,monday,2.9999999999996696,2.9999999999996696,0.8999999999999009,0.800000000000245,0.3333333333333333,57,84,0.40425531914893614
LONG_6_004,6.0,LONG,2024-01-15T15:06:00.000000000Z,london,monday,2.80000000000058,1.9999999999997797,0.8200000000000429,0.7250000000003087,0.2439024390243506,58,83,0.41134751773049644
LONG_6_004,6.0,LONG,2024-01-15T15:07:00.000000000Z,london,monday,3.60000000000138,1.80000000000069,0.8000000000001339,0.7750000000006363,0.22500000000004858,59,82,0.41843971631205673
LONG_6_004,6.0,LONG,2024-01-15T15:08:00.000000000Z,london,monday,3.60000000000138,1.4999999999987246,0.8300000000003305,0.6750000000010914,0.18072289156603943,60,81,0.425531914893617
LONG_6_004,6.0,LONG,2024-01-15T15:09:00.000000000Z,london,monday,3.60000000000138,0.8999999999992347,0.8100000000001994,0.5250000000006638,0.11111111111098927,61,80,0.4326241134751773
LONG_6_004,6.0,LONG,2024-01-15T15:10:00.000000000Z,london,monday,3.60000000000138,-0.700000000000145,0.8100000000004215,0.7000000000007001,0.08641975308639267,62,79,0.4397163120567376
LONG_6_004,6.0,LONG,2024-01-15T15:11:00.000000000Z,london,monday,3.60000000000138,-0.40000000000040004,0.780000000000447,0.900000000000345,0.05128205128207318,63,78,0.44680851063829785
LONG_6_004,6.0,LONG,2024-01-15T15:12:00.000000000Z,london,monday,6.200000000000649,-2.5999999999992696,1.000000000000334,1.3249999999997986,0.25999999999984014,64,77,0.45390070921985815
LONG_6_004,6.0,LONG,2024-01-15T15:13:00.000000000Z,london,monday,6.200000000000649,-1.4999999999987246,1.1100000000003885,1.7250000000001986,0.13513513513497294,65,76,0.46099290780141844
LONG_6_004,6.0,LONG,2024-01-15T15:14:00.000000000Z,london,monday,6.200000000000649,-2.6999999999999247,0.9900000000002684,1.5499999999996072,0.27272727272719116,66,75,0.46808510638297873
LONG_6_004,6.0,LONG,2024-01-15T15:15:00.000000000Z,london,monday,6.200000000000649,-2.6999999999999247,0.9900000000002684,1.3249999999997986,0.27272727272719116,67,74,0.475177304964539
LONG_6_004,6.0,LONG,2024-01-15T15:16:00.000000000Z,london,monday,6.200000000000649,-2.0999999999982144,1.0300000000003084,0.800000000000245,0.20388349514539666,68,73,0.48226950354609927
LONG_6_004,6.0,LONG,2024-01-15T15:17:00.000000000Z,london,monday,6.200000000000649,-4.00000000000178,1.040000000000374,0.6000000000006,0.38461538461541744,69,72,0.48936170212765956
LONG_6_004,6.0,LONG,2024-01-15T15:18:00.000000000Z,london,monday,5.299999999999194,-3.2999999999994145,0.9700000000001374,0.6250000000007638,0.34020618556690174,70,71,0.49645390070921985
LONG_6_004,6.0,LONG,2024-01-15T15:19:00.000000000Z,london,monday,5.1000000000001044,-3.1000000000003247,0.9500000000002284,0.4250000000005638,0.32631578947363993,71,70,0.5035460992907801
LONG_6_004,6.0,LONG,2024-01-15T15:20:00.000000000Z,london,monday,4.299999999999304,-2.5999999999992696,0.9000000000001229,0.37500000000023626,0.2888888888887683,72,69,0.5106382978723404
LONG_6_004,6.0,LONG,2024-01-15T15:21:00.000000000Z,london,monday,3.20000000000098,-0.7999999999985796,0.740000000000185,0.14999999999987246,0.10810810810788915,73,68,0.5177304964539007
LONG_6_004,6.0,LONG,2024-01-15T15:22:00.000000000Z,london,monday,3.9999999999995595,3.9999999999995595,0.700000000000145,0.6499999999998174,0.5714285714283902,74,67,0.524822695035461
LONG_6_004,6.0,LONG,2024-01-15T15:23:00.000000000Z,london,monday,2.2999999999995246,0.3999999999981796,0.700000000000145,1.0999999999999899,0.057142857142585254,75,66,0.5319148936170213
LONG_6_004,6.0,LONG,2024-01-15T15:24:00.000000000Z,london,monday,2.500000000000835,2.300000000001745,0.8900000000005015,1.5250000000005537,0.2584269662921853,76,65,0.5390070921985816
LONG_6_004,6.0,LONG,2024-01-15T15:25:00.000000000Z,london,monday,5.1000000000001044,4.100000000000215,1.0700000000003485,2.1500000000002073,0.38317757009335324,77,64,0.5460992907801419
LONG_6_004,6.0,LONG,2024-01-15T15:26:00.000000000Z,london,monday,5.699999999999594,4.199999999998649,1.080000000000192,1.7500000000003624,0.3888888888886947,78,63,0.5531914893617021
LONG_6_004,6.0,LONG,2024-01-15T15:27:00.000000000Z,london,monday,5.699999999999594,3.4000000000000696,1.1600000000000499,1.7500000000003624,0.2931034482758555,79,62,0.5602836879432624
LONG_6_004,6.0,LONG,2024-01-15T15:28:00.000000000Z,london,monday,5.699999999999594,3.20000000000098,1.1799999999999589,1.3499999999994072,0.2711864406780586,80,61,0.5673758865248227
LONG_6_004,6.0,LONG,2024-01-15T15:29:00.000000000Z,london,monday,5.699999999999594,4.100000000000215,1.2699999999998823,0.9249999999993985,0.32283464566933817,81,60,0.574468085106383
LONG_6_004,6.0,LONG,2024-01-15T15:30:00.000000000Z,london,monday,5.699999999999594,2.100000000000435,1.4699999999998603,1.3499999999994072,0.142857142857186,82,59,0.5815602836879432
LONG_6_004,6.0,LONG,2024-01-15T15:31:00.000000000Z,london,monday,5.599999999998939,1.40000000000029,1.5199999999997438,1.0499999999991072,0.09210526315792933,83,58,0.5886524822695035
LONG_6_004,6.0,LONG,2024-01-15T15:32:00.000000000Z,london,monday,5.20000000000076,-0.9999999999998899,1.3199999999999878,0.9999999999998899,0.07575757575756811,84,57,0.5957446808510638
LONG_6_004,6.0,LONG,2024-01-15T15:33:00.000000000Z,london,monday,5.20000000000076,0.30000000000196536,1.1899999999998023,0.8999999999997899,0.02521008403378279,85,56,0.6028368794326241
LONG_6_004,6.0,LONG,2024-01-15T15:34:00.000000000Z,london,monday,5.20000000000076,-2.000000000002,1.0199999999997988,0.40000000000040004,0.19607843137278377,86,55,0.6099290780141844
LONG_6_004,6.0,LONG,2024-01-15T15:35:00.000000000Z,london,monday,5.699999999999594,-5.1000000000001044,0.8099999999997554,0.37500000000023626,0.6296296296298327,87,54,0.6170212765957447
LONG_6_004,6.0,LONG,2024-01-15T15:36:00.000000000Z,london,monday,6.599999999998829,-6.599999999998829,0.8399999999997299,0.5499999999997174,0.785714285714399,88,53,0.624113475177305
LONG_6_004,6.0,LONG,2024-01-15T15:37:00.000000000Z,london,monday,6.6000000000010495,-6.099999999999994,0.7899999999998464,0.7500000000004725,0.7721518987343267,89,52,0.6312056737588653
LONG_6_004,6.0,LONG,2024-01-15T15:38:00.000000000Z,london,monday,6.900000000000794,-6.00000000000156,0.7800000000000029,0.7499999999999174,0.7692307692309663,90,51,0.6382978723404256
LONG_6_004,6.0,LONG,2024-01-15T15:39:00.000000000Z,london,monday,6.900000000000794,-6.699999999999484,0.7100000000002105,0.6750000000005363,0.9436619718306335,91,50,0.6453900709219859
LONG_6_004,6.0,LONG,2024-01-15T15:40:00.000000000Z,london,monday,4.60000000000127,-3.6999999999998145,0.5500000000002725,0.6250000000007638,0.6727272727269057,92,49,0.6524822695035462
LONG_6_004,6.0,LONG,2024-01-15T15:41:00.000000000Z,london,monday,4.00000000000178,-3.00000000000189,0.500000000000167,0.3249999999999087,0.6000000000001776,93,48,0.6595744680851063
LONG_6_004,6.0,LONG,2024-01-15T15:42:00.000000000Z,london,monday,3.8000000000004697,-1.1999999999989797,0.640000000000196,0.6500000000003725,0.18749999999978317,94,47,0.6666666666666666
LONG_6_004,6.0,LONG,2024-01-15T15:43:00.000000000Z,london,monday,3.300000000001635,-1.80000000000069,0.700000000000367,0.8750000000001812,0.25714285714282087,95,46,0.6737588652482269
LONG_6_004,6.0,LONG,2024-01-15T15:44:00.000000000Z,london,monday,2.9999999999996696,0.0,0.8200000000000429,1.074999999999826,0.0,96,45,0.6808510638297872
LONG_6_004,6.0,LONG,2024-01-15T15:45:00.000000000Z,london,monday,4.60000000000127,2.100000000000435,0.9300000000003195,1.4500000000006175,0.2258064516128724,97,44,0.6879432624113475
LONG_6_004,6.0,LONG,2024-01-15T15:46:00.000000000Z,london,monday,4.60000000000127,1.4999999999987246,0.9900000000004905,1.4250000000004537,0.15151515151494763,98,43,0.6950354609929078
LONG_6_004,6.0,LONG,2024-01-15T15:47:00.000000000Z,london,monday,4.60000000000127,3.60000000000138,0.940000000000385,1.3500000000005175,0.38297872340424527,99,42,0.7021276595744681
LONG_6_004,6.0,LONG,2024-01-15T15:48:00.000000000Z,london,monday,5.00000000000167,5.00000000000167,1.020000000000465,1.2500000000009726,0.4901960784313128,100,41,0.7092198581560284
LONG_6_004,6.0,LONG,2024-01-15T15:49:00.000000000Z,london,monday,5.800000000000249,5.800000000000249,1.100000000000323,1.100000000000545,0.5272727272725951,101,40,0.7163120567375887
LONG_6_004,6.0,LONG,2024-01-15T15:50:00.000000000Z,london,monday,7.599999999998719,7.599999999998719,1.28000000000017,1.3499999999999623,0.5937499999998211,102,39,0.723404255319149
LONG_6_004,6.0,LONG,2024-01-15T15:51:00.000000000Z,london,monday,7.800000000000029,7.800000000000029,1.300000000000301,1.2249999999996986,0.5999999999998633,103,38,0.7304964539007093
LONG_6_004,6.0,LONG,2024-01-15T15:52:00.000000000Z,london,monday,7.299999999998974,6.199999999998429,1.140000000000141,0.9499999999995623,0.543859649122602,104,37,0.7375886524822695
LONG_6_004,6.0,LONG,2024-01-15T15:53:00.000000000Z,london,monday,8.699999999999264,8.699999999999264,1.1700000000001154,1.0499999999996623,0.7435897435896074,105,36,0.7446808510638298
LONG_6_004,6.0,LONG,2024-01-15T15:54:00.000000000Z,london,monday,7.800000000000029,7.800000000000029,1.080000000000192,0.5749999999998812,0.7222222222220965,106,35,0.75177304964539
LONG_6_004,6.0,LONG,2024-01-15T15:55:00.000000000Z,london,monday,7.900000000000684,6.399999999999739,0.9400000000001629,0.5500000000002725,0.6808510638296414,107,34,0.7588652482269503
LONG_6_004,6.0,LONG,2024-01-15T15:56:00.000000000Z,london,monday,7.900000000000684,7.500000000000284,0.8300000000001084,0.6500000000003725,0.9036144578312415,108,33,0.7659574468085106
LONG_6_004,6.0,LONG,2024-01-15T15:57:00.000000000Z,london,monday,7.900000000000684,7.900000000000684,0.8700000000001484,0.6000000000006,0.908045977011418,109,32,0.7730496453900709
LONG_6_004,6.0,LONG,2024-01-15T15:58:00.000000000Z,london,monday,7.399999999999629,7.399999999999629,0.8200000000000429,0.6000000000006,0.9024390243901514,110,31,0.7801418439716312
LONG_6_004,6.0,LONG,2024-01-15T15:59:00.000000000Z,london,monday,6.399999999999739,5.399999999999849,0.8200000000000429,0.800000000000245,0.6585365853658008,111,30,0.7872340425531915
LONG_6_004,6.0,LONG,2024-01-15T16:00:00.000000000Z,other,monday,3.9999999999995595,3.9999999999995595,0.6800000000000139,0.9749999999997261,0.5882352941175703,112,29,0.7943262411347518
LONG_6_004,6.0,LONG,2024-01-15T16:01:00.000000000Z,other,monday,3.6999999999998145,3.6999999999998145,0.6500000000000394,0.6749999999994261,0.5692307692307061,113,28,0.8014184397163121
LONG_6_004,6.0,LONG,2024-01-15T16:02:00.000000000Z,other,monday,3.6999999999998145,3.300000000001635,0.6899999999998574,0.6249999999990985,0.4782608695655532,114,27,0.8085106382978723
LONG_6_004,6.0,LONG,2024-01-15T16:03:00.000000000Z,other,monday,2.2999999999995246,0.8000000000008001,0.6599999999998829,0.6499999999992623,0.12121212121226393,115,26,0.8156028368794326
LONG_6_004,6.0,LONG,2024-01-15T16:04:00.000000000Z,other,monday,2.4999999999986144,-0.7999999999985796,0.6999999999999229,0.6249999999996536,0.11428571428552396,116,25,0.8226950354609929
LONG_6_004,6.0,LONG,2024-01-15T16:05:00.000000000Z,other,monday,2.4999999999986144,-0.5999999999994898,0.7199999999998319,0.7249999999997536,0.08333333333328194,117,24,0.8297872340425532
LONG_6_004,6.0,LONG,2024-01-15T16:06:00.000000000Z,other,monday,2.4999999999986144,0.10000000000065512,0.7099999999997664,0.700000000000145,0.014084507042350427,118,23,0.8368794326241135
LONG_6_004,6.0,LONG,2024-01-15T16:07:00.000000000Z,other,monday,2.4999999999986144,-1.2000000000012,0.5999999999997119,0.4500000000001725,0.20000000000029605,119,22,0.8439716312056738
LONG_6_004,6.0,LONG,2024-01-15T16:08:00.000000000Z,other,monday,2.4999999999986144,-1.900000000001345,0.5499999999998284,0.2250000000003638,0.3454545454548978,120,21,0.851063829787234
LONG_6_004,6.0,LONG,2024-01-15T16:09:00.000000000Z,other,monday,2.4999999999986144,-0.8000000000008001,0.45999999999990493,0.15000000000042757,0.17391304347847075,121,20,0.8581560283687943
LONG_6_004,6.0,LONG,2024-01-15T16:10:00.000000000Z,other,monday,2.4999999999986144,-1.1999999999989797,0.42000000000008697,0.2500000000005276,0.2857142857139836,122,19,0.8652482269503546
LONG_6_004,6.0,LONG,2024-01-15T16:11:00.000000000Z,other,monday,2.4999999999986144,-2.0999999999982144,0.5100000000000104,0.4500000000001725,0.4117647058819944,123,18,0.8723404255319149
LONG_6_004,6.0,LONG,2024-01-15T16:12:00.000000000Z,other,monday,2.100000000000435,-1.6000000000016001,0.48000000000003595,0.4499999999996174,0.33333333333364173,124,17,0.8794326241134752
LONG_6_004,6.0,LONG,2024-01-15T16:13:00.000000000Z,other,monday,1.8999999999991246,-1.5999999999993797,0.4799999999998139,0.6999999999990347,0.3333333333333333,125,16,0.8865248226950354
LONG_6_004,6.0,LONG,2024-01-15T16:14:00.000000000Z,other,monday,1.8999999999991246,0.40000000000040004,0.4799999999998139,0.774999999998971,0.08333333333344899,126,15,0.8936170212765957
LONG_6_004,6.0,LONG,2024-01-15T16:15:00.000000000Z,other,monday,1.8999999999991246,0.7999999999985796,0.5199999999996319,0.7499999999988072,0.15384615384598962,127,14,0.900709219858156
LONG_6_004,6.0,LONG,2024-01-15T16:16:00.000000000Z,other,monday,1.8999999999991246,-0.5999999999994898,0.5999999999994898,0.9999999999987796,0.1,128,13,0.9078014184397163
LONG_6_004,6.0,LONG,2024-01-15T16:17:00.000000000Z,other,monday,1.8999999999991246,0.1999999999990898,0.6599999999992168,0.8999999999986796,0.030303030302928354,129,12,0.9148936170212766
LONG_6_004,6.0,LONG,2024-01-15T16:18:00.000000000Z,other,monday,1.8999999999991246,-0.700000000000145,0.7499999999991402,0.8999999999986796,0.09333333333345965,130,11,0.9219858156028369
LONG_6_004,6.0,LONG,2024-01-15T16:19:00.000000000Z,other,monday,2.2999999999995246,-1.5999999999993797,0.8199999999989327,0.8999999999986796,0.19512195121969053,131,10,0.9290780141843972
LONG_6_004,6.0,LONG,2024-01-15T16:20:00.000000000Z,other,monday,2.2999999999995246,-2.2999999999995246,0.7499999999989182,0.6249999999990985,0.3066666666670456,132,9,0.9361702127659575
LONG_6_004,6.0,LONG,2024-01-15T16:21:00.000000000Z,other,monday,2.1999999999988695,-0.700000000000145,0.7299999999990092,0.6249999999996536,0.09589041095905411,133,8,0.9432624113475178
LONG_6_004,6.0,LONG,2024-01-15T16:22:00.000000000Z,other,monday,2.1999999999988695,-0.4999999999988347,0.7499999999991402,0.4499999999996174,0.06666666666658772,134,7,0.950354609929078
LONG_6_004,6.0,LONG,2024-01-15T16:23:00.000000000Z,other,monday,2.1999999999988695,1.7000000000000348,0.7499999999993623,0.5250000000001087,0.22666666666686405,135,6,0.9574468085106383
LONG_6_004,6.0,LONG,2024-01-15T16:24:00.000000000Z,other,monday,2.1999999999988695,0.1999999999990898,0.6999999999994788,0.6500000000003725,0.028571428571319814,136,5,0.9645390070921985
LONG_6_004,6.0,LONG,2024-01-15T16:25:00.000000000Z,other,monday,2.1999999999988695,-0.700000000000145,0.6299999999996864,0.5000000000005,0.11111111111118943,137,4,0.9716312056737588
LONG_6_004,6.0,LONG,2024-01-15T16:26:00.000000000Z,other,monday,2.100000000000435,0.8999999999992347,0.5699999999999594,0.5500000000008276,0.15789473684198224,138,3,0.9787234042553191
LONG_6_004,6.0,LONG,2024-01-15T16:27:00.000000000Z,other,monday,4.3999999999999595,2.60000000000149,0.740000000000185,0.8750000000007363,0.3513513513514649,139,2,0.9858156028368794
LONG_6_004,6.0,LONG,2024-01-15T16:28:00.000000000Z,other,monday,4.500000000000615,3.700000000002035,0.6500000000002615,0.7750000000006363,0.5692307692308534,140,1,0.9929078014184397
LONG_6_004,6.0,LONG,2024-01-15T16:29:00.000000000Z,other,monday,5.1000000000001044,5.1000000000001044,0.6300000000003525,0.900000000000345,0.8095238095233731,141,0,1.0
SHORT_6_001,6.0,SHORT,2024-01-15T08:00:00.000000000Z,london,monday,0.0,0.0,0.0,0.0,0.0,0,138,0.0
SHORT_6_001,6.0,SHORT,2024-01-15T08:01:00.000000000Z,london,monday,0.1999999999990898,0.1999999999990898,0.1999999999990898,0.1999999999990898,1.0,1,137,0.007246376811594203
SHORT_6_001,6.0,SHORT,2024-01-15T08:02:00.000000000Z,london,monday,1.40000000000029,1.40000000000029,0.700000000000145,0.700000000000145,1.0,2,136,0.014492753623188406
SHORT_6_001,6.0,SHORT,2024-01-15T08:03:00.000000000Z,london,monday,3.4000000000000696,3.4000000000000696,1.1333333333333566,1.1333333333333566,1.0,3,135,0.021739130434782608
SHORT_6_001,6.0,SHORT,2024-01-15T08:04:00.000000000Z,london,monday,3.4000000000000696,2.80000000000058,0.9999999999998899,0.9999999999998899,0.700000000000222,4,134,0.028985507246376812
SHORT_6_001,6.0,SHORT,2024-01-15T08:05:00.000000000Z,london,monday,3.4000000000000696,3.2999999999994145,0.8999999999996788,1.074999999999826,0.733333333333465,5,133,0.036231884057971016
SHORT_6_001,6.0,SHORT,2024-01-15T08:06:00.000000000Z,london,monday,3.4000000000000696,2.500000000000835,0.8833333333328289,0.974999999999171,0.471698113207974,6,132,0.043478260869565216
SHORT_6_001,6.0,SHORT,2024-01-15T08:07:00.000000000Z,london,monday,3.4000000000000696,1.100000000000545,0.9571428571424663,0.8249999999992985,0.16417910447776032,7,131,0.050724637681159424
SHORT_6_001,6.0,SHORT,2024-01-15T08:08:00.000000000Z,london,monday,3.4000000000000696,3.1000000000003247,1.0874999999996304,1.174999999999371,0.3563218390806182,8,130,0.057971014492753624
SHORT_6_001,6.0,SHORT,2024-01-15T08:09:00.000000000Z,london,monday,5.20000000000076,5.20000000000076,1.1999999999997197,1.574999999999771,0.48148148148166425,9,129,0.06521739130434782
SHORT_6_001,6.0,SHORT,2024-01-15T08:10:00.000000000Z,london,monday,5.20000000000076,5.20000000000076,1.0799999999997478,1.3750000000001261,0.48148148148166425,10,128,0.07246376811594203
SHORT_6_001,6.0,SHORT,2024-01-15T08:11:00.000000000Z,london,monday,6.40000000000196,6.40000000000196,1.1999999999998678,1.3750000000001261,0.5333333333335554,11,127,0.07971014492753623
SHORT_6_001,6.0,SHORT,2024-01-15T08:12:00.000000000Z,london,monday,5.5000000000005045,3.1000000000003247,1.2899999999997913,1.40000000000029,0.2403100775194439,12,126,0.08695652173913043
SHORT_6_001,6.0,SHORT,2024-01-15T08:13:00.000000000Z,london,monday,5.5000000000005045,0.9999999999998899,1.0999999999998789,0.900000000000345,0.09090909090909091,13,125,0.09420289855072464
SHORT_6_001,6.0,SHORT,2024-01-15T08:14:00.000000000Z,london,monday,5.5000000000005045,3.4000000000000696,1.2199999999999989,1.3500000000005175,0.2786885245901699,14,124,0.10144927536231885
SHORT_6_001,6.0,SHORT,2024-01-15T08:15:00.000000000Z,london,monday,5.5000000000005045,3.300000000001635,1.2100000000001554,1.100000000000545,0.27272727272737285,15,123,0.10869565217391304
SHORT_6_001,6.0,SHORT,2024-01-15T08:16:00.000000000Z,london,monday,5.5000000000005045,0.7999999999985796,1.460000000000461,1.400000000000845,0.05479452054783062,16,122,0.11594202898550725
SHORT_6_001,6.0,SHORT,2024-01-15T08:17:00.000000000Z,london,monday,5.5000000000005045,3.1000000000003247,1.4100000000005775,1.600000000001045,0.21985815602830178,17,121,0.12318840579710146
SHORT_6_001,6.0,SHORT,2024-01-15T08:18:00.000000000Z,london,monday,3.5000000000007248,0.8999999999992347,1.2300000000007305,1.2000000000012,0.0731707317072114,18,120,0.13043478260869565
SHORT_6_001,6.0,SHORT,2024-01-15T08:19:00.000000000Z,london,monday,3.300000000001635,-0.9999999999998899,1.040000000000818,1.1500000000014277,0.09615384615375994,19,119,0.13768115942028986
SHORT_6_001,6.0,SHORT,2024-01-15T08:20:00.000000000Z,london,monday,3.300000000001635,-1.6000000000016001,1.100000000000989,0.4750000000014465,0.14545454545456013,20,118,0.14492753623188406
SHORT_6_001,6.0,SHORT,2024-01-15T08:21:00.000000000Z,london,monday,3.300000000001635,-1.900000000001345,1.0700000000010146,0.5250000000012189,0.17757009345790126,21,117,0.15217391304347827
SHORT_6_001,6.0,SHORT,2024-01-15T08:22:00.000000000Z,london,monday,3.300000000001635,-0.700000000000145,0.9500000000008946,0.7000000000007001,0.07368421052626166,22,116,0.15942028985507245
SHORT_6_001,6.0,SHORT,2024-01-15T08:23:00.000000000Z,london,monday,3.300000000001635,0.10000000000065512,1.0100000000008436,0.8250000000004087,0.009900990099066495,23,115,0.16666666666666666
SHORT_6_001,6.0,SHORT,2024-01-15T08:24:00.000000000Z,london,monday,3.5000000000007248,0.5999999999994898,1.060000000000727,1.2499999999998623,0.05660377358481871,24,114,0.17391304347826086
SHORT_6_001,6.0,SHORT,2024-01-15T08:25:00.000000000Z,london,monday,3.5000000000007248,0.0,1.040000000000596,1.0249999999994985,0.0,25,113,0.18115942028985507
SHORT_6_001,6.0,SHORT,2024-01-15T08:26:00.000000000Z,london,monday,3.5000000000007248,3.300000000001635,0.7100000000004325,0.7999999999996898,0.46478873239431334,26,112,0.18840579710144928
SHORT_6_001,6.0,SHORT,2024-01-15T08:27:00.000000000Z,london,monday,3.20000000000098,1.9999999999997797,0.660000000000327,0.7249999999997536,0.3030303030301195,27,111,0.1956521739130435
SHORT_6_001,6.0,SHORT,2024-01-15T08:28:00.000000000Z,london,monday,3.20000000000098,0.8000000000008001,0.780000000000225,0.49999999999994493,0.10256410256417556,28,110,0.2028985507246377
SHORT_6_001,6.0,SHORT,2024-01-15T08:29:00.000000000Z,london,monday,3.20000000000098,1.40000000000029,0.8400000000001739,0.6500000000003725,0.16666666666666666,29,109,0.21014492753623187
SHORT_6_001,6.0,SHORT,2024-01-15T08:30:00.000000000Z,london,monday,4.599999999999049,-1.3999999999980695,1.1200000000000099,1.50000000000039,0.12499999999982653,30,108,0.21739130434782608
SHORT_6_001,6.0,SHORT,2024-01-15T08:31:00.000000000Z,london,monday,4.599999999999049,-1.7000000000000348,1.0899999999998133,1.5999999999999348,0.15596330275232348,31,107,0.2246376811594203
SHORT_6_001,6.0,SHORT,2024-01-15T08:32:00.000000000Z,london,monday,5.20000000000076,-2.20000000000109,1.1399999999999189,1.5999999999999348,0.19298245614046022,32,106,0.2318840579710145
SHORT_6_001,6.0,SHORT,2024-01-15T08:33:00.000000000Z,london,monday,5.20000000000076,-2.80000000000058,1.0799999999999699,1.4249999999998986,0.2592592592593202,33,105,0.2391304347826087
SHORT_6_001,6.0,SHORT,2024-01-15T08:34:00.000000000Z,london,monday,5.20000000000076,-5.20000000000076,0.8600000000000829,0.6000000000000449,0.6046511627907277,34,104,0.2463768115942029
SHORT_6_001,6.0,SHORT,2024-01-15T08:35:00.000000000Z,london,monday,5.00000000000167,-4.900000000001015,0.8500000000002395,0.4250000000005638,0.5764705882352511,35,103,0.2536231884057971
SHORT_6_001,6.0,SHORT,2024-01-15T08:36:00.000000000Z,london,monday,5.399999999999849,-5.399999999999849,0.9000000000001229,0.20000000000020002,0.5999999999999013,36,102,0.2608695652173913
SHORT_6_001,6.0,SHORT,2024-01-15T08:37:00.000000000Z,london,monday,4.999999999999449,-4.500000000000615,0.9099999999999664,0.2999999999997449,0.4945054945055803,37,101,0.26811594202898553
SHORT_6_001,6.0,SHORT,2024-01-15T08:38:00.000000000Z,london,monday,4.3999999999999595,-2.100000000000435,0.8699999999999264,0.5249999999995536,0.24137931034489798,38,100,0.2753623188405797
SHORT_6_001,6.0,SHORT,2024-01-15T08:39:00.000000000Z,london,monday,4.3999999999999595,-1.900000000001345,0.8899999999998354,0.7499999999993623,0.21348314606760635,39,99,0.2826086956521739
SHORT_6_001,6.0,SHORT,2024-01-15T08:40:00.000000000Z,london,monday,2.4999999999986144,1.0999999999983245,0.5899999999998684,0.7249999999997536,0.1864406779658593,40,98,0.2898550724637681
SHORT_6_001,6.0,SHORT,2024-01-15T08:41:00.000000000Z,london,monday,2.4999999999986144,-1.5999999999993797,0.6999999999999229,1.074999999999826,0.22857142857136514,41,97,0.2971014492753623
SHORT_6_001,6.0,SHORT,2024-01-15T08:42:00.000000000Z,london,monday,2.4999999999986144,0.6000000000017103,0.6399999999999739,1.0250000000000536,0.09375000000027105,42,96,0.30434782608695654
SHORT_6_001,6.0,SHORT,2024-01-15T08:43:00.000000000Z,london,monday,2.4999999999986144,1.2999999999996348,0.7099999999997664,0.9749999999997261,0.18309859154930458,43,95,0.3115942028985507
SHORT_6_001,6.0,SHORT,2024-01-15T08:44:00.000000000Z,london,monday,2.4999999999986144,1.7000000000000348,0.7299999999996754,0.9499999999995623,0.23287671232887547,44,94,0.3188405797101449
SHORT_6_001,6.0,SHORT,2024-01-15T08:45:00.000000000Z,london,monday,2.4999999999986144,-0.10000000000065512,0.8899999999996133,0.8999999999997899,0.011235955056258266,45,93,0.32608695652173914
SHORT_6_001,6.0,SHORT,2024-01-15T08:46:00.000000000Z,london,monday,2.4999999999986144,1.5999999999993797,0.9599999999998499,0.9999999999998899,0.1666666666666281,46,92,0.3333333333333333
SHORT_6_001,6.0,SHORT,2024-01-15T08:47:00.000000000Z,london,monday,2.2999999999995246,1.500000000000945,0.9500000000000064,0.900000000000345,0.15789473684220368,47,91,0.34057971014492755
SHORT_6_001,6.0,SHORT,2024-01-15T08:48:00.000000000Z,london,monday,2.2999999999995246,-0.9999999999998899,1.000000000000112,1.200000000000645,0.0999999999999778,48,90,0.34782608695652173
SHORT_6_001,6.0,SHORT,2024-01-15T08:49:00.000000000Z,london,monday,2.2999999999995246,-1.7000000000000348,0.9300000000000974,0.8500000000005725,0.18279569892471578,49,89,0.35507246376811596
SHORT_6_001,6.0,SHORT,2024-01-15T08:50:00.000000000Z,london,monday,1.8999999999991246,-0.4999999999988347,0.9700000000001374,0.7500000000004725,0.051546391752449884,50,88,0.36231884057971014
SHORT_6_001,6.0,SHORT,2024-01-15T08:51:00.000000000Z,london,monday,1.8999999999991246,1.40000000000029,0.780000000000225,0.6500000000003725,0.1794871794871649,51,87,0.3695652173913043
SHORT_6_001,6.0,SHORT,2024-01-15T08:52:00.000000000Z,london,monday,1.7000000000000348,0.5999999999994898,0.700000000000145,0.27500000000013625,0.08571428571419508,52,86,0.37681159420289856
SHORT_6_001,6.0,SHORT,2024-01-15T08:53:00.000000000Z,london,monday,1.7000000000000348,-0.5999999999994898,0.660000000000327,0.3000000000003,0.09090909090896857,53,85,0.38405797101449274
SHORT_6_001,6.0,SHORT,2024-01-15T08:54:00.000000000Z,london,monday,1.7000000000000348,-0.5999999999994898,0.660000000000327,0.17500000000003624,0.09090909090896857,54,84,0.391304347826087
SHORT_6_001,6.0,SHORT,2024-01-15T08:55:00.000000000Z,london,monday,1.80000000000069,-0.1999999999990898,0.620000000000287,0.49999999999994493,0.03225806451596729,55,83,0.39855072463768115
SHORT_6_001,6.0,SHORT,2024-01-15T08:56:00.000000000Z,london,monday,1.9999999999997797,-1.5999999999993797,0.520000000000076,0.5499999999997174,0.30769230769214345,56,82,0.4057971014492754
SHORT_6_001,6.0,SHORT,2024-01-15T08:57:00.000000000Z,london,monday,1.9999999999997797,-1.9999999999997797,0.48000000000003595,0.4499999999996174,0.4166666666665896,57,81,0.41304347826086957
SHORT_6_001,6.0,SHORT,2024-01-15T08:58:00.000000000Z,london,monday,1.5999999999993797,-0.10000000000065512,0.3699999999997594,0.47499999999922604,0.02702702702722166,58,80,0.42028985507246375
SHORT_6_001,6.0,SHORT,2024-01-15T08:59:00.000000000Z,london,monday,1.5999999999993797,-0.5999999999994898,0.3599999999996939,0.1999999999990898,0.16666666666666666,59,79,0.427536231884058
SHORT_6_001,6.0,SHORT,2024-01-15T09:00:00.000000000Z,london,monday,2.60000000000149,-2.60000000000149,0.3999999999997339,0.4499999999996174,0.6500000000008049,60,78,0.43478260869565216
SHORT_6_001,6.0,SHORT,2024-01-15T09:01:00.000000000Z,london,monday,3.6999999999998145,-3.6999999999998145,0.5099999999995664,0.7249999999991985,0.7254901960790119,61,77,0.4420289855072464
SHORT_6_001,6.0,SHORT,2024-01-15T09:02:00.000000000Z,london,monday,5.800000000000249,-5.800000000000249,0.7199999999996098,1.1499999999997623,0.8055555555560268,62,76,0.4492753623188406
SHORT_6_001,6.0,SHORT,2024-01-15T09:03:00.000000000Z,london,monday,5.699999999999594,-5.1000000000001044,0.7099999999995443,1.174999999999926,0.7183098591554052,63,75,0.45652173913043476
SHORT_6_001,6.0,SHORT,2024-01-15T09:04:00.000000000Z,london,monday,5.699999999999594,-4.899999999998794,0.7299999999996754,0.9999999999998899,0.6712328767124621,64,74,0.463768115942029
SHORT_6_001,6.0,SHORT,2024-01-15T09:05:00.000000000Z,london,monday,4.599999999999049,-3.5999999999991594,0.5999999999997119,0.7250000000003087,0.6000000000001481,65,73,0.47101449275362317
SHORT_6_001,6.0,SHORT,2024-01-15T09:06:00.000000000Z,london,monday,4.599999999999049,-2.4000000000001798,0.6799999999997919,0.4500000000001725,0.3529411764707227,66,72,0.4782608695652174
SHORT_6_001,6.0,SHORT,2024-01-15T09:07:00.000000000Z,london,monday,4.599999999999049,-2.900000000001235,0.7299999999998974,0.5000000000005,0.39726027397282776,67,71,0.4855072463768116
SHORT_6_001,6.0,SHORT,2024-01-15T09:08:00.000000000Z,london,monday,4.599999999999049,-3.9999999999995595,0.7600000000000939,0.5500000000002725,0.5263157894735612,68,70,0.4927536231884058
SHORT_6_001,6.0,SHORT,2024-01-15T09:09:00.000000000Z,london,monday,4.3999999999999595,-3.20000000000098,0.8000000000001339,0.700000000000145,0.40000000000005553,69,69,0.5
SHORT_6_001,6.0,SHORT,2024-01-15T09:10:00.000000000Z,london,monday,3.1999999999987594,-1.7999999999984695,0.700000000000145,0.5000000000005,0.2571428571425852,70,68,0.5072463768115942
SHORT_6_001,6.0,SHORT,2024-01-15T09:11:00.000000000Z,london,monday,2.100000000000435,-0.40000000000040004,0.620000000000287,0.4500000000001725,0.06451612903229273,71,67,0.5144927536231884
SHORT_6_001,6.0,SHORT,2024-01-15T09:12:00.000000000Z,london,monday,1.9999999999997797,1.9999999999997797,0.440000000000218,0.3500000000000725,0.4545454545451793,72,66,0.5217391304347826
SHORT_6_001,6.0,SHORT,2024-01-15T09:13:00.000000000Z,london,monday,1.7000000000000348,0.0,0.580000000000247,0.6250000000002087,0.0,73,65,0.5289855072463768
SHORT_6_001,6.0,SHORT,2024-01-15T09:14:00.000000000Z,london,monday,1.7000000000000348,0.4999999999988347,0.6300000000001305,0.8249999999998536,0.07936507936487797,74,64,0.5362318840579711
SHORT_6_001,6.0,SHORT,2024-01-15T09:15:00.000000000Z,london,monday,1.7000000000000348,-0.20000000000131024,0.700000000000145,0.9249999999999536,0.028571428571609832,75,63,0.5434782608695652
SHORT_6_001,6.0,SHORT,2024-01-15T09:16:00.000000000Z,london,monday,2.4000000000001798,-2.20000000000109,0.700000000000145,1.0999999999999899,0.31428571428580493,76,62,0.5507246376811594
SHORT_6_001,6.0,SHORT,2024-01-15T09:17:00.000000000Z,london,monday,2.8999999999990145,-2.1999999999988695,0.6999999999999229,0.7999999999996898,0.3142857142855874,77,61,0.5579710144927537
SHORT_6_001,6.0,SHORT,2024-01-15T09:18:00.000000000Z,london,monday,3.4000000000000696,-1.9999999999997797,0.6800000000000139,0.6749999999999812,0.2941176470587851,78,60,0.5652173913043478
SHORT_6_001,6.0,SHORT,2024-01-15T09:19:00.000000000Z,london,monday,3.4000000000000696,-1.5999999999993797,0.7200000000000539,0.7499999999999174,0.22222222222211943,79,59,0.572463768115942
SHORT_6_001,6.0,SHORT,2024-01-15T09:20:00.000000000Z,london,monday,3.4000000000000696,-2.100000000000435,0.7299999999998974,0.5749999999998812,0.28767123287681234,80,58,0.5797101449275363
SHORT_6_001,6.0,SHORT,2024-01-15T09:21:00.000000000Z,london,monday,3.4000000000000696,-0.700000000000145,0.8699999999999264,0.8750000000001812,0.080459770114966,81,57,0.5869565217391305
SHORT_6_001,6.0,SHORT,2024-01-15T09:22:00.000000000Z,london,monday,3.4000000000000696,-1.100000000000545,0.8500000000000174,0.7750000000000812,0.12941176470594382,82,56,0.5942028985507246
SHORT_6_001,6.0,SHORT,2024-01-15T09:23:00.000000000Z,london,monday,2.6999999999999247,0.10000000000065512,0.7299999999998974,0.6499999999998174,0.013698630137077969,83,55,0.6014492753623188
SHORT_6_001,6.0,SHORT,2024-01-15T09:24:00.000000000Z,london,monday,2.6999999999999247,-1.100000000000545,0.6500000000000394,0.6250000000002087,0.16923076923084282,84,54,0.6086956521739131
SHORT_6_001,6.0,SHORT,2024-01-15T09:25:00.000000000Z,london,monday,2.4000000000001798,-1.1999999999989797,0.6599999999998829,0.3999999999998449,0.18181818181805948,85,53,0.6159420289855072
SHORT_6_001,6.0,SHORT,2024-01-15T09:26:00.000000000Z,london,monday,2.4000000000001798,0.9999999999998899,0.6799999999997919,0.6749999999994261,0.14705882352944058,86,52,0.6231884057971014
SHORT_6_001,6.0,SHORT,2024-01-15T09:27:00.000000000Z,london,monday,2.4000000000001798,1.4999999999987246,0.6299999999999084,0.5499999999997174,0.23809523809507027,87,51,0.6304347826086957
SHORT_6_001,6.0,SHORT,2024-01-15T09:28:00.000000000Z,london,monday,2.4000000000001798,1.5999999999993797,0.6199999999998429,0.5999999999994898,0.2580645161289976,88,50,0.6376811594202898
SHORT_6_001,6.0,SHORT,2024-01-15T09:29:00.000000000Z,london,monday,1.7000000000000348,0.5000000000010552,0.5299999999996974,0.4249999999994536,0.09433962264176239,89,49,0.644927536231884
SHORT_6_001,6.0,SHORT,2024-01-15T09:30:00.000000000Z,london,monday,2.80000000000058,2.80000000000058,0.6999999999997009,0.6249999999996536,0.40000000000025376,90,48,0.6521739130434783
SHORT_6_001,6.0,SHORT,2024-01-15T09:31:00.000000000Z,london,monday,2.6999999999999247,-0.40000000000040004,0.6799999999997919,0.9999999999998899,0.05882352941184154,91,47,0.6594202898550725
SHORT_6_001,6.0,SHORT,2024-01-15T09:32:00.000000000Z,london,monday,2.6999999999999247,-0.700000000000145,0.7099999999997664,0.9999999999998899,0.0985915492958275,92,46,0.6666666666666666
SHORT_6_001,6.0,SHORT,2024-01-15T09:33:00.000000000Z,london,monday,2.6999999999999247,-0.20000000000131024,0.6599999999998829,0.9750000000002812,0.0303030303032342,93,45,0.6739130434782609
SHORT_6_001,6.0,SHORT,2024-01-15T09:34:00.000000000Z,london,monday,3.6999999999998145,-1.7999999999984695,0.8199999999995988,0.9249999999999536,0.21951219512187198,94,44,0.6811594202898551
SHORT_6_001,6.0,SHORT,2024-01-15T09:35:00.000000000Z,london,monday,6.200000000000649,-3.5000000000007248,0.9899999999998244,1.174999999999926,0.3535353535354895,95,43,0.6884057971014492
SHORT_6_001,6.0,SHORT,2024-01-15T09:36:00.000000000Z,london,monday,6.300000000001305,-4.8000000000003595,0.8799999999999919,1.0999999999999899,0.5454545454545914,96,42,0.6956521739130435
SHORT_6_001,6.0,SHORT,2024-01-15T09:37:00.000000000Z,london,monday,9.500000000000064,-7.999999999999119,1.1999999999998678,1.8999999999996797,0.6666666666666666,97,41,0.7028985507246377
SHORT_6_001,6.0,SHORT,2024-01-15T09:38:00.000000000Z,london,monday,10.799999999999699,-8.899999999998354,1.2899999999997913,1.774999999999971,0.6899224806201391,98,40,0.7101449275362319
SHORT_6_001,6.0,SHORT,2024-01-15T09:39:00.000000000Z,london,monday,10.799999999999699,-6.6000000000010495,1.4999999999998348,1.6999999999994797,0.4400000000001184,99,39,0.717391304347826
SHORT_6_001,6.0,SHORT,2024-01-15T09:40:00.000000000Z,london,monday,10.799999999999699,-8.900000000000574,1.3299999999998313,1.7499999999992522,0.6691729323309551,100,38,0.7246376811594203
SHORT_6_001,6.0,SHORT,2024-01-15T09:41:00.000000000Z,london,monday,9.299999999998754,-6.900000000000794,1.2299999999996203,1.074999999999271,0.5609756097563353,101,37,0.7318840579710145
SHORT_6_001,6.0,SHORT,2024-01-15T09:42:00.000000000Z,london,monday,8.899999999998354,-6.899999999998574,1.2299999999993982,0.8499999999989072,0.560975609756256,102,36,0.7391304347826086
SHORT_6_001,6.0,SHORT,2024-01-15T09:43:00.000000000Z,london,monday,8.899999999998354,-7.199999999998319,1.2599999999993727,0.37499999999912603,0.5714285714287225,103,35,0.7463768115942029
SHORT_6_001,6.0,SHORT,2024-01-15T09:44:00.000000000Z,london,monday,7.099999999999884,-6.399999999999739,1.1799999999995148,0.5499999999991623,0.5423728813561332,104,34,0.7536231884057971
SHORT_6_001,6.0,SHORT,2024-01-15T09:45:00.000000000Z,london,monday,4.599999999999049,-2.8999999999990145,1.0299999999994203,0.6749999999994261,0.2815533980583152,105,33,0.7608695652173914
SHORT_6_001,6.0,SHORT,2024-01-15T09:46:00.000000000Z,london,monday,4.499999999998394,-3.1000000000003247,1.0499999999995513,0.6500000000003725,0.29523809523825234,106,32,0.7681159420289855
SHORT_6_001,6.0,SHORT,2024-01-15T09:47:00.000000000Z,london,monday,3.1999999999987594,-2.100000000000435,0.9499999999995623,1.1250000000001537,0.221052631579095,107,31,0.7753623188405797
SHORT_6_001,6.0,SHORT,2024-01-15T09:48:00.000000000Z,london,monday,3.1999999999987594,0.09999999999843467,0.9099999999995223,1.0999999999999899,0.010989010988844744,108,30,0.782608695652174
SHORT_6_001,6.0,SHORT,2024-01-15T09:49:00.000000000Z,london,monday,3.1999999999987594,-0.2999999999997449,0.8699999999997043,1.30000000000019,0.03448275862067205,109,29,0.7898550724637681
SHORT_6_001,6.0,SHORT,2024-01-15T09:50:00.000000000Z,london,monday,3.1999999999987594,-0.8999999999992347,0.9299999999996533,1.4499999999995072,0.09677419354834088,110,28,0.7971014492753623
SHORT_6_001,6.0,SHORT,2024-01-15T09:51:00.000000000Z,london,monday,3.1999999999987594,-2.8999999999990145,1.0299999999998644,1.2750000000000261,0.28155339805819385,111,27,0.8043478260869565
SHORT_6_001,6.0,SHORT,2024-01-15T09:52:00.000000000Z,london,monday,2.80000000000058,-2.100000000000435,1.0300000000000864,1.1500000000003174,0.20388349514565618,112,26,0.8115942028985508
SHORT_6_001,6.0,SHORT,2024-01-15T09:53:00.000000000Z,london,monday,2.6999999999999247,-1.2000000000012,1.060000000000061,0.8500000000000174,0.11320754716991803,113,25,0.8188405797101449
SHORT_6_001,6.0,SHORT,2024-01-15T09:54:00.000000000Z,london,monday,2.6999999999999247,0.1999999999990898,1.000000000000112,0.7250000000003087,0.01999999999990674,114,24,0.8260869565217391
SHORT_6_001,6.0,SHORT,2024-01-15T09:55:00.000000000Z,london,monday,3.6999999999998145,1.1999999999989797,1.100000000000101,0.8500000000000174,0.10909090909080632,115,23,0.8333333333333334
SHORT_6_001,6.0,SHORT,2024-01-15T09:56:00.000000000Z,london,monday,3.6999999999998145,1.3000000000018552,1.0899999999998133,0.7999999999996898,0.11926605504606219,116,22,0.8405797101449275
SHORT_6_001,6.0,SHORT,2024-01-15T09:57:00.000000000Z,london,monday,3.6999999999998145,2.500000000000835,0.9699999999999154,0.8999999999997899,0.25773195876299515,117,21,0.8478260869565217
SHORT_6_001,6.0,SHORT,2024-01-15T09:58:00.000000000Z,london,monday,3.4000000000000696,0.8000000000008001,0.9600000000000719,0.9999999999998899,0.08333333333341043,118,20,0.855072463768116
SHORT_6_001,6.0,SHORT,2024-01-15T09:59:00.000000000Z,london,monday,3.4000000000000696,-0.1999999999990898,0.8600000000000829,0.700000000000145,0.02325581395338029,119,19,0.8623188405797102
SHORT_6_001,6.0,SHORT,2024-01-15T10:00:00.000000000Z,london,monday,3.8999999999989043,-1.9999999999997797,1.040000000000152,1.3250000000003537,0.19230769230764302,120,18,0.8695652173913043
SHORT_6_001,6.0,SHORT,2024-01-15T10:01:00.000000000Z,london,monday,3.8999999999989043,-0.4999999999988347,0.8900000000000574,1.0750000000003812,0.05617977528076432,121,17,0.8768115942028986
SHORT_6_001,6.0,SHORT,2024-01-15T10:02:00.000000000Z,london,monday,4.999999999999449,-1.9999999999997797,0.9600000000000719,1.1500000000003174,0.2083333333332948,122,16,0.8840579710144928
SHORT_6_001,6.0,SHORT,2024-01-15T10:03:00.000000000Z,london,monday,5.999999999999339,-3.5999999999991594,1.000000000000112,1.2000000000000899,0.35999999999987564,123,15,0.8913043478260869
SHORT_6_001,6.0,SHORT,2024-01-15T10:04:00.000000000Z,london,monday,7.500000000000284,-5.5000000000005045,1.1100000000001664,0.900000000000345,0.4954954954954667,124,14,0.8985507246376812
SHORT_6_001,6.0,SHORT,2024-01-15T10:05:00.000000000Z,london,monday,7.500000000000284,-6.999999999999229,0.960000000000294,1.0250000000006088,0.7291666666663631,125,13,0.9057971014492754
SHORT_6_001,6.0,SHORT,2024-01-15T10:06:00.000000000Z,london,monday,7.300000000001194,-6.099999999999994,1.0100000000003995,0.9250000000005087,0.6039603960393646,126,12,0.9130434782608695
SHORT_6_001,6.0,SHORT,2024-01-15T10:07:00.000000000Z,london,monday,6.300000000001305,-5.300000000001415,0.9300000000005415,0.7250000000008638,0.5698924731180999,127,11,0.9202898550724637
SHORT_6_001,6.0,SHORT,2024-01-15T10:08:00.000000000Z,london,monday,6.300000000001305,-4.60000000000127,0.860000000000527,0.37500000000079137,0.5348837209300524,128,10,0.927536231884058
SHORT_6_001,6.0,SHORT,2024-01-15T10:09:00.000000000Z,london,monday,7.4000000000018495,-7.4000000000018495,0.980000000000425,0.7500000000004725,0.7551020408161878,129,9,0.9347826086956522
SHORT_6_001,6.0,SHORT,2024-01-15T10:10:00.000000000Z,london,monday,5.700000000001815,-5.700000000001815,0.8100000000004215,0.8250000000004087,0.7037037037035616,130,8,0.9420289855072463
SHORT_6_001,6.0,SHORT,2024-01-15T10:11:00.000000000Z,london,monday,5.700000000001815,-4.900000000001015,0.8900000000005015,0.9750000000002812,0.5505617977526127,131,7,0.9492753623188406
SHORT_6_001,6.0,SHORT,2024-01-15T10:12:00.000000000Z,london,monday,5.20000000000076,-5.20000000000076,0.920000000000476,1.30000000000019,0.565217391304138,132,6,0.9565217391304348
SHORT_6_001,6.0,SHORT,2024-01-15T10:13:00.000000000Z,london,monday,4.20000000000087,-3.9999999999995595,0.840000000000618,0.8500000000005725,0.4761904761900734,133,5,0.9637681159420289
SHORT_6_001,6.0,SHORT,2024-01-15T10:14:00.000000000Z,london,monday,3.900000000001125,-1.80000000000069,0.760000000000316,0.7750000000000812,0.2368421052631502,134,4,0.9710144927536232
SHORT_6_001,6.0,SHORT,2024-01-15T10:15:00.000000000Z,london,monday,4.500000000000615,-3.8000000000004697,0.8600000000000829,0.9499999999995623,0.44186046511629107,135,3,0.9782608695652174
SHORT_6_001,6.0,SHORT,2024-01-15T10:16:00.000000000Z,london,monday,4.700000000001925,-4.700000000001925,0.8100000000001994,0.6499999999998174,0.5802469135803416,136,2,0.9855072463768116
SHORT_6_001,6.0,SHORT,2024-01-15T10:17:00.000000000Z,london,monday,5.699999999999594,-5.699999999999594,0.9099999999999664,0.8999999999992347,0.6263736263736049,137,1,0.9927536231884058
SHORT_6_001,6.0,SHORT,2024-01-15T10:18:00.000000000Z,london,monday,7.299999999998974,-7.299999999998974,1.0699999999999044,1.1499999999997623,0.6822429906541707,138,0,1.0
SHORT_6_002,6.0,SHORT,2024-01-15T11:38:00.000000000Z,london,monday,3.9999999999995595,3.4000000000000696,0.9999999999998899,0.9999999999998899,0.34000000000004443,0,14,0.0
SHORT_6_002,6.0,SHORT,2024-01-15T11:39:00.000000000Z,london,monday,3.9999999999995595,1.5999999999993797,0.8399999999999519,1.000000000000445,0.19047619047612754,1,13,0.07142857142857142
SHORT_6_002,6.0,SHORT,2024-01-15T11:40:00.000000000Z,london,monday,4.799999999998139,3.0999999999981043,0.8699999999999264,0.7250000000003087,0.35632183908027204,2,12,0.14285714285714285
SHORT_6_002,6.0,SHORT,2024-01-15T11:41:00.000000000Z,london,monday,4.799999999998139,-0.5999999999994898,1.0799999999999699,1.2999999999996348,0.05555555555550987,3,11,0.21428571428571427
SHORT_6_002,6.0,SHORT,2024-01-15T11:42:00.000000000Z,london,monday,4.799999999998139,-0.700000000000145,1.0699999999999044,0.9999999999998899,0.06542056074768295,4,10,0.2857142857142857
SHORT_6_002,6.0,SHORT,2024-01-15T11:43:00.000000000Z,london,monday,4.799999999998139,0.7999999999985796,1.0199999999997988,1.0999999999994348,0.07843137254889582,5,9,0.35714285714285715
SHORT_6_002,6.0,SHORT,2024-01-15T11:44:00.000000000Z,london,monday,4.799999999998139,2.2999999999995246,0.8699999999997043,0.9249999999993985,0.2643678160919892,6,8,0.42857142857142855
SHORT_6_002,6.0,SHORT,2024-01-15T11:45:00.000000000Z,london,monday,4.699999999999704,0.20000000000131024,1.0599999999998388,0.6999999999995898,0.01886792452842836,7,7,0.5
SHORT_6_002,6.0,SHORT,2024-01-15T11:46:00.000000000Z,london,monday,5.499999999998284,-2.7999999999983594,0.9599999999998499,0.9249999999993985,0.2916666666665414,8,6,0.5714285714285714
SHORT_6_002,6.0,SHORT,2024-01-15T11:47:00.000000000Z,london,monday,5.499999999998284,-0.8000000000008001,1.1599999999996058,1.4499999999995072,0.06896551724147172,9,5,0.6428571428571429
SHORT_6_002,6.0,SHORT,2024-01-15T11:48:00.000000000Z,london,monday,5.499999999998284,-1.9999999999997797,1.0399999999997078,1.4249999999998986,0.19230769230772515,10,4,0.7142857142857143
SHORT_6_002,6.0,SHORT,2024-01-15T11:49:00.000000000Z,london,monday,5.499999999998284,-3.4000000000000696,1.1799999999997368,1.30000000000019,0.28813559322040916,11,3,0.7857142857142857
SHORT_6_002,6.0,SHORT,2024-01-15T11:50:00.000000000Z,london,monday,5.499999999998284,-4.299999999999304,1.0899999999998133,1.0500000000002174,0.39449541284404044,12,2,0.8571428571428571
SHORT_6_002,6.0,SHORT,2024-01-15T11:51:00.000000000Z,london,monday,3.1999999999987594,-1.500000000000945,0.8099999999999774,0.4250000000005638,0.18518518518530702,13,1,0.9285714285714286
SHORT_6_002,6.0,SHORT,2024-01-15T11:52:00.000000000Z,london,monday,4.599999999999049,-4.100000000000215,1.0499999999997733,1.0250000000000536,0.3904761904762952,14,0,1.0
SHORT_6_003,6.0,SHORT,2024-01-15T12:09:00.000000000Z,london,monday,6.500000000000394,5.899999999998684,0.9100000000006325,0.7750000000000812,0.6483516483510531,0,130,0.0
SHORT_6_003,6.0,SHORT,2024-01-15T12:10:00.000000000Z,london,monday,6.800000000000139,6.499999999998174,0.9100000000006325,0.7750000000000812,0.7142857142850171,1,129,0.007692307692307693
SHORT_6_003,6.0,SHORT,2024-01-15T12:11:00.000000000Z,london,monday,7.200000000000539,7.200000000000539,0.920000000000476,0.7499999999999174,0.7826086956518277,2,128,0.015384615384615385
SHORT_6_003,6.0,SHORT,2024-01-15T12:12:00.000000000Z,london,monday,7.900000000000684,7.699999999999374,0.9700000000003595,0.8249999999998536,0.793814432989332,3,127,0.023076923076923078
SHORT_6_003,6.0,SHORT,2024-01-15T12:13:00.000000000Z,london,monday,9.40000000000163,9.40000000000163,1.100000000000323,0.7250000000003087,0.8545454545453518,4,126,0.03076923076923077
SHORT_6_003,6.0,SHORT,2024-01-15T12:14:00.000000000Z,london,monday,6.500000000000394,6.500000000000394,0.8100000000001994,0.800000000000245,0.8024691358023203,5,125,0.038461538461538464
SHORT_6_003,6.0,SHORT,2024-01-15T12:15:00.000000000Z,london,monday,5.800000000000249,4.999999999999449,0.660000000000105,0.700000000000145,0.7575757575755537,6,124,0.046153846153846156
SHORT_6_003,6.0,SHORT,2024-01-15T12:16:00.000000000Z,london,monday,5.800000000000249,5.199999999998539,0.640000000000196,0.5500000000002725,0.8124999999995229,7,123,0.05384615384615385
SHORT_6_003,6.0,SHORT,2024-01-15T12:17:00.000000000Z,london,monday,6.999999999999229,6.999999999999229,0.7200000000000539,0.49999999999994493,0.9722222222220424,8,122,0.06153846153846154
SHORT_6_003,6.0,SHORT,2024-01-15T12:18:00.000000000Z,london,monday,7.200000000000539,7.200000000000539,0.740000000000185,0.5000000000005,0.9729729729728027,9,121,0.06923076923076923
SHORT_6_003,6.0,SHORT,2024-01-15T12:19:00.000000000Z,london,monday,5.300000000001415,2.9999999999996696,0.780000000000447,1.0750000000009363,0.38461538461512185,10,120,0.07692307692307693
SHORT_6_003,6.0,SHORT,2024-01-15T12:20:00.000000000Z,london,monday,5.00000000000167,2.80000000000058,0.760000000000538,1.0750000000009363,0.3684210526313944,11,119,0.08461538461538462
SHORT_6_003,6.0,SHORT,2024-01-15T12:21:00.000000000Z,london,monday,4.60000000000127,2.9999999999996696,0.780000000000447,0.9000000000009001,0.38461538461512185,12,118,0.09230769230769231
SHORT_6_003,6.0,SHORT,2024-01-15T12:22:00.000000000Z,london,monday,3.900000000001125,1.2999999999996348,0.8100000000004215,1.000000000000445,0.16049382716036523,13,117,0.1
SHORT_6_003,6.0,SHORT,2024-01-15T12:23:00.000000000Z,london,monday,4.20000000000087,-1.80000000000069,0.820000000000265,0.8249999999998536,0.21951219512196443,14,116,0.1076923076923077
SHORT_6_003,6.0,SHORT,2024-01-15T12:24:00.000000000Z,london,monday,4.60000000000127,-2.80000000000058,0.800000000000356,0.8999999999997899,0.3499999999999167,15,115,0.11538461538461539
SHORT_6_003,6.0,SHORT,2024-01-15T12:25:00.000000000Z,london,monday,5.00000000000167,-3.20000000000098,0.840000000000396,0.8500000000000174,0.38095238095231804,16,114,0.12307692307692308
SHORT_6_003,6.0,SHORT,2024-01-15T12:26:00.000000000Z,london,monday,5.00000000000167,-1.1999999999989797,1.020000000000465,1.0750000000003812,0.11764705882337574,17,113,0.13076923076923078
SHORT_6_003,6.0,SHORT,2024-01-15T12:27:00.000000000Z,london,monday,5.20000000000076,-4.599999999999049,1.100000000000545,1.200000000000645,0.41818181818152456,18,112,0.13846153846153847
SHORT_6_003,6.0,SHORT,2024-01-15T12:28:00.000000000Z,london,monday,6.00000000000156,-6.00000000000156,1.120000000000454,1.300000000000745,0.5357142857142079,19,111,0.14615384615384616
SHORT_6_003,6.0,SHORT,2024-01-15T12:29:00.000000000Z,london,monday,4.3999999999999595,-3.6999999999998145,0.8900000000002795,1.200000000000645,0.4157303370785003,20,110,0.15384615384615385
SHORT_6_003,6.0,SHORT,2024-01-15T12:30:00.000000000Z,london,monday,5.599999999998939,-4.999999999999449,1.000000000000112,1.0250000000000536,0.499999999999889,21,109,0.16153846153846155
SHORT_6_003,6.0,SHORT,2024-01-15T12:31:00.000000000Z,london,monday,5.800000000000249,-5.800000000000249,0.960000000000294,0.5500000000002725,0.6041666666665076,22,108,0.16923076923076924
SHORT_6_003,6.0,SHORT,2024-01-15T12:32:00.000000000Z,london,monday,4.8000000000003595,-4.599999999999049,0.880000000000436,0.40000000000040004,0.5227272727269057,23,107,0.17692307692307693
SHORT_6_003,6.0,SHORT,2024-01-15T12:33:00.000000000Z,london,monday,6.500000000000394,-5.399999999999849,0.960000000000516,1.000000000000445,0.5624999999996819,24,106,0.18461538461538463
SHORT_6_003,6.0,SHORT,2024-01-15T12:34:00.000000000Z,london,monday,6.500000000000394,-0.7999999999985796,1.340000000000563,1.7500000000009175,0.059701492537182356,25,105,0.19230769230769232
SHORT_6_003,6.0,SHORT,2024-01-15T12:35:00.000000000Z,london,monday,6.500000000000394,-1.3999999999980695,1.400000000000512,1.9500000000005624,0.09999999999982553,26,104,0.2
SHORT_6_003,6.0,SHORT,2024-01-15T12:36:00.000000000Z,london,monday,6.500000000000394,-2.60000000000149,1.28000000000017,2.074999999999716,0.20312500000008946,27,103,0.2076923076923077
SHORT_6_003,6.0,SHORT,2024-01-15T12:37:00.000000000Z,london,monday,4.3999999999999595,-1.40000000000029,1.1600000000000499,1.6999999999994797,0.12068965517243359,28,102,0.2153846153846154
SHORT_6_003,6.0,SHORT,2024-01-15T12:38:00.000000000Z,london,monday,4.20000000000087,-2.5999999999992696,1.2799999999999478,1.1499999999992072,0.2031249999999512,29,101,0.2230769230769231
SHORT_6_003,6.0,SHORT,2024-01-15T12:39:00.000000000Z,london,monday,4.599999999999049,0.9999999999998899,1.6399999999998638,1.7999999999990246,0.06097560975609591,30,100,0.23076923076923078
SHORT_6_003,6.0,SHORT,2024-01-15T12:40:00.000000000Z,london,monday,8.60000000000083,6.200000000000649,1.9200000000001438,2.6249999999999885,0.3229166666666763,31,99,0.23846153846153847
SHORT_6_003,6.0,SHORT,2024-01-15T12:41:00.000000000Z,london,monday,11.200000000000099,9.00000000000123,2.1599999999999397,3.049999999999997,0.4166666666667352,32,98,0.24615384615384617
SHORT_6_003,6.0,SHORT,2024-01-15T12:42:00.000000000Z,london,monday,11.200000000000099,5.899999999998684,2.429999999999932,3.275000000000361,0.24279835390941765,33,97,0.25384615384615383
SHORT_6_003,6.0,SHORT,2024-01-15T12:43:00.000000000Z,london,monday,11.200000000000099,9.799999999999809,2.3400000000000087,2.7500000000008074,0.41880341880340904,34,96,0.26153846153846155
SHORT_6_003,6.0,SHORT,2024-01-15T12:44:00.000000000Z,london,monday,10.200000000000209,3.1999999999987594,2.1599999999999397,2.3500000000004073,0.14814814814809485,35,95,0.2692307692307692
SHORT_6_003,6.0,SHORT,2024-01-15T12:45:00.000000000Z,london,monday,10.200000000000209,3.9999999999995595,2.0799999999998597,1.7500000000003624,0.1923076923076841,36,94,0.27692307692307694
SHORT_6_003,6.0,SHORT,2024-01-15T12:46:00.000000000Z,london,monday,10.200000000000209,1.7000000000000348,2.1700000000002273,1.4250000000004537,0.0783410138248782,37,93,0.2846153846153846
SHORT_6_003,6.0,SHORT,2024-01-15T12:47:00.000000000Z,london,monday,10.200000000000209,3.5999999999991594,2.180000000000293,1.30000000000019,0.16513761467883833,38,92,0.2923076923076923
SHORT_6_003,6.0,SHORT,2024-01-15T12:48:00.000000000Z,london,monday,10.200000000000209,5.999999999999339,2.020000000000355,0.800000000000245,0.29702970297021214,39,91,0.3
SHORT_6_003,6.0,SHORT,2024-01-15T12:49:00.000000000Z,london,monday,6.6000000000010495,3.8000000000004697,1.800000000000468,1.100000000000545,0.21111111111108233,40,90,0.3076923076923077
SHORT_6_003,6.0,SHORT,2024-01-15T12:50:00.000000000Z,london,monday,5.60000000000116,0.700000000000145,1.4900000000004354,0.9250000000005087,0.04697986577180808,41,89,0.3153846153846154
SHORT_6_003,6.0,SHORT,2024-01-15T12:51:00.000000000Z,london,monday,5.60000000000116,-3.4000000000000696,1.380000000000603,1.0500000000007725,0.2463768115941003,42,88,0.3230769230769231
SHORT_6_003,6.0,SHORT,2024-01-15T12:52:00.000000000Z,london,monday,4.20000000000087,0.700000000000145,1.2100000000003774,1.2500000000004174,0.057851239669415425,43,87,0.33076923076923076
SHORT_6_003,6.0,SHORT,2024-01-15T12:53:00.000000000Z,london,monday,4.3999999999999595,0.1999999999990898,1.160000000000272,1.1500000000003174,0.01724137931026232,44,86,0.3384615384615385
SHORT_6_003,6.0,SHORT,2024-01-15T12:54:00.000000000Z,london,monday,4.3999999999999595,2.5999999999992696,0.920000000000254,0.9249999999999536,0.2826086956520165,45,85,0.34615384615384615
SHORT_6_003,6.0,SHORT,2024-01-15T12:55:00.000000000Z,london,monday,4.3999999999999595,1.40000000000029,1.040000000000152,0.8999999999992347,0.13461538461539282,46,84,0.35384615384615387
SHORT_6_003,6.0,SHORT,2024-01-15T12:56:00.000000000Z,london,monday,4.3999999999999595,2.60000000000149,0.9200000000000319,0.6999999999995898,0.28260869565232605,47,83,0.36153846153846153
SHORT_6_003,6.0,SHORT,2024-01-15T12:57:00.000000000Z,london,monday,4.199999999998649,-0.7999999999985796,1.060000000000061,1.0499999999996623,0.07547169811306921,48,82,0.36923076923076925
SHORT_6_003,6.0,SHORT,2024-01-15T12:58:00.000000000Z,london,monday,4.199999999998649,-0.7999999999985796,1.060000000000061,1.1499999999997623,0.07547169811306921,49,81,0.3769230769230769
SHORT_6_003,6.0,SHORT,2024-01-15T12:59:00.000000000Z,london,monday,4.199999999998649,-1.5999999999993797,0.9799999999999809,0.9500000000001174,0.16326530612238888,50,80,0.38461538461538464
SHORT_6_003,6.0,SHORT,2024-01-15T13:00:00.000000000Z,london,monday,6.099999999999994,-5.40000000000207,1.1799999999999589,1.5750000000003261,0.45762711864425915,51,79,0.3923076923076923
SHORT_6_003,6.0,SHORT,2024-01-15T13:01:00.000000000Z,london,monday,6.099999999999994,-2.5999999999992696,1.1600000000000499,1.300000000000745,0.22413793103441015,52,78,0.4
SHORT_6_003,6.0,SHORT,2024-01-15T13:02:00.000000000Z,london,monday,6.099999999999994,-4.199999999998649,1.080000000000192,1.300000000000745,0.3888888888886947,53,77,0.4076923076923077
SHORT_6_003,6.0,SHORT,2024-01-15T13:03:00.000000000Z,london,monday,6.199999999998429,-6.199999999998429,1.080000000000192,1.400000000000845,0.5740740740738266,54,76,0.4153846153846154
SHORT_6_003,6.0,SHORT,2024-01-15T13:04:00.000000000Z,london,monday,7.599999999998719,-7.599999999998719,1.220000000000221,1.0250000000006088,0.6229508196719133,55,75,0.4230769230769231
SHORT_6_003,6.0,SHORT,2024-01-15T13:05:00.000000000Z,london,monday,6.200000000000649,-4.8000000000003595,1.220000000000443,1.0500000000002174,0.3934426229507063,56,74,0.4307692307692308
SHORT_6_003,6.0,SHORT,2024-01-15T13:06:00.000000000Z,london,monday,6.00000000000156,-6.00000000000156,1.340000000000563,1.3500000000005175,0.44776119402977904,57,73,0.43846153846153846
SHORT_6_003,6.0,SHORT,2024-01-15T13:07:00.000000000Z,london,monday,4.999999999999449,-3.9999999999995595,1.140000000000363,1.2000000000000899,0.3508771929823058,58,72,0.4461538461538462
SHORT_6_003,6.0,SHORT,2024-01-15T13:08:00.000000000Z,london,monday,6.399999999999739,-5.800000000000249,1.240000000000352,1.2000000000000899,0.4677419354837583,59,71,0.45384615384615384
SHORT_6_003,6.0,SHORT,2024-01-15T13:09:00.000000000Z,london,monday,9.00000000000123,-9.00000000000123,1.440000000000552,1.50000000000039,0.6249999999998458,60,70,0.46153846153846156
SHORT_6_003,6.0,SHORT,2024-01-15T13:10:00.000000000Z,london,monday,7.4000000000018495,-4.299999999999304,1.3300000000004975,1.5500000000001624,0.3233082706765185,61,69,0.46923076923076923
SHORT_6_003,6.0,SHORT,2024-01-15T13:11:00.000000000Z,london,monday,7.4000000000018495,-4.20000000000087,1.340000000000341,1.80000000000069,0.31343283582088066,62,68,0.47692307692307695
SHORT_6_003,6.0,SHORT,2024-01-15T13:12:00.000000000Z,london,monday,7.0000000000014495,-4.999999999999449,1.4200000000001989,1.7500000000003624,0.3521126760562499,63,67,0.4846153846153846
SHORT_6_003,6.0,SHORT,2024-01-15T13:13:00.000000000Z,london,monday,6.00000000000156,-4.8000000000003595,1.40000000000029,1.30000000000019,0.34285714285709756,64,66,0.49230769230769234
SHORT_6_003,6.0,SHORT,2024-01-15T13:14:00.000000000Z,london,monday,6.00000000000156,-3.4000000000000696,1.260000000000261,0.8500000000000174,0.2698412698412195,65,65,0.5
SHORT_6_003,6.0,SHORT,2024-01-15T13:15:00.000000000Z,london,monday,6.00000000000156,-5.399999999999849,1.180000000000181,0.6499999999998174,0.45762711864398486,66,64,0.5076923076923077
SHORT_6_003,6.0,SHORT,2024-01-15T13:16:00.000000000Z,london,monday,4.3999999999999595,-1.5999999999993797,1.2399999999999078,0.8999999999997899,0.12903225806447569,67,63,0.5153846153846153
SHORT_6_003,6.0,SHORT,2024-01-15T13:17:00.000000000Z,london,monday,4.00000000000178,-0.20000000000131024,1.3000000000000789,0.9499999999995623,0.01538461538471524,68,62,0.5230769230769231
SHORT_6_003,6.0,SHORT,2024-01-15T13:18:00.000000000Z,london,monday,3.8000000000004697,1.100000000000545,1.1699999999998933,0.974999999999171,0.09401709401714917,69,61,0.5307692307692308
SHORT_6_003,6.0,SHORT,2024-01-15T13:19:00.000000000Z,london,monday,5.60000000000116,5.60000000000116,1.0999999999996568,1.2999999999990797,0.5090909090911734,70,60,0.5384615384615384
SHORT_6_003,6.0,SHORT,2024-01-15T13:20:00.000000000Z,london,monday,4.999999999999449,3.8000000000004697,0.9199999999995878,0.7499999999993623,0.41304347826110566,71,59,0.5461538461538461
SHORT_6_003,6.0,SHORT,2024-01-15T13:21:00.000000000Z,london,monday,4.999999999999449,2.4000000000001798,0.7799999999995588,0.4999999999993898,0.3076923076925048,72,58,0.5538461538461539
SHORT_6_003,6.0,SHORT,2024-01-15T13:22:00.000000000Z,london,monday,4.999999999999449,1.9999999999997797,0.8199999999995988,0.8749999999996261,0.24390243902448272,73,57,0.5615384615384615
SHORT_6_003,6.0,SHORT,2024-01-15T13:23:00.000000000Z,london,monday,4.999999999999449,2.80000000000058,0.7399999999995188,0.3999999999998449,0.37837837837870275,74,56,0.5692307692307692
SHORT_6_003,6.0,SHORT,2024-01-15T13:24:00.000000000Z,london,monday,4.999999999999449,2.4000000000001798,0.7799999999995588,0.49999999999994493,0.3076923076925048,75,55,0.5769230769230769
SHORT_6_003,6.0,SHORT,2024-01-15T13:25:00.000000000Z,london,monday,4.999999999999449,4.199999999998649,0.8399999999995078,0.7999999999996898,0.5000000000001321,76,54,0.5846153846153846
SHORT_6_003,6.0,SHORT,2024-01-15T13:26:00.000000000Z,london,monday,2.80000000000058,0.8000000000008001,0.7399999999995188,0.6999999999995898,0.10810810810828653,77,53,0.5923076923076923
SHORT_6_003,6.0,SHORT,2024-01-15T13:27:00.000000000Z,london,monday,1.9999999999997797,0.9000000000014552,0.7499999999995843,0.9749999999997261,0.12000000000026054,78,52,0.6
SHORT_6_003,6.0,SHORT,2024-01-15T13:28:00.000000000Z,london,monday,2.9999999999996696,-1.100000000000545,0.9499999999997844,1.3999999999997348,0.11578947368429418,79,51,0.6076923076923076
SHORT_6_003,6.0,SHORT,2024-01-15T13:29:00.000000000Z,london,monday,2.9999999999996696,-2.9999999999996696,0.7599999999998719,1.0999999999999899,0.3947368421052862,80,50,0.6153846153846154
SHORT_6_003,6.0,SHORT,2024-01-15T13:30:00.000000000Z,london,monday,2.9999999999996696,-0.40000000000040004,1.0199999999997988,1.4500000000000624,0.03921568627455676,81,49,0.6230769230769231
SHORT_6_003,6.0,SHORT,2024-01-15T13:31:00.000000000Z,london,monday,4.100000000000215,1.100000000000545,1.1699999999998933,1.5500000000001624,0.09401709401714917,82,48,0.6307692307692307
SHORT_6_003,6.0,SHORT,2024-01-15T13:32:00.000000000Z,london,monday,4.199999999998649,2.7999999999983594,1.0199999999997988,1.0499999999996623,0.2745098039214619,83,47,0.6384615384615384
SHORT_6_003,6.0,SHORT,2024-01-15T13:33:00.000000000Z,london,monday,4.199999999998649,2.4000000000001798,1.0599999999996168,1.1499999999992072,0.22641509433972146,84,46,0.6461538461538462
SHORT_6_003,6.0,SHORT,2024-01-15T13:34:00.000000000Z,london,monday,4.500000000000615,3.5000000000007248,1.0899999999995913,0.6749999999994261,0.32110091743137953,85,45,0.6538461538461539
SHORT_6_003,6.0,SHORT,2024-01-15T13:35:00.000000000Z,london,monday,5.1000000000001044,2.900000000001235,1.0299999999996423,0.44999999999906226,0.2815533980584701,86,44,0.6615384615384615
SHORT_6_003,6.0,SHORT,2024-01-15T13:36:00.000000000Z,london,monday,5.1000000000001044,2.1999999999988695,1.0999999999998789,0.8999999999997899,0.19999999999991927,87,43,0.6692307692307692
SHORT_6_003,6.0,SHORT,2024-01-15T13:37:00.000000000Z,london,monday,5.1000000000001044,-0.40000000000040004,1.1399999999996968,1.174999999999926,0.035087719298290035,88,42,0.676923076923077
SHORT_6_003,6.0,SHORT,2024-01-15T13:38:00.000000000Z,london,monday,5.1000000000001044,2.5999999999992696,1.0199999999995768,1.2249999999996986,0.25490196078434785,89,41,0.6846153846153846
SHORT_6_003,6.0,SHORT,2024-01-15T13:39:00.000000000Z,london,monday,5.1000000000001044,2.4999999999986144,1.0299999999996423,1.0999999999999899,0.2427184466018915,90,40,0.6923076923076923
SHORT_6_003,6.0,SHORT,2024-01-15T13:40:00.000000000Z,london,monday,3.4000000000000696,-0.8000000000008001,0.8399999999997299,0.7999999999996898,0.09523809523822112,91,39,0.7
SHORT_6_003,6.0,SHORT,2024-01-15T13:41:00.000000000Z,london,monday,3.900000000001125,-2.900000000001235,0.7499999999995843,0.5749999999998812,0.38666666666704563,92,38,0.7076923076923077
SHORT_6_003,6.0,SHORT,2024-01-15T13:42:00.000000000Z,london,monday,3.900000000001125,-2.4999999999986144,0.7899999999998464,0.47500000000033626,0.3164556962024178,93,37,0.7153846153846154
SHORT_6_003,6.0,SHORT,2024-01-15T13:43:00.000000000Z,london,monday,3.900000000001125,-1.80000000000069,0.7800000000000029,0.5250000000001087,0.23076923076931835,94,36,0.7230769230769231
SHORT_6_003,6.0,SHORT,2024-01-15T13:44:00.000000000Z,london,monday,3.900000000001125,-2.100000000000435,0.7500000000000284,0.4500000000001725,0.2800000000000474,95,35,0.7307692307692307
SHORT_6_003,6.0,SHORT,2024-01-15T13:45:00.000000000Z,london,monday,3.900000000001125,-2.6999999999999247,0.6900000000000794,0.3000000000003,0.391304347826031,96,34,0.7384615384615385
SHORT_6_003,6.0,SHORT,2024-01-15T13:46:00.000000000Z,london,monday,1.9999999999997797,-1.1999999999989797,0.5399999999999849,0.27500000000013625,0.22222222222203947,97,33,0.7461538461538462
SHORT_6_003,6.0,SHORT,2024-01-15T13:47:00.000000000Z,london,monday,1.40000000000029,-0.10000000000065512,0.4300000000001525,0.3000000000003,0.02325581395363248,98,32,0.7538461538461538
SHORT_6_003,6.0,SHORT,2024-01-15T13:48:00.000000000Z,london,monday,1.40000000000029,-0.5999999999994898,0.380000000000269,0.3000000000003,0.15789473684185923,99,31,0.7615384615384615
SHORT_6_003,6.0,SHORT,2024-01-15T13:49:00.000000000Z,london,monday,1.6000000000016001,0.30000000000196536,0.4500000000002835,0.5000000000005,0.06666666666706142,100,30,0.7692307692307693
SHORT_6_003,6.0,SHORT,2024-01-15T13:50:00.000000000Z,london,monday,2.20000000000109,1.6000000000016001,0.440000000000218,0.5500000000002725,0.36363636363654717,101,29,0.7769230769230769
SHORT_6_003,6.0,SHORT,2024-01-15T13:51:00.000000000Z,london,monday,2.900000000001235,2.900000000001235,0.4500000000002835,0.6250000000002087,0.6444444444443128,102,28,0.7846153846153846
SHORT_6_003,6.0,SHORT,2024-01-15T13:52:00.000000000Z,london,monday,2.500000000000835,1.100000000000545,0.5300000000001415,0.8500000000000174,0.20754716981136817,103,27,0.7923076923076923
SHORT_6_003,6.0,SHORT,2024-01-15T13:53:00.000000000Z,london,monday,2.500000000000835,0.2999999999997449,0.5500000000002725,0.7750000000000812,0.05454545454538114,104,26,0.8
SHORT_6_003,6.0,SHORT,2024-01-15T13:54:00.000000000Z,london,monday,2.500000000000835,-0.700000000000145,0.5700000000001815,0.7750000000000812,0.12280701754384599,105,25,0.8076923076923077
SHORT_6_003,6.0,SHORT,2024-01-15T13:55:00.000000000Z,london,monday,2.500000000000835,0.0,0.640000000000196,0.7750000000000812,0.0,106,24,0.8153846153846154
SHORT_6_003,6.0,SHORT,2024-01-15T13:56:00.000000000Z,london,monday,2.500000000000835,0.2999999999997449,0.6100000000002215,0.47500000000033626,0.049180327868792784,107,23,0.823076923076923
SHORT_6_003,6.0,SHORT,2024-01-15T13:57:00.000000000Z,london,monday,2.500000000000835,0.40000000000040004,0.600000000000156,0.4250000000000087,0.06666666666671602,108,22,0.8307692307692308
SHORT_6_003,6.0,SHORT,2024-01-15T13:58:00.000000000Z,london,monday,2.4000000000001798,1.40000000000029,0.700000000000145,0.6250000000002087,0.2,109,21,0.8384615384615385
SHORT_6_003,6.0,SHORT,2024-01-15T13:59:00.000000000Z,london,monday,2.4000000000001798,0.3999999999981796,0.640000000000196,0.5000000000005,0.06249999999969642,110,20,0.8461538461538461
SHORT_6_003,6.0,SHORT,2024-01-15T14:00:00.000000000Z,london,monday,2.4000000000001798,-0.5999999999994898,0.6200000000000649,0.5749999999998812,0.09677419354829467,111,19,0.8538461538461538
SHORT_6_003,6.0,SHORT,2024-01-15T14:01:00.000000000Z,london,monday,2.4000000000001798,-0.10000000000065512,0.6699999999999484,0.7999999999996898,0.014925373134427286,112,18,0.8615384615384616
SHORT_6_003,6.0,SHORT,2024-01-15T14:02:00.000000000Z,london,monday,2.5999999999992696,-1.40000000000029,0.7999999999999119,1.0999999999994348,0.1750000000000555,113,17,0.8692307692307693
SHORT_6_003,6.0,SHORT,2024-01-15T14:03:00.000000000Z,london,monday,3.9999999999995595,-2.2999999999995246,0.8899999999998354,1.3999999999991797,0.25842696629212925,114,16,0.8769230769230769
SHORT_6_003,6.0,SHORT,2024-01-15T14:04:00.000000000Z,london,monday,4.599999999999049,-2.2999999999995246,0.8899999999998354,1.4499999999995072,0.25842696629212925,115,15,0.8846153846153846
SHORT_6_003,6.0,SHORT,2024-01-15T14:05:00.000000000Z,london,monday,7.800000000000029,-6.200000000000649,1.1399999999999189,1.9500000000000073,0.5438596491229027,116,14,0.8923076923076924
SHORT_6_003,6.0,SHORT,2024-01-15T14:06:00.000000000Z,london,monday,10.000000000001119,-8.300000000001084,1.3499999999999623,1.8500000000004624,0.6148148148149123,117,13,0.9
SHORT_6_003,6.0,SHORT,2024-01-15T14:07:00.000000000Z,london,monday,10.499999999999954,-8.500000000000174,1.3699999999998713,1.6250000000000986,0.6204379562044505,118,12,0.9076923076923077
SHORT_6_003,6.0,SHORT,2024-01-15T14:08:00.000000000Z,london,monday,11.200000000000099,-10.600000000000609,1.2999999999998568,1.6500000000002624,0.815384615384752,119,11,0.9153846153846154
SHORT_6_003,6.0,SHORT,2024-01-15T14:09:00.000000000Z,london,monday,11.200000000000099,-9.399999999999409,1.3799999999997148,1.0999999999999899,0.681159420289953,120,10,0.9230769230769231
SHORT_6_003,6.0,SHORT,2024-01-15T14:10:00.000000000Z,london,monday,11.200000000000099,-9.80000000000203,1.4199999999999768,0.7499999999999174,0.6901408450705767,121,9,0.9307692307692308
SHORT_6_003,6.0,SHORT,2024-01-15T14:11:00.000000000Z,london,monday,11.200000000000099,-10.600000000000609,1.3400000000001189,0.7250000000003087,0.7910447761193783,122,8,0.9384615384615385
SHORT_6_003,6.0,SHORT,2024-01-15T14:12:00.000000000Z,london,monday,8.60000000000083,-8.20000000000043,1.100000000000101,0.6000000000000449,0.7454545454545161,123,7,0.9461538461538461
SHORT_6_003,6.0,SHORT,2024-01-15T14:13:00.000000000Z,london,monday,7.200000000000539,-6.699999999999484,0.9700000000001374,0.37500000000023626,0.6907216494843851,124,6,0.9538461538461539
SHORT_6_003,6.0,SHORT,2024-01-15T14:14:00.000000000Z,london,monday,6.900000000000794,-6.900000000000794,0.9900000000002684,0.37500000000023626,0.6969696969695882,125,5,0.9615384615384616
SHORT_6_003,6.0,SHORT,2024-01-15T14:15:00.000000000Z,london,monday,3.6999999999998145,-2.80000000000058,0.7600000000000939,0.49999999999994493,0.3684210526316097,126,4,0.9692307692307692
SHORT_6_003,6.0,SHORT,2024-01-15T14:16:00.000000000Z,london,monday,1.4999999999987246,-0.4999999999988347,0.5500000000000504,0.47500000000033626,0.0909090909088707,127,3,0.9769230769230769
SHORT_6_003,6.0,SHORT,2024-01-15T14:17:00.000000000Z,london,monday,1.8999999999991246,0.8999999999992347,0.5900000000000905,0.6749999999999812,0.15254237288120284,128,2,0.9846153846153847
SHORT_6_003,6.0,SHORT,2024-01-15T14:18:00.000000000Z,london,monday,1.8999999999991246,0.1999999999990898,0.660000000000105,0.8249999999998536,0.030303030302887574,129,1,0.9923076923076923
SHORT_6_003,6.0,SHORT,2024-01-15T14:19:00.000000000Z,london,monday,2.4000000000001798,-1.80000000000069,0.660000000000105,0.8500000000000174,0.2727272727273339,130,0,1.0
SHORT_6_004,6.0,SHORT,2024-01-15T15:05:00.000000000Z,london,monday,2.9999999999996696,2.9999999999996696,0.8999999999999009,0.800000000000245,0.3333333333333333,0,33,0.0
SHORT_6_004,6.0,SHORT,2024-01-15T15:06:00.000000000Z,london,monday,2.80000000000058,1.9999999999997797,0.8200000000000429,0.7250000000003087,0.2439024390243506,1,32,0.030303030303030304
SHORT_6_004,6.0,SHORT,2024-01-15T15:07:00.000000000Z,london,monday,3.60000000000138,1.80000000000069,0.8000000000001339,0.7750000000006363,0.22500000000004858,2,31,0.06060606060606061
SHORT_6_004,6.0,SHORT,2024-01-15T15:08:00.000000000Z,london,monday,3.60000000000138,1.4999999999987246,0.8300000000003305,0.6750000000010914,0.18072289156603943,3,30,0.09090909090909091
SHORT_6_004,6.0,SHORT,2024-01-15T15:09:00.000000000Z,london,monday,3.60000000000138,0.8999999999992347,0.8100000000001994,0.5250000000006638,0.11111111111098927,4,29,0.12121212121212122
SHORT_6_004,6.0,SHORT,2024-01-15T15:10:00.000000000Z,london,monday,3.60000000000138,-0.700000000000145,0.8100000000004215,0.7000000000007001,0.08641975308639267,5,28,0.15151515151515152
SHORT_6_004,6.0,SHORT,2024-01-15T15:11:00.000000000Z,london,monday,3.60000000000138,-0.40000000000040004,0.780000000000447,0.900000000000345,0.05128205128207318,6,27,0.18181818181818182
SHORT_6_004,6.0,SHORT,2024-01-15T15:12:00.000000000Z,london,monday,6.200000000000649,-2.5999999999992696,1.000000000000334,1.3249999999997986,0.25999999999984014,7,26,0.21212121212121213
SHORT_6_004,6.0,SHORT,2024-01-15T15:13:00.000000000Z,london,monday,6.200000000000649,-1.4999999999987246,1.1100000000003885,1.7250000000001986,0.13513513513497294,8,25,0.24242424242424243
SHORT_6_004,6.0,SHORT,2024-01-15T15:14:00.000000000Z,london,monday,6.200000000000649,-2.6999999999999247,0.9900000000002684,1.5499999999996072,0.27272727272719116,9,24,0.2727272727272727
SHORT_6_004,6.0,SHORT,2024-01-15T15:15:00.000000000Z,london,monday,6.200000000000649,-2.6999999999999247,0.9900000000002684,1.3249999999997986,0.27272727272719116,10,23,0.30303030303030304
SHORT_6_004,6.0,SHORT,2024-01-15T15:16:00.000000000Z,london,monday,6.200000000000649,-2.0999999999982144,1.0300000000003084,0.800000000000245,0.20388349514539666,11,22,0.3333333333333333
SHORT_6_004,6.0,SHORT,2024-01-15T15:17:00.000000000Z,london,monday,6.200000000000649,-4.00000000000178,1.040000000000374,0.6000000000006,0.38461538461541744,12,21,0.36363636363636365
SHORT_6_004,6.0,SHORT,2024-01-15T15:18:00.000000000Z,london,monday,5.299999999999194,-3.2999999999994145,0.9700000000001374,0.6250000000007638,0.34020618556690174,13,20,0.3939393939393939
SHORT_6_004,6.0,SHORT,2024-01-15T15:19:00.000000000Z,london,monday,5.1000000000001044,-3.1000000000003247,0.9500000000002284,0.4250000000005638,0.32631578947363993,14,19,0.42424242424242425
SHORT_6_004,6.0,SHORT,2024-01-15T15:20:00.000000000Z,london,monday,4.299999999999304,-2.5999999999992696,0.9000000000001229,0.37500000000023626,0.2888888888887683,15,18,0.45454545454545453
SHORT_6_004,6.0,SHORT,2024-01-15T15:21:00.000000000Z,london,monday,3.20000000000098,-0.7999999999985796,0.740000000000185,0.14999999999987246,0.10810810810788915,16,17,0.48484848484848486
SHORT_6_004,6.0,SHORT,2024-01-15T15:22:00.000000000Z,london,monday,3.9999999999995595,3.9999999999995595,0.700000000000145,0.6499999999998174,0.5714285714283902,17,16,0.5151515151515151
SHORT_6_004,6.0,SHORT,2024-01-15T15:23:00.000000000Z,london,monday,2.2999999999995246,0.3999999999981796,0.700000000000145,1.0999999999999899,0.057142857142585254,18,15,0.5454545454545454
SHORT_6_004,6.0,SHORT,2024-01-15T15:24:00.000000000Z,london,monday,2.500000000000835,2.300000000001745,0.8900000000005015,1.5250000000005537,0.2584269662921853,19,14,0.5757575757575758
SHORT_6_004,6.0,SHORT,2024-01-15T15:25:00.000000000Z,london,monday,5.1000000000001044,4.100000000000215,1.0700000000003485,2.1500000000002073,0.38317757009335324,20,13,0.6060606060606061
SHORT_6_004,6.0,SHORT,2024-01-15T15:26:00.000000000Z,london,monday,5.699999999999594,4.199999999998649,1.080000000000192,1.7500000000003624,0.3888888888886947,21,12,0.6363636363636364
SHORT_6_004,6.0,SHORT,2024-01-15T15:27:00.000000000Z,london,monday,5.699999999999594,3.4000000000000696,1.1600000000000499,1.7500000000003624,0.2931034482758555,22,11,0.6666666666666666
SHORT_6_004,6.0,SHORT,2024-01-15T15:28:00.000000000Z,london,monday,5.699999999999594,3.20000000000098,1.1799999999999589,1.3499999999994072,0.2711864406780586,23,10,0.696969696969697
SHORT_6_004,6.0,SHORT,2024-01-15T15:29:00.000000000Z,london,monday,5.699999999999594,4.100000000000215,1.2699999999998823,0.9249999999993985,0.32283464566933817,24,9,0.7272727272727273
SHORT_6_004,6.0,SHORT,2024-01-15T15:30:00.000000000Z,london,monday,5.699999999999594,2.100000000000435,1.4699999999998603,1.3499999999994072,0.142857142857186,25,8,0.7575757575757576
SHORT_6_004,6.0,SHORT,2024-01-15T15:31:00.000000000Z,london,monday,5.599999999998939,1.40000000000029,1.5199999999997438,1.0499999999991072,0.09210526315792933,26,7,0.7878787878787878
SHORT_6_004,6.0,SHORT,2024-01-15T15:32:00.000000000Z,london,monday,5.20000000000076,-0.9999999999998899,1.3199999999999878,0.9999999999998899,0.07575757575756811,27,6,0.8181818181818182
SHORT_6_004,6.0,SHORT,2024-01-15T15:33:00.000000000Z,london,monday,5.20000000000076,0.30000000000196536,1.1899999999998023,0.8999999999997899,0.02521008403378279,28,5,0.8484848484848485
SHORT_6_004,6.0,SHORT,2024-01-15T15:34:00.000000000Z,london,monday,5.20000000000076,-2.000000000002,1.0199999999997988,0.40000000000040004,0.19607843137278377,29,4,0.8787878787878788
SHORT_6_004,6.0,SHORT,2024-01-15T15:35:00.000000000Z,london,monday,5.699999999999594,-5.1000000000001044,0.8099999999997554,0.37500000000023626,0.6296296296298327,30,3,0.9090909090909091
SHORT_6_004,6.0,SHORT,2024-01-15T15:36:00.000000000Z,london,monday,6.599999999998829,-6.599999999998829,0.8399999999997299,0.5499999999997174,0.785714285714399,31,2,0.9393939393939394
SHORT_6_004,6.0,SHORT,2024-01-15T15:37:00.000000000Z,london,monday,6.6000000000010495,-6.099999999999994,0.7899999999998464,0.7500000000004725,0.7721518987343267,32,1,0.9696969696969697
SHORT_6_004,6.0,SHORT,2024-01-15T15:38:00.000000000Z,london,monday,6.900000000000794,-6.00000000000156,0.7800000000000029,0.7499999999999174,0.7692307692309663,33,0,1.0
LONG_7_001,7.0,LONG,2024-01-15T10:04:00.000000000Z,london,monday,7.500000000000284,-5.5000000000005045,1.1100000000001664,0.900000000000345,0.4954954954954667,0,157,0.0
LONG_7_001,7.0,LONG,2024-01-15T10:05:00.000000000Z,london,monday,7.500000000000284,-6.999999999999229,0.960000000000294,1.0250000000006088,0.7291666666663631,1,156,0.006369426751592357
LONG_7_001,7.0,LONG,2024-01-15T10:06:00.000000000Z,london,monday,7.300000000001194,-6.099999999999994,1.0100000000003995,0.9250000000005087,0.6039603960393646,2,155,0.012738853503184714
LONG_7_001,7.0,LONG,2024-01-15T10:07:00.000000000Z,london,monday,6.300000000001305,-5.300000000001415,0.9300000000005415,0.7250000000008638,0.5698924731180999,3,154,0.01910828025477707
LONG_7_001,7.0,LONG,2024-01-15T10:08:00.000000000Z,london,monday,6.300000000001305,-4.60000000000127,0.860000000000527,0.37500000000079137,0.5348837209300524,4,153,0.025477707006369428
LONG_7_001,7.0,LONG,2024-01-15T10:09:00.000000000Z,london,monday,7.4000000000018495,-7.4000000000018495,0.980000000000425,0.7500000000004725,0.7551020408161878,5,152,0.03184713375796178
LONG_7_001,7.0,LONG,2024-01-15T10:10:00.000000000Z,london,monday,5.700000000001815,-5.700000000001815,0.8100000000004215,0.8250000000004087,0.7037037037035616,6,151,0.03821656050955414
LONG_7_001,7.0,LONG,2024-01-15T10:11:00.000000000Z,london,monday,5.700000000001815,-4.900000000001015,0.8900000000005015,0.9750000000002812,0.5505617977526127,7,150,0.044585987261146494
LONG_7_001,7.0,LONG,2024-01-15T10:12:00.000000000Z,london,monday,5.20000000000076,-5.20000000000076,0.920000000000476,1.30000000000019,0.565217391304138,8,149,0.050955414012738856
LONG_7_001,7.0,LONG,2024-01-15T10:13:00.000000000Z,london,monday,4.20000000000087,-3.9999999999995595,0.840000000000618,0.8500000000005725,0.4761904761900734,9,148,0.05732484076433121
LONG_7_001,7.0,LONG,2024-01-15T10:14:00.000000000Z,london,monday,3.900000000001125,-1.80000000000069,0.760000000000316,0.7750000000000812,0.2368421052631502,10,147,0.06369426751592357
LONG_7_001,7.0,LONG,2024-01-15T10:15:00.000000000Z,london,monday,4.500000000000615,-3.8000000000004697,0.8600000000000829,0.9499999999995623,0.44186046511629107,11,146,0.07006369426751592
LONG_7_001,7.0,LONG,2024-01-15T10:16:00.000000000Z,london,monday,4.700000000001925,-4.700000000001925,0.8100000000001994,0.6499999999998174,0.5802469135803416,12,145,0.07643312101910828
LONG_7_001,7.0,LONG,2024-01-15T10:17:00.000000000Z,london,monday,5.699999999999594,-5.699999999999594,0.9099999999999664,0.8999999999992347,0.6263736263736049,13,144,0.08280254777070063
LONG_7_001,7.0,LONG,2024-01-15T10:18:00.000000000Z,london,monday,7.299999999998974,-7.299999999998974,1.0699999999999044,1.1499999999997623,0.6822429906541707,14,143,0.08917197452229299
LONG_7_001,7.0,LONG,2024-01-15T10:19:00.000000000Z,london,monday,5.299999999999194,-4.3999999999999595,0.9599999999998499,0.9999999999998899,0.4583333333334008,15,142,0.09554140127388536
LONG_7_001,7.0,LONG,2024-01-15T10:20:00.000000000Z,london,monday,5.1000000000001044,-4.199999999998649,0.9399999999997188,1.1499999999992072,0.4468085106382878,16,141,0.10191082802547771
LONG_7_001,7.0,LONG,2024-01-15T10:21:00.000000000Z,london,monday,5.1000000000001044,-4.599999999999049,0.8999999999996788,0.9499999999995623,0.5111111111111879,17,140,0.10828025477707007
LONG_7_001,7.0,LONG,2024-01-15T10:22:00.000000000Z,london,monday,4.899999999998794,-3.9999999999995595,0.8399999999997299,0.7249999999997536,0.4761904761905769,18,139,0.11464968152866242
LONG_7_001,7.0,LONG,2024-01-15T10:23:00.000000000Z,london,monday,4.899999999998794,-3.8000000000004697,0.8599999999996388,0.6000000000000449,0.4418604651165193,19,138,0.12101910828025478
LONG_7_001,7.0,LONG,2024-01-15T10:24:00.000000000Z,london,monday,4.899999999998794,-3.9999999999995595,0.8399999999997299,0.5250000000001087,0.4761904761905769,20,137,0.12738853503184713
LONG_7_001,7.0,LONG,2024-01-15T10:25:00.000000000Z,london,monday,3.4000000000000696,-1.500000000000945,0.7899999999998464,0.6749999999999812,0.18987341772167554,21,136,0.1337579617834395
LONG_7_001,7.0,LONG,2024-01-15T10:26:00.000000000Z,london,monday,3.1999999999987594,-1.7999999999984695,0.8199999999995988,0.5999999999994898,0.21951219512187198,22,135,0.14012738853503184
LONG_7_001,7.0,LONG,2024-01-15T10:27:00.000000000Z,london,monday,1.9999999999997797,-0.5000000000010552,0.7099999999995443,0.5249999999989985,0.07042253521146141,23,134,0.1464968152866242
LONG_7_001,7.0,LONG,2024-01-15T10:28:00.000000000Z,london,monday,2.4000000000001798,2.100000000000435,0.6299999999996864,0.6249999999996536,0.3333333333335683,24,133,0.15286624203821655
LONG_7_001,7.0,LONG,2024-01-15T10:29:00.000000000Z,london,monday,2.4000000000001798,0.5000000000010552,0.6099999999997774,0.5499999999997174,0.08196721311495699,25,132,0.1592356687898089
LONG_7_001,7.0,LONG,2024-01-15T10:30:00.000000000Z,london,monday,4.599999999999049,4.199999999998649,0.8199999999998209,1.1499999999997623,0.5121951219511667,26,131,0.16560509554140126
LONG_7_001,7.0,LONG,2024-01-15T10:31:00.000000000Z,london,monday,4.599999999999049,2.5999999999992696,0.8999999999996788,1.4249999999998986,0.28888888888891084,27,130,0.17197452229299362
LONG_7_001,7.0,LONG,2024-01-15T10:32:00.000000000Z,london,monday,4.599999999999049,3.4000000000000696,0.8199999999995988,1.1999999999995348,0.4146341463416748,28,129,0.17834394904458598
LONG_7_001,7.0,LONG,2024-01-15T10:33:00.000000000Z,london,monday,4.199999999998649,3.5999999999991594,0.8399999999995078,1.174999999999371,0.42857142857157965,29,128,0.18471337579617833
LONG_7_001,7.0,LONG,2024-01-15T10:34:00.000000000Z,london,monday,3.6999999999998145,1.500000000000945,0.9499999999995623,0.8499999999994623,0.15789473684227748,30,127,0.1910828025477707
LONG_7_001,7.0,LONG,2024-01-15T10:35:00.000000000Z,london,monday,3.1999999999987594,-0.2999999999997449,0.9299999999996533,0.7499999999999174,0.03225806451611363,31,126,0.19745222929936307
LONG_7_001,7.0,LONG,2024-01-15T10:36:00.000000000Z,london,monday,3.1999999999987594,0.1999999999990898,0.8799999999997699,0.7499999999999174,0.02272727272717524,32,125,0.20382165605095542
LONG_7_001,7.0,LONG,2024-01-15T10:37:00.000000000Z,london,monday,3.1000000000003247,0.9000000000014552,0.9500000000000064,0.800000000000245,0.09473684210541569,33,124,0.21019108280254778
LONG_7_001,7.0,LONG,2024-01-15T10:38:00.000000000Z,london,monday,2.9999999999996696,0.0,0.8599999999998609,0.40000000000040004,0.0,34,123,0.21656050955414013
LONG_7_001,7.0,LONG,2024-01-15T10:39:00.000000000Z,london,monday,2.9999999999996696,1.7000000000000348,0.8899999999998354,0.4500000000001725,0.19101123595509542,35,122,0.2229299363057325
LONG_7_001,7.0,LONG,2024-01-15T10:40:00.000000000Z,london,monday,2.9999999999996696,-1.7000000000000348,0.6500000000000394,0.5750000000004363,0.261538461538451,36,121,0.22929936305732485
LONG_7_001,7.0,LONG,2024-01-15T10:41:00.000000000Z,london,monday,2.4000000000001798,-0.5999999999994898,0.5399999999999849,0.3999999999998449,0.11111111111101973,37,120,0.2356687898089172
LONG_7_001,7.0,LONG,2024-01-15T10:42:00.000000000Z,london,monday,2.4000000000001798,-0.20000000000131024,0.5799999999998029,0.4999999999993898,0.03448275862092728,38,119,0.24203821656050956
LONG_7_001,7.0,LONG,2024-01-15T10:43:00.000000000Z,london,monday,2.4000000000001798,-1.9999999999997797,0.6399999999997519,0.5499999999991623,0.31250000000008676,39,118,0.2484076433121019
LONG_7_001,7.0,LONG,2024-01-15T10:44:00.000000000Z,london,monday,1.80000000000069,0.10000000000065512,0.5299999999999194,0.5499999999991623,0.01886792452842836,40,117,0.25477707006369427
LONG_7_001,7.0,LONG,2024-01-15T10:45:00.000000000Z,london,monday,1.80000000000069,0.9000000000014552,0.4499999999998394,0.5249999999995536,0.20000000000039475,41,116,0.2611464968152866
LONG_7_001,7.0,LONG,2024-01-15T10:46:00.000000000Z,london,monday,1.900000000001345,-0.10000000000065512,0.5500000000000504,0.6750000000005363,0.018181818181935625,42,115,0.267515923566879
LONG_7_001,7.0,LONG,2024-01-15T10:47:00.000000000Z,london,monday,1.900000000001345,-0.9000000000014552,0.46999999999997044,0.37500000000079137,0.19148936170244932,43,114,0.27388535031847133
LONG_7_001,7.0,LONG,2024-01-15T10:48:00.000000000Z,london,monday,1.900000000001345,-0.5999999999994898,0.500000000000167,0.3250000000010189,0.11999999999985789,44,113,0.2802547770700637
LONG_7_001,7.0,LONG,2024-01-15T10:49:00.000000000Z,london,monday,1.900000000001345,-0.8999999999992347,0.4700000000001925,0.5000000000010552,0.1914893617018864,45,112,0.28662420382165604
LONG_7_001,7.0,LONG,2024-01-15T10:50:00.000000000Z,london,monday,1.900000000001345,0.5000000000010552,0.5100000000000104,0.47500000000033626,0.0980392156864794,46,111,0.2929936305732484
LONG_7_001,7.0,LONG,2024-01-15T10:51:00.000000000Z,london,monday,4.00000000000178,2.6999999999999247,0.7100000000002105,1.000000000000445,0.3802816901407217,47,110,0.29936305732484075
LONG_7_001,7.0,LONG,2024-01-15T10:52:00.000000000Z,london,monday,4.00000000000178,1.40000000000029,0.760000000000538,1.1500000000003174,0.1842105263156972,48,109,0.3057324840764331
LONG_7_001,7.0,LONG,2024-01-15T10:53:00.000000000Z,london,monday,4.00000000000178,2.80000000000058,0.6600000000007711,1.0250000000006088,0.42424242424201647,49,108,0.31210191082802546
LONG_7_001,7.0,LONG,2024-01-15T10:54:00.000000000Z,london,monday,4.00000000000178,2.3999999999979593,0.620000000000509,0.8250000000004087,0.38709677419290145,50,107,0.3184713375796178
LONG_7_001,7.0,LONG,2024-01-15T10:55:00.000000000Z,london,monday,4.40000000000218,3.4000000000000696,0.7200000000007201,0.5500000000008276,0.47222222222175964,51,106,0.3248407643312102
LONG_7_001,7.0,LONG,2024-01-15T10:56:00.000000000Z,london,monday,5.800000000000249,5.800000000000249,0.760000000000316,0.6749999999999812,0.7631578947365576,52,105,0.33121019108280253
LONG_7_001,7.0,LONG,2024-01-15T10:57:00.000000000Z,london,monday,5.9000000000009045,5.9000000000009045,0.7700000000003815,0.6499999999998174,0.766233766233504,53,104,0.3375796178343949
LONG_7_001,7.0,LONG,2024-01-15T10:58:00.000000000Z,london,monday,5.599999999998939,5.599999999998939,0.740000000000185,0.6250000000002087,0.7567567567564243,54,103,0.34394904458598724
LONG_7_001,7.0,LONG,2024-01-15T10:59:00.000000000Z,london,monday,4.899999999998794,3.8999999999989043,0.7700000000001594,0.6249999999996536,0.5064935064932593,55,102,0.3503184713375796
LONG_7_001,7.0,LONG,2024-01-15T11:00:00.000000000Z,london,monday,4.199999999998649,4.199999999998649,0.8000000000001339,0.5749999999998812,0.5249999999997432,56,101,0.35668789808917195
LONG_7_001,7.0,LONG,2024-01-15T11:01:00.000000000Z,london,monday,3.4000000000000696,2.4999999999986144,0.6300000000001305,0.6499999999998174,0.3968253968250947,57,100,0.3630573248407643
LONG_7_001,7.0,LONG,2024-01-15T11:02:00.000000000Z,london,monday,3.4000000000000696,2.900000000001235,0.5899999999998684,0.7749999999995261,0.4915254237291325,58,99,0.36942675159235666
LONG_7_001,7.0,LONG,2024-01-15T11:03:00.000000000Z,london,monday,3.1999999999987594,3.1999999999987594,0.6199999999996209,0.6499999999992623,0.5161290322581801,59,98,0.37579617834394907
LONG_7_001,7.0,LONG,2024-01-15T11:04:00.000000000Z,london,monday,3.300000000001635,3.300000000001635,0.6299999999999084,0.3999999999998449,0.5238095238098595,60,97,0.3821656050955414
LONG_7_001,7.0,LONG,2024-01-15T11:05:00.000000000Z,london,monday,2.2999999999995246,1.4999999999987246,0.6099999999997774,0.49999999999994493,0.24590163934414294,61,96,0.3885350318471338
LONG_7_001,7.0,LONG,2024-01-15T11:06:00.000000000Z,london,monday,1.80000000000069,-0.09999999999843467,0.4899999999998794,0.4250000000000087,0.020408163264991692,62,95,0.39490445859872614
LONG_7_001,7.0,LONG,2024-01-15T11:07:00.000000000Z,london,monday,1.80000000000069,-0.1999999999990898,0.4799999999998139,0.3000000000003,0.04166666666649319,63,94,0.4012738853503185
LONG_7_001,7.0,LONG,2024-01-15T11:08:00.000000000Z,london,monday,1.80000000000069,0.8000000000008001,0.5799999999998029,0.49999999999994493,0.13793103448294344,64,93,0.40764331210191085
LONG_7_001,7.0,LONG,2024-01-15T11:09:00.000000000Z,london,monday,1.80000000000069,1.40000000000029,0.5199999999998539,0.3999999999998449,0.2692307692309006,65,92,0.4140127388535032
LONG_7_001,7.0,LONG,2024-01-15T11:10:00.000000000Z,london,monday,0.9999999999998899,0.30000000000196536,0.41000000000002146,0.37500000000023626,0.0731707317077926,66,91,0.42038216560509556
LONG_7_001,7.0,LONG,2024-01-15T11:11:00.000000000Z,london,monday,0.9999999999998899,-0.7999999999985796,0.43999999999999595,0.5500000000002725,0.1818181818178607,67,90,0.4267515923566879
LONG_7_001,7.0,LONG,2024-01-15T11:12:00.000000000Z,london,monday,0.9999999999998899,0.2999999999997449,0.45000000000006146,0.4500000000001725,0.06666666666660087,68,89,0.43312101910828027
LONG_7_001,7.0,LONG,2024-01-15T11:13:00.000000000Z,london,monday,1.40000000000029,0.6000000000017103,0.480000000000258,0.5500000000002725,0.12500000000028913,69,88,0.4394904458598726
LONG_7_001,7.0,LONG,2024-01-15T11:14:00.000000000Z,london,monday,1.5999999999993797,0.5999999999994898,0.48000000000003595,0.5749999999998812,0.12499999999988436,70,87,0.445859872611465
LONG_7_001,7.0,LONG,2024-01-15T11:15:00.000000000Z,london,monday,1.5999999999993797,0.8999999999992347,0.45000000000006146,0.5250000000001087,0.1999999999998026,71,86,0.45222929936305734
LONG_7_001,7.0,LONG,2024-01-15T11:16:00.000000000Z,london,monday,1.5999999999993797,1.5999999999993797,0.480000000000258,0.5000000000005,0.33333333333302495,72,85,0.4585987261146497
LONG_7_001,7.0,LONG,2024-01-15T11:17:00.000000000Z,london,monday,1.5999999999993797,1.5999999999993797,0.480000000000258,0.3000000000003,0.33333333333302495,73,84,0.46496815286624205
LONG_7_001,7.0,LONG,2024-01-15T11:18:00.000000000Z,london,monday,1.7999999999984695,0.7999999999985796,0.400000000000178,0.3000000000003,0.19999999999955592,74,83,0.4713375796178344
LONG_7_001,7.0,LONG,2024-01-15T11:19:00.000000000Z,london,monday,1.7999999999984695,-0.2999999999997449,0.5100000000000104,0.5499999999997174,0.05882352941171348,75,82,0.47770700636942676
LONG_7_001,7.0,LONG,2024-01-15T11:20:00.000000000Z,london,monday,1.7999999999984695,0.0,0.5399999999999849,0.5249999999995536,0.0,76,81,0.4840764331210191
LONG_7_001,7.0,LONG,2024-01-15T11:21:00.000000000Z,london,monday,1.7999999999984695,0.9999999999998899,0.49999999999994493,0.5999999999994898,0.2,77,80,0.49044585987261147
LONG_7_001,7.0,LONG,2024-01-15T11:22:00.000000000Z,london,monday,1.4999999999987246,-0.20000000000131024,0.500000000000167,0.700000000000145,0.04000000000024869,78,79,0.4968152866242038
LONG_7_001,7.0,LONG,2024-01-15T11:23:00.000000000Z,london,monday,1.8999999999991246,0.7999999999985796,0.600000000000156,0.7750000000006363,0.13333333333306194,79,78,0.5031847133757962
LONG_7_001,7.0,LONG,2024-01-15T11:24:00.000000000Z,london,monday,1.8999999999991246,0.40000000000040004,0.600000000000156,0.7250000000003087,0.06666666666671602,80,77,0.5095541401273885
LONG_7_001,7.0,LONG,2024-01-15T11:25:00.000000000Z,london,monday,3.1000000000003247,2.300000000001745,0.6900000000000794,1.000000000000445,0.33333333333354787,81,76,0.5159235668789809
LONG_7_001,7.0,LONG,2024-01-15T11:26:00.000000000Z,london,monday,3.2999999999994145,1.9999999999997797,0.6599999999998829,0.8999999999997899,0.3030303030303234,82,75,0.5222929936305732
LONG_7_001,7.0,LONG,2024-01-15T11:27:00.000000000Z,london,monday,3.5999999999991594,2.2999999999995246,0.6899999999998574,0.5249999999995536,0.3333333333333333,83,74,0.5286624203821656
LONG_7_001,7.0,LONG,2024-01-15T11:28:00.000000000Z,london,monday,3.5999999999991594,1.900000000001345,0.6899999999998574,0.5249999999995536,0.27536231884083157,84,73,0.535031847133758
LONG_7_001,7.0,LONG,2024-01-15T11:29:00.000000000Z,london,monday,5.1000000000001044,5.1000000000001044,0.7099999999999884,0.5999999999994898,0.718309859154956,85,72,0.5414012738853503
LONG_7_001,7.0,LONG,2024-01-15T11:30:00.000000000Z,london,monday,5.00000000000167,4.100000000000215,0.7299999999998974,0.6999999999995898,0.5616438356165467,86,71,0.5477707006369427
LONG_7_001,7.0,LONG,2024-01-15T11:31:00.000000000Z,london,monday,5.20000000000076,4.599999999999049,0.7799999999997809,0.8249999999992985,0.5897435897436335,87,70,0.554140127388535
LONG_7_001,7.0,LONG,2024-01-15T11:32:00.000000000Z,london,monday,5.40000000000207,5.40000000000207,0.7399999999997409,0.8249999999998536,0.729729729730265,88,69,0.5605095541401274
LONG_7_001,7.0,LONG,2024-01-15T11:33:00.000000000Z,london,monday,3.8000000000004697,2.60000000000149,0.6599999999996609,0.6499999999998174,0.39393939393982214,89,68,0.5668789808917197
LONG_7_001,7.0,LONG,2024-01-15T11:34:00.000000000Z,london,monday,3.8000000000004697,1.100000000000545,0.8099999999997554,0.9249999999999536,0.13580246913591076,90,67,0.5732484076433121
LONG_7_001,7.0,LONG,2024-01-15T11:35:00.000000000Z,london,monday,2.6999999999999247,-0.20000000000131024,0.6799999999995698,0.7499999999999174,0.029411764706093642,91,66,0.5796178343949044
LONG_7_001,7.0,LONG,2024-01-15T11:36:00.000000000Z,london,monday,2.6999999999999247,1.5999999999993797,0.8599999999996388,1.1999999999995348,0.18604651162791297,92,65,0.5859872611464968
LONG_7_001,7.0,LONG,2024-01-15T11:37:00.000000000Z,london,monday,2.6999999999999247,1.900000000001345,0.8899999999998354,1.0999999999999899,0.21348314606760635,93,64,0.5923566878980892
LONG_7_001,7.0,LONG,2024-01-15T11:38:00.000000000Z,london,monday,3.9999999999995595,3.4000000000000696,0.9999999999998899,0.9999999999998899,0.34000000000004443,94,63,0.5987261146496815
LONG_7_001,7.0,LONG,2024-01-15T11:39:00.000000000Z,london,monday,3.9999999999995595,1.5999999999993797,0.8399999999999519,1.000000000000445,0.19047619047612754,95,62,0.6050955414012739
LONG_7_001,7.0,LONG,2024-01-15T11:40:00.000000000Z,london,monday,4.799999999998139,3.0999999999981043,0.8699999999999264,0.7250000000003087,0.35632183908027204,96,61,0.6114649681528662
LONG_7_001,7.0,LONG,2024-01-15T11:41:00.000000000Z,london,monday,4.799999999998139,-0.5999999999994898,1.0799999999999699,1.2999999999996348,0.05555555555550987,97,60,0.6178343949044586
LONG_7_001,7.0,LONG,2024-01-15T11:42:00.000000000Z,london,monday,4.799999999998139,-0.700000000000145,1.0699999999999044,0.9999999999998899,0.06542056074768295,98,59,0.6242038216560509
LONG_7_001,7.0,LONG,2024-01-15T11:43:00.000000000Z,london,monday,4.799999999998139,0.7999999999985796,1.0199999999997988,1.0999999999994348,0.07843137254889582,99,58,0.6305732484076433
LONG_7_001,7.0,LONG,2024-01-15T11:44:00.000000000Z,london,monday,4.799999999998139,2.2999999999995246,0.8699999999997043,0.9249999999993985,0.2643678160919892,100,57,0.6369426751592356
LONG_7_001,7.0,LONG,2024-01-15T11:45:00.000000000Z,london,monday,4.699999999999704,0.20000000000131024,1.0599999999998388,0.6999999999995898,0.01886792452842836,101,56,0.643312101910828
LONG_7_001,7.0,LONG,2024-01-15T11:46:00.000000000Z,london,monday,5.499999999998284,-2.7999999999983594,0.9599999999998499,0.9249999999993985,0.2916666666665414,102,55,0.6496815286624203
LONG_7_001,7.0,LONG,2024-01-15T11:47:00.000000000Z,london,monday,5.499999999998284,-0.8000000000008001,1.1599999999996058,1.4499999999995072,0.06896551724147172,103,54,0.6560509554140127
LONG_7_001,7.0,LONG,2024-01-15T11:48:00.000000000Z,london,monday,5.499999999998284,-1.9999999999997797,1.0399999999997078,1.4249999999998986,0.19230769230772515,104,53,0.6624203821656051
LONG_7_001,7.0,LONG,2024-01-15T11:49:00.000000000Z,london,monday,5.499999999998284,-3.4000000000000696,1.1799999999997368,1.30000000000019,0.28813559322040916,105,52,0.6687898089171974
LONG_7_001,7.0,LONG,2024-01-15T11:50:00.000000000Z,london,monday,5.499999999998284,-4.299999999999304,1.0899999999998133,1.0500000000002174,0.39449541284404044,106,51,0.6751592356687898
LONG_7_001,7.0,LONG,2024-01-15T11:51:00.000000000Z,london,monday,3.1999999999987594,-1.500000000000945,0.8099999999999774,0.4250000000005638,0.18518518518530702,107,50,0.6815286624203821
LONG_7_001,7.0,LONG,2024-01-15T11:52:00.000000000Z,london,monday,4.599999999999049,-4.100000000000215,1.0499999999997733,1.0250000000000536,0.3904761904762952,108,49,0.6878980891719745
LONG_7_001,7.0,LONG,2024-01-15T11:53:00.000000000Z,london,monday,4.599999999999049,-3.9999999999995595,1.0599999999998388,0.7999999999996898,0.37735849056605353,109,48,0.6942675159235668
LONG_7_001,7.0,LONG,2024-01-15T11:54:00.000000000Z,london,monday,4.3999999999999595,-3.60000000000138,1.0599999999998388,0.8499999999994623,0.3396226415096158,110,47,0.7006369426751592
LONG_7_001,7.0,LONG,2024-01-15T11:55:00.000000000Z,london,monday,4.100000000000215,-1.3000000000018552,0.8899999999998354,0.8999999999992347,0.14606741573057255,111,46,0.7070063694267515
LONG_7_001,7.0,LONG,2024-01-15T11:56:00.000000000Z,london,monday,4.100000000000215,1.1999999999989797,0.9399999999999409,0.6499999999998174,0.1276595744679846,112,45,0.7133757961783439
LONG_7_001,7.0,LONG,2024-01-15T11:57:00.000000000Z,london,monday,4.299999999999304,0.2999999999997449,0.8500000000000174,0.9249999999999536,0.03529411764702809,113,44,0.7197452229299363
LONG_7_001,7.0,LONG,2024-01-15T11:58:00.000000000Z,london,monday,4.8000000000003595,0.700000000000145,0.8900000000000574,1.000000000000445,0.07865168539326964,114,43,0.7261146496815286
LONG_7_001,7.0,LONG,2024-01-15T11:59:00.000000000Z,london,monday,4.8000000000003595,0.8000000000008001,0.8799999999999919,1.2750000000005812,0.09090909090918266,115,42,0.732484076433121
LONG_7_001,7.0,LONG,2024-01-15T12:00:00.000000000Z,london,monday,4.8000000000003595,0.5000000000010552,0.9099999999999664,0.9750000000002812,0.054945054945172926,116,41,0.7388535031847133
LONG_7_001,7.0,LONG,2024-01-15T12:01:00.000000000Z,london,monday,4.8000000000003595,0.2999999999997449,0.9300000000000974,0.6250000000007638,0.03225806451609822,117,40,0.7452229299363057
LONG_7_001,7.0,LONG,2024-01-15T12:02:00.000000000Z,london,monday,4.8000000000003595,2.9999999999996696,0.700000000000367,0.5500000000008276,0.42857142857115665,118,39,0.7515923566878981
LONG_7_001,7.0,LONG,2024-01-15T12:03:00.000000000Z,london,monday,4.20000000000087,2.1999999999988695,0.660000000000549,0.2500000000010827,0.3333333333328848,119,38,0.7579617834394905
LONG_7_001,7.0,LONG,2024-01-15T12:04:00.000000000Z,london,monday,5.5000000000005045,5.5000000000005045,0.9900000000007125,1.0500000000013276,0.5555555555552066,120,37,0.7643312101910829
LONG_7_001,7.0,LONG,2024-01-15T12:05:00.000000000Z,london,monday,6.700000000001705,6.700000000001705,1.1100000000008325,1.3500000000010726,0.6036036036033045,121,36,0.7707006369426752
LONG_7_001,7.0,LONG,2024-01-15T12:06:00.000000000Z,london,monday,5.20000000000076,4.900000000001015,0.9900000000007125,1.3750000000006812,0.49494949494924123,122,35,0.7770700636942676
LONG_7_001,7.0,LONG,2024-01-15T12:07:00.000000000Z,london,monday,5.00000000000167,2.6999999999999247,0.8700000000008146,1.4500000000006175,0.31034482758590765,123,34,0.7834394904458599
LONG_7_001,7.0,LONG,2024-01-15T12:08:00.000000000Z,london,monday,5.00000000000167,2.5999999999992696,0.860000000000749,0.6750000000005363,0.3023255813950006,124,33,0.7898089171974523
LONG_7_001,7.0,LONG,2024-01-15T12:09:00.000000000Z,london,monday,6.500000000000394,5.899999999998684,0.9100000000006325,0.7750000000000812,0.6483516483510531,125,32,0.7961783439490446
LONG_7_001,7.0,LONG,2024-01-15T12:10:00.000000000Z,london,monday,6.800000000000139,6.499999999998174,0.9100000000006325,0.7750000000000812,0.7142857142850171,126,31,0.802547770700637
LONG_7_001,7.0,LONG,2024-01-15T12:11:00.000000000Z,london,monday,7.200000000000539,7.200000000000539,0.920000000000476,0.7499999999999174,0.7826086956518277,127,30,0.8089171974522293
LONG_7_001,7.0,LONG,2024-01-15T12:12:00.000000000Z,london,monday,7.900000000000684,7.699999999999374,0.9700000000003595,0.8249999999998536,0.793814432989332,128,29,0.8152866242038217
LONG_7_001,7.0,LONG,2024-01-15T12:13:00.000000000Z,london,monday,9.40000000000163,9.40000000000163,1.100000000000323,0.7250000000003087,0.8545454545453518,129,28,0.821656050955414
LONG_7_001,7.0,LONG,2024-01-15T12:14:00.000000000Z,london,monday,6.500000000000394,6.500000000000394,0.8100000000001994,0.800000000000245,0.8024691358023203,130,27,0.8280254777070064
LONG_7_001,7.0,LONG,2024-01-15T12:15:00.000000000Z,london,monday,5.800000000000249,4.999999999999449,0.660000000000105,0.700000000000145,0.7575757575755537,131,26,0.8343949044585988
LONG_7_001,7.0,LONG,2024-01-15T12:16:00.000000000Z,london,monday,5.800000000000249,5.199999999998539,0.640000000000196,0.5500000000002725,0.8124999999995229,132,25,0.8407643312101911
LONG_7_001,7.0,LONG,2024-01-15T12:17:00.000000000Z,london,monday,6.999999999999229,6.999999999999229,0.7200000000000539,0.49999999999994493,0.9722222222220424,133,24,0.8471337579617835
LONG_7_001,7.0,LONG,2024-01-15T12:18:00.000000000Z,london,monday,7.200000000000539,7.200000000000539,0.740000000000185,0.5000000000005,0.9729729729728027,134,23,0.8535031847133758
LONG_7_001,7.0,LONG,2024-01-15T12:19:00.000000000Z,london,monday,5.300000000001415,2.9999999999996696,0.780000000000447,1.0750000000009363,0.38461538461512185,135,22,0.8598726114649682
LONG_7_001,7.0,LONG,2024-01-15T12:20:00.000000000Z,london,monday,5.00000000000167,2.80000000000058,0.760000000000538,1.0750000000009363,0.3684210526313944,136,21,0.8662420382165605
LONG_7_001,7.0,LONG,2024-01-15T12:21:00.000000000Z,london,monday,4.60000000000127,2.9999999999996696,0.780000000000447,0.9000000000009001,0.38461538461512185,137,20,0.8726114649681529
LONG_7_001,7.0,LONG,2024-01-15T12:22:00.000000000Z,london,monday,3.900000000001125,1.2999999999996348,0.8100000000004215,1.000000000000445,0.16049382716036523,138,19,0.8789808917197452
LONG_7_001,7.0,LONG,2024-01-15T12:23:00.000000000Z,london,monday,4.20000000000087,-1.80000000000069,0.820000000000265,0.8249999999998536,0.21951219512196443,139,18,0.8853503184713376
LONG_7_001,7.0,LONG,2024-01-15T12:24:00.000000000Z,london,monday,4.60000000000127,-2.80000000000058,0.800000000000356,0.8999999999997899,0.3499999999999167,140,17,0.89171974522293
LONG_7_001,7.0,LONG,2024-01-15T12:25:00.000000000Z,london,monday,5.00000000000167,-3.20000000000098,0.840000000000396,0.8500000000000174,0.38095238095231804,141,16,0.8980891719745223
LONG_7_001,7.0,LONG,2024-01-15T12:26:00.000000000Z,london,monday,5.00000000000167,-1.1999999999989797,1.020000000000465,1.0750000000003812,0.11764705882337574,142,15,0.9044585987261147
LONG_7_001,7.0,LONG,2024-01-15T12:27:00.000000000Z,london,monday,5.20000000000076,-4.599999999999049,1.100000000000545,1.200000000000645,0.41818181818152456,143,14,0.910828025477707
LONG_7_001,7.0,LONG,2024-01-15T12:28:00.000000000Z,london,monday,6.00000000000156,-6.00000000000156,1.120000000000454,1.300000000000745,0.5357142857142079,144,13,0.9171974522292994
LONG_7_001,7.0,LONG,2024-01-15T12:29:00.000000000Z,london,monday,4.3999999999999595,-3.6999999999998145,0.8900000000002795,1.200000000000645,0.4157303370785003,145,12,0.9235668789808917
LONG_7_001,7.0,LONG,2024-01-15T12:30:00.000000000Z,london,monday,5.599999999998939,-4.999999999999449,1.000000000000112,1.0250000000000536,0.499999999999889,146,11,0.9299363057324841
LONG_7_001,7.0,LONG,2024-01-15T12:31:00.000000000Z,london,monday,5.800000000000249,-5.800000000000249,0.960000000000294,0.5500000000002725,0.6041666666665076,147,10,0.9363057324840764
LONG_7_001,7.0,LONG,2024-01-15T12:32:00.000000000Z,london,monday,4.8000000000003595,-4.599999999999049,0.880000000000436,0.40000000000040004,0.5227272727269057,148,9,0.9426751592356688
LONG_7_001,7.0,LONG,2024-01-15T12:33:00.000000000Z,london,monday,6.500000000000394,-5.399999999999849,0.960000000000516,1.000000000000445,0.5624999999996819,149,8,0.9490445859872612
LONG_7_001,7.0,LONG,2024-01-15T12:34:00.000000000Z,london,monday,6.500000000000394,-0.7999999999985796,1.340000000000563,1.7500000000009175,0.059701492537182356,150,7,0.9554140127388535
LONG_7_001,7.0,LONG,2024-01-15T12:35:00.000000000Z,london,monday,6.500000000000394,-1.3999999999980695,1.400000000000512,1.9500000000005624,0.09999999999982553,151,6,0.9617834394904459
LONG_7_001,7.0,LONG,2024-01-15T12:36:00.000000000Z,london,monday,6.500000000000394,-2.60000000000149,1.28000000000017,2.074999999999716,0.20312500000008946,152,5,0.9681528662420382
LONG_7_001,7.0,LONG,2024-01-15T12:37:00.000000000Z,london,monday,4.3999999999999595,-1.40000000000029,1.1600000000000499,1.6999999999994797,0.12068965517243359,153,4,0.9745222929936306
LONG_7_001,7.0,LONG,2024-01-15T12:38:00.000000000Z,london,monday,4.20000000000087,-2.5999999999992696,1.2799999999999478,1.1499999999992072,0.2031249999999512,154,3,0.9808917197452229
LONG_7_001,7.0,LONG,2024-01-15T12:39:00.000000000Z,london,monday,4.599999999999049,0.9999999999998899,1.6399999999998638,1.7999999999990246,0.06097560975609591,155,2,0.9872611464968153
LONG_7_001,7.0,LONG,2024-01-15T12:40:00.000000000Z,london,monday,8.60000000000083,6.200000000000649,1.9200000000001438,2.6249999999999885,0.3229166666666763,156,1,0.9936305732484076
LONG_7_001,7.0,LONG,2024-01-15T12:41:00.000000000Z,london,monday,11.200000000000099,9.00000000000123,2.1599999999999397,3.049999999999997,0.4166666666667352,157,0,1.0
LONG_7_002,7.0,LONG,2024-01-15T13:09:00.000000000Z,london,monday,9.00000000000123,-9.00000000000123,1.440000000000552,1.50000000000039,0.6249999999998458,0,26,0.0
LONG_7_002,7.0,LONG,2024-01-15T13:10:00.000000000Z,london,monday,7.4000000000018495,-4.299999999999304,1.3300000000004975,1.5500000000001624,0.3233082706765185,1,25,0.038461538461538464
LONG_7_002,7.0,LONG,2024-01-15T13:11:00.000000000Z,london,monday,7.4000000000018495,-4.20000000000087,1.340000000000341,1.80000000000069,0.31343283582088066,2,24,0.07692307692307693
LONG_7_002,7.0,LONG,2024-01-15T13:12:00.000000000Z,london,monday,7.0000000000014495,-4.999999999999449,1.4200000000001989,1.7500000000003624,0.3521126760562499,3,23,0.11538461538461539
LONG_7_002,7.0,LONG,2024-01-15T13:13:00.000000000Z,london,monday,6.00000000000156,-4.8000000000003595,1.40000000000029,1.30000000000019,0.34285714285709756,4,22,0.15384615384615385
LONG_7_002,7.0,LONG,2024-01-15T13:14:00.000000000Z,london,monday,6.00000000000156,-3.4000000000000696,1.260000000000261,0.8500000000000174,0.2698412698412195,5,21,0.19230769230769232
LONG_7_002,7.0,LONG,2024-01-15T13:15:00.000000000Z,london,monday,6.00000000000156,-5.399999999999849,1.180000000000181,0.6499999999998174,0.45762711864398486,6,20,0.23076923076923078
LONG_7_002,7.0,LONG,2024-01-15T13:16:00.000000000Z,london,monday,4.3999999999999595,-1.5999999999993797,1.2399999999999078,0.8999999999997899,0.12903225806447569,7,19,0.2692307692307692
LONG_7_002,7.0,LONG,2024-01-15T13:17:00.000000000Z,london,monday,4.00000000000178,-0.20000000000131024,1.3000000000000789,0.9499999999995623,0.01538461538471524,8,18,0.3076923076923077
LONG_7_002,7.0,LONG,2024-01-15T13:18:00.000000000Z,london,monday,3.8000000000004697,1.100000000000545,1.1699999999998933,0.974999999999171,0.09401709401714917,9,17,0.34615384615384615
LONG_7_002,7.0,LONG,2024-01-15T13:19:00.000000000Z,london,monday,5.60000000000116,5.60000000000116,1.0999999999996568,1.2999999999990797,0.5090909090911734,10,16,0.38461538461538464
LONG_7_002,7.0,LONG,2024-01-15T13:20:00.000000000Z,london,monday,4.999999999999449,3.8000000000004697,0.9199999999995878,0.7499999999993623,0.41304347826110566,11,15,0.4230769230769231
LONG_7_002,7.0,LONG,2024-01-15T13:21:00.000000000Z,london,monday,4.999999999999449,2.4000000000001798,0.7799999999995588,0.4999999999993898,0.3076923076925048,12,14,0.46153846153846156
LONG_7_002,7.0,LONG,2024-01-15T13:22:00.000000000Z,london,monday,4.999999999999449,1.9999999999997797,0.8199999999995988,0.8749999999996261,0.24390243902448272,13,13,0.5
LONG_7_002,7.0,LONG,2024-01-15T13:23:00.000000000Z,london,monday,4.999999999999449,2.80000000000058,0.7399999999995188,0.3999999999998449,0.37837837837870275,14,12,0.5384615384615384
LONG_7_002,7.0,LONG,2024-01-15T13:24:00.000000000Z,london,monday,4.999999999999449,2.4000000000001798,0.7799999999995588,0.49999999999994493,0.3076923076925048,15,11,0.5769230769230769
LONG_7_002,7.0,LONG,2024-01-15T13:25:00.000000000Z,london,monday,4.999999999999449,4.199999999998649,0.8399999999995078,0.7999999999996898,0.5000000000001321,16,10,0.6153846153846154
LONG_7_002,7.0,LONG,2024-01-15T13:26:00.000000000Z,london,monday,2.80000000000058,0.8000000000008001,0.7399999999995188,0.6999999999995898,0.10810810810828653,17,9,0.6538461538461539
LONG_7_002,7.0,LONG,2024-01-15T13:27:00.000000000Z,london,monday,1.9999999999997797,0.9000000000014552,0.7499999999995843,0.9749999999997261,0.12000000000026054,18,8,0.6923076923076923
LONG_7_002,7.0,LONG,2024-01-15T13:28:00.000000000Z,london,monday,2.9999999999996696,-1.100000000000545,0.9499999999997844,1.3999999999997348,0.11578947368429418,19,7,0.7307692307692307
LONG_7_002,7.0,LONG,2024-01-15T13:29:00.000000000Z,london,monday,2.9999999999996696,-2.9999999999996696,0.7599999999998719,1.0999999999999899,0.3947368421052862,20,6,0.7692307692307693
LONG_7_002,7.0,LONG,2024-01-15T13:30:00.000000000Z,london,monday,2.9999999999996696,-0.40000000000040004,1.0199999999997988,1.4500000000000624,0.03921568627455676,21,5,0.8076923076923077
LONG_7_002,7.0,LONG,2024-01-15T13:31:00.000000000Z,london,monday,4.100000000000215,1.100000000000545,1.1699999999998933,1.5500000000001624,0.09401709401714917,22,4,0.8461538461538461
LONG_7_002,7.0,LONG,2024-01-15T13:32:00.000000000Z,london,monday,4.199999999998649,2.7999999999983594,1.0199999999997988,1.0499999999996623,0.2745098039214619,23,3,0.8846153846153846
LONG_7_002,7.0,LONG,2024-01-15T13:33:00.000000000Z,london,monday,4.199999999998649,2.4000000000001798,1.0599999999996168,1.1499999999992072,0.22641509433972146,24,2,0.9230769230769231
LONG_7_002,7.0,LONG,2024-01-15T13:34:00.000000000Z,london,monday,4.500000000000615,3.5000000000007248,1.0899999999995913,0.6749999999994261,0.32110091743137953,25,1,0.9615384615384616
LONG_7_002,7.0,LONG,2024-01-15T13:35:00.000000000Z,london,monday,5.1000000000001044,2.900000000001235,1.0299999999996423,0.44999999999906226,0.2815533980584701,26,0,1.0
LONG_7_003,7.0,LONG,2024-01-15T14:13:00.000000000Z,london,monday,7.200000000000539,-6.699999999999484,0.9700000000001374,0.37500000000023626,0.6907216494843851,0,136,0.0
LONG_7_003,7.0,LONG,2024-01-15T14:14:00.000000000Z,london,monday,6.900000000000794,-6.900000000000794,0.9900000000002684,0.37500000000023626,0.6969696969695882,1,135,0.007352941176470588
LONG_7_003,7.0,LONG,2024-01-15T14:15:00.000000000Z,london,monday,3.6999999999998145,-2.80000000000058,0.7600000000000939,0.49999999999994493,0.3684210526316097,2,134,0.014705882352941176
LONG_7_003,7.0,LONG,2024-01-15T14:16:00.000000000Z,london,monday,1.4999999999987246,-0.4999999999988347,0.5500000000000504,0.47500000000033626,0.0909090909088707,3,133,0.022058823529411766
LONG_7_003,7.0,LONG,2024-01-15T14:17:00.000000000Z,london,monday,1.8999999999991246,0.8999999999992347,0.5900000000000905,0.6749999999999812,0.15254237288120284,4,132,0.029411764705882353
LONG_7_003,7.0,LONG,2024-01-15T14:18:00.000000000Z,london,monday,1.8999999999991246,0.1999999999990898,0.660000000000105,0.8249999999998536,0.030303030302887574,5,131,0.03676470588235294
LONG_7_003,7.0,LONG,2024-01-15T14:19:00.000000000Z,london,monday,2.4000000000001798,-1.80000000000069,0.660000000000105,0.8500000000000174,0.2727272727273339,6,130,0.04411764705882353
LONG_7_003,7.0,LONG,2024-01-15T14:20:00.000000000Z,london,monday,2.4000000000001798,-0.9999999999998899,0.5800000000000249,0.8249999999998536,0.17241379310342186,7,129,0.051470588235294115
LONG_7_003,7.0,LONG,2024-01-15T14:21:00.000000000Z,london,monday,2.5999999999992696,-1.5999999999993797,0.5599999999998939,0.6499999999998174,0.2857142857142291,8,128,0.058823529411764705
LONG_7_003,7.0,LONG,2024-01-15T14:22:00.000000000Z,london,monday,2.5999999999992696,0.2999999999997449,0.7099999999999884,0.7249999999997536,0.04225352112672533,9,127,0.0661764705882353
LONG_7_003,7.0,LONG,2024-01-15T14:23:00.000000000Z,london,monday,2.5999999999992696,0.8999999999992347,0.7699999999999374,0.6499999999998174,0.11688311688302701,10,126,0.07352941176470588
LONG_7_003,7.0,LONG,2024-01-15T14:24:00.000000000Z,london,monday,3.4000000000000696,2.6999999999999247,0.7899999999998464,0.8999999999997899,0.3417721518987911,11,125,0.08088235294117647
LONG_7_003,7.0,LONG,2024-01-15T14:25:00.000000000Z,london,monday,3.4000000000000696,0.40000000000040004,0.8399999999999519,1.2000000000000899,0.04761904761909797,12,124,0.08823529411764706
LONG_7_003,7.0,LONG,2024-01-15T14:26:00.000000000Z,london,monday,3.8999999999989043,2.1999999999988695,1.0199999999997988,1.2499999999998623,0.21568627450973563,13,123,0.09558823529411764
LONG_7_003,7.0,LONG,2024-01-15T14:27:00.000000000Z,london,monday,3.8999999999989043,0.9999999999998899,0.9599999999998499,1.1499999999997623,0.10416666666667149,14,122,0.10294117647058823
LONG_7_003,7.0,LONG,2024-01-15T14:28:00.000000000Z,london,monday,3.8999999999989043,1.40000000000029,0.9199999999998099,1.1499999999997623,0.15217391304354122,15,121,0.11029411764705882
LONG_7_003,7.0,LONG,2024-01-15T14:29:00.000000000Z,london,monday,3.8999999999989043,2.60000000000149,0.8399999999999519,0.8500000000000174,0.30952380952400466,16,120,0.11764705882352941
LONG_7_003,7.0,LONG,2024-01-15T14:30:00.000000000Z,london,monday,4.3999999999999595,4.20000000000087,0.9999999999998899,0.7750000000000812,0.4200000000001332,17,119,0.125
LONG_7_003,7.0,LONG,2024-01-15T14:31:00.000000000Z,london,monday,4.3999999999999595,3.4000000000000696,1.0799999999999699,0.9500000000001174,0.31481481481483004,18,118,0.1323529411764706
LONG_7_003,7.0,LONG,2024-01-15T14:32:00.000000000Z,london,monday,2.6999999999999247,1.100000000000545,0.9699999999999154,0.8500000000000174,0.11340206185573617,19,117,0.13970588235294118
LONG_7_003,7.0,LONG,2024-01-15T14:33:00.000000000Z,london,monday,2.4000000000001798,0.9999999999998899,0.9599999999998499,0.9499999999995623,0.10416666666667149,20,116,0.14705882352941177
LONG_7_003,7.0,LONG,2024-01-15T14:34:00.000000000Z,london,monday,2.4000000000001798,-0.5000000000010552,0.9099999999999664,0.6749999999999812,0.054945054945172926,21,115,0.15441176470588236
LONG_7_003,7.0,LONG,2024-01-15T14:35:00.000000000Z,london,monday,2.5999999999992696,-0.1999999999990898,0.8799999999997699,0.6999999999995898,0.02272727272717524,22,114,0.16176470588235295
LONG_7_003,7.0,LONG,2024-01-15T14:36:00.000000000Z,london,monday,2.5999999999992696,-0.6999999999979245,0.8299999999998864,0.8999999999997899,0.08433734939735185,23,113,0.16911764705882354
LONG_7_003,7.0,LONG,2024-01-15T14:37:00.000000000Z,london,monday,2.5999999999992696,-1.7999999999984695,0.9399999999999409,1.0999999999999899,0.1914893617019769,24,112,0.17647058823529413
LONG_7_003,7.0,LONG,2024-01-15T14:38:00.000000000Z,london,monday,2.5999999999992696,0.2999999999997449,0.9499999999997844,1.2499999999993072,0.03157894736840137,25,111,0.18382352941176472
LONG_7_003,7.0,LONG,2024-01-15T14:39:00.000000000Z,london,monday,2.5999999999992696,0.9999999999998899,1.0199999999997988,1.2000000000000899,0.09803921568628304,26,110,0.19117647058823528
LONG_7_003,7.0,LONG,2024-01-15T14:40:00.000000000Z,london,monday,2.5999999999992696,-0.5999999999994898,0.8599999999998609,0.8500000000000174,0.06976744186041708,27,109,0.19852941176470587
LONG_7_003,7.0,LONG,2024-01-15T14:41:00.000000000Z,london,monday,1.9999999999997797,0.40000000000040004,0.7599999999998719,0.49999999999994493,0.05263157894742993,28,108,0.20588235294117646
LONG_7_003,7.0,LONG,2024-01-15T14:42:00.000000000Z,london,monday,1.9999999999997797,0.7999999999985796,0.7200000000000539,0.27500000000069136,0.11111111111090552,29,107,0.21323529411764705
LONG_7_003,7.0,LONG,2024-01-15T14:43:00.000000000Z,london,monday,1.9999999999997797,0.0,0.6800000000000139,0.10000000000010001,0.0,30,106,0.22058823529411764
LONG_7_003,7.0,LONG,2024-01-15T14:44:00.000000000Z,london,monday,1.9999999999997797,0.8000000000008001,0.6599999999998829,0.17500000000003624,0.12121212121226393,31,105,0.22794117647058823
LONG_7_003,7.0,LONG,2024-01-15T14:45:00.000000000Z,london,monday,1.9999999999997797,1.9999999999997797,0.560000000000116,0.20000000000020002,0.35714285714274385,32,104,0.23529411764705882
LONG_7_003,7.0,LONG,2024-01-15T14:46:00.000000000Z,london,monday,1.9999999999997797,-0.8000000000008001,0.560000000000116,0.49999999999994493,0.14285714285725615,33,103,0.2426470588235294
LONG_7_003,7.0,LONG,2024-01-15T14:47:00.000000000Z,london,monday,1.9999999999997797,1.1999999999989797,0.48000000000003595,0.6000000000000449,0.2499999999997687,34,102,0.25
LONG_7_003,7.0,LONG,2024-01-15T14:48:00.000000000Z,london,monday,1.40000000000029,0.30000000000196536,0.3900000000003345,0.5750000000004363,0.07692307692351488,35,101,0.25735294117647056
LONG_7_003,7.0,LONG,2024-01-15T14:49:00.000000000Z,london,monday,1.500000000000945,-1.500000000000945,0.3900000000003345,0.7750000000006363,0.38461538461529704,36,100,0.2647058823529412
LONG_7_003,7.0,LONG,2024-01-15T14:50:00.000000000Z,london,monday,2.100000000000435,-2.100000000000435,0.4500000000002835,0.5750000000004363,0.4666666666664693,37,99,0.27205882352941174
LONG_7_003,7.0,LONG,2024-01-15T14:51:00.000000000Z,london,monday,2.100000000000435,-1.9999999999997797,0.460000000000349,0.4500000000007276,0.4347826086952744,38,98,0.27941176470588236
LONG_7_003,7.0,LONG,2024-01-15T14:52:00.000000000Z,london,monday,2.20000000000109,-1.9999999999997797,0.460000000000349,0.4500000000007276,0.4347826086952744,39,97,0.2867647058823529
LONG_7_003,7.0,LONG,2024-01-15T14:53:00.000000000Z,london,monday,2.20000000000109,-1.5999999999993797,0.46000000000057106,0.27500000000069136,0.34782608695595507,40,96,0.29411764705882354
LONG_7_003,7.0,LONG,2024-01-15T14:54:00.000000000Z,london,monday,2.20000000000109,-2.100000000000435,0.4500000000007276,0.17500000000114646,0.46666666666600876,41,95,0.3014705882352941
LONG_7_003,7.0,LONG,2024-01-15T14:55:00.000000000Z,london,monday,2.20000000000109,-1.40000000000029,0.5200000000007421,0.3500000000011827,0.26923076923044076,42,94,0.3088235294117647
LONG_7_003,7.0,LONG,2024-01-15T14:56:00.000000000Z,london,monday,1.7000000000000348,0.8999999999992347,0.4700000000006366,0.5250000000006638,0.1914893617017055,43,93,0.3161764705882353
LONG_7_003,7.0,LONG,2024-01-15T14:57:00.000000000Z,london,monday,2.80000000000058,1.40000000000029,0.5200000000007421,0.7500000000004725,0.26923076923044076,44,92,0.3235294117647059
LONG_7_003,7.0,LONG,2024-01-15T14:58:00.000000000Z,london,monday,2.80000000000058,0.5999999999994898,0.56000000000056,0.8500000000000174,0.10714285714265889,45,91,0.33088235294117646
LONG_7_003,7.0,LONG,2024-01-15T14:59:00.000000000Z,london,monday,2.80000000000058,1.900000000001345,0.5100000000004545,0.7499999999999174,0.37254901960777487,46,90,0.3382352941176471
LONG_7_003,7.0,LONG,2024-01-15T15:00:00.000000000Z,london,monday,3.4000000000000696,3.2999999999994145,0.5300000000003635,0.7249999999997536,0.6226415094334248,47,89,0.34558823529411764
LONG_7_003,7.0,LONG,2024-01-15T15:01:00.000000000Z,london,monday,3.4000000000000696,1.1999999999989797,0.720000000000276,0.9499999999995623,0.16666666666646107,48,88,0.35294117647058826
LONG_7_003,7.0,LONG,2024-01-15T15:02:00.000000000Z,london,monday,3.4000000000000696,0.9999999999998899,0.740000000000185,0.8999999999997899,0.1351351351350865,49,87,0.3602941176470588
LONG_7_003,7.0,LONG,2024-01-15T15:03:00.000000000Z,london,monday,3.4000000000000696,1.4999999999987246,0.7900000000000684,0.9749999999997261,0.1898734177213411,50,86,0.36764705882352944
LONG_7_003,7.0,LONG,2024-01-15T15:04:00.000000000Z,london,monday,3.4000000000000696,2.9999999999996696,0.8999999999999009,1.0999999999999899,0.3333333333333333,51,85,0.375
LONG_7_003,7.0,LONG,2024-01-15T15:05:00.000000000Z,london,monday,2.9999999999996696,2.9999999999996696,0.8999999999999009,0.800000000000245,0.3333333333333333,52,84,0.38235294117647056
LONG_7_003,7.0,LONG,2024-01-15T15:06:00.000000000Z,london,monday,2.80000000000058,1.9999999999997797,0.8200000000000429,0.7250000000003087,0.2439024390243506,53,83,0.3897058823529412
LONG_7_003,7.0,LONG,2024-01-15T15:07:00.000000000Z,london,monday,3.60000000000138,1.80000000000069,0.8000000000001339,0.7750000000006363,0.22500000000004858,54,82,0.39705882352941174
LONG_7_003,7.0,LONG,2024-01-15T15:08:00.000000000Z,london,monday,3.60000000000138,1.4999999999987246,0.8300000000003305,0.6750000000010914,0.18072289156603943,55,81,0.40441176470588236
LONG_7_003,7.0,LONG,2024-01-15T15:09:00.000000000Z,london,monday,3.60000000000138,0.8999999999992347,0.8100000000001994,0.5250000000006638,0.11111111111098927,56,80,0.4117647058823529
LONG_7_003,7.0,LONG,2024-01-15T15:10:00.000000000Z,london,monday,3.60000000000138,-0.700000000000145,0.8100000000004215,0.7000000000007001,0.08641975308639267,57,79,0.41911764705882354
LONG_7_003,7.0,LONG,2024-01-15T15:11:00.000000000Z,london,monday,3.60000000000138,-0.40000000000040004,0.780000000000447,0.900000000000345,0.05128205128207318,58,78,0.4264705882352941
LONG_7_003,7.0,LONG,2024-01-15T15:12:00.000000000Z,london,monday,6.200000000000649,-2.5999999999992696,1.000000000000334,1.3249999999997986,0.25999999999984014,59,77,0.4338235294117647
LONG_7_003,7.0,LONG,2024-01-15T15:13:00.000000000Z,london,monday,6.200000000000649,-1.4999999999987246,1.1100000000003885,1.7250000000001986,0.13513513513497294,60,76,0.4411764705882353
LONG_7_003,7.0,LONG,2024-01-15T15:14:00.000000000Z,london,monday,6.200000000000649,-2.6999999999999247,0.9900000000002684,1.5499999999996072,0.27272727272719116,61,75,0.4485294117647059
LONG_7_003,7.0,LONG,2024-01-15T15:15:00.000000000Z,london,monday,6.200000000000649,-2.6999999999999247,0.9900000000002684,1.3249999999997986,0.27272727272719116,62,74,0.45588235294117646
LONG_7_003,7.0,LONG,2024-01-15T15:16:00.000000000Z,london,monday,6.200000000000649,-2.0999999999982144,1.0300000000003084,0.800000000000245,0.20388349514539666,63,73,0.4632352941176471
LONG_7_003,7.0,LONG,2024-01-15T15:17:00.000000000Z,london,monday,6.200000000000649,-4.00000000000178,1.040000000000374,0.6000000000006,0.38461538461541744,64,72,0.47058823529411764
LONG_7_003,7.0,LONG,2024-01-15T15:18:00.000000000Z,london,monday,5.299999999999194,-3.2999999999994145,0.9700000000001374,0.6250000000007638,0.34020618556690174,65,71,0.47794117647058826
LONG_7_003,7.0,LONG,2024-01-15T15:19:00.000000000Z,london,monday,5.1000000000001044,-3.1000000000003247,0.9500000000002284,0.4250000000005638,0.32631578947363993,66,70,0.4852941176470588
LONG_7_003,7.0,LONG,2024-01-15T15:20:00.000000000Z,london,monday,4.299999999999304,-2.5999999999992696,0.9000000000001229,0.37500000000023626,0.2888888888887683,67,69,0.49264705882352944
LONG_7_003,7.0,LONG,2024-01-15T15:21:00.000000000Z,london,monday,3.20000000000098,-0.7999999999985796,0.740000000000185,0.14999999999987246,0.10810810810788915,68,68,0.5
LONG_7_003,7.0,LONG,2024-01-15T15:22:00.000000000Z,london,monday,3.9999999999995595,3.9999999999995595,0.700000000000145,0.6499999999998174,0.5714285714283902,69,67,0.5073529411764706
LONG_7_003,7.0,LONG,2024-01-15T15:23:00.000000000Z,london,monday,2.2999999999995246,0.3999999999981796,0.700000000000145,1.0999999999999899,0.057142857142585254,70,66,0.5147058823529411
LONG_7_003,7.0,LONG,2024-01-15T15:24:00.000000000Z,london,monday,2.500000000000835,2.300000000001745,0.8900000000005015,1.5250000000005537,0.2584269662921853,71,65,0.5220588235294118
LONG_7_003,7.0,LONG,2024-01-15T15:25:00.000000000Z,london,monday,5.1000000000001044,4.100000000000215,1.0700000000003485,2.1500000000002073,0.38317757009335324,72,64,0.5294117647058824
LONG_7_003,7.0,LONG,2024-01-15T15:26:00.000000000Z,london,monday,5.699999999999594,4.199999999998649,1.080000000000192,1.7500000000003624,0.3888888888886947,73,63,0.5367647058823529
LONG_7_003,7.0,LONG,2024-01-15T15:27:00.000000000Z,london,monday,5.699999999999594,3.4000000000000696,1.1600000000000499,1.7500000000003624,0.2931034482758555,74,62,0.5441176470588235
LONG_7_003,7.0,LONG,2024-01-15T15:28:00.000000000Z,london,monday,5.699999999999594,3.20000000000098,1.1799999999999589,1.3499999999994072,0.2711864406780586,75,61,0.5514705882352942
LONG_7_003,7.0,LONG,2024-01-15T15:29:00.000000000Z,london,monday,5.699999999999594,4.100000000000215,1.2699999999998823,0.9249999999993985,0.32283464566933817,76,60,0.5588235294117647
LONG_7_003,7.0,LONG,2024-01-15T15:30:00.000000000Z,london,monday,5.699999999999594,2.100000000000435,1.4699999999998603,1.3499999999994072,0.142857142857186,77,59,0.5661764705882353
LONG_7_003,7.0,LONG,2024-01-15T15:31:00.000000000Z,london,monday,5.599999999998939,1.40000000000029,1.5199999999997438,1.0499999999991072,0.09210526315792933,78,58,0.5735294117647058
LONG_7_003,7.0,LONG,2024-01-15T15:32:00.000000000Z,london,monday,5.20000000000076,-0.9999999999998899,1.3199999999999878,0.9999999999998899,0.07575757575756811,79,57,0.5808823529411765
LONG_7_003,7.0,LONG,2024-01-15T15:33:00.000000000Z,london,monday,5.20000000000076,0.30000000000196536,1.1899999999998023,0.8999999999997899,0.02521008403378279,80,56,0.5882352941176471
LONG_7_003,7.0,LONG,2024-01-15T15:34:00.000000000Z,london,monday,5.20000000000076,-2.000000000002,1.0199999999997988,0.40000000000040004,0.19607843137278377,81,55,0.5955882352941176
LONG_7_003,7.0,LONG,2024-01-15T15:35:00.000000000Z,london,monday,5.699999999999594,-5.1000000000001044,0.8099999999997554,0.37500000000023626,0.6296296296298327,82,54,0.6029411764705882
LONG_7_003,7.0,LONG,2024-01-15T15:36:00.000000000Z,london,monday,6.599999999998829,-6.599999999998829,0.8399999999997299,0.5499999999997174,0.785714285714399,83,53,0.6102941176470589
LONG_7_003,7.0,LONG,2024-01-15T15:37:00.000000000Z,london,monday,6.6000000000010495,-6.099999999999994,0.7899999999998464,0.7500000000004725,0.7721518987343267,84,52,0.6176470588235294
LONG_7_003,7.0,LONG,2024-01-15T15:38:00.000000000Z,london,monday,6.900000000000794,-6.00000000000156,0.7800000000000029,0.7499999999999174,0.7692307692309663,85,51,0.625
LONG_7_003,7.0,LONG,2024-01-15T15:39:00.000000000Z,london,monday,6.900000000000794,-6.699999999999484,0.7100000000002105,0.6750000000005363,0.9436619718306335,86,50,0.6323529411764706
LONG_7_003,7.0,LONG,2024-01-15T15:40:00.000000000Z,london,monday,4.60000000000127,-3.6999999999998145,0.5500000000002725,0.6250000000007638,0.6727272727269057,87,49,0.6397058823529411
LONG_7_003,7.0,LONG,2024-01-15T15:41:00.000000000Z,london,monday,4.00000000000178,-3.00000000000189,0.500000000000167,0.3249999999999087,0.6000000000001776,88,48,0.6470588235294118
LONG_7_003,7.0,LONG,2024-01-15T15:42:00.000000000Z,london,monday,3.8000000000004697,-1.1999999999989797,0.640000000000196,0.6500000000003725,0.18749999999978317,89,47,0.6544117647058824
LONG_7_003,7.0,LONG,2024-01-15T15:43:00.000000000Z,london,monday,3.300000000001635,-1.80000000000069,0.700000000000367,0.8750000000001812,0.25714285714282087,90,46,0.6617647058823529
LONG_7_003,7.0,LONG,2024-01-15T15:44:00.000000000Z,london,monday,2.9999999999996696,0.0,0.8200000000000429,1.074999999999826,0.0,91,45,0.6691176470588235
LONG_7_003,7.0,LONG,2024-01-15T15:45:00.000000000Z,london,monday,4.60000000000127,2.100000000000435,0.9300000000003195,1.4500000000006175,0.2258064516128724,92,44,0.6764705882352942
LONG_7_003,7.0,LONG,2024-01-15T15:46:00.000000000Z,london,monday,4.60000000000127,1.4999999999987246,0.9900000000004905,1.4250000000004537,0.15151515151494763,93,43,0.6838235294117647
LONG_7_003,7.0,LONG,2024-01-15T15:47:00.000000000Z,london,monday,4.60000000000127,3.60000000000138,0.940000000000385,1.3500000000005175,0.38297872340424527,94,42,0.6911764705882353
LONG_7_003,7.0,LONG,2024-01-15T15:48:00.000000000Z,london,monday,5.00000000000167,5.00000000000167,1.020000000000465,1.2500000000009726,0.4901960784313128,95,41,0.6985294117647058
LONG_7_003,7.0,LONG,2024-01-15T15:49:00.000000000Z,london,monday,5.800000000000249,5.800000000000249,1.100000000000323,1.100000000000545,0.5272727272725951,96,40,0.7058823529411765
LONG_7_003,7.0,LONG,2024-01-15T15:50:00.000000000Z,london,monday,7.599999999998719,7.599999999998719,1.28000000000017,1.3499999999999623,0.5937499999998211,97,39,0.7132352941176471
LONG_7_003,7.0,LONG,2024-01-15T15:51:00.000000000Z,london,monday,7.800000000000029,7.800000000000029,1.300000000000301,1.2249999999996986,0.5999999999998633,98,38,0.7205882352941176
LONG_7_003,7.0,LONG,2024-01-15T15:52:00.000000000Z,london,monday,7.299999999998974,6.199999999998429,1.140000000000141,0.9499999999995623,0.543859649122602,99,37,0.7279411764705882
LONG_7_003,7.0,LONG,2024-01-15T15:53:00.000000000Z,london,monday,8.699999999999264,8.699999999999264,1.1700000000001154,1.0499999999996623,0.7435897435896074,100,36,0.7352941176470589
LONG_7_003,7.0,LONG,2024-01-15T15:54:00.000000000Z,london,monday,7.800000000000029,7.800000000000029,1.080000000000192,0.5749999999998812,0.7222222222220965,101,35,0.7426470588235294
LONG_7_003,7.0,LONG,2024-01-15T15:55:00.000000000Z,london,monday,7.900000000000684,6.399999999999739,0.9400000000001629,0.5500000000002725,0.6808510638296414,102,34,0.75
LONG_7_003,7.0,LONG,2024-01-15T15:56:00.000000000Z,london,monday,7.900000000000684,7.500000000000284,0.8300000000001084,0.6500000000003725,0.9036144578312415,103,33,0.7573529411764706
LONG_7_003,7.0,LONG,2024-01-15T15:57:00.000000000Z,london,monday,7.900000000000684,7.900000000000684,0.8700000000001484,0.6000000000006,0.908045977011418,104,32,0.7647058823529411
LONG_7_003,7.0,LONG,2024-01-15T15:58:00.000000000Z,london,monday,7.399999999999629,7.399999999999629,0.8200000000000429,0.6000000000006,0.9024390243901514,105,31,0.7720588235294118
LONG_7_003,7.0,LONG,2024-01-15T15:59:00.000000000Z,london,monday,6.399999999999739,5.399999999999849,0.8200000000000429,0.800000000000245,0.6585365853658008,106,30,0.7794117647058824
LONG_7_003,7.0,LONG,2024-01-15T16:00:00.000000000Z,other,monday,3.9999999999995595,3.9999999999995595,0.6800000000000139,0.9749999999997261,0.5882352941175703,107,29,0.7867647058823529
LONG_7_003,7.0,LONG,2024-01-15T16:01:00.000000000Z,other,monday,3.6999999999998145,3.6999999999998145,0.6500000000000394,0.6749999999994261,0.5692307692307061,108,28,0.7941176470588235
LONG_7_003,7.0,LONG,2024-01-15T16:02:00.000000000Z,other,monday,3.6999999999998145,3.300000000001635,0.6899999999998574,0.6249999999990985,0.4782608695655532,109,27,0.8014705882352942
LONG_7_003,7.0,LONG,2024-01-15T16:03:00.000000000Z,other,monday,2.2999999999995246,0.8000000000008001,0.6599999999998829,0.6499999999992623,0.12121212121226393,110,26,0.8088235294117647
LONG_7_003,7.0,LONG,2024-01-15T16:04:00.000000000Z,other,monday,2.4999999999986144,-0.7999999999985796,0.6999999999999229,0.6249999999996536,0.11428571428552396,111,25,0.8161764705882353
LONG_7_003,7.0,LONG,2024-01-15T16:05:00.000000000Z,other,monday,2.4999999999986144,-0.5999999999994898,0.7199999999998319,0.7249999999997536,0.08333333333328194,112,24,0.8235294117647058
LONG_7_003,7.0,LONG,2024-01-15T16:06:00.000000000Z,other,monday,2.4999999999986144,0.10000000000065512,0.7099999999997664,0.700000000000145,0.014084507042350427,113,23,0.8308823529411765
LONG_7_003,7.0,LONG,2024-01-15T16:07:00.000000000Z,other,monday,2.4999999999986144,-1.2000000000012,0.5999999999997119,0.4500000000001725,0.20000000000029605,114,22,0.8382352941176471
LONG_7_003,7.0,LONG,2024-01-15T16:08:00.000000000Z,other,monday,2.4999999999986144,-1.900000000001345,0.5499999999998284,0.2250000000003638,0.3454545454548978,115,21,0.8455882352941176
LONG_7_003,7.0,LONG,2024-01-15T16:09:00.000000000Z,other,monday,2.4999999999986144,-0.8000000000008001,0.45999999999990493,0.15000000000042757,0.17391304347847075,116,20,0.8529411764705882
LONG_7_003,7.0,LONG,2024-01-15T16:10:00.000000000Z,other,monday,2.4999999999986144,-1.1999999999989797,0.42000000000008697,0.2500000000005276,0.2857142857139836,117,19,0.8602941176470589
LONG_7_003,7.0,LONG,2024-01-15T16:11:00.000000000Z,other,monday,2.4999999999986144,-2.0999999999982144,0.5100000000000104,0.4500000000001725,0.4117647058819944,118,18,0.8676470588235294
LONG_7_003,7.0,LONG,2024-01-15T16:12:00.000000000Z,other,monday,2.100000000000435,-1.6000000000016001,0.48000000000003595,0.4499999999996174,0.33333333333364173,119,17,0.875
LONG_7_003,7.0,LONG,2024-01-15T16:13:00.000000000Z,other,monday,1.8999999999991246,-1.5999999999993797,0.4799999999998139,0.6999999999990347,0.3333333333333333,120,16,0.8823529411764706
LONG_7_003,7.0,LONG,2024-01-15T16:14:00.000000000Z,other,monday,1.8999999999991246,0.40000000000040004,0.4799999999998139,0.774999999998971,0.08333333333344899,121,15,0.8897058823529411
LONG_7_003,7.0,LONG,2024-01-15T16:15:00.000000000Z,other,monday,1.8999999999991246,0.7999999999985796,0.5199999999996319,0.7499999999988072,0.15384615384598962,122,14,0.8970588235294118
LONG_7_003,7.0,LONG,2024-01-15T16:16:00.000000000Z,other,monday,1.8999999999991246,-0.5999999999994898,0.5999999999994898,0.9999999999987796,0.1,123,13,0.9044117647058824
LONG_7_003,7.0,LONG,2024-01-15T16:17:00.000000000Z,other,monday,1.8999999999991246,0.1999999999990898,0.6599999999992168,0.8999999999986796,0.030303030302928354,124,12,0.9117647058823529
LONG_7_003,7.0,LONG,2024-01-15T16:18:00.000000000Z,other,monday,1.8999999999991246,-0.700000000000145,0.7499999999991402,0.8999999999986796,0.09333333333345965,125,11,0.9191176470588235
LONG_7_003,7.0,LONG,2024-01-15T16:19:00.000000000Z,other,monday,2.2999999999995246,-1.5999999999993797,0.8199999999989327,0.8999999999986796,0.19512195121969053,126,10,0.9264705882352942
LONG_7_003,7.0,LONG,2024-01-15T16:20:00.000000000Z,other,monday,2.2999999999995246,-2.2999999999995246,0.7499999999989182,0.6249999999990985,0.3066666666670456,127,9,0.9338235294117647
LONG_7_003,7.0,LONG,2024-01-15T16:21:00.000000000Z,other,monday,2.1999999999988695,-0.700000000000145,0.7299999999990092,0.6249999999996536,0.09589041095905411,128,8,0.9411764705882353
LONG_7_003,7.0,LONG,2024-01-15T16:22:00.000000000Z,other,monday,2.1999999999988695,-0.4999999999988347,0.7499999999991402,0.4499999999996174,0.06666666666658772,129,7,0.9485294117647058
LONG_7_003,7.0,LONG,2024-01-15T16:23:00.000000000Z,other,monday,2.1999999999988695,1.7000000000000348,0.7499999999993623,0.5250000000001087,0.22666666666686405,130,6,0.9558823529411765
LONG_7_003,7.0,LONG,2024-01-15T16:24:00.000000000Z,other,monday,2.1999999999988695,0.1999999999990898,0.6999999999994788,0.6500000000003725,0.028571428571319814,131,5,0.9632352941176471
LONG_7_003,7.0,LONG,2024-01-15T16:25:00.000000000Z,other,monday,2.1999999999988695,-0.700000000000145,0.6299999999996864,0.5000000000005,0.11111111111118943,132,4,0.9705882352941176
LONG_7_003,7.0,LONG,2024-01-15T16:26:00.000000000Z,other,monday,2.100000000000435,0.8999999999992347,0.5699999999999594,0.5500000000008276,0.15789473684198224,133,3,0.9779411764705882
LONG_7_003,7.0,LONG,2024-01-15T16:27:00.000000000Z,other,monday,4.3999999999999595,2.60000000000149,0.740000000000185,0.8750000000007363,0.3513513513514649,134,2,0.9852941176470589
LONG_7_003,7.0,LONG,2024-01-15T16:28:00.000000000Z,other,monday,4.500000000000615,3.700000000002035,0.6500000000002615,0.7750000000006363,0.5692307692308534,135,1,0.9926470588235294
LONG_7_003,7.0,LONG,2024-01-15T16:29:00.000000000Z,other,monday,5.1000000000001044,5.1000000000001044,0.6300000000003525,0.900000000000345,0.8095238095233731,136,0,1.0
SHORT_7_001,7.0,SHORT,2024-01-15T08:00:00.000000000Z,london,monday,0.0,0.0,0.0,0.0,0.0,0,142,0.0
SHORT_7_001,7.0,SHORT,2024-01-15T08:01:00.000000000Z,london,monday,0.1999999999990898,0.1999999999990898,0.1999999999990898,0.1999999999990898,1.0,1,141,0.007042253521126761
SHORT_7_001,7.0,SHORT,2024-01-15T08:02:00.000000000Z,london,monday,1.40000000000029,1.40000000000029,0.700000000000145,0.700000000000145,1.0,2,140,0.014084507042253521
SHORT_7_001,7.0,SHORT,2024-01-15T08:03:00.000000000Z,london,monday,3.4000000000000696,3.4000000000000696,1.1333333333333566,1.1333333333333566,1.0,3,139,0.02112676056338028
SHORT_7_001,7.0,SHORT,2024-01-15T08:04:00.000000000Z,london,monday,3.4000000000000696,2.80000000000058,0.9999999999998899,0.9999999999998899,0.700000000000222,4,138,0.028169014084507043
SHORT_7_001,7.0,SHORT,2024-01-15T08:05:00.000000000Z,london,monday,3.4000000000000696,3.2999999999994145,0.8999999999996788,1.074999999999826,0.733333333333465,5,137,0.035211267605633804
SHORT_7_001,7.0,SHORT,2024-01-15T08:06:00.000000000Z,london,monday,3.4000000000000696,2.500000000000835,0.8833333333328289,0.974999999999171,0.471698113207974,6,136,0.04225352112676056
SHORT_7_001,7.0,SHORT,2024-01-15T08:07:00.000000000Z,london,monday,3.4000000000000696,1.100000000000545,0.9571428571424663,0.8249999999992985,0.16417910447776032,7,135,0.04929577464788732
SHORT_7_001,7.0,SHORT,2024-01-15T08:08:00.000000000Z,london,monday,3.4000000000000696,3.1000000000003247,1.0874999999996304,1.174999999999371,0.3563218390806182,8,134,0.056338028169014086
SHORT_7_001,7.0,SHORT,2024-01-15T08:09:00.000000000Z,london,monday,5.20000000000076,5.20000000000076,1.1999999999997197,1.574999999999771,0.48148148148166425,9,133,0.06338028169014084
SHORT_7_001,7.0,SHORT,2024-01-15T08:10:00.000000000Z,london,monday,5.20000000000076,5.20000000000076,1.0799999999997478,1.3750000000001261,0.48148148148166425,10,132,0.07042253521126761
SHORT_7_001,7.0,SHORT,2024-01-15T08:11:00.000000000Z,london,monday,6.40000000000196,6.40000000000196,1.1999999999998678,1.3750000000001261,0.5333333333335554,11,131,0.07746478873239436
SHORT_7_001,7.0,SHORT,2024-01-15T08:12:00.000000000Z,london,monday,5.5000000000005045,3.1000000000003247,1.2899999999997913,1.40000000000029,0.2403100775194439,12,130,0.08450704225352113
SHORT_7_001,7.0,SHORT,2024-01-15T08:13:00.000000000Z,london,monday,5.5000000000005045,0.9999999999998899,1.0999999999998789,0.900000000000345,0.09090909090909091,13,129,0.09154929577464789
SHORT_7_001,7.0,SHORT,2024-01-15T08:14:00.000000000Z,london,monday,5.5000000000005045,3.4000000000000696,1.2199999999999989,1.3500000000005175,0.2786885245901699,14,128,0.09859154929577464
SHORT_7_001,7.0,SHORT,2024-01-15T08:15:00.000000000Z,london,monday,5.5000000000005045,3.300000000001635,1.2100000000001554,1.100000000000545,0.27272727272737285,15,127,0.1056338028169014
SHORT_7_001,7.0,SHORT,2024-01-15T08:16:00.000000000Z,london,monday,5.5000000000005045,0.7999999999985796,1.460000000000461,1.400000000000845,0.05479452054783062,16,126,0.11267605633802817
SHORT_7_001,7.0,SHORT,2024-01-15T08:17:00.000000000Z,london,monday,5.5000000000005045,3.1000000000003247,1.4100000000005775,1.600000000001045,0.21985815602830178,17,125,0.11971830985915492
SHORT_7_001,7.0,SHORT,2024-01-15T08:18:00.000000000Z,london,monday,3.5000000000007248,0.8999999999992347,1.2300000000007305,1.2000000000012,0.0731707317072114,18,124,0.1267605633802817
SHORT_7_001,7.0,SHORT,2024-01-15T08:19:00.000000000Z,london,monday,3.300000000001635,-0.9999999999998899,1.040000000000818,1.1500000000014277,0.09615384615375994,19,123,0.13380281690140844
SHORT_7_001,7.0,SHORT,2024-01-15T08:20:00.000000000Z,london,monday,3.300000000001635,-1.6000000000016001,1.100000000000989,0.4750000000014465,0.14545454545456013,20,122,0.14084507042253522
SHORT_7_001,7.0,SHORT,2024-01-15T08:21:00.000000000Z,london,monday,3.300000000001635,-1.900000000001345,1.0700000000010146,0.5250000000012189,0.17757009345790126,21,121,0.14788732394366197
SHORT_7_001,7.0,SHORT,2024-01-15T08:22:00.000000000Z,london,monday,3.300000000001635,-0.700000000000145,0.9500000000008946,0.7000000000007001,0.07368421052626166,22,120,0.15492957746478872
SHORT_7_001,7.0,SHORT,2024-01-15T08:23:00.000000000Z,london,monday,3.300000000001635,0.10000000000065512,1.0100000000008436,0.8250000000004087,0.009900990099066495,23,119,0.1619718309859155
SHORT_7_001,7.0,SHORT,2024-01-15T08:24:00.000000000Z,london,monday,3.5000000000007248,0.5999999999994898,1.060000000000727,1.2499999999998623,0.05660377358481871,24,118,0.16901408450704225
SHORT_7_001,7.0,SHORT,2024-01-15T08:25:00.000000000Z,london,monday,3.5000000000007248,0.0,1.040000000000596,1.0249999999994985,0.0,25,117,0.176056338028169
SHORT_7_001,7.0,SHORT,2024-01-15T08:26:00.000000000Z,london,monday,3.5000000000007248,3.300000000001635,0.7100000000004325,0.7999999999996898,0.46478873239431334,26,116,0.18309859154929578
SHORT_7_001,7.0,SHORT,2024-01-15T08:27:00.000000000Z,london,monday,3.20000000000098,1.9999999999997797,0.660000000000327,0.7249999999997536,0.3030303030301195,27,115,0.19014084507042253
SHORT_7_001,7.0,SHORT,2024-01-15T08:28:00.000000000Z,london,monday,3.20000000000098,0.8000000000008001,0.780000000000225,0.49999999999994493,0.10256410256417556,28,114,0.19718309859154928
SHORT_7_001,7.0,SHORT,2024-01-15T08:29:00.000000000Z,london,monday,3.20000000000098,1.40000000000029,0.8400000000001739,0.6500000000003725,0.16666666666666666,29,113,0.20422535211267606
SHORT_7_001,7.0,SHORT,2024-01-15T08:30:00.000000000Z,london,monday,4.599999999999049,-1.3999999999980695,1.1200000000000099,1.50000000000039,0.12499999999982653,30,112,0.2112676056338028
SHORT_7_001,7.0,SHORT,2024-01-15T08:31:00.000000000Z,london,monday,4.599999999999049,-1.7000000000000348,1.0899999999998133,1.5999999999999348,0.15596330275232348,31,111,0.21830985915492956
SHORT_7_001,7.0,SHORT,2024-01-15T08:32:00.000000000Z,london,monday,5.20000000000076,-2.20000000000109,1.1399999999999189,1.5999999999999348,0.19298245614046022,32,110,0.22535211267605634
SHORT_7_001,7.0,SHORT,2024-01-15T08:33:00.000000000Z,london,monday,5.20000000000076,-2.80000000000058,1.0799999999999699,1.4249999999998986,0.2592592592593202,33,109,0.2323943661971831
SHORT_7_001,7.0,SHORT,2024-01-15T08:34:00.000000000Z,london,monday,5.20000000000076,-5.20000000000076,0.8600000000000829,0.6000000000000449,0.6046511627907277,34,108,0.23943661971830985
SHORT_7_001,7.0,SHORT,2024-01-15T08:35:00.000000000Z,london,monday,5.00000000000167,-4.900000000001015,0.8500000000002395,0.4250000000005638,0.5764705882352511,35,107,0.24647887323943662
SHORT_7_001,7.0,SHORT,2024-01-15T08:36:00.000000000Z,london,monday,5.399999999999849,-5.399999999999849,0.9000000000001229,0.20000000000020002,0.5999999999999013,36,106,0.2535211267605634
SHORT_7_001,7.0,SHORT,2024-01-15T08:37:00.000000000Z,london,monday,4.999999999999449,-4.500000000000615,0.9099999999999664,0.2999999999997449,0.4945054945055803,37,105,0.2605633802816901
SHORT_7_001,7.0,SHORT,2024-01-15T08:38:00.000000000Z,london,monday,4.3999999999999595,-2.100000000000435,0.8699999999999264,0.5249999999995536,0.24137931034489798,38,104,0.2676056338028169
SHORT_7_001,7.0,SHORT,2024-01-15T08:39:00.000000000Z,london,monday,4.3999999999999595,-1.900000000001345,0.8899999999998354,0.7499999999993623,0.21348314606760635,39,103,0.2746478873239437
SHORT_7_001,7.0,SHORT,2024-01-15T08:40:00.000000000Z,london,monday,2.4999999999986144,1.0999999999983245,0.5899999999998684,0.7249999999997536,0.1864406779658593,40,102,0.28169014084507044
SHORT_7_001,7.0,SHORT,2024-01-15T08:41:00.000000000Z,london,monday,2.4999999999986144,-1.5999999999993797,0.6999999999999229,1.074999999999826,0.22857142857136514,41,101,0.2887323943661972
SHORT_7_001,7.0,SHORT,2024-01-15T08:42:00.000000000Z,london,monday,2.4999999999986144,0.6000000000017103,0.6399999999999739,1.0250000000000536,0.09375000000027105,42,100,0.29577464788732394
SHORT_7_001,7.0,SHORT,2024-01-15T08:43:00.000000000Z,london,monday,2.4999999999986144,1.2999999999996348,0.7099999999997664,0.9749999999997261,0.18309859154930458,43,99,0.3028169014084507
SHORT_7_001,7.0,SHORT,2024-01-15T08:44:00.000000000Z,london,monday,2.4999999999986144,1.7000000000000348,0.7299999999996754,0.9499999999995623,0.23287671232887547,44,98,0.30985915492957744
SHORT_7_001,7.0,SHORT,2024-01-15T08:45:00.000000000Z,london,monday,2.4999999999986144,-0.10000000000065512,0.8899999999996133,0.8999999999997899,0.011235955056258266,45,97,0.31690140845070425
SHORT_7_001,7.0,SHORT,2024-01-15T08:46:00.000000000Z,london,monday,2.4999999999986144,1.5999999999993797,0.9599999999998499,0.9999999999998899,0.1666666666666281,46,96,0.323943661971831
SHORT_7_001,7.0,SHORT,2024-01-15T08:47:00.000000000Z,london,monday,2.2999999999995246,1.500000000000945,0.9500000000000064,0.900000000000345,0.15789473684220368,47,95,0.33098591549295775
SHORT_7_001,7.0,SHORT,2024-01-15T08:48:00.000000000Z,london,monday,2.2999999999995246,-0.9999999999998899,1.000000000000112,1.200000000000645,0.0999999999999778,48,94,0.3380281690140845
SHORT_7_001,7.0,SHORT,2024-01-15T08:49:00.000000000Z,london,monday,2.2999999999995246,-1.7000000000000348,0.9300000000000974,0.8500000000005725,0.18279569892471578,49,93,0.34507042253521125
SHORT_7_001,7.0,SHORT,2024-01-15T08:50:00.000000000Z,london,monday,1.8999999999991246,-0.4999999999988347,0.9700000000001374,0.7500000000004725,0.051546391752449884,50,92,0.352112676056338
SHORT_7_001,7.0,SHORT,2024-01-15T08:51:00.000000000Z,london,monday,1.8999999999991246,1.40000000000029,0.780000000000225,0.6500000000003725,0.1794871794871649,51,91,0.3591549295774648
SHORT_7_001,7.0,SHORT,2024-01-15T08:52:00.000000000Z,london,monday,1.7000000000000348,0.5999999999994898,0.700000000000145,0.27500000000013625,0.08571428571419508,52,90,0.36619718309859156
SHORT_7_001,7.0,SHORT,2024-01-15T08:53:00.000000000Z,london,monday,1.7000000000000348,-0.5999999999994898,0.660000000000327,0.3000000000003,0.09090909090896857,53,89,0.3732394366197183
SHORT_7_001,7.0,SHORT,2024-01-15T08:54:00.000000000Z,london,monday,1.7000000000000348,-0.5999999999994898,0.660000000000327,0.17500000000003624,0.09090909090896857,54,88,0.38028169014084506
SHORT_7_001,7.0,SHORT,2024-01-15T08:55:00.000000000Z,london,monday,1.80000000000069,-0.1999999999990898,0.620000000000287,0.49999999999994493,0.03225806451596729,55,87,0.3873239436619718
SHORT_7_001,7.0,SHORT,2024-01-15T08:56:00.000000000Z,london,monday,1.9999999999997797,-1.5999999999993797,0.520000000000076,0.5499999999997174,0.30769230769214345,56,86,0.39436619718309857
SHORT_7_001,7.0,SHORT,2024-01-15T08:57:00.000000000Z,london,monday,1.9999999999997797,-1.9999999999997797,0.48000000000003595,0.4499999999996174,0.4166666666665896,57,85,0.4014084507042254
SHORT_7_001,7.0,SHORT,2024-01-15T08:58:00.000000000Z,london,monday,1.5999999999993797,-0.10000000000065512,0.3699999999997594,0.47499999999922604,0.02702702702722166,58,84,0.4084507042253521
SHORT_7_001,7.0,SHORT,2024-01-15T08:59:00.000000000Z,london,monday,1.5999999999993797,-0.5999999999994898,0.3599999999996939,0.1999999999990898,0.16666666666666666,59,83,0.4154929577464789
SHORT_7_001,7.0,SHORT,2024-01-15T09:00:00.000000000Z,london,monday,2.60000000000149,-2.60000000000149,0.3999999999997339,0.4499999999996174,0.6500000000008049,60,82,0.4225352112676056
SHORT_7_001,7.0,SHORT,2024-01-15T09:01:00.000000000Z,london,monday,3.6999999999998145,-3.6999999999998145,0.5099999999995664,0.7249999999991985,0.7254901960790119,61,81,0.4295774647887324
SHORT_7_001,7.0,SHORT,2024-01-15T09:02:00.000000000Z,london,monday,5.800000000000249,-5.800000000000249,0.7199999999996098,1.1499999999997623,0.8055555555560268,62,80,0.43661971830985913
SHORT_7_001,7.0,SHORT,2024-01-15T09:03:00.000000000Z,london,monday,5.699999999999594,-5.1000000000001044,0.7099999999995443,1.174999999999926,0.7183098591554052,63,79,0.44366197183098594
SHORT_7_001,7.0,SHORT,2024-01-15T09:04:00.000000000Z,london,monday,5.699999999999594,-4.899999999998794,0.7299999999996754,0.9999999999998899,0.6712328767124621,64,78,0.4507042253521127
SHORT_7_001,7.0,SHORT,2024-01-15T09:05:00.000000000Z,london,monday,4.599999999999049,-3.5999999999991594,0.5999999999997119,0.7250000000003087,0.6000000000001481,65,77,0.45774647887323944
SHORT_7_001,7.0,SHORT,2024-01-15T09:06:00.000000000Z,london,monday,4.599999999999049,-2.4000000000001798,0.6799999999997919,0.4500000000001725,0.3529411764707227,66,76,0.4647887323943662
SHORT_7_001,7.0,SHORT,2024-01-15T09:07:00.000000000Z,london,monday,4.599999999999049,-2.900000000001235,0.7299999999998974,0.5000000000005,0.39726027397282776,67,75,0.47183098591549294
SHORT_7_001,7.0,SHORT,2024-01-15T09:08:00.000000000Z,london,monday,4.599999999999049,-3.9999999999995595,0.7600000000000939,0.5500000000002725,0.5263157894735612,68,74,0.4788732394366197
SHORT_7_001,7.0,SHORT,2024-01-15T09:09:00.000000000Z,london,monday,4.3999999999999595,-3.20000000000098,0.8000000000001339,0.700000000000145,0.40000000000005553,69,73,0.4859154929577465
SHORT_7_001,7.0,SHORT,2024-01-15T09:10:00.000000000Z,london,monday,3.1999999999987594,-1.7999999999984695,0.700000000000145,0.5000000000005,0.2571428571425852,70,72,0.49295774647887325
SHORT_7_001,7.0,SHORT,2024-01-15T09:11:00.000000000Z,london,monday,2.100000000000435,-0.40000000000040004,0.620000000000287,0.4500000000001725,0.06451612903229273,71,71,0.5
SHORT_7_001,7.0,SHORT,2024-01-15T09:12:00.000000000Z,london,monday,1.9999999999997797,1.9999999999997797,0.440000000000218,0.3500000000000725,0.4545454545451793,72,70,0.5070422535211268
SHORT_7_001,7.0,SHORT,2024-01-15T09:13:00.000000000Z,london,monday,1.7000000000000348,0.0,0.580000000000247,0.6250000000002087,0.0,73,69,0.5140845070422535
SHORT_7_001,7.0,SHORT,2024-01-15T09:14:00.000000000Z,london,monday,1.7000000000000348,0.4999999999988347,0.6300000000001305,0.8249999999998536,0.07936507936487797,74,68,0.5211267605633803
SHORT_7_001,7.0,SHORT,2024-01-15T09:15:00.000000000Z,london,monday,1.7000000000000348,-0.20000000000131024,0.700000000000145,0.9249999999999536,0.028571428571609832,75,67,0.528169014084507
SHORT_7_001,7.0,SHORT,2024-01-15T09:16:00.000000000Z,london,monday,2.4000000000001798,-2.20000000000109,0.700000000000145,1.0999999999999899,0.31428571428580493,76,66,0.5352112676056338
SHORT_7_001,7.0,SHORT,2024-01-15T09:17:00.000000000Z,london,monday,2.8999999999990145,-2.1999999999988695,0.6999999999999229,0.7999999999996898,0.3142857142855874,77,65,0.5422535211267606
SHORT_7_001,7.0,SHORT,2024-01-15T09:18:00.000000000Z,london,monday,3.4000000000000696,-1.9999999999997797,0.6800000000000139,0.6749999999999812,0.2941176470587851,78,64,0.5492957746478874
SHORT_7_001,7.0,SHORT,2024-01-15T09:19:00.000000000Z,london,monday,3.4000000000000696,-1.5999999999993797,0.7200000000000539,0.7499999999999174,0.22222222222211943,79,63,0.5563380281690141
SHORT_7_001,7.0,SHORT,2024-01-15T09:20:00.000000000Z,london,monday,3.4000000000000696,-2.100000000000435,0.7299999999998974,0.5749999999998812,0.28767123287681234,80,62,0.5633802816901409
SHORT_7_001,7.0,SHORT,2024-01-15T09:21:00.000000000Z,london,monday,3.4000000000000696,-0.700000000000145,0.8699999999999264,0.8750000000001812,0.080459770114966,81,61,0.5704225352112676
SHORT_7_001,7.0,SHORT,2024-01-15T09:22:00.000000000Z,london,monday,3.4000000000000696,-1.100000000000545,0.8500000000000174,0.7750000000000812,0.12941176470594382,82,60,0.5774647887323944
SHORT_7_001,7.0,SHORT,2024-01-15T09:23:00.000000000Z,london,monday,2.6999999999999247,0.10000000000065512,0.7299999999998974,0.6499999999998174,0.013698630137077969,83,59,0.5845070422535211
SHORT_7_001,7.0,SHORT,2024-01-15T09:24:00.000000000Z,london,monday,2.6999999999999247,-1.100000000000545,0.6500000000000394,0.6250000000002087,0.16923076923084282,84,58,0.5915492957746479
SHORT_7_001,7.0,SHORT,2024-01-15T09:25:00.000000000Z,london,monday,2.4000000000001798,-1.1999999999989797,0.6599999999998829,0.3999999999998449,0.18181818181805948,85,57,0.5985915492957746
SHORT_7_001,7.0,SHORT,2024-01-15T09:26:00.000000000Z,london,monday,2.4000000000001798,0.9999999999998899,0.6799999999997919,0.6749999999994261,0.14705882352944058,86,56,0.6056338028169014
SHORT_7_001,7.0,SHORT,2024-01-15T09:27:00.000000000Z,london,monday,2.4000000000001798,1.4999999999987246,0.6299999999999084,0.5499999999997174,0.23809523809507027,87,55,0.6126760563380281
SHORT_7_001,7.0,SHORT,2024-01-15T09:28:00.000000000Z,london,monday,2.4000000000001798,1.5999999999993797,0.6199999999998429,0.5999999999994898,0.2580645161289976,88,54,0.6197183098591549
SHORT_7_001,7.0,SHORT,2024-01-15T09:29:00.000000000Z,london,monday,1.7000000000000348,0.5000000000010552,0.5299999999996974,0.4249999999994536,0.09433962264176239,89,53,0.6267605633802817
SHORT_7_001,7.0,SHORT,2024-01-15T09:30:00.000000000Z,london,monday,2.80000000000058,2.80000000000058,0.6999999999997009,0.6249999999996536,0.40000000000025376,90,52,0.6338028169014085
SHORT_7_001,7.0,SHORT,2024-01-15T09:31:00.000000000Z,london,monday,2.6999999999999247,-0.40000000000040004,0.6799999999997919,0.9999999999998899,0.05882352941184154,91,51,0.6408450704225352
SHORT_7_001,7.0,SHORT,2024-01-15T09:32:00.000000000Z,london,monday,2.6999999999999247,-0.700000000000145,0.7099999999997664,0.9999999999998899,0.0985915492958275,92,50,0.647887323943662
SHORT_7_001,7.0,SHORT,2024-01-15T09:33:00.000000000Z,london,monday,2.6999999999999247,-0.20000000000131024,0.6599999999998829,0.9750000000002812,0.0303030303032342,93,49,0.6549295774647887
SHORT_7_001,7.0,SHORT,2024-01-15T09:34:00.000000000Z,london,monday,3.6999999999998145,-1.7999999999984695,0.8199999999995988,0.9249999999999536,0.21951219512187198,94,48,0.6619718309859155
SHORT_7_001,7.0,SHORT,2024-01-15T09:35:00.000000000Z,london,monday,6.200000000000649,-3.5000000000007248,0.9899999999998244,1.174999999999926,0.3535353535354895,95,47,0.6690140845070423
SHORT_7_001,7.0,SHORT,2024-01-15T09:36:00.000000000Z,london,monday,6.300000000001305,-4.8000000000003595,0.8799999999999919,1.0999999999999899,0.5454545454545914,96,46,0.676056338028169
SHORT_7_001,7.0,SHORT,2024-01-15T09:37:00.000000000Z,london,monday,9.500000000000064,-7.999999999999119,1.1999999999998678,1.8999999999996797,0.6666666666666666,97,45,0.6830985915492958
SHORT_7_001,7.0,SHORT,2024-01-15T09:38:00.000000000Z,london,monday,10.799999999999699,-8.899999999998354,1.2899999999997913,1.774999999999971,0.6899224806201391,98,44,0.6901408450704225
SHORT_7_001,7.0,SHORT,2024-01-15T09:39:00.000000000Z,london,monday,10.799999999999699,-6.6000000000010495,1.4999999999998348,1.6999999999994797,0.4400000000001184,99,43,0.6971830985915493
SHORT_7_001,7.0,SHORT,2024-01-15T09:40:00.000000000Z,london,monday,10.799999999999699,-8.900000000000574,1.3299999999998313,1.7499999999992522,0.6691729323309551,100,42,0.704225352112676
SHORT_7_001,7.0,SHORT,2024-01-15T09:41:00.000000000Z,london,monday,9.299999999998754,-6.900000000000794,1.2299999999996203,1.074999999999271,0.5609756097563353,101,41,0.7112676056338029
SHORT_7_001,7.0,SHORT,2024-01-15T09:42:00.000000000Z,london,monday,8.899999999998354,-6.899999999998574,1.2299999999993982,0.8499999999989072,0.560975609756256,102,40,0.7183098591549296
SHORT_7_001,7.0,SHORT,2024-01-15T09:43:00.000000000Z,london,monday,8.899999999998354,-7.199999999998319,1.2599999999993727,0.37499999999912603,0.5714285714287225,103,39,0.7253521126760564
SHORT_7_001,7.0,SHORT,2024-01-15T09:44:00.000000000Z,london,monday,7.099999999999884,-6.399999999999739,1.1799999999995148,0.5499999999991623,0.5423728813561332,104,38,0.7323943661971831
SHORT_7_001,7.0,SHORT,2024-01-15T09:45:00.000000000Z,london,monday,4.599999999999049,-2.8999999999990145,1.0299999999994203,0.6749999999994261,0.2815533980583152,105,37,0.7394366197183099
SHORT_7_001,7.0,SHORT,2024-01-15T09:46:00.000000000Z,london,monday,4.499999999998394,-3.1000000000003247,1.0499999999995513,0.6500000000003725,0.29523809523825234,106,36,0.7464788732394366
SHORT_7_001,7.0,SHORT,2024-01-15T09:47:00.000000000Z,london,monday,3.1999999999987594,-2.100000000000435,0.9499999999995623,1.1250000000001537,0.221052631579095,107,35,0.7535211267605634
SHORT_7_001,7.0,SHORT,2024-01-15T09:48:00.000000000Z,london,monday,3.1999999999987594,0.09999999999843467,0.9099999999995223,1.0999999999999899,0.010989010988844744,108,34,0.7605633802816901
SHORT_7_001,7.0,SHORT,2024-01-15T09:49:00.000000000Z,london,monday,3.1999999999987594,-0.2999999999997449,0.8699999999997043,1.30000000000019,0.03448275862067205,109,33,0.7676056338028169
SHORT_7_001,7.0,SHORT,2024-01-15T09:50:00.000000000Z,london,monday,3.1999999999987594,-0.8999999999992347,0.9299999999996533,1.4499999999995072,0.09677419354834088,110,32,0.7746478873239436
SHORT_7_001,7.0,SHORT,2024-01-15T09:51:00.000000000Z,london,monday,3.1999999999987594,-2.8999999999990145,1.0299999999998644,1.2750000000000261,0.28155339805819385,111,31,0.7816901408450704
SHORT_7_001,7.0,SHORT,2024-01-15T09:52:00.000000000Z,london,monday,2.80000000000058,-2.100000000000435,1.0300000000000864,1.1500000000003174,0.20388349514565618,112,30,0.7887323943661971
SHORT_7_001,7.0,SHORT,2024-01-15T09:53:00.000000000Z,london,monday,2.6999999999999247,-1.2000000000012,1.060000000000061,0.8500000000000174,0.11320754716991803,113,29,0.795774647887324
SHORT_7_001,7.0,SHORT,2024-01-15T09:54:00.000000000Z,london,monday,2.6999999999999247,0.1999999999990898,1.000000000000112,0.7250000000003087,0.01999999999990674,114,28,0.8028169014084507
SHORT_7_001,7.0,SHORT,2024-01-15T09:55:00.000000000Z,london,monday,3.6999999999998145,1.1999999999989797,1.100000000000101,0.8500000000000174,0.10909090909080632,115,27,0.8098591549295775
SHORT_7_001,7.0,SHORT,2024-01-15T09:56:00.000000000Z,london,monday,3.6999999999998145,1.3000000000018552,1.0899999999998133,0.7999999999996898,0.11926605504606219,116,26,0.8169014084507042
SHORT_7_001,7.0,SHORT,2024-01-15T09:57:00.000000000Z,london,monday,3.6999999999998145,2.500000000000835,0.9699999999999154,0.8999999999997899,0.25773195876299515,117,25,0.823943661971831
SHORT_7_001,7.0,SHORT,2024-01-15T09:58:00.000000000Z,london,monday,3.4000000000000696,0.8000000000008001,0.9600000000000719,0.9999999999998899,0.08333333333341043,118,24,0.8309859154929577
SHORT_7_001,7.0,SHORT,2024-01-15T09:59:00.000000000Z,london,monday,3.4000000000000696,-0.1999999999990898,0.8600000000000829,0.700000000000145,0.02325581395338029,119,23,0.8380281690140845
SHORT_7_001,7.0,SHORT,2024-01-15T10:00:00.000000000Z,london,monday,3.8999999999989043,-1.9999999999997797,1.040000000000152,1.3250000000003537,0.19230769230764302,120,22,0.8450704225352113
SHORT_7_001,7.0,SHORT,2024-01-15T10:01:00.000000000Z,london,monday,3.8999999999989043,-0.4999999999988347,0.8900000000000574,1.0750000000003812,0.05617977528076432,121,21,0.852112676056338
SHORT_7_001,7.0,SHORT,2024-01-15T10:02:00.000000000Z,london,monday,4.999999999999449,-1.9999999999997797,0.9600000000000719,1.1500000000003174,0.2083333333332948,122,20,0.8591549295774648
SHORT_7_001,7.0,SHORT,2024-01-15T10:03:00.000000000Z,london,monday,5.999999999999339,-3.5999999999991594,1.000000000000112,1.2000000000000899,0.35999999999987564,123,19,0.8661971830985915
SHORT_7_001,7.0,SHORT,2024-01-15T10:04:00.000000000Z,london,monday,7.500000000000284,-5.5000000000005045,1.1100000000001664,0.900000000000345,0.4954954954954667,124,18,0.8732394366197183
SHORT_7_001,7.0,SHORT,2024-01-15T10:05:00.000000000Z,london,monday,7.500000000000284,-6.999999999999229,0.960000000000294,1.0250000000006088,0.7291666666663631,125,17,0.8802816901408451
SHORT_7_001,7.0,SHORT,2024-01-15T10:06:00.000000000Z,london,monday,7.300000000001194,-6.099999999999994,1.0100000000003995,0.9250000000005087,0.6039603960393646,126,16,0.8873239436619719
SHORT_7_001,7.0,SHORT,2024-01-15T10:07:00.000000000Z,london,monday,6.300000000001305,-5.300000000001415,0.9300000000005415,0.7250000000008638,0.5698924731180999,127,15,0.8943661971830986
SHORT_7_001,7.0,SHORT,2024-01-15T10:08:00.000000000Z,london,monday,6.300000000001305,-4.60000000000127,0.860000000000527,0.37500000000079137,0.5348837209300524,128,14,0.9014084507042254
SHORT_7_001,7.0,SHORT,2024-01-15T10:09:00.000000000Z,london,monday,7.4000000000018495,-7.4000000000018495,0.980000000000425,0.7500000000004725,0.7551020408161878,129,13,0.9084507042253521
SHORT_7_001,7.0,SHORT,2024-01-15T10:10:00.000000000Z,london,monday,5.700000000001815,-5.700000000001815,0.8100000000004215,0.8250000000004087,0.7037037037035616,130,12,0.9154929577464789
SHORT_7_001,7.0,SHORT,2024-01-15T10:11:00.000000000Z,london,monday,5.700000000001815,-4.900000000001015,0.8900000000005015,0.9750000000002812,0.5505617977526127,131,11,0.9225352112676056
SHORT_7_001,7.0,SHORT,2024-01-15T10:12:00.000000000Z,london,monday,5.20000000000076,-5.20000000000076,0.920000000000476,1.30000000000019,0.565217391304138,132,10,0.9295774647887324
SHORT_7_001,7.0,SHORT,2024-01-15T10:13:00.000000000Z,london,monday,4.20000000000087,-3.9999999999995595,0.840000000000618,0.8500000000005725,0.4761904761900734,133,9,0.9366197183098591
SHORT_7_001,7.0,SHORT,2024-01-15T10:14:00.000000000Z,london,monday,3.900000000001125,-1.80000000000069,0.760000000000316,0.7750000000000812,0.2368421052631502,134,8,0.9436619718309859
SHORT_7_001,7.0,SHORT,2024-01-15T10:15:00.000000000Z,london,monday,4.500000000000615,-3.8000000000004697,0.8600000000000829,0.9499999999995623,0.44186046511629107,135,7,0.9507042253521126
SHORT_7_001,7.0,SHORT,2024-01-15T10:16:00.000000000Z,london,monday,4.700000000001925,-4.700000000001925,0.8100000000001994,0.6499999999998174,0.5802469135803416,136,6,0.9577464788732394
SHORT_7_001,7.0,SHORT,2024-01-15T10:17:00.000000000Z,london,monday,5.699999999999594,-5.699999999999594,0.9099999999999664,0.8999999999992347,0.6263736263736049,137,5,0.9647887323943662
SHORT_7_001,7.0,SHORT,2024-01-15T10:18:00.000000000Z,london,monday,7.299999999998974,-7.299999999998974,1.0699999999999044,1.1499999999997623,0.6822429906541707,138,4,0.971830985915493
SHORT_7_001,7.0,SHORT,2024-01-15T10:19:00.000000000Z,london,monday,5.299999999999194,-4.3999999999999595,0.9599999999998499,0.9999999999998899,0.4583333333334008,139,3,0.9788732394366197
SHORT_7_001,7.0,SHORT,2024-01-15T10:20:00.000000000Z,london,monday,5.1000000000001044,-4.199999999998649,0.9399999999997188,1.1499999999992072,0.4468085106382878,140,2,0.9859154929577465
SHORT_7_001,7.0,SHORT,2024-01-15T10:21:00.000000000Z,london,monday,5.1000000000001044,-4.599999999999049,0.8999999999996788,0.9499999999995623,0.5111111111111879,141,1,0.9929577464788732
SHORT_7_001,7.0,SHORT,2024-01-15T10:22:00.000000000Z,london,monday,4.899999999998794,-3.9999999999995595,0.8399999999997299,0.7249999999997536,0.4761904761905769,142,0,1.0
SHORT_7_002,7.0,SHORT,2024-01-15T12:11:00.000000000Z,london,monday,7.200000000000539,7.200000000000539,0.920000000000476,0.7499999999999174,0.7826086956518277,0,128,0.0
SHORT_7_002,7.0,SHORT,2024-01-15T12:12:00.000000000Z,london,monday,7.900000000000684,7.699999999999374,0.9700000000003595,0.8249999999998536,0.793814432989332,1,127,0.0078125
SHORT_7_002,7.0,SHORT,2024-01-15T12:13:00.000000000Z,london,monday,9.40000000000163,9.40000000000163,1.100000000000323,0.7250000000003087,0.8545454545453518,2,126,0.015625
SHORT_7_002,7.0,SHORT,2024-01-15T12:14:00.000000000Z,london,monday,6.500000000000394,6.500000000000394,0.8100000000001994,0.800000000000245,0.8024691358023203,3,125,0.0234375
SHORT_7_002,7.0,SHORT,2024-01-15T12:15:00.000000000Z,london,monday,5.800000000000249,4.999999999999449,0.660000000000105,0.700000000000145,0.7575757575755537,4,124,0.03125
SHORT_7_002,7.0,SHORT,2024-01-15T12:16:00.000000000Z,london,monday,5.800000000000249,5.199999999998539,0.640000000000196,0.5500000000002725,0.8124999999995229,5,123,0.0390625
SHORT_7_002,7.0,SHORT,2024-01-15T12:17:00.000000000Z,london,monday,6.999999999999229,6.999999999999229,0.7200000000000539,0.49999999999994493,0.9722222222220424,6,122,0.046875
SHORT_7_002,7.0,SHORT,2024-01-15T12:18:00.000000000Z,london,monday,7.200000000000539,7.200000000000539,0.740000000000185,0.5000000000005,0.9729729729728027,7,121,0.0546875
SHORT_7_002,7.0,SHORT,2024-01-15T12:19:00.000000000Z,london,monday,5.300000000001415,2.9999999999996696,0.780000000000447,1.0750000000009363,0.38461538461512185,8,120,0.0625
SHORT_7_002,7.0,SHORT,2024-01-15T12:20:00.000000000Z,london,monday,5.00000000000167,2.80000000000058,0.760000000000538,1.0750000000009363,0.3684210526313944,9,119,0.0703125
SHORT_7_002,7.0,SHORT,2024-01-15T12:21:00.000000000Z,london,monday,4.60000000000127,2.9999999999996696,0.780000000000447,0.9000000000009001,0.38461538461512185,10,118,0.078125
SHORT_7_002,7.0,SHORT,2024-01-15T12:22:00.000000000Z,london,monday,3.900000000001125,1.2999999999996348,0.8100000000004215,1.000000000000445,0.16049382716036523,11,117,0.0859375
SHORT_7_002,7.0,SHORT,2024-01-15T12:23:00.000000000Z,london,monday,4.20000000000087,-1.80000000000069,0.820000000000265,0.8249999999998536,0.21951219512196443,12,116,0.09375
SHORT_7_002,7.0,SHORT,2024-01-15T12:24:00.000000000Z,london,monday,4.60000000000127,-2.80000000000058,0.800000000000356,0.8999999999997899,0.3499999999999167,13,115,0.1015625
SHORT_7_002,7.0,SHORT,2024-01-15T12:25:00.000000000Z,london,monday,5.00000000000167,-3.20000000000098,0.840000000000396,0.8500000000000174,0.38095238095231804,14,114,0.109375
SHORT_7_002,7.0,SHORT,2024-01-15T12:26:00.000000000Z,london,monday,5.00000000000167,-1.1999999999989797,1.020000000000465,1.0750000000003812,0.11764705882337574,15,113,0.1171875
SHORT_7_002,7.0,SHORT,2024-01-15T12:27:00.000000000Z,london,monday,5.20000000000076,-4.599999999999049,1.100000000000545,1.200000000000645,0.41818181818152456,16,112,0.125
SHORT_7_002,7.0,SHORT,2024-01-15T12:28:00.000000000Z,london,monday,6.00000000000156,-6.00000000000156,1.120000000000454,1.300000000000745,0.5357142857142079,17,111,0.1328125
SHORT_7_002,7.0,SHORT,2024-01-15T12:29:00.000000000Z,london,monday,4.3999999999999595,-3.6999999999998145,0.8900000000002795,1.200000000000645,0.4157303370785003,18,110,0.140625
SHORT_7_002,7.0,SHORT,2024-01-15T12:30:00.000000000Z,london,monday,5.599999999998939,-4.999999999999449,1.000000000000112,1.0250000000000536,0.499999999999889,19,109,0.1484375
SHORT_7_002,7.0,SHORT,2024-01-15T12:31:00.000000000Z,london,monday,5.800000000000249,-5.800000000000249,0.960000000000294,0.5500000000002725,0.6041666666665076,20,108,0.15625
SHORT_7_002,7.0,SHORT,2024-01-15T12:32:00.000000000Z,london,monday,4.8000000000003595,-4.599999999999049,0.880000000000436,0.40000000000040004,0.5227272727269057,21,107,0.1640625
SHORT_7_002,7.0,SHORT,2024-01-15T12:33:00.000000000Z,london,monday,6.500000000000394,-5.399999999999849,0.960000000000516,1.000000000000445,0.5624999999996819,22,106,0.171875
SHORT_7_002,7.0,SHORT,2024-01-15T12:34:00.000000000Z,london,monday,6.500000000000394,-0.7999999999985796,1.340000000000563,1.7500000000009175,0.059701492537182356,23,105,0.1796875
SHORT_7_002,7.0,SHORT,2024-01-15T12:35:00.000000000Z,london,monday,6.500000000000394,-1.3999999999980695,1.400000000000512,1.9500000000005624,0.09999999999982553,24,104,0.1875
SHORT_7_002,7.0,SHORT,2024-01-15T12:36:00.000000000Z,london,monday,6.500000000000394,-2.60000000000149,1.28000000000017,2.074999999999716,0.20312500000008946,25,103,0.1953125
SHORT_7_002,7.0,SHORT,2024-01-15T12:37:00.000000000Z,london,monday,4.3999999999999595,-1.40000000000029,1.1600000000000499,1.6999999999994797,0.12068965517243359,26,102,0.203125
SHORT_7_002,7.0,SHORT,2024-01-15T12:38:00.000000000Z,london,monday,4.20000000000087,-2.5999999999992696,1.2799999999999478,1.1499999999992072,0.2031249999999512,27,101,0.2109375
SHORT_7_002,7.0,SHORT,2024-01-15T12:39:00.000000000Z,london,monday,4.599999999999049,0.9999999999998899,1.6399999999998638,1.7999999999990246,0.06097560975609591,28,100,0.21875
SHORT_7_002,7.0,SHORT,2024-01-15T12:40:00.000000000Z,london,monday,8.60000000000083,6.200000000000649,1.9200000000001438,2.6249999999999885,0.3229166666666763,29,99,0.2265625
SHORT_7_002,7.0,SHORT,2024-01-15T12:41:00.000000000Z,london,monday,11.200000000000099,9.00000000000123,2.1599999999999397,3.049999999999997,0.4166666666667352,30,98,0.234375
SHORT_7_002,7.0,SHORT,2024-01-15T12:42:00.000000000Z,london,monday,11.200000000000099,5.899999999998684,2.429999999999932,3.275000000000361,0.24279835390941765,31,97,0.2421875
SHORT_7_002,7.0,SHORT,2024-01-15T12:43:00.000000000Z,london,monday,11.200000000000099,9.799999999999809,2.3400000000000087,2.7500000000008074,0.41880341880340904,32,96,0.25
SHORT_7_002,7.0,SHORT,2024-01-15T12:44:00.000000000Z,london,monday,10.200000000000209,3.1999999999987594,2.1599999999999397,2.3500000000004073,0.14814814814809485,33,95,0.2578125
SHORT_7_002,7.0,SHORT,2024-01-15T12:45:00.000000000Z,london,monday,10.200000000000209,3.9999999999995595,2.0799999999998597,1.7500000000003624,0.1923076923076841,34,94,0.265625
SHORT_7_002,7.0,SHORT,2024-01-15T12:46:00.000000000Z,london,monday,10.200000000000209,1.7000000000000348,2.1700000000002273,1.4250000000004537,0.0783410138248782,35,93,0.2734375
SHORT_7_002,7.0,SHORT,2024-01-15T12:47:00.000000000Z,london,monday,10.200000000000209,3.5999999999991594,2.180000000000293,1.30000000000019,0.16513761467883833,36,92,0.28125
SHORT_7_002,7.0,SHORT,2024-01-15T12:48:00.000000000Z,london,monday,10.200000000000209,5.999999999999339,2.020000000000355,0.800000000000245,0.29702970297021214,37,91,0.2890625
SHORT_7_002,7.0,SHORT,2024-01-15T12:49:00.000000000Z,london,monday,6.6000000000010495,3.8000000000004697,1.800000000000468,1.100000000000545,0.21111111111108233,38,90,0.296875
SHORT_7_002,7.0,SHORT,2024-01-15T12:50:00.000000000Z,london,monday,5.60000000000116,0.700000000000145,1.4900000000004354,0.9250000000005087,0.04697986577180808,39,89,0.3046875
SHORT_7_002,7.0,SHORT,2024-01-15T12:51:00.000000000Z,london,monday,5.60000000000116,-3.4000000000000696,1.380000000000603,1.0500000000007725,0.2463768115941003,40,88,0.3125
SHORT_7_002,7.0,SHORT,2024-01-15T12:52:00.000000000Z,london,monday,4.20000000000087,0.700000000000145,1.2100000000003774,1.2500000000004174,0.057851239669415425,41,87,0.3203125
SHORT_7_002,7.0,SHORT,2024-01-15T12:53:00.000000000Z,london,monday,4.3999999999999595,0.1999999999990898,1.160000000000272,1.1500000000003174,0.01724137931026232,42,86,0.328125
SHORT_7_002,7.0,SHORT,2024-01-15T12:54:00.000000000Z,london,monday,4.3999999999999595,2.5999999999992696,0.920000000000254,0.9249999999999536,0.2826086956520165,43,85,0.3359375
SHORT_7_002,7.0,SHORT,2024-01-15T12:55:00.000000000Z,london,monday,4.3999999999999595,1.40000000000029,1.040000000000152,0.8999999999992347,0.13461538461539282,44,84,0.34375
SHORT_7_002,7.0,SHORT,2024-01-15T12:56:00.000000000Z,london,monday,4.3999999999999595,2.60000000000149,0.9200000000000319,0.6999999999995898,0.28260869565232605,45,83,0.3515625
SHORT_7_002,7.0,SHORT,2024-01-15T12:57:00.000000000Z,london,monday,4.199999999998649,-0.7999999999985796,1.060000000000061,1.0499999999996623,0.07547169811306921,46,82,0.359375
SHORT_7_002,7.0,SHORT,2024-01-15T12:58:00.000000000Z,london,monday,4.199999999998649,-0.7999999999985796,1.060000000000061,1.1499999999997623,0.07547169811306921,47,81,0.3671875
SHORT_7_002,7.0,SHORT,2024-01-15T12:59:00.000000000Z,london,monday,4.199999999998649,-1.5999999999993797,0.9799999999999809,0.9500000000001174,0.16326530612238888,48,80,0.375
SHORT_7_002,7.0,SHORT,2024-01-15T13:00:00.000000000Z,london,monday,6.099999999999994,-5.40000000000207,1.1799999999999589,1.5750000000003261,0.45762711864425915,49,79,0.3828125
SHORT_7_002,7.0,SHORT,2024-01-15T13:01:00.000000000Z,london,monday,6.099999999999994,-2.5999999999992696,1.1600000000000499,1.300000000000745,0.22413793103441015,50,78,0.390625
SHORT_7_002,7.0,SHORT,2024-01-15T13:02:00.000000000Z,london,monday,6.099999999999994,-4.199999999998649,1.080000000000192,1.300000000000745,0.3888888888886947,51,77,0.3984375
SHORT_7_002,7.0,SHORT,2024-01-15T13:03:00.000000000Z,london,monday,6.199999999998429,-6.199999999998429,1.080000000000192,1.400000000000845,0.5740740740738266,52,76,0.40625
SHORT_7_002,7.0,SHORT,2024-01-15T13:04:00.000000000Z,london,monday,7.599999999998719,-7.599999999998719,1.220000000000221,1.0250000000006088,0.6229508196719133,53,75,0.4140625
SHORT_7_002,7.0,SHORT,2024-01-15T13:05:00.000000000Z,london,monday,6.200000000000649,-4.8000000000003595,1.220000000000443,1.0500000000002174,0.3934426229507063,54,74,0.421875
SHORT_7_002,7.0,SHORT,2024-01-15T13:06:00.000000000Z,london,monday,6.00000000000156,-6.00000000000156,1.340000000000563,1.3500000000005175,0.44776119402977904,55,73,0.4296875
SHORT_7_002,7.0,SHORT,2024-01-15T13:07:00.000000000Z,london,monday,4.999999999999449,-3.9999999999995595,1.140000000000363,1.2000000000000899,0.3508771929823058,56,72,0.4375
SHORT_7_002,7.0,SHORT,2024-01-15T13:08:00.000000000Z,london,monday,6.399999999999739,-5.800000000000249,1.240000000000352,1.2000000000000899,0.4677419354837583,57,71,0.4453125
SHORT_7_002,7.0,SHORT,2024-01-15T13:09:00.000000000Z,london,monday,9.00000000000123,-9.00000000000123,1.440000000000552,1.50000000000039,0.6249999999998458,58,70,0.453125
SHORT_7_002,7.0,SHORT,2024-01-15T13:10:00.000000000Z,london,monday,7.4000000000018495,-4.299999999999304,1.3300000000004975,1.5500000000001624,0.3233082706765185,59,69,0.4609375
SHORT_7_002,7.0,SHORT,2024-01-15T13:11:00.000000000Z,london,monday,7.4000000000018495,-4.20000000000087,1.340000000000341,1.80000000000069,0.31343283582088066,60,68,0.46875
SHORT_7_002,7.0,SHORT,2024-01-15T13:12:00.000000000Z,london,monday,7.0000000000014495,-4.999999999999449,1.4200000000001989,1.7500000000003624,0.3521126760562499,61,67,0.4765625
SHORT_7_002,7.0,SHORT,2024-01-15T13:13:00.000000000Z,london,monday,6.00000000000156,-4.8000000000003595,1.40000000000029,1.30000000000019,0.34285714285709756,62,66,0.484375
SHORT_7_002,7.0,SHORT,2024-01-15T13:14:00.000000000Z,london,monday,6.00000000000156,-3.4000000000000696,1.260000000000261,0.8500000000000174,0.2698412698412195,63,65,0.4921875
SHORT_7_002,7.0,SHORT,2024-01-15T13:15:00.000000000Z,london,monday,6.00000000000156,-5.399999999999849,1.180000000000181,0.6499999999998174,0.45762711864398486,64,64,0.5
SHORT_7_002,7.0,SHORT,2024-01-15T13:16:00.000000000Z,london,monday,4.3999999999999595,-1.5999999999993797,1.2399999999999078,0.8999999999997899,0.12903225806447569,65,63,0.5078125
SHORT_7_002,7.0,SHORT,2024-01-15T13:17:00.000000000Z,london,monday,4.00000000000178,-0.20000000000131024,1.3000000000000789,0.9499999999995623,0.01538461538471524,66,62,0.515625
SHORT_7_002,7.0,SHORT,2024-01-15T13:18:00.000000000Z,london,monday,3.8000000000004697,1.100000000000545,1.1699999999998933,0.974999999999171,0.09401709401714917,67,61,0.5234375
SHORT_7_002,7.0,SHORT,2024-01-15T13:19:00.000000000Z,london,monday,5.60000000000116,5.60000000000116,1.0999999999996568,1.2999999999990797,0.5090909090911734,68,60,0.53125
SHORT_7_002,7.0,SHORT,2024-01-15T13:20:00.000000000Z,london,monday,4.999999999999449,3.8000000000004697,0.9199999999995878,0.7499999999993623,0.41304347826110566,69,59,0.5390625
SHORT_7_002,7.0,SHORT,2024-01-15T13:21:00.000000000Z,london,monday,4.999999999999449,2.4000000000001798,0.7799999999995588,0.4999999999993898,0.3076923076925048,70,58,0.546875
SHORT_7_002,7.0,SHORT,2024-01-15T13:22:00.000000000Z,london,monday,4.999999999999449,1.9999999999997797,0.8199999999995988,0.8749999999996261,0.24390243902448272,71,57,0.5546875
SHORT_7_002,7.0,SHORT,2024-01-15T13:23:00.000000000Z,london,monday,4.999999999999449,2.80000000000058,0.7399999999995188,0.3999999999998449,0.37837837837870275,72,56,0.5625
SHORT_7_002,7.0,SHORT,2024-01-15T13:24:00.000000000Z,london,monday,4.999999999999449,2.4000000000001798,0.7799999999995588,0.49999999999994493,0.3076923076925048,73,55,0.5703125
SHORT_7_002,7.0,SHORT,2024-01-15T13:25:00.000000000Z,london,monday,4.999999999999449,4.199999999998649,0.8399999999995078,0.7999999999996898,0.5000000000001321,74,54,0.578125
SHORT_7_002,7.0,SHORT,2024-01-15T13:26:00.000000000Z,london,monday,2.80000000000058,0.8000000000008001,0.7399999999995188,0.6999999999995898,0.10810810810828653,75,53,0.5859375
SHORT_7_002,7.0,SHORT,2024-01-15T13:27:00.000000000Z,london,monday,1.9999999999997797,0.9000000000014552,0.7499999999995843,0.9749999999997261,0.12000000000026054,76,52,0.59375
SHORT_7_002,7.0,SHORT,2024-01-15T13:28:00.000000000Z,london,monday,2.9999999999996696,-1.100000000000545,0.9499999999997844,1.3999999999997348,0.11578947368429418,77,51,0.6015625
SHORT_7_002,7.0,SHORT,2024-01-15T13:29:00.000000000Z,london,monday,2.9999999999996696,-2.9999999999996696,0.7599999999998719,1.0999999999999899,0.3947368421052862,78,50,0.609375
SHORT_7_002,7.0,SHORT,2024-01-15T13:30:00.000000000Z,london,monday,2.9999999999996696,-0.40000000000040004,1.0199999999997988,1.4500000000000624,0.03921568627455676,79,49,0.6171875
SHORT_7_002,7.0,SHORT,2024-01-15T13:31:00.000000000Z,london,monday,4.100000000000215,1.100000000000545,1.1699999999998933,1.5500000000001624,0.09401709401714917,80,48,0.625
SHORT_7_002,7.0,SHORT,2024-01-15T13:32:00.000000000Z,london,monday,4.199999999998649,2.7999999999983594,1.0199999999997988,1.0499999999996623,0.2745098039214619,81,47,0.6328125
SHORT_7_002,7.0,SHORT,2024-01-15T13:33:00.000000000Z,london,monday,4.199999999998649,2.4000000000001798,1.0599999999996168,1.1499999999992072,0.22641509433972146,82,46,0.640625
SHORT_7_002,7.0,SHORT,2024-01-15T13:34:00.000000000Z,london,monday,4.500000000000615,3.5000000000007248,1.0899999999995913,0.6749999999994261,0.32110091743137953,83,45,0.6484375
SHORT_7_002,7.0,SHORT,2024-01-15T13:35:00.000000000Z,london,monday,5.1000000000001044,2.900000000001235,1.0299999999996423,0.44999999999906226,0.2815533980584701,84,44,0.65625
SHORT_7_002,7.0,SHORT,2024-01-15T13:36:00.000000000Z,london,monday,5.1000000000001044,2.1999999999988695,1.0999999999998789,0.8999999999997899,0.19999999999991927,85,43,0.6640625
SHORT_7_002,7.0,SHORT,2024-01-15T13:37:00.000000000Z,london,monday,5.1000000000001044,-0.40000000000040004,1.1399999999996968,1.174999999999926,0.035087719298290035,86,42,0.671875
SHORT_7_002,7.0,SHORT,2024-01-15T13:38:00.000000000Z,london,monday,5.1000000000001044,2.5999999999992696,1.0199999999995768,1.2249999999996986,0.25490196078434785,87,41,0.6796875
SHORT_7_002,7.0,SHORT,2024-01-15T13:39:00.000000000Z,london,monday,5.1000000000001044,2.4999999999986144,1.0299999999996423,1.0999999999999899,0.2427184466018915,88,40,0.6875
SHORT_7_002,7.0,SHORT,2024-01-15T13:40:00.000000000Z,london,monday,3.4000000000000696,-0.8000000000008001,0.8399999999997299,0.7999999999996898,0.09523809523822112,89,39,0.6953125
SHORT_7_002,7.0,SHORT,2024-01-15T13:41:00.000000000Z,london,monday,3.900000000001125,-2.900000000001235,0.7499999999995843,0.5749999999998812,0.38666666666704563,90,38,0.703125
SHORT_7_002,7.0,SHORT,2024-01-15T13:42:00.000000000Z,london,monday,3.900000000001125,-2.4999999999986144,0.7899999999998464,0.47500000000033626,0.3164556962024178,91,37,0.7109375
SHORT_7_002,7.0,SHORT,2024-01-15T13:43:00.000000000Z,london,monday,3.900000000001125,-1.80000000000069,0.7800000000000029,0.5250000000001087,0.23076923076931835,92,36,0.71875
SHORT_7_002,7.0,SHORT,2024-01-15T13:44:00.000000000Z,london,monday,3.900000000001125,-2.100000000000435,0.7500000000000284,0.4500000000001725,0.2800000000000474,93,35,0.7265625
SHORT_7_002,7.0,SHORT,2024-01-15T13:45:00.000000000Z,london,monday,3.900000000001125,-2.6999999999999247,0.6900000000000794,0.3000000000003,0.391304347826031,94,34,0.734375
SHORT_7_002,7.0,SHORT,2024-01-15T13:46:00.000000000Z,london,monday,1.9999999999997797,-1.1999999999989797,0.5399999999999849,0.27500000000013625,0.22222222222203947,95,33,0.7421875
SHORT_7_002,7.0,SHORT,2024-01-15T13:47:00.000000000Z,london,monday,1.40000000000029,-0.10000000000065512,0.4300000000001525,0.3000000000003,0.02325581395363248,96,32,0.75
SHORT_7_002,7.0,SHORT,2024-01-15T13:48:00.000000000Z,london,monday,1.40000000000029,-0.5999999999994898,0.380000000000269,0.3000000000003,0.15789473684185923,97,31,0.7578125
SHORT_7_002,7.0,SHORT,2024-01-15T13:49:00.000000000Z,london,monday,1.6000000000016001,0.30000000000196536,0.4500000000002835,0.5000000000005,0.06666666666706142,98,30,0.765625
SHORT_7_002,7.0,SHORT,2024-01-15T13:50:00.000000000Z,london,monday,2.20000000000109,1.6000000000016001,0.440000000000218,0.5500000000002725,0.36363636363654717,99,29,0.7734375
SHORT_7_002,7.0,SHORT,2024-01-15T13:51:00.000000000Z,london,monday,2.900000000001235,2.900000000001235,0.4500000000002835,0.6250000000002087,0.6444444444443128,100,28,0.78125
SHORT_7_002,7.0,SHORT,2024-01-15T13:52:00.000000000Z,london,monday,2.500000000000835,1.100000000000545,0.5300000000001415,0.8500000000000174,0.20754716981136817,101,27,0.7890625
SHORT_7_002,7.0,SHORT,2024-01-15T13:53:00.000000000Z,london,monday,2.500000000000835,0.2999999999997449,0.5500000000002725,0.7750000000000812,0.05454545454538114,102,26,0.796875
SHORT_7_002,7.0,SHORT,2024-01-15T13:54:00.000000000Z,london,monday,2.500000000000835,-0.700000000000145,0.5700000000001815,0.7750000000000812,0.12280701754384599,103,25,0.8046875
SHORT_7_002,7.0,SHORT,2024-01-15T13:55:00.000000000Z,london,monday,2.500000000000835,0.0,0.640000000000196,0.7750000000000812,0.0,104,24,0.8125
SHORT_7_002,7.0,SHORT,2024-01-15T13:56:00.000000000Z,london,monday,2.500000000000835,0.2999999999997449,0.6100000000002215,0.47500000000033626,0.049180327868792784,105,23,0.8203125
SHORT_7_002,7.0,SHORT,2024-01-15T13:57:00.000000000Z,london,monday,2.500000000000835,0.40000000000040004,0.600000000000156,0.4250000000000087,0.06666666666671602,106,22,0.828125
SHORT_7_002,7.0,SHORT,2024-01-15T13:58:00.000000000Z,london,monday,2.4000000000001798,1.40000000000029,0.700000000000145,0.6250000000002087,0.2,107,21,0.8359375
SHORT_7_002,7.0,SHORT,2024-01-15T13:59:00.000000000Z,london,monday,2.4000000000001798,0.3999999999981796,0.640000000000196,0.5000000000005,0.06249999999969642,108,20,0.84375
SHORT_7_002,7.0,SHORT,2024-01-15T14:00:00.000000000Z,london,monday,2.4000000000001798,-0.5999999999994898,0.6200000000000649,0.5749999999998812,0.09677419354829467,109,19,0.8515625
SHORT_7_002,7.0,SHORT,2024-01-15T14:01:00.000000000Z,london,monday,2.4000000000001798,-0.10000000000065512,0.6699999999999484,0.7999999999996898,0.014925373134427286,110,18,0.859375
SHORT_7_002,7.0,SHORT,2024-01-15T14:02:00.000000000Z,london,monday,2.5999999999992696,-1.40000000000029,0.7999999999999119,1.0999999999994348,0.1750000000000555,111,17,0.8671875
SHORT_7_002,7.0,SHORT,2024-01-15T14:03:00.000000000Z,london,monday,3.9999999999995595,-2.2999999999995246,0.8899999999998354,1.3999999999991797,0.25842696629212925,112,16,0.875
SHORT_7_002,7.0,SHORT,2024-01-15T14:04:00.000000000Z,london,monday,4.599999999999049,-2.2999999999995246,0.8899999999998354,1.4499999999995072,0.25842696629212925,113,15,0.8828125
SHORT_7_002,7.0,SHORT,2024-01-15T14:05:00.000000000Z,london,monday,7.800000000000029,-6.200000000000649,1.1399999999999189,1.9500000000000073,0.5438596491229027,114,14,0.890625
SHORT_7_002,7.0,SHORT,2024-01-15T14:06:00.000000000Z,london,monday,10.000000000001119,-8.300000000001084,1.3499999999999623,1.8500000000004624,0.6148148148149123,115,13,0.8984375
SHORT_7_002,7.0,SHORT,2024-01-15T14:07:00.000000000Z,london,monday,10.499999999999954,-8.500000000000174,1.3699999999998713,1.6250000000000986,0.6204379562044505,116,12,0.90625
SHORT_7_002,7.0,SHORT,2024-01-15T14:08:00.000000000Z,london,monday,11.200000000000099,-10.600000000000609,1.2999999999998568,1.6500000000002624,0.815384615384752,117,11,0.9140625
SHORT_7_002,7.0,SHORT,2024-01-15T14:09:00.000000000Z,london,monday,11.200000000000099,-9.399999999999409,1.3799999999997148,1.0999999999999899,0.681159420289953,118,10,0.921875
SHORT_7_002,7.0,SHORT,2024-01-15T14:10:00.000000000Z,london,monday,11.200000000000099,-9.80000000000203,1.4199999999999768,0.7499999999999174,0.6901408450705767,119,9,0.9296875
SHORT_7_002,7.0,SHORT,2024-01-15T14:11:00.000000000Z,london,monday,11.200000000000099,-10.600000000000609,1.3400000000001189,0.7250000000003087,0.7910447761193783,120,8,0.9375
SHORT_7_002,7.0,SHORT,2024-01-15T14:12:00.000000000Z,london,monday,8.60000000000083,-8.20000000000043,1.100000000000101,0.6000000000000449,0.7454545454545161,121,7,0.9453125
SHORT_7_002,7.0,SHORT,2024-01-15T14:13:00.000000000Z,london,monday,7.200000000000539,-6.699999999999484,0.9700000000001374,0.37500000000023626,0.6907216494843851,122,6,0.953125
SHORT_7_002,7.0,SHORT,2024-01-15T14:14:00.000000000Z,london,monday,6.900000000000794,-6.900000000000794,0.9900000000002684,0.37500000000023626,0.6969696969695882,123,5,0.9609375
SHORT_7_002,7.0,SHORT,2024-01-15T14:15:00.000000000Z,london,monday,3.6999999999998145,-2.80000000000058,0.7600000000000939,0.49999999999994493,0.3684210526316097,124,4,0.96875
SHORT_7_002,7.0,SHORT,2024-01-15T14:16:00.000000000Z,london,monday,1.4999999999987246,-0.4999999999988347,0.5500000000000504,0.47500000000033626,0.0909090909088707,125,3,0.9765625
SHORT_7_002,7.0,SHORT,2024-01-15T14:17:00.000000000Z,london,monday,1.8999999999991246,0.8999999999992347,0.5900000000000905,0.6749999999999812,0.15254237288120284,126,2,0.984375
SHORT_7_002,7.0,SHORT,2024-01-15T14:18:00.000000000Z,london,monday,1.8999999999991246,0.1999999999990898,0.660000000000105,0.8249999999998536,0.030303030302887574,127,1,0.9921875
SHORT_7_002,7.0,SHORT,2024-01-15T14:19:00.000000000Z,london,monday,2.4000000000001798,-1.80000000000069,0.660000000000105,0.8500000000000174,0.2727272727273339,128,0,1.0
SHORT_7_003,7.0,SHORT,2024-01-15T15:07:00.000000000Z,london,monday,3.60000000000138,1.80000000000069,0.8000000000001339,0.7750000000006363,0.22500000000004858,0,31,0.0
SHORT_7_003,7.0,SHORT,2024-01-15T15:08:00.000000000Z,london,monday,3.60000000000138,1.4999999999987246,0.8300000000003305,0.6750000000010914,0.18072289156603943,1,30,0.03225806451612903
SHORT_7_003,7.0,SHORT,2024-01-15T15:09:00.000000000Z,london,monday,3.60000000000138,0.8999999999992347,0.8100000000001994,0.5250000000006638,0.11111111111098927,2,29,0.06451612903225806
SHORT_7_003,7.0,SHORT,2024-01-15T15:10:00.000000000Z,london,monday,3.60000000000138,-0.700000000000145,0.8100000000004215,0.7000000000007001,0.08641975308639267,3,28,0.0967741935483871
SHORT_7_003,7.0,SHORT,2024-01-15T15:11:00.000000000Z,london,monday,3.60000000000138,-0.40000000000040004,0.780000000000447,0.900000000000345,0.05128205128207318,4,27,0.12903225806451613
SHORT_7_003,7.0,SHORT,2024-01-15T15:12:00.000000000Z,london,monday,6.200000000000649,-2.5999999999992696,1.000000000000334,1.3249999999997986,0.25999999999984014,5,26,0.16129032258064516
SHORT_7_003,7.0,SHORT,2024-01-15T15:13:00.000000000Z,london,monday,6.200000000000649,-1.4999999999987246,1.1100000000003885,1.7250000000001986,0.13513513513497294,6,25,0.1935483870967742
SHORT_7_003,7.0,SHORT,2024-01-15T15:14:00.000000000Z,london,monday,6.200000000000649,-2.6999999999999247,0.9900000000002684,1.5499999999996072,0.27272727272719116,7,24,0.22580645161290322
SHORT_7_003,7.0,SHORT,2024-01-15T15:15:00.000000000Z,london,monday,6.200000000000649,-2.6999999999999247,0.9900000000002684,1.3249999999997986,0.27272727272719116,8,23,0.25806451612903225
SHORT_7_003,7.0,SHORT,2024-01-15T15:16:00.000000000Z,london,monday,6.200000000000649,-2.0999999999982144,1.0300000000003084,0.800000000000245,0.20388349514539666,9,22,0.2903225806451613
SHORT_7_003,7.0,SHORT,2024-01-15T15:17:00.000000000Z,london,monday,6.200000000000649,-4.00000000000178,1.040000000000374,0.6000000000006,0.38461538461541744,10,21,0.3225806451612903
SHORT_7_003,7.0,SHORT,2024-01-15T15:18:00.000000000Z,london,monday,5.299999999999194,-3.2999999999994145,0.9700000000001374,0.6250000000007638,0.34020618556690174,11,20,0.3548387096774194
SHORT_7_003,7.0,SHORT,2024-01-15T15:19:00.000000000Z,london,monday,5.1000000000001044,-3.1000000000003247,0.9500000000002284,0.4250000000005638,0.32631578947363993,12,19,0.3870967741935484
SHORT_7_003,7.0,SHORT,2024-01-15T15:20:00.000000000Z,london,monday,4.299999999999304,-2.5999999999992696,0.9000000000001229,0.37500000000023626,0.2888888888887683,13,18,0.41935483870967744
SHORT_7_003,7.0,SHORT,2024-01-15T15:21:00.000000000Z,london,monday,3.20000000000098,-0.7999999999985796,0.740000000000185,0.14999999999987246,0.10810810810788915,14,17,0.45161290322580644
SHORT_7_003,7.0,SHORT,2024-01-15T15:22:00.000000000Z,london,monday,3.9999999999995595,3.9999999999995595,0.700000000000145,0.6499999999998174,0.5714285714283902,15,16,0.4838709677419355
SHORT_7_003,7.0,SHORT,2024-01-15T15:23:00.000000000Z,london,monday,2.2999999999995246,0.3999999999981796,0.700000000000145,1.0999999999999899,0.057142857142585254,16,15,0.5161290322580645
SHORT_7_003,7.0,SHORT,2024-01-15T15:24:00.000000000Z,london,monday,2.500000000000835,2.300000000001745,0.8900000000005015,1.5250000000005537,0.2584269662921853,17,14,0.5483870967741935
SHORT_7_003,7.0,SHORT,2024-01-15T15:25:00.000000000Z,london,monday,5.1000000000001044,4.100000000000215,1.0700000000003485,2.1500000000002073,0.38317757009335324,18,13,0.5806451612903226
SHORT_7_003,7.0,SHORT,2024-01-15T15:26:00.000000000Z,london,monday,5.699999999999594,4.199999999998649,1.080000000000192,1.7500000000003624,0.3888888888886947,19,12,0.6129032258064516
SHORT_7_003,7.0,SHORT,2024-01-15T15:27:00.000000000Z,london,monday,5.699999999999594,3.4000000000000696,1.1600000000000499,1.7500000000003624,0.2931034482758555,20,11,0.6451612903225806
SHORT_7_003,7.0,SHORT,2024-01-15T15:28:00.000000000Z,london,monday,5.699999999999594,3.20000000000098,1.1799999999999589,1.3499999999994072,0.2711864406780586,21,10,0.6774193548387096
SHORT_7_003,7.0,SHORT,2024-01-15T15:29:00.000000000Z,london,monday,5.699999999999594,4.100000000000215,1.2699999999998823,0.9249999999993985,0.32283464566933817,22,9,0.7096774193548387
SHORT_7_003,7.0,SHORT,2024-01-15T15:30:00.000000000Z,london,monday,5.699999999999594,2.100000000000435,1.4699999999998603,1.3499999999994072,0.142857142857186,23,8,0.7419354838709677
SHORT_7_003,7.0,SHORT,2024-01-15T15:31:00.000000000Z,london,monday,5.599999999998939,1.40000000000029,1.5199999999997438,1.0499999999991072,0.09210526315792933,24,7,0.7741935483870968
SHORT_7_003,7.0,SHORT,2024-01-15T15:32:00.000000000Z,london,monday,5.20000000000076,-0.9999999999998899,1.3199999999999878,0.9999999999998899,0.07575757575756811,25,6,0.8064516129032258
SHORT_7_003,7.0,SHORT,2024-01-15T15:33:00.000000000Z,london,monday,5.20000000000076,0.30000000000196536,1.1899999999998023,0.8999999999997899,0.02521008403378279,26,5,0.8387096774193549
SHORT_7_003,7.0,SHORT,2024-01-15T15:34:00.000000000Z,london,monday,5.20000000000076,-2.000000000002,1.0199999999997988,0.40000000000040004,0.19607843137278377,27,4,0.8709677419354839
SHORT_7_003,7.0,SHORT,2024-01-15T15:35:00.000000000Z,london,monday,5.699999999999594,-5.1000000000001044,0.8099999999997554,0.37500000000023626,0.6296296296298327,28,3,0.9032258064516129
SHORT_7_003,7.0,SHORT,2024-01-15T15:36:00.000000000Z,london,monday,6.599999999998829,-6.599999999998829,0.8399999999997299,0.5499999999997174,0.785714285714399,29,2,0.9354838709677419
SHORT_7_003,7.0,SHORT,2024-01-15T15:37:00.000000000Z,london,monday,6.6000000000010495,-6.099999999999994,0.7899999999998464,0.7500000000004725,0.7721518987343267,30,1,0.967741935483871
SHORT_7_003,7.0,SHORT,2024-01-15T15:38:00.000000000Z,london,monday,6.900000000000794,-6.00000000000156,0.7800000000000029,0.7499999999999174,0.7692307692309663,31,0,1.0
LONG_8_001,8.0,LONG,2024-01-15T10:04:00.000000000Z,london,monday,7.500000000000284,-5.5000000000005045,1.1100000000001664,0.900000000000345,0.4954954954954667,0,157,0.0
LONG_8_001,8.0,LONG,2024-01-15T10:05:00.000000000Z,london,monday,7.500000000000284,-6.999999999999229,0.960000000000294,1.0250000000006088,0.7291666666663631,1,156,0.006369426751592357
LONG_8_001,8.0,LONG,2024-01-15T10:06:00.000000000Z,london,monday,7.300000000001194,-6.099999999999994,1.0100000000003995,0.9250000000005087,0.6039603960393646,2,155,0.012738853503184714
LONG_8_001,8.0,LONG,2024-01-15T10:07:00.000000000Z,london,monday,6.300000000001305,-5.300000000001415,0.9300000000005415,0.7250000000008638,0.5698924731180999,3,154,0.01910828025477707
LONG_8_001,8.0,LONG,2024-01-15T10:08:00.000000000Z,london,monday,6.300000000001305,-4.60000000000127,0.860000000000527,0.37500000000079137,0.5348837209300524,4,153,0.025477707006369428
LONG_8_001,8.0,LONG,2024-01-15T10:09:00.000000000Z,london,monday,7.4000000000018495,-7.4000000000018495,0.980000000000425,0.7500000000004725,0.7551020408161878,5,152,0.03184713375796178
LONG_8_001,8.0,LONG,2024-01-15T10:10:00.000000000Z,london,monday,5.700000000001815,-5.700000000001815,0.8100000000004215,0.8250000000004087,0.7037037037035616,6,151,0.03821656050955414
LONG_8_001,8.0,LONG,2024-01-15T10:11:00.000000000Z,london,monday,5.700000000001815,-4.900000000001015,0.8900000000005015,0.9750000000002812,0.5505617977526127,7,150,0.044585987261146494
LONG_8_001,8.0,LONG,2024-01-15T10:12:00.000000000Z,london,monday,5.20000000000076,-5.20000000000076,0.920000000000476,1.30000000000019,0.565217391304138,8,149,0.050955414012738856
LONG_8_001,8.0,LONG,2024-01-15T10:13:00.000000000Z,london,monday,4.20000000000087,-3.9999999999995595,0.840000000000618,0.8500000000005725,0.4761904761900734,9,148,0.05732484076433121
LONG_8_001,8.0,LONG,2024-01-15T10:14:00.000000000Z,london,monday,3.900000000001125,-1.80000000000069,0.760000000000316,0.7750000000000812,0.2368421052631502,10,147,0.06369426751592357
LONG_8_001,8.0,LONG,2024-01-15T10:15:00.000000000Z,london,monday,4.500000000000615,-3.8000000000004697,0.8600000000000829,0.9499999999995623,0.44186046511629107,11,146,0.07006369426751592
LONG_8_001,8.0,LONG,2024-01-15T10:16:00.000000000Z,london,monday,4.700000000001925,-4.700000000001925,0.8100000000001994,0.6499999999998174,0.5802469135803416,12,145,0.07643312101910828
LONG_8_001,8.0,LONG,2024-01-15T10:17:00.000000000Z,london,monday,5.699999999999594,-5.699999999999594,0.9099999999999664,0.8999999999992347,0.6263736263736049,13,144,0.08280254777070063
LONG_8_001,8.0,LONG,2024-01-15T10:18:00.000000000Z,london,monday,7.299999999998974,-7.299999999998974,1.0699999999999044,1.1499999999997623,0.6822429906541707,14,143,0.08917197452229299
LONG_8_001,8.0,LONG,2024-01-15T10:19:00.000000000Z,london,monday,5.299999999999194,-4.3999999999999595,0.9599999999998499,0.9999999999998899,0.4583333333334008,15,142,0.09554140127388536
LONG_8_001,8.0,LONG,2024-01-15T10:20:00.000000000Z,london,monday,5.1000000000001044,-4.199999999998649,0.9399999999997188,1.1499999999992072,0.4468085106382878,16,141,0.10191082802547771
LONG_8_001,8.0,LONG,2024-01-15T10:21:00.000000000Z,london,monday,5.1000000000001044,-4.599999999999049,0.8999999999996788,0.9499999999995623,0.5111111111111879,17,140,0.10828025477707007
LONG_8_001,8.0,LONG,2024-01-15T10:22:00.000000000Z,london,monday,4.899999999998794,-3.9999999999995595,0.8399999999997299,0.7249999999997536,0.4761904761905769,18,139,0.11464968152866242
LONG_8_001,8.0,LONG,2024-01-15T10:23:00.000000000Z,london,monday,4.899999999998794,-3.8000000000004697,0.8599999999996388,0.6000000000000449,0.4418604651165193,19,138,0.12101910828025478
LONG_8_001,8.0,LONG,2024-01-15T10:24:00.000000000Z,london,monday,4.899999999998794,-3.9999999999995595,0.8399999999997299,0.5250000000001087,0.4761904761905769,20,137,0.12738853503184713
LONG_8_001,8.0,LONG,2024-01-15T10:25:00.000000000Z,london,monday,3.4000000000000696,-1.500000000000945,0.7899999999998464,0.6749999999999812,0.18987341772167554,21,136,0.1337579617834395
LONG_8_001,8.0,LONG,2024-01-15T10:26:00.000000000Z,london,monday,3.1999999999987594,-1.7999999999984695,0.8199999999995988,0.5999999999994898,0.21951219512187198,22,135,0.14012738853503184
LONG_8_001,8.0,LONG,2024-01-15T10:27:00.000000000Z,london,monday,1.9999999999997797,-0.5000000000010552,0.7099999999995443,0.5249999999989985,0.07042253521146141,23,134,0.1464968152866242
LONG_8_001,8.0,LONG,2024-01-15T10:28:00.000000000Z,london,monday,2.4000000000001798,2.100000000000435,0.6299999999996864,0.6249999999996536,0.3333333333335683,24,133,0.15286624203821655
LONG_8_001,8.0,LONG,2024-01-15T10:29:00.000000000Z,london,monday,2.4000000000001798,0.5000000000010552,0.6099999999997774,0.5499999999997174,0.08196721311495699,25,132,0.1592356687898089
LONG_8_001,8.0,LONG,2024-01-15T10:30:00.000000000Z,london,monday,4.599999999999049,4.199999999998649,0.8199999999998209,1.1499999999997623,0.5121951219511667,26,131,0.16560509554140126
LONG_8_001,8.0,LONG,2024-01-15T10:31:00.000000000Z,london,monday,4.599999999999049,2.5999999999992696,0.8999999999996788,1.4249999999998986,0.28888888888891084,27,130,0.17197452229299362
LONG_8_001,8.0,LONG,2024-01-15T10:32:00.000000000Z,london,monday,4.599999999999049,3.4000000000000696,0.8199999999995988,1.1999999999995348,0.4146341463416748,28,129,0.17834394904458598
LONG_8_001,8.0,LONG,2024-01-15T10:33:00.000000000Z,london,monday,4.199999999998649,3.5999999999991594,0.8399999999995078,1.174999999999371,0.42857142857157965,29,128,0.18471337579617833
LONG_8_001,8.0,LONG,2024-01-15T10:34:00.000000000Z,london,monday,3.6999999999998145,1.500000000000945,0.9499999999995623,0.8499999999994623,0.15789473684227748,30,127,0.1910828025477707
LONG_8_001,8.0,LONG,2024-01-15T10:35:00.000000000Z,london,monday,3.1999999999987594,-0.2999999999997449,0.9299999999996533,0.7499999999999174,0.03225806451611363,31,126,0.19745222929936307
LONG_8_001,8.0,LONG,2024-01-15T10:36:00.000000000Z,london,monday,3.1999999999987594,0.1999999999990898,0.8799999999997699,0.7499999999999174,0.02272727272717524,32,125,0.20382165605095542
LONG_8_001,8.0,LONG,2024-01-15T10:37:00.000000000Z,london,monday,3.1000000000003247,0.9000000000014552,0.9500000000000064,0.800000000000245,0.09473684210541569,33,124,0.21019108280254778
LONG_8_001,8.0,LONG,2024-01-15T10:38:00.000000000Z,london,monday,2.9999999999996696,0.0,0.8599999999998609,0.40000000000040004,0.0,34,123,0.21656050955414013
LONG_8_001,8.0,LONG,2024-01-15T10:39:00.000000000Z,london,monday,2.9999999999996696,1.7000000000000348,0.8899999999998354,0.4500000000001725,0.19101123595509542,35,122,0.2229299363057325
LONG_8_001,8.0,LONG,2024-01-15T10:40:00.000000000Z,london,monday,2.9999999999996696,-1.7000000000000348,0.6500000000000394,0.5750000000004363,0.261538461538451,36,121,0.22929936305732485
LONG_8_001,8.0,LONG,2024-01-15T10:41:00.000000000Z,london,monday,2.4000000000001798,-0.5999999999994898,0.5399999999999849,0.3999999999998449,0.11111111111101973,37,120,0.2356687898089172
LONG_8_001,8.0,LONG,2024-01-15T10:42:00.000000000Z,london,monday,2.4000000000001798,-0.20000000000131024,0.5799999999998029,0.4999999999993898,0.03448275862092728,38,119,0.24203821656050956
LONG_8_001,8.0,LONG,2024-01-15T10:43:00.000000000Z,london,monday,2.4000000000001798,-1.9999999999997797,0.6399999999997519,0.5499999999991623,0.31250000000008676,39,118,0.2484076433121019
LONG_8_001,8.0,LONG,2024-01-15T10:44:00.000000000Z,london,monday,1.80000000000069,0.10000000000065512,0.5299999999999194,0.5499999999991623,0.01886792452842836,40,117,0.25477707006369427
LONG_8_001,8.0,LONG,2024-01-15T10:45:00.000000000Z,london,monday,1.80000000000069,0.9000000000014552,0.4499999999998394,0.5249999999995536,0.20000000000039475,41,116,0.2611464968152866
LONG_8_001,8.0,LONG,2024-01-15T10:46:00.000000000Z,london,monday,1.900000000001345,-0.10000000000065512,0.5500000000000504,0.6750000000005363,0.018181818181935625,42,115,0.267515923566879
LONG_8_001,8.0,LONG,2024-01-15T10:47:00.000000000Z,london,monday,1.900000000001345,-0.9000000000014552,0.46999999999997044,0.37500000000079137,0.19148936170244932,43,114,0.27388535031847133
LONG_8_001,8.0,LONG,2024-01-15T10:48:00.000000000Z,london,monday,1.900000000001345,-0.5999999999994898,0.500000000000167,0.3250000000010189,0.11999999999985789,44,113,0.2802547770700637
LONG_8_001,8.0,LONG,2024-01-15T10:49:00.000000000Z,london,monday,1.900000000001345,-0.8999999999992347,0.4700000000001925,0.5000000000010552,0.1914893617018864,45,112,0.28662420382165604
LONG_8_001,8.0,LONG,2024-01-15T10:50:00.000000000Z,london,monday,1.900000000001345,0.5000000000010552,0.5100000000000104,0.47500000000033626,0.0980392156864794,46,111,0.2929936305732484
LONG_8_001,8.0,LONG,2024-01-15T10:51:00.000000000Z,london,monday,4.00000000000178,2.6999999999999247,0.7100000000002105,1.000000000000445,0.3802816901407217,47,110,0.29936305732484075
LONG_8_001,8.0,LONG,2024-01-15T10:52:00.000000000Z,london,monday,4.00000000000178,1.40000000000029,0.760000000000538,1.1500000000003174,0.1842105263156972,48,109,0.3057324840764331
LONG_8_001,8.0,LONG,2024-01-15T10:53:00.000000000Z,london,monday,4.00000000000178,2.80000000000058,0.6600000000007711,1.0250000000006088,0.42424242424201647,49,108,0.31210191082802546
LONG_8_001,8.0,LONG,2024-01-15T10:54:00.000000000Z,london,monday,4.00000000000178,2.3999999999979593,0.620000000000509,0.8250000000004087,0.38709677419290145,50,107,0.3184713375796178
LONG_8_001,8.0,LONG,2024-01-15T10:55:00.000000000Z,london,monday,4.40000000000218,3.4000000000000696,0.7200000000007201,0.5500000000008276,0.47222222222175964,51,106,0.3248407643312102
LONG_8_001,8.0,LONG,2024-01-15T10:56:00.000000000Z,london,monday,5.800000000000249,5.800000000000249,0.760000000000316,0.6749999999999812,0.7631578947365576,52,105,0.33121019108280253
LONG_8_001,8.0,LONG,2024-01-15T10:57:00.000000000Z,london,monday,5.9000000000009045,5.9000000000009045,0.7700000000003815,0.6499999999998174,0.766233766233504,53,104,0.3375796178343949
LONG_8_001,8.0,LONG,2024-01-15T10:58:00.000000000Z,london,monday,5.599999999998939,5.599999999998939,0.740000000000185,0.6250000000002087,0.7567567567564243,54,103,0.34394904458598724
LONG_8_001,8.0,LONG,2024-01-15T10:59:00.000000000Z,london,monday,4.899999999998794,3.8999999999989043,0.7700000000001594,0.6249999999996536,0.5064935064932593,55,102,0.3503184713375796
LONG_8_001,8.0,LONG,2024-01-15T11:00:00.000000000Z,london,monday,4.199999999998649,4.199999999998649,0.8000000000001339,0.5749999999998812,0.5249999999997432,56,101,0.35668789808917195
LONG_8_001,8.0,LONG,2024-01-15T11:01:00.000000000Z,london,monday,3.4000000000000696,2.4999999999986144,0.6300000000001305,0.6499999999998174,0.3968253968250947,57,100,0.3630573248407643
LONG_8_001,8.0,LONG,2024-01-15T11:02:00.000000000Z,london,monday,3.4000000000000696,2.900000000001235,0.5899999999998684,0.7749999999995261,0.4915254237291325,58,99,0.36942675159235666
LONG_8_001,8.0,LONG,2024-01-15T11:03:00.000000000Z,london,monday,3.1999999999987594,3.1999999999987594,0.6199999999996209,0.6499999999992623,0.5161290322581801,59,98,0.37579617834394907
LONG_8_001,8.0,LONG,2024-01-15T11:04:00.000000000Z,london,monday,3.300000000001635,3.300000000001635,0.6299999999999084,0.3999999999998449,0.5238095238098595,60,97,0.3821656050955414
LONG_8_001,8.0,LONG,2024-01-15T11:05:00.000000000Z,london,monday,2.2999999999995246,1.4999999999987246,0.6099999999997774,0.49999999999994493,0.24590163934414294,61,96,0.3885350318471338
LONG_8_001,8.0,LONG,2024-01-15T11:06:00.000000000Z,london,monday,1.80000000000069,-0.09999999999843467,0.4899999999998794,0.4250000000000087,0.020408163264991692,62,95,0.39490445859872614
LONG_8_001,8.0,LONG,2024-01-15T11:07:00.000000000Z,london,monday,1.80000000000069,-0.1999999999990898,0.4799999999998139,0.3000000000003,0.04166666666649319,63,94,0.4012738853503185
LONG_8_001,8.0,LONG,2024-01-15T11:08:00.000000000Z,london,monday,1.80000000000069,0.8000000000008001,0.5799999999998029,0.49999999999994493,0.13793103448294344,64,93,0.40764331210191085
LONG_8_001,8.0,LONG,2024-01-15T11:09:00.000000000Z,london,monday,1.80000000000069,1.40000000000029,0.5199999999998539,0.3999999999998449,0.2692307692309006,65,92,0.4140127388535032
LONG_8_001,8.0,LONG,2024-01-15T11:10:00.000000000Z,london,monday,0.9999999999998899,0.30000000000196536,0.41000000000002146,0.37500000000023626,0.0731707317077926,66,91,0.42038216560509556
LONG_8_001,8.0,LONG,2024-01-15T11:11:00.000000000Z,london,monday,0.9999999999998899,-0.7999999999985796,0.43999999999999595,0.5500000000002725,0.1818181818178607,67,90,0.4267515923566879
LONG_8_001,8.0,LONG,2024-01-15T11:12:00.000000000Z,london,monday,0.9999999999998899,0.2999999999997449,0.45000000000006146,0.4500000000001725,0.06666666666660087,68,89,0.43312101910828027
LONG_8_001,8.0,LONG,2024-01-15T11:13:00.000000000Z,london,monday,1.40000000000029,0.6000000000017103,0.480000000000258,0.5500000000002725,0.12500000000028913,69,88,0.4394904458598726
LONG_8_001,8.0,LONG,2024-01-15T11:14:00.000000000Z,london,monday,1.5999999999993797,0.5999999999994898,0.48000000000003595,0.5749999999998812,0.12499999999988436,70,87,0.445859872611465
LONG_8_001,8.0,LONG,2024-01-15T11:15:00.000000000Z,london,monday,1.5999999999993797,0.8999999999992347,0.45000000000006146,0.5250000000001087,0.1999999999998026,71,86,0.45222929936305734
LONG_8_001,8.0,LONG,2024-01-15T11:16:00.000000000Z,london,monday,1.5999999999993797,1.5999999999993797,0.480000000000258,0.5000000000005,0.33333333333302495,72,85,0.4585987261146497
LONG_8_001,8.0,LONG,2024-01-15T11:17:00.000000000Z,london,monday,1.5999999999993797,1.5999999999993797,0.480000000000258,0.3000000000003,0.33333333333302495,73,84,0.46496815286624205
LONG_8_001,8.0,LONG,2024-01-15T11:18:00.000000000Z,london,monday,1.7999999999984695,0.7999999999985796,0.400000000000178,0.3000000000003,0.19999999999955592,74,83,0.4713375796178344
LONG_8_001,8.0,LONG,2024-01-15T11:19:00.000000000Z,london,monday,1.7999999999984695,-0.2999999999997449,0.5100000000000104,0.5499999999997174,0.05882352941171348,75,82,0.47770700636942676
LONG_8_001,8.0,LONG,2024-01-15T11:20:00.000000000Z,london,monday,1.7999999999984695,0.0,0.5399999999999849,0.5249999999995536,0.0,76,81,0.4840764331210191
LONG_8_001,8.0,LONG,2024-01-15T11:21:00.000000000Z,london,monday,1.7999999999984695,0.9999999999998899,0.49999999999994493,0.5999999999994898,0.2,77,80,0.49044585987261147
LONG_8_001,8.0,LONG,2024-01-15T11:22:00.000000000Z,london,monday,1.4999999999987246,-0.20000000000131024,0.500000000000167,0.700000000000145,0.04000000000024869,78,79,0.4968152866242038
LONG_8_001,8.0,LONG,2024-01-15T11:23:00.000000000Z,london,monday,1.8999999999991246,0.7999999999985796,0.600000000000156,0.7750000000006363,0.13333333333306194,79,78,0.5031847133757962
LONG_8_001,8.0,LONG,2024-01-15T11:24:00.000000000Z,london,monday,1.8999999999991246,0.40000000000040004,0.600000000000156,0.7250000000003087,0.06666666666671602,80,77,0.5095541401273885
LONG_8_001,8.0,LONG,2024-01-15T11:25:00.000000000Z,london,monday,3.1000000000003247,2.300000000001745,0.6900000000000794,1.000000000000445,0.33333333333354787,81,76,0.5159235668789809
LONG_8_001,8.0,LONG,2024-01-15T11:26:00.000000000Z,london,monday,3.2999999999994145,1.9999999999997797,0.6599999999998829,0.8999999999997899,0.3030303030303234,82,75,0.5222929936305732
LONG_8_001,8.0,LONG,2024-01-15T11:27:00.000000000Z,london,monday,3.5999999999991594,2.2999999999995246,0.6899999999998574,0.5249999999995536,0.3333333333333333,83,74,0.5286624203821656
LONG_8_001,8.0,LONG,2024-01-15T11:28:00.000000000Z,london,monday,3.5999999999991594,1.900000000001345,0.6899999999998574,0.5249999999995536,0.27536231884083157,84,73,0.535031847133758
LONG_8_001,8.0,LONG,2024-01-15T11:29:00.000000000Z,london,monday,5.1000000000001044,5.1000000000001044,0.7099999999999884,0.5999999999994898,0.718309859154956,85,72,0.5414012738853503
LONG_8_001,8.0,LONG,2024-01-15T11:30:00.000000000Z,london,monday,5.00000000000167,4.100000000000215,0.7299999999998974,0.6999999999995898,0.5616438356165467,86,71,0.5477707006369427
LONG_8_001,8.0,LONG,2024-01-15T11:31:00.000000000Z,london,monday,5.20000000000076,4.599999999999049,0.7799999999997809,0.8249999999992985,0.5897435897436335,87,70,0.554140127388535
LONG_8_001,8.0,LONG,2024-01-15T11:32:00.000000000Z,london,monday,5.40000000000207,5.40000000000207,0.7399999999997409,0.8249999999998536,0.729729729730265,88,69,0.5605095541401274
LONG_8_001,8.0,LONG,2024-01-15T11:33:00.000000000Z,london,monday,3.8000000000004697,2.60000000000149,0.6599999999996609,0.6499999999998174,0.39393939393982214,89,68,0.5668789808917197
LONG_8_001,8.0,LONG,2024-01-15T11:34:00.000000000Z,london,monday,3.8000000000004697,1.100000000000545,0.8099999999997554,0.9249999999999536,0.13580246913591076,90,67,0.5732484076433121
LONG_8_001,8.0,LONG,2024-01-15T11:35:00.000000000Z,london,monday,2.6999999999999247,-0.20000000000131024,0.6799999999995698,0.7499999999999174,0.029411764706093642,91,66,0.5796178343949044
LONG_8_001,8.0,LONG,2024-01-15T11:36:00.000000000Z,london,monday,2.6999999999999247,1.5999999999993797,0.8599999999996388,1.1999999999995348,0.18604651162791297,92,65,0.5859872611464968
LONG_8_001,8.0,LONG,2024-01-15T11:37:00.000000000Z,london,monday,2.6999999999999247,1.900000000001345,0.8899999999998354,1.0999999999999899,0.21348314606760635,93,64,0.5923566878980892
LONG_8_001,8.0,LONG,2024-01-15T11:38:00.000000000Z,london,monday,3.9999999999995595,3.4000000000000696,0.9999999999998899,0.9999999999998899,0.34000000000004443,94,63,0.5987261146496815
LONG_8_001,8.0,LONG,2024-01-15T11:39:00.000000000Z,london,monday,3.9999999999995595,1.5999999999993797,0.8399999999999519,1.000000000000445,0.19047619047612754,95,62,0.6050955414012739
LONG_8_001,8.0,LONG,2024-01-15T11:40:00.000000000Z,london,monday,4.799999999998139,3.0999999999981043,0.8699999999999264,0.7250000000003087,0.35632183908027204,96,61,0.6114649681528662
LONG_8_001,8.0,LONG,2024-01-15T11:41:00.000000000Z,london,monday,4.799999999998139,-0.5999999999994898,1.0799999999999699,1.2999999999996348,0.05555555555550987,97,60,0.6178343949044586
LONG_8_001,8.0,LONG,2024-01-15T11:42:00.000000000Z,london,monday,4.799999999998139,-0.700000000000145,1.0699999999999044,0.9999999999998899,0.06542056074768295,98,59,0.6242038216560509
LONG_8_001,8.0,LONG,2024-01-15T11:43:00.000000000Z,london,monday,4.799999999998139,0.7999999999985796,1.0199999999997988,1.0999999999994348,0.07843137254889582,99,58,0.6305732484076433
LONG_8_001,8.0,LONG,2024-01-15T11:44:00.000000000Z,london,monday,4.799999999998139,2.2999999999995246,0.8699999999997043,0.9249999999993985,0.2643678160919892,100,57,0.6369426751592356
LONG_8_001,8.0,LONG,2024-01-15T11:45:00.000000000Z,london,monday,4.699999999999704,0.20000000000131024,1.0599999999998388,0.6999999999995898,0.01886792452842836,101,56,0.643312101910828
LONG_8_001,8.0,LONG,2024-01-15T11:46:00.000000000Z,london,monday,5.499999999998284,-2.7999999999983594,0.9599999999998499,0.9249999999993985,0.2916666666665414,102,55,0.6496815286624203
LONG_8_001,8.0,LONG,2024-01-15T11:47:00.000000000Z,london,monday,5.499999999998284,-0.8000000000008001,1.1599999999996058,1.4499999999995072,0.06896551724147172,103,54,0.6560509554140127
LONG_8_001,8.0,LONG,2024-01-15T11:48:00.000000000Z,london,monday,5.499999999998284,-1.9999999999997797,1.0399999999997078,1.4249999999998986,0.19230769230772515,104,53,0.6624203821656051
LONG_8_001,8.0,LONG,2024-01-15T11:49:00.000000000Z,london,monday,5.499999999998284,-3.4000000000000696,1.1799999999997368,1.30000000000019,0.28813559322040916,105,52,0.6687898089171974
LONG_8_001,8.0,LONG,2024-01-15T11:50:00.000000000Z,london,monday,5.499999999998284,-4.299999999999304,1.0899999999998133,1.0500000000002174,0.39449541284404044,106,51,0.6751592356687898
LONG_8_001,8.0,LONG,2024-01-15T11:51:00.000000000Z,london,monday,3.1999999999987594,-1.500000000000945,0.8099999999999774,0.4250000000005638,0.18518518518530702,107,50,0.6815286624203821
LONG_8_001,8.0,LONG,2024-01-15T11:52:00.000000000Z,london,monday,4.599999999999049,-4.100000000000215,1.0499999999997733,1.0250000000000536,0.3904761904762952,108,49,0.6878980891719745
LONG_8_001,8.0,LONG,2024-01-15T11:53:00.000000000Z,london,monday,4.599999999999049,-3.9999999999995595,1.0599999999998388,0.7999999999996898,0.37735849056605353,109,48,0.6942675159235668
LONG_8_001,8.0,LONG,2024-01-15T11:54:00.000000000Z,london,monday,4.3999999999999595,-3.60000000000138,1.0599999999998388,0.8499999999994623,0.3396226415096158,110,47,0.7006369426751592
LONG_8_001,8.0,LONG,2024-01-15T11:55:00.000000000Z,london,monday,4.100000000000215,-1.3000000000018552,0.8899999999998354,0.8999999999992347,0.14606741573057255,111,46,0.7070063694267515
LONG_8_001,8.0,LONG,2024-01-15T11:56:00.000000000Z,london,monday,4.100000000000215,1.1999999999989797,0.9399999999999409,0.6499999999998174,0.1276595744679846,112,45,0.7133757961783439
LONG_8_001,8.0,LONG,2024-01-15T11:57:00.000000000Z,london,monday,4.299999999999304,0.2999999999997449,0.8500000000000174,0.9249999999999536,0.03529411764702809,113,44,0.7197452229299363
LONG_8_001,8.0,LONG,2024-01-15T11:58:00.000000000Z,london,monday,4.8000000000003595,0.700000000000145,0.8900000000000574,1.000000000000445,0.07865168539326964,114,43,0.7261146496815286
LONG_8_001,8.0,LONG,2024-01-15T11:59:00.000000000Z,london,monday,4.8000000000003595,0.8000000000008001,0.8799999999999919,1.2750000000005812,0.09090909090918266,115,42,0.732484076433121
LONG_8_001,8.0,LONG,2024-01-15T12:00:00.000000000Z,london,monday,4.8000000000003595,0.5000000000010552,0.9099999999999664,0.9750000000002812,0.054945054945172926,116,41,0.7388535031847133
LONG_8_001,8.0,LONG,2024-01-15T12:01:00.000000000Z,london,monday,4.8000000000003595,0.2999999999997449,0.9300000000000974,0.6250000000007638,0.03225806451609822,117,40,0.7452229299363057
LONG_8_001,8.0,LONG,2024-01-15T12:02:00.000000000Z,london,monday,4.8000000000003595,2.9999999999996696,0.700000000000367,0.5500000000008276,0.42857142857115665,118,39,0.7515923566878981
LONG_8_001,8.0,LONG,2024-01-15T12:03:00.000000000Z,london,monday,4.20000000000087,2.1999999999988695,0.660000000000549,0.2500000000010827,0.3333333333328848,119,38,0.7579617834394905
LONG_8_001,8.0,LONG,2024-01-15T12:04:00.000000000Z,london,monday,5.5000000000005045,5.5000000000005045,0.9900000000007125,1.0500000000013276,0.5555555555552066,120,37,0.7643312101910829
LONG_8_001,8.0,LONG,2024-01-15T12:05:00.000000000Z,london,monday,6.700000000001705,6.700000000001705,1.1100000000008325,1.3500000000010726,0.6036036036033045,121,36,0.7707006369426752
LONG_8_001,8.0,LONG,2024-01-15T12:06:00.000000000Z,london,monday,5.20000000000076,4.900000000001015,0.9900000000007125,1.3750000000006812,0.49494949494924123,122,35,0.7770700636942676
LONG_8_001,8.0,LONG,2024-01-15T12:07:00.000000000Z,london,monday,5.00000000000167,2.6999999999999247,0.8700000000008146,1.4500000000006175,0.31034482758590765,123,34,0.7834394904458599
LONG_8_001,8.0,LONG,2024-01-15T12:08:00.000000000Z,london,monday,5.00000000000167,2.5999999999992696,0.860000000000749,0.6750000000005363,0.3023255813950006,124,33,0.7898089171974523
LONG_8_001,8.0,LONG,2024-01-15T12:09:00.000000000Z,london,monday,6.500000000000394,5.899999999998684,0.9100000000006325,0.7750000000000812,0.6483516483510531,125,32,0.7961783439490446
LONG_8_001,8.0,LONG,2024-01-15T12:10:00.000000000Z,london,monday,6.800000000000139,6.499999999998174,0.9100000000006325,0.7750000000000812,0.7142857142850171,126,31,0.802547770700637
LONG_8_001,8.0,LONG,2024-01-15T12:11:00.000000000Z,london,monday,7.200000000000539,7.200000000000539,0.920000000000476,0.7499999999999174,0.7826086956518277,127,30,0.8089171974522293
LONG_8_001,8.0,LONG,2024-01-15T12:12:00.000000000Z,london,monday,7.900000000000684,7.699999999999374,0.9700000000003595,0.8249999999998536,0.793814432989332,128,29,0.8152866242038217
LONG_8_001,8.0,LONG,2024-01-15T12:13:00.000000000Z,london,monday,9.40000000000163,9.40000000000163,1.100000000000323,0.7250000000003087,0.8545454545453518,129,28,0.821656050955414
LONG_8_001,8.0,LONG,2024-01-15T12:14:00.000000000Z,london,monday,6.500000000000394,6.500000000000394,0.8100000000001994,0.800000000000245,0.8024691358023203,130,27,0.8280254777070064
LONG_8_001,8.0,LONG,2024-01-15T12:15:00.000000000Z,london,monday,5.800000000000249,4.999999999999449,0.660000000000105,0.700000000000145,0.7575757575755537,131,26,0.8343949044585988
LONG_8_001,8.0,LONG,2024-01-15T12:16:00.000000000Z,london,monday,5.800000000000249,5.199999999998539,0.640000000000196,0.5500000000002725,0.8124999999995229,132,25,0.8407643312101911
LONG_8_001,8.0,LONG,2024-01-15T12:17:00.000000000Z,london,monday,6.999999999999229,6.999999999999229,0.7200000000000539,0.49999999999994493,0.9722222222220424,133,24,0.8471337579617835
LONG_8_001,8.0,LONG,2024-01-15T12:18:00.000000000Z,london,monday,7.200000000000539,7.200000000000539,0.740000000000185,0.5000000000005,0.9729729729728027,134,23,0.8535031847133758
LONG_8_001,8.0,LONG,2024-01-15T12:19:00.000000000Z,london,monday,5.300000000001415,2.9999999999996696,0.780000000000447,1.0750000000009363,0.38461538461512185,135,22,0.8598726114649682
LONG_8_001,8.0,LONG,2024-01-15T12:20:00.000000000Z,london,monday,5.00000000000167,2.80000000000058,0.760000000000538,1.0750000000009363,0.3684210526313944,136,21,0.8662420382165605
LONG_8_001,8.0,LONG,2024-01-15T12:21:00.000000000Z,london,monday,4.60000000000127,2.9999999999996696,0.780000000000447,0.9000000000009001,0.38461538461512185,137,20,0.8726114649681529
LONG_8_001,8.0,LONG,2024-01-15T12:22:00.000000000Z,london,monday,3.900000000001125,1.2999999999996348,0.8100000000004215,1.000000000000445,0.16049382716036523,138,19,0.8789808917197452
LONG_8_001,8.0,LONG,2024-01-15T12:23:00.000000000Z,london,monday,4.20000000000087,-1.80000000000069,0.820000000000265,0.8249999999998536,0.21951219512196443,139,18,0.8853503184713376
LONG_8_001,8.0,LONG,2024-01-15T12:24:00.000000000Z,london,monday,4.60000000000127,-2.80000000000058,0.800000000000356,0.8999999999997899,0.3499999999999167,140,17,0.89171974522293
LONG_8_001,8.0,LONG,2024-01-15T12:25:00.000000000Z,london,monday,5.00000000000167,-3.20000000000098,0.840000000000396,0.8500000000000174,0.38095238095231804,141,16,0.8980891719745223
LONG_8_001,8.0,LONG,2024-01-15T12:26:00.000000000Z,london,monday,5.00000000000167,-1.1999999999989797,1.020000000000465,1.0750000000003812,0.11764705882337574,142,15,0.9044585987261147
LONG_8_001,8.0,LONG,2024-01-15T12:27:00.000000000Z,london,monday,5.20000000000076,-4.599999999999049,1.100000000000545,1.200000000000645,0.41818181818152456,143,14,0.910828025477707
LONG_8_001,8.0,LONG,2024-01-15T12:28:00.000000000Z,london,monday,6.00000000000156,-6.00000000000156,1.120000000000454,1.300000000000745,0.5357142857142079,144,13,0.9171974522292994
LONG_8_001,8.0,LONG,2024-01-15T12:29:00.000000000Z,london,monday,4.3999999999999595,-3.6999999999998145,0.8900000000002795,1.200000000000645,0.4157303370785003,145,12,0.9235668789808917
LONG_8_001,8.0,LONG,2024-01-15T12:30:00.000000000Z,london,monday,5.599999999998939,-4.999999999999449,1.000000000000112,1.0250000000000536,0.499999999999889,146,11,0.9299363057324841
LONG_8_001,8.0,LONG,2024-01-15T12:31:00.000000000Z,london,monday,5.800000000000249,-5.800000000000249,0.960000000000294,0.5500000000002725,0.6041666666665076,147,10,0.9363057324840764
LONG_8_001,8.0,LONG,2024-01-15T12:32:00.000000000Z,london,monday,4.8000000000003595,-4.599999999999049,0.880000000000436,0.40000000000040004,0.5227272727269057,148,9,0.9426751592356688
LONG_8_001,8.0,LONG,2024-01-15T12:33:00.000000000Z,london,monday,6.500000000000394,-5.399999999999849,0.960000000000516,1.000000000000445,0.5624999999996819,149,8,0.9490445859872612
LONG_8_001,8.0,LONG,2024-01-15T12:34:00.000000000Z,london,monday,6.500000000000394,-0.7999999999985796,1.340000000000563,1.7500000000009175,0.059701492537182356,150,7,0.9554140127388535
LONG_8_001,8.0,LONG,2024-01-15T12:35:00.000000000Z,london,monday,6.500000000000394,-1.3999999999980695,1.400000000000512,1.9500000000005624,0.09999999999982553,151,6,0.9617834394904459
LONG_8_001,8.0,LONG,2024-01-15T12:36:00.000000000Z,london,monday,6.500000000000394,-2.60000000000149,1.28000000000017,2.074999999999716,0.20312500000008946,152,5,0.9681528662420382
LONG_8_001,8.0,LONG,2024-01-15T12:37:00.000000000Z,london,monday,4.3999999999999595,-1.40000000000029,1.1600000000000499,1.6999999999994797,0.12068965517243359,153,4,0.9745222929936306
LONG_8_001,8.0,LONG,2024-01-15T12:38:00.000000000Z,london,monday,4.20000000000087,-2.5999999999992696,1.2799999999999478,1.1499999999992072,0.2031249999999512,154,3,0.9808917197452229
LONG_8_001,8.0,LONG,2024-01-15T12:39:00.000000000Z,london,monday,4.599999999999049,0.9999999999998899,1.6399999999998638,1.7999999999990246,0.06097560975609591,155,2,0.9872611464968153
LONG_8_001,8.0,LONG,2024-01-15T12:40:00.000000000Z,london,monday,8.60000000000083,6.200000000000649,1.9200000000001438,2.6249999999999885,0.3229166666666763,156,1,0.9936305732484076
LONG_8_001,8.0,LONG,2024-01-15T12:41:00.000000000Z,london,monday,11.200000000000099,9.00000000000123,2.1599999999999397,3.049999999999997,0.4166666666667352,157,0,1.0
LONG_8_002,8.0,LONG,2024-01-15T14:14:00.000000000Z,london,monday,6.900000000000794,-6.900000000000794,0.9900000000002684,0.37500000000023626,0.6969696969695882,0,135,0.0
LONG_8_002,8.0,LONG,2024-01-15T14:15:00.000000000Z,london,monday,3.6999999999998145,-2.80000000000058,0.7600000000000939,0.49999999999994493,0.3684210526316097,1,134,0.007407407407407408
LONG_8_002,8.0,LONG,2024-01-15T14:16:00.000000000Z,london,monday,1.4999999999987246,-0.4999999999988347,0.5500000000000504,0.47500000000033626,0.0909090909088707,2,133,0.014814814814814815
LONG_8_002,8.0,LONG,2024-01-15T14:17:00.000000000Z,london,monday,1.8999999999991246,0.8999999999992347,0.5900000000000905,0.6749999999999812,0.15254237288120284,3,132,0.022222222222222223
LONG_8_002,8.0,LONG,2024-01-15T14:18:00.000000000Z,london,monday,1.8999999999991246,0.1999999999990898,0.660000000000105,0.8249999999998536,0.030303030302887574,4,131,0.02962962962962963
LONG_8_002,8.0,LONG,2024-01-15T14:19:00.000000000Z,london,monday,2.4000000000001798,-1.80000000000069,0.660000000000105,0.8500000000000174,0.2727272727273339,5,130,0.037037037037037035
LONG_8_002,8.0,LONG,2024-01-15T14:20:00.000000000Z,london,monday,2.4000000000001798,-0.9999999999998899,0.5800000000000249,0.8249999999998536,0.17241379310342186,6,129,0.044444444444444446
LONG_8_002,8.0,LONG,2024-01-15T14:21:00.000000000Z,london,monday,2.5999999999992696,-1.5999999999993797,0.5599999999998939,0.6499999999998174,0.2857142857142291,7,128,0.05185185185185185
LONG_8_002,8.0,LONG,2024-01-15T14:22:00.000000000Z,london,monday,2.5999999999992696,0.2999999999997449,0.7099999999999884,0.7249999999997536,0.04225352112672533,8,127,0.05925925925925926
LONG_8_002,8.0,LONG,2024-01-15T14:23:00.000000000Z,london,monday,2.5999999999992696,0.8999999999992347,0.7699999999999374,0.6499999999998174,0.11688311688302701,9,126,0.06666666666666667
LONG_8_002,8.0,LONG,2024-01-15T14:24:00.000000000Z,london,monday,3.4000000000000696,2.6999999999999247,0.7899999999998464,0.8999999999997899,0.3417721518987911,10,125,0.07407407407407407
LONG_8_002,8.0,LONG,2024-01-15T14:25:00.000000000Z,london,monday,3.4000000000000696,0.40000000000040004,0.8399999999999519,1.2000000000000899,0.04761904761909797,11,124,0.08148148148148149
LONG_8_002,8.0,LONG,2024-01-15T14:26:00.000000000Z,london,monday,3.8999999999989043,2.1999999999988695,1.0199999999997988,1.2499999999998623,0.21568627450973563,12,123,0.08888888888888889
LONG_8_002,8.0,LONG,2024-01-15T14:27:00.000000000Z,london,monday,3.8999999999989043,0.9999999999998899,0.9599999999998499,1.1499999999997623,0.10416666666667149,13,122,0.0962962962962963
LONG_8_002,8.0,LONG,2024-01-15T14:28:00.000000000Z,london,monday,3.8999999999989043,1.40000000000029,0.9199999999998099,1.1499999999997623,0.15217391304354122,14,121,0.1037037037037037
LONG_8_002,8.0,LONG,2024-01-15T14:29:00.000000000Z,london,monday,3.8999999999989043,2.60000000000149,0.8399999999999519,0.8500000000000174,0.30952380952400466,15,120,0.1111111111111111
LONG_8_002,8.0,LONG,2024-01-15T14:30:00.000000000Z,london,monday,4.3999999999999595,4.20000000000087,0.9999999999998899,0.7750000000000812,0.4200000000001332,16,119,0.11851851851851852
LONG_8_002,8.0,LONG,2024-01-15T14:31:00.000000000Z,london,monday,4.3999999999999595,3.4000000000000696,1.0799999999999699,0.9500000000001174,0.31481481481483004,17,118,0.1259259259259259
LONG_8_002,8.0,LONG,2024-01-15T14:32:00.000000000Z,london,monday,2.6999999999999247,1.100000000000545,0.9699999999999154,0.8500000000000174,0.11340206185573617,18,117,0.13333333333333333
LONG_8_002,8.0,LONG,2024-01-15T14:33:00.000000000Z,london,monday,2.4000000000001798,0.9999999999998899,0.9599999999998499,0.9499999999995623,0.10416666666667149,19,116,0.14074074074074075
LONG_8_002,8.0,LONG,2024-01-15T14:34:00.000000000Z,london,monday,2.4000000000001798,-0.5000000000010552,0.9099999999999664,0.6749999999999812,0.054945054945172926,20,115,0.14814814814814814
LONG_8_002,8.0,LONG,2024-01-15T14:35:00.000000000Z,london,monday,2.5999999999992696,-0.1999999999990898,0.8799999999997699,0.6999999999995898,0.02272727272717524,21,114,0.15555555555555556
LONG_8_002,8.0,LONG,2024-01-15T14:36:00.000000000Z,london,monday,2.5999999999992696,-0.6999999999979245,0.8299999999998864,0.8999999999997899,0.08433734939735185,22,113,0.16296296296296298
LONG_8_002,8.0,LONG,2024-01-15T14:37:00.000000000Z,london,monday,2.5999999999992696,-1.7999999999984695,0.9399999999999409,1.0999999999999899,0.1914893617019769,23,112,0.17037037037037037
LONG_8_002,8.0,LONG,2024-01-15T14:38:00.000000000Z,london,monday,2.5999999999992696,0.2999999999997449,0.9499999999997844,1.2499999999993072,0.03157894736840137,24,111,0.17777777777777778
LONG_8_002,8.0,LONG,2024-01-15T14:39:00.000000000Z,london,monday,2.5999999999992696,0.9999999999998899,1.0199999999997988,1.2000000000000899,0.09803921568628304,25,110,0.18518518518518517
LONG_8_002,8.0,LONG,2024-01-15T14:40:00.000000000Z,london,monday,2.5999999999992696,-0.5999999999994898,0.8599999999998609,0.8500000000000174,0.06976744186041708,26,109,0.1925925925925926
LONG_8_002,8.0,LONG,2024-01-15T14:41:00.000000000Z,london,monday,1.9999999999997797,0.40000000000040004,0.7599999999998719,0.49999999999994493,0.05263157894742993,27,108,0.2
LONG_8_002,8.0,LONG,2024-01-15T14:42:00.000000000Z,london,monday,1.9999999999997797,0.7999999999985796,0.7200000000000539,0.27500000000069136,0.11111111111090552,28,107,0.2074074074074074
LONG_8_002,8.0,LONG,2024-01-15T14:43:00.000000000Z,london,monday,1.9999999999997797,0.0,0.6800000000000139,0.10000000000010001,0.0,29,106,0.21481481481481482
LONG_8_002,8.0,LONG,2024-01-15T14:44:00.000000000Z,london,monday,1.9999999999997797,0.8000000000008001,0.6599999999998829,0.17500000000003624,0.12121212121226393,30,105,0.2222222222222222
LONG_8_002,8.0,LONG,2024-01-15T14:45:00.000000000Z,london,monday,1.9999999999997797,1.9999999999997797,0.560000000000116,0.20000000000020002,0.35714285714274385,31,104,0.22962962962962963
LONG_8_002,8.0,LONG,2024-01-15T14:46:00.000000000Z,london,monday,1.9999999999997797,-0.8000000000008001,0.560000000000116,0.49999999999994493,0.14285714285725615,32,103,0.23703703703703705
LONG_8_002,8.0,LONG,2024-01-15T14:47:00.000000000Z,london,monday,1.9999999999997797,1.1999999999989797,0.48000000000003595,0.6000000000000449,0.2499999999997687,33,102,0.24444444444444444
LONG_8_002,8.0,LONG,2024-01-15T14:48:00.000000000Z,london,monday,1.40000000000029,0.30000000000196536,0.3900000000003345,0.5750000000004363,0.07692307692351488,34,101,0.2518518518518518
LONG_8_002,8.0,LONG,2024-01-15T14:49:00.000000000Z,london,monday,1.500000000000945,-1.500000000000945,0.3900000000003345,0.7750000000006363,0.38461538461529704,35,100,0.25925925925925924
LONG_8_002,8.0,LONG,2024-01-15T14:50:00.000000000Z,london,monday,2.100000000000435,-2.100000000000435,0.4500000000002835,0.5750000000004363,0.4666666666664693,36,99,0.26666666666666666
LONG_8_002,8.0,LONG,2024-01-15T14:51:00.000000000Z,london,monday,2.100000000000435,-1.9999999999997797,0.460000000000349,0.4500000000007276,0.4347826086952744,37,98,0.2740740740740741
LONG_8_002,8.0,LONG,2024-01-15T14:52:00.000000000Z,london,monday,2.20000000000109,-1.9999999999997797,0.460000000000349,0.4500000000007276,0.4347826086952744,38,97,0.2814814814814815
LONG_8_002,8.0,LONG,2024-01-15T14:53:00.000000000Z,london,monday,2.20000000000109,-1.5999999999993797,0.46000000000057106,0.27500000000069136,0.34782608695595507,39,96,0.28888888888888886
LONG_8_002,8.0,LONG,2024-01-15T14:54:00.000000000Z,london,monday,2.20000000000109,-2.100000000000435,0.4500000000007276,0.17500000000114646,0.46666666666600876,40,95,0.2962962962962963
LONG_8_002,8.0,LONG,2024-01-15T14:55:00.000000000Z,london,monday,2.20000000000109,-1.40000000000029,0.5200000000007421,0.3500000000011827,0.26923076923044076,41,94,0.3037037037037037
LONG_8_002,8.0,LONG,2024-01-15T14:56:00.000000000Z,london,monday,1.7000000000000348,0.8999999999992347,0.4700000000006366,0.5250000000006638,0.1914893617017055,42,93,0.3111111111111111
LONG_8_002,8.0,LONG,2024-01-15T14:57:00.000000000Z,london,monday,2.80000000000058,1.40000000000029,0.5200000000007421,0.7500000000004725,0.26923076923044076,43,92,0.31851851851851853
LONG_8_002,8.0,LONG,2024-01-15T14:58:00.000000000Z,london,monday,2.80000000000058,0.5999999999994898,0.56000000000056,0.8500000000000174,0.10714285714265889,44,91,0.32592592592592595
LONG_8_002,8.0,LONG,2024-01-15T14:59:00.000000000Z,london,monday,2.80000000000058,1.900000000001345,0.5100000000004545,0.7499999999999174,0.37254901960777487,45,90,0.3333333333333333
LONG_8_002,8.0,LONG,2024-01-15T15:00:00.000000000Z,london,monday,3.4000000000000696,3.2999999999994145,0.5300000000003635,0.7249999999997536,0.6226415094334248,46,89,0.34074074074074073
LONG_8_002,8.0,LONG,2024-01-15T15:01:00.000000000Z,london,monday,3.4000000000000696,1.1999999999989797,0.720000000000276,0.9499999999995623,0.16666666666646107,47,88,0.34814814814814815
LONG_8_002,8.0,LONG,2024-01-15T15:02:00.000000000Z,london,monday,3.4000000000000696,0.9999999999998899,0.740000000000185,0.8999999999997899,0.1351351351350865,48,87,0.35555555555555557
LONG_8_002,8.0,LONG,2024-01-15T15:03:00.000000000Z,london,monday,3.4000000000000696,1.4999999999987246,0.7900000000000684,0.9749999999997261,0.1898734177213411,49,86,0.362962962962963
LONG_8_002,8.0,LONG,2024-01-15T15:04:00.000000000Z,london,monday,3.4000000000000696,2.9999999999996696,0.8999999999999009,1.0999999999999899,0.3333333333333333,50,85,0.37037037037037035
LONG_8_002,8.0,LONG,2024-01-15T15:05:00.000000000Z,london,monday,2.9999999999996696,2.9999999999996696,0.8999999999999009,0.800000000000245,0.3333333333333333,51,84,0.37777777777777777
LONG_8_002,8.0,LONG,2024-01-15T15:06:00.000000000Z,london,monday,2.80000000000058,1.9999999999997797,0.8200000000000429,0.7250000000003087,0.2439024390243506,52,83,0.3851851851851852
LONG_8_002,8.0,LONG,2024-01-15T15:07:00.000000000Z,london,monday,3.60000000000138,1.80000000000069,0.8000000000001339,0.7750000000006363,0.22500000000004858,53,82,0.3925925925925926
LONG_8_002,8.0,LONG,2024-01-15T15:08:00.000000000Z,london,monday,3.60000000000138,1.4999999999987246,0.8300000000003305,0.6750000000010914,0.18072289156603943,54,81,0.4
LONG_8_002,8.0,LONG,2024-01-15T15:09:00.000000000Z,london,monday,3.60000000000138,0.8999999999992347,0.8100000000001994,0.5250000000006638,0.11111111111098927,55,80,0.4074074074074074
LONG_8_002,8.0,LONG,2024-01-15T15:10:00.000000000Z,london,monday,3.60000000000138,-0.700000000000145,0.8100000000004215,0.7000000000007001,0.08641975308639267,56,79,0.4148148148148148
LONG_8_002,8.0,LONG,2024-01-15T15:11:00.000000000Z,london,monday,3.60000000000138,-0.40000000000040004,0.780000000000447,0.900000000000345,0.05128205128207318,57,78,0.4222222222222222
LONG_8_002,8.0,LONG,2024-01-15T15:12:00.000000000Z,london,monday,6.200000000000649,-2.5999999999992696,1.000000000000334,1.3249999999997986,0.25999999999984014,58,77,0.42962962962962964
LONG_8_002,8.0,LONG,2024-01-15T15:13:00.000000000Z,london,monday,6.200000000000649,-1.4999999999987246,1.1100000000003885,1.7250000000001986,0.13513513513497294,59,76,0.43703703703703706
LONG_8_002,8.0,LONG,2024-01-15T15:14:00.000000000Z,london,monday,6.200000000000649,-2.6999999999999247,0.9900000000002684,1.5499999999996072,0.27272727272719116,60,75,0.4444444444444444
LONG_8_002,8.0,LONG,2024-01-15T15:15:00.000000000Z,london,monday,6.200000000000649,-2.6999999999999247,0.9900000000002684,1.3249999999997986,0.27272727272719116,61,74,0.45185185185185184
LONG_8_002,8.0,LONG,2024-01-15T15:16:00.000000000Z,london,monday,6.200000000000649,-2.0999999999982144,1.0300000000003084,0.800000000000245,0.20388349514539666,62,73,0.45925925925925926
LONG_8_002,8.0,LONG,2024-01-15T15:17:00.000000000Z,london,monday,6.200000000000649,-4.00000000000178,1.040000000000374,0.6000000000006,0.38461538461541744,63,72,0.4666666666666667
LONG_8_002,8.0,LONG,2024-01-15T15:18:00.000000000Z,london,monday,5.299999999999194,-3.2999999999994145,0.9700000000001374,0.6250000000007638,0.34020618556690174,64,71,0.4740740740740741
LONG_8_002,8.0,LONG,2024-01-15T15:19:00.000000000Z,london,monday,5.1000000000001044,-3.1000000000003247,0.9500000000002284,0.4250000000005638,0.32631578947363993,65,70,0.48148148148148145
LONG_8_002,8.0,LONG,2024-01-15T15:20:00.000000000Z,london,monday,4.299999999999304,-2.5999999999992696,0.9000000000001229,0.37500000000023626,0.2888888888887683,66,69,0.4888888888888889
LONG_8_002,8.0,LONG,2024-01-15T15:21:00.000000000Z,london,monday,3.20000000000098,-0.7999999999985796,0.740000000000185,0.14999999999987246,0.10810810810788915,67,68,0.4962962962962963
LONG_8_002,8.0,LONG,2024-01-15T15:22:00.000000000Z,london,monday,3.9999999999995595,3.9999999999995595,0.700000000000145,0.6499999999998174,0.5714285714283902,68,67,0.5037037037037037
LONG_8_002,8.0,LONG,2024-01-15T15:23:00.000000000Z,london,monday,2.2999999999995246,0.3999999999981796,0.700000000000145,1.0999999999999899,0.057142857142585254,69,66,0.5111111111111111
LONG_8_002,8.0,LONG,2024-01-15T15:24:00.000000000Z,london,monday,2.500000000000835,2.300000000001745,0.8900000000005015,1.5250000000005537,0.2584269662921853,70,65,0.5185185185185185
LONG_8_002,8.0,LONG,2024-01-15T15:25:00.000000000Z,london,monday,5.1000000000001044,4.100000000000215,1.0700000000003485,2.1500000000002073,0.38317757009335324,71,64,0.5259259259259259
LONG_8_002,8.0,LONG,2024-01-15T15:26:00.000000000Z,london,monday,5.699999999999594,4.199999999998649,1.080000000000192,1.7500000000003624,0.3888888888886947,72,63,0.5333333333333333
LONG_8_002,8.0,LONG,2024-01-15T15:27:00.000000000Z,london,monday,5.699999999999594,3.4000000000000696,1.1600000000000499,1.7500000000003624,0.2931034482758555,73,62,0.5407407407407407
LONG_8_002,8.0,LONG,2024-01-15T15:28:00.000000000Z,london,monday,5.699999999999594,3.20000000000098,1.1799999999999589,1.3499999999994072,0.2711864406780586,74,61,0.5481481481481482
LONG_8_002,8.0,LONG,2024-01-15T15:29:00.000000000Z,london,monday,5.699999999999594,4.100000000000215,1.2699999999998823,0.9249999999993985,0.32283464566933817,75,60,0.5555555555555556
LONG_8_002,8.0,LONG,2024-01-15T15:30:00.000000000Z,london,monday,5.699999999999594,2.100000000000435,1.4699999999998603,1.3499999999994072,0.142857142857186,76,59,0.562962962962963
LONG_8_002,8.0,LONG,2024-01-15T15:31:00.000000000Z,london,monday,5.599999999998939,1.40000000000029,1.5199999999997438,1.0499999999991072,0.09210526315792933,77,58,0.5703703703703704
LONG_8_002,8.0,LONG,2024-01-15T15:32:00.000000000Z,london,monday,5.20000000000076,-0.9999999999998899,1.3199999999999878,0.9999999999998899,0.07575757575756811,78,57,0.5777777777777777
LONG_8_002,8.0,LONG,2024-01-15T15:33:00.000000000Z,london,monday,5.20000000000076,0.30000000000196536,1.1899999999998023,0.8999999999997899,0.02521008403378279,79,56,0.5851851851851851
LONG_8_002,8.0,LONG,2024-01-15T15:34:00.000000000Z,london,monday,5.20000000000076,-2.000000000002,1.0199999999997988,0.40000000000040004,0.19607843137278377,80,55,0.5925925925925926
LONG_8_002,8.0,LONG,2024-01-15T15:35:00.000000000Z,london,monday,5.699999999999594,-5.1000000000001044,0.8099999999997554,0.37500000000023626,0.6296296296298327,81,54,0.6
LONG_8_002,8.0,LONG,2024-01-15T15:36:00.000000000Z,london,monday,6.599999999998829,-6.599999999998829,0.8399999999997299,0.5499999999997174,0.785714285714399,82,53,0.6074074074074074
LONG_8_002,8.0,LONG,2024-01-15T15:37:00.000000000Z,london,monday,6.6000000000010495,-6.099999999999994,0.7899999999998464,0.7500000000004725,0.7721518987343267,83,52,0.6148148148148148
LONG_8_002,8.0,LONG,2024-01-15T15:38:00.000000000Z,london,monday,6.900000000000794,-6.00000000000156,0.7800000000000029,0.7499999999999174,0.7692307692309663,84,51,0.6222222222222222
LONG_8_002,8.0,LONG,2024-01-15T15:39:00.000000000Z,london,monday,6.900000000000794,-6.699999999999484,0.7100000000002105,0.6750000000005363,0.9436619718306335,85,50,0.6296296296296297
LONG_8_002,8.0,LONG,2024-01-15T15:40:00.000000000Z,london,monday,4.60000000000127,-3.6999999999998145,0.5500000000002725,0.6250000000007638,0.6727272727269057,86,49,0.6370370370370371
LONG_8_002,8.0,LONG,2024-01-15T15:41:00.000000000Z,london,monday,4.00000000000178,-3.00000000000189,0.500000000000167,0.3249999999999087,0.6000000000001776,87,48,0.6444444444444445
LONG_8_002,8.0,LONG,2024-01-15T15:42:00.000000000Z,london,monday,3.8000000000004697,-1.1999999999989797,0.640000000000196,0.6500000000003725,0.18749999999978317,88,47,0.6518518518518519
LONG_8_002,8.0,LONG,2024-01-15T15:43:00.000000000Z,london,monday,3.300000000001635,-1.80000000000069,0.700000000000367,0.8750000000001812,0.25714285714282087,89,46,0.6592592592592592
LONG_8_002,8.0,LONG,2024-01-15T15:44:00.000000000Z,london,monday,2.9999999999996696,0.0,0.8200000000000429,1.074999999999826,0.0,90,45,0.6666666666666666
LONG_8_002,8.0,LONG,2024-01-15T15:45:00.000000000Z,london,monday,4.60000000000127,2.100000000000435,0.9300000000003195,1.4500000000006175,0.2258064516128724,91,44,0.674074074074074
LONG_8_002,8.0,LONG,2024-01-15T15:46:00.000000000Z,london,monday,4.60000000000127,1.4999999999987246,0.9900000000004905,1.4250000000004537,0.15151515151494763,92,43,0.6814814814814815
LONG_8_002,8.0,LONG,2024-01-15T15:47:00.000000000Z,london,monday,4.60000000000127,3.60000000000138,0.940000000000385,1.3500000000005175,0.38297872340424527,93,42,0.6888888888888889
LONG_8_002,8.0,LONG,2024-01-15T15:48:00.000000000Z,london,monday,5.00000000000167,5.00000000000167,1.020000000000465,1.2500000000009726,0.4901960784313128,94,41,0.6962962962962963
LONG_8_002,8.0,LONG,2024-01-15T15:49:00.000000000Z,london,monday,5.800000000000249,5.800000000000249,1.100000000000323,1.100000000000545,0.5272727272725951,95,40,0.7037037037037037
LONG_8_002,8.0,LONG,2024-01-15T15:50:00.000000000Z,london,monday,7.599999999998719,7.599999999998719,1.28000000000017,1.3499999999999623,0.5937499999998211,96,39,0.7111111111111111
LONG_8_002,8.0,LONG,2024-01-15T15:51:00.000000000Z,london,monday,7.800000000000029,7.800000000000029,1.300000000000301,1.2249999999996986,0.5999999999998633,97,38,0.7185185185185186
LONG_8_002,8.0,LONG,2024-01-15T15:52:00.000000000Z,london,monday,7.299999999998974,6.199999999998429,1.140000000000141,0.9499999999995623,0.543859649122602,98,37,0.725925925925926
LONG_8_002,8.0,LONG,2024-01-15T15:53:00.000000000Z,london,monday,8.699999999999264,8.699999999999264,1.1700000000001154,1.0499999999996623,0.7435897435896074,99,36,0.7333333333333333
LONG_8_002,8.0,LONG,2024-01-15T15:54:00.000000000Z,london,monday,7.800000000000029,7.800000000000029,1.080000000000192,0.5749999999998812,0.7222222222220965,100,35,0.7407407407407407
LONG_8_002,8.0,LONG,2024-01-15T15:55:00.000000000Z,london,monday,7.900000000000684,6.399999999999739,0.9400000000001629,0.5500000000002725,0.6808510638296414,101,34,0.7481481481481481
LONG_8_002,8.0,LONG,2024-01-15T15:56:00.000000000Z,london,monday,7.900000000000684,7.500000000000284,0.8300000000001084,0.6500000000003725,0.9036144578312415,102,33,0.7555555555555555
LONG_8_002,8.0,LONG,2024-01-15T15:57:00.000000000Z,london,monday,7.900000000000684,7.900000000000684,0.8700000000001484,0.6000000000006,0.908045977011418,103,32,0.762962962962963
LONG_8_002,8.0,LONG,2024-01-15T15:58:00.000000000Z,london,monday,7.399999999999629,7.399999999999629,0.8200000000000429,0.6000000000006,0.9024390243901514,104,31,0.7703703703703704
LONG_8_002,8.0,LONG,2024-01-15T15:59:00.000000000Z,london,monday,6.399999999999739,5.399999999999849,0.8200000000000429,0.800000000000245,0.6585365853658008,105,30,0.7777777777777778
LONG_8_002,8.0,LONG,2024-01-15T16:00:00.000000000Z,other,monday,3.9999999999995595,3.9999999999995595,0.6800000000000139,0.9749999999997261,0.5882352941175703,106,29,0.7851851851851852
LONG_8_002,8.0,LONG,2024-01-15T16:01:00.000000000Z,other,monday,3.6999999999998145,3.6999999999998145,0.6500000000000394,0.6749999999994261,0.5692307692307061,107,28,0.7925925925925926
LONG_8_002,8.0,LONG,2024-01-15T16:02:00.000000000Z,other,monday,3.6999999999998145,3.300000000001635,0.6899999999998574,0.6249999999990985,0.4782608695655532,108,27,0.8
LONG_8_002,8.0,LONG,2024-01-15T16:03:00.000000000Z,other,monday,2.2999999999995246,0.8000000000008001,0.6599999999998829,0.6499999999992623,0.12121212121226393,109,26,0.8074074074074075
LONG_8_002,8.0,LONG,2024-01-15T16:04:00.000000000Z,other,monday,2.4999999999986144,-0.7999999999985796,0.6999999999999229,0.6249999999996536,0.11428571428552396,110,25,0.8148148148148148
LONG_8_002,8.0,LONG,2024-01-15T16:05:00.000000000Z,other,monday,2.4999999999986144,-0.5999999999994898,0.7199999999998319,0.7249999999997536,0.08333333333328194,111,24,0.8222222222222222
LONG_8_002,8.0,LONG,2024-01-15T16:06:00.000000000Z,other,monday,2.4999999999986144,0.10000000000065512,0.7099999999997664,0.700000000000145,0.014084507042350427,112,23,0.8296296296296296
LONG_8_002,8.0,LONG,2024-01-15T16:07:00.000000000Z,other,monday,2.4999999999986144,-1.2000000000012,0.5999999999997119,0.4500000000001725,0.20000000000029605,113,22,0.837037037037037
LONG_8_002,8.0,LONG,2024-01-15T16:08:00.000000000Z,other,monday,2.4999999999986144,-1.900000000001345,0.5499999999998284,0.2250000000003638,0.3454545454548978,114,21,0.8444444444444444
LONG_8_002,8.0,LONG,2024-01-15T16:09:00.000000000Z,other,monday,2.4999999999986144,-0.8000000000008001,0.45999999999990493,0.15000000000042757,0.17391304347847075,115,20,0.8518518518518519
LONG_8_002,8.0,LONG,2024-01-15T16:10:00.000000000Z,other,monday,2.4999999999986144,-1.1999999999989797,0.42000000000008697,0.2500000000005276,0.2857142857139836,116,19,0.8592592592592593
LONG_8_002,8.0,LONG,2024-01-15T16:11:00.000000000Z,other,monday,2.4999999999986144,-2.0999999999982144,0.5100000000000104,0.4500000000001725,0.4117647058819944,117,18,0.8666666666666667
LONG_8_002,8.0,LONG,2024-01-15T16:12:00.000000000Z,other,monday,2.100000000000435,-1.6000000000016001,0.48000000000003595,0.4499999999996174,0.33333333333364173,118,17,0.8740740740740741
LONG_8_002,8.0,LONG,2024-01-15T16:13:00.000000000Z,other,monday,1.8999999999991246,-1.5999999999993797,0.4799999999998139,0.6999999999990347,0.3333333333333333,119,16,0.8814814814814815
LONG_8_002,8.0,LONG,2024-01-15T16:14:00.000000000Z,other,monday,1.8999999999991246,0.40000000000040004,0.4799999999998139,0.774999999998971,0.08333333333344899,120,15,0.8888888888888888
LONG_8_002,8.0,LONG,2024-01-15T16:15:00.000000000Z,other,monday,1.8999999999991246,0.7999999999985796,0.5199999999996319,0.7499999999988072,0.15384615384598962,121,14,0.8962962962962963
LONG_8_002,8.0,LONG,2024-01-15T16:16:00.000000000Z,other,monday,1.8999999999991246,-0.5999999999994898,0.5999999999994898,0.9999999999987796,0.1,122,13,0.9037037037037037
LONG_8_002,8.0,LONG,2024-01-15T16:17:00.000000000Z,other,monday,1.8999999999991246,0.1999999999990898,0.6599999999992168,0.8999999999986796,0.030303030302928354,123,12,0.9111111111111111
LONG_8_002,8.0,LONG,2024-01-15T16:18:00.000000000Z,other,monday,1.8999999999991246,-0.700000000000145,0.7499999999991402,0.8999999999986796,0.09333333333345965,124,11,0.9185185185185185
LONG_8_002,8.0,LONG,2024-01-15T16:19:00.000000000Z,other,monday,2.2999999999995246,-1.5999999999993797,0.8199999999989327,0.8999999999986796,0.19512195121969053,125,10,0.9259259259259259
LONG_8_002,8.0,LONG,2024-01-15T16:20:00.000000000Z,other,monday,2.2999999999995246,-2.2999999999995246,0.7499999999989182,0.6249999999990985,0.3066666666670456,126,9,0.9333333333333333
LONG_8_002,8.0,LONG,2024-01-15T16:21:00.000000000Z,other,monday,2.1999999999988695,-0.700000000000145,0.7299999999990092,0.6249999999996536,0.09589041095905411,127,8,0.9407407407407408
LONG_8_002,8.0,LONG,2024-01-15T16:22:00.000000000Z,other,monday,2.1999999999988695,-0.4999999999988347,0.7499999999991402,0.4499999999996174,0.06666666666658772,128,7,0.9481481481481482
LONG_8_002,8.0,LONG,2024-01-15T16:23:00.000000000Z,other,monday,2.1999999999988695,1.7000000000000348,0.7499999999993623,0.5250000000001087,0.22666666666686405,129,6,0.9555555555555556
LONG_8_002,8.0,LONG,2024-01-15T16:24:00.000000000Z,other,monday,2.1999999999988695,0.1999999999990898,0.6999999999994788,0.6500000000003725,0.028571428571319814,130,5,0.9629629629629629
LONG_8_002,8.0,LONG,2024-01-15T16:25:00.000000000Z,other,monday,2.1999999999988695,-0.700000000000145,0.6299999999996864,0.5000000000005,0.11111111111118943,131,4,0.9703703703703703
LONG_8_002,8.0,LONG,2024-01-15T16:26:00.000000000Z,other,monday,2.100000000000435,0.8999999999992347,0.5699999999999594,0.5500000000008276,0.15789473684198224,132,3,0.9777777777777777
LONG_8_002,8.0,LONG,2024-01-15T16:27:00.000000000Z,other,monday,4.3999999999999595,2.60000000000149,0.740000000000185,0.8750000000007363,0.3513513513514649,133,2,0.9851851851851852
LONG_8_002,8.0,LONG,2024-01-15T16:28:00.000000000Z,other,monday,4.500000000000615,3.700000000002035,0.6500000000002615,0.7750000000006363,0.5692307692308534,134,1,0.9925925925925926
LONG_8_002,8.0,LONG,2024-01-15T16:29:00.000000000Z,other,monday,5.1000000000001044,5.1000000000001044,0.6300000000003525,0.900000000000345,0.8095238095233731,135,0,1.0
SHORT_8_001,8.0,SHORT,2024-01-15T08:00:00.000000000Z,london,monday,0.0,0.0,0.0,0.0,0.0,0,142,0.0
SHORT_8_001,8.0,SHORT,2024-01-15T08:01:00.000000000Z,london,monday,0.1999999999990898,0.1999999999990898,0.1999999999990898,0.1999999999990898,1.0,1,141,0.007042253521126761
SHORT_8_001,8.0,SHORT,2024-01-15T08:02:00.000000000Z,london,monday,1.40000000000029,1.40000000000029,0.700000000000145,0.700000000000145,1.0,2,140,0.014084507042253521
SHORT_8_001,8.0,SHORT,2024-01-15T08:03:00.000000000Z,london,monday,3.4000000000000696,3.4000000000000696,1.1333333333333566,1.1333333333333566,1.0,3,139,0.02112676056338028
SHORT_8_001,8.0,SHORT,2024-01-15T08:04:00.000000000Z,london,monday,3.4000000000000696,2.80000000000058,0.9999999999998899,0.9999999999998899,0.700000000000222,4,138,0.028169014084507043
SHORT_8_001,8.0,SHORT,2024-01-15T08:05:00.000000000Z,london,monday,3.4000000000000696,3.2999999999994145,0.8999999999996788,1.074999999999826,0.733333333333465,5,137,0.035211267605633804
SHORT_8_001,8.0,SHORT,2024-01-15T08:06:00.000000000Z,london,monday,3.4000000000000696,2.500000000000835,0.8833333333328289,0.974999999999171,0.471698113207974,6,136,0.04225352112676056
SHORT_8_001,8.0,SHORT,2024-01-15T08:07:00.000000000Z,london,monday,3.4000000000000696,1.100000000000545,0.9571428571424663,0.8249999999992985,0.16417910447776032,7,135,0.04929577464788732
SHORT_8_001,8.0,SHORT,2024-01-15T08:08:00.000000000Z,london,monday,3.4000000000000696,3.1000000000003247,1.0874999999996304,1.174999999999371,0.3563218390806182,8,134,0.056338028169014086
SHORT_8_001,8.0,SHORT,2024-01-15T08:09:00.000000000Z,london,monday,5.20000000000076,5.20000000000076,1.1999999999997197,1.574999999999771,0.48148148148166425,9,133,0.06338028169014084
SHORT_8_001,8.0,SHORT,2024-01-15T08:10:00.000000000Z,london,monday,5.20000000000076,5.20000000000076,1.0799999999997478,1.3750000000001261,0.48148148148166425,10,132,0.07042253521126761
SHORT_8_001,8.0,SHORT,2024-01-15T08:11:00.000000000Z,london,monday,6.40000000000196,6.40000000000196,1.1999999999998678,1.3750000000001261,0.5333333333335554,11,131,0.07746478873239436
SHORT_8_001,8.0,SHORT,2024-01-15T08:12:00.000000000Z,london,monday,5.5000000000005045,3.1000000000003247,1.2899999999997913,1.40000000000029,0.2403100775194439,12,130,0.08450704225352113
SHORT_8_001,8.0,SHORT,2024-01-15T08:13:00.000000000Z,london,monday,5.5000000000005045,0.9999999999998899,1.0999999999998789,0.900000000000345,0.09090909090909091,13,129,0.09154929577464789
SHORT_8_001,8.0,SHORT,2024-01-15T08:14:00.000000000Z,london,monday,5.5000000000005045,3.4000000000000696,1.2199999999999989,1.3500000000005175,0.2786885245901699,14,128,0.09859154929577464
SHORT_8_001,8.0,SHORT,2024-01-15T08:15:00.000000000Z,london,monday,5.5000000000005045,3.300000000001635,1.2100000000001554,1.100000000000545,0.27272727272737285,15,127,0.1056338028169014
SHORT_8_001,8.0,SHORT,2024-01-15T08:16:00.000000000Z,london,monday,5.5000000000005045,0.7999999999985796,1.460000000000461,1.400000000000845,0.05479452054783062,16,126,0.11267605633802817
SHORT_8_001,8.0,SHORT,2024-01-15T08:17:00.000000000Z,london,monday,5.5000000000005045,3.1000000000003247,1.4100000000005775,1.600000000001045,0.21985815602830178,17,125,0.11971830985915492
SHORT_8_001,8.0,SHORT,2024-01-15T08:18:00.000000000Z,london,monday,3.5000000000007248,0.8999999999992347,1.2300000000007305,1.2000000000012,0.0731707317072114,18,124,0.1267605633802817
SHORT_8_001,8.0,SHORT,2024-01-15T08:19:00.000000000Z,london,monday,3.300000000001635,-0.9999999999998899,1.040000000000818,1.1500000000014277,0.09615384615375994,19,123,0.13380281690140844
SHORT_8_001,8.0,SHORT,2024-01-15T08:20:00.000000000Z,london,monday,3.300000000001635,-1.6000000000016001,1.100000000000989,0.4750000000014465,0.14545454545456013,20,122,0.14084507042253522
SHORT_8_001,8.0,SHORT,2024-01-15T08:21:00.000000000Z,london,monday,3.300000000001635,-1.900000000001345,1.0700000000010146,0.5250000000012189,0.17757009345790126,21,121,0.14788732394366197
SHORT_8_001,8.0,SHORT,2024-01-15T08:22:00.000000000Z,london,monday,3.300000000001635,-0.700000000000145,0.9500000000008946,0.7000000000007001,0.07368421052626166,22,120,0.15492957746478872
SHORT_8_001,8.0,SHORT,2024-01-15T08:23:00.000000000Z,london,monday,3.300000000001635,0.10000000000065512,1.0100000000008436,0.8250000000004087,0.009900990099066495,23,119,0.1619718309859155
SHORT_8_001,8.0,SHORT,2024-01-15T08:24:00.000000000Z,london,monday,3.5000000000007248,0.5999999999994898,1.060000000000727,1.2499999999998623,0.05660377358481871,24,118,0.16901408450704225
SHORT_8_001,8.0,SHORT,2024-01-15T08:25:00.000000000Z,london,monday,3.5000000000007248,0.0,1.040000000000596,1.0249999999994985,0.0,25,117,0.176056338028169
SHORT_8_001,8.0,SHORT,2024-01-15T08:26:00.000000000Z,london,monday,3.5000000000007248,3.300000000001635,0.7100000000004325,0.7999999999996898,0.46478873239431334,26,116,0.18309859154929578
SHORT_8_001,8.0,SHORT,2024-01-15T08:27:00.000000000Z,london,monday,3.20000000000098,1.9999999999997797,0.660000000000327,0.7249999999997536,0.3030303030301195,27,115,0.19014084507042253
SHORT_8_001,8.0,SHORT,2024-01-15T08:28:00.000000000Z,london,monday,3.20000000000098,0.8000000000008001,0.780000000000225,0.49999999999994493,0.10256410256417556,28,114,0.19718309859154928
SHORT_8_001,8.0,SHORT,2024-01-15T08:29:00.000000000Z,london,monday,3.20000000000098,1.40000000000029,0.8400000000001739,0.6500000000003725,0.16666666666666666,29,113,0.20422535211267606
SHORT_8_001,8.0,SHORT,2024-01-15T08:30:00.000000000Z,london,monday,4.599999999999049,-1.3999999999980695,1.1200000000000099,1.50000000000039,0.12499999999982653,30,112,0.2112676056338028
SHORT_8_001,8.0,SHORT,2024-01-15T08:31:00.000000000Z,london,monday,4.599999999999049,-1.7000000000000348,1.0899999999998133,1.5999999999999348,0.15596330275232348,31,111,0.21830985915492956
SHORT_8_001,8.0,SHORT,2024-01-15T08:32:00.000000000Z,london,monday,5.20000000000076,-2.20000000000109,1.1399999999999189,1.5999999999999348,0.19298245614046022,32,110,0.22535211267605634
SHORT_8_001,8.0,SHORT,2024-01-15T08:33:00.000000000Z,london,monday,5.20000000000076,-2.80000000000058,1.0799999999999699,1.4249999999998986,0.2592592592593202,33,109,0.2323943661971831
SHORT_8_001,8.0,SHORT,2024-01-15T08:34:00.000000000Z,london,monday,5.20000000000076,-5.20000000000076,0.8600000000000829,0.6000000000000449,0.6046511627907277,34,108,0.23943661971830985
SHORT_8_001,8.0,SHORT,2024-01-15T08:35:00.000000000Z,london,monday,5.00000000000167,-4.900000000001015,0.8500000000002395,0.4250000000005638,0.5764705882352511,35,107,0.24647887323943662
SHORT_8_001,8.0,SHORT,2024-01-15T08:36:00.000000000Z,london,monday,5.399999999999849,-5.399999999999849,0.9000000000001229,0.20000000000020002,0.5999999999999013,36,106,0.2535211267605634
SHORT_8_001,8.0,SHORT,2024-01-15T08:37:00.000000000Z,london,monday,4.999999999999449,-4.500000000000615,0.9099999999999664,0.2999999999997449,0.4945054945055803,37,105,0.2605633802816901
SHORT_8_001,8.0,SHORT,2024-01-15T08:38:00.000000000Z,london,monday,4.3999999999999595,-2.100000000000435,0.8699999999999264,0.5249999999995536,0.24137931034489798,38,104,0.2676056338028169
SHORT_8_001,8.0,SHORT,2024-01-15T08:39:00.000000000Z,london,monday,4.3999999999999595,-1.900000000001345,0.8899999999998354,0.7499999999993623,0.21348314606760635,39,103,0.2746478873239437
SHORT_8_001,8.0,SHORT,2024-01-15T08:40:00.000000000Z,london,monday,2.4999999999986144,1.0999999999983245,0.5899999999998684,0.7249999999997536,0.1864406779658593,40,102,0.28169014084507044
SHORT_8_001,8.0,SHORT,2024-01-15T08:41:00.000000000Z,london,monday,2.4999999999986144,-1.5999999999993797,0.6999999999999229,1.074999999999826,0.22857142857136514,41,101,0.2887323943661972
SHORT_8_001,8.0,SHORT,2024-01-15T08:42:00.000000000Z,london,monday,2.4999999999986144,0.6000000000017103,0.6399999999999739,1.0250000000000536,0.09375000000027105,42,100,0.29577464788732394
SHORT_8_001,8.0,SHORT,2024-01-15T08:43:00.000000000Z,london,monday,2.4999999999986144,1.2999999999996348,0.7099999999997664,0.9749999999997261,0.18309859154930458,43,99,0.3028169014084507
SHORT_8_001,8.0,SHORT,2024-01-15T08:44:00.000000000Z,london,monday,2.4999999999986144,1.7000000000000348,0.7299999999996754,0.9499999999995623,0.23287671232887547,44,98,0.30985915492957744
SHORT_8_001,8.0,SHORT,2024-01-15T08:45:00.000000000Z,london,monday,2.4999999999986144,-0.10000000000065512,0.8899999999996133,0.8999999999997899,0.011235955056258266,45,97,0.31690140845070425
SHORT_8_001,8.0,SHORT,2024-01-15T08:46:00.000000000Z,london,monday,2.4999999999986144,1.5999999999993797,0.9599999999998499,0.9999999999998899,0.1666666666666281,46,96,0.323943661971831
SHORT_8_001,8.0,SHORT,2024-01-15T08:47:00.000000000Z,london,monday,2.2999999999995246,1.500000000000945,0.9500000000000064,0.900000000000345,0.15789473684220368,47,95,0.33098591549295775
SHORT_8_001,8.0,SHORT,2024-01-15T08:48:00.000000000Z,london,monday,2.2999999999995246,-0.9999999999998899,1.000000000000112,1.200000000000645,0.0999999999999778,48,94,0.3380281690140845
SHORT_8_001,8.0,SHORT,2024-01-15T08:49:00.000000000Z,london,monday,2.2999999999995246,-1.7000000000000348,0.9300000000000974,0.8500000000005725,0.18279569892471578,49,93,0.34507042253521125
SHORT_8_001,8.0,SHORT,2024-01-15T08:50:00.000000000Z,london,monday,1.8999999999991246,-0.4999999999988347,0.9700000000001374,0.7500000000004725,0.051546391752449884,50,92,0.352112676056338
SHORT_8_001,8.0,SHORT,2024-01-15T08:51:00.000000000Z,london,monday,1.8999999999991246,1.40000000000029,0.780000000000225,0.6500000000003725,0.1794871794871649,51,91,0.3591549295774648
SHORT_8_001,8.0,SHORT,2024-01-15T08:52:00.000000000Z,london,monday,1.7000000000000348,0.5999999999994898,0.700000000000145,0.27500000000013625,0.08571428571419508,52,90,0.36619718309859156
SHORT_8_001,8.0,SHORT,2024-01-15T08:53:00.000000000Z,london,monday,1.7000000000000348,-0.5999999999994898,0.660000000000327,0.3000000000003,0.09090909090896857,53,89,0.3732394366197183
SHORT_8_001,8.0,SHORT,2024-01-15T08:54:00.000000000Z,london,monday,1.7000000000000348,-0.5999999999994898,0.660000000000327,0.17500000000003624,0.09090909090896857,54,88,0.38028169014084506
SHORT_8_001,8.0,SHORT,2024-01-15T08:55:00.000000000Z,london,monday,1.80000000000069,-0.1999999999990898,0.620000000000287,0.49999999999994493,0.03225806451596729,55,87,0.3873239436619718
SHORT_8_001,8.0,SHORT,2024-01-15T08:56:00.000000000Z,london,monday,1.9999999999997797,-1.5999999999993797,0.520000000000076,0.5499999999997174,0.30769230769214345,56,86,0.39436619718309857
SHORT_8_001,8.0,SHORT,2024-01-15T08:57:00.000000000Z,london,monday,1.9999999999997797,-1.9999999999997797,0.48000000000003595,0.4499999999996174,0.4166666666665896,57,85,0.4014084507042254
SHORT_8_001,8.0,SHORT,2024-01-15T08:58:00.000000000Z,london,monday,1.5999999999993797,-0.10000000000065512,0.3699999999997594,0.47499999999922604,0.02702702702722166,58,84,0.4084507042253521
SHORT_8_001,8.0,SHORT,2024-01-15T08:59:00.000000000Z,london,monday,1.5999999999993797,-0.5999999999994898,0.3599999999996939,0.1999999999990898,0.16666666666666666,59,83,0.4154929577464789
SHORT_8_001,8.0,SHORT,2024-01-15T09:00:00.000000000Z,london,monday,2.60000000000149,-2.60000000000149,0.3999999999997339,0.4499999999996174,0.6500000000008049,60,82,0.4225352112676056
SHORT_8_001,8.0,SHORT,2024-01-15T09:01:00.000000000Z,london,monday,3.6999999999998145,-3.6999999999998145,0.5099999999995664,0.7249999999991985,0.7254901960790119,61,81,0.4295774647887324
SHORT_8_001,8.0,SHORT,2024-01-15T09:02:00.000000000Z,london,monday,5.800000000000249,-5.800000000000249,0.7199999999996098,1.1499999999997623,0.8055555555560268,62,80,0.43661971830985913
SHORT_8_001,8.0,SHORT,2024-01-15T09:03:00.000000000Z,london,monday,5.699999999999594,-5.1000000000001044,0.7099999999995443,1.174999999999926,0.7183098591554052,63,79,0.44366197183098594
SHORT_8_001,8.0,SHORT,2024-01-15T09:04:00.000000000Z,london,monday,5.699999999999594,-4.899999999998794,0.7299999999996754,0.9999999999998899,0.6712328767124621,64,78,0.4507042253521127
SHORT_8_001,8.0,SHORT,2024-01-15T09:05:00.000000000Z,london,monday,4.599999999999049,-3.5999999999991594,0.5999999999997119,0.7250000000003087,0.6000000000001481,65,77,0.45774647887323944
SHORT_8_001,8.0,SHORT,2024-01-15T09:06:00.000000000Z,london,monday,4.599999999999049,-2.4000000000001798,0.6799999999997919,0.4500000000001725,0.3529411764707227,66,76,0.4647887323943662
SHORT_8_001,8.0,SHORT,2024-01-15T09:07:00.000000000Z,london,monday,4.599999999999049,-2.900000000001235,0.7299999999998974,0.5000000000005,0.39726027397282776,67,75,0.47183098591549294
SHORT_8_001,8.0,SHORT,2024-01-15T09:08:00.000000000Z,london,monday,4.599999999999049,-3.9999999999995595,0.7600000000000939,0.5500000000002725,0.5263157894735612,68,74,0.4788732394366197
SHORT_8_001,8.0,SHORT,2024-01-15T09:09:00.000000000Z,london,monday,4.3999999999999595,-3.20000000000098,0.8000000000001339,0.700000000000145,0.40000000000005553,69,73,0.4859154929577465
SHORT_8_001,8.0,SHORT,2024-01-15T09:10:00.000000000Z,london,monday,3.1999999999987594,-1.7999999999984695,0.700000000000145,0.5000000000005,0.2571428571425852,70,72,0.49295774647887325
SHORT_8_001,8.0,SHORT,2024-01-15T09:11:00.000000000Z,london,monday,2.100000000000435,-0.40000000000040004,0.620000000000287,0.4500000000001725,0.06451612903229273,71,71,0.5
SHORT_8_001,8.0,SHORT,2024-01-15T09:12:00.000000000Z,london,monday,1.9999999999997797,1.9999999999997797,0.440000000000218,0.3500000000000725,0.4545454545451793,72,70,0.5070422535211268
SHORT_8_001,8.0,SHORT,2024-01-15T09:13:00.000000000Z,london,monday,1.7000000000000348,0.0,0.580000000000247,0.6250000000002087,0.0,73,69,0.5140845070422535
SHORT_8_001,8.0,SHORT,2024-01-15T09:14:00.000000000Z,london,monday,1.7000000000000348,0.4999999999988347,0.6300000000001305,0.8249999999998536,0.07936507936487797,74,68,0.5211267605633803
SHORT_8_001,8.0,SHORT,2024-01-15T09:15:00.000000000Z,london,monday,1.7000000000000348,-0.20000000000131024,0.700000000000145,0.9249999999999536,0.028571428571609832,75,67,0.528169014084507
SHORT_8_001,8.0,SHORT,2024-01-15T09:16:00.000000000Z,london,monday,2.4000000000001798,-2.20000000000109,0.700000000000145,1.0999999999999899,0.31428571428580493,76,66,0.5352112676056338
SHORT_8_001,8.0,SHORT,2024-01-15T09:17:00.000000000Z,london,monday,2.8999999999990145,-2.1999999999988695,0.6999999999999229,0.7999999999996898,0.3142857142855874,77,65,0.5422535211267606
SHORT_8_001,8.0,SHORT,2024-01-15T09:18:00.000000000Z,london,monday,3.4000000000000696,-1.9999999999997797,0.6800000000000139,0.6749999999999812,0.2941176470587851,78,64,0.5492957746478874
SHORT_8_001,8.0,SHORT,2024-01-15T09:19:00.000000000Z,london,monday,3.4000000000000696,-1.5999999999993797,0.7200000000000539,0.7499999999999174,0.22222222222211943,79,63,0.5563380281690141
SHORT_8_001,8.0,SHORT,2024-01-15T09:20:00.000000000Z,london,monday,3.4000000000000696,-2.100000000000435,0.7299999999998974,0.5749999999998812,0.28767123287681234,80,62,0.5633802816901409
SHORT_8_001,8.0,SHORT,2024-01-15T09:21:00.000000000Z,london,monday,3.4000000000000696,-0.700000000000145,0.8699999999999264,0.8750000000001812,0.080459770114966,81,61,0.5704225352112676
SHORT_8_001,8.0,SHORT,2024-01-15T09:22:00.000000000Z,london,monday,3.4000000000000696,-1.100000000000545,0.8500000000000174,0.7750000000000812,0.12941176470594382,82,60,0.5774647887323944
SHORT_8_001,8.0,SHORT,2024-01-15T09:23:00.000000000Z,london,monday,2.6999999999999247,0.10000000000065512,0.7299999999998974,0.6499999999998174,0.013698630137077969,83,59,0.5845070422535211
SHORT_8_001,8.0,SHORT,2024-01-15T09:24:00.000000000Z,london,monday,2.6999999999999247,-1.100000000000545,0.6500000000000394,0.6250000000002087,0.16923076923084282,84,58,0.5915492957746479
SHORT_8_001,8.0,SHORT,2024-01-15T09:25:00.000000000Z,london,monday,2.4000000000001798,-1.1999999999989797,0.6599999999998829,0.3999999999998449,0.18181818181805948,85,57,0.5985915492957746
SHORT_8_001,8.0,SHORT,2024-01-15T09:26:00.000000000Z,london,monday,2.4000000000001798,0.9999999999998899,0.6799999999997919,0.6749999999994261,0.14705882352944058,86,56,0.6056338028169014
SHORT_8_001,8.0,SHORT,2024-01-15T09:27:00.000000000Z,london,monday,2.4000000000001798,1.4999999999987246,0.6299999999999084,0.5499999999997174,0.23809523809507027,87,55,0.6126760563380281
SHORT_8_001,8.0,SHORT,2024-01-15T09:28:00.000000000Z,london,monday,2.4000000000001798,1.5999999999993797,0.6199999999998429,0.5999999999994898,0.2580645161289976,88,54,0.6197183098591549
SHORT_8_001,8.0,SHORT,2024-01-15T09:29:00.000000000Z,london,monday,1.7000000000000348,0.5000000000010552,0.5299999999996974,0.4249999999994536,0.09433962264176239,89,53,0.6267605633802817
SHORT_8_001,8.0,SHORT,2024-01-15T09:30:00.000000000Z,london,monday,2.80000000000058,2.80000000000058,0.6999999999997009,0.6249999999996536,0.40000000000025376,90,52,0.6338028169014085
SHORT_8_001,8.0,SHORT,2024-01-15T09:31:00.000000000Z,london,monday,2.6999999999999247,-0.40000000000040004,0.6799999999997919,0.9999999999998899,0.05882352941184154,91,51,0.6408450704225352
SHORT_8_001,8.0,SHORT,2024-01-15T09:32:00.000000000Z,london,monday,2.6999999999999247,-0.700000000000145,0.7099999999997664,0.9999999999998899,0.0985915492958275,92,50,0.647887323943662
SHORT_8_001,8.0,SHORT,2024-01-15T09:33:00.000000000Z,london,monday,2.6999999999999247,-0.20000000000131024,0.6599999999998829,0.9750000000002812,0.0303030303032342,93,49,0.6549295774647887
SHORT_8_001,8.0,SHORT,2024-01-15T09:34:00.000000000Z,london,monday,3.6999999999998145,-1.7999999999984695,0.8199999999995988,0.9249999999999536,0.21951219512187198,94,48,0.6619718309859155
SHORT_8_001,8.0,SHORT,2024-01-15T09:35:00.000000000Z,london,monday,6.200000000000649,-3.5000000000007248,0.9899999999998244,1.174999999999926,0.3535353535354895,95,47,0.6690140845070423
SHORT_8_001,8.0,SHORT,2024-01-15T09:36:00.000000000Z,london,monday,6.300000000001305,-4.8000000000003595,0.8799999999999919,1.0999999999999899,0.5454545454545914,96,46,0.676056338028169
SHORT_8_001,8.0,SHORT,2024-01-15T09:37:00.000000000Z,london,monday,9.500000000000064,-7.999999999999119,1.1999999999998678,1.8999999999996797,0.6666666666666666,97,45,0.6830985915492958
SHORT_8_001,8.0,SHORT,2024-01-15T09:38:00.000000000Z,london,monday,10.799999999999699,-8.899999999998354,1.2899999999997913,1.774999999999971,0.6899224806201391,98,44,0.6901408450704225
SHORT_8_001,8.0,SHORT,2024-01-15T09:39:00.000000000Z,london,monday,10.799999999999699,-6.6000000000010495,1.4999999999998348,1.6999999999994797,0.4400000000001184,99,43,0.6971830985915493
SHORT_8_001,8.0,SHORT,2024-01-15T09:40:00.000000000Z,london,monday,10.799999999999699,-8.900000000000574,1.3299999999998313,1.7499999999992522,0.6691729323309551,100,42,0.704225352112676
SHORT_8_001,8.0,SHORT,2024-01-15T09:41:00.000000000Z,london,monday,9.299999999998754,-6.900000000000794,1.2299999999996203,1.074999999999271,0.5609756097563353,101,41,0.7112676056338029
SHORT_8_001,8.0,SHORT,2024-01-15T09:42:00.000000000Z,london,monday,8.899999999998354,-6.899999999998574,1.2299999999993982,0.8499999999989072,0.560975609756256,102,40,0.7183098591549296
SHORT_8_001,8.0,SHORT,2024-01-15T09:43:00.000000000Z,london,monday,8.899999999998354,-7.199999999998319,1.2599999999993727,0.37499999999912603,0.5714285714287225,103,39,0.7253521126760564
SHORT_8_001,8.0,SHORT,2024-01-15T09:44:00.000000000Z,london,monday,7.099999999999884,-6.399999999999739,1.1799999999995148,0.5499999999991623,0.5423728813561332,104,38,0.7323943661971831
SHORT_8_001,8.0,SHORT,2024-01-15T09:45:00.000000000Z,london,monday,4.599999999999049,-2.8999999999990145,1.0299999999994203,0.6749999999994261,0.2815533980583152,105,37,0.7394366197183099
SHORT_8_001,8.0,SHORT,2024-01-15T09:46:00.000000000Z,london,monday,4.499999999998394,-3.1000000000003247,1.0499999999995513,0.6500000000003725,0.29523809523825234,106,36,0.7464788732394366
SHORT_8_001,8.0,SHORT,2024-01-15T09:47:00.000000000Z,london,monday,3.1999999999987594,-2.100000000000435,0.9499999999995623,1.1250000000001537,0.221052631579095,107,35,0.7535211267605634
SHORT_8_001,8.0,SHORT,2024-01-15T09:48:00.000000000Z,london,monday,3.1999999999987594,0.09999999999843467,0.9099999999995223,1.0999999999999899,0.010989010988844744,108,34,0.7605633802816901
SHORT_8_001,8.0,SHORT,2024-01-15T09:49:00.000000000Z,london,monday,3.1999999999987594,-0.2999999999997449,0.8699999999997043,1.30000000000019,0.03448275862067205,109,33,0.7676056338028169
SHORT_8_001,8.0,SHORT,2024-01-15T09:50:00.000000000Z,london,monday,3.1999999999987594,-0.8999999999992347,0.9299999999996533,1.4499999999995072,0.09677419354834088,110,32,0.7746478873239436
SHORT_8_001,8.0,SHORT,2024-01-15T09:51:00.000000000Z,london,monday,3.1999999999987594,-2.8999999999990145,1.0299999999998644,1.2750000000000261,0.28155339805819385,111,31,0.7816901408450704
SHORT_8_001,8.0,SHORT,2024-01-15T09:52:00.000000000Z,london,monday,2.80000000000058,-2.100000000000435,1.0300000000000864,1.1500000000003174,0.20388349514565618,112,30,0.7887323943661971
SHORT_8_001,8.0,SHORT,2024-01-15T09:53:00.000000000Z,london,monday,2.6999999999999247,-1.2000000000012,1.060000000000061,0.8500000000000174,0.11320754716991803,113,29,0.795774647887324
SHORT_8_001,8.0,SHORT,2024-01-15T09:54:00.000000000Z,london,monday,2.6999999999999247,0.1999999999990898,1.000000000000112,0.7250000000003087,0.01999999999990674,114,28,0.8028169014084507
SHORT_8_001,8.0,SHORT,2024-01-15T09:55:00.000000000Z,london,monday,3.6999999999998145,1.1999999999989797,1.100000000000101,0.8500000000000174,0.10909090909080632,115,27,0.8098591549295775
SHORT_8_001,8.0,SHORT,2024-01-15T09:56:00.000000000Z,london,monday,3.6999999999998145,1.3000000000018552,1.0899999999998133,0.7999999999996898,0.11926605504606219,116,26,0.8169014084507042
SHORT_8_001,8.0,SHORT,2024-01-15T09:57:00.000000000Z,london,monday,3.6999999999998145,2.500000000000835,0.9699999999999154,0.8999999999997899,0.25773195876299515,117,25,0.823943661971831
SHORT_8_001,8.0,SHORT,2024-01-15T09:58:00.000000000Z,london,monday,3.4000000000000696,0.8000000000008001,0.9600000000000719,0.9999999999998899,0.08333333333341043,118,24,0.8309859154929577
SHORT_8_001,8.0,SHORT,2024-01-15T09:59:00.000000000Z,london,monday,3.4000000000000696,-0.1999999999990898,0.8600000000000829,0.700000000000145,0.02325581395338029,119,23,0.8380281690140845
SHORT_8_001,8.0,SHORT,2024-01-15T10:00:00.000000000Z,london,monday,3.8999999999989043,-1.9999999999997797,1.040000000000152,1.3250000000003537,0.19230769230764302,120,22,0.8450704225352113
SHORT_8_001,8.0,SHORT,2024-01-15T10:01:00.000000000Z,london,monday,3.8999999999989043,-0.4999999999988347,0.8900000000000574,1.0750000000003812,0.05617977528076432,121,21,0.852112676056338
SHORT_8_001,8.0,SHORT,2024-01-15T10:02:00.000000000Z,london,monday,4.999999999999449,-1.9999999999997797,0.9600000000000719,1.1500000000003174,0.2083333333332948,122,20,0.8591549295774648
SHORT_8_001,8.0,SHORT,2024-01-15T10:03:00.000000000Z,london,monday,5.999999999999339,-3.5999999999991594,1.000000000000112,1.2000000000000899,0.35999999999987564,123,19,0.8661971830985915
SHORT_8_001,8.0,SHORT,2024-01-15T10:04:00.000000000Z,london,monday,7.500000000000284,-5.5000000000005045,1.1100000000001664,0.900000000000345,0.4954954954954667,124,18,0.8732394366197183
SHORT_8_001,8.0,SHORT,2024-01-15T10:05:00.000000000Z,london,monday,7.500000000000284,-6.999999999999229,0.960000000000294,1.0250000000006088,0.7291666666663631,125,17,0.8802816901408451
SHORT_8_001,8.0,SHORT,2024-01-15T10:06:00.000000000Z,london,monday,7.300000000001194,-6.099999999999994,1.0100000000003995,0.9250000000005087,0.6039603960393646,126,16,0.8873239436619719
SHORT_8_001,8.0,SHORT,2024-01-15T10:07:00.000000000Z,london,monday,6.300000000001305,-5.300000000001415,0.9300000000005415,0.7250000000008638,0.5698924731180999,127,15,0.8943661971830986
SHORT_8_001,8.0,SHORT,2024-01-15T10:08:00.000000000Z,london,monday,6.300000000001305,-4.60000000000127,0.860000000000527,0.37500000000079137,0.5348837209300524,128,14,0.9014084507042254
SHORT_8_001,8.0,SHORT,2024-01-15T10:09:00.000000000Z,london,monday,7.4000000000018495,-7.4000000000018495,0.980000000000425,0.7500000000004725,0.7551020408161878,129,13,0.9084507042253521
SHORT_8_001,8.0,SHORT,2024-01-15T10:10:00.000000000Z,london,monday,5.700000000001815,-5.700000000001815,0.8100000000004215,0.8250000000004087,0.7037037037035616,130,12,0.9154929577464789
SHORT_8_001,8.0,SHORT,2024-01-15T10:11:00.000000000Z,london,monday,5.700000000001815,-4.900000000001015,0.8900000000005015,0.9750000000002812,0.5505617977526127,131,11,0.9225352112676056
SHORT_8_001,8.0,SHORT,2024-01-15T10:12:00.000000000Z,london,monday,5.20000000000076,-5.20000000000076,0.920000000000476,1.30000000000019,0.565217391304138,132,10,0.9295774647887324
SHORT_8_001,8.0,SHORT,2024-01-15T10:13:00.000000000Z,london,monday,4.20000000000087,-3.9999999999995595,0.840000000000618,0.8500000000005725,0.4761904761900734,133,9,0.9366197183098591
SHORT_8_001,8.0,SHORT,2024-01-15T10:14:00.000000000Z,london,monday,3.900000000001125,-1.80000000000069,0.760000000000316,0.7750000000000812,0.2368421052631502,134,8,0.9436619718309859
SHORT_8_001,8.0,SHORT,2024-01-15T10:15:00.000000000Z,london,monday,4.500000000000615,-3.8000000000004697,0.8600000000000829,0.9499999999995623,0.44186046511629107,135,7,0.9507042253521126
SHORT_8_001,8.0,SHORT,2024-01-15T10:16:00.000000000Z,london,monday,4.700000000001925,-4.700000000001925,0.8100000000001994,0.6499999999998174,0.5802469135803416,136,6,0.9577464788732394
SHORT_8_001,8.0,SHORT,2024-01-15T10:17:00.000000000Z,london,monday,5.699999999999594,-5.699999999999594,0.9099999999999664,0.8999999999992347,0.6263736263736049,137,5,0.9647887323943662
SHORT_8_001,8.0,SHORT,2024-01-15T10:18:00.000000000Z,london,monday,7.299999999998974,-7.299999999998974,1.0699999999999044,1.1499999999997623,0.6822429906541707,138,4,0.971830985915493
SHORT_8_001,8.0,SHORT,2024-01-15T10:19:00.000000000Z,london,monday,5.299999999999194,-4.3999999999999595,0.9599999999998499,0.9999999999998899,0.4583333333334008,139,3,0.9788732394366197
SHORT_8_001,8.0,SHORT,2024-01-15T10:20:00.000000000Z,london,monday,5.1000000000001044,-4.199999999998649,0.9399999999997188,1.1499999999992072,0.4468085106382878,140,2,0.9859154929577465
SHORT_8_001,8.0,SHORT,2024-01-15T10:21:00.000000000Z,london,monday,5.1000000000001044,-4.599999999999049,0.8999999999996788,0.9499999999995623,0.5111111111111879,141,1,0.9929577464788732
SHORT_8_001,8.0,SHORT,2024-01-15T10:22:00.000000000Z,london,monday,4.899999999998794,-3.9999999999995595,0.8399999999997299,0.7249999999997536,0.4761904761905769,142,0,1.0
SHORT_8_002,8.0,SHORT,2024-01-15T12:13:00.000000000Z,london,monday,9.40000000000163,9.40000000000163,1.100000000000323,0.7250000000003087,0.8545454545453518,0,205,0.0
SHORT_8_002,8.0,SHORT,2024-01-15T12:14:00.000000000Z,london,monday,6.500000000000394,6.500000000000394,0.8100000000001994,0.800000000000245,0.8024691358023203,1,204,0.004878048780487805
SHORT_8_002,8.0,SHORT,2024-01-15T12:15:00.000000000Z,london,monday,5.800000000000249,4.999999999999449,0.660000000000105,0.700000000000145,0.7575757575755537,2,203,0.00975609756097561
SHORT_8_002,8.0,SHORT,2024-01-15T12:16:00.000000000Z,london,monday,5.800000000000249,5.199999999998539,0.640000000000196,0.5500000000002725,0.8124999999995229,3,202,0.014634146341463415
SHORT_8_002,8.0,SHORT,2024-01-15T12:17:00.000000000Z,london,monday,6.999999999999229,6.999999999999229,0.7200000000000539,0.49999999999994493,0.9722222222220424,4,201,0.01951219512195122
SHORT_8_002,8.0,SHORT,2024-01-15T12:18:00.000000000Z,london,monday,7.200000000000539,7.200000000000539,0.740000000000185,0.5000000000005,0.9729729729728027,5,200,0.024390243902439025
SHORT_8_002,8.0,SHORT,2024-01-15T12:19:00.000000000Z,london,monday,5.300000000001415,2.9999999999996696,0.780000000000447,1.0750000000009363,0.38461538461512185,6,199,0.02926829268292683
SHORT_8_002,8.0,SHORT,2024-01-15T12:20:00.000000000Z,london,monday,5.00000000000167,2.80000000000058,0.760000000000538,1.0750000000009363,0.3684210526313944,7,198,0.03414634146341464
SHORT_8_002,8.0,SHORT,2024-01-15T12:21:00.000000000Z,london,monday,4.60000000000127,2.9999999999996696,0.780000000000447,0.9000000000009001,0.38461538461512185,8,197,0.03902439024390244
SHORT_8_002,8.0,SHORT,2024-01-15T12:22:00.000000000Z,london,monday,3.900000000001125,1.2999999999996348,0.8100000000004215,1.000000000000445,0.16049382716036523,9,196,0.04390243902439024
SHORT_8_002,8.0,SHORT,2024-01-15T12:23:00.000000000Z,london,monday,4.20000000000087,-1.80000000000069,0.820000000000265,0.8249999999998536,0.21951219512196443,10,195,0.04878048780487805
SHORT_8_002,8.0,SHORT,2024-01-15T12:24:00.000000000Z,london,monday,4.60000000000127,-2.80000000000058,0.800000000000356,0.8999999999997899,0.3499999999999167,11,194,0.05365853658536585
SHORT_8_002,8.0,SHORT,2024-01-15T12:25:00.000000000Z,london,monday,5.00000000000167,-3.20000000000098,0.840000000000396,0.8500000000000174,0.38095238095231804,12,193,0.05853658536585366
SHORT_8_002,8.0,SHORT,2024-01-15T12:26:00.000000000Z,london,monday,5.00000000000167,-1.1999999999989797,1.020000000000465,1.0750000000003812,0.11764705882337574,13,192,0.06341463414634146
SHORT_8_002,8.0,SHORT,2024-01-15T12:27:00.000000000Z,london,monday,5.20000000000076,-4.599999999999049,1.100000000000545,1.200000000000645,0.41818181818152456,14,191,0.06829268292682927
SHORT_8_002,8.0,SHORT,2024-01-15T12:28:00.000000000Z,london,monday,6.00000000000156,-6.00000000000156,1.120000000000454,1.300000000000745,0.5357142857142079,15,190,0.07317073170731707
SHORT_8_002,8.0,SHORT,2024-01-15T12:29:00.000000000Z,london,monday,4.3999999999999595,-3.6999999999998145,0.8900000000002795,1.200000000000645,0.4157303370785003,16,189,0.07804878048780488
SHORT_8_002,8.0,SHORT,2024-01-15T12:30:00.000000000Z,london,monday,5.599999999998939,-4.999999999999449,1.000000000000112,1.0250000000000536,0.499999999999889,17,188,0.08292682926829269
SHORT_8_002,8.0,SHORT,2024-01-15T12:31:00.000000000Z,london,monday,5.800000000000249,-5.800000000000249,0.960000000000294,0.5500000000002725,0.6041666666665076,18,187,0.08780487804878048
SHORT_8_002,8.0,SHORT,2024-01-15T12:32:00.000000000Z,london,monday,4.8000000000003595,-4.599999999999049,0.880000000000436,0.40000000000040004,0.5227272727269057,19,186,0.09268292682926829
SHORT_8_002,8.0,SHORT,2024-01-15T12:33:00.000000000Z,london,monday,6.500000000000394,-5.399999999999849,0.960000000000516,1.000000000000445,0.5624999999996819,20,185,0.0975609756097561
SHORT_8_002,8.0,SHORT,2024-01-15T12:34:00.000000000Z,london,monday,6.500000000000394,-0.7999999999985796,1.340000000000563,1.7500000000009175,0.059701492537182356,21,184,0.1024390243902439
SHORT_8_002,8.0,SHORT,2024-01-15T12:35:00.000000000Z,london,monday,6.500000000000394,-1.3999999999980695,1.400000000000512,1.9500000000005624,0.09999999999982553,22,183,0.1073170731707317
SHORT_8_002,8.0,SHORT,2024-01-15T12:36:00.000000000Z,london,monday,6.500000000000394,-2.60000000000149,1.28000000000017,2.074999999999716,0.20312500000008946,23,182,0.11219512195121951
SHORT_8_002,8.0,SHORT,2024-01-15T12:37:00.000000000Z,london,monday,4.3999999999999595,-1.40000000000029,1.1600000000000499,1.6999999999994797,0.12068965517243359,24,181,0.11707317073170732
SHORT_8_002,8.0,SHORT,2024-01-15T12:38:00.000000000Z,london,monday,4.20000000000087,-2.5999999999992696,1.2799999999999478,1.1499999999992072,0.2031249999999512,25,180,0.12195121951219512
SHORT_8_002,8.0,SHORT,2024-01-15T12:39:00.000000000Z,london,monday,4.599999999999049,0.9999999999998899,1.6399999999998638,1.7999999999990246,0.06097560975609591,26,179,0.12682926829268293
SHORT_8_002,8.0,SHORT,2024-01-15T12:40:00.000000000Z,london,monday,8.60000000000083,6.200000000000649,1.9200000000001438,2.6249999999999885,0.3229166666666763,27,178,0.13170731707317074
SHORT_8_002,8.0,SHORT,2024-01-15T12:41:00.000000000Z,london,monday,11.200000000000099,9.00000000000123,2.1599999999999397,3.049999999999997,0.4166666666667352,28,177,0.13658536585365855
SHORT_8_002,8.0,SHORT,2024-01-15T12:42:00.000000000Z,london,monday,11.200000000000099,5.899999999998684,2.429999999999932,3.275000000000361,0.24279835390941765,29,176,0.14146341463414633
SHORT_8_002,8.0,SHORT,2024-01-15T12:43:00.000000000Z,london,monday,11.200000000000099,9.799999999999809,2.3400000000000087,2.7500000000008074,0.41880341880340904,30,175,0.14634146341463414
SHORT_8_002,8.0,SHORT,2024-01-15T12:44:00.000000000Z,london,monday,10.200000000000209,3.1999999999987594,2.1599999999999397,2.3500000000004073,0.14814814814809485,31,174,0.15121951219512195
SHORT_8_002,8.0,SHORT,2024-01-15T12:45:00.000000000Z,london,monday,10.200000000000209,3.9999999999995595,2.0799999999998597,1.7500000000003624,0.1923076923076841,32,173,0.15609756097560976
SHORT_8_002,8.0,SHORT,2024-01-15T12:46:00.000000000Z,london,monday,10.200000000000209,1.7000000000000348,2.1700000000002273,1.4250000000004537,0.0783410138248782,33,172,0.16097560975609757
SHORT_8_002,8.0,SHORT,2024-01-15T12:47:00.000000000Z,london,monday,10.200000000000209,3.5999999999991594,2.180000000000293,1.30000000000019,0.16513761467883833,34,171,0.16585365853658537
SHORT_8_002,8.0,SHORT,2024-01-15T12:48:00.000000000Z,london,monday,10.200000000000209,5.999999999999339,2.020000000000355,0.800000000000245,0.29702970297021214,35,170,0.17073170731707318
SHORT_8_002,8.0,SHORT,2024-01-15T12:49:00.000000000Z,london,monday,6.6000000000010495,3.8000000000004697,1.800000000000468,1.100000000000545,0.21111111111108233,36,169,0.17560975609756097
SHORT_8_002,8.0,SHORT,2024-01-15T12:50:00.000000000Z,london,monday,5.60000000000116,0.700000000000145,1.4900000000004354,0.9250000000005087,0.04697986577180808,37,168,0.18048780487804877
SHORT_8_002,8.0,SHORT,2024-01-15T12:51:00.000000000Z,london,monday,5.60000000000116,-3.4000000000000696,1.380000000000603,1.0500000000007725,0.2463768115941003,38,167,0.18536585365853658
SHORT_8_002,8.0,SHORT,2024-01-15T12:52:00.000000000Z,london,monday,4.20000000000087,0.700000000000145,1.2100000000003774,1.2500000000004174,0.057851239669415425,39,166,0.1902439024390244
SHORT_8_002,8.0,SHORT,2024-01-15T12:53:00.000000000Z,london,monday,4.3999999999999595,0.1999999999990898,1.160000000000272,1.1500000000003174,0.01724137931026232,40,165,0.1951219512195122
SHORT_8_002,8.0,SHORT,2024-01-15T12:54:00.000000000Z,london,monday,4.3999999999999595,2.5999999999992696,0.920000000000254,0.9249999999999536,0.2826086956520165,41,164,0.2
SHORT_8_002,8.0,SHORT,2024-01-15T12:55:00.000000000Z,london,monday,4.3999999999999595,1.40000000000029,1.040000000000152,0.8999999999992347,0.13461538461539282,42,163,0.2048780487804878
SHORT_8_002,8.0,SHORT,2024-01-15T12:56:00.000000000Z,london,monday,4.3999999999999595,2.60000000000149,0.9200000000000319,0.6999999999995898,0.28260869565232605,43,162,0.2097560975609756
SHORT_8_002,8.0,SHORT,2024-01-15T12:57:00.000000000Z,london,monday,4.199999999998649,-0.7999999999985796,1.060000000000061,1.0499999999996623,0.07547169811306921,44,161,0.2146341463414634
SHORT_8_002,8.0,SHORT,2024-01-15T12:58:00.000000000Z,london,monday,4.199999999998649,-0.7999999999985796,1.060000000000061,1.1499999999997623,0.07547169811306921,45,160,0.21951219512195122
SHORT_8_002,8.0,SHORT,2024-01-15T12:59:00.000000000Z,london,monday,4.199999999998649,-1.5999999999993797,0.9799999999999809,0.9500000000001174,0.16326530612238888,46,159,0.22439024390243903
SHORT_8_002,8.0,SHORT,2024-01-15T13:00:00.000000000Z,london,monday,6.099999999999994,-5.40000000000207,1.1799999999999589,1.5750000000003261,0.45762711864425915,47,158,0.22926829268292684
SHORT_8_002,8.0,SHORT,2024-01-15T13:01:00.000000000Z,london,monday,6.099999999999994,-2.5999999999992696,1.1600000000000499,1.300000000000745,0.22413793103441015,48,157,0.23414634146341465
SHORT_8_002,8.0,SHORT,2024-01-15T13:02:00.000000000Z,london,monday,6.099999999999994,-4.199999999998649,1.080000000000192,1.300000000000745,0.3888888888886947,49,156,0.23902439024390243
SHORT_8_002,8.0,SHORT,2024-01-15T13:03:00.000000000Z,london,monday,6.199999999998429,-6.199999999998429,1.080000000000192,1.400000000000845,0.5740740740738266,50,155,0.24390243902439024
SHORT_8_002,8.0,SHORT,2024-01-15T13:04:00.000000000Z,london,monday,7.599999999998719,-7.599999999998719,1.220000000000221,1.0250000000006088,0.6229508196719133,51,154,0.24878048780487805
SHORT_8_002,8.0,SHORT,2024-01-15T13:05:00.000000000Z,london,monday,6.200000000000649,-4.8000000000003595,1.220000000000443,1.0500000000002174,0.3934426229507063,52,153,0.25365853658536586
SHORT_8_002,8.0,SHORT,2024-01-15T13:06:00.000000000Z,london,monday,6.00000000000156,-6.00000000000156,1.340000000000563,1.3500000000005175,0.44776119402977904,53,152,0.25853658536585367
SHORT_8_002,8.0,SHORT,2024-01-15T13:07:00.000000000Z,london,monday,4.999999999999449,-3.9999999999995595,1.140000000000363,1.2000000000000899,0.3508771929823058,54,151,0.2634146341463415
SHORT_8_002,8.0,SHORT,2024-01-15T13:08:00.000000000Z,london,monday,6.399999999999739,-5.800000000000249,1.240000000000352,1.2000000000000899,0.4677419354837583,55,150,0.2682926829268293
SHORT_8_002,8.0,SHORT,2024-01-15T13:09:00.000000000Z,london,monday,9.00000000000123,-9.00000000000123,1.440000000000552,1.50000000000039,0.6249999999998458,56,149,0.2731707317073171
SHORT_8_002,8.0,SHORT,2024-01-15T13:10:00.000000000Z,london,monday,7.4000000000018495,-4.299999999999304,1.3300000000004975,1.5500000000001624,0.3233082706765185,57,148,0.2780487804878049
SHORT_8_002,8.0,SHORT,2024-01-15T13:11:00.000000000Z,london,monday,7.4000000000018495,-4.20000000000087,1.340000000000341,1.80000000000069,0.31343283582088066,58,147,0.28292682926829266
SHORT_8_002,8.0,SHORT,2024-01-15T13:12:00.000000000Z,london,monday,7.0000000000014495,-4.999999999999449,1.4200000000001989,1.7500000000003624,0.3521126760562499,59,146,0.28780487804878047
SHORT_8_002,8.0,SHORT,2024-01-15T13:13:00.000000000Z,london,monday,6.00000000000156,-4.8000000000003595,1.40000000000029,1.30000000000019,0.34285714285709756,60,145,0.2926829268292683
SHORT_8_002,8.0,SHORT,2024-01-15T13:14:00.000000000Z,london,monday,6.00000000000156,-3.4000000000000696,1.260000000000261,0.8500000000000174,0.2698412698412195,61,144,0.2975609756097561
SHORT_8_002,8.0,SHORT,2024-01-15T13:15:00.000000000Z,london,monday,6.00000000000156,-5.399999999999849,1.180000000000181,0.6499999999998174,0.45762711864398486,62,143,0.3024390243902439
SHORT_8_002,8.0,SHORT,2024-01-15T13:16:00.000000000Z,london,monday,4.3999999999999595,-1.5999999999993797,1.2399999999999078,0.8999999999997899,0.12903225806447569,63,142,0.3073170731707317
SHORT_8_002,8.0,SHORT,2024-01-15T13:17:00.000000000Z,london,monday,4.00000000000178,-0.20000000000131024,1.3000000000000789,0.9499999999995623,0.01538461538471524,64,141,0.3121951219512195
SHORT_8_002,8.0,SHORT,2024-01-15T13:18:00.000000000Z,london,monday,3.8000000000004697,1.100000000000545,1.1699999999998933,0.974999999999171,0.09401709401714917,65,140,0.3170731707317073
SHORT_8_002,8.0,SHORT,2024-01-15T13:19:00.000000000Z,london,monday,5.60000000000116,5.60000000000116,1.0999999999996568,1.2999999999990797,0.5090909090911734,66,139,0.32195121951219513
SHORT_8_002,8.0,SHORT,2024-01-15T13:20:00.000000000Z,london,monday,4.999999999999449,3.8000000000004697,0.9199999999995878,0.7499999999993623,0.41304347826110566,67,138,0.32682926829268294
SHORT_8_002,8.0,SHORT,2024-01-15T13:21:00.000000000Z,london,monday,4.999999999999449,2.4000000000001798,0.7799999999995588,0.4999999999993898,0.3076923076925048,68,137,0.33170731707317075
SHORT_8_002,8.0,SHORT,2024-01-15T13:22:00.000000000Z,london,monday,4.999999999999449,1.9999999999997797,0.8199999999995988,0.8749999999996261,0.24390243902448272,69,136,0.33658536585365856
SHORT_8_002,8.0,SHORT,2024-01-15T13:23:00.000000000Z,london,monday,4.999999999999449,2.80000000000058,0.7399999999995188,0.3999999999998449,0.37837837837870275,70,135,0.34146341463414637
SHORT_8_002,8.0,SHORT,2024-01-15T13:24:00.000000000Z,london,monday,4.999999999999449,2.4000000000001798,0.7799999999995588,0.49999999999994493,0.3076923076925048,71,134,0.3463414634146341
SHORT_8_002,8.0,SHORT,2024-01-15T13:25:00.000000000Z,london,monday,4.999999999999449,4.199999999998649,0.8399999999995078,0.7999999999996898,0.5000000000001321,72,133,0.35121951219512193
SHORT_8_002,8.0,SHORT,2024-01-15T13:26:00.000000000Z,london,monday,2.80000000000058,0.8000000000008001,0.7399999999995188,0.6999999999995898,0.10810810810828653,73,132,0.35609756097560974
SHORT_8_002,8.0,SHORT,2024-01-15T13:27:00.000000000Z,london,monday,1.9999999999997797,0.9000000000014552,0.7499999999995843,0.9749999999997261,0.12000000000026054,74,131,0.36097560975609755
SHORT_8_002,8.0,SHORT,2024-01-15T13:28:00.000000000Z,london,monday,2.9999999999996696,-1.100000000000545,0.9499999999997844,1.3999999999997348,0.11578947368429418,75,130,0.36585365853658536
SHORT_8_002,8.0,SHORT,2024-01-15T13:29:00.000000000Z,london,monday,2.9999999999996696,-2.9999999999996696,0.7599999999998719,1.0999999999999899,0.3947368421052862,76,129,0.37073170731707317
SHORT_8_002,8.0,SHORT,2024-01-15T13:30:00.000000000Z,london,monday,2.9999999999996696,-0.40000000000040004,1.0199999999997988,1.4500000000000624,0.03921568627455676,77,128,0.375609756097561
SHORT_8_002,8.0,SHORT,2024-01-15T13:31:00.000000000Z,london,monday,4.100000000000215,1.100000000000545,1.1699999999998933,1.5500000000001624,0.09401709401714917,78,127,0.3804878048780488
SHORT_8_002,8.0,SHORT,2024-01-15T13:32:00.000000000Z,london,monday,4.199999999998649,2.7999999999983594,1.0199999999997988,1.0499999999996623,0.2745098039214619,79,126,0.3853658536585366
SHORT_8_002,8.0,SHORT,2024-01-15T13:33:00.000000000Z,london,monday,4.199999999998649,2.4000000000001798,1.0599999999996168,1.1499999999992072,0.22641509433972146,80,125,0.3902439024390244
SHORT_8_002,8.0,SHORT,2024-01-15T13:34:00.000000000Z,london,monday,4.500000000000615,3.5000000000007248,1.0899999999995913,0.6749999999994261,0.32110091743137953,81,124,0.3951219512195122
SHORT_8_002,8.0,SHORT,2024-01-15T13:35:00.000000000Z,london,monday,5.1000000000001044,2.900000000001235,1.0299999999996423,0.44999999999906226,0.2815533980584701,82,123,0.4
SHORT_8_002,8.0,SHORT,2024-01-15T13:36:00.000000000Z,london,monday,5.1000000000001044,2.1999999999988695,1.0999999999998789,0.8999999999997899,0.19999999999991927,83,122,0.40487804878048783
SHORT_8_002,8.0,SHORT,2024-01-15T13:37:00.000000000Z,london,monday,5.1000000000001044,-0.40000000000040004,1.1399999999996968,1.174999999999926,0.035087719298290035,84,121,0.4097560975609756
SHORT_8_002,8.0,SHORT,2024-01-15T13:38:00.000000000Z,london,monday,5.1000000000001044,2.5999999999992696,1.0199999999995768,1.2249999999996986,0.25490196078434785,85,120,0.4146341463414634
SHORT_8_002,8.0,SHORT,2024-01-15T13:39:00.000000000Z,london,monday,5.1000000000001044,2.4999999999986144,1.0299999999996423,1.0999999999999899,0.2427184466018915,86,119,0.4195121951219512
SHORT_8_002,8.0,SHORT,2024-01-15T13:40:00.000000000Z,london,monday,3.4000000000000696,-0.8000000000008001,0.8399999999997299,0.7999999999996898,0.09523809523822112,87,118,0.424390243902439
SHORT_8_002,8.0,SHORT,2024-01-15T13:41:00.000000000Z,london,monday,3.900000000001125,-2.900000000001235,0.7499999999995843,0.5749999999998812,0.38666666666704563,88,117,0.4292682926829268
SHORT_8_002,8.0,SHORT,2024-01-15T13:42:00.000000000Z,london,monday,3.900000000001125,-2.4999999999986144,0.7899999999998464,0.47500000000033626,0.3164556962024178,89,116,0.43414634146341463
SHORT_8_002,8.0,SHORT,2024-01-15T13:43:00.000000000Z,london,monday,3.900000000001125,-1.80000000000069,0.7800000000000029,0.5250000000001087,0.23076923076931835,90,115,0.43902439024390244
SHORT_8_002,8.0,SHORT,2024-01-15T13:44:00.000000000Z,london,monday,3.900000000001125,-2.100000000000435,0.7500000000000284,0.4500000000001725,0.2800000000000474,91,114,0.44390243902439025
SHORT_8_002,8.0,SHORT,2024-01-15T13:45:00.000000000Z,london,monday,3.900000000001125,-2.6999999999999247,0.6900000000000794,0.3000000000003,0.391304347826031,92,113,0.44878048780487806
SHORT_8_002,8.0,SHORT,2024-01-15T13:46:00.000000000Z,london,monday,1.9999999999997797,-1.1999999999989797,0.5399999999999849,0.27500000000013625,0.22222222222203947,93,112,0.45365853658536587
SHORT_8_002,8.0,SHORT,2024-01-15T13:47:00.000000000Z,london,monday,1.40000000000029,-0.10000000000065512,0.4300000000001525,0.3000000000003,0.02325581395363248,94,111,0.4585365853658537
SHORT_8_002,8.0,SHORT,2024-01-15T13:48:00.000000000Z,london,monday,1.40000000000029,-0.5999999999994898,0.380000000000269,0.3000000000003,0.15789473684185923,95,110,0.4634146341463415
SHORT_8_002,8.0,SHORT,2024-01-15T13:49:00.000000000Z,london,monday,1.6000000000016001,0.30000000000196536,0.4500000000002835,0.5000000000005,0.06666666666706142,96,109,0.4682926829268293
SHORT_8_002,8.0,SHORT,2024-01-15T13:50:00.000000000Z,london,monday,2.20000000000109,1.6000000000016001,0.440000000000218,0.5500000000002725,0.36363636363654717,97,108,0.47317073170731705
SHORT_8_002,8.0,SHORT,2024-01-15T13:51:00.000000000Z,london,monday,2.900000000001235,2.900000000001235,0.4500000000002835,0.6250000000002087,0.6444444444443128,98,107,0.47804878048780486
SHORT_8_002,8.0,SHORT,2024-01-15T13:52:00.000000000Z,london,monday,2.500000000000835,1.100000000000545,0.5300000000001415,0.8500000000000174,0.20754716981136817,99,106,0.48292682926829267
SHORT_8_002,8.0,SHORT,2024-01-15T13:53:00.000000000Z,london,monday,2.500000000000835,0.2999999999997449,0.5500000000002725,0.7750000000000812,0.05454545454538114,100,105,0.4878048780487805
SHORT_8_002,8.0,SHORT,2024-01-15T13:54:00.000000000Z,london,monday,2.500000000000835,-0.700000000000145,0.5700000000001815,0.7750000000000812,0.12280701754384599,101,104,0.4926829268292683
SHORT_8_002,8.0,SHORT,2024-01-15T13:55:00.000000000Z,london,monday,2.500000000000835,0.0,0.640000000000196,0.7750000000000812,0.0,102,103,0.4975609756097561
SHORT_8_002,8.0,SHORT,2024-01-15T13:56:00.000000000Z,london,monday,2.500000000000835,0.2999999999997449,0.6100000000002215,0.47500000000033626,0.049180327868792784,103,102,0.5024390243902439
SHORT_8_002,8.0,SHORT,2024-01-15T13:57:00.000000000Z,london,monday,2.500000000000835,0.40000000000040004,0.600000000000156,0.4250000000000087,0.06666666666671602,104,101,0.5073170731707317
SHORT_8_002,8.0,SHORT,2024-01-15T13:58:00.000000000Z,london,monday,2.4000000000001798,1.40000000000029,0.700000000000145,0.6250000000002087,0.2,105,100,0.5121951219512195
SHORT_8_002,8.0,SHORT,2024-01-15T13:59:00.000000000Z,london,monday,2.4000000000001798,0.3999999999981796,0.640000000000196,0.5000000000005,0.06249999999969642,106,99,0.5170731707317073
SHORT_8_002,8.0,SHORT,2024-01-15T14:00:00.000000000Z,london,monday,2.4000000000001798,-0.5999999999994898,0.6200000000000649,0.5749999999998812,0.09677419354829467,107,98,0.5219512195121951
SHORT_8_002,8.0,SHORT,2024-01-15T14:01:00.000000000Z,london,monday,2.4000000000001798,-0.10000000000065512,0.6699999999999484,0.7999999999996898,0.014925373134427286,108,97,0.526829268292683
SHORT_8_002,8.0,SHORT,2024-01-15T14:02:00.000000000Z,london,monday,2.5999999999992696,-1.40000000000029,0.7999999999999119,1.0999999999994348,0.1750000000000555,109,96,0.5317073170731708
SHORT_8_002,8.0,SHORT,2024-01-15T14:03:00.000000000Z,london,monday,3.9999999999995595,-2.2999999999995246,0.8899999999998354,1.3999999999991797,0.25842696629212925,110,95,0.5365853658536586
SHORT_8_002,8.0,SHORT,2024-01-15T14:04:00.000000000Z,london,monday,4.599999999999049,-2.2999999999995246,0.8899999999998354,1.4499999999995072,0.25842696629212925,111,94,0.5414634146341464
SHORT_8_002,8.0,SHORT,2024-01-15T14:05:00.000000000Z,london,monday,7.800000000000029,-6.200000000000649,1.1399999999999189,1.9500000000000073,0.5438596491229027,112,93,0.5463414634146342
SHORT_8_002,8.0,SHORT,2024-01-15T14:06:00.000000000Z,london,monday,10.000000000001119,-8.300000000001084,1.3499999999999623,1.8500000000004624,0.6148148148149123,113,92,0.551219512195122
SHORT_8_002,8.0,SHORT,2024-01-15T14:07:00.000000000Z,london,monday,10.499999999999954,-8.500000000000174,1.3699999999998713,1.6250000000000986,0.6204379562044505,114,91,0.5560975609756098
SHORT_8_002,8.0,SHORT,2024-01-15T14:08:00.000000000Z,london,monday,11.200000000000099,-10.600000000000609,1.2999999999998568,1.6500000000002624,0.815384615384752,115,90,0.5609756097560976
SHORT_8_002,8.0,SHORT,2024-01-15T14:09:00.000000000Z,london,monday,11.200000000000099,-9.399999999999409,1.3799999999997148,1.0999999999999899,0.681159420289953,116,89,0.5658536585365853
SHORT_8_002,8.0,SHORT,2024-01-15T14:10:00.000000000Z,london,monday,11.200000000000099,-9.80000000000203,1.4199999999999768,0.7499999999999174,0.6901408450705767,117,88,0.5707317073170731
SHORT_8_002,8.0,SHORT,2024-01-15T14:11:00.000000000Z,london,monday,11.200000000000099,-10.600000000000609,1.3400000000001189,0.7250000000003087,0.7910447761193783,118,87,0.5756097560975609
SHORT_8_002,8.0,SHORT,2024-01-15T14:12:00.000000000Z,london,monday,8.60000000000083,-8.20000000000043,1.100000000000101,0.6000000000000449,0.7454545454545161,119,86,0.5804878048780487
SHORT_8_002,8.0,SHORT,2024-01-15T14:13:00.000000000Z,london,monday,7.200000000000539,-6.699999999999484,0.9700000000001374,0.37500000000023626,0.6907216494843851,120,85,0.5853658536585366
SHORT_8_002,8.0,SHORT,2024-01-15T14:14:00.000000000Z,london,monday,6.900000000000794,-6.900000000000794,0.9900000000002684,0.37500000000023626,0.6969696969695882,121,84,0.5902439024390244
SHORT_8_002,8.0,SHORT,2024-01-15T14:15:00.000000000Z,london,monday,3.6999999999998145,-2.80000000000058,0.7600000000000939,0.49999999999994493,0.3684210526316097,122,83,0.5951219512195122
SHORT_8_002,8.0,SHORT,2024-01-15T14:16:00.000000000Z,london,monday,1.4999999999987246,-0.4999999999988347,0.5500000000000504,0.47500000000033626,0.0909090909088707,123,82,0.6
SHORT_8_002,8.0,SHORT,2024-01-15T14:17:00.000000000Z,london,monday,1.8999999999991246,0.8999999999992347,0.5900000000000905,0.6749999999999812,0.15254237288120284,124,81,0.6048780487804878
SHORT_8_002,8.0,SHORT,2024-01-15T14:18:00.000000000Z,london,monday,1.8999999999991246,0.1999999999990898,0.660000000000105,0.8249999999998536,0.030303030302887574,125,80,0.6097560975609756
SHORT_8_002,8.0,SHORT,2024-01-15T14:19:00.000000000Z,london,monday,2.4000000000001798,-1.80000000000069,0.660000000000105,0.8500000000000174,0.2727272727273339,126,79,0.6146341463414634
SHORT_8_002,8.0,SHORT,2024-01-15T14:20:00.000000000Z,london,monday,2.4000000000001798,-0.9999999999998899,0.5800000000000249,0.8249999999998536,0.17241379310342186,127,78,0.6195121951219512
SHORT_8_002,8.0,SHORT,2024-01-15T14:21:00.000000000Z,london,monday,2.5999999999992696,-1.5999999999993797,0.5599999999998939,0.6499999999998174,0.2857142857142291,128,77,0.624390243902439
SHORT_8_002,8.0,SHORT,2024-01-15T14:22:00.000000000Z,london,monday,2.5999999999992696,0.2999999999997449,0.7099999999999884,0.7249999999997536,0.04225352112672533,129,76,0.6292682926829268
SHORT_8_002,8.0,SHORT,2024-01-15T14:23:00.000000000Z,london,monday,2.5999999999992696,0.8999999999992347,0.7699999999999374,0.6499999999998174,0.11688311688302701,130,75,0.6341463414634146
SHORT_8_002,8.0,SHORT,2024-01-15T14:24:00.000000000Z,london,monday,3.4000000000000696,2.6999999999999247,0.7899999999998464,0.8999999999997899,0.3417721518987911,131,74,0.6390243902439025
SHORT_8_002,8.0,SHORT,2024-01-15T14:25:00.000000000Z,london,monday,3.4000000000000696,0.40000000000040004,0.8399999999999519,1.2000000000000899,0.04761904761909797,132,73,0.6439024390243903
SHORT_8_002,8.0,SHORT,2024-01-15T14:26:00.000000000Z,london,monday,3.8999999999989043,2.1999999999988695,1.0199999999997988,1.2499999999998623,0.21568627450973563,133,72,0.6487804878048781
SHORT_8_002,8.0,SHORT,2024-01-15T14:27:00.000000000Z,london,monday,3.8999999999989043,0.9999999999998899,0.9599999999998499,1.1499999999997623,0.10416666666667149,134,71,0.6536585365853659
SHORT_8_002,8.0,SHORT,2024-01-15T14:28:00.000000000Z,london,monday,3.8999999999989043,1.40000000000029,0.9199999999998099,1.1499999999997623,0.15217391304354122,135,70,0.6585365853658537
SHORT_8_002,8.0,SHORT,2024-01-15T14:29:00.000000000Z,london,monday,3.8999999999989043,2.60000000000149,0.8399999999999519,0.8500000000000174,0.30952380952400466,136,69,0.6634146341463415
SHORT_8_002,8.0,SHORT,2024-01-15T14:30:00.000000000Z,london,monday,4.3999999999999595,4.20000000000087,0.9999999999998899,0.7750000000000812,0.4200000000001332,137,68,0.6682926829268293
SHORT_8_002,8.0,SHORT,2024-01-15T14:31:00.000000000Z,london,monday,4.3999999999999595,3.4000000000000696,1.0799999999999699,0.9500000000001174,0.31481481481483004,138,67,0.6731707317073171
SHORT_8_002,8.0,SHORT,2024-01-15T14:32:00.000000000Z,london,monday,2.6999999999999247,1.100000000000545,0.9699999999999154,0.8500000000000174,0.11340206185573617,139,66,0.6780487804878049
SHORT_8_002,8.0,SHORT,2024-01-15T14:33:00.000000000Z,london,monday,2.4000000000001798,0.9999999999998899,0.9599999999998499,0.9499999999995623,0.10416666666667149,140,65,0.6829268292682927
SHORT_8_002,8.0,SHORT,2024-01-15T14:34:00.000000000Z,london,monday,2.4000000000001798,-0.5000000000010552,0.9099999999999664,0.6749999999999812,0.054945054945172926,141,64,0.6878048780487804
SHORT_8_002,8.0,SHORT,2024-01-15T14:35:00.000000000Z,london,monday,2.5999999999992696,-0.1999999999990898,0.8799999999997699,0.6999999999995898,0.02272727272717524,142,63,0.6926829268292682
SHORT_8_002,8.0,SHORT,2024-01-15T14:36:00.000000000Z,london,monday,2.5999999999992696,-0.6999999999979245,0.8299999999998864,0.8999999999997899,0.08433734939735185,143,62,0.697560975609756
SHORT_8_002,8.0,SHORT,2024-01-15T14:37:00.000000000Z,london,monday,2.5999999999992696,-1.7999999999984695,0.9399999999999409,1.0999999999999899,0.1914893617019769,144,61,0.7024390243902439
SHORT_8_002,8.0,SHORT,2024-01-15T14:38:00.000000000Z,london,monday,2.5999999999992696,0.2999999999997449,0.9499999999997844,1.2499999999993072,0.03157894736840137,145,60,0.7073170731707317
SHORT_8_002,8.0,SHORT,2024-01-15T14:39:00.000000000Z,london,monday,2.5999999999992696,0.9999999999998899,1.0199999999997988,1.2000000000000899,0.09803921568628304,146,59,0.7121951219512195
SHORT_8_002,8.0,SHORT,2024-01-15T14:40:00.000000000Z,london,monday,2.5999999999992696,-0.5999999999994898,0.8599999999998609,0.8500000000000174,0.06976744186041708,147,58,0.7170731707317073
SHORT_8_002,8.0,SHORT,2024-01-15T14:41:00.000000000Z,london,monday,1.9999999999997797,0.40000000000040004,0.7599999999998719,0.49999999999994493,0.05263157894742993,148,57,0.7219512195121951
SHORT_8_002,8.0,SHORT,2024-01-15T14:42:00.000000000Z,london,monday,1.9999999999997797,0.7999999999985796,0.7200000000000539,0.27500000000069136,0.11111111111090552,149,56,0.7268292682926829
SHORT_8_002,8.0,SHORT,2024-01-15T14:43:00.000000000Z,london,monday,1.9999999999997797,0.0,0.6800000000000139,0.10000000000010001,0.0,150,55,0.7317073170731707
SHORT_8_002,8.0,SHORT,2024-01-15T14:44:00.000000000Z,london,monday,1.9999999999997797,0.8000000000008001,0.6599999999998829,0.17500000000003624,0.12121212121226393,151,54,0.7365853658536585
SHORT_8_002,8.0,SHORT,2024-01-15T14:45:00.000000000Z,london,monday,1.9999999999997797,1.9999999999997797,0.560000000000116,0.20000000000020002,0.35714285714274385,152,53,0.7414634146341463
SHORT_8_002,8.0,SHORT,2024-01-15T14:46:00.000000000Z,london,monday,1.9999999999997797,-0.8000000000008001,0.560000000000116,0.49999999999994493,0.14285714285725615,153,52,0.7463414634146341
SHORT_8_002,8.0,SHORT,2024-01-15T14:47:00.000000000Z,london,monday,1.9999999999997797,1.1999999999989797,0.48000000000003595,0.6000000000000449,0.2499999999997687,154,51,0.751219512195122
SHORT_8_002,8.0,SHORT,2024-01-15T14:48:00.000000000Z,london,monday,1.40000000000029,0.30000000000196536,0.3900000000003345,0.5750000000004363,0.07692307692351488,155,50,0.7560975609756098
SHORT_8_002,8.0,SHORT,2024-01-15T14:49:00.000000000Z,london,monday,1.500000000000945,-1.500000000000945,0.3900000000003345,0.7750000000006363,0.38461538461529704,156,49,0.7609756097560976
SHORT_8_002,8.0,SHORT,2024-01-15T14:50:00.000000000Z,london,monday,2.100000000000435,-2.100000000000435,0.4500000000002835,0.5750000000004363,0.4666666666664693,157,48,0.7658536585365854
SHORT_8_002,8.0,SHORT,2024-01-15T14:51:00.000000000Z,london,monday,2.100000000000435,-1.9999999999997797,0.460000000000349,0.4500000000007276,0.4347826086952744,158,47,0.7707317073170732
SHORT_8_002,8.0,SHORT,2024-01-15T14:52:00.000000000Z,london,monday,2.20000000000109,-1.9999999999997797,0.460000000000349,0.4500000000007276,0.4347826086952744,159,46,0.775609756097561
SHORT_8_002,8.0,SHORT,2024-01-15T14:53:00.000000000Z,london,monday,2.20000000000109,-1.5999999999993797,0.46000000000057106,0.27500000000069136,0.34782608695595507,160,45,0.7804878048780488
SHORT_8_002,8.0,SHORT,2024-01-15T14:54:00.000000000Z,london,monday,2.20000000000109,-2.100000000000435,0.4500000000007276,0.17500000000114646,0.46666666666600876,161,44,0.7853658536585366
SHORT_8_002,8.0,SHORT,2024-01-15T14:55:00.000000000Z,london,monday,2.20000000000109,-1.40000000000029,0.5200000000007421,0.3500000000011827,0.26923076923044076,162,43,0.7902439024390244
SHORT_8_002,8.0,SHORT,2024-01-15T14:56:00.000000000Z,london,monday,1.7000000000000348,0.8999999999992347,0.4700000000006366,0.5250000000006638,0.1914893617017055,163,42,0.7951219512195122
SHORT_8_002,8.0,SHORT,2024-01-15T14:57:00.000000000Z,london,monday,2.80000000000058,1.40000000000029,0.5200000000007421,0.7500000000004725,0.26923076923044076,164,41,0.8
SHORT_8_002,8.0,SHORT,2024-01-15T14:58:00.000000000Z,london,monday,2.80000000000058,0.5999999999994898,0.56000000000056,0.8500000000000174,0.10714285714265889,165,40,0.8048780487804879
SHORT_8_002,8.0,SHORT,2024-01-15T14:59:00.000000000Z,london,monday,2.80000000000058,1.900000000001345,0.5100000000004545,0.7499999999999174,0.37254901960777487,166,39,0.8097560975609757
SHORT_8_002,8.0,SHORT,2024-01-15T15:00:00.000000000Z,london,monday,3.4000000000000696,3.2999999999994145,0.5300000000003635,0.7249999999997536,0.6226415094334248,167,38,0.8146341463414634
SHORT_8_002,8.0,SHORT,2024-01-15T15:01:00.000000000Z,london,monday,3.4000000000000696,1.1999999999989797,0.720000000000276,0.9499999999995623,0.16666666666646107,168,37,0.8195121951219512
SHORT_8_002,8.0,SHORT,2024-01-15T15:02:00.000000000Z,london,monday,3.4000000000000696,0.9999999999998899,0.740000000000185,0.8999999999997899,0.1351351351350865,169,36,0.824390243902439
SHORT_8_002,8.0,SHORT,2024-01-15T15:03:00.000000000Z,london,monday,3.4000000000000696,1.4999999999987246,0.7900000000000684,0.9749999999997261,0.1898734177213411,170,35,0.8292682926829268
SHORT_8_002,8.0,SHORT,2024-01-15T15:04:00.000000000Z,london,monday,3.4000000000000696,2.9999999999996696,0.8999999999999009,1.0999999999999899,0.3333333333333333,171,34,0.8341463414634146
SHORT_8_002,8.0,SHORT,2024-01-15T15:05:00.000000000Z,london,monday,2.9999999999996696,2.9999999999996696,0.8999999999999009,0.800000000000245,0.3333333333333333,172,33,0.8390243902439024
SHORT_8_002,8.0,SHORT,2024-01-15T15:06:00.000000000Z,london,monday,2.80000000000058,1.9999999999997797,0.8200000000000429,0.7250000000003087,0.2439024390243506,173,32,0.8439024390243902
SHORT_8_002,8.0,SHORT,2024-01-15T15:07:00.000000000Z,london,monday,3.60000000000138,1.80000000000069,0.8000000000001339,0.7750000000006363,0.22500000000004858,174,31,0.848780487804878
SHORT_8_002,8.0,SHORT,2024-01-15T15:08:00.000000000Z,london,monday,3.60000000000138,1.4999999999987246,0.8300000000003305,0.6750000000010914,0.18072289156603943,175,30,0.8536585365853658
SHORT_8_002,8.0,SHORT,2024-01-15T15:09:00.000000000Z,london,monday,3.60000000000138,0.8999999999992347,0.8100000000001994,0.5250000000006638,0.11111111111098927,176,29,0.8585365853658536
SHORT_8_002,8.0,SHORT,2024-01-15T15:10:00.000000000Z,london,monday,3.60000000000138,-0.700000000000145,0.8100000000004215,0.7000000000007001,0.08641975308639267,177,28,0.8634146341463415
SHORT_8_002,8.0,SHORT,2024-01-15T15:11:00.000000000Z,london,monday,3.60000000000138,-0.40000000000040004,0.780000000000447,0.900000000000345,0.05128205128207318,178,27,0.8682926829268293
SHORT_8_002,8.0,SHORT,2024-01-15T15:12:00.000000000Z,london,monday,6.200000000000649,-2.5999999999992696,1.000000000000334,1.3249999999997986,0.25999999999984014,179,26,0.8731707317073171
SHORT_8_002,8.0,SHORT,2024-01-15T15:13:00.000000000Z,london,monday,6.200000000000649,-1.4999999999987246,1.1100000000003885,1.7250000000001986,0.13513513513497294,180,25,0.8780487804878049
SHORT_8_002,8.0,SHORT,2024-01-15T15:14:00.000000000Z,london,monday,6.200000000000649,-2.6999999999999247,0.9900000000002684,1.5499999999996072,0.27272727272719116,181,24,0.8829268292682927
SHORT_8_002,8.0,SHORT,2024-01-15T15:15:00.000000000Z,london,monday,6.200000000000649,-2.6999999999999247,0.9900000000002684,1.3249999999997986,0.27272727272719116,182,23,0.8878048780487805
SHORT_8_002,8.0,SHORT,2024-01-15T15:16:00.000000000Z,london,monday,6.200000000000649,-2.0999999999982144,1.0300000000003084,0.800000000000245,0.20388349514539666,183,22,0.8926829268292683
SHORT_8_002,8.0,SHORT,2024-01-15T15:17:00.000000000Z,london,monday,6.200000000000649,-4.00000000000178,1.040000000000374,0.6000000000006,0.38461538461541744,184,21,0.8975609756097561
SHORT_8_002,8.0,SHORT,2024-01-15T15:18:00.000000000Z,london,monday,5.299999999999194,-3.2999999999994145,0.9700000000001374,0.6250000000007638,0.34020618556690174,185,20,0.9024390243902439
SHORT_8_002,8.0,SHORT,2024-01-15T15:19:00.000000000Z,london,monday,5.1000000000001044,-3.1000000000003247,0.9500000000002284,0.4250000000005638,0.32631578947363993,186,19,0.9073170731707317
SHORT_8_002,8.0,SHORT,2024-01-15T15:20:00.000000000Z,london,monday,4.299999999999304,-2.5999999999992696,0.9000000000001229,0.37500000000023626,0.2888888888887683,187,18,0.9121951219512195
SHORT_8_002,8.0,SHORT,2024-01-15T15:21:00.000000000Z,london,monday,3.20000000000098,-0.7999999999985796,0.740000000000185,0.14999999999987246,0.10810810810788915,188,17,0.9170731707317074
SHORT_8_002,8.0,SHORT,2024-01-15T15:22:00.000000000Z,london,monday,3.9999999999995595,3.9999999999995595,0.700000000000145,0.6499999999998174,0.5714285714283902,189,16,0.9219512195121952
SHORT_8_002,8.0,SHORT,2024-01-15T15:23:00.000000000Z,london,monday,2.2999999999995246,0.3999999999981796,0.700000000000145,1.0999999999999899,0.057142857142585254,190,15,0.926829268292683
SHORT_8_002,8.0,SHORT,2024-01-15T15:24:00.000000000Z,london,monday,2.500000000000835,2.300000000001745,0.8900000000005015,1.5250000000005537,0.2584269662921853,191,14,0.9317073170731708
SHORT_8_002,8.0,SHORT,2024-01-15T15:25:00.000000000Z,london,monday,5.1000000000001044,4.100000000000215,1.0700000000003485,2.1500000000002073,0.38317757009335324,192,13,0.9365853658536586
SHORT_8_002,8.0,SHORT,2024-01-15T15:26:00.000000000Z,london,monday,5.699999999999594,4.199999999998649,1.080000000000192,1.7500000000003624,0.3888888888886947,193,12,0.9414634146341463
SHORT_8_002,8.0,SHORT,2024-01-15T15:27:00.000000000Z,london,monday,5.699999999999594,3.4000000000000696,1.1600000000000499,1.7500000000003624,0.2931034482758555,194,11,0.9463414634146341
SHORT_8_002,8.0,SHORT,2024-01-15T15:28:00.000000000Z,london,monday,5.699999999999594,3.20000000000098,1.1799999999999589,1.3499999999994072,0.2711864406780586,195,10,0.9512195121951219
SHORT_8_002,8.0,SHORT,2024-01-15T15:29:00.000000000Z,london,monday,5.699999999999594,4.100000000000215,1.2699999999998823,0.9249999999993985,0.32283464566933817,196,9,0.9560975609756097
SHORT_8_002,8.0,SHORT,2024-01-15T15:30:00.000000000Z,london,monday,5.699999999999594,2.100000000000435,1.4699999999998603,1.3499999999994072,0.142857142857186,197,8,0.9609756097560975
SHORT_8_002,8.0,SHORT,2024-01-15T15:31:00.000000000Z,london,monday,5.599999999998939,1.40000000000029,1.5199999999997438,1.0499999999991072,0.09210526315792933,198,7,0.9658536585365853
SHORT_8_002,8.0,SHORT,2024-01-15T15:32:00.000000000Z,london,monday,5.20000000000076,-0.9999999999998899,1.3199999999999878,0.9999999999998899,0.07575757575756811,199,6,0.9707317073170731
SHORT_8_002,8.0,SHORT,2024-01-15T15:33:00.000000000Z,london,monday,5.20000000000076,0.30000000000196536,1.1899999999998023,0.8999999999997899,0.02521008403378279,200,5,0.975609756097561
SHORT_8_002,8.0,SHORT,2024-01-15T15:34:00.000000000Z,london,monday,5.20000000000076,-2.000000000002,1.0199999999997988,0.40000000000040004,0.19607843137278377,201,4,0.9804878048780488
SHORT_8_002,8.0,SHORT,2024-01-15T15:35:00.000000000Z,london,monday,5.699999999999594,-5.1000000000001044,0.8099999999997554,0.37500000000023626,0.6296296296298327,202,3,0.9853658536585366
SHORT_8_002,8.0,SHORT,2024-01-15T15:36:00.000000000Z,london,monday,6.599999999998829,-6.599999999998829,0.8399999999997299,0.5499999999997174,0.785714285714399,203,2,0.9902439024390244
SHORT_8_002,8.0,SHORT,2024-01-15T15:37:00.000000000Z,london,monday,6.6000000000010495,-6.099999999999994,0.7899999999998464,0.7500000000004725,0.7721518987343267,204,1,0.9951219512195122
SHORT_8_002,8.0,SHORT,2024-01-15T15:38:00.000000000Z,london,monday,6.900000000000794,-6.00000000000156,0.7800000000000029,0.7499999999999174,0.7692307692309663,205,0,1.0
