timestamp_start,price_start,pair,direction,time_to_target,target_distance,max_mfe_pips,max_mae_pips,duration,session,weekday,speed,efficiency,drawdown_ratio,extension,composite_score,final_price,zone_label,zone_bucket
2024-01-15T08:00:00.000000000Z,1.09568,EUR_USD,LONG,3,2.5,3.4000000000000696,0.0,3,london,monday,0.8333333333333334,1.0,0.0,1.3600000000000279,0.7360000000000028,1.09602,GOOD,A+
2024-01-15T08:01:00.000000000Z,1.0957,EUR_USD,LONG,2,2.5,3.20000000000098,0.0,2,london,monday,1.25,1.0,0.0,1.280000000000392,0.7280000000000392,1.09602,GOOD,A+
2024-01-15T08:02:00.000000000Z,1.09582,EUR_USD,LONG,7,2.5,3.8000000000004697,0.2999999999997449,7,london,monday,0.35714285714285715,0.40425531914910706,0.11999999999989797,1.5200000000001879,0.40398784194539633,1.0962,NOISE,B
2024-01-15T08:03:00.000000000Z,1.09602,EUR_USD,LONG,8,2.5,3.20000000000098,2.2999999999995246,8,london,monday,0.3125,0.3636363636365701,0.9199999999998099,1.280000000000392,0.17695454545470526,1.09634,BAD,D
2024-01-15T08:04:00.000000000Z,1.09596,EUR_USD,LONG,7,2.5,3.8000000000004697,1.7000000000000348,7,london,monday,0.35714285714285715,0.46341463414649997,0.6800000000000139,1.5200000000001879,0.3156515679443303,1.09634,BAD,C
2024-01-15T08:05:00.000000000Z,1.09601,EUR_USD,LONG,6,2.5,3.300000000001635,2.1999999999988695,6,london,monday,0.4166666666666667,0.42857142857167574,0.8799999999995478,1.320000000000654,0.27742857142882615,1.09634,BAD,C
2024-01-15T08:06:00.000000000Z,1.09593,EUR_USD,LONG,3,2.5,2.6999999999999247,1.40000000000029,3,london,monday,0.8333333333333334,0.4909090909090322,0.560000000000116,1.0799999999999699,0.3923636363635867,1.0962,BAD,C
2024-01-15T08:07:00.000000000Z,1.09579,EUR_USD,LONG,2,2.5,4.100000000000215,0.0,2,london,monday,1.25,1.0,0.0,1.6400000000000858,0.7640000000000086,1.0962,GOOD,A+
2024-01-15T08:08:00.000000000Z,1.09599,EUR_USD,LONG,3,2.5,3.5000000000007248,0.0,3,london,monday,0.8333333333333334,1.0,0.0,1.40000000000029,0.740000000000029,1.09634,GOOD,A+
2024-01-15T08:09:00.000000000Z,1.0962,EUR_USD,SHORT,21,2.5,2.9999999999996696,1.5999999999993797,21,london,monday,0.11904761904761904,0.13513513513505945,0.6399999999997519,1.1999999999998678,0.01748262548263161,1.0959,BAD,D
2024-01-15T08:10:00.000000000Z,1.0962,EUR_USD,SHORT,20,2.5,2.9999999999996696,1.5999999999993797,20,london,monday,0.125,0.13513513513505945,0.6399999999997519,1.1999999999998678,0.021054054054060196,1.0959,BAD,D
2024-01-15T08:11:00.000000000Z,1.09634,EUR_USD,SHORT,5,2.5,3.300000000001635,0.0,5,london,monday,0.5,0.42857142857142855,0.0,1.320000000000654,0.5034285714286368,1.09601,NOISE,B
2024-01-15T08:12:00.000000000Z,1.09613,EUR_USD,SHORT,20,2.5,2.900000000001235,2.2999999999995246,20,london,monday,0.125,0.1387559808612491,0.9199999999998099,1.160000000000494,-0.03749760765541293,1.09584,BAD,D
2024-01-15T08:13:00.000000000Z,1.09612,EUR_USD,SHORT,19,2.5,2.80000000000058,2.4000000000001798,19,london,monday,0.13157894736842105,0.1346153846153641,0.9600000000000719,1.120000000000232,-0.04720647773279293,1.09584,BAD,D
2024-01-15T08:14:00.000000000Z,1.0963,EUR_USD,SHORT,2,2.5,2.900000000001235,0.40000000000040004,2,london,monday,1.25,0.7837837837836865,0.16000000000016001,1.160000000000494,0.597513513513492,1.09601,NOISE,B
2024-01-15T08:15:00.000000000Z,1.09634,EUR_USD,SHORT,1,2.5,3.300000000001635,0.0,1,london,monday,2.5,1.0,0.0,1.320000000000654,0.7320000000000654,1.09601,GOOD,A+
2024-01-15T08:16:00.000000000Z,1.09601,EUR_USD,LONG,8,2.5,3.5000000000007248,0.0,8,london,monday,0.3125,0.5072463768113143,0.0,1.40000000000029,0.4303985507245548,1.09636,NOISE,B
2024-01-15T08:17:00.000000000Z,1.0961,EUR_USD,LONG,7,2.5,2.5999999999992696,0.6000000000017103,7,london,monday,0.35714285714285715,0.4333333333329386,0.2400000000006841,1.0399999999997078,0.34361904761872375,1.09636,BAD,C
2024-01-15T08:18:00.000000000Z,1.09608,EUR_USD,LONG,6,2.5,2.80000000000058,0.40000000000040004,6,london,monday,0.4166666666666667,0.48275862068954956,0.16000000000016001,1.120000000000232,0.42310344827581103,1.09636,NOISE,B
2024-01-15T08:19:00.000000000Z,1.0961,EUR_USD,LONG,5,2.5,2.5999999999992696,0.6000000000017103,5,london,monday,0.5,0.4642857142854877,0.2400000000006841,1.0399999999997078,0.44171428571402904,1.09636,NOISE,B
2024-01-15T08:20:00.000000000Z,1.09604,EUR_USD,LONG,4,2.5,3.20000000000098,0.0,4,london,monday,0.625,0.6400000000002665,0.0,1.280000000000392,0.5840000000001458,1.09636,NOISE,B
2024-01-15T08:21:00.000000000Z,1.09615,EUR_USD,SHORT,11,2.5,3.1000000000003247,2.100000000000435,11,london,monday,0.22727272727272727,0.25203252032526197,0.8400000000001739,1.2400000000001299,0.09317664449371935,1.09584,BAD,D
2024-01-15T08:22:00.000000000Z,1.09606,EUR_USD,LONG,2,2.5,2.9999999999996696,0.0,2,london,monday,1.25,1.0,0.0,1.1999999999998678,0.7199999999999868,1.09636,GOOD,A
2024-01-15T08:23:00.000000000Z,1.09613,EUR_USD,SHORT,9,2.5,2.900000000001235,2.2999999999995246,9,london,monday,0.2777777777777778,0.2710280373833172,0.9199999999998099,1.160000000000494,0.107077881620081,1.09584,BAD,D
2024-01-15T08:24:00.000000000Z,1.09636,EUR_USD,SHORT,6,2.5,4.599999999999049,0.0,6,london,monday,0.4166666666666667,0.7419354838707367,0.0,1.8399999999996197,0.6307741935482567,1.0959,NOISE,B
2024-01-15T08:25:00.000000000Z,1.09634,EUR_USD,SHORT,5,2.5,4.3999999999999595,0.0,5,london,monday,0.5,0.733333333333136,0.0,1.7599999999999838,0.6693333333332528,1.0959,NOISE,B
2024-01-15T08:26:00.000000000Z,1.09634,EUR_USD,SHORT,4,2.5,4.3999999999999595,0.0,4,london,monday,0.625,0.733333333333136,0.0,1.7599999999999838,0.6693333333332528,1.0959,NOISE,B
2024-01-15T08:27:00.000000000Z,1.0963,EUR_USD,SHORT,3,2.5,3.9999999999995595,0.0,3,london,monday,0.8333333333333334,0.7142857142854877,0.0,1.5999999999998238,0.6457142857141774,1.0959,NOISE,B
2024-01-15T08:28:00.000000000Z,1.09616,EUR_USD,SHORT,2,2.5,2.5999999999992696,0.8000000000008001,2,london,monday,1.25,0.619047619047317,0.32000000000032003,1.0399999999997078,0.48761904761883357,1.0959,NOISE,B
2024-01-15T08:29:00.000000000Z,1.09624,EUR_USD,SHORT,1,2.5,3.4000000000000696,0.0,1,london,monday,2.5,1.0,0.0,1.3600000000000279,0.7360000000000028,1.0959,GOOD,A+
2024-01-15T08:30:00.000000000Z,1.0959,EUR_USD,SHORT,31,2.5,3.1000000000003247,1.4999999999987246,31,london,monday,0.08064516129032258,0.14975845410632682,0.5999999999994898,1.2400000000001299,0.0122904784168393,1.09559,BAD,D
2024-01-15T08:31:00.000000000Z,1.09598,EUR_USD,SHORT,29,2.5,2.80000000000058,0.700000000000145,29,london,monday,0.08620689655172414,0.14893617021280617,0.280000000000058,1.120000000000232,0.06729860601616855,1.0957,BAD,D
2024-01-15T08:32:00.000000000Z,1.09584,EUR_USD,SHORT,30,2.5,4.599999999999049,2.100000000000435,30,london,monday,0.08333333333333333,0.22330097087376966,0.8400000000001739,1.8399999999996197,0.05532038834943505,1.09538,BAD,D
2024-01-15T08:33:00.000000000Z,1.09585,EUR_USD,SHORT,28,2.5,2.5999999999992696,1.9999999999997797,28,london,monday,0.08928571428571429,0.14130434782607645,0.7999999999999119,1.0399999999997078,-0.04590683229815245,1.09559,BAD,D
2024-01-15T08:34:00.000000000Z,1.09584,EUR_USD,SHORT,28,2.5,4.599999999999049,2.100000000000435,28,london,monday,0.08928571428571429,0.22549019607842924,0.8400000000001739,1.8399999999996197,0.05976750700272747,1.09538,BAD,D
2024-01-15T08:35:00.000000000Z,1.09585,EUR_USD,SHORT,26,2.5,2.5999999999992696,1.9999999999997797,26,london,monday,0.09615384615384616,0.14285714285714285,0.7999999999999119,1.0399999999997078,-0.04116483516484675,1.09559,BAD,D
2024-01-15T08:36:00.000000000Z,1.0958,EUR_USD,SHORT,26,2.5,4.20000000000087,2.4999999999986144,26,london,monday,0.09615384615384616,0.21212121212129367,0.9999999999994458,1.6800000000003479,0.01054079254097083,1.09538,BAD,D
2024-01-15T08:37:00.000000000Z,1.09585,EUR_USD,SHORT,24,2.5,2.5999999999992696,1.9999999999997797,24,london,monday,0.10416666666666667,0.1511627906976564,0.7999999999999119,1.0399999999997078,-0.03303488372094903,1.09559,BAD,D
2024-01-15T08:38:00.000000000Z,1.09595,EUR_USD,SHORT,22,2.5,2.500000000000835,0.9999999999998899,22,london,monday,0.11363636363636363,0.16556291390735098,0.39999999999995595,1.000000000000334,0.054406983744800776,1.0957,BAD,D
2024-01-15T08:39:00.000000000Z,1.09605,EUR_USD,SHORT,21,2.5,3.5000000000007248,0.0,21,london,monday,0.11904761904761904,0.24822695035467693,0.0,1.40000000000029,0.2107193515704712,1.0957,BAD,C
2024-01-15T08:40:00.000000000Z,1.09601,EUR_USD,SHORT,20,2.5,3.1000000000003247,0.0,20,london,monday,0.125,0.2262773722628187,0.0,1.2400000000001299,0.18951094890514045,1.0957,BAD,D
2024-01-15T08:41:00.000000000Z,1.09582,EUR_USD,SHORT,21,2.5,4.3999999999999595,1.8999999999991246,21,london,monday,0.11904761904761904,0.2933333333333629,0.7599999999996498,1.7599999999999838,0.11276190476198501,1.09538,BAD,D
2024-01-15T08:42:00.000000000Z,1.0959,EUR_USD,SHORT,19,2.5,3.1000000000003247,1.0999999999983245,19,london,monday,0.13157894736842105,0.256198347107526,0.4399999999993298,1.2400000000001299,0.11742670726421003,1.09559,BAD,D
2024-01-15T08:43:00.000000000Z,1.09598,EUR_USD,SHORT,17,2.5,2.80000000000058,0.2999999999997449,17,london,monday,0.14705882352941177,0.27450980392161983,0.11999999999989797,1.120000000000232,0.1860392156863386,1.0957,BAD,D
2024-01-15T08:44:00.000000000Z,1.09601,EUR_USD,SHORT,16,2.5,3.1000000000003247,0.0,16,london,monday,0.15625,0.31313131313133125,0.0,1.2400000000001299,0.24300252525254548,1.0957,BAD,C
2024-01-15T08:45:00.000000000Z,1.09584,EUR_USD,SHORT,17,2.5,4.599999999999049,1.6000000000016001,17,london,monday,0.14705882352941177,0.40350877192976986,0.6400000000006401,1.8399999999996197,0.20563880288938902,1.09538,BAD,C
2024-01-15T08:46:00.000000000Z,1.09596,EUR_USD,SHORT,14,2.5,2.60000000000149,0.40000000000040004,14,london,monday,0.17857142857142858,0.3714285714288252,0.16000000000016001,1.040000000000596,0.2277142857144148,1.0957,BAD,C
2024-01-15T08:47:00.000000000Z,1.096,EUR_USD,SHORT,13,2.5,3.00000000000189,0.0,13,london,monday,0.19230769230769232,0.45454545454582157,0.0,1.200000000000756,0.3172027972030197,1.0957,BAD,C
2024-01-15T08:48:00.000000000Z,1.09585,EUR_USD,SHORT,13,2.5,2.5999999999992696,1.100000000000545,13,london,monday,0.19230769230769232,0.41935483870981605,0.440000000000218,1.0399999999997078,0.199126550868469,1.09559,BAD,D
2024-01-15T08:49:00.000000000Z,1.09588,EUR_USD,SHORT,12,2.5,2.8999999999990145,0.8000000000008001,12,london,monday,0.20833333333333334,0.49152542372894115,0.32000000000032003,1.1599999999996058,0.2736101694914731,1.09559,BAD,C
2024-01-15T08:50:00.000000000Z,1.09596,EUR_USD,SHORT,10,2.5,2.60000000000149,0.0,10,london,monday,0.25,0.6500000000008049,0.0,1.040000000000596,0.4140000000003816,1.0957,NOISE,B
2024-01-15T08:51:00.000000000Z,1.09596,EUR_USD,SHORT,9,2.5,2.60000000000149,0.0,9,london,monday,0.2777777777777778,0.6500000000008049,0.0,1.040000000000596,0.4306666666670482,1.0957,NOISE,B
2024-01-15T08:52:00.000000000Z,1.09596,EUR_USD,SHORT,8,2.5,2.60000000000149,0.0,8,london,monday,0.3125,0.6500000000008049,0.0,1.040000000000596,0.4515000000003816,1.0957,NOISE,B
2024-01-15T08:53:00.000000000Z,1.09592,EUR_USD,SHORT,8,2.5,3.2999999999994145,0.2999999999997449,8,london,monday,0.3125,0.7021276595750511,0.11999999999989797,1.3199999999997658,0.47635106383001746,1.09559,NOISE,B
2024-01-15T08:54:00.000000000Z,1.09595,EUR_USD,SHORT,6,2.5,2.500000000000835,0.0,6,london,monday,0.4166666666666667,0.7575757575766547,0.0,1.000000000000334,0.5530303030306953,1.0957,NOISE,B
2024-01-15T08:55:00.000000000Z,1.09582,EUR_USD,SHORT,7,2.5,4.3999999999999595,0.1999999999990898,7,london,monday,0.35714285714285715,0.8461538461544375,0.07999999999963592,1.7599999999999838,0.6127472527475605,1.09538,NOISE,B
2024-01-15T08:56:00.000000000Z,1.0958,EUR_USD,SHORT,6,2.5,4.20000000000087,0.3999999999981796,6,london,monday,0.4166666666666667,0.8400000000006395,0.15999999999927184,1.6800000000003479,0.6220000000004363,1.09538,NOISE,B
2024-01-15T08:57:00.000000000Z,1.0958,EUR_USD,SHORT,5,2.5,4.20000000000087,0.3999999999981796,5,london,monday,0.5,0.8400000000006395,0.15999999999927184,1.6800000000003479,0.6720000000004362,1.09538,NOISE,B
2024-01-15T08:58:00.000000000Z,1.09584,EUR_USD,SHORT,4,2.5,4.599999999999049,0.0,4,london,monday,0.625,1.0,0.0,1.8399999999996197,0.783999999999962,1.09538,GOOD,A+
2024-01-15T08:59:00.000000000Z,1.09582,EUR_USD,SHORT,3,2.5,4.3999999999999595,0.0,3,london,monday,0.8333333333333334,1.0,0.0,1.7599999999999838,0.7759999999999984,1.09538,GOOD,A+
2024-01-15T09:00:00.000000000Z,1.0957,EUR_USD,SHORT,2,2.5,3.1999999999987594,0.0,2,london,monday,1.25,1.0,0.0,1.2799999999995038,0.7279999999999504,1.09538,GOOD,A+
2024-01-15T09:01:00.000000000Z,1.09559,EUR_USD,SHORT,15,2.5,2.500000000000835,0.0,15,london,monday,0.16666666666666666,0.22935779816516005,0.0,1.000000000000334,0.1917431192660974,1.09534,BAD,D
2024-01-15T09:02:00.000000000Z,1.09538,EUR_USD,SHORT,33,2.5,4.100000000000215,2.100000000000435,33,london,monday,0.07575757575757576,0.16872427983540447,0.8400000000001739,1.6400000000000858,0.008944257388681057,1.09497,BAD,D
2024-01-15T09:03:00.000000000Z,1.09541,EUR_USD,SHORT,32,2.5,4.3999999999999595,1.80000000000069,32,london,monday,0.078125,0.18333333333333487,0.720000000000276,1.7599999999999838,0.05220833333327715,1.09497,BAD,D
2024-01-15T09:04:00.000000000Z,1.09546,EUR_USD,SHORT,31,2.5,4.900000000001015,1.2999999999996348,31,london,monday,0.08064516129032258,0.20851063829792862,0.5199999999998539,1.9600000000004059,0.12379135209343482,1.09497,BAD,D
2024-01-15T09:05:00.000000000Z,1.09546,EUR_USD,SHORT,30,2.5,4.900000000001015,1.2999999999996348,30,london,monday,0.08333333333333333,0.20851063829792862,0.5199999999998539,1.9600000000004059,0.12540425531924126,1.09497,BAD,D
2024-01-15T09:06:00.000000000Z,1.09556,EUR_USD,SHORT,11,2.5,2.6999999999999247,0.1999999999990898,11,london,monday,0.22727272727272727,0.35999999999997634,0.07999999999963592,1.0799999999999699,0.27236363636369676,1.09529,BAD,C
2024-01-15T09:07:00.000000000Z,1.09551,EUR_USD,SHORT,11,2.5,2.6999999999999247,0.700000000000145,11,london,monday,0.22727272727272727,0.35999999999997634,0.280000000000058,1.0799999999999699,0.23236363636361232,1.09524,BAD,C
2024-01-15T09:08:00.000000000Z,1.09544,EUR_USD,SHORT,27,2.5,4.699999999999704,1.500000000000945,27,london,monday,0.09259259259259259,0.2206572769953179,0.600000000000378,1.8799999999998818,0.11181846635359531,1.09497,BAD,D
2024-01-15T09:09:00.000000000Z,1.0955,EUR_USD,SHORT,9,2.5,2.5999999999992696,0.8000000000008001,9,london,monday,0.2777777777777778,0.4193548387095157,0.32000000000032003,1.0399999999997078,0.27440860215037977,1.09524,BAD,C
2024-01-15T09:10:00.000000000Z,1.09552,EUR_USD,SHORT,8,2.5,2.80000000000058,0.5999999999994898,8,london,monday,0.3125,0.4666666666668147,0.23999999999979593,1.120000000000232,0.33816666666678996,1.09524,BAD,C
2024-01-15T09:11:00.000000000Z,1.09555,EUR_USD,SHORT,6,2.5,2.5999999999992696,0.2999999999997449,6,london,monday,0.4166666666666667,0.5,0.11999999999989797,1.0399999999997078,0.4299999999999912,1.09529,NOISE,B
2024-01-15T09:12:00.000000000Z,1.09558,EUR_USD,SHORT,5,2.5,2.8999999999990145,0.0,5,london,monday,0.5,0.591836734693822,0.0,1.1599999999996058,0.5527346938774894,1.09529,NOISE,B
2024-01-15T09:13:00.000000000Z,1.09541,EUR_USD,SHORT,22,2.5,4.3999999999999595,1.80000000000069,22,london,monday,0.11363636363636363,0.24175824175827795,0.720000000000276,1.7599999999999838,0.09688511488507255,1.09497,BAD,D
2024-01-15T09:14:00.000000000Z,1.09551,EUR_USD,SHORT,4,2.5,2.6999999999999247,0.0,4,london,monday,0.625,1.0,0.0,1.0799999999999699,0.707999999999997,1.09524,GOOD,A
2024-01-15T09:15:00.000000000Z,1.09544,EUR_USD,SHORT,20,2.5,4.699999999999704,1.500000000000945,20,london,monday,0.125,0.2848484848485175,0.600000000000378,1.8799999999998818,0.1569393939393196,1.09497,BAD,D
2024-01-15T09:16:00.000000000Z,1.09534,EUR_USD,LONG,14,2.5,2.500000000000835,0.9999999999998899,14,london,monday,0.17857142857142858,0.26881720430126527,0.39999999999995595,1.000000000000334,0.13466973886340547,1.09559,BAD,D
2024-01-15T09:17:00.000000000Z,1.09529,EUR_USD,LONG,13,2.5,2.9999999999996696,0.5000000000010552,13,london,monday,0.19230769230769232,0.3409090909091425,0.20000000000042206,1.1999999999998678,0.2317482517481748,1.09559,BAD,C
2024-01-15T09:18:00.000000000Z,1.09524,EUR_USD,LONG,12,2.5,3.5000000000007248,0.0,12,london,monday,0.20833333333333334,0.4216867469882097,0.0,1.40000000000029,0.33367469879531286,1.09559,BAD,C
2024-01-15T09:19:00.000000000Z,1.09534,EUR_USD,LONG,11,2.5,2.500000000000835,0.2999999999997449,11,london,monday,0.22727272727272727,0.3424657534249242,0.11999999999989797,1.000000000000334,0.24934993773365985,1.09559,BAD,C
2024-01-15T09:20:00.000000000Z,1.09531,EUR_USD,LONG,10,2.5,2.80000000000058,0.0,10,london,monday,0.25,0.40000000000025376,0.0,1.120000000000232,0.32200000000012474,1.09559,BAD,C
2024-01-15T09:21:00.000000000Z,1.09548,EUR_USD,SHORT,13,2.5,2.5999999999992696,1.100000000000545,13,london,monday,0.19230769230769232,0.28888888888891084,0.440000000000218,1.0399999999997078,0.14694017094010692,1.09522,BAD,D
2024-01-15T09:22:00.000000000Z,1.09547,EUR_USD,SHORT,13,2.5,4.999999999999449,1.2000000000012,13,london,monday,0.19230769230769232,0.43859649122813854,0.48000000000048004,1.9999999999997797,0.2948232118757528,1.09497,BAD,C
2024-01-15T09:23:00.000000000Z,1.09542,EUR_USD,SHORT,12,2.5,4.500000000000615,1.7000000000000348,12,london,monday,0.20833333333333334,0.4128440366973748,0.6800000000000139,1.8000000000002458,0.23413761467897176,1.09497,BAD,C
2024-01-15T09:24:00.000000000Z,1.0954,EUR_USD,SHORT,11,2.5,4.299999999999304,1.900000000001345,11,london,monday,0.22727272727272727,0.40186915887855895,0.760000000000538,1.7199999999997218,0.2171112999149245,1.09497,BAD,C
2024-01-15T09:25:00.000000000Z,1.09532,EUR_USD,LONG,5,2.5,2.6999999999999247,0.0,5,london,monday,0.5,0.7297297297301839,0.0,1.0799999999999699,0.5998918918920706,1.09559,NOISE,B
2024-01-15T09:26:00.000000000Z,1.09544,EUR_USD,SHORT,9,2.5,4.699999999999704,1.500000000000945,9,london,monday,0.2777777777777778,0.540229885057483,0.600000000000378,1.8799999999998818,0.3507586206895725,1.09497,BAD,C
2024-01-15T09:27:00.000000000Z,1.09544,EUR_USD,SHORT,8,2.5,4.699999999999704,1.500000000000945,8,london,monday,0.3125,0.540229885057483,0.600000000000378,1.8799999999998818,0.3715919540229058,1.09497,BAD,C
2024-01-15T09:28:00.000000000Z,1.0954,EUR_USD,SHORT,7,2.5,4.299999999999304,1.900000000001345,7,london,monday,0.35714285714285715,0.5180722891566136,0.760000000000538,1.7199999999997218,0.34151462994822435,1.09497,BAD,C
2024-01-15T09:29:00.000000000Z,1.09539,EUR_USD,SHORT,6,2.5,4.20000000000087,1.9999999999997797,6,london,monday,0.4166666666666667,0.5121951219512988,0.7999999999999119,1.6800000000003479,0.36287804878057195,1.09497,BAD,C
2024-01-15T09:30:00.000000000Z,1.09559,EUR_USD,SHORT,4,2.5,3.6999999999998145,0.0,4,london,monday,0.625,1.0,0.0,1.4799999999999258,0.7479999999999926,1.09522,GOOD,A+
2024-01-15T09:31:00.000000000Z,1.09544,EUR_USD,SHORT,4,2.5,4.699999999999704,0.0,4,london,monday,0.625,1.0,0.0,1.8799999999998818,0.7879999999999882,1.09497,GOOD,A+
2024-01-15T09:32:00.000000000Z,1.0954,EUR_USD,SHORT,3,2.5,4.299999999999304,0.0,3,london,monday,0.8333333333333334,1.0,0.0,1.7199999999997218,0.7719999999999722,1.09497,GOOD,A+
2024-01-15T09:33:00.000000000Z,1.0954,EUR_USD,SHORT,2,2.5,4.299999999999304,0.0,2,london,monday,1.25,1.0,0.0,1.7199999999997218,0.7719999999999722,1.09497,GOOD,A+
2024-01-15T09:34:00.000000000Z,1.09522,EUR_USD,SHORT,1,2.5,2.500000000000835,0.0,1,london,monday,2.5,1.0,0.0,1.000000000000334,0.7000000000000334,1.09497,NOISE,B
2024-01-15T09:35:00.000000000Z,1.09497,EUR_USD,SHORT,2,2.5,3.2999999999994145,0.0,2,london,monday,1.25,1.0,0.0,1.3199999999997658,0.7319999999999766,1.09464,GOOD,A+
2024-01-15T09:36:00.000000000Z,1.09496,EUR_USD,SHORT,1,2.5,3.1999999999987594,0.0,1,london,monday,2.5,1.0,0.0,1.2799999999995038,0.7279999999999504,1.09464,GOOD,A+
2024-01-15T09:37:00.000000000Z,1.09464,EUR_USD,SHORT,25,2.5,3.4000000000000696,1.5999999999993797,25,london,monday,0.1,0.13821138211384168,0.6399999999997519,1.3600000000000279,0.023284552845589092,1.0943,BAD,D
2024-01-15T09:38:00.000000000Z,1.09451,EUR_USD,LONG,17,2.5,2.8999999999990145,0.8000000000008001,17,london,monday,0.14705882352941177,0.17365269461075933,0.32000000000032003,1.1599999999996058,0.10969637196184737,1.0948,BAD,D
2024-01-15T09:39:00.000000000Z,1.09473,EUR_USD,SHORT,8,2.5,2.9999999999996696,0.1999999999990898,8,london,monday,0.3125,0.5000000000001851,0.07999999999963592,1.1999999999998678,0.39150000000013363,1.09443,BAD,C
2024-01-15T09:40:00.000000000Z,1.0947,EUR_USD,SHORT,7,2.5,2.6999999999999247,0.4999999999988347,7,london,monday,0.35714285714285715,0.4736842105265208,0.19999999999953388,1.0799999999999699,0.3717593984964128,1.09443,BAD,C
2024-01-15T09:41:00.000000000Z,1.09475,EUR_USD,SHORT,6,2.5,3.1999999999987594,0.0,6,london,monday,0.4166666666666667,0.6153846153845497,0.0,1.2799999999995038,0.5241538461537703,1.09443,NOISE,B
2024-01-15T09:42:00.000000000Z,1.09471,EUR_USD,SHORT,5,2.5,2.80000000000058,0.0,5,london,monday,0.5,0.5833333333334104,0.0,1.120000000000232,0.5453333333333874,1.09443,NOISE,B
2024-01-15T09:43:00.000000000Z,1.09468,EUR_USD,SHORT,4,2.5,2.500000000000835,0.0,4,london,monday,0.625,0.5555555555556652,0.0,1.000000000000334,0.5222222222222995,1.09443,NOISE,B
2024-01-15T09:44:00.000000000Z,1.09458,EUR_USD,SHORT,18,2.5,2.80000000000058,2.1999999999988695,18,london,monday,0.1388888888888889,0.15053763440861756,0.8799999999995478,1.120000000000232,-0.020451612903106008,1.0943,BAD,D
2024-01-15T09:45:00.000000000Z,1.09468,EUR_USD,SHORT,2,2.5,2.500000000000835,0.0,2,london,monday,1.25,1.0,0.0,1.000000000000334,0.7000000000000334,1.09443,NOISE,B
2024-01-15T09:46:00.000000000Z,1.09465,EUR_USD,SHORT,16,2.5,3.4999999999985043,1.500000000000945,16,london,monday,0.15625,0.20231213872823617,0.600000000000378,1.3999999999994017,0.09467485549115903,1.0943,BAD,D
2024-01-15T09:47:00.000000000Z,1.09443,EUR_USD,LONG,2,2.5,2.6999999999999247,0.0,2,london,monday,1.25,1.0,0.0,1.0799999999999699,0.707999999999997,1.0947,GOOD,A
2024-01-15T09:48:00.000000000Z,1.09452,EUR_USD,LONG,7,2.5,2.80000000000058,0.5999999999994898,7,london,monday,0.35714285714285715,0.3684210526316097,0.23999999999979593,1.120000000000232,0.3256541353384222,1.0948,BAD,C
2024-01-15T09:49:00.000000000Z,1.0947,EUR_USD,SHORT,11,2.5,2.8999999999990145,0.9999999999998899,11,london,monday,0.22727272727272727,0.25663716814148857,0.39999999999995595,1.1599999999996058,0.1750185036202012,1.09441,BAD,D
2024-01-15T09:50:00.000000000Z,1.09461,EUR_USD,SHORT,12,2.5,3.1000000000003247,1.8999999999991246,12,london,monday,0.20833333333333334,0.2695652173912842,0.7599999999996498,1.2400000000001299,0.1048260869565967,1.0943,BAD,D
2024-01-15T09:51:00.000000000Z,1.09446,EUR_USD,LONG,4,2.5,3.4000000000000696,0.0,4,london,monday,0.625,1.0,0.0,1.3600000000000279,0.7360000000000028,1.0948,GOOD,A+
2024-01-15T09:52:00.000000000Z,1.0945,EUR_USD,LONG,3,2.5,2.9999999999996696,0.0,3,london,monday,0.8333333333333334,1.0,0.0,1.1999999999998678,0.7199999999999868,1.0948,GOOD,A
2024-01-15T09:53:00.000000000Z,1.09456,EUR_USD,SHORT,9,2.5,2.5999999999992696,2.4000000000001798,9,london,monday,0.2777777777777778,0.2888888888887683,0.9600000000000719,1.0399999999997078,0.09422222222213036,1.0943,BAD,D
2024-01-15T09:54:00.000000000Z,1.0946,EUR_USD,SHORT,8,2.5,2.9999999999996696,1.9999999999997797,8,london,monday,0.3125,0.34883720930225354,0.7999999999999119,1.1999999999998678,0.1870348837209058,1.0943,BAD,D
2024-01-15T09:55:00.000000000Z,1.0948,EUR_USD,SHORT,5,2.5,3.8999999999989043,0.0,5,london,monday,0.5,0.7090909090906449,0.0,1.5599999999995617,0.6396363636362141,1.09441,NOISE,B
2024-01-15T09:56:00.000000000Z,1.09478,EUR_USD,SHORT,4,2.5,3.6999999999998145,0.0,4,london,monday,0.625,0.6981132075469485,0.0,1.4799999999999258,0.627245283018772,1.09441,NOISE,B
2024-01-15T09:57:00.000000000Z,1.09468,EUR_USD,SHORT,3,2.5,2.6999999999999247,0.0,3,london,monday,0.8333333333333334,0.6279069767439459,0.0,1.0799999999999699,0.5591627906975754,1.09441,NOISE,B
2024-01-15T09:58:00.000000000Z,1.0946,EUR_USD,SHORT,4,2.5,2.9999999999996696,0.8000000000008001,4,london,monday,0.625,0.6521739130432264,0.32000000000032003,1.1999999999998678,0.5168695652172134,1.0943,NOISE,B
2024-01-15T09:59:00.000000000Z,1.09468,EUR_USD,SHORT,1,2.5,2.6999999999999247,0.0,1,london,monday,2.5,1.0,0.0,1.0799999999999699,0.707999999999997,1.09441,GOOD,A
2024-01-15T10:00:00.000000000Z,1.09441,EUR_USD,SHORT,4,2.5,3.60000000000138,0.0,4,london,monday,0.625,1.0,0.0,1.440000000000552,0.7440000000000552,1.09405,GOOD,A+
2024-01-15T10:01:00.000000000Z,1.09441,EUR_USD,SHORT,3,2.5,3.60000000000138,0.0,3,london,monday,0.8333333333333334,1.0,0.0,1.440000000000552,0.7440000000000552,1.09405,GOOD,A+
2024-01-15T10:02:00.000000000Z,1.0943,EUR_USD,SHORT,2,2.5,2.500000000000835,0.0,2,london,monday,1.25,1.0,0.0,1.000000000000334,0.7000000000000334,1.09405,NOISE,B
2024-01-15T10:03:00.000000000Z,1.0942,EUR_USD,SHORT,6,2.5,2.60000000000149,0.0,6,london,monday,0.4166666666666667,0.5199999999998934,0.0,1.040000000000596,0.462000000000017,1.09394,NOISE,B
2024-01-15T10:04:00.000000000Z,1.09405,EUR_USD,SHORT,8,2.5,2.6999999999999247,1.2000000000012,8,london,monday,0.3125,0.40298507462661837,0.48000000000048004,1.0799999999999699,0.26069402985054835,1.09378,BAD,C
2024-01-15T10:05:00.000000000Z,1.0941,EUR_USD,SHORT,5,2.5,2.60000000000149,0.700000000000145,5,london,monday,0.5,0.6500000000000833,0.280000000000058,1.040000000000596,0.5080000000000814,1.09384,NOISE,B
2024-01-15T10:06:00.000000000Z,1.09417,EUR_USD,SHORT,4,2.5,3.300000000001635,0.0,4,london,monday,0.625,1.0,0.0,1.320000000000654,0.7320000000000654,1.09384,GOOD,A+
2024-01-15T10:07:00.000000000Z,1.09415,EUR_USD,SHORT,3,2.5,3.1000000000003247,0.0,3,london,monday,0.8333333333333334,1.0,0.0,1.2400000000001299,0.724000000000013,1.09384,GOOD,A
2024-01-15T10:08:00.000000000Z,1.09414,EUR_USD,SHORT,2,2.5,2.9999999999996696,0.0,2,london,monday,1.25,1.0,0.0,1.1999999999998678,0.7199999999999868,1.09384,GOOD,A
2024-01-15T10:09:00.000000000Z,1.09394,EUR_USD,SHORT,8,2.5,3.5999999999991594,0.0,8,london,monday,0.3125,0.5142857142856508,0.0,1.4399999999996638,0.4372142857142267,1.09358,NOISE,B
2024-01-15T10:10:00.000000000Z,1.09384,EUR_USD,SHORT,7,2.5,2.5999999999992696,0.8000000000008001,7,london,monday,0.35714285714285715,0.4333333333332593,0.32000000000032003,1.0399999999997078,0.3276190476189248,1.09358,BAD,C
2024-01-15T10:11:00.000000000Z,1.09392,EUR_USD,SHORT,6,2.5,3.4000000000000696,0.0,6,london,monday,0.4166666666666667,0.6538461538463509,0.0,1.3600000000000279,0.5475384615385431,1.09358,NOISE,B
2024-01-15T10:12:00.000000000Z,1.09378,EUR_USD,SHORT,6,2.5,3.6999999999998145,0.8999999999992347,6,london,monday,0.4166666666666667,0.6727272727274489,0.3599999999996939,1.4799999999999258,0.4950909090910335,1.09341,NOISE,B
2024-01-15T10:13:00.000000000Z,1.0938,EUR_USD,SHORT,5,2.5,3.900000000001125,0.6999999999979245,5,london,monday,0.5,0.7358490566044059,0.2799999999991698,1.56000000000045,0.5943396226419734,1.09341,NOISE,B
2024-01-15T10:14:00.000000000Z,1.09387,EUR_USD,SHORT,3,2.5,2.8999999999990145,0.0,3,london,monday,0.8333333333333334,1.0,0.0,1.1599999999996058,0.7159999999999606,1.09358,GOOD,A
2024-01-15T10:15:00.000000000Z,1.09372,EUR_USD,SHORT,3,2.5,3.1000000000003247,0.0,3,london,monday,0.8333333333333334,1.0,0.0,1.2400000000001299,0.724000000000013,1.09341,GOOD,A
2024-01-15T10:16:00.000000000Z,1.0937,EUR_USD,SHORT,2,2.5,2.8999999999990145,0.0,2,london,monday,1.25,1.0,0.0,1.1599999999996058,0.7159999999999606,1.09341,GOOD,A
2024-01-15T10:17:00.000000000Z,1.09358,EUR_USD,LONG,13,2.5,2.5999999999992696,1.9999999999997797,13,london,monday,0.19230769230769232,0.22413793103449595,0.7999999999999119,1.0399999999997078,0.049039787798402186,1.09384,BAD,D
2024-01-15T10:18:00.000000000Z,1.09341,EUR_USD,LONG,12,2.5,4.299999999999304,0.2999999999997449,12,london,monday,0.20833333333333334,0.43434343434353856,0.11999999999989797,1.7199999999997218,0.34673737373740804,1.09384,BAD,C
2024-01-15T10:19:00.000000000Z,1.0935,EUR_USD,LONG,11,2.5,3.4000000000000696,1.1999999999989797,11,london,monday,0.22727272727272727,0.3777777777779203,0.47999999999959186,1.3600000000000279,0.2274747474748889,1.09384,BAD,C
2024-01-15T10:20:00.000000000Z,1.09342,EUR_USD,LONG,10,2.5,4.199999999998649,0.40000000000040004,10,london,monday,0.25,0.5121951219511667,0.16000000000016001,1.6799999999994597,0.3908780487803807,1.09384,BAD,C
2024-01-15T10:21:00.000000000Z,1.09346,EUR_USD,LONG,9,2.5,3.7999999999982492,0.8000000000008001,9,london,monday,0.2777777777777778,0.4871794871793996,0.32000000000032003,1.5199999999992997,0.3495384615382925,1.09384,BAD,C
2024-01-15T10:22:00.000000000Z,1.09338,EUR_USD,LONG,8,2.5,4.599999999999049,0.0,8,london,monday,0.3125,0.6571428571430021,0.0,1.8399999999996197,0.5343571428571628,1.09384,NOISE,B
2024-01-15T10:23:00.000000000Z,1.09342,EUR_USD,LONG,7,2.5,4.199999999998649,0.0,7,london,monday,0.35714285714285715,0.6363636363637587,0.0,1.6799999999994597,0.5368311688311638,1.09384,NOISE,B
2024-01-15T10:24:00.000000000Z,1.09347,EUR_USD,LONG,6,2.5,3.6999999999998145,0.0,6,london,monday,0.4166666666666667,0.6065573770493713,0.0,1.4799999999999258,0.5406229508197411,1.09384,NOISE,B
2024-01-15T10:25:00.000000000Z,1.09357,EUR_USD,LONG,5,2.5,2.6999999999999247,0.4999999999988347,5,london,monday,0.5,0.5294117647060872,0.19999999999953388,1.0799999999999699,0.47976470588252507,1.09384,NOISE,B
2024-01-15T10:26:00.000000000Z,1.09352,EUR_USD,LONG,4,2.5,3.1999999999987594,0.0,4,london,monday,0.625,0.6956521739129176,0.0,1.2799999999995038,0.6062608695651174,1.09384,NOISE,B
2024-01-15T10:27:00.000000000Z,1.09353,EUR_USD,LONG,3,2.5,3.1000000000003247,0.0,3,london,monday,0.8333333333333334,0.688888888888867,0.0,1.2400000000001299,0.5995555555555598,1.09384,NOISE,B
2024-01-15T10:28:00.000000000Z,1.09362,EUR_USD,LONG,23,2.5,3.1000000000003247,0.9000000000014552,23,london,monday,0.10869565217391304,0.17919075144510452,0.3600000000005821,1.2400000000001299,0.08889369188228621,1.09393,BAD,D
2024-01-15T10:29:00.000000000Z,1.09355,EUR_USD,LONG,1,2.5,2.8999999999990145,0.0,1,london,monday,2.5,1.0,0.0,1.1599999999996058,0.7159999999999606,1.09384,GOOD,A
2024-01-15T10:30:00.000000000Z,1.09384,EUR_USD,SHORT,5,2.5,2.9999999999996696,0.0,5,london,monday,0.5,0.7142857142858653,0.0,1.1999999999998678,0.605714285714333,1.09354,NOISE,B
2024-01-15T10:31:00.000000000Z,1.09372,EUR_USD,LONG,24,2.5,2.500000000000835,1.900000000001345,24,london,monday,0.10416666666666667,0.17006802721088024,0.760000000000538,1.000000000000334,-0.02147278911572211,1.09397,BAD,D
2024-01-15T10:32:00.000000000Z,1.09372,EUR_USD,LONG,23,2.5,2.500000000000835,1.900000000001345,23,london,monday,0.10869565217391304,0.17006802721088024,0.760000000000538,1.000000000000334,-0.018755397811374273,1.09397,BAD,D
2024-01-15T10:33:00.000000000Z,1.09378,EUR_USD,SHORT,13,2.5,2.500000000000835,0.0,13,london,monday,0.19230769230769232,0.31645569620260994,0.0,1.000000000000334,0.24196689386569276,1.09353,BAD,C
2024-01-15T10:34:00.000000000Z,1.09362,EUR_USD,LONG,17,2.5,3.1000000000003247,0.9000000000014552,17,london,monday,0.14705882352941177,0.3009708737863492,0.3600000000005821,1.2400000000001299,0.1606236436320833,1.09393,BAD,D
2024-01-15T10:35:00.000000000Z,1.09354,EUR_USD,LONG,16,2.5,3.900000000001125,0.10000000000065512,16,london,monday,0.15625,0.4105263157894934,0.04000000000026205,1.56000000000045,0.30596052631578996,1.09393,BAD,C
2024-01-15T10:36:00.000000000Z,1.09354,EUR_USD,LONG,15,2.5,3.900000000001125,0.10000000000065512,15,london,monday,0.16666666666666666,0.4105263157894934,0.04000000000026205,1.56000000000045,0.31221052631578994,1.09393,BAD,C
2024-01-15T10:37:00.000000000Z,1.09362,EUR_USD,LONG,14,2.5,3.1000000000003247,0.9000000000014552,14,london,monday,0.17857142857142858,0.3563218390804363,0.3600000000005821,1.2400000000001299,0.20167159277492822,1.09393,BAD,C
2024-01-15T10:38:00.000000000Z,1.09362,EUR_USD,LONG,13,2.5,3.1000000000003247,0.9000000000014552,13,london,monday,0.19230769230769232,0.3563218390804363,0.3600000000005821,1.2400000000001299,0.20991335101668648,1.09393,BAD,C
2024-01-15T10:39:00.000000000Z,1.09372,EUR_USD,LONG,16,2.5,2.500000000000835,1.900000000001345,16,london,monday,0.15625,0.25252525252521174,0.760000000000538,1.000000000000334,0.042760101010010494,1.09397,BAD,D
2024-01-15T10:40:00.000000000Z,1.09367,EUR_USD,LONG,11,2.5,2.60000000000149,1.40000000000029,11,london,monday,0.22727272727272727,0.361111111111291,0.560000000000116,1.040000000000596,0.17280808080818919,1.09393,BAD,D
2024-01-15T10:41:00.000000000Z,1.09366,EUR_USD,LONG,10,2.5,2.6999999999999247,1.3000000000018552,10,london,monday,0.25,0.3802816901407217,0.5200000000007421,1.0799999999999699,0.20611267605613723,1.09393,BAD,C
2024-01-15T10:42:00.000000000Z,1.0937,EUR_USD,LONG,13,2.5,2.700000000002145,1.7000000000000348,13,london,monday,0.19230769230769232,0.30337078651684835,0.6800000000000139,1.080000000000858,0.10873292999143774,1.09397,BAD,D
2024-01-15T10:43:00.000000000Z,1.09358,EUR_USD,LONG,8,2.5,3.5000000000007248,0.5000000000010552,8,london,monday,0.3125,0.6363636363631959,0.20000000000042206,1.40000000000029,0.442045454545223,1.09393,NOISE,B
2024-01-15T10:44:00.000000000Z,1.09363,EUR_USD,LONG,7,2.5,2.9999999999996696,1.0000000000021103,7,london,monday,0.35714285714285715,0.5999999999994671,0.4000000000008441,1.1999999999998678,0.3942857142853191,1.09393,BAD,C
2024-01-15T10:45:00.000000000Z,1.09363,EUR_USD,LONG,6,2.5,2.9999999999996696,1.0000000000021103,6,london,monday,0.4166666666666667,0.5999999999994671,0.4000000000008441,1.1999999999998678,0.4299999999996048,1.09393,NOISE,B
2024-01-15T10:46:00.000000000Z,1.09353,EUR_USD,LONG,5,2.5,4.00000000000178,0.0,5,london,monday,0.5,1.0,0.0,1.600000000000712,0.7600000000000712,1.09393,GOOD,A+
2024-01-15T10:47:00.000000000Z,1.09353,EUR_USD,LONG,4,2.5,4.00000000000178,0.0,4,london,monday,0.625,1.0,0.0,1.600000000000712,0.7600000000000712,1.09393,GOOD,A+
2024-01-15T10:48:00.000000000Z,1.09356,EUR_USD,LONG,3,2.5,3.6999999999998145,0.0,3,london,monday,0.8333333333333334,1.0,0.0,1.4799999999999258,0.7479999999999926,1.09393,GOOD,A+
2024-01-15T10:49:00.000000000Z,1.09363,EUR_USD,LONG,2,2.5,2.9999999999996696,0.0,2,london,monday,1.25,1.0,0.0,1.1999999999998678,0.7199999999999868,1.09393,GOOD,A
2024-01-15T10:50:00.000000000Z,1.09372,EUR_USD,LONG,5,2.5,2.500000000000835,0.0,5,london,monday,0.5,0.581395348836897,0.0,1.000000000000334,0.5325581395347923,1.09397,NOISE,B
2024-01-15T10:51:00.000000000Z,1.09393,EUR_USD,LONG,13,2.5,2.6999999999999247,0.9000000000014552,13,london,monday,0.19230769230769232,0.35999999999997634,0.3600000000005821,1.0799999999999699,0.1953846153844865,1.0942,BAD,D
2024-01-15T10:52:00.000000000Z,1.09384,EUR_USD,LONG,4,2.5,2.6999999999999247,0.0,4,london,monday,0.625,1.0,0.0,1.0799999999999699,0.707999999999997,1.09411,GOOD,A
2024-01-15T10:53:00.000000000Z,1.09386,EUR_USD,LONG,4,2.5,2.5999999999992696,0.0,4,london,monday,0.625,1.0,0.0,1.0399999999997078,0.7039999999999708,1.09412,NOISE,B
2024-01-15T10:54:00.000000000Z,1.09387,EUR_USD,LONG,3,2.5,2.500000000000835,0.0,3,london,monday,0.8333333333333334,1.0,0.0,1.000000000000334,0.7000000000000334,1.09412,NOISE,B
2024-01-15T10:55:00.000000000Z,1.09397,EUR_USD,LONG,18,2.5,2.6999999999999247,0.0,18,london,monday,0.1388888888888889,0.2727272727273135,0.0,1.0799999999999699,0.20042424242425572,1.09424,BAD,D
2024-01-15T10:56:00.000000000Z,1.09411,EUR_USD,LONG,29,2.5,3.300000000001635,0.8999999999992347,29,london,monday,0.08620689655172414,0.20496894409946625,0.3599999999996939,1.320000000000654,0.0937117155709476,1.09444,BAD,D
2024-01-15T10:57:00.000000000Z,1.09412,EUR_USD,LONG,28,2.5,3.20000000000098,0.9999999999998899,28,london,monday,0.08928571428571429,0.20000000000005552,0.39999999999995595,1.280000000000392,0.0815714285714988,1.09444,BAD,D
2024-01-15T10:58:00.000000000Z,1.09412,EUR_USD,LONG,27,2.5,3.20000000000098,0.9999999999998899,27,london,monday,0.09259259259259259,0.20000000000005552,0.39999999999995595,1.280000000000392,0.08355555555562577,1.09444,BAD,D
2024-01-15T10:59:00.000000000Z,1.09402,EUR_USD,LONG,19,2.5,2.5999999999992696,0.0,19,london,monday,0.13157894736842105,0.29545454545446515,0.0,1.0399999999997078,0.20112918660280946,1.09428,BAD,D
2024-01-15T11:00:00.000000000Z,1.09414,EUR_USD,LONG,25,2.5,3.00000000000189,0.3999999999981796,25,london,monday,0.1,0.21739130434793802,0.15999999999927184,1.200000000000756,0.13495652173939646,1.09444,BAD,D
2024-01-15T11:01:00.000000000Z,1.09418,EUR_USD,LONG,24,2.5,2.60000000000149,0.7999999999985796,24,london,monday,0.10416666666666667,0.19402985074636264,0.31999999999943185,1.040000000000596,0.08011194029871829,1.09444,BAD,D
2024-01-15T11:02:00.000000000Z,1.09413,EUR_USD,LONG,23,2.5,3.1000000000003247,0.2999999999997449,23,london,monday,0.10869565217391304,0.24031007751936118,0.11999999999989797,1.2400000000001299,0.1613414223121257,1.09444,BAD,D
2024-01-15T11:03:00.000000000Z,1.09418,EUR_USD,LONG,22,2.5,2.60000000000149,0.7999999999985796,22,london,monday,0.11363636363636363,0.20967741935489936,0.31999999999943185,1.040000000000596,0.09205278592395114,1.09444,BAD,D
2024-01-15T11:04:00.000000000Z,1.0942,EUR_USD,LONG,22,2.5,2.5999999999992696,0.9999999999998899,22,london,monday,0.11363636363636363,0.20967741935475784,0.39999999999995595,1.0399999999997078,0.0760527859237009,1.09446,BAD,D
2024-01-15T11:05:00.000000000Z,1.09412,EUR_USD,LONG,20,2.5,3.20000000000098,0.1999999999990898,20,london,monday,0.125,0.2807017543860162,0.07999999999963592,1.280000000000392,0.19928070175451848,1.09444,BAD,D
2024-01-15T11:06:00.000000000Z,1.0941,EUR_USD,LONG,19,2.5,3.4000000000000696,0.0,19,london,monday,0.13157894736842105,0.3035714285713719,0.0,1.3600000000000279,0.23637593984960417,1.09444,BAD,C
2024-01-15T11:07:00.000000000Z,1.0941,EUR_USD,LONG,18,2.5,3.4000000000000696,0.0,18,london,monday,0.1388888888888889,0.3035714285713719,0.0,1.3600000000000279,0.2407619047618849,1.09444,BAD,C
2024-01-15T11:08:00.000000000Z,1.0942,EUR_USD,LONG,18,2.5,2.5999999999992696,0.9999999999998899,18,london,monday,0.1388888888888889,0.24999999999989325,0.39999999999995595,1.0399999999997078,0.10733333333327022,1.09446,BAD,D
2024-01-15T11:09:00.000000000Z,1.09416,EUR_USD,LONG,16,2.5,2.80000000000058,0.5999999999994898,16,london,monday,0.15625,0.2857142857142857,0.23999999999979593,1.120000000000232,0.17203571428577827,1.09444,BAD,D
2024-01-15T11:10:00.000000000Z,1.09417,EUR_USD,LONG,15,2.5,2.6999999999999247,0.700000000000145,15,london,monday,0.16666666666666666,0.27835051546387035,0.280000000000058,1.0799999999999699,0.16334020618553352,1.09444,BAD,D
2024-01-15T11:11:00.000000000Z,1.0941,EUR_USD,LONG,14,2.5,3.4000000000000696,0.0,14,london,monday,0.17857142857142858,0.3777777777777339,0.0,1.3600000000000279,0.2942539682539535,1.09444,BAD,C
2024-01-15T11:12:00.000000000Z,1.09416,EUR_USD,LONG,13,2.5,2.80000000000058,0.2999999999997449,13,london,monday,0.19230769230769232,0.3333333333333333,0.11999999999989797,1.120000000000232,0.23671794871799232,1.09444,BAD,C
2024-01-15T11:13:00.000000000Z,1.09424,EUR_USD,LONG,16,2.5,3.9999999999995595,1.100000000000545,16,london,monday,0.15625,0.4,0.440000000000218,1.5999999999998238,0.2257499999999388,1.09464,BAD,C
2024-01-15T11:14:00.000000000Z,1.09426,EUR_USD,LONG,15,2.5,3.8000000000004697,1.2999999999996348,15,london,monday,0.16666666666666666,0.3877551020408718,0.5199999999998539,1.5200000000001879,0.20310204081639674,1.09464,BAD,C
2024-01-15T11:15:00.000000000Z,1.09421,EUR_USD,LONG,11,2.5,2.500000000000835,0.7999999999985796,11,london,monday,0.22727272727272727,0.35211267605646135,0.31999999999943185,1.000000000000334,0.2132087067863679,1.09446,BAD,C
2024-01-15T11:16:00.000000000Z,1.09426,EUR_USD,LONG,13,2.5,3.8000000000004697,1.2999999999996348,13,london,monday,0.19230769230769232,0.43181818181834813,0.5199999999998539,1.5200000000001879,0.23611188811200265,1.09464,BAD,C
2024-01-15T11:17:00.000000000Z,1.09426,EUR_USD,LONG,12,2.5,3.8000000000004697,1.2999999999996348,12,london,monday,0.20833333333333334,0.43181818181834813,0.5199999999998539,1.5200000000001879,0.24572727272738723,1.09464,BAD,C
2024-01-15T11:18:00.000000000Z,1.09428,EUR_USD,LONG,11,2.5,3.60000000000138,1.4999999999987246,11,london,monday,0.22727272727272727,0.41860465116301887,0.5999999999994898,1.440000000000552,0.22780549682900117,1.09464,BAD,C
2024-01-15T11:19:00.000000000Z,1.09413,EUR_USD,LONG,6,2.5,3.1000000000003247,0.0,6,london,monday,0.4166666666666667,0.6595744680849054,0.0,1.2400000000001299,0.5378297872339751,1.09444,NOISE,B
2024-01-15T11:20:00.000000000Z,1.09417,EUR_USD,LONG,5,2.5,2.6999999999999247,0.30000000000196536,5,london,monday,0.5,0.6279069767439459,0.12000000000078614,1.0799999999999699,0.5351627906974181,1.09444,NOISE,B
2024-01-15T11:21:00.000000000Z,1.0942,EUR_USD,LONG,5,2.5,2.5999999999992696,0.6000000000017103,5,london,monday,0.5,0.619047619047317,0.2400000000006841,1.0399999999997078,0.5036190476187608,1.09446,NOISE,B
2024-01-15T11:22:00.000000000Z,1.09414,EUR_USD,LONG,3,2.5,3.00000000000189,0.0,3,london,monday,0.8333333333333334,0.8823529411770085,0.0,1.200000000000756,0.672941176470879,1.09444,NOISE,B
2024-01-15T11:23:00.000000000Z,1.09432,EUR_USD,LONG,6,2.5,3.20000000000098,0.1999999999990898,6,london,monday,0.4166666666666667,0.8000000000007772,0.07999999999963592,1.280000000000392,0.582000000000423,1.09464,NOISE,B
2024-01-15T11:24:00.000000000Z,1.0943,EUR_USD,LONG,5,2.5,3.4000000000000696,0.0,5,london,monday,0.5,0.8947368421056937,0.0,1.3600000000000279,0.6938947368422803,1.09464,NOISE,B
2024-01-15T11:25:00.000000000Z,1.09444,EUR_USD,LONG,13,2.5,3.6999999999998145,0.2999999999997449,13,london,monday,0.19230769230769232,0.34579439252344985,0.11999999999989797,1.4799999999999258,0.27770237239400836,1.09481,BAD,C
2024-01-15T11:26:00.000000000Z,1.09446,EUR_USD,LONG,12,2.5,3.5000000000007248,0.4999999999988347,12,london,monday,0.20833333333333334,0.3333333333334743,0.19999999999953388,1.40000000000029,0.25833333333351194,1.09481,BAD,C
2024-01-15T11:27:00.000000000Z,1.09449,EUR_USD,LONG,11,2.5,3.20000000000098,0.7999999999985796,11,london,monday,0.22727272727272727,0.31372549019623636,0.31999999999943185,1.280000000000392,0.22585383244228371,1.09481,BAD,C
2024-01-15T11:28:00.000000000Z,1.09447,EUR_USD,LONG,10,2.5,3.4000000000000696,0.5999999999994898,10,london,monday,0.25,0.34000000000004443,0.23999999999979593,1.3600000000000279,0.2740000000000614,1.09481,BAD,C
2024-01-15T11:29:00.000000000Z,1.09464,EUR_USD,SHORT,17,2.5,2.9999999999996696,2.4999999999986144,17,london,monday,0.14705882352941177,0.18750000000002603,0.9999999999994458,1.1999999999998678,-0.0167647058822449,1.09434,BAD,D
2024-01-15T11:30:00.000000000Z,1.09458,EUR_USD,LONG,10,2.5,3.0999999999981043,1.7000000000000348,10,london,monday,0.25,0.35632183908027204,0.6800000000000139,1.2399999999992417,0.18052873563203017,1.09489,BAD,D
2024-01-15T11:31:00.000000000Z,1.09466,EUR_USD,SHORT,15,2.5,3.1999999999987594,2.2999999999995246,15,london,monday,0.16666666666666666,0.21917808219172666,0.9199999999998099,1.2799999999995038,0.03167123287667906,1.09434,BAD,D
2024-01-15T11:32:00.000000000Z,1.09468,EUR_USD,SHORT,2,2.5,2.6999999999999247,0.0,2,london,monday,1.25,1.0,0.0,1.0799999999999699,0.707999999999997,1.09441,GOOD,A
2024-01-15T11:33:00.000000000Z,1.09458,EUR_USD,LONG,7,2.5,3.0999999999981043,1.7000000000000348,7,london,monday,0.35714285714285715,0.4626865671639318,0.6800000000000139,1.2399999999992417,0.28736034115120845,1.09489,BAD,C
2024-01-15T11:34:00.000000000Z,1.09441,EUR_USD,LONG,3,2.5,2.6999999999999247,0.0,3,london,monday,0.8333333333333334,1.0,0.0,1.0799999999999699,0.707999999999997,1.09468,GOOD,A
2024-01-15T11:35:00.000000000Z,1.09442,EUR_USD,LONG,2,2.5,2.60000000000149,0.0,2,london,monday,1.25,1.0,0.0,1.040000000000596,0.7040000000000596,1.09468,GOOD,A
2024-01-15T11:36:00.000000000Z,1.09462,EUR_USD,LONG,4,2.5,2.6999999999999247,0.0,4,london,monday,0.625,0.9310344827581982,0.0,1.0799999999999699,0.6804137931032763,1.09489,NOISE,B
2024-01-15T11:37:00.000000000Z,1.09468,EUR_USD,SHORT,9,2.5,3.4000000000000696,2.0999999999982144,9,london,monday,0.2777777777777778,0.3777777777779203,0.8399999999992858,1.3600000000000279,0.1857777777779804,1.09434,BAD,D
2024-01-15T11:38:00.000000000Z,1.09481,EUR_USD,SHORT,7,2.5,3.6999999999998145,0.7999999999985796,7,london,monday,0.35714285714285715,0.5522388059703471,0.31999999999943185,1.4799999999999258,0.41918123667395935,1.09444,NOISE,B
2024-01-15T11:39:00.000000000Z,1.0948,EUR_USD,SHORT,6,2.5,3.5999999999991594,0.8999999999992347,6,london,monday,0.4166666666666667,0.5454545454546984,0.3599999999996939,1.4399999999996638,0.440181818181907,1.09444,NOISE,B
2024-01-15T11:40:00.000000000Z,1.09489,EUR_USD,SHORT,1,2.5,2.8999999999990145,0.0,1,london,monday,2.5,1.0,0.0,1.1599999999996058,0.7159999999999606,1.0946,GOOD,A
2024-01-15T11:41:00.000000000Z,1.0946,EUR_USD,SHORT,5,2.5,2.5999999999992696,0.5999999999994898,5,london,monday,0.5,0.6842105263159125,0.23999999999979593,1.0399999999997078,0.5296842105263766,1.09434,NOISE,B
2024-01-15T11:42:00.000000000Z,1.09461,EUR_USD,SHORT,4,2.5,2.6999999999999247,0.4999999999988347,4,london,monday,0.625,0.7297297297301839,0.19999999999953388,1.0799999999999699,0.5598918918921638,1.09434,NOISE,B
2024-01-15T11:43:00.000000000Z,1.09466,EUR_USD,SHORT,3,2.5,3.1999999999987594,0.0,3,london,monday,0.8333333333333334,1.0,0.0,1.2799999999995038,0.7279999999999504,1.09434,GOOD,A+
2024-01-15T11:44:00.000000000Z,1.09464,EUR_USD,SHORT,2,2.5,2.9999999999996696,0.0,2,london,monday,1.25,1.0,0.0,1.1999999999998678,0.7199999999999868,1.09434,GOOD,A
2024-01-15T11:45:00.000000000Z,1.09444,EUR_USD,LONG,19,2.5,3.8999999999989043,2.4000000000001798,19,london,monday,0.13157894736842105,0.21081081081068626,0.9600000000000719,1.5599999999995617,0.027271692745268923,1.09483,BAD,D
2024-01-15T11:46:00.000000000Z,1.09434,EUR_USD,LONG,1,2.5,2.5999999999992696,0.0,1,london,monday,2.5,1.0,0.0,1.0399999999997078,0.7039999999999708,1.0946,NOISE,B
2024-01-15T11:47:00.000000000Z,1.0946,EUR_USD,SHORT,5,2.5,3.9999999999995595,0.10000000000065512,5,london,monday,0.5,0.9523809523806502,0.04000000000026205,1.5999999999998238,0.7329523809521902,1.0942,GOOD,A+
2024-01-15T11:48:00.000000000Z,1.09461,EUR_USD,SHORT,4,2.5,4.100000000000215,0.0,4,london,monday,0.625,1.0,0.0,1.6400000000000858,0.7640000000000086,1.0942,GOOD,A+
2024-01-15T11:49:00.000000000Z,1.09446,EUR_USD,SHORT,3,2.5,2.5999999999992696,0.0,3,london,monday,0.8333333333333334,1.0,0.0,1.0399999999997078,0.7039999999999708,1.0942,NOISE,B
2024-01-15T11:50:00.000000000Z,1.09446,EUR_USD,SHORT,2,2.5,2.5999999999992696,0.0,2,london,monday,1.25,1.0,0.0,1.0399999999997078,0.7039999999999708,1.0942,NOISE,B
2024-01-15T11:51:00.000000000Z,1.09445,EUR_USD,LONG,13,2.5,3.8000000000004697,2.4999999999986144,13,london,monday,0.19230769230769232,0.2878787878787293,0.9999999999994458,1.5200000000001879,0.08253613053623673,1.09483,BAD,D
2024-01-15T11:52:00.000000000Z,1.0942,EUR_USD,LONG,4,2.5,2.5999999999992696,0.0,4,london,monday,0.625,1.0,0.0,1.0399999999997078,0.7039999999999708,1.09446,NOISE,B
2024-01-15T11:53:00.000000000Z,1.09426,EUR_USD,LONG,4,2.5,3.6999999999998145,0.0,4,london,monday,0.625,1.0,0.0,1.4799999999999258,0.7479999999999926,1.09463,GOOD,A+
2024-01-15T11:54:00.000000000Z,1.09428,EUR_USD,LONG,3,2.5,3.5000000000007248,0.0,3,london,monday,0.8333333333333334,1.0,0.0,1.40000000000029,0.740000000000029,1.09463,GOOD,A+
2024-01-15T11:55:00.000000000Z,1.09431,EUR_USD,LONG,2,2.5,3.20000000000098,0.0,2,london,monday,1.25,1.0,0.0,1.280000000000392,0.7280000000000392,1.09463,GOOD,A+
2024-01-15T11:56:00.000000000Z,1.09446,EUR_USD,LONG,8,2.5,3.6999999999998145,0.0,8,london,monday,0.3125,0.4567901234564043,0.0,1.4799999999999258,0.4182160493825543,1.09483,NOISE,B
2024-01-15T11:57:00.000000000Z,1.09463,EUR_USD,LONG,8,2.5,3.5000000000007248,1.500000000000945,8,london,monday,0.3125,0.4430379746832241,0.600000000000378,1.40000000000029,0.28471518987324307,1.09498,BAD,C
2024-01-15T11:58:00.000000000Z,1.09468,EUR_USD,LONG,7,2.5,2.9999999999996696,2.000000000002,7,london,monday,0.35714285714285715,0.40540540540501613,0.8000000000008001,1.1999999999998678,0.23644787644754747,1.09498,BAD,C
2024-01-15T11:59:00.000000000Z,1.09454,EUR_USD,LONG,5,2.5,2.8999999999990145,0.6000000000017103,5,london,monday,0.5,0.6444444444435015,0.2400000000006841,1.1599999999996058,0.5257777777772243,1.09483,NOISE,B
2024-01-15T12:00:00.000000000Z,1.09451,EUR_USD,LONG,4,2.5,3.1999999999987594,0.30000000000196536,4,london,monday,0.625,0.7619047619035032,0.12000000000078614,1.2799999999995038,0.6087619047611944,1.09483,NOISE,B
2024-01-15T12:01:00.000000000Z,1.09448,EUR_USD,LONG,3,2.5,3.5000000000007248,0.0,3,london,monday,0.8333333333333334,0.8974358974353135,0.0,1.40000000000029,0.6989743589741545,1.09483,NOISE,B
2024-01-15T12:02:00.000000000Z,1.0945,EUR_USD,LONG,2,2.5,3.2999999999994145,0.20000000000131024,2,london,monday,1.25,0.8918918918912431,0.0800000000005241,1.3199999999997658,0.672756756756369,1.09483,NOISE,B
2024-01-15T12:03:00.000000000Z,1.09448,EUR_USD,LONG,1,2.5,3.5000000000007248,0.0,1,london,monday,2.5,1.0,0.0,1.40000000000029,0.740000000000029,1.09483,GOOD,A+
2024-01-15T12:04:00.000000000Z,1.09483,EUR_USD,LONG,5,2.5,2.9999999999996696,0.0,5,london,monday,0.5,0.6521739130432264,0.0,1.1999999999998678,0.5808695652172774,1.09513,NOISE,B
2024-01-15T12:05:00.000000000Z,1.09498,EUR_USD,LONG,7,2.5,2.8999999999990145,0.8000000000008001,7,london,monday,0.35714285714285715,0.6444444444441374,0.32000000000032003,1.1599999999996058,0.4240634920632659,1.09527,NOISE,B
2024-01-15T12:06:00.000000000Z,1.09495,EUR_USD,LONG,6,2.5,3.1999999999987594,0.5000000000010552,6,london,monday,0.4166666666666667,0.7619047619043088,0.20000000000042206,1.2799999999995038,0.5427619047615896,1.09527,NOISE,B
2024-01-15T12:07:00.000000000Z,1.0949,EUR_USD,LONG,3,2.5,2.5999999999992696,0.0,3,london,monday,0.8333333333333334,1.0,0.0,1.0399999999997078,0.7039999999999708,1.09516,NOISE,B
2024-01-15T12:08:00.000000000Z,1.09494,EUR_USD,LONG,3,2.5,2.5999999999992696,0.0,3,london,monday,0.8333333333333334,1.0,0.0,1.0399999999997078,0.7039999999999708,1.0952,NOISE,B
2024-01-15T12:09:00.000000000Z,1.09513,EUR_USD,LONG,4,2.5,2.900000000001235,0.0,4,london,monday,0.625,1.0,0.0,1.160000000000494,0.7160000000000494,1.09542,GOOD,A
2024-01-15T12:10:00.000000000Z,1.09516,EUR_USD,LONG,3,2.5,2.60000000000149,0.0,3,london,monday,0.8333333333333334,1.0,0.0,1.040000000000596,0.7040000000000596,1.09542,GOOD,A
2024-01-15T12:11:00.000000000Z,1.0952,EUR_USD,LONG,3,2.5,2.80000000000058,0.0,3,london,monday,0.8333333333333334,1.0,0.0,1.120000000000232,0.7120000000000232,1.09548,GOOD,A
2024-01-15T12:12:00.000000000Z,1.09527,EUR_USD,LONG,5,2.5,3.2999999999994145,0.0,5,london,monday,0.5,0.9428571428567804,0.0,1.3199999999997658,0.7091428571426888,1.0956,GOOD,A
2024-01-15T12:13:00.000000000Z,1.09542,EUR_USD,SHORT,12,2.5,2.60000000000149,2.4000000000001798,12,london,monday,0.20833333333333334,0.2888888888889437,0.9600000000000719,1.040000000000596,0.052555555555622725,1.09516,BAD,D
2024-01-15T12:14:00.000000000Z,1.09548,EUR_USD,SHORT,10,2.5,2.80000000000058,1.80000000000069,10,london,monday,0.25,0.3499999999999167,0.720000000000276,1.120000000000232,0.15799999999993466,1.0952,BAD,D
2024-01-15T12:15:00.000000000Z,1.09548,EUR_USD,SHORT,9,2.5,2.80000000000058,1.80000000000069,9,london,monday,0.2777777777777778,0.3499999999999167,0.720000000000276,1.120000000000232,0.17466666666660133,1.0952,BAD,D
2024-01-15T12:16:00.000000000Z,1.09547,EUR_USD,SHORT,8,2.5,2.6999999999999247,1.900000000001345,8,london,monday,0.3125,0.341772151898599,0.760000000000538,1.0799999999999699,0.180208860759329,1.0952,BAD,D
2024-01-15T12:17:00.000000000Z,1.0956,EUR_USD,SHORT,6,2.5,3.5999999999991594,0.6000000000017103,6,london,monday,0.4166666666666667,0.5806451612899183,0.2400000000006841,1.4399999999996638,0.4782580645157969,1.09524,NOISE,B
2024-01-15T12:18:00.000000000Z,1.09566,EUR_USD,SHORT,4,2.5,2.60000000000149,0.0,4,london,monday,0.625,0.6500000000000833,0.0,1.040000000000596,0.564000000000093,1.0954,NOISE,B
2024-01-15T12:19:00.000000000Z,1.09543,EUR_USD,SHORT,6,2.5,2.6999999999999247,0.700000000000145,6,london,monday,0.4166666666666667,0.6585365853658008,0.280000000000058,1.0799999999999699,0.4654146341463058,1.09516,NOISE,B
2024-01-15T12:20:00.000000000Z,1.09544,EUR_USD,SHORT,5,2.5,2.80000000000058,0.5999999999994898,5,london,monday,0.5,0.700000000000222,0.23999999999979593,1.120000000000232,0.5440000000001528,1.09516,NOISE,B
2024-01-15T12:21:00.000000000Z,1.0955,EUR_USD,SHORT,2,2.5,2.5999999999992696,0.0,2,london,monday,1.25,1.0,0.0,1.0399999999997078,0.7039999999999708,1.09524,NOISE,B
2024-01-15T12:22:00.000000000Z,1.0954,EUR_USD,SHORT,5,2.5,2.5999999999992696,0.0,5,london,monday,0.5,0.40624999999976147,0.0,1.0399999999997078,0.4664999999998754,1.09514,NOISE,B
2024-01-15T12:23:00.000000000Z,1.09524,EUR_USD,SHORT,7,2.5,2.9999999999996696,1.100000000000545,7,london,monday,0.35714285714285715,0.4411764705880336,0.440000000000218,1.1999999999998678,0.32275630252087095,1.09494,BAD,C
2024-01-15T12:24:00.000000000Z,1.0952,EUR_USD,SHORT,6,2.5,2.5999999999992696,1.500000000000945,6,london,monday,0.4166666666666667,0.40624999999976147,0.600000000000378,1.0399999999997078,0.2964999999997998,1.09494,BAD,C
2024-01-15T12:25:00.000000000Z,1.09516,EUR_USD,SHORT,8,2.5,4.599999999999049,1.900000000001345,8,london,monday,0.3125,0.5227272727269057,0.760000000000538,1.8399999999996197,0.32859090909061667,1.0947,BAD,C
2024-01-15T12:26:00.000000000Z,1.09535,EUR_USD,SHORT,2,2.5,2.900000000001235,0.0,2,london,monday,1.25,1.0,0.0,1.160000000000494,0.7160000000000494,1.09506,GOOD,A
2024-01-15T12:27:00.000000000Z,1.09514,EUR_USD,SHORT,6,2.5,4.3999999999999595,0.0,6,london,monday,0.4166666666666667,0.9166666666661655,0.0,1.7599999999999838,0.6926666666664646,1.0947,NOISE,B
2024-01-15T12:28:00.000000000Z,1.09506,EUR_USD,SHORT,5,2.5,3.5999999999991594,0.0,5,london,monday,0.5,0.8999999999993894,0.0,1.4399999999996638,0.7039999999997222,1.0947,NOISE,B
2024-01-15T12:29:00.000000000Z,1.09506,EUR_USD,SHORT,4,2.5,3.5999999999991594,0.0,4,london,monday,0.625,0.8999999999993894,0.0,1.4399999999996638,0.7039999999997222,1.0947,NOISE,B
2024-01-15T12:30:00.000000000Z,1.09494,EUR_USD,LONG,10,2.5,6.200000000000649,2.4000000000001798,10,london,monday,0.25,0.3229166666666763,0.9600000000000719,2.4800000000002598,0.2351666666666821,1.09556,BAD,C
2024-01-15T12:31:00.000000000Z,1.09492,EUR_USD,LONG,9,2.5,6.40000000000196,2.1999999999988695,9,london,monday,0.2777777777777778,0.33684210526325875,0.8799999999995478,2.560000000000784,0.28140350877213904,1.09556,BAD,C
2024-01-15T12:32:00.000000000Z,1.09494,EUR_USD,LONG,8,2.5,6.200000000000649,2.4000000000001798,8,london,monday,0.3125,0.32978723404260846,0.9600000000000719,2.4800000000002598,0.27541489361705496,1.09556,BAD,C
2024-01-15T12:33:00.000000000Z,1.0947,EUR_USD,LONG,1,2.5,4.20000000000087,0.0,1,london,monday,2.5,1.0,0.0,1.6800000000003479,0.7680000000000348,1.09512,GOOD,A+
2024-01-15T12:34:00.000000000Z,1.09512,EUR_USD,SHORT,4,2.5,3.20000000000098,0.0,4,london,monday,0.625,0.695652173913736,0.0,1.280000000000392,0.6062608695655336,1.0948,NOISE,B
2024-01-15T12:35:00.000000000Z,1.09502,EUR_USD,LONG,5,2.5,5.399999999999849,2.20000000000109,5,london,monday,0.5,0.48214285714293503,0.880000000000436,2.1599999999999397,0.4328571428570808,1.09556,NOISE,B
2024-01-15T12:36:00.000000000Z,1.09509,EUR_USD,SHORT,2,2.5,2.8999999999990145,0.0,2,london,monday,1.25,1.0,0.0,1.1599999999996058,0.7159999999999606,1.0948,GOOD,A
2024-01-15T12:37:00.000000000Z,1.095,EUR_USD,LONG,3,2.5,5.60000000000116,1.9999999999997797,3,london,monday,0.8333333333333334,0.5833333333334104,0.7999999999999119,2.240000000000464,0.4973333333334282,1.09556,NOISE,B
2024-01-15T12:38:00.000000000Z,1.0948,EUR_USD,LONG,1,2.5,3.5999999999991594,0.0,1,london,monday,2.5,1.0,0.0,1.4399999999996638,0.7439999999999664,1.09516,GOOD,A+
2024-01-15T12:39:00.000000000Z,1.09516,EUR_USD,LONG,1,2.5,4.00000000000178,0.0,1,london,monday,2.5,1.0,0.0,1.600000000000712,0.7600000000000712,1.09556,GOOD,A+
2024-01-15T12:40:00.000000000Z,1.09556,EUR_USD,LONG,1,2.5,2.5999999999992696,0.0,1,london,monday,2.5,1.0,0.0,1.0399999999997078,0.7039999999999708,1.09582,NOISE,B
2024-01-15T12:41:00.000000000Z,1.09582,EUR_USD,SHORT,1,2.5,2.900000000001235,0.0,1,london,monday,2.5,1.0,0.0,1.160000000000494,0.7160000000000494,1.09553,GOOD,A
2024-01-15T12:42:00.000000000Z,1.09553,EUR_USD,SHORT,4,2.5,2.6999999999999247,1.500000000000945,4,london,monday,0.625,0.4736842105261518,0.600000000000378,1.0799999999999699,0.37747368421038213,1.09526,BAD,C
2024-01-15T12:43:00.000000000Z,1.09568,EUR_USD,SHORT,2,2.5,2.5999999999992696,0.0,2,london,monday,1.25,1.0,0.0,1.0399999999997078,0.7039999999999708,1.09542,NOISE,B
2024-01-15T12:44:00.000000000Z,1.09544,EUR_USD,LONG,9,2.5,2.5999999999992696,1.80000000000069,9,london,monday,0.2777777777777778,0.2826086956520165,0.720000000000276,1.0399999999997078,0.13971014492738884,1.0957,BAD,D
2024-01-15T12:45:00.000000000Z,1.09542,EUR_USD,LONG,8,2.5,2.7999999999983594,1.6000000000016001,8,london,monday,0.3125,0.3111111111108096,0.6400000000006401,1.1199999999993437,0.1959444444441302,1.0957,BAD,D
2024-01-15T12:46:00.000000000Z,1.09526,EUR_USD,LONG,3,2.5,2.80000000000058,0.0,3,london,monday,0.8333333333333334,1.0,0.0,1.120000000000232,0.7120000000000232,1.09554,GOOD,A
2024-01-15T12:47:00.000000000Z,1.09536,EUR_USD,LONG,3,2.5,2.700000000002145,0.0,3,london,monday,0.8333333333333334,1.0,0.0,1.080000000000858,0.7080000000000858,1.09563,GOOD,A
2024-01-15T12:48:00.000000000Z,1.0954,EUR_USD,LONG,5,2.5,2.9999999999996696,0.0,5,london,monday,0.5,0.499999999999815,0.0,1.1999999999998678,0.5199999999999128,1.0957,NOISE,B
2024-01-15T12:49:00.000000000Z,1.09554,EUR_USD,SHORT,8,2.5,2.5999999999992696,1.5999999999993797,8,london,monday,0.3125,0.29545454545446515,0.6399999999997519,1.0399999999997078,0.18168181818180648,1.09528,BAD,D
2024-01-15T12:50:00.000000000Z,1.09563,EUR_USD,SHORT,7,2.5,3.5000000000007248,0.6999999999979245,7,london,monday,0.35714285714285715,0.4430379746837222,0.2799999999991698,1.40000000000029,0.3755009041593982,1.09528,BAD,C
2024-01-15T12:51:00.000000000Z,1.09548,EUR_USD,SHORT,9,2.5,3.900000000001125,2.1999999999988695,9,london,monday,0.2777777777777778,0.3786407766991882,0.8799999999995478,1.56000000000045,0.1981229773464774,1.09509,BAD,D
2024-01-15T12:52:00.000000000Z,1.0956,EUR_USD,SHORT,5,2.5,3.1999999999987594,0.9999999999998899,5,london,monday,0.5,0.6153846153845497,0.39999999999995595,1.2799999999995038,0.4941538461537791,1.09528,NOISE,B
2024-01-15T12:53:00.000000000Z,1.0957,EUR_USD,SHORT,4,2.5,4.199999999998649,0.0,4,london,monday,0.625,1.0,0.0,1.6799999999994597,0.767999999999946,1.09528,GOOD,A+
2024-01-15T12:54:00.000000000Z,1.0957,EUR_USD,SHORT,3,2.5,4.199999999998649,0.0,3,london,monday,0.8333333333333334,1.0,0.0,1.6799999999994597,0.767999999999946,1.09528,GOOD,A+
2024-01-15T12:55:00.000000000Z,1.09556,EUR_USD,SHORT,2,2.5,2.80000000000058,0.0,2,london,monday,1.25,1.0,0.0,1.120000000000232,0.7120000000000232,1.09528,GOOD,A
2024-01-15T12:56:00.000000000Z,1.09552,EUR_USD,SHORT,4,2.5,4.300000000001525,0.0,4,london,monday,0.625,0.6825396825397833,0.0,1.72000000000061,0.6450158730159743,1.09509,NOISE,B
2024-01-15T12:57:00.000000000Z,1.09528,EUR_USD,SHORT,7,2.5,3.4000000000000696,0.9999999999998899,7,london,monday,0.35714285714285715,0.4249999999998196,0.39999999999995595,1.3600000000000279,0.34028571428565374,1.09494,BAD,C
2024-01-15T12:58:00.000000000Z,1.09532,EUR_USD,SHORT,6,2.5,3.8000000000004697,0.5999999999994898,6,london,monday,0.4166666666666667,0.4999999999998539,0.23999999999979593,1.5200000000001879,0.4540000000000012,1.09494,NOISE,B
2024-01-15T12:59:00.000000000Z,1.09538,EUR_USD,SHORT,1,2.5,2.900000000001235,0.0,1,london,monday,2.5,1.0,0.0,1.160000000000494,0.7160000000000494,1.09509,GOOD,A
2024-01-15T13:00:00.000000000Z,1.09509,EUR_USD,SHORT,8,2.5,3.4999999999985043,1.3000000000018552,8,london,monday,0.3125,0.3932584269660006,0.5200000000007421,1.3999999999994017,0.280803370786192,1.09474,BAD,C
2024-01-15T13:01:00.000000000Z,1.09522,EUR_USD,SHORT,3,2.5,2.80000000000058,0.0,3,london,monday,0.8333333333333334,1.0,0.0,1.120000000000232,0.7120000000000232,1.09494,GOOD,A
2024-01-15T13:02:00.000000000Z,1.09518,EUR_USD,SHORT,4,2.5,2.60000000000149,0.0,4,london,monday,0.625,0.4814814814815729,0.0,1.040000000000596,0.4965925925926888,1.09492,NOISE,B
2024-01-15T13:03:00.000000000Z,1.09508,EUR_USD,SHORT,5,2.5,3.4000000000000696,0.0,5,london,monday,0.5,0.5483870967741473,0.0,1.3600000000000279,0.5553548387096617,1.09474,NOISE,B
2024-01-15T13:04:00.000000000Z,1.09494,EUR_USD,SHORT,5,2.5,4.60000000000127,1.40000000000029,5,london,monday,0.5,0.6216216216216378,0.560000000000116,1.840000000000508,0.5206486486486828,1.09448,NOISE,B
2024-01-15T13:05:00.000000000Z,1.09508,EUR_USD,SHORT,3,2.5,3.4000000000000696,0.0,3,london,monday,0.8333333333333334,1.0,0.0,1.3600000000000279,0.7360000000000028,1.09474,GOOD,A+
2024-01-15T13:06:00.000000000Z,1.09492,EUR_USD,SHORT,3,2.5,4.3999999999999595,0.0,3,london,monday,0.8333333333333334,1.0,0.0,1.7599999999999838,0.7759999999999984,1.09448,GOOD,A+
2024-01-15T13:07:00.000000000Z,1.09488,EUR_USD,SHORT,2,2.5,4.00000000000178,0.0,2,london,monday,1.25,1.0,0.0,1.600000000000712,0.7600000000000712,1.09448,GOOD,A+
2024-01-15T13:08:00.000000000Z,1.09474,EUR_USD,SHORT,1,2.5,2.60000000000149,0.0,1,london,monday,2.5,1.0,0.0,1.040000000000596,0.7040000000000596,1.09448,GOOD,A
2024-01-15T13:09:00.000000000Z,1.09448,EUR_USD,LONG,2,2.5,3.20000000000098,0.0,2,london,monday,1.25,1.0,0.0,1.280000000000392,0.7280000000000392,1.0948,GOOD,A+
2024-01-15T13:10:00.000000000Z,1.09466,EUR_USD,LONG,9,2.5,3.8000000000004697,1.1999999999989797,9,london,monday,0.2777777777777778,0.41304347826110566,0.47999999999959186,1.5200000000001879,0.28788405797120936,1.09504,BAD,C
2024-01-15T13:11:00.000000000Z,1.0948,EUR_USD,SHORT,4,2.5,2.5999999999992696,0.0,4,london,monday,0.625,1.0,0.0,1.0399999999997078,0.7039999999999708,1.09454,NOISE,B
2024-01-15T13:12:00.000000000Z,1.09468,EUR_USD,LONG,7,2.5,3.5999999999991594,1.40000000000029,7,london,monday,0.35714285714285715,0.5454545454546984,0.560000000000116,1.4399999999996638,0.3644675324675368,1.09504,BAD,C
2024-01-15T13:13:00.000000000Z,1.0946,EUR_USD,LONG,4,2.5,2.5999999999992696,0.5999999999994898,4,london,monday,0.625,0.6842105263159125,0.23999999999979593,1.0399999999997078,0.5296842105263766,1.09486,NOISE,B
2024-01-15T13:14:00.000000000Z,1.0946,EUR_USD,LONG,3,2.5,2.5999999999992696,0.5999999999994898,3,london,monday,0.8333333333333334,0.6842105263159125,0.23999999999979593,1.0399999999997078,0.5296842105263766,1.09486,NOISE,B
2024-01-15T13:15:00.000000000Z,1.09454,EUR_USD,LONG,2,2.5,3.1999999999987594,0.0,2,london,monday,1.25,1.0,0.0,1.2799999999995038,0.7279999999999504,1.09486,GOOD,A+
2024-01-15T13:16:00.000000000Z,1.09476,EUR_USD,LONG,3,2.5,2.80000000000058,0.0,3,london,monday,0.8333333333333334,0.9333333333343202,0.0,1.120000000000232,0.6853333333337513,1.09504,NOISE,B
2024-01-15T13:17:00.000000000Z,1.09486,EUR_USD,LONG,14,2.5,2.900000000001235,1.1999999999989797,14,london,monday,0.17857142857142858,0.21167883211693264,0.47999999999959186,1.160000000000494,0.1118143899897612,1.09515,BAD,D
2024-01-15T13:18:00.000000000Z,1.09485,EUR_USD,LONG,13,2.5,2.9999999999996696,1.100000000000545,13,london,monday,0.19230769230769232,0.22058823529412486,0.440000000000218,1.1999999999998678,0.1356199095022085,1.09515,BAD,D
2024-01-15T13:19:00.000000000Z,1.09504,EUR_USD,SHORT,9,2.5,2.9999999999996696,0.0,9,london,monday,0.2777777777777778,0.3947368421052862,0.0,1.1999999999998678,0.34456140350876796,1.09474,BAD,C
2024-01-15T13:20:00.000000000Z,1.09504,EUR_USD,SHORT,8,2.5,2.9999999999996696,0.0,8,london,monday,0.3125,0.3947368421052862,0.0,1.1999999999998678,0.36539473684210133,1.09474,BAD,C
2024-01-15T13:21:00.000000000Z,1.09504,EUR_USD,SHORT,7,2.5,2.9999999999996696,0.0,7,london,monday,0.35714285714285715,0.3947368421052862,0.0,1.1999999999998678,0.3921804511278156,1.09474,BAD,C
2024-01-15T13:22:00.000000000Z,1.09488,EUR_USD,LONG,9,2.5,2.6999999999999247,1.40000000000029,9,london,monday,0.2777777777777778,0.26732673267327167,0.560000000000116,1.0799999999999699,0.1695973597359491,1.09515,BAD,D
2024-01-15T13:23:00.000000000Z,1.09488,EUR_USD,LONG,8,2.5,2.6999999999999247,1.40000000000029,8,london,monday,0.3125,0.26732673267327167,0.560000000000116,1.0799999999999699,0.19043069306928248,1.09515,BAD,D
2024-01-15T13:24:00.000000000Z,1.09484,EUR_USD,LONG,7,2.5,3.1000000000003247,0.9999999999998899,7,london,monday,0.35714285714285715,0.31958762886604075,0.39999999999995595,1.2400000000001299,0.2861207658321524,1.09515,BAD,C
2024-01-15T13:25:00.000000000Z,1.09496,EUR_USD,LONG,10,2.5,2.900000000001235,2.1999999999988695,10,london,monday,0.25,0.2815533980584701,0.8799999999995478,1.160000000000494,0.10262135922352786,1.09525,BAD,D
2024-01-15T13:26:00.000000000Z,1.09484,EUR_USD,LONG,5,2.5,3.1000000000003247,0.9999999999998899,5,london,monday,0.5,0.42465753424655034,0.39999999999995595,1.2400000000001299,0.413863013698642,1.09515,NOISE,B
2024-01-15T13:27:00.000000000Z,1.09495,EUR_USD,LONG,8,2.5,2.9999999999996696,2.100000000000435,8,london,monday,0.3125,0.3750000000001041,0.8400000000001739,1.1999999999998678,0.18949999999999365,1.09525,BAD,D
2024-01-15T13:28:00.000000000Z,1.09474,EUR_USD,LONG,2,2.5,2.5999999999992696,0.0,2,london,monday,1.25,1.0,0.0,1.0399999999997078,0.7039999999999708,1.095,NOISE,B
2024-01-15T13:29:00.000000000Z,1.09474,EUR_USD,LONG,1,2.5,2.5999999999992696,0.0,1,london,monday,2.5,1.0,0.0,1.0399999999997078,0.7039999999999708,1.095,NOISE,B
2024-01-15T13:30:00.000000000Z,1.095,EUR_USD,LONG,5,2.5,2.500000000000835,0.0,5,london,monday,0.5,0.7575757575766547,0.0,1.000000000000334,0.6030303030306953,1.09525,NOISE,B
2024-01-15T13:31:00.000000000Z,1.09515,EUR_USD,SHORT,10,2.5,2.900000000001235,0.9999999999998899,10,london,monday,0.25,0.38666666666704563,0.39999999999995595,1.160000000000494,0.2406666666668765,1.09486,BAD,C
2024-01-15T13:32:00.000000000Z,1.09516,EUR_USD,SHORT,9,2.5,2.9999999999996696,0.9000000000014552,9,london,monday,0.2777777777777778,0.40540540540550274,0.3600000000005821,1.1999999999998678,0.27682882882873816,1.09486,BAD,C
2024-01-15T13:33:00.000000000Z,1.09512,EUR_USD,SHORT,8,2.5,2.60000000000149,1.2999999999996348,8,london,monday,0.3125,0.3714285714288252,0.5199999999998539,1.040000000000596,0.23607142857161886,1.09486,BAD,C
2024-01-15T13:34:00.000000000Z,1.09519,EUR_USD,SHORT,3,2.5,2.80000000000058,0.5999999999994898,3,london,monday,0.8333333333333334,0.700000000000222,0.23999999999979593,1.120000000000232,0.5440000000001528,1.09491,NOISE,B
2024-01-15T13:35:00.000000000Z,1.09525,EUR_USD,SHORT,2,2.5,3.4000000000000696,0.0,2,london,monday,1.25,1.0,0.0,1.3600000000000279,0.7360000000000028,1.09491,GOOD,A+
2024-01-15T13:36:00.000000000Z,1.09506,EUR_USD,SHORT,27,2.5,3.1999999999987594,0.9000000000014552,27,london,monday,0.09259259259259259,0.16842105263151252,0.3600000000005821,1.2799999999995038,0.07892397660799452,1.09474,BAD,D
2024-01-15T13:37:00.000000000Z,1.09491,EUR_USD,SHORT,28,2.5,5.5000000000005045,2.4000000000001798,28,london,monday,0.08928571428571429,0.2582159624413155,0.9600000000000719,2.200000000000202,0.08485781354796058,1.09436,BAD,D
2024-01-15T13:38:00.000000000Z,1.095,EUR_USD,SHORT,25,2.5,2.5999999999992696,1.500000000000945,25,london,monday,0.1,0.15662650602403191,0.600000000000378,1.0399999999997078,0.006650602409507953,1.09474,BAD,D
2024-01-15T13:39:00.000000000Z,1.09499,EUR_USD,SHORT,25,2.5,3.0999999999981043,1.6000000000016001,25,london,monday,0.1,0.18128654970748084,0.6400000000006401,1.2399999999992417,0.028514619882788507,1.09468,BAD,D
2024-01-15T13:40:00.000000000Z,1.09492,EUR_USD,SHORT,25,2.5,5.599999999998939,2.300000000001745,25,london,monday,0.1,0.2857142857142048,0.920000000000698,2.2399999999995757,0.1142857142854999,1.09436,BAD,D
2024-01-15T13:41:00.000000000Z,1.09486,EUR_USD,LONG,10,2.5,2.900000000001235,0.0,10,london,monday,0.25,0.6444444444443128,0.0,1.160000000000494,0.4237777777777746,1.09515,NOISE,B
2024-01-15T13:42:00.000000000Z,1.09491,EUR_USD,SHORT,23,2.5,5.5000000000005045,2.4000000000001798,23,london,monday,0.10869565217391304,0.2972972972973038,0.9600000000000719,2.200000000000202,0.11213631022327518,1.09436,BAD,D
2024-01-15T13:43:00.000000000Z,1.09494,EUR_USD,SHORT,21,2.5,2.5999999999992696,2.100000000000435,21,london,monday,0.11904761904761904,0.17333333333327808,0.8400000000001739,1.0399999999997078,-0.023238095238181343,1.09468,BAD,D
2024-01-15T13:44:00.000000000Z,1.09498,EUR_USD,SHORT,20,2.5,2.9999999999996696,1.7000000000000348,20,london,monday,0.125,0.20547945205476953,0.6800000000000139,1.1999999999998678,0.04119178082189182,1.09468,BAD,D
2024-01-15T13:45:00.000000000Z,1.09498,EUR_USD,SHORT,19,2.5,2.9999999999996696,1.7000000000000348,19,london,monday,0.13157894736842105,0.20547945205476953,0.6800000000000139,1.1999999999998678,0.04513914924294444,1.09468,BAD,D
2024-01-15T13:46:00.000000000Z,1.09494,EUR_USD,SHORT,18,2.5,2.5999999999992696,2.100000000000435,18,london,monday,0.1388888888888889,0.18309859154924732,0.8400000000001739,1.0399999999997078,-0.00742723004703174,1.09468,BAD,D
2024-01-15T13:47:00.000000000Z,1.0949,EUR_USD,LONG,4,2.5,2.500000000000835,0.0,4,london,monday,0.625,1.0,0.0,1.000000000000334,0.7000000000000334,1.09515,NOISE,B
2024-01-15T13:48:00.000000000Z,1.09494,EUR_USD,SHORT,16,2.5,2.5999999999992696,2.100000000000435,16,london,monday,0.15625,0.19402985074622908,0.8400000000001739,1.0399999999997078,0.007361940298427633,1.09468,BAD,D
2024-01-15T13:49:00.000000000Z,1.09502,EUR_USD,SHORT,14,2.5,2.80000000000058,1.2999999999996348,14,london,monday,0.17857142857142858,0.23333333333340736,0.5199999999998539,1.120000000000232,0.1084761904762725,1.09474,BAD,D
2024-01-15T13:50:00.000000000Z,1.09508,EUR_USD,SHORT,13,2.5,3.4000000000000696,0.700000000000145,13,london,monday,0.19230769230769232,0.29824561403511507,0.280000000000058,1.3600000000000279,0.2146828609986526,1.09474,BAD,C
2024-01-15T13:51:00.000000000Z,1.09515,EUR_USD,SHORT,11,2.5,2.6999999999999247,0.0,11,london,monday,0.22727272727272727,0.2903225806451921,0.0,1.0799999999999699,0.2604926686217102,1.09488,BAD,C
2024-01-15T13:52:00.000000000Z,1.09502,EUR_USD,SHORT,11,2.5,2.80000000000058,1.1999999999989797,11,london,monday,0.22727272727272727,0.29787234042561234,0.47999999999959186,1.120000000000232,0.17151257253398608,1.09474,BAD,D
2024-01-15T13:53:00.000000000Z,1.09497,EUR_USD,SHORT,11,2.5,2.8999999999990145,1.7000000000000348,11,london,monday,0.22727272727272727,0.3052631578947024,0.6800000000000139,1.1599999999996058,0.1384688995214751,1.09468,BAD,D
2024-01-15T13:54:00.000000000Z,1.09491,EUR_USD,SHORT,11,2.5,5.5000000000005045,2.2999999999995246,11,london,monday,0.22727272727272727,0.45454545454552125,0.9199999999998099,2.200000000000202,0.2541818181819031,1.09436,BAD,C
2024-01-15T13:55:00.000000000Z,1.09498,EUR_USD,SHORT,9,2.5,2.9999999999996696,1.5999999999993797,9,london,monday,0.2777777777777778,0.365853658536625,0.6399999999997519,1.1999999999998678,0.20500813008135307,1.09468,BAD,C
2024-01-15T13:56:00.000000000Z,1.09497,EUR_USD,SHORT,8,2.5,2.8999999999990145,1.7000000000000348,8,london,monday,0.3125,0.3580246913580111,0.6800000000000139,1.1599999999996058,0.21070987654316228,1.09468,BAD,C
2024-01-15T13:57:00.000000000Z,1.09494,EUR_USD,SHORT,7,2.5,2.5999999999992696,1.9999999999997797,7,london,monday,0.35714285714285715,0.3333333333333333,0.7999999999999119,1.0399999999997078,0.191619047619036,1.09468,BAD,D
2024-01-15T13:58:00.000000000Z,1.09508,EUR_USD,SHORT,5,2.5,3.4000000000000696,0.5999999999994898,5,london,monday,0.5,0.5862068965519354,0.23999999999979593,1.3600000000000279,0.5224827586208177,1.09474,NOISE,B
2024-01-15T13:59:00.000000000Z,1.09506,EUR_USD,SHORT,4,2.5,3.1999999999987594,0.8000000000008001,4,london,monday,0.625,0.5714285714286848,0.32000000000032003,1.2799999999995038,0.49257142857136027,1.09474,NOISE,B
2024-01-15T14:00:00.000000000Z,1.09502,EUR_USD,SHORT,3,2.5,2.80000000000058,1.1999999999989797,3,london,monday,0.8333333333333334,0.5384615384618012,0.47999999999959186,1.120000000000232,0.4313846153848253,1.09474,NOISE,B
2024-01-15T14:01:00.000000000Z,1.09514,EUR_USD,SHORT,1,2.5,2.5999999999992696,0.0,1,london,monday,2.5,1.0,0.0,1.0399999999997078,0.7039999999999708,1.09488,NOISE,B
2024-01-15T14:02:00.000000000Z,1.09488,EUR_USD,SHORT,3,2.5,5.20000000000076,0.0,3,london,monday,0.8333333333333334,1.0,0.0,2.080000000000304,0.8080000000000304,1.09436,GOOD,A+
2024-01-15T14:03:00.000000000Z,1.09474,EUR_USD,SHORT,2,2.5,3.8000000000004697,0.0,2,london,monday,1.25,1.0,0.0,1.5200000000001879,0.7520000000000188,1.09436,GOOD,A+
2024-01-15T14:04:00.000000000Z,1.09468,EUR_USD,SHORT,1,2.5,3.20000000000098,0.0,1,london,monday,2.5,1.0,0.0,1.280000000000392,0.7280000000000392,1.09436,GOOD,A+
2024-01-15T14:05:00.000000000Z,1.09436,EUR_USD,SHORT,2,2.5,2.6999999999999247,0.0,2,london,monday,1.25,1.0,0.0,1.0799999999999699,0.707999999999997,1.09409,GOOD,A
2024-01-15T14:06:00.000000000Z,1.09414,EUR_USD,LONG,54,2.5,2.80000000000058,2.1999999999988695,54,london,monday,0.046296296296296294,0.07526881720430878,0.8799999999995478,1.120000000000232,-0.10611469534038509,1.09442,BAD,D
2024-01-15T14:07:00.000000000Z,1.09409,EUR_USD,LONG,23,2.5,2.6999999999999247,1.7000000000000348,23,london,monday,0.10869565217391304,0.1475409836065534,0.6800000000000139,1.0799999999999699,-0.0037662152530366037,1.09436,BAD,D
2024-01-15T14:08:00.000000000Z,1.09402,EUR_USD,LONG,18,2.5,2.8999999999990145,0.9999999999998899,18,london,monday,0.1388888888888889,0.19999999999993875,0.39999999999995595,1.1599999999996058,0.09933333333327823,1.09431,BAD,D
2024-01-15T14:09:00.000000000Z,1.09412,EUR_USD,LONG,51,2.5,2.9999999999996696,1.9999999999997797,51,london,monday,0.049019607843137254,0.08571428571426395,0.7999999999999119,1.1999999999998678,-0.07630252100840765,1.09442,BAD,D
2024-01-15T14:10:00.000000000Z,1.09404,EUR_USD,LONG,16,2.5,2.6999999999999247,1.1999999999989797,16,london,monday,0.15625,0.21259842519686417,0.47999999999959186,1.0799999999999699,0.09078937007882429,1.09431,BAD,D
2024-01-15T14:11:00.000000000Z,1.09408,EUR_USD,LONG,19,2.5,2.80000000000058,1.5999999999993797,19,london,monday,0.13157894736842105,0.18181818181823425,0.6399999999997519,1.120000000000232,0.03567464114841915,1.09436,BAD,D
2024-01-15T14:12:00.000000000Z,1.09406,EUR_USD,LONG,18,2.5,2.9999999999996696,1.40000000000029,18,london,monday,0.1388888888888889,0.1973684210526143,0.560000000000116,1.1999999999998678,0.07028070175434262,1.09436,BAD,D
2024-01-15T14:13:00.000000000Z,1.09407,EUR_USD,LONG,17,2.5,2.8999999999990145,1.500000000000945,17,london,monday,0.14705882352941177,0.19205298013239774,0.600000000000378,1.1599999999996058,0.06105648617049115,1.09436,BAD,D
2024-01-15T14:14:00.000000000Z,1.09399,EUR_USD,LONG,10,2.5,2.6999999999999247,0.700000000000145,10,london,monday,0.25,0.3417721518987911,0.280000000000058,1.0799999999999699,0.23870886075950185,1.09426,BAD,C
2024-01-15T14:15:00.000000000Z,1.09408,EUR_USD,LONG,15,2.5,2.80000000000058,1.5999999999993797,15,london,monday,0.16666666666666666,0.20895522388065638,0.6399999999997519,1.120000000000232,0.06758208955233536,1.09436,BAD,D
2024-01-15T14:16:00.000000000Z,1.09409,EUR_USD,LONG,14,2.5,2.6999999999999247,1.7000000000000348,14,london,monday,0.17857142857142858,0.20300751879701256,0.6800000000000139,1.0799999999999699,0.060345864661656375,1.09436,BAD,D
2024-01-15T14:17:00.000000000Z,1.09418,EUR_USD,SHORT,4,2.5,2.5999999999992696,0.0,4,london,monday,0.625,1.0,0.0,1.0399999999997078,0.7039999999999708,1.09392,NOISE,B
2024-01-15T14:18:00.000000000Z,1.09404,EUR_USD,LONG,8,2.5,2.6999999999999247,1.1999999999989797,8,london,monday,0.3125,0.3417721518987911,0.47999999999959186,1.0799999999999699,0.2362088607595951,1.09431,BAD,C
2024-01-15T14:19:00.000000000Z,1.09394,EUR_USD,LONG,5,2.5,3.20000000000098,0.1999999999990898,5,london,monday,0.5,0.8888888888893686,0.07999999999963592,1.280000000000392,0.6675555555558595,1.09426,NOISE,B
2024-01-15T14:20:00.000000000Z,1.09394,EUR_USD,LONG,4,2.5,3.20000000000098,0.1999999999990898,4,london,monday,0.625,0.8888888888893686,0.07999999999963592,1.280000000000392,0.6675555555558595,1.09426,NOISE,B
2024-01-15T14:21:00.000000000Z,1.09392,EUR_USD,LONG,3,2.5,3.4000000000000696,0.0,3,london,monday,0.8333333333333334,1.0,0.0,1.3600000000000279,0.7360000000000028,1.09426,GOOD,A+
2024-01-15T14:22:00.000000000Z,1.09409,EUR_USD,LONG,8,2.5,2.6999999999999247,0.0,8,london,monday,0.3125,0.3333333333333333,0.0,1.0799999999999699,0.3288333333333303,1.09436,BAD,C
2024-01-15T14:23:00.000000000Z,1.09416,EUR_USD,LONG,37,2.5,2.5999999999992696,0.8000000000008001,37,london,monday,0.06756756756756757,0.10077519379840291,0.32000000000032003,1.0399999999997078,0.020850618059808486,1.09442,BAD,D
2024-01-15T14:24:00.000000000Z,1.09426,EUR_USD,LONG,43,2.5,2.80000000000058,1.80000000000069,43,london,monday,0.05813953488372093,0.0903225806451576,0.720000000000276,1.120000000000232,-0.0609872468117364,1.09454,BAD,D
2024-01-15T14:25:00.000000000Z,1.09412,EUR_USD,LONG,35,2.5,2.9999999999996696,0.40000000000040004,35,london,monday,0.07142857142857142,0.12820512820508928,0.16000000000016001,1.1999999999998678,0.08213919413913334,1.09442,BAD,D
2024-01-15T14:26:00.000000000Z,1.09431,EUR_USD,SHORT,46,2.5,3.8999999999989043,2.300000000001745,46,london,monday,0.05434782608695652,0.11504424778754802,0.920000000000698,1.5599999999995617,-0.0493736052329903,1.09392,BAD,D
2024-01-15T14:27:00.000000000Z,1.09428,EUR_USD,LONG,40,2.5,2.60000000000149,1.9999999999997797,40,london,monday,0.0625,0.09489051094892996,0.7999999999999119,1.040000000000596,-0.0805437956203508,1.09454,BAD,D
2024-01-15T14:28:00.000000000Z,1.09418,EUR_USD,LONG,37,2.5,2.80000000000058,0.9999999999998899,37,london,monday,0.06756756756756757,0.11023622047243543,0.39999999999995595,1.120000000000232,0.01663502872954673,1.09446,BAD,D
2024-01-15T14:29:00.000000000Z,1.0942,EUR_USD,LONG,36,2.5,2.5999999999992696,1.2000000000012,36,london,monday,0.06944444444444445,0.10317460317455282,0.48000000000048004,1.0399999999997078,-0.009063492063637428,1.09446,BAD,D
2024-01-15T14:30:00.000000000Z,1.09436,EUR_USD,SHORT,5,2.5,2.5999999999992696,0.0,5,london,monday,0.5,0.6842105263159125,0.0,1.0399999999997078,0.5776842105263358,1.0941,NOISE,B
2024-01-15T14:31:00.000000000Z,1.09426,EUR_USD,LONG,36,2.5,2.80000000000058,1.80000000000069,36,london,monday,0.06944444444444445,0.11864406779659423,0.720000000000276,1.120000000000232,-0.042875706214727645,1.09454,BAD,D
2024-01-15T14:32:00.000000000Z,1.0942,EUR_USD,LONG,33,2.5,2.5999999999992696,1.2000000000012,33,london,monday,0.07575757575757576,0.11818181818175029,0.48000000000048004,1.0399999999997078,0.0007272727271203433,1.09446,BAD,D
2024-01-15T14:33:00.000000000Z,1.09426,EUR_USD,LONG,34,2.5,2.80000000000058,1.80000000000069,34,london,monday,0.07352941176470588,0.12499999999997521,0.720000000000276,1.120000000000232,-0.03788235294121838,1.09454,BAD,D
2024-01-15T14:34:00.000000000Z,1.09421,EUR_USD,LONG,31,2.5,2.500000000000835,1.2999999999996348,31,london,monday,0.08064516129032258,0.11961722488038888,0.5199999999998539,1.000000000000334,-0.007766013273588288,1.09446,BAD,D
2024-01-15T14:35:00.000000000Z,1.0941,EUR_USD,LONG,22,2.5,2.5999999999992696,0.20000000000131024,22,london,monday,0.11363636363636363,0.20312499999981026,0.0800000000005241,1.0399999999997078,0.13743181818160824,1.09436,BAD,D
2024-01-15T14:36:00.000000000Z,1.09424,EUR_USD,LONG,31,2.5,2.9999999999996696,1.6000000000016001,31,london,monday,0.08064516129032258,0.15463917525763993,0.6400000000006401,1.1999999999998678,0.002242766877108289,1.09454,BAD,D
2024-01-15T14:37:00.000000000Z,1.0941,EUR_USD,LONG,20,2.5,2.5999999999992696,0.20000000000131024,20,london,monday,0.125,0.2599999999997247,0.0800000000005241,1.0399999999997078,0.16699999999975582,1.09436,BAD,D
2024-01-15T14:38:00.000000000Z,1.09421,EUR_USD,LONG,27,2.5,2.500000000000835,1.2999999999996348,27,london,monday,0.09259259259259259,0.15723270440248235,0.5199999999998539,1.000000000000334,0.014448637316611104,1.09446,BAD,D
2024-01-15T14:39:00.000000000Z,1.0943,EUR_USD,SHORT,33,2.5,3.8000000000004697,2.4000000000001798,33,london,monday,0.07575757575757576,0.1711711711711153,0.9600000000000719,1.5200000000001879,-0.026076986077004018,1.09392,BAD,D
2024-01-15T14:40:00.000000000Z,1.0943,EUR_USD,SHORT,32,2.5,3.8000000000004697,2.4000000000001798,32,london,monday,0.078125,0.1711711711711153,0.9600000000000719,1.5200000000001879,-0.024656531531549473,1.09392,BAD,D
2024-01-15T14:41:00.000000000Z,1.0943,EUR_USD,SHORT,31,2.5,3.8000000000004697,2.4000000000001798,31,london,monday,0.08064516129032258,0.1711711711711153,0.9600000000000719,1.5200000000001879,-0.023144434757355926,1.09392,BAD,D
2024-01-15T14:42:00.000000000Z,1.09428,EUR_USD,LONG,25,2.5,2.60000000000149,1.9999999999997797,25,london,monday,0.1,0.16455696202532713,0.7999999999999119,1.040000000000596,-0.030177215189791905,1.09454,BAD,D
2024-01-15T14:43:00.000000000Z,1.09426,EUR_USD,LONG,24,2.5,2.80000000000058,1.80000000000069,24,london,monday,0.10416666666666667,0.1794871794871138,0.720000000000276,1.120000000000232,0.0022948717948135036,1.09454,BAD,D
2024-01-15T14:44:00.000000000Z,1.09429,EUR_USD,LONG,23,2.5,2.500000000000835,2.100000000000435,23,london,monday,0.10869565217391304,0.1633986928104139,0.8400000000001739,1.000000000000334,-0.037423131571488015,1.09454,BAD,D
2024-01-15T14:45:00.000000000Z,1.0943,EUR_USD,SHORT,27,2.5,3.8000000000004697,2.4000000000001798,27,london,monday,0.09259259259259259,0.17757009345788963,0.9600000000000719,1.5200000000001879,-0.013416407061284184,1.09392,BAD,D
2024-01-15T14:46:00.000000000Z,1.09416,EUR_USD,LONG,14,2.5,2.5999999999992696,0.8000000000008001,14,london,monday,0.17857142857142858,0.34210526315755646,0.32000000000032003,1.0399999999997078,0.18398496240578652,1.09442,BAD,D
2024-01-15T14:47:00.000000000Z,1.09422,EUR_USD,LONG,20,2.5,3.20000000000098,1.40000000000029,20,london,monday,0.125,0.24242424242415578,0.560000000000116,1.280000000000392,0.0879696969696783,1.09454,BAD,D
2024-01-15T14:48:00.000000000Z,1.09424,EUR_USD,LONG,19,2.5,2.9999999999996696,1.6000000000016001,19,london,monday,0.13157894736842105,0.2307692307690731,0.6400000000006401,1.1999999999998678,0.06325506072854065,1.09454,BAD,D
2024-01-15T14:49:00.000000000Z,1.09415,EUR_USD,LONG,11,2.5,2.6999999999999247,0.700000000000145,11,london,monday,0.22727272727272727,0.45762711864381267,0.280000000000058,1.0799999999999699,0.27141448382114686,1.09442,BAD,C
2024-01-15T14:50:00.000000000Z,1.09409,EUR_USD,LONG,7,2.5,2.6999999999999247,0.10000000000065512,7,london,monday,0.35714285714285715,0.7714285714274114,0.04000000000026205,1.0799999999999699,0.5228571428566234,1.09436,NOISE,B
2024-01-15T14:51:00.000000000Z,1.0941,EUR_USD,LONG,6,2.5,2.5999999999992696,0.20000000000131024,6,london,monday,0.4166666666666667,0.7647058823517119,0.0800000000005241,1.0399999999997078,0.5438823529405508,1.09436,NOISE,B
2024-01-15T14:52:00.000000000Z,1.09408,EUR_USD,LONG,5,2.5,2.80000000000058,0.0,5,london,monday,0.5,0.8749999999993061,0.0,1.120000000000232,0.6619999999997457,1.09436,NOISE,B
2024-01-15T14:53:00.000000000Z,1.0941,EUR_USD,LONG,4,2.5,2.5999999999992696,0.20000000000131024,4,london,monday,0.625,0.8666666666658772,0.0800000000005241,1.0399999999997078,0.634666666666217,1.09436,NOISE,B
2024-01-15T14:54:00.000000000Z,1.09408,EUR_USD,LONG,3,2.5,2.80000000000058,0.0,3,london,monday,0.8333333333333334,1.0,0.0,1.120000000000232,0.7120000000000232,1.09436,GOOD,A
2024-01-15T14:55:00.000000000Z,1.09416,EUR_USD,LONG,5,2.5,2.5999999999992696,0.0,5,london,monday,0.5,0.6842105263159125,0.0,1.0399999999997078,0.5776842105263358,1.09442,NOISE,B
2024-01-15T14:56:00.000000000Z,1.09425,EUR_USD,LONG,11,2.5,2.900000000001235,0.700000000000145,11,london,monday,0.22727272727272727,0.3186813186813884,0.280000000000058,1.160000000000494,0.22383616383622948,1.09454,BAD,C
2024-01-15T14:57:00.000000000Z,1.09436,EUR_USD,SHORT,15,2.5,4.3999999999999595,1.80000000000069,15,london,monday,0.16666666666666666,0.3098591549295312,0.720000000000276,1.7599999999999838,0.1559436619717557,1.09392,BAD,D
2024-01-15T14:58:00.000000000Z,1.0943,EUR_USD,SHORT,14,2.5,3.8000000000004697,2.4000000000001798,14,london,monday,0.17857142857142858,0.27941176470586554,0.9600000000000719,1.5200000000001879,0.07890756302520777,1.09392,BAD,D
2024-01-15T14:59:00.000000000Z,1.09434,EUR_USD,SHORT,13,2.5,4.20000000000087,1.9999999999997797,13,london,monday,0.19230769230769232,0.3181818181818335,0.7999999999999119,1.6800000000003479,0.15065734265740122,1.09392,BAD,D
2024-01-15T15:00:00.000000000Z,1.09442,EUR_USD,SHORT,12,2.5,4.999999999999449,1.2000000000012,12,london,monday,0.20833333333333334,0.40322580645145406,0.48000000000048004,1.9999999999997797,0.2902903225804636,1.09392,BAD,C
2024-01-15T15:01:00.000000000Z,1.09422,EUR_USD,LONG,6,2.5,3.20000000000098,0.40000000000040004,6,london,monday,0.4166666666666667,0.7619047619044347,0.16000000000016001,1.280000000000392,0.5507619047617811,1.09454,NOISE,B
2024-01-15T15:02:00.000000000Z,1.09418,EUR_USD,LONG,3,2.5,2.80000000000058,0.0,3,london,monday,0.8333333333333334,1.0,0.0,1.120000000000232,0.7120000000000232,1.09446,GOOD,A
2024-01-15T15:03:00.000000000Z,1.09425,EUR_USD,LONG,4,2.5,2.900000000001235,0.0,4,london,monday,0.625,0.9354838709673723,0.0,1.160000000000494,0.6901935483869984,1.09454,NOISE,B
2024-01-15T15:04:00.000000000Z,1.09438,EUR_USD,SHORT,8,2.5,4.599999999999049,1.6000000000016001,8,london,monday,0.3125,0.5749999999996253,0.6400000000006401,1.8399999999996197,0.3734999999996841,1.09392,BAD,C
2024-01-15T15:05:00.000000000Z,1.09446,EUR_USD,SHORT,6,2.5,2.80000000000058,0.8000000000008001,6,london,monday,0.4166666666666667,0.6086956521735772,0.32000000000032003,1.120000000000232,0.4414782608693901,1.09418,NOISE,B
2024-01-15T15:06:00.000000000Z,1.09445,EUR_USD,SHORT,5,2.5,2.6999999999999247,0.9000000000014552,5,london,monday,0.5,0.5999999999996053,0.3600000000005821,1.0799999999999699,0.47599999999972276,1.09418,NOISE,B
2024-01-15T15:07:00.000000000Z,1.09454,EUR_USD,SHORT,4,2.5,3.60000000000138,0.0,4,london,monday,0.625,1.0,0.0,1.440000000000552,0.7440000000000552,1.09418,GOOD,A+
2024-01-15T15:08:00.000000000Z,1.09445,EUR_USD,SHORT,3,2.5,2.6999999999999247,0.0,3,london,monday,0.8333333333333334,1.0,0.0,1.0799999999999699,0.707999999999997,1.09418,GOOD,A
2024-01-15T15:09:00.000000000Z,1.09443,EUR_USD,SHORT,2,2.5,2.500000000000835,0.0,2,london,monday,1.25,1.0,0.0,1.000000000000334,0.7000000000000334,1.09418,NOISE,B
2024-01-15T15:10:00.000000000Z,1.09435,EUR_USD,SHORT,2,2.5,4.299999999999304,0.0,2,london,monday,1.25,1.0,0.0,1.7199999999997218,0.7719999999999722,1.09392,GOOD,A+
2024-01-15T15:11:00.000000000Z,1.09418,EUR_USD,SHORT,1,2.5,2.5999999999992696,0.0,1,london,monday,2.5,1.0,0.0,1.0399999999997078,0.7039999999999708,1.09392,NOISE,B
2024-01-15T15:12:00.000000000Z,1.09392,EUR_USD,LONG,3,2.5,2.6999999999999247,0.0,3,london,monday,0.8333333333333334,1.0,0.0,1.0799999999999699,0.707999999999997,1.09419,GOOD,A
2024-01-15T15:13:00.000000000Z,1.0941,EUR_USD,LONG,12,2.5,4.999999999999449,0.10000000000065512,12,london,monday,0.20833333333333334,0.43103448275847217,0.04000000000026205,1.9999999999997797,0.3894137931033145,1.0946,BAD,C
2024-01-15T15:14:00.000000000Z,1.09411,EUR_USD,LONG,11,2.5,4.900000000001015,0.1999999999990898,11,london,monday,0.22727272727272727,0.4260869565216686,0.07999999999963592,1.9600000000004059,0.38679841897241724,1.0946,BAD,C
2024-01-15T15:15:00.000000000Z,1.09419,EUR_USD,LONG,10,2.5,4.100000000000215,0.9999999999998899,10,london,monday,0.25,0.38317757009335324,0.39999999999995595,1.6400000000000858,0.2872710280373587,1.0946,BAD,C
2024-01-15T15:16:00.000000000Z,1.09424,EUR_USD,LONG,9,2.5,3.5999999999991594,1.500000000000945,9,london,monday,0.2777777777777778,0.3529411764704218,0.600000000000378,1.4399999999996638,0.23184313725472613,1.0946,BAD,C
2024-01-15T15:17:00.000000000Z,1.09414,EUR_USD,LONG,8,2.5,4.60000000000127,0.4999999999988347,8,london,monday,0.3125,0.5000000000001207,0.19999999999953388,1.840000000000508,0.4315000000001923,1.0946,NOISE,B
2024-01-15T15:18:00.000000000Z,1.09412,EUR_USD,LONG,7,2.5,4.8000000000003595,0.2999999999997449,7,london,monday,0.35714285714285715,0.5333333333333005,0.11999999999989797,1.9200000000001438,0.4956190476190693,1.0946,NOISE,B
2024-01-15T15:19:00.000000000Z,1.09412,EUR_USD,LONG,6,2.5,4.8000000000003595,0.2999999999997449,6,london,monday,0.4166666666666667,0.5333333333333005,0.11999999999989797,1.9200000000001438,0.531333333333355,1.0946,NOISE,B
2024-01-15T15:20:00.000000000Z,1.09409,EUR_USD,LONG,4,2.5,2.500000000000835,0.0,4,london,monday,0.625,0.40983606557375857,0.0,1.000000000000334,0.46393442622953684,1.09434,NOISE,B
2024-01-15T15:21:00.000000000Z,1.0941,EUR_USD,LONG,4,2.5,4.999999999999449,0.0,4,london,monday,0.625,0.5813953488370892,0.0,1.9999999999997797,0.6325581395348137,1.0946,NOISE,B
2024-01-15T15:22:00.000000000Z,1.09432,EUR_USD,LONG,3,2.5,2.80000000000058,1.80000000000069,3,london,monday,0.8333333333333334,0.43749999999995665,0.720000000000276,1.120000000000232,0.3429999999999507,1.0946,BAD,C
2024-01-15T15:23:00.000000000Z,1.09414,EUR_USD,LONG,2,2.5,4.60000000000127,0.0,2,london,monday,1.25,1.0,0.0,1.840000000000508,0.7840000000000508,1.0946,GOOD,A+
2024-01-15T15:24:00.000000000Z,1.09434,EUR_USD,LONG,1,2.5,2.5999999999992696,0.0,1,london,monday,2.5,1.0,0.0,1.0399999999997078,0.7039999999999708,1.0946,NOISE,B
2024-01-15T15:25:00.000000000Z,1.0946,EUR_USD,SHORT,5,2.5,2.9999999999996696,0.5999999999994898,5,london,monday,0.5,0.5000000000001851,0.23999999999979593,1.1999999999998678,0.47200000000010167,1.0943,NOISE,B
2024-01-15T15:26:00.000000000Z,1.09466,EUR_USD,SHORT,4,2.5,3.5999999999991594,0.0,4,london,monday,0.625,0.6666666666668037,0.0,1.4399999999996638,0.6106666666666879,1.0943,NOISE,B
2024-01-15T15:27:00.000000000Z,1.09448,EUR_USD,SHORT,5,2.5,2.5999999999992696,0.5000000000010552,5,london,monday,0.5,0.5909090909092285,0.20000000000042206,1.0399999999997078,0.5003636363635778,1.09422,NOISE,B
2024-01-15T15:28:00.000000000Z,1.09444,EUR_USD,SHORT,5,2.5,2.6999999999999247,0.8999999999992347,5,london,monday,0.5,0.6000000000001974,0.3599999999996939,1.0799999999999699,0.4760000000001372,1.09417,NOISE,B
2024-01-15T15:29:00.000000000Z,1.09453,EUR_USD,SHORT,2,2.5,2.8999999999990145,0.0,2,london,monday,1.25,1.0,0.0,1.1599999999996058,0.7159999999999606,1.09424,GOOD,A
2024-01-15T15:30:00.000000000Z,1.0943,EUR_USD,SHORT,6,2.5,2.9999999999996696,0.0,6,london,monday,0.4166666666666667,1.0,0.0,1.1999999999998678,0.6699999999999868,1.094,NOISE,B
2024-01-15T15:31:00.000000000Z,1.09424,EUR_USD,SHORT,6,2.5,3.700000000002035,0.0,6,london,monday,0.4166666666666667,1.0,0.0,1.480000000000814,0.6980000000000814,1.09387,NOISE,B
2024-01-15T15:32:00.000000000Z,1.09422,EUR_USD,SHORT,5,2.5,3.5000000000007248,0.0,5,london,monday,0.5,1.0,0.0,1.40000000000029,0.740000000000029,1.09387,GOOD,A+
2024-01-15T15:33:00.000000000Z,1.09417,EUR_USD,SHORT,4,2.5,3.00000000000189,0.0,4,london,monday,0.625,1.0,0.0,1.200000000000756,0.7200000000000756,1.09387,GOOD,A
2024-01-15T15:34:00.000000000Z,1.09414,EUR_USD,SHORT,3,2.5,2.6999999999999247,0.0,3,london,monday,0.8333333333333334,1.0,0.0,1.0799999999999699,0.707999999999997,1.09387,GOOD,A
2024-01-15T15:35:00.000000000Z,1.09409,EUR_USD,SHORT,3,2.5,2.500000000000835,0.0,3,london,monday,0.8333333333333334,1.0,0.0,1.000000000000334,0.7000000000000334,1.09384,NOISE,B
2024-01-15T15:36:00.000000000Z,1.094,EUR_USD,LONG,9,2.5,2.9999999999996696,1.6000000000016001,9,london,monday,0.2777777777777778,0.35714285714264943,0.6400000000006401,1.1999999999998678,0.2015238095235852,1.0943,BAD,C
2024-01-15T15:37:00.000000000Z,1.09387,EUR_USD,LONG,7,2.5,2.6999999999999247,0.2999999999997449,7,london,monday,0.35714285714285715,0.4909090909090322,0.11999999999989797,1.0799999999999699,0.3946493506493446,1.09414,NOISE,B
2024-01-15T15:38:00.000000000Z,1.09384,EUR_USD,LONG,4,2.5,2.60000000000149,0.0,4,london,monday,0.625,1.0,0.0,1.040000000000596,0.7040000000000596,1.0941,GOOD,A
2024-01-15T15:39:00.000000000Z,1.09386,EUR_USD,LONG,5,2.5,2.7999999999983594,0.0,5,london,monday,0.5,0.5599999999997336,0.0,1.1199999999993437,0.5359999999998278,1.09414,NOISE,B
2024-01-15T15:40:00.000000000Z,1.09393,EUR_USD,LONG,5,2.5,3.6999999999998145,0.0,5,london,monday,0.5,0.627118644067669,0.0,1.4799999999999258,0.5988474576270603,1.0943,NOISE,B
2024-01-15T15:41:00.000000000Z,1.09394,EUR_USD,LONG,4,2.5,3.60000000000138,0.0,4,london,monday,0.625,0.6206896551723874,0.0,1.440000000000552,0.5922758620690102,1.0943,NOISE,B
2024-01-15T15:42:00.000000000Z,1.0941,EUR_USD,LONG,7,2.5,3.4000000000000696,1.100000000000545,7,london,monday,0.35714285714285715,0.39534883720917025,0.440000000000218,1.3600000000000279,0.32042524916934156,1.09444,BAD,C
2024-01-15T15:43:00.000000000Z,1.09399,EUR_USD,LONG,2,2.5,3.1000000000003247,0.0,2,london,monday,1.25,1.0,0.0,1.2400000000001299,0.724000000000013,1.0943,GOOD,A
2024-01-15T15:44:00.000000000Z,1.09414,EUR_USD,LONG,5,2.5,3.00000000000189,0.0,5,london,monday,0.5,0.5,0.0,1.200000000000756,0.5200000000000756,1.09444,NOISE,B
2024-01-15T15:45:00.000000000Z,1.0943,EUR_USD,LONG,5,2.5,3.8999999999989043,1.500000000000945,5,london,monday,0.5,0.565217391304124,0.600000000000378,1.5599999999995617,0.4620869565215302,1.09469,NOISE,B
2024-01-15T15:46:00.000000000Z,1.09415,EUR_USD,LONG,3,2.5,2.900000000001235,0.0,3,london,monday,0.8333333333333334,1.0,0.0,1.160000000000494,0.7160000000000494,1.09444,GOOD,A
2024-01-15T15:47:00.000000000Z,1.09423,EUR_USD,LONG,3,2.5,4.599999999999049,0.0,3,london,monday,0.8333333333333334,1.0,0.0,1.8399999999996197,0.783999999999962,1.09469,GOOD,A+
2024-01-15T15:48:00.000000000Z,1.09434,EUR_USD,LONG,2,2.5,3.4999999999985043,0.0,2,london,monday,1.25,1.0,0.0,1.3999999999994017,0.7399999999999402,1.09469,GOOD,A+
2024-01-15T15:49:00.000000000Z,1.09444,EUR_USD,LONG,2,2.5,2.7999999999983594,0.0,2,london,monday,1.25,1.0,0.0,1.1199999999993437,0.7119999999999344,1.09472,GOOD,A
2024-01-15T15:50:00.000000000Z,1.09469,EUR_USD,LONG,5,2.5,2.500000000000835,0.0,5,london,monday,0.5,1.0,0.0,1.000000000000334,0.7000000000000334,1.09494,NOISE,B
2024-01-15T15:51:00.000000000Z,1.09472,EUR_USD,LONG,6,2.5,3.00000000000189,0.0,6,london,monday,0.4166666666666667,0.7894736842104648,0.0,1.200000000000756,0.5857894736842616,1.09502,NOISE,B
2024-01-15T15:52:00.000000000Z,1.09472,EUR_USD,LONG,5,2.5,3.00000000000189,0.0,5,london,monday,0.5,0.7894736842104648,0.0,1.200000000000756,0.6357894736842616,1.09502,NOISE,B
2024-01-15T15:53:00.000000000Z,1.09486,EUR_USD,LONG,34,2.5,3.20000000000098,1.1999999999989797,34,london,monday,0.07352941176470588,0.14285714285722784,0.47999999999959186,1.280000000000392,0.033260504201835496,1.09518,BAD,D
2024-01-15T15:54:00.000000000Z,1.09492,EUR_USD,LONG,33,2.5,2.60000000000149,1.7999999999984695,33,london,monday,0.07575757575757576,0.11926605504597249,0.7199999999993878,1.040000000000596,-0.046839032526883505,1.09518,BAD,D
2024-01-15T15:55:00.000000000Z,1.09494,EUR_USD,LONG,33,2.5,2.500000000000835,1.9999999999997797,33,london,monday,0.07575757575757576,0.11520737327196297,0.7999999999999119,1.000000000000334,-0.06846250523661834,1.09519,BAD,D
2024-01-15T15:56:00.000000000Z,1.0949,EUR_USD,LONG,31,2.5,2.80000000000058,1.5999999999993797,31,london,monday,0.08064516129032258,0.1320754716981883,0.6399999999997519,1.120000000000232,-0.014782714546458305,1.09518,BAD,D
2024-01-15T15:57:00.000000000Z,1.09502,EUR_USD,SHORT,22,2.5,2.80000000000058,0.6999999999979245,22,london,monday,0.11363636363636363,0.19444444444465003,0.2799999999991698,1.120000000000232,0.10195959595986742,1.09474,BAD,D
2024-01-15T15:58:00.000000000Z,1.09508,EUR_USD,SHORT,15,2.5,2.9999999999996696,0.09999999999843467,15,london,monday,0.16666666666666666,0.35714285714302707,0.03999999999937387,1.1999999999998678,0.25485714285732286,1.09478,BAD,C
2024-01-15T15:59:00.000000000Z,1.09498,EUR_USD,LONG,30,2.5,2.6999999999999247,2.4000000000001798,30,london,monday,0.08333333333333333,0.1413612565445586,0.9600000000000719,1.0799999999999699,-0.07745549738219396,1.09525,BAD,D
2024-01-15T16:00:00.000000000Z,1.09509,EUR_USD,SHORT,13,2.5,3.0999999999981043,0.0,13,other,monday,0.19230769230769232,0.49206349206343614,0.0,1.2399999999992417,0.3362100122099141,1.09478,BAD,C
2024-01-15T16:01:00.000000000Z,1.09509,EUR_USD,SHORT,12,2.5,3.0999999999981043,0.0,12,other,monday,0.20833333333333334,0.49206349206343614,0.0,1.2399999999992417,0.34582539682529867,1.09478,BAD,C
2024-01-15T16:02:00.000000000Z,1.09505,EUR_USD,SHORT,11,2.5,2.6999999999999247,0.0,11,other,monday,0.22727272727272727,0.4576271186441571,0.0,1.0799999999999699,0.32741448382129623,1.09478,BAD,C
2024-01-15T16:03:00.000000000Z,1.09494,EUR_USD,LONG,25,2.5,2.500000000000835,1.9999999999997797,25,other,monday,0.1,0.15723270440261408,0.7999999999999119,1.000000000000334,-0.03710691823890335,1.09519,BAD,D
2024-01-15T16:04:00.000000000Z,1.09484,EUR_USD,LONG,23,2.5,3.4000000000000696,0.9999999999998899,23,other,monday,0.10869565217391304,0.22972972972981487,0.39999999999995595,1.3600000000000279,0.11310928319628535,1.09518,BAD,D
2024-01-15T16:05:00.000000000Z,1.09488,EUR_USD,LONG,22,2.5,2.9999999999996696,1.40000000000029,22,other,monday,0.11363636363636363,0.20833333333339116,0.560000000000116,1.1999999999998678,0.05951515151513823,1.09518,BAD,D
2024-01-15T16:06:00.000000000Z,1.09491,EUR_USD,LONG,21,2.5,2.6999999999999247,1.7000000000000348,21,other,monday,0.11904761904761904,0.19148936170219466,0.6800000000000139,1.0799999999999699,0.020024316109443503,1.09518,BAD,D
2024-01-15T16:07:00.000000000Z,1.0949,EUR_USD,LONG,20,2.5,2.80000000000058,1.5999999999993797,20,other,monday,0.125,0.20000000000012688,0.6399999999997519,1.120000000000232,0.03900000000012358,1.09518,BAD,D
2024-01-15T16:08:00.000000000Z,1.09489,EUR_USD,LONG,19,2.5,2.900000000001235,1.4999999999987246,19,other,monday,0.13157894736842105,0.20863309352536832,0.5999999999994898,1.160000000000494,0.058400605831351406,1.09518,BAD,D
2024-01-15T16:09:00.000000000Z,1.0949,EUR_USD,LONG,18,2.5,2.80000000000058,1.5999999999993797,18,other,monday,0.1388888888888889,0.20289855072478694,0.6399999999997519,1.120000000000232,0.04849275362332093,1.09518,BAD,D
2024-01-15T16:10:00.000000000Z,1.09497,EUR_USD,LONG,19,2.5,2.80000000000058,2.2999999999995246,19,other,monday,0.13157894736842105,0.20289855072478694,0.9199999999998099,1.120000000000232,-0.011893211288971382,1.09525,BAD,D
2024-01-15T16:11:00.000000000Z,1.09488,EUR_USD,LONG,16,2.5,2.9999999999996696,1.40000000000029,16,other,monday,0.15625,0.2459016393443697,0.560000000000116,1.1999999999998678,0.10011065573771147,1.09518,BAD,D
2024-01-15T16:12:00.000000000Z,1.09489,EUR_USD,LONG,15,2.5,2.900000000001235,1.4999999999987246,15,other,monday,0.16666666666666666,0.23966942148780654,0.5999999999994898,1.160000000000494,0.09186776859527404,1.09518,BAD,D
2024-01-15T16:13:00.000000000Z,1.09478,EUR_USD,LONG,14,2.5,3.9999999999995595,0.40000000000040004,14,other,monday,0.17857142857142858,0.36363636363643703,0.16000000000016001,1.5999999999998238,0.28059740259738236,1.09518,BAD,C
2024-01-15T16:14:00.000000000Z,1.09488,EUR_USD,LONG,13,2.5,2.9999999999996696,1.40000000000029,13,other,monday,0.19230769230769232,0.3000000000000666,0.560000000000116,1.1999999999998678,0.14338461538460562,1.09518,BAD,D
2024-01-15T16:15:00.000000000Z,1.09496,EUR_USD,LONG,14,2.5,2.900000000001235,2.1999999999988695,14,other,monday,0.17857142857142858,0.2929292929294696,0.8799999999995478,1.160000000000494,0.06431457431478482,1.09525,BAD,D
2024-01-15T16:16:00.000000000Z,1.09485,EUR_USD,LONG,11,2.5,3.2999999999994145,1.100000000000545,11,other,monday,0.22727272727272727,0.4074074074073465,0.440000000000218,1.3199999999997658,0.24332659932650794,1.09518,BAD,C
2024-01-15T16:17:00.000000000Z,1.09492,EUR_USD,LONG,10,2.5,2.60000000000149,1.7999999999984695,10,other,monday,0.25,0.3513513513514649,0.7199999999993878,1.040000000000596,0.15054054054076801,1.09518,BAD,D
2024-01-15T16:18:00.000000000Z,1.09482,EUR_USD,LONG,9,2.5,3.60000000000138,0.7999999999985796,9,other,monday,0.2777777777777778,0.5625000000000434,0.31999999999943185,1.440000000000552,0.3716666666668529,1.09518,BAD,C
2024-01-15T16:19:00.000000000Z,1.09474,EUR_USD,LONG,8,2.5,4.3999999999999595,0.0,8,other,monday,0.3125,0.7857142857138042,0.0,1.7599999999999838,0.5777857142855202,1.09518,NOISE,B
2024-01-15T16:20:00.000000000Z,1.09474,EUR_USD,LONG,7,2.5,4.3999999999999595,0.0,7,other,monday,0.35714285714285715,0.7857142857138042,0.0,1.7599999999999838,0.6045714285712344,1.09518,NOISE,B
2024-01-15T16:21:00.000000000Z,1.09481,EUR_USD,LONG,6,2.5,3.6999999999998145,0.0,6,other,monday,0.4166666666666667,0.7551020408157901,0.0,1.4799999999999258,0.6000408163263087,1.09518,NOISE,B
2024-01-15T16:22:00.000000000Z,1.09484,EUR_USD,LONG,5,2.5,3.4000000000000696,0.0,5,other,monday,0.5,0.7391304347820631,0.0,1.3600000000000279,0.631652173912828,1.09518,NOISE,B
2024-01-15T16:23:00.000000000Z,1.09495,EUR_USD,LONG,6,2.5,2.9999999999996696,0.6000000000017103,6,other,monday,0.4166666666666667,0.7142857142851101,0.2400000000006841,1.1999999999998678,0.507714285713894,1.09525,NOISE,B
2024-01-15T16:24:00.000000000Z,1.0949,EUR_USD,LONG,3,2.5,2.80000000000058,0.10000000000065512,3,other,monday,0.8333333333333334,0.9333333333329386,0.04000000000026205,1.120000000000232,0.6773333333331463,1.09518,NOISE,B
2024-01-15T16:25:00.000000000Z,1.09489,EUR_USD,LONG,2,2.5,2.900000000001235,0.0,2,other,monday,1.25,1.0,0.0,1.160000000000494,0.7160000000000494,1.09518,GOOD,A
2024-01-15T16:26:00.000000000Z,1.09494,EUR_USD,LONG,2,2.5,2.500000000000835,0.0,2,other,monday,1.25,1.0,0.0,1.000000000000334,0.7000000000000334,1.09519,NOISE,B
2024-01-15T16:27:00.000000000Z,1.09518,EUR_USD,SHORT,5,2.5,2.60000000000149,0.700000000000145,5,other,monday,0.5,0.6500000000000833,0.280000000000058,1.040000000000596,0.5080000000000814,1.09492,NOISE,B
2024-01-15T16:28:00.000000000Z,1.09519,EUR_USD,SHORT,4,2.5,2.700000000002145,0.5999999999994898,4,other,monday,0.625,0.6923076923080427,0.23999999999979593,1.080000000000858,0.5369230769233437,1.09492,NOISE,B
2024-01-15T16:29:00.000000000Z,1.09525,EUR_USD,SHORT,3,2.5,3.300000000001635,0.0,3,other,monday,0.8333333333333334,1.0,0.0,1.320000000000654,0.7320000000000654,1.09492,GOOD,A+
2024-01-15T16:30:00.000000000Z,1.09519,EUR_USD,SHORT,2,2.5,2.700000000002145,0.0,2,other,monday,1.25,1.0,0.0,1.080000000000858,0.7080000000000858,1.09492,GOOD,A
2024-01-15T16:31:00.000000000Z,1.09506,EUR_USD,SHORT,12,2.5,3.1000000000003247,0.20000000000131024,12,other,monday,0.20833333333333334,0.4133333333329938,0.0800000000005241,1.2400000000001299,0.29833333333310574,1.09475,BAD,C
2024-01-15T16:33:00.000000000Z,1.09498,EUR_USD,SHORT,24,2.5,2.6999999999999247,0.9999999999998899,24,other,monday,0.10416666666666667,0.22689075630229835,0.39999999999995595,1.0799999999999699,0.08125630252092514,1.09471,BAD,D
2024-01-15T16:34:00.000000000Z,1.09508,EUR_USD,SHORT,8,2.5,2.500000000000835,0.0,8,other,monday,0.3125,0.6756756756751242,0.0,1.000000000000334,0.4577702702700831,1.09483,NOISE,B
2024-01-15T16:38:00.000000000Z,1.09498,EUR_USD,SHORT,19,2.5,2.6999999999999247,0.40000000000040004,19,other,monday,0.13157894736842105,0.31034482758590765,0.16000000000016001,1.0799999999999699,0.17908529945538068,1.09471,BAD,D
2024-01-15T16:43:00.000000000Z,1.09475,EUR_USD,LONG,5,2.5,2.700000000002145,0.0,5,other,monday,0.5,1.0,0.0,1.080000000000858,0.7080000000000858,1.09502,GOOD,A
2024-01-15T16:44:00.000000000Z,1.09476,EUR_USD,LONG,4,2.5,2.60000000000149,0.0,4,other,monday,0.625,1.0,0.0,1.040000000000596,0.7040000000000596,1.09502,GOOD,A
2024-01-15T16:48:00.000000000Z,1.09502,EUR_USD,SHORT,7,2.5,2.60000000000149,0.0,7,other,monday,0.35714285714285715,0.928571428571032,0.0,1.040000000000596,0.5897142857141867,1.09476,NOISE,B
2024-01-15T16:49:00.000000000Z,1.09498,EUR_USD,SHORT,8,2.5,2.6999999999999247,0.0,8,other,monday,0.3125,0.8181818181808395,0.0,1.0799999999999699,0.5227727272723328,1.09471,NOISE,B
