{
  "energy_depletion": {
    "baseline_pph": 235.19260400616454,
    "selected_pph": 807.9413137712576,
    "improvement": 572.748709765093,
    "selected_source": "leaderboard_top",
    "best_params": {
      "ENERGY_CPS_THRESHOLD": 0.5459883964226546,
      "ENERGY_DHR_PANIC": 0.6674688472115443,
      "PANIC_CONFIRM_MIN_HITS": 2,
      "PANIC_DEBOUNCE_SEC": 0.755658736827097,
      "MIN_EVAL_AGE_SEC": 14,
      "MIN_EVAL_SAMPLES": 6,
      "ENERGY_RSS_PROMOTE": 0.659449770832797,
      "RUNNER_PROMOTE_RSS_MIN": 0.5548880925751105,
      "RUNNER_PROMOTE_LED_MIN": 0.5940070986562578,
      "RUNNER_PROMOTE_EPI_MIN": 0.5132134554225669,
      "WPD_CHOP_THRESHOLD": 0.5805740464839426,
      "LED_EXPANSION_THRESHOLD": 0.6208107759551242,
      "ENERGY_GE_DECAY_THRESHOLD": 0.30580429575807844,
      "ENERGY_DHR_DECAY_THRESHOLD": 0.5630939130808441,
      "ENERGY_EPI_DECAY_THRESHOLD": 0.45617959095504396,
      "DECAY_NO_NEW_HIGH_SEC": 6,
      "NEG_EXIT_CONFIRM_WINDOW_SEC": 4,
      "NEG_EXIT_CONFIRM_MIN_HITS": 3
    }
  },
  "energy_transition": {
    "baseline_pph": 265.92295839753024,
    "selected_pph": 633.1630543514483,
    "improvement": 367.24009595391806,
    "selected_source": "leaderboard_top",
    "best_params": {
      "ENERGY_CPS_THRESHOLD": 0.5459883964226546,
      "ENERGY_DHR_PANIC": 0.6674688472115443,
      "PANIC_CONFIRM_MIN_HITS": 2,
      "PANIC_DEBOUNCE_SEC": 0.755658736827097,
      "MIN_EVAL_AGE_SEC": 14,
      "MIN_EVAL_SAMPLES": 6,
      "ENERGY_RSS_PROMOTE": 0.659449770832797,
      "RUNNER_PROMOTE_RSS_MIN": 0.5548880925751105,
      "RUNNER_PROMOTE_LED_MIN": 0.5940070986562578,
      "RUNNER_PROMOTE_EPI_MIN": 0.5132134554225669,
      "WPD_CHOP_THRESHOLD": 0.5805740464839426,
      "LED_EXPANSION_THRESHOLD": 0.6208107759551242,
      "ENERGY_GE_DECAY_THRESHOLD": 0.30580429575807844,
      "ENERGY_DHR_DECAY_THRESHOLD": 0.5630939130808441,
      "ENERGY_EPI_DECAY_THRESHOLD": 0.45617959095504396,
      "DECAY_NO_NEW_HIGH_SEC": 6,
      "NEG_EXIT_CONFIRM_WINDOW_SEC": 4,
      "NEG_EXIT_CONFIRM_MIN_HITS": 3
    }
  },
  "high_energy_trend": {
    "baseline_pph": 263.59322033898303,
    "selected_pph": 812.8629543181052,
    "improvement": 549.2697339791221,
    "selected_source": "leaderboard_top",
    "best_params": {
      "ENERGY_CPS_THRESHOLD": 0.5459883964226546,
      "ENERGY_DHR_PANIC": 0.6674688472115443,
      "PANIC_CONFIRM_MIN_HITS": 2,
      "PANIC_DEBOUNCE_SEC": 0.755658736827097,
      "MIN_EVAL_AGE_SEC": 14,
      "MIN_EVAL_SAMPLES": 6,
      "ENERGY_RSS_PROMOTE": 0.659449770832797,
      "RUNNER_PROMOTE_RSS_MIN": 0.5548880925751105,
      "RUNNER_PROMOTE_LED_MIN": 0.5940070986562578,
      "RUNNER_PROMOTE_EPI_MIN": 0.5132134554225669,
      "WPD_CHOP_THRESHOLD": 0.5805740464839426,
      "LED_EXPANSION_THRESHOLD": 0.6208107759551242,
      "ENERGY_GE_DECAY_THRESHOLD": 0.30580429575807844,
      "ENERGY_DHR_DECAY_THRESHOLD": 0.5630939130808441,
      "ENERGY_EPI_DECAY_THRESHOLD": 0.45617959095504396,
      "DECAY_NO_NEW_HIGH_SEC": 6,
      "NEG_EXIT_CONFIRM_WINDOW_SEC": 4,
      "NEG_EXIT_CONFIRM_MIN_HITS": 3
    }
  },
  "low_energy_range": {
    "baseline_pph": 179.7226502311198,
    "selected_pph": 769.0003334444802,
    "improvement": 589.2776832133604,
    "selected_source": "leaderboard_top",
    "best_params": {
      "ENERGY_CPS_THRESHOLD": 0.5459883964226546,
      "ENERGY_DHR_PANIC": 0.6674688472115443,
      "PANIC_CONFIRM_MIN_HITS": 2,
      "PANIC_DEBOUNCE_SEC": 0.755658736827097,
      "MIN_EVAL_AGE_SEC": 14,
      "MIN_EVAL_SAMPLES": 6,
      "ENERGY_RSS_PROMOTE": 0.659449770832797,
      "RUNNER_PROMOTE_RSS_MIN": 0.5548880925751105,
      "RUNNER_PROMOTE_LED_MIN": 0.5940070986562578,
      "RUNNER_PROMOTE_EPI_MIN": 0.5132134554225669,
      "WPD_CHOP_THRESHOLD": 0.5805740464839426,
      "LED_EXPANSION_THRESHOLD": 0.6208107759551242,
      "ENERGY_GE_DECAY_THRESHOLD": 0.30580429575807844,
      "ENERGY_DHR_DECAY_THRESHOLD": 0.5630939130808441,
      "ENERGY_EPI_DECAY_THRESHOLD": 0.45617959095504396,
      "DECAY_NO_NEW_HIGH_SEC": 6,
      "NEG_EXIT_CONFIRM_WINDOW_SEC": 4,
      "NEG_EXIT_CONFIRM_MIN_HITS": 3
    }
  },
  "multi_whipsaw_sweep": {
    "baseline_pph": 209.67642526963974,
    "selected_pph": 675.8012670890303,
    "improvement": 466.12484181939055,
    "selected_source": "leaderboard_top",
    "best_params": {
      "ENERGY_CPS_THRESHOLD": 0.5459883964226546,
      "ENERGY_DHR_PANIC": 0.6674688472115443,
      "PANIC_CONFIRM_MIN_HITS": 2,
      "PANIC_DEBOUNCE_SEC": 0.755658736827097,
      "MIN_EVAL_AGE_SEC": 14,
      "MIN_EVAL_SAMPLES": 6,
      "ENERGY_RSS_PROMOTE": 0.659449770832797,
      "RUNNER_PROMOTE_RSS_MIN": 0.5548880925751105,
      "RUNNER_PROMOTE_LED_MIN": 0.5940070986562578,
      "RUNNER_PROMOTE_EPI_MIN": 0.5132134554225669,
      "WPD_CHOP_THRESHOLD": 0.5805740464839426,
      "LED_EXPANSION_THRESHOLD": 0.6208107759551242,
      "ENERGY_GE_DECAY_THRESHOLD": 0.30580429575807844,
      "ENERGY_DHR_DECAY_THRESHOLD": 0.5630939130808441,
      "ENERGY_EPI_DECAY_THRESHOLD": 0.45617959095504396,
      "DECAY_NO_NEW_HIGH_SEC": 6,
      "NEG_EXIT_CONFIRM_WINDOW_SEC": 4,
      "NEG_EXIT_CONFIRM_MIN_HITS": 3
    }
  },
  "panic_reversal": {
    "baseline_pph": 228.30207852194064,
    "selected_pph": 228.30207852194064,
    "improvement": 0.0,
    "selected_source": "leaderboard_top",
    "best_params": {
      "ENERGY_CPS_THRESHOLD": 0.41466180767826444,
      "ENERGY_DHR_PANIC": 0.5787716035824687,
      "PANIC_CONFIRM_MIN_HITS": 3,
      "PANIC_DEBOUNCE_SEC": 0.8998307187970753,
      "MIN_EVAL_AGE_SEC": 14,
      "MIN_EVAL_SAMPLES": 17,
      "ENERGY_RSS_PROMOTE": 0.6823086936115351,
      "RUNNER_PROMOTE_RSS_MIN": 0.6129472174932912,
      "RUNNER_PROMOTE_LED_MIN": 0.7334389785182159,
      "RUNNER_PROMOTE_EPI_MIN": 0.4218480785248865,
      "WPD_CHOP_THRESHOLD": 0.5416309959858957,
      "LED_EXPANSION_THRESHOLD": 0.5002083775830299,
      "ENERGY_GE_DECAY_THRESHOLD": 0.23883920460422667,
      "ENERGY_DHR_DECAY_THRESHOLD": 0.4504510494663902,
      "ENERGY_EPI_DECAY_THRESHOLD": 0.4308827380245655,
      "DECAY_NO_NEW_HIGH_SEC": 6,
      "NEG_EXIT_CONFIRM_WINDOW_SEC": 7,
      "NEG_EXIT_CONFIRM_MIN_HITS": 1,
      "WHIPSAW_CAPTURE_MIN_PEAK_ATR": 0.10230826407976926,
      "WHIPSAW_CAPTURE_MIN_GIVEBACK_ATR": 0.1571262806037923
    }
  },
  "random_walk": {
    "baseline_pph": 251.38983050847838,
    "selected_pph": 707.2517505835256,
    "improvement": 455.8619200750472,
    "selected_source": "leaderboard_top",
    "best_params": {
      "ENERGY_CPS_THRESHOLD": 0.5459883964226546,
      "ENERGY_DHR_PANIC": 0.6674688472115443,
      "PANIC_CONFIRM_MIN_HITS": 2,
      "PANIC_DEBOUNCE_SEC": 0.755658736827097,
      "MIN_EVAL_AGE_SEC": 14,
      "MIN_EVAL_SAMPLES": 6,
      "ENERGY_RSS_PROMOTE": 0.659449770832797,
      "RUNNER_PROMOTE_RSS_MIN": 0.5548880925751105,
      "RUNNER_PROMOTE_LED_MIN": 0.5940070986562578,
      "RUNNER_PROMOTE_EPI_MIN": 0.5132134554225669,
      "WPD_CHOP_THRESHOLD": 0.5805740464839426,
      "LED_EXPANSION_THRESHOLD": 0.6208107759551242,
      "ENERGY_GE_DECAY_THRESHOLD": 0.30580429575807844,
      "ENERGY_DHR_DECAY_THRESHOLD": 0.5630939130808441,
      "ENERGY_EPI_DECAY_THRESHOLD": 0.45617959095504396,
      "DECAY_NO_NEW_HIGH_SEC": 6,
      "NEG_EXIT_CONFIRM_WINDOW_SEC": 4,
      "NEG_EXIT_CONFIRM_MIN_HITS": 3
    }
  },
  "re2_whipsaw_spike_fade": {
    "baseline_pph": 227.98151001541152,
    "selected_pph": 384.29583975346685,
    "improvement": 156.31432973805533,
    "selected_source": "leaderboard_top",
    "best_params": {
      "ENERGY_CPS_THRESHOLD": 0.5459883964226546,
      "ENERGY_DHR_PANIC": 0.6674688472115443,
      "PANIC_CONFIRM_MIN_HITS": 2,
      "PANIC_DEBOUNCE_SEC": 0.755658736827097,
      "MIN_EVAL_AGE_SEC": 14,
      "MIN_EVAL_SAMPLES": 6,
      "ENERGY_RSS_PROMOTE": 0.659449770832797,
      "RUNNER_PROMOTE_RSS_MIN": 0.5548880925751105,
      "RUNNER_PROMOTE_LED_MIN": 0.5940070986562578,