trade_id,cluster_id,entry_time,exit_time,direction,distance,entry_mode,static_pips,aee_pips,static_R,aee_R,static_reason,aee_reason
T0001,LONG_1.5_001,2024-01-15T08:02:00.000000000Z,2024-01-15T08:02:00.000000000Z,LONG,1.5,harvester,1.5,-1.5,1.0,-1.0,TP_HIT,PANIC
T0002,LONG_1.5_001,2024-01-15T08:05:00.000000000Z,2024-01-15T08:05:00.000000000Z,LONG,1.5,harvester,-1.5,-1.5,-1.0,-1.0,SL_HIT,PANIC
T0003,LONG_1.5_001,2024-01-15T08:08:00.000000000Z,2024-01-15T08:08:00.000000000Z,LONG,1.5,harvester,1.5,-1.5,1.0,-1.0,TP_HIT,PANIC
T0004,LONG_1.5_001,2024-01-15T08:11:00.000000000Z,2024-01-15T08:11:00.000000000Z,LONG,1.5,harvester,-1.5,-1.5,-1.0,-1.0,SL_HIT,PANIC
T0005,LONG_1.5_001,2024-01-15T08:14:00.000000000Z,2024-01-15T08:14:00.000000000Z,LONG,1.5,harvester,-1.5,-1.5,-1.0,-1.0,SL_HIT,PANIC
T0006,LONG_1.5_001,2024-01-15T08:17:00.000000000Z,2024-01-15T08:17:00.000000000Z,LONG,1.5,harvester,1.5,-1.5,1.0,-1.0,TP_HIT,PANIC
T0007,LONG_1.5_001,2024-01-15T08:20:00.000000000Z,2024-01-15T08:20:00.000000000Z,LONG,1.5,harvester,1.5,-1.5,1.0,-1.0,TP_HIT,PANIC
T0008,LONG_1.5_001,2024-01-15T08:23:00.000000000Z,2024-01-15T08:23:00.000000000Z,LONG,1.5,harvester,1.5,-1.5,1.0,-1.0,TP_HIT,PANIC
T0009,LONG_1.5_002,2024-01-15T08:32:00.000000000Z,2024-01-15T08:32:00.000000000Z,LONG,1.5,harvester,1.5,-1.5,1.0,-1.0,TP_HIT,PANIC
T0010,LONG_1.5_002,2024-01-15T08:35:00.000000000Z,2024-01-15T08:35:00.000000000Z,LONG,1.5,harvester,1.5,-1.5,1.0,-1.0,TP_HIT,PANIC
T0011,LONG_1.5_002,2024-01-15T08:38:00.000000000Z,2024-01-15T08:38:00.000000000Z,LONG,1.5,harvester,-1.5,-1.5,-1.0,-1.0,SL_HIT,PANIC
T0012,LONG_1.5_002,2024-01-15T08:41:00.000000000Z,2024-01-15T08:41:00.000000000Z,LONG,1.5,harvester,1.5,-1.5,1.0,-1.0,TP_HIT,PANIC
T0013,LONG_1.5_002,2024-01-15T08:44:00.000000000Z,2024-01-15T08:44:00.000000000Z,LONG,1.5,harvester,-1.5,-1.5,-1.0,-1.0,SL_HIT,PANIC
T0014,LONG_1.5_002,2024-01-15T08:47:00.000000000Z,2024-01-15T08:47:00.000000000Z,LONG,1.5,harvester,-1.5,-1.5,-1.0,-1.0,SL_HIT,PANIC
T0015,LONG_1.5_003,2024-01-15T09:02:00.000000000Z,2024-01-15T09:02:00.000000000Z,LONG,1.5,harvester,1.5,0.10000000000065512,1.0,0.06666666666710341,TP_HIT,HARVEST
T0016,LONG_1.5_003,2024-01-15T09:05:00.000000000Z,2024-01-15T09:05:00.000000000Z,LONG,1.5,harvester,-1.5,-1.5,-1.0,-1.0,SL_HIT,PANIC
T0017,LONG_1.5_003,2024-01-15T09:08:00.000000000Z,2024-01-15T09:08:00.000000000Z,LONG,1.5,harvester,-1.5,-1.5,-1.0,-1.0,SL_HIT,PANIC
T0018,LONG_1.5_003,2024-01-15T09:11:00.000000000Z,2024-01-15T09:11:00.000000000Z,LONG,1.5,harvester,-1.5,-1.5,-1.0,-1.0,SL_HIT,PANIC
T0019,LONG_1.5_003,2024-01-15T09:14:00.000000000Z,2024-01-15T09:14:00.000000000Z,LONG,1.5,harvester,-1.5,-1.5,-1.0,-1.0,SL_HIT,PANIC
T0020,LONG_1.5_003,2024-01-15T09:17:00.000000000Z,2024-01-15T09:17:00.000000000Z,LONG,1.5,harvester,1.5,-1.5,1.0,-1.0,TP_HIT,PANIC
T0021,LONG_1.5_003,2024-01-15T09:20:00.000000000Z,2024-01-15T09:20:00.000000000Z,LONG,1.5,harvester,1.5,-1.5,1.0,-1.0,TP_HIT,PANIC
T0022,LONG_1.5_003,2024-01-15T09:23:00.000000000Z,2024-01-15T09:23:00.000000000Z,LONG,1.5,harvester,1.5,-1.5,1.0,-1.0,TP_HIT,PANIC
T0023,LONG_1.5_003,2024-01-15T09:26:00.000000000Z,2024-01-15T09:26:00.000000000Z,LONG,1.5,harvester,1.5,-1.5,1.0,-1.0,TP_HIT,PANIC
T0024,LONG_1.5_003,2024-01-15T09:29:00.000000000Z,2024-01-15T09:29:00.000000000Z,LONG,1.5,harvester,1.5,-1.5,1.0,-1.0,TP_HIT,PANIC
T0025,LONG_1.5_004,2024-01-15T09:37:00.000000000Z,2024-01-15T09:37:00.000000000Z,LONG,1.5,harvester,-1.5,-1.5,-1.0,-1.0,SL_HIT,PANIC
T0026,LONG_1.5_004,2024-01-15T09:40:00.000000000Z,2024-01-15T09:40:00.000000000Z,LONG,1.5,harvester,-1.5,-1.5,-1.0,-1.0,SL_HIT,PANIC
T0027,LONG_1.5_004,2024-01-15T09:43:00.000000000Z,2024-01-15T09:43:00.000000000Z,LONG,1.5,harvester,-1.5,-1.5,-1.0,-1.0,SL_HIT,PANIC
T0028,LONG_1.5_004,2024-01-15T09:46:00.000000000Z,2024-01-15T09:46:00.000000000Z,LONG,1.5,harvester,-1.5,-1.5,-1.0,-1.0,SL_HIT,PANIC
T0029,LONG_1.5_004,2024-01-15T09:49:00.000000000Z,2024-01-15T09:49:00.000000000Z,LONG,1.5,harvester,-1.5,-1.5,-1.0,-1.0,SL_HIT,PANIC
T0030,LONG_1.5_004,2024-01-15T09:52:00.000000000Z,2024-01-15T09:52:00.000000000Z,LONG,1.5,harvester,1.5,-1.5,1.0,-1.0,TP_HIT,PANIC
T0031,LONG_1.5_004,2024-01-15T09:55:00.000000000Z,2024-01-15T09:55:00.000000000Z,LONG,1.5,harvester,-1.5,-1.5,-1.0,-1.0,SL_HIT,PANIC
T0032,LONG_1.5_004,2024-01-15T09:58:00.000000000Z,2024-01-15T09:58:00.000000000Z,LONG,1.5,harvester,-1.5,-1.5,-1.0,-1.0,SL_HIT,PANIC
T0033,LONG_1.5_004,2024-01-15T10:01:00.000000000Z,2024-01-15T10:01:00.000000000Z,LONG,1.5,harvester,-1.5,-1.5,-1.0,-1.0,SL_HIT,PANIC
T0034,LONG_1.5_004,2024-01-15T10:04:00.000000000Z,2024-01-15T10:04:00.000000000Z,LONG,1.5,harvester,-1.5,-1.5,-1.0,-1.0,SL_HIT,PANIC
T0035,LONG_1.5_004,2024-01-15T10:07:00.000000000Z,2024-01-15T10:07:00.000000000Z,LONG,1.5,harvester,-1.5,-1.5,-1.0,-1.0,SL_HIT,PANIC
T0036,LONG_1.5_004,2024-01-15T10:10:00.000000000Z,2024-01-15T10:10:00.000000000Z,LONG,1.5,harvester,-1.5,6.200000000000649,-1.0,4.133333333333766,SL_HIT,HOLD
T0037,LONG_1.5_004,2024-01-15T10:13:00.000000000Z,2024-01-15T10:13:00.000000000Z,LONG,1.5,harvester,-1.5,4.599999999999049,-1.0,3.0666666666660327,SL_HIT,HOLD
T0038,LONG_1.5_004,2024-01-15T10:16:00.000000000Z,2024-01-15T10:16:00.000000000Z,LONG,1.5,harvester,-1.5,7.600000000000939,-1.0,5.066666666667293,SL_HIT,HOLD
T0039,LONG_1.5_004,2024-01-15T10:19:00.000000000Z,2024-01-15T10:19:00.000000000Z,LONG,1.5,harvester,1.5,10.40000000000152,1.0,6.933333333334346,TP_HIT,HOLD
T0040,LONG_1.5_004,2024-01-15T10:22:00.000000000Z,2024-01-15T10:22:00.000000000Z,LONG,1.5,harvester,1.5,11.200000000000099,1.0,7.4666666666667325,TP_HIT,HOLD
T0041,LONG_1.5_004,2024-01-15T10:25:00.000000000Z,2024-01-15T10:25:00.000000000Z,LONG,1.5,harvester,1.5,14.100000000001334,1.0,9.400000000000889,TP_HIT,HOLD
T0042,LONG_1.5_004,2024-01-15T10:28:00.000000000Z,2024-01-15T10:28:00.000000000Z,LONG,1.5,harvester,1.5,0.10000000000065512,1.0,0.06666666666710341,TP_HIT,HARVEST
T0043,LONG_1.5_004,2024-01-15T10:31:00.000000000Z,2024-01-15T10:31:00.000000000Z,LONG,1.5,harvester,-1.5,14.799999999999258,-1.0,9.866666666666172,SL_HIT,HOLD
T0044,LONG_1.5_004,2024-01-15T10:34:00.000000000Z,2024-01-15T10:34:00.000000000Z,LONG,1.5,harvester,1.5,18.599999999999728,1.0,12.39999999999982,TP_HIT,HOLD
T0045,LONG_1.5_004,2024-01-15T10:37:00.000000000Z,2024-01-15T10:37:00.000000000Z,LONG,1.5,harvester,1.5,19.799999999998708,1.0,13.199999999999138,TP_HIT,HOLD
T0046,LONG_1.5_004,2024-01-15T10:40:00.000000000Z,2024-01-15T10:40:00.000000000Z,LONG,1.5,harvester,1.5,17.700000000000493,1.0,11.80000000000033,TP_HIT,HOLD
T0047,LONG_1.5_004,2024-01-15T10:43:00.000000000Z,2024-01-15T10:43:00.000000000Z,LONG,1.5,harvester,1.5,16.599999999999948,1.0,11.066666666666633,TP_HIT,HOLD
T0048,LONG_1.5_004,2024-01-15T10:46:00.000000000Z,2024-01-15T10:46:00.000000000Z,LONG,1.5,harvester,1.5,18.20000000000155,1.0,12.133333333334365,TP_HIT,HOLD
T0049,LONG_1.5_004,2024-01-15T10:49:00.000000000Z,2024-01-15T10:49:00.000000000Z,LONG,1.5,harvester,1.5,14.299999999998203,1.0,9.533333333332136,TP_HIT,HOLD
T0050,LONG_1.5_004,2024-01-15T10:52:00.000000000Z,2024-01-15T10:52:00.000000000Z,LONG,1.5,harvester,1.5,11.000000000001009,1.0,7.333333333334006,TP_HIT,HOLD
T0051,LONG_1.5_004,2024-01-15T10:55:00.000000000Z,2024-01-15T10:55:00.000000000Z,LONG,1.5,harvester,1.5,10.499999999999954,1.0,6.999999999999969,TP_HIT,HOLD
T0052,LONG_1.5_004,2024-01-15T10:58:00.000000000Z,2024-01-15T10:58:00.000000000Z,LONG,1.5,harvester,1.5,6.800000000000139,1.0,4.5333333333334265,TP_HIT,HOLD
T0053,LONG_1.5_004,2024-01-15T11:01:00.000000000Z,2024-01-15T11:01:00.000000000Z,LONG,1.5,harvester,1.5,16.40000000000086,1.0,10.933333333333906,TP_HIT,HOLD
T0054,LONG_1.5_004,2024-01-15T11:04:00.000000000Z,2024-01-15T11:04:00.000000000Z,LONG,1.5,harvester,1.5,12.399999999999078,1.0,8.266666666666053,TP_HIT,HOLD
T0055,LONG_1.5_004,2024-01-15T11:07:00.000000000Z,2024-01-15T11:07:00.000000000Z,LONG,1.5,harvester,1.5,12.599999999998168,1.0,8.399999999998778,TP_HIT,HOLD
T0056,LONG_1.5_004,2024-01-15T11:10:00.000000000Z,2024-01-15T11:10:00.000000000Z,LONG,1.5,harvester,1.5,14.600000000000168,1.0,9.733333333333446,TP_HIT,HOLD
T0057,LONG_1.5_004,2024-01-15T11:13:00.000000000Z,2024-01-15T11:13:00.000000000Z,LONG,1.5,harvester,1.5,14.599999999997948,1.0,9.733333333331965,TP_HIT,HOLD
T0058,LONG_1.5_004,2024-01-15T11:16:00.000000000Z,2024-01-15T11:16:00.000000000Z,LONG,1.5,harvester,1.5,12.600000000000389,1.0,8.40000000000026,TP_HIT,HOLD
T0059,LONG_1.5_004,2024-01-15T11:19:00.000000000Z,2024-01-15T11:19:00.000000000Z,LONG,1.5,harvester,1.5,12.499999999999734,1.0,8.333333333333156,TP_HIT,HOLD
T0060,LONG_1.5_004,2024-01-15T11:22:00.000000000Z,2024-01-15T11:22:00.000000000Z,LONG,1.5,harvester,1.5,10.40000000000152,1.0,6.933333333334346,TP_HIT,HOLD
T0061,LONG_1.5_004,2024-01-15T11:25:00.000000000Z,2024-01-15T11:25:00.000000000Z,LONG,1.5,harvester,1.5,6.399999999999739,1.0,4.2666666666664925,TP_HIT,DECAY_EXIT
T0062,LONG_1.5_004,2024-01-15T11:28:00.000000000Z,2024-01-15T11:28:00.000000000Z,LONG,1.5,harvester,1.5,6.099999999999994,1.0,4.066666666666663,TP_HIT,DECAY_EXIT
T0063,LONG_1.5_004,2024-01-15T11:31:00.000000000Z,2024-01-15T11:31:00.000000000Z,LONG,1.5,harvester,-1.5,4.20000000000087,-1.0,2.80000000000058,SL_HIT,DECAY_EXIT
T0064,LONG_1.5_004,2024-01-15T11:34:00.000000000Z,2024-01-15T11:34:00.000000000Z,LONG,1.5,harvester,1.5,6.699999999999484,1.0,4.466666666666323,TP_HIT,DECAY_EXIT
T0065,LONG_1.5_004,2024-01-15T11:37:00.000000000Z,2024-01-15T11:37:00.000000000Z,LONG,1.5,harvester,1.5,3.9999999999995595,1.0,2.666666666666373,TP_HIT,DECAY_EXIT
T0066,LONG_1.5_004,2024-01-15T11:40:00.000000000Z,2024-01-15T11:40:00.000000000Z,LONG,1.5,harvester,-1.5,1.900000000001345,-1.0,1.2666666666675634,SL_HIT,DECAY_EXIT
T0067,LONG_1.5_004,2024-01-15T11:43:00.000000000Z,2024-01-15T11:43:00.000000000Z,LONG,1.5,harvester,-1.5,4.20000000000087,-1.0,2.80000000000058,SL_HIT,DECAY_EXIT
T0068,LONG_1.5_004,2024-01-15T11:46:00.000000000Z,2024-01-15T11:46:00.000000000Z,LONG,1.5,harvester,1.5,7.399999999999629,1.0,4.933333333333086,TP_HIT,DECAY_EXIT
T0069,LONG_1.5_004,2024-01-15T11:49:00.000000000Z,2024-01-15T11:49:00.000000000Z,LONG,1.5,harvester,-1.5,6.200000000000649,-1.0,4.133333333333766,SL_HIT,DECAY_EXIT
T0070,LONG_1.5_004,2024-01-15T11:52:00.000000000Z,2024-01-15T11:52:00.000000000Z,LONG,1.5,harvester,1.5,6.800000000000139,1.0,4.5333333333334265,TP_HIT,DECAY_EXIT
T0071,LONG_1.5_004,2024-01-15T11:55:00.000000000Z,2024-01-15T11:55:00.000000000Z,LONG,1.5,harvester,1.5,3.5000000000007248,1.0,2.3333333333338167,TP_HIT,DECAY_EXIT
T0072,LONG_1.5_004,2024-01-15T11:58:00.000000000Z,2024-01-15T11:58:00.000000000Z,LONG,1.5,harvester,-1.5,-0.8000000000008001,-1.0,-0.5333333333338667,SL_HIT,DECAY_EXIT
T0073,LONG_1.5_004,2024-01-15T12:01:00.000000000Z,2024-01-15T12:01:00.000000000Z,LONG,1.5,harvester,1.5,2.80000000000058,1.0,1.8666666666670533,TP_HIT,DECAY_EXIT
T0074,LONG_1.5_004,2024-01-15T12:04:00.000000000Z,2024-01-15T12:04:00.000000000Z,LONG,1.5,harvester,1.5,0.20000000000131024,1.0,0.13333333333420683,TP_HIT,HARVEST
T0075,LONG_1.5_004,2024-01-15T12:07:00.000000000Z,2024-01-15T12:07:00.000000000Z,LONG,1.5,harvester,1.5,-1.5,1.0,-1.0,TP_HIT,PANIC
T0076,LONG_1.5_004,2024-01-15T12:10:00.000000000Z,2024-01-15T12:10:00.000000000Z,LONG,1.5,harvester,1.5,-1.5,1.0,-1.0,TP_HIT,PANIC
T0077,LONG_1.5_004,2024-01-15T12:13:00.000000000Z,2024-01-15T12:13:00.000000000Z,LONG,1.5,harvester,1.5,-1.5,1.0,-1.0,TP_HIT,PANIC
T0078,LONG_1.5_004,2024-01-15T12:16:00.000000000Z,2024-01-15T12:16:00.000000000Z,LONG,1.5,harvester,1.5,-1.5,1.0,-1.0,TP_HIT,PANIC
T0079,LONG_1.5_004,2024-01-15T12:19:00.000000000Z,2024-01-15T12:19:00.000000000Z,LONG,1.5,harvester,-1.5,-1.5,-1.0,-1.0,SL_HIT,PANIC
T0080,LONG_1.5_004,2024-01-15T12:22:00.000000000Z,2024-01-15T12:22:00.000000000Z,LONG,1.5,harvester,-1.5,-1.5,-1.0,-1.0,SL_HIT,PANIC
T0081,LONG_1.5_004,2024-01-15T12:25:00.000000000Z,2024-01-15T12:25:00.000000000Z,LONG,1.5,harvester,1.5,-1.5,1.0,-1.0,TP_HIT,PANIC
T0082,LONG_1.5_004,2024-01-15T12:28:00.000000000Z,2024-01-15T12:28:00.000000000Z,LONG,1.5,harvester,-1.5,-1.5,-1.0,-1.0,SL_HIT,PANIC
T0083,LONG_1.5_004,2024-01-15T12:31:00.000000000Z,2024-01-15T12:31:00.000000000Z,LONG,1.5,harvester,-1.5,-1.5,-1.0,-1.0,SL_HIT,PANIC
T0084,LONG_1.5_004,2024-01-15T12:34:00.000000000Z,2024-01-15T12:34:00.000000000Z,LONG,1.5,harvester,-1.5,-1.5,-1.0,-1.0,SL_HIT,PANIC
T0085,LONG_1.5_004,2024-01-15T12:37:00.000000000Z,2024-01-15T12:37:00.000000000Z,LONG,1.5,harvester,-1.5,-1.5,-1.0,-1.0,SL_HIT,PANIC
T0086,LONG_1.5_004,2024-01-15T12:40:00.000000000Z,2024-01-15T12:40:00.000000000Z,LONG,1.5,harvester,1.5,-1.5,1.0,-1.0,TP_HIT,PANIC
T0087,LONG_1.5_004,2024-01-15T12:43:00.000000000Z,2024-01-15T12:43:00.000000000Z,LONG,1.5,harvester,-1.5,-1.5,-1.0,-1.0,SL_HIT,PANIC
T0088,LONG_1.5_004,2024-01-15T12:46:00.000000000Z,2024-01-15T12:46:00.000000000Z,LONG,1.5,harvester,1.5,-1.5,1.0,-1.0,TP_HIT,PANIC
T0089,LONG_1.5_004,2024-01-15T12:49:00.000000000Z,2024-01-15T12:49:00.000000000Z,LONG,1.5,harvester,1.5,-1.5,1.0,-1.0,TP_HIT,PANIC
T0090,LONG_1.5_004,2024-01-15T12:52:00.000000000Z,2024-01-15T12:52:00.000000000Z,LONG,1.5,harvester,-1.5,-1.5,-1.0,-1.0,SL_HIT,PANIC
T0091,LONG_1.5_005,2024-01-15T13:00:00.000000000Z,2024-01-15T13:00:00.000000000Z,LONG,1.5,harvester,-1.5,-1.5,-1.0,-1.0,SL_HIT,PANIC
T0092,LONG_1.5_005,2024-01-15T13:03:00.000000000Z,2024-01-15T13:03:00.000000000Z,LONG,1.5,harvester,-1.5,-1.5,-1.0,-1.0,SL_HIT,PANIC
T0093,LONG_1.5_005,2024-01-15T13:06:00.000000000Z,2024-01-15T13:06:00.000000000Z,LONG,1.5,harvester,-1.5,0.6000000000017103,-1.0,0.40000000000114017,SL_HIT,HARVEST
T0094,LONG_1.5_005,2024-01-15T13:09:00.000000000Z,2024-01-15T13:09:00.000000000Z,LONG,1.5,harvester,1.5,-1.5,1.0,-1.0,TP_HIT,PANIC
T0095,LONG_1.5_005,2024-01-15T13:12:00.000000000Z,2024-01-15T13:12:00.000000000Z,LONG,1.5,harvester,1.5,-1.5,1.0,-1.0,TP_HIT,PANIC
T0096,LONG_1.5_005,2024-01-15T13:15:00.000000000Z,2024-01-15T13:15:00.000000000Z,LONG,1.5,harvester,1.5,-1.5,1.0,-1.0,TP_HIT,PANIC
T0097,LONG_1.5_005,2024-01-15T13:18:00.000000000Z,2024-01-15T13:18:00.000000000Z,LONG,1.5,harvester,1.5,1.2999999999996348,1.0,0.8666666666664232,TP_HIT,HARVEST
T0098,LONG_1.5_005,2024-01-15T13:21:00.000000000Z,2024-01-15T13:21:00.000000000Z,LONG,1.5,harvester,-1.5,-1.5,-1.0,-1.0,SL_HIT,PANIC
T0099,LONG_1.5_005,2024-01-15T13:24:00.000000000Z,2024-01-15T13:24:00.000000000Z,LONG,1.5,harvester,1.5,-1.5,1.0,-1.0,TP_HIT,PANIC
T0100,LONG_1.5_005,2024-01-15T13:27:00.000000000Z,2024-01-15T13:27:00.000000000Z,LONG,1.5,harvester,-1.5,0.2999999999997449,-1.0,0.19999999999982995,SL_HIT,HARVEST
T0101,LONG_1.5_005,2024-01-15T13:30:00.000000000Z,2024-01-15T13:30:00.000000000Z,LONG,1.5,harvester,1.5,-1.5,1.0,-1.0,TP_HIT,PANIC
T0102,LONG_1.5_005,2024-01-15T13:33:00.000000000Z,2024-01-15T13:33:00.000000000Z,LONG,1.5,harvester,-1.5,-1.5,-1.0,-1.0,SL_HIT,PANIC
T0103,LONG_1.5_005,2024-01-15T13:36:00.000000000Z,2024-01-15T13:36:00.000000000Z,LONG,1.5,harvester,-1.5,-1.5,-1.0,-1.0,SL_HIT,PANIC
T0104,LONG_1.5_005,2024-01-15T13:39:00.000000000Z,2024-01-15T13:39:00.000000000Z,LONG,1.5,harvester,1.5,-1.5,1.0,-1.0,TP_HIT,PANIC
T0105,LONG_1.5_005,2024-01-15T13:42:00.000000000Z,2024-01-15T13:42:00.000000000Z,LONG,1.5,harvester,1.5,-1.5,1.0,-1.0,TP_HIT,PANIC
T0106,LONG_1.5_005,2024-01-15T13:45:00.000000000Z,2024-01-15T13:45:00.000000000Z,LONG,1.5,harvester,1.5,-1.5,1.0,-1.0,TP_HIT,PANIC
T0107,LONG_1.5_005,2024-01-15T13:49:00.000000000Z,2024-01-15T13:49:00.000000000Z,LONG,1.5,harvester,-1.5,-1.5,-1.0,-1.0,SL_HIT,PANIC
T0108,LONG_1.5_005,2024-01-15T13:52:00.000000000Z,2024-01-15T13:52:00.000000000Z,LONG,1.5,harvester,-1.5,-1.5,-1.0,-1.0,SL_HIT,PANIC
T0109,LONG_1.5_005,2024-01-15T13:55:00.000000000Z,2024-01-15T13:55:00.000000000Z,LONG,1.5,harvester,1.5,-1.5,1.0,-1.0,TP_HIT,PANIC
T0110,LONG_1.5_005,2024-01-15T13:58:00.000000000Z,2024-01-15T13:58:00.000000000Z,LONG,1.5,harvester,-1.5,-1.5,-1.0,-1.0,SL_HIT,PANIC
T0111,LONG_1.5_005,2024-01-15T14:01:00.000000000Z,2024-01-15T14:01:00.000000000Z,LONG,1.5,harvester,-1.5,-1.5,-1.0,-1.0,SL_HIT,PANIC
T0112,LONG_1.5_005,2024-01-15T14:04:00.000000000Z,2024-01-15T14:04:00.000000000Z,LONG,1.5,harvester,-1.5,-1.5,-1.0,-1.0,SL_HIT,PANIC
T0113,LONG_1.5_005,2024-01-15T14:07:00.000000000Z,2024-01-15T14:07:00.000000000Z,LONG,1.5,harvester,-1.5,1.40000000000029,-1.0,0.9333333333335266,SL_HIT,HOLD
T0114,LONG_1.5_005,2024-01-15T14:10:00.000000000Z,2024-01-15T14:10:00.000000000Z,LONG,1.5,harvester,1.5,6.500000000000394,1.0,4.333333333333596,TP_HIT,HOLD
T0115,LONG_1.5_005,2024-01-15T14:13:00.000000000Z,2024-01-15T14:13:00.000000000Z,LONG,1.5,harvester,-1.5,7.899999999998464,-1.0,5.2666666666656425,SL_HIT,HOLD
T0116,LONG_1.5_005,2024-01-15T14:16:00.000000000Z,2024-01-15T14:16:00.000000000Z,LONG,1.5,harvester,-1.5,8.099999999999774,-1.0,5.399999999999849,SL_HIT,HOLD
T0117,LONG_1.5_005,2024-01-15T14:19:00.000000000Z,2024-01-15T14:19:00.000000000Z,LONG,1.5,harvester,1.5,10.40000000000152,1.0,6.933333333334346,TP_HIT,HOLD
T0118,LONG_1.5_005,2024-01-15T14:22:00.000000000Z,2024-01-15T14:22:00.000000000Z,LONG,1.5,harvester,1.5,9.600000000000719,1.0,6.400000000000479,TP_HIT,HOLD
T0119,LONG_1.5_005,2024-01-15T14:25:00.000000000Z,2024-01-15T14:25:00.000000000Z,LONG,1.5,harvester,1.5,7.600000000000939,1.0,5.066666666667293,TP_HIT,HOLD
T0120,LONG_1.5_005,2024-01-15T14:28:00.000000000Z,2024-01-15T14:28:00.000000000Z,LONG,1.5,harvester,1.5,7.099999999999884,1.0,4.733333333333256,TP_HIT,HOLD
T0121,LONG_1.5_005,2024-01-15T14:31:00.000000000Z,2024-01-15T14:31:00.000000000Z,LONG,1.5,harvester,-1.5,6.200000000000649,-1.0,4.133333333333766,SL_HIT,HOLD
T0122,LONG_1.5_005,2024-01-15T14:34:00.000000000Z,2024-01-15T14:34:00.000000000Z,LONG,1.5,harvester,1.5,6.700000000001705,1.0,4.466666666667803,TP_HIT,HOLD
T0123,LONG_1.5_005,2024-01-15T14:37:00.000000000Z,2024-01-15T14:37:00.000000000Z,LONG,1.5,harvester,1.5,0.1999999999990898,1.0,0.13333333333272654,TP_HIT,HARVEST
T0124,LONG_1.5_005,2024-01-15T14:40:00.000000000Z,2024-01-15T14:40:00.000000000Z,LONG,1.5,harvester,-1.5,-1.5,-1.0,-1.0,SL_HIT,PANIC
T0125,LONG_1.5_005,2024-01-15T14:43:00.000000000Z,2024-01-15T14:43:00.000000000Z,LONG,1.5,harvester,-1.5,6.900000000000794,-1.0,4.60000000000053,SL_HIT,HOLD
T0126,LONG_1.5_005,2024-01-15T14:46:00.000000000Z,2024-01-15T14:46:00.000000000Z,LONG,1.5,harvester,1.5,7.800000000000029,1.0,5.20000000000002,TP_HIT,HOLD
T0127,LONG_1.5_005,2024-01-15T14:50:00.000000000Z,2024-01-15T14:50:00.000000000Z,LONG,1.5,harvester,1.5,11.000000000001009,1.0,7.333333333334006,TP_HIT,HOLD
T0128,LONG_1.5_005,2024-01-15T14:53:00.000000000Z,2024-01-15T14:53:00.000000000Z,LONG,1.5,harvester,1.5,0.1999999999990898,1.0,0.13333333333272654,TP_HIT,HARVEST
T0129,LONG_1.5_005,2024-01-15T14:56:00.000000000Z,2024-01-15T14:56:00.000000000Z,LONG,1.5,harvester,1.5,7.099999999999884,1.0,4.733333333333256,TP_HIT,HOLD
T0130,LONG_1.5_005,2024-01-15T14:59:00.000000000Z,2024-01-15T14:59:00.000000000Z,LONG,1.5,harvester,-1.5,-1.5,-1.0,-1.0,SL_HIT,PANIC
T0131,LONG_1.5_005,2024-01-15T15:02:00.000000000Z,2024-01-15T15:02:00.000000000Z,LONG,1.5,harvester,1.5,6.500000000000394,1.0,4.333333333333596,TP_HIT,HOLD
T0132,LONG_1.5_005,2024-01-15T15:05:00.000000000Z,2024-01-15T15:05:00.000000000Z,LONG,1.5,harvester,-1.5,-1.5,-1.0,-1.0,SL_HIT,PANIC
T0133,LONG_1.5_005,2024-01-15T15:08:00.000000000Z,2024-01-15T15:08:00.000000000Z,LONG,1.5,harvester,-1.5,-1.5,-1.0,-1.0,SL_HIT,PANIC
T0134,LONG_1.5_005,2024-01-15T15:11:00.000000000Z,2024-01-15T15:11:00.000000000Z,LONG,1.5,harvester,-1.5,7.200000000000539,-1.0,4.8000000000003595,SL_HIT,HOLD
T0135,LONG_1.5_005,2024-01-15T15:14:00.000000000Z,2024-01-15T15:14:00.000000000Z,LONG,1.5,harvester,1.5,7.200000000000539,1.0,4.8000000000003595,TP_HIT,HOLD
T0136,LONG_1.5_005,2024-01-15T15:17:00.000000000Z,2024-01-15T15:17:00.000000000Z,LONG,1.5,harvester,1.5,5.700000000001815,1.0,3.80000000000121,TP_HIT,HOLD
T0137,LONG_1.5_005,2024-01-15T15:20:00.000000000Z,2024-01-15T15:20:00.000000000Z,LONG,1.5,harvester,1.5,6.500000000000394,1.0,4.333333333333596,TP_HIT,HOLD
T0138,LONG_1.5_005,2024-01-15T15:23:00.000000000Z,2024-01-15T15:23:00.000000000Z,LONG,1.5,harvester,1.5,6.00000000000156,1.0,4.00000000000104,TP_HIT,HOLD
T0139,LONG_1.5_005,2024-01-15T15:26:00.000000000Z,2024-01-15T15:26:00.000000000Z,LONG,1.5,harvester,-1.5,0.8000000000008001,-1.0,0.5333333333338667,SL_HIT,HOLD
T0140,LONG_1.5_005,2024-01-15T15:29:00.000000000Z,2024-01-15T15:29:00.000000000Z,LONG,1.5,harvester,-1.5,2.100000000000435,-1.0,1.40000000000029,SL_HIT,HOLD
T0141,LONG_1.5_005,2024-01-15T15:32:00.000000000Z,2024-01-15T15:32:00.000000000Z,LONG,1.5,harvester,-1.5,5.20000000000076,-1.0,3.466666666667173,SL_HIT,HOLD
T0142,LONG_1.5_005,2024-01-15T15:35:00.000000000Z,2024-01-15T15:35:00.000000000Z,LONG,1.5,harvester,-1.5,6.500000000000394,-1.0,4.333333333333596,SL_HIT,HOLD
T0143,LONG_1.5_005,2024-01-15T15:38:00.000000000Z,2024-01-15T15:38:00.000000000Z,LONG,1.5,harvester,1.5,9.00000000000123,1.0,6.00000000000082,TP_HIT,HOLD
T0144,LONG_1.5_005,2024-01-15T15:41:00.000000000Z,2024-01-15T15:41:00.000000000Z,LONG,1.5,harvester,1.5,8.00000000000134,1.0,5.3333333333342265,TP_HIT,HOLD
T0145,LONG_1.5_005,2024-01-15T15:44:00.000000000Z,2024-01-15T15:44:00.000000000Z,LONG,1.5,harvester,1.5,6.00000000000156,1.0,4.00000000000104,TP_HIT,HOLD
T0146,LONG_1.5_005,2024-01-15T15:47:00.000000000Z,2024-01-15T15:47:00.000000000Z,LONG,1.5,harvester,1.5,5.1000000000001044,1.0,3.4000000000000696,TP_HIT,HOLD
T0147,LONG_1.5_005,2024-01-15T15:50:00.000000000Z,2024-01-15T15:50:00.000000000Z,LONG,1.5,harvester,1.5,0.5000000000010552,1.0,0.33333333333403675,TP_HIT,HOLD
T0148,LONG_1.5_005,2024-01-15T15:53:00.000000000Z,2024-01-15T15:53:00.000000000Z,LONG,1.5,harvester,1.5,0.2999999999997449,1.0,0.19999999999982995,TP_HIT,HARVEST
T0149,LONG_1.5_005,2024-01-15T15:56:00.000000000Z,2024-01-15T15:56:00.000000000Z,LONG,1.5,harvester,1.5,0.10000000000065512,1.0,0.06666666666710341,TP_HIT,HARVEST
T0150,LONG_1.5_005,2024-01-15T15:59:00.000000000Z,2024-01-15T15:59:00.000000000Z,LONG,1.5,harvester,-1.5,-1.5,-1.0,-1.0,SL_HIT,HOLD
T0151,LONG_1.5_005,2024-01-15T16:02:00.000000000Z,2024-01-15T16:02:00.000000000Z,LONG,1.5,harvester,-1.5,-1.5,-1.0,-1.0,SL_HIT,HOLD
T0152,LONG_1.5_005,2024-01-15T16:05:00.000000000Z,2024-01-15T16:05:00.000000000Z,LONG,1.5,harvester,1.5,0.2999999999997449,1.0,0.19999999999982995,TP_HIT,HARVEST
T0153,LONG_1.5_005,2024-01-15T16:08:00.000000000Z,2024-01-15T16:08:00.000000000Z,LONG,1.5,harvester,1.5,0.20000000000131024,1.0,0.13333333333420683,TP_HIT,HARVEST
T0154,LONG_1.5_005,2024-01-15T16:11:00.000000000Z,2024-01-15T16:11:00.000000000Z,LONG,1.5,harvester,1.5,0.2999999999997449,1.0,0.19999999999982995,TP_HIT,HARVEST
T0155,LONG_1.5_005,2024-01-15T16:14:00.000000000Z,2024-01-15T16:14:00.000000000Z,LONG,1.5,harvester,1.5,0.2999999999997449,1.0,0.19999999999982995,TP_HIT,HARVEST
T0156,LONG_1.5_005,2024-01-15T16:17:00.000000000Z,2024-01-15T16:17:00.000000000Z,LONG,1.5,harvester,-1.5,-1.5,-1.0,-1.0,SL_HIT,HOLD
T0157,LONG_1.5_005,2024-01-15T16:20:00.000000000Z,2024-01-15T16:20:00.000000000Z,LONG,1.5,harvester,1.5,0.0,1.0,0.0,TP_HIT,HOLD
T0158,LONG_1.5_005,2024-01-15T16:23:00.000000000Z,2024-01-15T16:23:00.000000000Z,LONG,1.5,harvester,1.5,-1.5,1.0,-1.0,TP_HIT,HOLD
T0159,LONG_1.5_005,2024-01-15T16:26:00.000000000Z,2024-01-15T16:26:00.000000000Z,LONG,1.5,harvester,1.5,-1.5,1.0,-1.0,TP_HIT,HOLD
T0160,LONG_1.5_005,2024-01-15T16:29:00.000000000Z,2024-01-15T16:29:00.000000000Z,LONG,1.5,harvester,-1.5,-1.5,-1.0,-1.0,SL_HIT,HOLD
T0161,LONG_1.5_005,2024-01-15T16:32:00.000000000Z,2024-01-15T16:32:00.000000000Z,LONG,1.5,harvester,1.5,-1.5,1.0,-1.0,TP_HIT,HOLD
T0162,LONG_1.5_006,2024-01-15T16:42:00.000000000Z,2024-01-15T16:42:00.000000000Z,LONG,1.5,harvester,1.5,-0.8999999999992347,1.0,-0.5999999999994898,TP_HIT,HOLD
T0163,LONG_1.5_006,2024-01-15T16:46:00.000000000Z,2024-01-15T16:46:00.000000000Z,LONG,1.5,harvester,-1.5,-1.5,-1.0,-1.0,SL_HIT,HOLD
T0164,LONG_2.5_001,2024-01-15T08:02:00.000000000Z,2024-01-15T08:02:00.000000000Z,LONG,2.5,harvester,2.5,-2.5,1.0,-1.0,TP_HIT,PANIC
T0165,LONG_2.5_001,2024-01-15T08:05:00.000000000Z,2024-01-15T08:05:00.000000000Z,LONG,2.5,harvester,2.5,-2.5,1.0,-1.0,TP_HIT,PANIC
T0166,LONG_2.5_001,2024-01-15T08:08:00.000000000Z,2024-01-15T08:08:00.000000000Z,LONG,2.5,harvester,2.5,-2.5,1.0,-1.0,TP_HIT,PANIC
T0167,LONG_2.5_001,2024-01-15T08:11:00.000000000Z,2024-01-15T08:11:00.000000000Z,LONG,2.5,harvester,-2.5,-2.5,-1.0,-1.0,SL_HIT,PANIC
T0168,LONG_2.5_001,2024-01-15T08:14:00.000000000Z,2024-01-15T08:14:00.000000000Z,LONG,2.5,harvester,-2.5,-2.5,-1.0,-1.0,SL_HIT,PANIC
T0169,LONG_2.5_001,2024-01-15T08:17:00.000000000Z,2024-01-15T08:17:00.000000000Z,LONG,2.5,harvester,2.5,-2.5,1.0,-1.0,TP_HIT,PANIC
T0170,LONG_2.5_001,2024-01-15T08:20:00.000000000Z,2024-01-15T08:20:00.000000000Z,LONG,2.5,harvester,2.5,-2.5,1.0,-1.0,TP_HIT,PANIC
T0171,LONG_2.5_001,2024-01-15T08:23:00.000000000Z,2024-01-15T08:23:00.000000000Z,LONG,2.5,harvester,-2.5,-2.5,-1.0,-1.0,SL_HIT,PANIC
T0172,LONG_2.5_002,2024-01-15T09:16:00.000000000Z,2024-01-15T09:16:00.000000000Z,LONG,2.5,harvester,2.5,-2.5,1.0,-1.0,TP_HIT,PANIC
T0173,LONG_2.5_002,2024-01-15T09:19:00.000000000Z,2024-01-15T09:19:00.000000000Z,LONG,2.5,harvester,2.5,-2.5,1.0,-1.0,TP_HIT,PANIC
T0174,LONG_2.5_002,2024-01-15T09:22:00.000000000Z,2024-01-15T09:22:00.000000000Z,LONG,2.5,harvester,-2.5,-2.5,-1.0,-1.0,SL_HIT,PANIC
T0175,LONG_2.5_002,2024-01-15T09:25:00.000000000Z,2024-01-15T09:25:00.000000000Z,LONG,2.5,harvester,2.5,-2.5,1.0,-1.0,TP_HIT,PANIC
T0176,LONG_2.5_002,2024-01-15T09:28:00.000000000Z,2024-01-15T09:28:00.000000000Z,LONG,2.5,harvester,-2.5,-2.5,-1.0,-1.0,SL_HIT,PANIC
T0177,LONG_2.5_003,2024-01-15T09:38:00.000000000Z,2024-01-15T09:38:00.000000000Z,LONG,2.5,harvester,2.5,-2.5,1.0,-1.0,TP_HIT,PANIC
T0178,LONG_2.5_003,2024-01-15T09:41:00.000000000Z,2024-01-15T09:41:00.000000000Z,LONG,2.5,harvester,-2.5,-2.5,-1.0,-1.0,SL_HIT,PANIC
T0179,LONG_2.5_003,2024-01-15T09:44:00.000000000Z,2024-01-15T09:44:00.000000000Z,LONG,2.5,harvester,-2.5,-2.5,-1.0,-1.0,SL_HIT,PANIC
T0180,LONG_2.5_003,2024-01-15T09:47:00.000000000Z,2024-01-15T09:47:00.000000000Z,LONG,2.5,harvester,2.5,-2.5,1.0,-1.0,TP_HIT,PANIC
T0181,LONG_2.5_003,2024-01-15T09:50:00.000000000Z,2024-01-15T09:50:00.000000000Z,LONG,2.5,harvester,-2.5,-2.5,-1.0,-1.0,SL_HIT,PANIC
T0182,LONG_2.5_003,2024-01-15T09:53:00.000000000Z,2024-01-15T09:53:00.000000000Z,LONG,2.5,harvester,-2.5,-2.5,-1.0,-1.0,SL_HIT,PANIC
T0183,LONG_2.5_003,2024-01-15T09:56:00.000000000Z,2024-01-15T09:56:00.000000000Z,LONG,2.5,harvester,-2.5,-2.5,-1.0,-1.0,SL_HIT,PANIC
T0184,LONG_2.5_003,2024-01-15T09:59:00.000000000Z,2024-01-15T09:59:00.000000000Z,LONG,2.5,harvester,-2.5,-2.5,-1.0,-1.0,SL_HIT,PANIC
T0185,LONG_2.5_003,2024-01-15T10:02:00.000000000Z,2024-01-15T10:02:00.000000000Z,LONG,2.5,harvester,-2.5,-2.5,-1.0,-1.0,SL_HIT,PANIC
T0186,LONG_2.5_003,2024-01-15T10:05:00.000000000Z,2024-01-15T10:05:00.000000000Z,LONG,2.5,harvester,-2.5,-2.5,-1.0,-1.0,SL_HIT,PANIC
T0187,LONG_2.5_003,2024-01-15T10:08:00.000000000Z,2024-01-15T10:08:00.000000000Z,LONG,2.5,harvester,-2.5,-2.5,-1.0,-1.0,SL_HIT,PANIC
T0188,LONG_2.5_003,2024-01-15T10:11:00.000000000Z,2024-01-15T10:11:00.000000000Z,LONG,2.5,harvester,-2.5,5.299999999999194,-1.0,2.1199999999996777,SL_HIT,HOLD
T0189,LONG_2.5_003,2024-01-15T10:14:00.000000000Z,2024-01-15T10:14:00.000000000Z,LONG,2.5,harvester,-2.5,4.100000000000215,-1.0,1.6400000000000858,SL_HIT,HOLD
T0190,LONG_2.5_003,2024-01-15T10:17:00.000000000Z,2024-01-15T10:17:00.000000000Z,LONG,2.5,harvester,2.5,0.5000000000010552,1.0,0.20000000000042206,TP_HIT,HARVEST
T0191,LONG_2.5_003,2024-01-15T10:20:00.000000000Z,2024-01-15T10:20:00.000000000Z,LONG,2.5,harvester,2.5,10.900000000000354,1.0,4.3600000000001415,TP_HIT,HOLD
T0192,LONG_2.5_003,2024-01-15T10:23:00.000000000Z,2024-01-15T10:23:00.000000000Z,LONG,2.5,harvester,2.5,10.599999999998388,1.0,4.239999999999355,TP_HIT,HOLD
T0193,LONG_2.5_003,2024-01-15T10:26:00.000000000Z,2024-01-15T10:26:00.000000000Z,LONG,2.5,harvester,2.5,14.300000000000423,1.0,5.720000000000169,TP_HIT,HOLD
T0194,LONG_2.5_003,2024-01-15T10:29:00.000000000Z,2024-01-15T10:29:00.000000000Z,LONG,2.5,harvester,2.5,15.799999999999148,1.0,6.319999999999659,TP_HIT,HOLD
T0195,LONG_2.5_003,2024-01-15T10:32:00.000000000Z,2024-01-15T10:32:00.000000000Z,LONG,2.5,harvester,2.5,15.499999999999403,1.0,6.199999999999761,TP_HIT,HOLD
T0196,LONG_2.5_003,2024-01-15T10:35:00.000000000Z,2024-01-15T10:35:00.000000000Z,LONG,2.5,harvester,2.5,19.400000000000528,1.0,7.760000000000211,TP_HIT,HOLD
T0197,LONG_2.5_003,2024-01-15T10:38:00.000000000Z,2024-01-15T10:38:00.000000000Z,LONG,2.5,harvester,2.5,20.400000000000418,1.0,8.160000000000167,TP_HIT,HOLD
T0198,LONG_2.5_003,2024-01-15T10:41:00.000000000Z,2024-01-15T10:41:00.000000000Z,LONG,2.5,harvester,2.5,18.399999999998418,1.0,7.359999999999367,TP_HIT,HOLD
T0199,LONG_2.5_003,2024-01-15T10:44:00.000000000Z,2024-01-15T10:44:00.000000000Z,LONG,2.5,harvester,2.5,15.699999999998493,1.0,6.279999999999397,TP_HIT,HOLD
T0200,LONG_2.5_003,2024-01-15T10:47:00.000000000Z,2024-01-15T10:47:00.000000000Z,LONG,2.5,harvester,2.5,16.100000000001113,1.0,6.440000000000445,TP_HIT,HOLD
T0201,LONG_2.5_003,2024-01-15T10:50:00.000000000Z,2024-01-15T10:50:00.000000000Z,LONG,2.5,harvester,2.5,12.199999999999989,1.0,4.8799999999999955,TP_HIT,HOLD
T0202,LONG_2.5_003,2024-01-15T10:53:00.000000000Z,2024-01-15T10:53:00.000000000Z,LONG,2.5,harvester,2.5,8.399999999999519,1.0,3.3599999999998076,TP_HIT,HOLD
T0203,LONG_2.5_003,2024-01-15T10:56:00.000000000Z,2024-01-15T10:56:00.000000000Z,LONG,2.5,harvester,2.5,9.799999999999809,1.0,3.9199999999999235,TP_HIT,HOLD
T0204,LONG_2.5_003,2024-01-15T10:59:00.000000000Z,2024-01-15T10:59:00.000000000Z,LONG,2.5,harvester,2.5,11.399999999999189,1.0,4.559999999999675,TP_HIT,HOLD
T0205,LONG_2.5_003,2024-01-15T11:02:00.000000000Z,2024-01-15T11:02:00.000000000Z,LONG,2.5,harvester,2.5,13.999999999998458,1.0,5.599999999999383,TP_HIT,HOLD
T0206,LONG_2.5_003,2024-01-15T11:05:00.000000000Z,2024-01-15T11:05:00.000000000Z,LONG,2.5,harvester,2.5,13.000000000000789,1.0,5.2000000000003155,TP_HIT,HOLD
T0207,LONG_2.5_003,2024-01-15T11:08:00.000000000Z,2024-01-15T11:08:00.000000000Z,LONG,2.5,harvester,2.5,11.999999999998678,1.0,4.799999999999471,TP_HIT,HOLD
T0208,LONG_2.5_003,2024-01-15T11:13:00.000000000Z,2024-01-15T11:13:00.000000000Z,LONG,2.5,harvester,2.5,14.599999999997948,1.0,5.839999999999179,TP_HIT,HOLD
T0209,LONG_2.5_003,2024-01-15T11:16:00.000000000Z,2024-01-15T11:16:00.000000000Z,LONG,2.5,harvester,2.5,12.600000000000389,1.0,5.0400000000001555,TP_HIT,HOLD
T0210,LONG_2.5_003,2024-01-15T11:19:00.000000000Z,2024-01-15T11:19:00.000000000Z,LONG,2.5,harvester,2.5,12.499999999999734,1.0,4.999999999999893,TP_HIT,HOLD
T0211,LONG_2.5_003,2024-01-15T11:22:00.000000000Z,2024-01-15T11:22:00.000000000Z,LONG,2.5,harvester,2.5,10.40000000000152,1.0,4.160000000000608,TP_HIT,HOLD
T0212,LONG_2.5_003,2024-01-15T11:25:00.000000000Z,2024-01-15T11:25:00.000000000Z,LONG,2.5,harvester,2.5,6.399999999999739,1.0,2.5599999999998957,TP_HIT,DECAY_EXIT
T0213,LONG_2.5_003,2024-01-15T11:28:00.000000000Z,2024-01-15T11:28:00.000000000Z,LONG,2.5,harvester,2.5,6.099999999999994,1.0,2.4399999999999977,TP_HIT,DECAY_EXIT
T0214,LONG_2.5_003,2024-01-15T11:31:00.000000000Z,2024-01-15T11:31:00.000000000Z,LONG,2.5,harvester,-2.5,4.20000000000087,-1.0,1.6800000000003479,SL_HIT,DECAY_EXIT
T0215,LONG_2.5_003,2024-01-15T11:34:00.000000000Z,2024-01-15T11:34:00.000000000Z,LONG,2.5,harvester,2.5,6.699999999999484,1.0,2.6799999999997937,TP_HIT,DECAY_EXIT
T0216,LONG_2.5_003,2024-01-15T11:37:00.000000000Z,2024-01-15T11:37:00.000000000Z,LONG,2.5,harvester,-2.5,3.9999999999995595,-1.0,1.5999999999998238,SL_HIT,DECAY_EXIT
T0217,LONG_2.5_003,2024-01-15T11:40:00.000000000Z,2024-01-15T11:40:00.000000000Z,LONG,2.5,harvester,-2.5,1.900000000001345,-1.0,0.760000000000538,SL_HIT,DECAY_EXIT
T0218,LONG_2.5_003,2024-01-15T11:43:00.000000000Z,2024-01-15T11:43:00.000000000Z,LONG,2.5,harvester,-2.5,4.20000000000087,-1.0,1.6800000000003479,SL_HIT,DECAY_EXIT
T0219,LONG_2.5_003,2024-01-15T11:46:00.000000000Z,2024-01-15T11:46:00.000000000Z,LONG,2.5,harvester,2.5,7.399999999999629,1.0,2.9599999999998516,TP_HIT,DECAY_EXIT
T0220,LONG_2.5_003,2024-01-15T11:49:00.000000000Z,2024-01-15T11:49:00.000000000Z,LONG,2.5,harvester,-2.5,6.200000000000649,-1.0,2.4800000000002598,SL_HIT,DECAY_EXIT
T0221,LONG_2.5_003,2024-01-15T11:52:00.000000000Z,2024-01-15T11:52:00.000000000Z,LONG,2.5,harvester,2.5,6.800000000000139,1.0,2.7200000000000557,TP_HIT,DECAY_EXIT
T0222,LONG_2.5_003,2024-01-15T11:55:00.000000000Z,2024-01-15T11:55:00.000000000Z,LONG,2.5,harvester,2.5,3.5000000000007248,1.0,1.40000000000029,TP_HIT,DECAY_EXIT
T0223,LONG_2.5_003,2024-01-15T11:58:00.000000000Z,2024-01-15T11:58:00.000000000Z,LONG,2.5,harvester,2.5,-0.8000000000008001,1.0,-0.32000000000032003,TP_HIT,DECAY_EXIT
T0224,LONG_2.5_003,2024-01-15T12:01:00.000000000Z,2024-01-15T12:01:00.000000000Z,LONG,2.5,harvester,2.5,2.80000000000058,1.0,1.120000000000232,TP_HIT,DECAY_EXIT
T0225,LONG_2.5_003,2024-01-15T12:04:00.000000000Z,2024-01-15T12:04:00.000000000Z,LONG,2.5,harvester,2.5,0.20000000000131024,1.0,0.0800000000005241,TP_HIT,HARVEST
T0226,LONG_2.5_003,2024-01-15T12:07:00.000000000Z,2024-01-15T12:07:00.000000000Z,LONG,2.5,harvester,2.5,-2.5,1.0,-1.0,TP_HIT,PANIC
T0227,LONG_2.5_003,2024-01-15T12:10:00.000000000Z,2024-01-15T12:10:00.000000000Z,LONG,2.5,harvester,2.5,-2.5,1.0,-1.0,TP_HIT,PANIC
T0228,LONG_2.5_003,2024-01-15T12:13:00.000000000Z,2024-01-15T12:13:00.000000000Z,LONG,2.5,harvester,-2.5,-2.5,-1.0,-1.0,SL_HIT,PANIC
T0229,LONG_2.5_003,2024-01-15T12:16:00.000000000Z,2024-01-15T12:16:00.000000000Z,LONG,2.5,harvester,-2.5,-2.5,-1.0,-1.0,SL_HIT,PANIC
T0230,LONG_2.5_003,2024-01-15T12:19:00.000000000Z,2024-01-15T12:19:00.000000000Z,LONG,2.5,harvester,-2.5,-2.5,-1.0,-1.0,SL_HIT,PANIC
T0231,LONG_2.5_003,2024-01-15T12:22:00.000000000Z,2024-01-15T12:22:00.000000000Z,LONG,2.5,harvester,-2.5,-2.5,-1.0,-1.0,SL_HIT,PANIC
T0232,LONG_2.5_003,2024-01-15T12:25:00.000000000Z,2024-01-15T12:25:00.000000000Z,LONG,2.5,harvester,-2.5,-2.5,-1.0,-1.0,SL_HIT,PANIC
T0233,LONG_2.5_003,2024-01-15T12:28:00.000000000Z,2024-01-15T12:28:00.000000000Z,LONG,2.5,harvester,-2.5,-2.5,-1.0,-1.0,SL_HIT,PANIC
T0234,LONG_2.5_003,2024-01-15T12:31:00.000000000Z,2024-01-15T12:31:00.000000000Z,LONG,2.5,harvester,2.5,-2.5,1.0,-1.0,TP_HIT,PANIC
T0235,LONG_2.5_003,2024-01-15T12:34:00.000000000Z,2024-01-15T12:34:00.000000000Z,LONG,2.5,harvester,-2.5,-2.5,-1.0,-1.0,SL_HIT,PANIC
T0236,LONG_2.5_003,2024-01-15T12:37:00.000000000Z,2024-01-15T12:37:00.000000000Z,LONG,2.5,harvester,2.5,-2.5,1.0,-1.0,TP_HIT,PANIC
T0237,LONG_2.5_003,2024-01-15T12:40:00.000000000Z,2024-01-15T12:40:00.000000000Z,LONG,2.5,harvester,2.5,-2.5,1.0,-1.0,TP_HIT,PANIC
T0238,LONG_2.5_003,2024-01-15T12:43:00.000000000Z,2024-01-15T12:43:00.000000000Z,LONG,2.5,harvester,-2.5,-2.5,-1.0,-1.0,SL_HIT,PANIC
T0239,LONG_2.5_003,2024-01-15T12:46:00.000000000Z,2024-01-15T12:46:00.000000000Z,LONG,2.5,harvester,2.5,-2.5,1.0,-1.0,TP_HIT,PANIC
T0240,LONG_2.5_003,2024-01-15T12:49:00.000000000Z,2024-01-15T12:49:00.000000000Z,LONG,2.5,harvester,-2.5,-2.5,-1.0,-1.0,SL_HIT,PANIC
T0241,LONG_2.5_003,2024-01-15T12:52:00.000000000Z,2024-01-15T12:52:00.000000000Z,LONG,2.5,harvester,-2.5,-2.5,-1.0,-1.0,SL_HIT,PANIC
T0242,LONG_2.5_004,2024-01-15T13:04:00.000000000Z,2024-01-15T13:04:00.000000000Z,LONG,2.5,harvester,-2.5,0.40000000000040004,-1.0,0.16000000000016001,SL_HIT,HARVEST
T0243,LONG_2.5_004,2024-01-15T13:07:00.000000000Z,2024-01-15T13:07:00.000000000Z,LONG,2.5,harvester,-2.5,0.9999999999998899,-1.0,0.39999999999995595,SL_HIT,HARVEST
T0244,LONG_2.5_004,2024-01-15T13:10:00.000000000Z,2024-01-15T13:10:00.000000000Z,LONG,2.5,harvester,2.5,-2.5,1.0,-1.0,TP_HIT,PANIC
T0245,LONG_2.5_004,2024-01-15T13:13:00.000000000Z,2024-01-15T13:13:00.000000000Z,LONG,2.5,harvester,2.5,-2.5,1.0,-1.0,TP_HIT,PANIC
T0246,LONG_2.5_004,2024-01-15T13:16:00.000000000Z,2024-01-15T13:16:00.000000000Z,LONG,2.5,harvester,2.5,-2.5,1.0,-1.0,TP_HIT,PANIC
T0247,LONG_2.5_004,2024-01-15T13:19:00.000000000Z,2024-01-15T13:19:00.000000000Z,LONG,2.5,harvester,-2.5,-2.5,-1.0,-1.0,SL_HIT,PANIC
T0248,LONG_2.5_004,2024-01-15T13:22:00.000000000Z,2024-01-15T13:22:00.000000000Z,LONG,2.5,harvester,2.5,0.9999999999998899,1.0,0.39999999999995595,TP_HIT,HARVEST
T0249,LONG_2.5_004,2024-01-15T13:25:00.000000000Z,2024-01-15T13:25:00.000000000Z,LONG,2.5,harvester,2.5,0.20000000000131024,1.0,0.0800000000005241,TP_HIT,HARVEST
T0250,LONG_2.5_004,2024-01-15T13:28:00.000000000Z,2024-01-15T13:28:00.000000000Z,LONG,2.5,harvester,2.5,-2.5,1.0,-1.0,TP_HIT,PANIC
T0251,LONG_2.5_004,2024-01-15T13:31:00.000000000Z,2024-01-15T13:31:00.000000000Z,LONG,2.5,harvester,-2.5,-2.5,-1.0,-1.0,SL_HIT,PANIC
T0252,LONG_2.5_004,2024-01-15T13:34:00.000000000Z,2024-01-15T13:34:00.000000000Z,LONG,2.5,harvester,-2.5,-2.5,-1.0,-1.0,SL_HIT,PANIC
T0253,LONG_2.5_005,2024-01-15T13:41:00.000000000Z,2024-01-15T13:41:00.000000000Z,LONG,2.5,harvester,2.5,-2.5,1.0,-1.0,TP_HIT,PANIC
T0254,LONG_2.5_005,2024-01-15T13:44:00.000000000Z,2024-01-15T13:44:00.000000000Z,LONG,2.5,harvester,-2.5,-2.5,-1.0,-1.0,SL_HIT,PANIC
T0255,LONG_2.5_005,2024-01-15T13:47:00.000000000Z,2024-01-15T13:47:00.000000000Z,LONG,2.5,harvester,2.5,-2.5,1.0,-1.0,TP_HIT,PANIC
T0256,LONG_2.5_005,2024-01-15T13:50:00.000000000Z,2024-01-15T13:50:00.000000000Z,LONG,2.5,harvester,-2.5,-2.5,-1.0,-1.0,SL_HIT,PANIC
T0257,LONG_2.5_006,2024-01-15T14:05:00.000000000Z,2024-01-15T14:05:00.000000000Z,LONG,2.5,harvester,-2.5,-2.5,-1.0,-1.0,SL_HIT,PANIC
T0258,LONG_2.5_006,2024-01-15T14:08:00.000000000Z,2024-01-15T14:08:00.000000000Z,LONG,2.5,harvester,2.5,3.20000000000098,1.0,1.280000000000392,TP_HIT,HOLD
T0259,LONG_2.5_006,2024-01-15T14:11:00.000000000Z,2024-01-15T14:11:00.000000000Z,LONG,2.5,harvester,2.5,6.399999999999739,1.0,2.5599999999998957,TP_HIT,HOLD
T0260,LONG_2.5_006,2024-01-15T14:14:00.000000000Z,2024-01-15T14:14:00.000000000Z,LONG,2.5,harvester,2.5,9.299999999998754,1.0,3.7199999999995015,TP_HIT,HOLD
T0261,LONG_2.5_006,2024-01-15T14:17:00.000000000Z,2024-01-15T14:17:00.000000000Z,LONG,2.5,harvester,-2.5,8.40000000000174,-1.0,3.3600000000006958,SL_HIT,HOLD
T0262,LONG_2.5_006,2024-01-15T14:20:00.000000000Z,2024-01-15T14:20:00.000000000Z,LONG,2.5,harvester,2.5,11.499999999999844,1.0,4.5999999999999375,TP_HIT,HOLD
T0263,LONG_2.5_006,2024-01-15T14:23:00.000000000Z,2024-01-15T14:23:00.000000000Z,LONG,2.5,harvester,2.5,7.800000000000029,1.0,3.1200000000000117,TP_HIT,HOLD
T0264,LONG_2.5_006,2024-01-15T14:26:00.000000000Z,2024-01-15T14:26:00.000000000Z,LONG,2.5,harvester,-2.5,-2.5,-1.0,-1.0,SL_HIT,PANIC
T0265,LONG_2.5_006,2024-01-15T14:29:00.000000000Z,2024-01-15T14:29:00.000000000Z,LONG,2.5,harvester,2.5,6.999999999999229,1.0,2.7999999999996916,TP_HIT,HOLD
T0266,LONG_2.5_006,2024-01-15T14:32:00.000000000Z,2024-01-15T14:32:00.000000000Z,LONG,2.5,harvester,2.5,6.899999999998574,1.0,2.7599999999994296,TP_HIT,HOLD
T0267,LONG_2.5_006,2024-01-15T14:35:00.000000000Z,2024-01-15T14:35:00.000000000Z,LONG,2.5,harvester,2.5,0.1999999999990898,1.0,0.07999999999963592,TP_HIT,HARVEST
T0268,LONG_2.5_006,2024-01-15T14:38:00.000000000Z,2024-01-15T14:38:00.000000000Z,LONG,2.5,harvester,2.5,6.099999999999994,1.0,2.4399999999999977,TP_HIT,HOLD
T0269,LONG_2.5_006,2024-01-15T14:41:00.000000000Z,2024-01-15T14:41:00.000000000Z,LONG,2.5,harvester,-2.5,-2.5,-1.0,-1.0,SL_HIT,PANIC
T0270,LONG_2.5_006,2024-01-15T14:44:00.000000000Z,2024-01-15T14:44:00.000000000Z,LONG,2.5,harvester,2.5,-2.5,1.0,-1.0,TP_HIT,PANIC
T0271,LONG_2.5_006,2024-01-15T14:47:00.000000000Z,2024-01-15T14:47:00.000000000Z,LONG,2.5,harvester,2.5,9.600000000000719,1.0,3.8400000000002876,TP_HIT,HOLD
T0272,LONG_2.5_006,2024-01-15T14:50:00.000000000Z,2024-01-15T14:50:00.000000000Z,LONG,2.5,harvester,2.5,11.000000000001009,1.0,4.400000000000404,TP_HIT,HOLD
T0273,LONG_2.5_006,2024-01-15T14:53:00.000000000Z,2024-01-15T14:53:00.000000000Z,LONG,2.5,harvester,2.5,0.1999999999990898,1.0,0.07999999999963592,TP_HIT,HARVEST
T0274,LONG_2.5_006,2024-01-15T14:56:00.000000000Z,2024-01-15T14:56:00.000000000Z,LONG,2.5,harvester,2.5,7.099999999999884,1.0,2.8399999999999537,TP_HIT,HOLD
T0275,LONG_2.5_006,2024-01-15T14:59:00.000000000Z,2024-01-15T14:59:00.000000000Z,LONG,2.5,harvester,-2.5,-2.5,-1.0,-1.0,SL_HIT,PANIC
T0276,LONG_2.5_006,2024-01-15T15:02:00.000000000Z,2024-01-15T15:02:00.000000000Z,LONG,2.5,harvester,2.5,6.500000000000394,1.0,2.6000000000001577,TP_HIT,HOLD
T0277,LONG_2.5_006,2024-01-15T15:05:00.000000000Z,2024-01-15T15:05:00.000000000Z,LONG,2.5,harvester,-2.5,-2.5,-1.0,-1.0,SL_HIT,PANIC
T0278,LONG_2.5_006,2024-01-15T15:08:00.000000000Z,2024-01-15T15:08:00.000000000Z,LONG,2.5,harvester,-2.5,-2.5,-1.0,-1.0,SL_HIT,PANIC
T0279,LONG_2.5_006,2024-01-15T15:11:00.000000000Z,2024-01-15T15:11:00.000000000Z,LONG,2.5,harvester,-2.5,7.200000000000539,-1.0,2.8800000000002157,SL_HIT,HOLD
T0280,LONG_2.5_006,2024-01-15T15:14:00.000000000Z,2024-01-15T15:14:00.000000000Z,LONG,2.5,harvester,2.5,7.200000000000539,1.0,2.8800000000002157,TP_HIT,HOLD
T0281,LONG_2.5_006,2024-01-15T15:17:00.000000000Z,2024-01-15T15:17:00.000000000Z,LONG,2.5,harvester,2.5,5.700000000001815,1.0,2.280000000000726,TP_HIT,HOLD
T0282,LONG_2.5_006,2024-01-15T15:20:00.000000000Z,2024-01-15T15:20:00.000000000Z,LONG,2.5,harvester,2.5,6.500000000000394,1.0,2.6000000000001577,TP_HIT,HOLD
T0283,LONG_2.5_006,2024-01-15T15:23:00.000000000Z,2024-01-15T15:23:00.000000000Z,LONG,2.5,harvester,2.5,6.00000000000156,1.0,2.400000000000624,TP_HIT,HOLD
T0284,LONG_2.5_006,2024-01-15T15:26:00.000000000Z,2024-01-15T15:26:00.000000000Z,LONG,2.5,harvester,-2.5,0.8000000000008001,-1.0,0.32000000000032003,SL_HIT,HOLD
T0285,LONG_2.5_006,2024-01-15T15:29:00.000000000Z,2024-01-15T15:29:00.000000000Z,LONG,2.5,harvester,-2.5,2.100000000000435,-1.0,0.8400000000001739,SL_HIT,HOLD
T0286,LONG_2.5_006,2024-01-15T15:32:00.000000000Z,2024-01-15T15:32:00.000000000Z,LONG,2.5,harvester,-2.5,5.20000000000076,-1.0,2.080000000000304,SL_HIT,HOLD
T0287,LONG_2.5_006,2024-01-15T15:35:00.000000000Z,2024-01-15T15:35:00.000000000Z,LONG,2.5,harvester,-2.5,6.500000000000394,-1.0,2.6000000000001577,SL_HIT,HOLD
T0288,LONG_2.5_006,2024-01-15T15:38:00.000000000Z,2024-01-15T15:38:00.000000000Z,LONG,2.5,harvester,2.5,9.00000000000123,1.0,3.6000000000004917,TP_HIT,HOLD
T0289,LONG_2.5_006,2024-01-15T15:41:00.000000000Z,2024-01-15T15:41:00.000000000Z,LONG,2.5,harvester,2.5,8.00000000000134,1.0,3.2000000000005357,TP_HIT,HOLD
T0290,LONG_2.5_006,2024-01-15T15:44:00.000000000Z,2024-01-15T15:44:00.000000000Z,LONG,2.5,harvester,2.5,6.00000000000156,1.0,2.400000000000624,TP_HIT,HOLD
T0291,LONG_2.5_006,2024-01-15T15:47:00.000000000Z,2024-01-15T15:47:00.000000000Z,LONG,2.5,harvester,2.5,5.1000000000001044,1.0,2.040000000000042,TP_HIT,HOLD
T0292,LONG_2.5_006,2024-01-15T15:50:00.000000000Z,2024-01-15T15:50:00.000000000Z,LONG,2.5,harvester,2.5,0.5000000000010552,1.0,0.20000000000042206,TP_HIT,HOLD
T0293,LONG_2.5_006,2024-01-15T15:53:00.000000000Z,2024-01-15T15:53:00.000000000Z,LONG,2.5,harvester,2.5,0.2999999999997449,1.0,0.11999999999989797,TP_HIT,HARVEST
T0294,LONG_2.5_006,2024-01-15T15:56:00.000000000Z,2024-01-15T15:56:00.000000000Z,LONG,2.5,harvester,2.5,0.10000000000065512,1.0,0.04000000000026205,TP_HIT,HARVEST
T0295,LONG_2.5_006,2024-01-15T15:59:00.000000000Z,2024-01-15T15:59:00.000000000Z,LONG,2.5,harvester,2.5,-2.4000000000001798,1.0,-0.9600000000000719,TP_HIT,HOLD
T0296,LONG_2.5_006,2024-01-15T16:02:00.000000000Z,2024-01-15T16:02:00.000000000Z,LONG,2.5,harvester,-2.5,-2.5,-1.0,-1.0,SL_HIT,HOLD
T0297,LONG_2.5_006,2024-01-15T16:05:00.000000000Z,2024-01-15T16:05:00.000000000Z,LONG,2.5,harvester,2.5,0.2999999999997449,1.0,0.11999999999989797,TP_HIT,HARVEST
T0298,LONG_2.5_006,2024-01-15T16:08:00.000000000Z,2024-01-15T16:08:00.000000000Z,LONG,2.5,harvester,2.5,0.20000000000131024,1.0,0.0800000000005241,TP_HIT,HARVEST
T0299,LONG_2.5_006,2024-01-15T16:11:00.000000000Z,2024-01-15T16:11:00.000000000Z,LONG,2.5,harvester,2.5,0.2999999999997449,1.0,0.11999999999989797,TP_HIT,HARVEST
T0300,LONG_2.5_006,2024-01-15T16:14:00.000000000Z,2024-01-15T16:14:00.000000000Z,LONG,2.5,harvester,2.5,0.2999999999997449,1.0,0.11999999999989797,TP_HIT,HARVEST
T0301,LONG_2.5_006,2024-01-15T16:17:00.000000000Z,2024-01-15T16:17:00.000000000Z,LONG,2.5,harvester,2.5,-1.7999999999984695,1.0,-0.7199999999993878,TP_HIT,HOLD
T0302,LONG_2.5_006,2024-01-15T16:20:00.000000000Z,2024-01-15T16:20:00.000000000Z,LONG,2.5,harvester,2.5,0.0,1.0,0.0,TP_HIT,HOLD
T0303,LONG_2.5_006,2024-01-15T16:23:00.000000000Z,2024-01-15T16:23:00.000000000Z,LONG,2.5,harvester,2.5,-2.100000000000435,1.0,-0.8400000000001739,TP_HIT,HOLD
T0304,LONG_2.5_006,2024-01-15T16:26:00.000000000Z,2024-01-15T16:26:00.000000000Z,LONG,2.5,harvester,2.5,-1.9999999999997797,1.0,-0.7999999999999119,TP_HIT,HOLD
T0305,LONG_2.5_006,2024-01-15T16:29:00.000000000Z,2024-01-15T16:29:00.000000000Z,LONG,2.5,harvester,-2.5,-2.5,-1.0,-1.0,SL_HIT,HOLD
T0306,LONG_2.5_007,2024-01-15T16:43:00.000000000Z,2024-01-15T16:43:00.000000000Z,LONG,2.5,harvester,2.5,-0.09999999999843467,1.0,-0.03999999999937387,TP_HIT,HOLD
T0307,LONG_2.5_007,2024-01-15T16:46:00.000000000Z,2024-01-15T16:46:00.000000000Z,LONG,2.5,harvester,-1.7000000000000348,-1.7000000000000348,-0.6800000000000139,-0.6800000000000139,TIMEOUT,HOLD
T0308,LONG_3.5_001,2024-01-15T08:02:00.000000000Z,2024-01-15T08:02:00.000000000Z,LONG,3.5,harvester,3.5,-3.5,1.0,-1.0,TP_HIT,PANIC
T0309,LONG_3.5_001,2024-01-15T08:05:00.000000000Z,2024-01-15T08:05:00.000000000Z,LONG,3.5,harvester,3.5,-3.5,1.0,-1.0,TP_HIT,PANIC
T0310,LONG_3.5_001,2024-01-15T08:08:00.000000000Z,2024-01-15T08:08:00.000000000Z,LONG,3.5,harvester,3.5,-3.5,1.0,-1.0,TP_HIT,PANIC
T0311,LONG_3.5_001,2024-01-15T08:11:00.000000000Z,2024-01-15T08:11:00.000000000Z,LONG,3.5,harvester,-3.5,-3.5,-1.0,-1.0,SL_HIT,PANIC
T0312,LONG_3.5_001,2024-01-15T08:14:00.000000000Z,2024-01-15T08:14:00.000000000Z,LONG,3.5,harvester,-3.5,-3.5,-1.0,-1.0,SL_HIT,PANIC
T0313,LONG_3.5_001,2024-01-15T08:17:00.000000000Z,2024-01-15T08:17:00.000000000Z,LONG,3.5,harvester,-3.5,-3.5,-1.0,-1.0,SL_HIT,PANIC
T0314,LONG_3.5_002,2024-01-15T09:18:00.000000000Z,2024-01-15T09:18:00.000000000Z,LONG,3.5,harvester,3.5,-3.5,1.0,-1.0,TP_HIT,PANIC
T0315,LONG_3.5_002,2024-01-15T09:21:00.000000000Z,2024-01-15T09:21:00.000000000Z,LONG,3.5,harvester,-3.5,-3.5,-1.0,-1.0,SL_HIT,PANIC
T0316,LONG_3.5_002,2024-01-15T09:24:00.000000000Z,2024-01-15T09:24:00.000000000Z,LONG,3.5,harvester,-3.5,-3.5,-1.0,-1.0,SL_HIT,PANIC
T0317,LONG_3.5_002,2024-01-15T09:27:00.000000000Z,2024-01-15T09:27:00.000000000Z,LONG,3.5,harvester,-3.5,-3.5,-1.0,-1.0,SL_HIT,PANIC
T0318,LONG_3.5_003,2024-01-15T09:47:00.000000000Z,2024-01-15T09:47:00.000000000Z,LONG,3.5,harvester,3.5,-3.5,1.0,-1.0,TP_HIT,PANIC
T0319,LONG_3.5_003,2024-01-15T09:50:00.000000000Z,2024-01-15T09:50:00.000000000Z,LONG,3.5,harvester,-3.5,-3.5,-1.0,-1.0,SL_HIT,PANIC
T0320,LONG_3.5_003,2024-01-15T09:53:00.000000000Z,2024-01-15T09:53:00.000000000Z,LONG,3.5,harvester,-3.5,-3.5,-1.0,-1.0,SL_HIT,PANIC
T0321,LONG_3.5_003,2024-01-15T09:56:00.000000000Z,2024-01-15T09:56:00.000000000Z,LONG,3.5,harvester,-3.5,-3.5,-1.0,-1.0,SL_HIT,PANIC
T0322,LONG_3.5_003,2024-01-15T09:59:00.000000000Z,2024-01-15T09:59:00.000000000Z,LONG,3.5,harvester,-3.5,-3.5,-1.0,-1.0,SL_HIT,PANIC
T0323,LONG_3.5_003,2024-01-15T10:02:00.000000000Z,2024-01-15T10:02:00.000000000Z,LONG,3.5,harvester,-3.5,-3.5,-1.0,-1.0,SL_HIT,PANIC
T0324,LONG_3.5_003,2024-01-15T10:05:00.000000000Z,2024-01-15T10:05:00.000000000Z,LONG,3.5,harvester,-3.5,-3.5,-1.0,-1.0,SL_HIT,PANIC
T0325,LONG_3.5_003,2024-01-15T10:09:00.000000000Z,2024-01-15T10:09:00.000000000Z,LONG,3.5,harvester,-3.5,5.20000000000076,-1.0,1.4857142857145027,SL_HIT,HOLD
T0326,LONG_3.5_003,2024-01-15T10:12:00.000000000Z,2024-01-15T10:12:00.000000000Z,LONG,3.5,harvester,-3.5,4.20000000000087,-1.0,1.2000000000002484,SL_HIT,HOLD
T0327,LONG_3.5_003,2024-01-15T10:15:00.000000000Z,2024-01-15T10:15:00.000000000Z,LONG,3.5,harvester,3.5,5.899999999998684,1.0,1.6857142857139098,TP_HIT,HOLD
T0328,LONG_3.5_003,2024-01-15T10:18:00.000000000Z,2024-01-15T10:18:00.000000000Z,LONG,3.5,harvester,3.5,12.700000000001044,1.0,3.628571428571727,TP_HIT,HOLD
T0329,LONG_3.5_003,2024-01-15T10:21:00.000000000Z,2024-01-15T10:21:00.000000000Z,LONG,3.5,harvester,3.5,10.199999999997988,1.0,2.9142857142851395,TP_HIT,HOLD
T0330,LONG_3.5_003,2024-01-15T10:24:00.000000000Z,2024-01-15T10:24:00.000000000Z,LONG,3.5,harvester,3.5,13.600000000000279,1.0,3.885714285714365,TP_HIT,HOLD
T0331,LONG_3.5_003,2024-01-15T10:27:00.000000000Z,2024-01-15T10:27:00.000000000Z,LONG,3.5,harvester,3.5,13.700000000000934,1.0,3.914285714285981,TP_HIT,HOLD
T0332,LONG_3.5_003,2024-01-15T10:30:00.000000000Z,2024-01-15T10:30:00.000000000Z,LONG,3.5,harvester,3.5,13.199999999999878,1.0,3.7714285714285367,TP_HIT,HOLD
T0333,LONG_3.5_003,2024-01-15T10:33:00.000000000Z,2024-01-15T10:33:00.000000000Z,LONG,3.5,harvester,3.5,16.40000000000086,1.0,4.685714285714531,TP_HIT,HOLD
T0334,LONG_3.5_003,2024-01-15T10:36:00.000000000Z,2024-01-15T10:36:00.000000000Z,LONG,3.5,harvester,3.5,19.299999999999873,1.0,5.514285714285678,TP_HIT,HOLD
T0335,LONG_3.5_003,2024-01-15T10:39:00.000000000Z,2024-01-15T10:39:00.000000000Z,LONG,3.5,harvester,3.5,17.099999999998783,1.0,4.885714285713938,TP_HIT,HOLD
T0336,LONG_3.5_003,2024-01-15T10:42:00.000000000Z,2024-01-15T10:42:00.000000000Z,LONG,3.5,harvester,3.5,17.000000000000348,1.0,4.857142857142956,TP_HIT,HOLD
T0337,LONG_3.5_003,2024-01-15T10:45:00.000000000Z,2024-01-15T10:45:00.000000000Z,LONG,3.5,harvester,3.5,15.299999999998093,1.0,4.3714285714280265,TP_HIT,HOLD
T0338,LONG_3.5_003,2024-01-15T10:49:00.000000000Z,2024-01-15T10:49:00.000000000Z,LONG,3.5,harvester,3.5,14.299999999998203,1.0,4.085714285713772,TP_HIT,HOLD
T0339,LONG_3.5_003,2024-01-15T10:52:00.000000000Z,2024-01-15T10:52:00.000000000Z,LONG,3.5,harvester,3.5,11.000000000001009,1.0,3.142857142857431,TP_HIT,HOLD
T0340,LONG_3.5_003,2024-01-15T10:55:00.000000000Z,2024-01-15T10:55:00.000000000Z,LONG,3.5,harvester,3.5,10.499999999999954,1.0,2.9999999999999867,TP_HIT,HOLD
T0341,LONG_3.5_003,2024-01-15T10:58:00.000000000Z,2024-01-15T10:58:00.000000000Z,LONG,3.5,harvester,3.5,6.800000000000139,1.0,1.9428571428571826,TP_HIT,HOLD
T0342,LONG_3.5_003,2024-01-15T11:01:00.000000000Z,2024-01-15T11:01:00.000000000Z,LONG,3.5,harvester,3.5,16.40000000000086,1.0,4.685714285714531,TP_HIT,HOLD
T0343,LONG_3.5_003,2024-01-15T11:05:00.000000000Z,2024-01-15T11:05:00.000000000Z,LONG,3.5,harvester,3.5,13.000000000000789,1.0,3.7142857142859396,TP_HIT,HOLD
T0344,LONG_3.5_003,2024-01-15T11:08:00.000000000Z,2024-01-15T11:08:00.000000000Z,LONG,3.5,harvester,3.5,11.999999999998678,1.0,3.428571428571051,TP_HIT,HOLD
T0345,LONG_3.5_003,2024-01-15T11:11:00.000000000Z,2024-01-15T11:11:00.000000000Z,LONG,3.5,harvester,3.5,13.799999999999368,1.0,3.9428571428569623,TP_HIT,HOLD
T0346,LONG_3.5_003,2024-01-15T11:14:00.000000000Z,2024-01-15T11:14:00.000000000Z,LONG,3.5,harvester,3.5,14.399999999998858,1.0,4.114285714285388,TP_HIT,HOLD
T0347,LONG_3.5_003,2024-01-15T11:19:00.000000000Z,2024-01-15T11:19:00.000000000Z,LONG,3.5,harvester,3.5,12.499999999999734,1.0,3.5714285714284952,TP_HIT,HOLD
T0348,LONG_3.5_003,2024-01-15T11:22:00.000000000Z,2024-01-15T11:22:00.000000000Z,LONG,3.5,harvester,3.5,10.40000000000152,1.0,2.9714285714290054,TP_HIT,HOLD
T0349,LONG_3.5_003,2024-01-15T11:25:00.000000000Z,2024-01-15T11:25:00.000000000Z,LONG,3.5,harvester,3.5,6.399999999999739,1.0,1.8285714285713541,TP_HIT,DECAY_EXIT
T0350,LONG_3.5_003,2024-01-15T11:28:00.000000000Z,2024-01-15T11:28:00.000000000Z,LONG,3.5,harvester,3.5,6.099999999999994,1.0,1.7428571428571413,TP_HIT,DECAY_EXIT
T0351,LONG_3.5_003,2024-01-15T11:31:00.000000000Z,2024-01-15T11:31:00.000000000Z,LONG,3.5,harvester,-3.5,4.20000000000087,-1.0,1.2000000000002484,SL_HIT,DECAY_EXIT
T0352,LONG_3.5_003,2024-01-15T11:34:00.000000000Z,2024-01-15T11:34:00.000000000Z,LONG,3.5,harvester,3.5,6.699999999999484,1.0,1.914285714285567,TP_HIT,DECAY_EXIT
T0353,LONG_3.5_003,2024-01-15T11:37:00.000000000Z,2024-01-15T11:37:00.000000000Z,LONG,3.5,harvester,-3.5,3.9999999999995595,-1.0,1.142857142857017,SL_HIT,DECAY_EXIT
T0354,LONG_3.5_003,2024-01-15T11:40:00.000000000Z,2024-01-15T11:40:00.000000000Z,LONG,3.5,harvester,-3.5,1.900000000001345,-1.0,0.5428571428575272,SL_HIT,DECAY_EXIT
T0355,LONG_3.5_003,2024-01-15T11:43:00.000000000Z,2024-01-15T11:43:00.000000000Z,LONG,3.5,harvester,-3.5,4.20000000000087,-1.0,1.2000000000002484,SL_HIT,DECAY_EXIT
T0356,LONG_3.5_003,2024-01-15T11:46:00.000000000Z,2024-01-15T11:46:00.000000000Z,LONG,3.5,harvester,3.5,7.399999999999629,1.0,2.114285714285608,TP_HIT,DECAY_EXIT
T0357,LONG_3.5_003,2024-01-15T11:49:00.000000000Z,2024-01-15T11:49:00.000000000Z,LONG,3.5,harvester,3.5,6.200000000000649,1.0,1.771428571428757,TP_HIT,DECAY_EXIT
T0358,LONG_3.5_003,2024-01-15T11:52:00.000000000Z,2024-01-15T11:52:00.000000000Z,LONG,3.5,harvester,3.5,6.800000000000139,1.0,1.9428571428571826,TP_HIT,DECAY_EXIT
T0359,LONG_3.5_003,2024-01-15T11:55:00.000000000Z,2024-01-15T11:55:00.000000000Z,LONG,3.5,harvester,3.5,3.5000000000007248,1.0,1.0000000000002072,TP_HIT,DECAY_EXIT
T0360,LONG_3.5_003,2024-01-15T11:58:00.000000000Z,2024-01-15T11:58:00.000000000Z,LONG,3.5,harvester,3.5,-0.8000000000008001,1.0,-0.22857142857165716,TP_HIT,DECAY_EXIT
T0361,LONG_3.5_003,2024-01-15T12:01:00.000000000Z,2024-01-15T12:01:00.000000000Z,LONG,3.5,harvester,3.5,2.80000000000058,1.0,0.8000000000001657,TP_HIT,DECAY_EXIT
T0362,LONG_3.5_003,2024-01-15T12:04:00.000000000Z,2024-01-15T12:04:00.000000000Z,LONG,3.5,harvester,3.5,0.20000000000131024,1.0,0.057142857143231494,TP_HIT,HARVEST
T0363,LONG_3.5_004,2024-01-15T13:07:00.000000000Z,2024-01-15T13:07:00.000000000Z,LONG,3.5,harvester,-3.5,0.9999999999998899,-1.0,0.2857142857142542,SL_HIT,HARVEST
T0364,LONG_3.5_004,2024-01-15T13:10:00.000000000Z,2024-01-15T13:10:00.000000000Z,LONG,3.5,harvester,3.5,-3.5,1.0,-1.0,TP_HIT,PANIC
T0365,LONG_3.5_004,2024-01-15T13:13:00.000000000Z,2024-01-15T13:13:00.000000000Z,LONG,3.5,harvester,3.5,-3.5,1.0,-1.0,TP_HIT,PANIC
T0366,LONG_3.5_004,2024-01-15T13:16:00.000000000Z,2024-01-15T13:16:00.000000000Z,LONG,3.5,harvester,3.5,-3.5,1.0,-1.0,TP_HIT,PANIC
T0367,LONG_3.5_004,2024-01-15T13:19:00.000000000Z,2024-01-15T13:19:00.000000000Z,LONG,3.5,harvester,-3.5,-3.5,-1.0,-1.0,SL_HIT,PANIC
T0368,LONG_3.5_004,2024-01-15T13:22:00.000000000Z,2024-01-15T13:22:00.000000000Z,LONG,3.5,harvester,3.5,0.9999999999998899,1.0,0.2857142857142542,TP_HIT,HARVEST
T0369,LONG_3.5_004,2024-01-15T13:25:00.000000000Z,2024-01-15T13:25:00.000000000Z,LONG,3.5,harvester,-3.5,0.20000000000131024,-1.0,0.057142857143231494,SL_HIT,HARVEST
T0370,LONG_3.5_004,2024-01-15T13:28:00.000000000Z,2024-01-15T13:28:00.000000000Z,LONG,3.5,harvester,3.5,-3.5,1.0,-1.0,TP_HIT,PANIC
T0371,LONG_3.5_005,2024-01-15T14:06:00.000000000Z,2024-01-15T14:06:00.000000000Z,LONG,3.5,harvester,3.5,0.10000000000065512,1.0,0.028571428571615747,TP_HIT,HOLD
T0372,LONG_3.5_005,2024-01-15T14:09:00.000000000Z,2024-01-15T14:09:00.000000000Z,LONG,3.5,harvester,3.5,3.20000000000098,1.0,0.9142857142859943,TP_HIT,HOLD
T0373,LONG_3.5_005,2024-01-15T14:12:00.000000000Z,2024-01-15T14:12:00.000000000Z,LONG,3.5,harvester,3.5,6.599999999998829,1.0,1.885714285713951,TP_HIT,HOLD
T0374,LONG_3.5_005,2024-01-15T14:15:00.000000000Z,2024-01-15T14:15:00.000000000Z,LONG,3.5,harvester,3.5,8.60000000000083,1.0,2.457142857143094,TP_HIT,HOLD
T0375,LONG_3.5_005,2024-01-15T14:18:00.000000000Z,2024-01-15T14:18:00.000000000Z,LONG,3.5,harvester,3.5,10.40000000000152,1.0,2.9714285714290054,TP_HIT,HOLD
T0376,LONG_3.5_005,2024-01-15T14:21:00.000000000Z,2024-01-15T14:21:00.000000000Z,LONG,3.5,harvester,3.5,11.699999999998933,1.0,3.3428571428568383,TP_HIT,HOLD
T0377,LONG_3.5_005,2024-01-15T14:24:00.000000000Z,2024-01-15T14:24:00.000000000Z,LONG,3.5,harvester,3.5,5.800000000000249,1.0,1.6571428571429283,TP_HIT,HOLD
T0378,LONG_3.5_005,2024-01-15T14:27:00.000000000Z,2024-01-15T14:27:00.000000000Z,LONG,3.5,harvester,-3.5,6.200000000000649,-1.0,1.771428571428757,SL_HIT,HOLD
T0379,LONG_3.5_005,2024-01-15T14:30:00.000000000Z,2024-01-15T14:30:00.000000000Z,LONG,3.5,harvester,-3.5,-3.5,-1.0,-1.0,SL_HIT,PANIC
T0380,LONG_3.5_005,2024-01-15T14:33:00.000000000Z,2024-01-15T14:33:00.000000000Z,LONG,3.5,harvester,3.5,5.20000000000076,1.0,1.4857142857145027,TP_HIT,HOLD
T0381,LONG_3.5_005,2024-01-15T14:36:00.000000000Z,2024-01-15T14:36:00.000000000Z,LONG,3.5,harvester,3.5,6.099999999999994,1.0,1.7428571428571413,TP_HIT,HOLD
T0382,LONG_3.5_005,2024-01-15T14:39:00.000000000Z,2024-01-15T14:39:00.000000000Z,LONG,3.5,harvester,-3.5,4.3999999999999595,-1.0,1.2571428571428456,SL_HIT,HOLD
T0383,LONG_3.5_005,2024-01-15T14:46:00.000000000Z,2024-01-15T14:46:00.000000000Z,LONG,3.5,harvester,3.5,7.800000000000029,1.0,2.228571428571437,TP_HIT,HOLD
T0384,LONG_3.5_005,2024-01-15T14:49:00.000000000Z,2024-01-15T14:49:00.000000000Z,LONG,3.5,harvester,3.5,11.000000000001009,1.0,3.142857142857431,TP_HIT,HOLD
T0385,LONG_3.5_005,2024-01-15T14:52:00.000000000Z,2024-01-15T14:52:00.000000000Z,LONG,3.5,harvester,3.5,8.399999999999519,1.0,2.3999999999998627,TP_HIT,HOLD
T0386,LONG_3.5_005,2024-01-15T14:56:00.000000000Z,2024-01-15T14:56:00.000000000Z,LONG,3.5,harvester,3.5,7.099999999999884,1.0,2.0285714285713956,TP_HIT,HOLD
T0387,LONG_3.5_005,2024-01-15T14:59:00.000000000Z,2024-01-15T14:59:00.000000000Z,LONG,3.5,harvester,-3.5,-3.5,-1.0,-1.0,SL_HIT,PANIC
T0388,LONG_3.5_005,2024-01-15T15:02:00.000000000Z,2024-01-15T15:02:00.000000000Z,LONG,3.5,harvester,3.5,6.500000000000394,1.0,1.8571428571429698,TP_HIT,HOLD
T0389,LONG_3.5_005,2024-01-15T15:05:00.000000000Z,2024-01-15T15:05:00.000000000Z,LONG,3.5,harvester,-3.5,-3.5,-1.0,-1.0,SL_HIT,PANIC
T0390,LONG_3.5_005,2024-01-15T15:08:00.000000000Z,2024-01-15T15:08:00.000000000Z,LONG,3.5,harvester,-3.5,-3.5,-1.0,-1.0,SL_HIT,PANIC
T0391,LONG_3.5_005,2024-01-15T15:11:00.000000000Z,2024-01-15T15:11:00.000000000Z,LONG,3.5,harvester,3.5,7.200000000000539,1.0,2.057142857143011,TP_HIT,HOLD
T0392,LONG_3.5_005,2024-01-15T15:14:00.000000000Z,2024-01-15T15:14:00.000000000Z,LONG,3.5,harvester,3.5,7.200000000000539,1.0,2.057142857143011,TP_HIT,HOLD
T0393,LONG_3.5_005,2024-01-15T15:17:00.000000000Z,2024-01-15T15:17:00.000000000Z,LONG,3.5,harvester,3.5,5.700000000001815,1.0,1.628571428571947,TP_HIT,HOLD
T0394,LONG_3.5_005,2024-01-15T15:22:00.000000000Z,2024-01-15T15:22:00.000000000Z,LONG,3.5,harvester,-3.5,4.20000000000087,-1.0,1.2000000000002484,SL_HIT,HOLD
T0395,LONG_3.5_005,2024-01-15T15:25:00.000000000Z,2024-01-15T15:25:00.000000000Z,LONG,3.5,harvester,-3.5,1.40000000000029,-1.0,0.40000000000008284,SL_HIT,HOLD
T0396,LONG_3.5_005,2024-01-15T15:28:00.000000000Z,2024-01-15T15:28:00.000000000Z,LONG,3.5,harvester,-3.5,2.9999999999996696,-1.0,0.8571428571427627,SL_HIT,HOLD
T0397,LONG_3.5_005,2024-01-15T15:31:00.000000000Z,2024-01-15T15:31:00.000000000Z,LONG,3.5,harvester,-3.5,4.999999999999449,-1.0,1.4285714285712712,SL_HIT,HOLD
T0398,LONG_3.5_005,2024-01-15T15:34:00.000000000Z,2024-01-15T15:34:00.000000000Z,LONG,3.5,harvester,3.5,6.00000000000156,1.0,1.7142857142861598,TP_HIT,HOLD
T0399,LONG_3.5_005,2024-01-15T15:37:00.000000000Z,2024-01-15T15:37:00.000000000Z,LONG,3.5,harvester,3.5,8.700000000001484,1.0,2.48571428571471,TP_HIT,HOLD
T0400,LONG_3.5_005,2024-01-15T15:40:00.000000000Z,2024-01-15T15:40:00.000000000Z,LONG,3.5,harvester,3.5,8.099999999999774,1.0,2.3142857142856497,TP_HIT,HOLD
T0401,LONG_3.5_005,2024-01-15T15:43:00.000000000Z,2024-01-15T15:43:00.000000000Z,LONG,3.5,harvester,3.5,7.500000000000284,1.0,2.142857142857224,TP_HIT,HOLD
T0402,LONG_3.5_005,2024-01-15T15:46:00.000000000Z,2024-01-15T15:46:00.000000000Z,LONG,3.5,harvester,3.5,5.9000000000009045,1.0,1.6857142857145442,TP_HIT,HOLD
T0403,LONG_3.5_005,2024-01-15T15:49:00.000000000Z,2024-01-15T15:49:00.000000000Z,LONG,3.5,harvester,3.5,2.9999999999996696,1.0,0.8571428571427627,TP_HIT,HOLD
T0404,LONG_3.5_005,2024-01-15T15:52:00.000000000Z,2024-01-15T15:52:00.000000000Z,LONG,3.5,harvester,3.5,0.20000000000131024,1.0,0.057142857143231494,TP_HIT,HOLD
T0405,LONG_5_001,2024-01-15T08:02:00.000000000Z,2024-01-15T08:02:00.000000000Z,LONG,5.0,harvester,5.0,-3.4000000000000696,1.0,-0.6800000000000139,TP_HIT,DECAY_EXIT
T0406,LONG_5_001,2024-01-15T08:05:00.000000000Z,2024-01-15T08:05:00.000000000Z,LONG,5.0,harvester,-5.0,-5.0,-1.0,-1.0,SL_HIT,PANIC
T0407,LONG_5_001,2024-01-15T08:08:00.000000000Z,2024-01-15T08:08:00.000000000Z,LONG,5.0,harvester,-5.0,-5.0,-1.0,-1.0,SL_HIT,PANIC
T0408,LONG_5_002,2024-01-15T10:02:00.000000000Z,2024-01-15T10:02:00.000000000Z,LONG,5.0,harvester,-5.0,-5.0,-1.0,-1.0,SL_HIT,PANIC
T0409,LONG_5_002,2024-01-15T10:05:00.000000000Z,2024-01-15T10:05:00.000000000Z,LONG,5.0,harvester,-5.0,3.4000000000000696,-1.0,0.6800000000000139,SL_HIT,HOLD
T0410,LONG_5_002,2024-01-15T10:08:00.000000000Z,2024-01-15T10:08:00.000000000Z,LONG,5.0,harvester,-5.0,4.700000000001925,-1.0,0.940000000000385,SL_HIT,HOLD
T0411,LONG_5_002,2024-01-15T10:11:00.000000000Z,2024-01-15T10:11:00.000000000Z,LONG,5.0,harvester,-5.0,5.299999999999194,-1.0,1.0599999999998388,SL_HIT,HOLD
T0412,LONG_5_002,2024-01-15T10:14:00.000000000Z,2024-01-15T10:14:00.000000000Z,LONG,5.0,harvester,5.0,4.100000000000215,1.0,0.8200000000000429,TP_HIT,HOLD
T0413,LONG_5_002,2024-01-15T10:17:00.000000000Z,2024-01-15T10:17:00.000000000Z,LONG,5.0,harvester,5.0,0.5000000000010552,1.0,0.10000000000021103,TP_HIT,HARVEST
T0414,LONG_5_002,2024-01-15T10:20:00.000000000Z,2024-01-15T10:20:00.000000000Z,LONG,5.0,harvester,5.0,10.900000000000354,1.0,2.1800000000000708,TP_HIT,HOLD
T0415,LONG_5_002,2024-01-15T10:23:00.000000000Z,2024-01-15T10:23:00.000000000Z,LONG,5.0,harvester,5.0,10.599999999998388,1.0,2.1199999999996777,TP_HIT,HOLD
T0416,LONG_5_002,2024-01-15T10:26:00.000000000Z,2024-01-15T10:26:00.000000000Z,LONG,5.0,harvester,5.0,14.300000000000423,1.0,2.8600000000000847,TP_HIT,HOLD
T0417,LONG_5_002,2024-01-15T10:29:00.000000000Z,2024-01-15T10:29:00.000000000Z,LONG,5.0,harvester,5.0,15.799999999999148,1.0,3.1599999999998296,TP_HIT,HOLD
T0418,LONG_5_002,2024-01-15T10:32:00.000000000Z,2024-01-15T10:32:00.000000000Z,LONG,5.0,harvester,5.0,15.499999999999403,1.0,3.0999999999998806,TP_HIT,HOLD
T0419,LONG_5_002,2024-01-15T10:35:00.000000000Z,2024-01-15T10:35:00.000000000Z,LONG,5.0,harvester,5.0,19.400000000000528,1.0,3.8800000000001056,TP_HIT,HOLD
T0420,LONG_5_002,2024-01-15T10:38:00.000000000Z,2024-01-15T10:38:00.000000000Z,LONG,5.0,harvester,5.0,20.400000000000418,1.0,4.080000000000084,TP_HIT,HOLD
T0421,LONG_5_002,2024-01-15T10:41:00.000000000Z,2024-01-15T10:41:00.000000000Z,LONG,5.0,harvester,5.0,18.399999999998418,1.0,3.6799999999996835,TP_HIT,HOLD
T0422,LONG_5_002,2024-01-15T10:44:00.000000000Z,2024-01-15T10:44:00.000000000Z,LONG,5.0,harvester,5.0,15.699999999998493,1.0,3.1399999999996986,TP_HIT,HOLD
T0423,LONG_5_002,2024-01-15T10:47:00.000000000Z,2024-01-15T10:47:00.000000000Z,LONG,5.0,harvester,5.0,16.100000000001113,1.0,3.2200000000002227,TP_HIT,HOLD
T0424,LONG_5_002,2024-01-15T10:50:00.000000000Z,2024-01-15T10:50:00.000000000Z,LONG,5.0,harvester,5.0,12.199999999999989,1.0,2.4399999999999977,TP_HIT,HOLD
T0425,LONG_5_002,2024-01-15T10:53:00.000000000Z,2024-01-15T10:53:00.000000000Z,LONG,5.0,harvester,5.0,8.399999999999519,1.0,1.6799999999999038,TP_HIT,HOLD
T0426,LONG_5_002,2024-01-15T10:56:00.000000000Z,2024-01-15T10:56:00.000000000Z,LONG,5.0,harvester,5.0,9.799999999999809,1.0,1.9599999999999618,TP_HIT,HOLD
T0427,LONG_5_002,2024-01-15T10:59:00.000000000Z,2024-01-15T10:59:00.000000000Z,LONG,5.0,harvester,5.0,11.399999999999189,1.0,2.2799999999998377,TP_HIT,HOLD
T0428,LONG_5_002,2024-01-15T11:02:00.000000000Z,2024-01-15T11:02:00.000000000Z,LONG,5.0,harvester,5.0,13.999999999998458,1.0,2.7999999999996916,TP_HIT,HOLD
T0429,LONG_5_002,2024-01-15T11:05:00.000000000Z,2024-01-15T11:05:00.000000000Z,LONG,5.0,harvester,5.0,13.000000000000789,1.0,2.6000000000001577,TP_HIT,HOLD
T0430,LONG_5_002,2024-01-15T11:08:00.000000000Z,2024-01-15T11:08:00.000000000Z,LONG,5.0,harvester,5.0,11.999999999998678,1.0,2.3999999999997357,TP_HIT,HOLD
T0431,LONG_5_002,2024-01-15T11:11:00.000000000Z,2024-01-15T11:11:00.000000000Z,LONG,5.0,harvester,5.0,13.799999999999368,1.0,2.7599999999998737,TP_HIT,HOLD
T0432,LONG_5_002,2024-01-15T11:14:00.000000000Z,2024-01-15T11:14:00.000000000Z,LONG,5.0,harvester,5.0,14.399999999998858,1.0,2.8799999999997716,TP_HIT,HOLD
T0433,LONG_5_002,2024-01-15T11:17:00.000000000Z,2024-01-15T11:17:00.000000000Z,LONG,5.0,harvester,5.0,10.200000000000209,1.0,2.040000000000042,TP_HIT,HOLD
T0434,LONG_5_002,2024-01-15T11:20:00.000000000Z,2024-01-15T11:20:00.000000000Z,LONG,5.0,harvester,5.0,9.199999999998099,1.0,1.8399999999996197,TP_HIT,HOLD
T0435,LONG_5_002,2024-01-15T11:23:00.000000000Z,2024-01-15T11:23:00.000000000Z,LONG,5.0,harvester,5.0,7.600000000000939,1.0,1.5200000000001879,TP_HIT,HOLD
T0436,LONG_5_002,2024-01-15T11:26:00.000000000Z,2024-01-15T11:26:00.000000000Z,LONG,5.0,harvester,5.0,6.200000000000649,1.0,1.2400000000001299,TP_HIT,DECAY_EXIT
T0437,LONG_5_002,2024-01-15T11:29:00.000000000Z,2024-01-15T11:29:00.000000000Z,LONG,5.0,harvester,5.0,4.3999999999999595,1.0,0.8799999999999919,TP_HIT,DECAY_EXIT
T0438,LONG_5_002,2024-01-15T11:32:00.000000000Z,2024-01-15T11:32:00.000000000Z,LONG,5.0,harvester,5.0,3.9999999999995595,1.0,0.7999999999999119,TP_HIT,DECAY_EXIT
T0439,LONG_5_002,2024-01-15T11:35:00.000000000Z,2024-01-15T11:35:00.000000000Z,LONG,5.0,harvester,5.0,6.6000000000010495,1.0,1.32000000000021,TP_HIT,DECAY_EXIT
T0440,LONG_5_002,2024-01-15T11:38:00.000000000Z,2024-01-15T11:38:00.000000000Z,LONG,5.0,harvester,-5.0,2.6999999999999247,-1.0,0.5399999999999849,SL_HIT,DECAY_EXIT
T0441,LONG_5_002,2024-01-15T11:41:00.000000000Z,2024-01-15T11:41:00.000000000Z,LONG,5.0,harvester,5.0,4.8000000000003595,1.0,0.9600000000000719,TP_HIT,DECAY_EXIT
T0442,LONG_5_002,2024-01-15T11:44:00.000000000Z,2024-01-15T11:44:00.000000000Z,LONG,5.0,harvester,5.0,4.3999999999999595,1.0,0.8799999999999919,TP_HIT,DECAY_EXIT
T0443,LONG_5_002,2024-01-15T11:47:00.000000000Z,2024-01-15T11:47:00.000000000Z,LONG,5.0,harvester,5.0,4.8000000000003595,1.0,0.9600000000000719,TP_HIT,DECAY_EXIT
T0444,LONG_5_002,2024-01-15T11:50:00.000000000Z,2024-01-15T11:50:00.000000000Z,LONG,5.0,harvester,5.0,6.200000000000649,1.0,1.2400000000001299,TP_HIT,DECAY_EXIT
T0445,LONG_5_002,2024-01-15T11:53:00.000000000Z,2024-01-15T11:53:00.000000000Z,LONG,5.0,harvester,5.0,4.8000000000003595,1.0,0.9600000000000719,TP_HIT,DECAY_EXIT
T0446,LONG_5_002,2024-01-15T11:56:00.000000000Z,2024-01-15T11:56:00.000000000Z,LONG,5.0,harvester,5.0,3.4000000000000696,1.0,0.6800000000000139,TP_HIT,DECAY_EXIT
T0447,LONG_5_002,2024-01-15T11:59:00.000000000Z,2024-01-15T11:59:00.000000000Z,LONG,5.0,harvester,5.0,0.5999999999994898,1.0,0.11999999999989797,TP_HIT,DECAY_EXIT
T0448,LONG_5_003,2024-01-15T13:08:00.000000000Z,2024-01-15T13:08:00.000000000Z,LONG,5.0,harvester,5.0,-5.0,1.0,-1.0,TP_HIT,PANIC
T0449,LONG_5_003,2024-01-15T13:11:00.000000000Z,2024-01-15T13:11:00.000000000Z,LONG,5.0,harvester,-5.0,-5.0,-1.0,-1.0,SL_HIT,PANIC
T0450,LONG_5_003,2024-01-15T13:14:00.000000000Z,2024-01-15T13:14:00.000000000Z,LONG,5.0,harvester,5.0,-5.0,1.0,-1.0,TP_HIT,PANIC
T0451,LONG_5_003,2024-01-15T13:17:00.000000000Z,2024-01-15T13:17:00.000000000Z,LONG,5.0,harvester,-5.0,1.2000000000012,-1.0,0.24000000000024002,SL_HIT,HARVEST
T0452,LONG_5_003,2024-01-15T13:20:00.000000000Z,2024-01-15T13:20:00.000000000Z,LONG,5.0,harvester,-5.0,-5.0,-1.0,-1.0,SL_HIT,PANIC
T0453,LONG_5_003,2024-01-15T13:23:00.000000000Z,2024-01-15T13:23:00.000000000Z,LONG,5.0,harvester,-5.0,0.9999999999998899,-1.0,0.19999999999997797,SL_HIT,HARVEST
T0454,LONG_5_003,2024-01-15T13:26:00.000000000Z,2024-01-15T13:26:00.000000000Z,LONG,5.0,harvester,-5.0,-5.0,-1.0,-1.0,SL_HIT,PANIC
T0455,LONG_5_004,2024-01-15T14:06:00.000000000Z,2024-01-15T14:06:00.000000000Z,LONG,5.0,harvester,5.0,0.10000000000065512,1.0,0.020000000000131024,TP_HIT,HOLD
T0456,LONG_5_004,2024-01-15T14:09:00.000000000Z,2024-01-15T14:09:00.000000000Z,LONG,5.0,harvester,5.0,3.20000000000098,1.0,0.640000000000196,TP_HIT,HOLD
T0457,LONG_5_004,2024-01-15T14:12:00.000000000Z,2024-01-15T14:12:00.000000000Z,LONG,5.0,harvester,5.0,6.599999999998829,1.0,1.3199999999997658,TP_HIT,HOLD
T0458,LONG_5_004,2024-01-15T14:15:00.000000000Z,2024-01-15T14:15:00.000000000Z,LONG,5.0,harvester,5.0,8.60000000000083,1.0,1.7200000000001658,TP_HIT,HOLD
T0459,LONG_5_004,2024-01-15T14:18:00.000000000Z,2024-01-15T14:18:00.000000000Z,LONG,5.0,harvester,5.0,10.40000000000152,1.0,2.080000000000304,TP_HIT,HOLD
T0460,LONG_5_004,2024-01-15T14:21:00.000000000Z,2024-01-15T14:21:00.000000000Z,LONG,5.0,harvester,5.0,11.699999999998933,1.0,2.3399999999997867,TP_HIT,HOLD
T0461,LONG_5_004,2024-01-15T14:24:00.000000000Z,2024-01-15T14:24:00.000000000Z,LONG,5.0,harvester,5.0,5.800000000000249,1.0,1.1600000000000499,TP_HIT,HOLD
T0462,LONG_5_004,2024-01-15T14:27:00.000000000Z,2024-01-15T14:27:00.000000000Z,LONG,5.0,harvester,5.0,6.200000000000649,1.0,1.2400000000001299,TP_HIT,HOLD
T0463,LONG_5_004,2024-01-15T14:30:00.000000000Z,2024-01-15T14:30:00.000000000Z,LONG,5.0,harvester,-5.0,6.099999999999994,-1.0,1.2199999999999989,SL_HIT,HOLD
T0464,LONG_5_004,2024-01-15T14:33:00.000000000Z,2024-01-15T14:33:00.000000000Z,LONG,5.0,harvester,5.0,5.20000000000076,1.0,1.040000000000152,TP_HIT,HOLD
T0465,LONG_5_004,2024-01-15T14:36:00.000000000Z,2024-01-15T14:36:00.000000000Z,LONG,5.0,harvester,5.0,6.099999999999994,1.0,1.2199999999999989,TP_HIT,HOLD
T0466,LONG_5_004,2024-01-15T14:39:00.000000000Z,2024-01-15T14:39:00.000000000Z,LONG,5.0,harvester,5.0,4.3999999999999595,1.0,0.8799999999999919,TP_HIT,HOLD
T0467,LONG_5_004,2024-01-15T14:42:00.000000000Z,2024-01-15T14:42:00.000000000Z,LONG,5.0,harvester,5.0,5.60000000000116,1.0,1.120000000000232,TP_HIT,HOLD
T0468,LONG_5_004,2024-01-15T14:45:00.000000000Z,2024-01-15T14:45:00.000000000Z,LONG,5.0,harvester,5.0,5.899999999998684,1.0,1.1799999999997368,TP_HIT,HOLD
T0469,LONG_5_004,2024-01-15T14:48:00.000000000Z,2024-01-15T14:48:00.000000000Z,LONG,5.0,harvester,5.0,9.500000000000064,1.0,1.9000000000000128,TP_HIT,HOLD
T0470,LONG_5_004,2024-01-15T14:51:00.000000000Z,2024-01-15T14:51:00.000000000Z,LONG,5.0,harvester,5.0,0.1999999999990898,1.0,0.03999999999981796,TP_HIT,HARVEST
T0471,LONG_5_004,2024-01-15T14:55:00.000000000Z,2024-01-15T14:55:00.000000000Z,LONG,5.0,harvester,5.0,7.599999999998719,1.0,1.5199999999997438,TP_HIT,HOLD
T0472,LONG_5_004,2024-01-15T14:58:00.000000000Z,2024-01-15T14:58:00.000000000Z,LONG,5.0,harvester,5.0,6.800000000000139,1.0,1.3600000000000279,TP_HIT,HOLD
T0473,LONG_5_004,2024-01-15T15:01:00.000000000Z,2024-01-15T15:01:00.000000000Z,LONG,5.0,harvester,5.0,6.6000000000010495,1.0,1.32000000000021,TP_HIT,HOLD
T0474,LONG_5_004,2024-01-15T15:04:00.000000000Z,2024-01-15T15:04:00.000000000Z,LONG,5.0,harvester,-5.0,3.8000000000004697,-1.0,0.7600000000000939,SL_HIT,HOLD
T0475,LONG_5_004,2024-01-15T15:07:00.000000000Z,2024-01-15T15:07:00.000000000Z,LONG,5.0,harvester,-5.0,-5.0,-1.0,-1.0,SL_HIT,PANIC
T0476,LONG_5_004,2024-01-15T15:10:00.000000000Z,2024-01-15T15:10:00.000000000Z,LONG,5.0,harvester,-5.0,5.60000000000116,-1.0,1.120000000000232,SL_HIT,HOLD
T0477,LONG_5_004,2024-01-15T15:13:00.000000000Z,2024-01-15T15:13:00.000000000Z,LONG,5.0,harvester,5.0,7.299999999998974,1.0,1.4599999999997948,TP_HIT,HOLD
T0478,LONG_5_004,2024-01-15T15:16:00.000000000Z,2024-01-15T15:16:00.000000000Z,LONG,5.0,harvester,5.0,5.399999999999849,1.0,1.0799999999999699,TP_HIT,HOLD
T0479,LONG_5_004,2024-01-15T15:19:00.000000000Z,2024-01-15T15:19:00.000000000Z,LONG,5.0,harvester,5.0,6.200000000000649,1.0,1.2400000000001299,TP_HIT,HOLD
T0480,LONG_5_004,2024-01-15T15:22:00.000000000Z,2024-01-15T15:22:00.000000000Z,LONG,5.0,harvester,5.0,4.20000000000087,1.0,0.8400000000001739,TP_HIT,HOLD
T0481,LONG_5_004,2024-01-15T15:25:00.000000000Z,2024-01-15T15:25:00.000000000Z,LONG,5.0,harvester,-5.0,1.40000000000029,-1.0,0.280000000000058,SL_HIT,HOLD
T0482,LONG_5_004,2024-01-15T15:28:00.000000000Z,2024-01-15T15:28:00.000000000Z,LONG,5.0,harvester,-5.0,2.9999999999996696,-1.0,0.5999999999999339,SL_HIT,HOLD
T0483,LONG_5_004,2024-01-15T15:31:00.000000000Z,2024-01-15T15:31:00.000000000Z,LONG,5.0,harvester,5.0,4.999999999999449,1.0,0.9999999999998899,TP_HIT,HOLD
T0484,LONG_5_004,2024-01-15T15:34:00.000000000Z,2024-01-15T15:34:00.000000000Z,LONG,5.0,harvester,5.0,6.00000000000156,1.0,1.200000000000312,TP_HIT,HOLD
T0485,LONG_5_004,2024-01-15T15:37:00.000000000Z,2024-01-15T15:37:00.000000000Z,LONG,5.0,harvester,5.0,8.700000000001484,1.0,1.7400000000002969,TP_HIT,HOLD
T0486,LONG_5_004,2024-01-15T15:40:00.000000000Z,2024-01-15T15:40:00.000000000Z,LONG,5.0,harvester,5.0,8.099999999999774,1.0,1.6199999999999548,TP_HIT,HOLD
T0487,LONG_5_004,2024-01-15T15:43:00.000000000Z,2024-01-15T15:43:00.000000000Z,LONG,5.0,harvester,5.0,7.500000000000284,1.0,1.5000000000000568,TP_HIT,HOLD
T0488,LONG_5_004,2024-01-15T15:46:00.000000000Z,2024-01-15T15:46:00.000000000Z,LONG,5.0,harvester,5.0,5.9000000000009045,1.0,1.180000000000181,TP_HIT,HOLD
T0489,LONG_5_004,2024-01-15T15:49:00.000000000Z,2024-01-15T15:49:00.000000000Z,LONG,5.0,harvester,5.0,2.9999999999996696,1.0,0.5999999999999339,TP_HIT,HOLD
T0490,LONG_5_004,2024-01-15T15:52:00.000000000Z,2024-01-15T15:52:00.000000000Z,LONG,5.0,harvester,5.0,0.20000000000131024,1.0,0.04000000000026205,TP_HIT,HOLD
T0491,LONG_6_001,2024-01-15T08:02:00.000000000Z,2024-01-15T08:02:00.000000000Z,LONG,6.0,harvester,-6.0,-3.4000000000000696,-1.0,-0.5666666666666783,SL_HIT,DECAY_EXIT
T0492,LONG_6_001,2024-01-15T08:05:00.000000000Z,2024-01-15T08:05:00.000000000Z,LONG,6.0,harvester,-6.0,-4.199999999998649,-1.0,-0.6999999999997749,SL_HIT,DECAY_EXIT
T0493,LONG_6_001,2024-01-15T08:08:00.000000000Z,2024-01-15T08:08:00.000000000Z,LONG,6.0,harvester,-6.0,-3.9999999999995595,-1.0,-0.6666666666665932,SL_HIT,DECAY_EXIT
T0494,LONG_6_002,2024-01-15T10:03:00.000000000Z,2024-01-15T10:03:00.000000000Z,LONG,6.0,harvester,-6.0,4.599999999999049,-1.0,0.7666666666665082,SL_HIT,HOLD
T0495,LONG_6_002,2024-01-15T10:06:00.000000000Z,2024-01-15T10:06:00.000000000Z,LONG,6.0,harvester,-6.0,1.7000000000000348,-1.0,0.28333333333333915,SL_HIT,HOLD
T0496,LONG_6_002,2024-01-15T10:09:00.000000000Z,2024-01-15T10:09:00.000000000Z,LONG,6.0,harvester,6.0,5.20000000000076,1.0,0.8666666666667933,TP_HIT,HOLD
T0497,LONG_6_002,2024-01-15T10:12:00.000000000Z,2024-01-15T10:12:00.000000000Z,LONG,6.0,harvester,6.0,4.20000000000087,1.0,0.700000000000145,TP_HIT,HOLD
T0498,LONG_6_002,2024-01-15T10:15:00.000000000Z,2024-01-15T10:15:00.000000000Z,LONG,6.0,harvester,6.0,5.899999999998684,1.0,0.983333333333114,TP_HIT,HOLD
T0499,LONG_6_002,2024-01-15T10:18:00.000000000Z,2024-01-15T10:18:00.000000000Z,LONG,6.0,harvester,6.0,12.700000000001044,1.0,2.116666666666841,TP_HIT,HOLD
T0500,LONG_6_002,2024-01-15T10:21:00.000000000Z,2024-01-15T10:21:00.000000000Z,LONG,6.0,harvester,6.0,10.199999999997988,1.0,1.6999999999996647,TP_HIT,HOLD
T0501,LONG_6_002,2024-01-15T10:24:00.000000000Z,2024-01-15T10:24:00.000000000Z,LONG,6.0,harvester,6.0,13.600000000000279,1.0,2.2666666666667132,TP_HIT,HOLD
T0502,LONG_6_002,2024-01-15T10:27:00.000000000Z,2024-01-15T10:27:00.000000000Z,LONG,6.0,harvester,6.0,13.700000000000934,1.0,2.283333333333489,TP_HIT,HOLD
T0503,LONG_6_002,2024-01-15T10:30:00.000000000Z,2024-01-15T10:30:00.000000000Z,LONG,6.0,harvester,6.0,13.199999999999878,1.0,2.1999999999999797,TP_HIT,HOLD
T0504,LONG_6_002,2024-01-15T10:33:00.000000000Z,2024-01-15T10:33:00.000000000Z,LONG,6.0,harvester,6.0,16.40000000000086,1.0,2.7333333333334764,TP_HIT,HOLD
T0505,LONG_6_002,2024-01-15T10:36:00.000000000Z,2024-01-15T10:36:00.000000000Z,LONG,6.0,harvester,6.0,19.299999999999873,1.0,3.2166666666666455,TP_HIT,HOLD
T0506,LONG_6_002,2024-01-15T10:39:00.000000000Z,2024-01-15T10:39:00.000000000Z,LONG,6.0,harvester,6.0,17.099999999998783,1.0,2.849999999999797,TP_HIT,HOLD
T0507,LONG_6_002,2024-01-15T10:42:00.000000000Z,2024-01-15T10:42:00.000000000Z,LONG,6.0,harvester,6.0,17.000000000000348,1.0,2.833333333333391,TP_HIT,HOLD
T0508,LONG_6_002,2024-01-15T10:45:00.000000000Z,2024-01-15T10:45:00.000000000Z,LONG,6.0,harvester,6.0,15.299999999998093,1.0,2.5499999999996823,TP_HIT,HOLD
T0509,LONG_6_002,2024-01-15T10:48:00.000000000Z,2024-01-15T10:48:00.000000000Z,LONG,6.0,harvester,6.0,14.999999999998348,1.0,2.4999999999997247,TP_HIT,HOLD
T0510,LONG_6_002,2024-01-15T10:51:00.000000000Z,2024-01-15T10:51:00.000000000Z,LONG,6.0,harvester,6.0,9.899999999998244,1.0,1.6499999999997073,TP_HIT,HOLD
T0511,LONG_6_002,2024-01-15T10:54:00.000000000Z,2024-01-15T10:54:00.000000000Z,LONG,6.0,harvester,6.0,12.500000000001954,1.0,2.083333333333659,TP_HIT,HOLD
T0512,LONG_6_002,2024-01-15T10:57:00.000000000Z,2024-01-15T10:57:00.000000000Z,LONG,6.0,harvester,6.0,8.799999999999919,1.0,1.4666666666666532,TP_HIT,HOLD
T0513,LONG_6_002,2024-01-15T11:00:00.000000000Z,2024-01-15T11:00:00.000000000Z,LONG,6.0,harvester,6.0,14.200000000001989,1.0,2.366666666666998,TP_HIT,HOLD
T0514,LONG_6_002,2024-01-15T11:03:00.000000000Z,2024-01-15T11:03:00.000000000Z,LONG,6.0,harvester,6.0,15.000000000000568,1.0,2.5000000000000946,TP_HIT,HOLD
T0515,LONG_6_002,2024-01-15T11:06:00.000000000Z,2024-01-15T11:06:00.000000000Z,LONG,6.0,harvester,6.0,11.599999999998278,1.0,1.9333333333330465,TP_HIT,HOLD
T0516,LONG_6_002,2024-01-15T11:09:00.000000000Z,2024-01-15T11:09:00.000000000Z,LONG,6.0,harvester,6.0,13.799999999999368,1.0,2.2999999999998946,TP_HIT,HOLD
T0517,LONG_6_002,2024-01-15T11:12:00.000000000Z,2024-01-15T11:12:00.000000000Z,LONG,6.0,harvester,6.0,14.399999999998858,1.0,2.39999999999981,TP_HIT,HOLD
T0518,LONG_6_002,2024-01-15T11:15:00.000000000Z,2024-01-15T11:15:00.000000000Z,LONG,6.0,harvester,6.0,13.500000000001844,1.0,2.2500000000003073,TP_HIT,HOLD
T0519,LONG_6_002,2024-01-15T11:18:00.000000000Z,2024-01-15T11:18:00.000000000Z,LONG,6.0,harvester,6.0,10.40000000000152,1.0,1.7333333333335865,TP_HIT,HOLD
T0520,LONG_6_002,2024-01-15T11:21:00.000000000Z,2024-01-15T11:21:00.000000000Z,LONG,6.0,harvester,6.0,10.200000000000209,1.0,1.7000000000000348,TP_HIT,HOLD
T0521,LONG_6_002,2024-01-15T11:24:00.000000000Z,2024-01-15T11:24:00.000000000Z,LONG,6.0,harvester,6.0,6.399999999999739,1.0,1.0666666666666231,TP_HIT,HOLD
T0522,LONG_6_002,2024-01-15T11:27:00.000000000Z,2024-01-15T11:27:00.000000000Z,LONG,6.0,harvester,6.0,5.9000000000009045,1.0,0.983333333333484,TP_HIT,DECAY_EXIT
T0523,LONG_6_002,2024-01-15T11:30:00.000000000Z,2024-01-15T11:30:00.000000000Z,LONG,6.0,harvester,6.0,4.999999999999449,1.0,0.8333333333332416,TP_HIT,DECAY_EXIT
T0524,LONG_6_002,2024-01-15T11:33:00.000000000Z,2024-01-15T11:33:00.000000000Z,LONG,6.0,harvester,6.0,4.999999999999449,1.0,0.8333333333332416,TP_HIT,DECAY_EXIT
T0525,LONG_6_002,2024-01-15T11:36:00.000000000Z,2024-01-15T11:36:00.000000000Z,LONG,6.0,harvester,6.0,4.60000000000127,1.0,0.7666666666668783,TP_HIT,DECAY_EXIT
T0526,LONG_6_002,2024-01-15T11:39:00.000000000Z,2024-01-15T11:39:00.000000000Z,LONG,6.0,harvester,6.0,2.80000000000058,1.0,0.4666666666667633,TP_HIT,DECAY_EXIT
T0527,LONG_6_002,2024-01-15T11:42:00.000000000Z,2024-01-15T11:42:00.000000000Z,LONG,6.0,harvester,6.0,4.699999999999704,1.0,0.783333333333284,TP_HIT,DECAY_EXIT
T0528,LONG_6_002,2024-01-15T11:45:00.000000000Z,2024-01-15T11:45:00.000000000Z,LONG,6.0,harvester,6.0,6.399999999999739,1.0,1.0666666666666231,TP_HIT,DECAY_EXIT
T0529,LONG_6_002,2024-01-15T11:48:00.000000000Z,2024-01-15T11:48:00.000000000Z,LONG,6.0,harvester,6.0,4.699999999999704,1.0,0.783333333333284,TP_HIT,DECAY_EXIT
T0530,LONG_6_002,2024-01-15T11:51:00.000000000Z,2024-01-15T11:51:00.000000000Z,LONG,6.0,harvester,6.0,4.699999999999704,1.0,0.783333333333284,TP_HIT,DECAY_EXIT
T0531,LONG_6_002,2024-01-15T11:54:00.000000000Z,2024-01-15T11:54:00.000000000Z,LONG,6.0,harvester,6.0,1.9999999999997797,1.0,0.3333333333332966,TP_HIT,DECAY_EXIT
T0532,LONG_6_002,2024-01-15T11:57:00.000000000Z,2024-01-15T11:57:00.000000000Z,LONG,6.0,harvester,6.0,0.5000000000010552,1.0,0.08333333333350919,TP_HIT,DECAY_EXIT
T0533,LONG_6_002,2024-01-15T12:00:00.000000000Z,2024-01-15T12:00:00.000000000Z,LONG,6.0,harvester,6.0,0.2999999999997449,1.0,0.04999999999995749,TP_HIT,DECAY_EXIT
T0534,LONG_6_003,2024-01-15T13:09:00.000000000Z,2024-01-15T13:09:00.000000000Z,LONG,6.0,harvester,6.0,-2.1999999999988695,1.0,-0.36666666666647824,TP_HIT,DECAY_EXIT
T0535,LONG_6_003,2024-01-15T13:12:00.000000000Z,2024-01-15T13:12:00.000000000Z,LONG,6.0,harvester,-6.0,-4.00000000000178,-1.0,-0.6666666666669633,SL_HIT,DECAY_EXIT
T0536,LONG_6_003,2024-01-15T13:15:00.000000000Z,2024-01-15T13:15:00.000000000Z,LONG,6.0,harvester,6.0,-1.80000000000069,1.0,-0.300000000000115,TP_HIT,DECAY_EXIT
T0537,LONG_6_003,2024-01-15T13:18:00.000000000Z,2024-01-15T13:18:00.000000000Z,LONG,6.0,harvester,-6.0,1.2999999999996348,-1.0,0.2166666666666058,SL_HIT,HARVEST
T0538,LONG_6_003,2024-01-15T13:21:00.000000000Z,2024-01-15T13:21:00.000000000Z,LONG,6.0,harvester,-6.0,-6.0,-1.0,-1.0,SL_HIT,PANIC
T0539,LONG_6_003,2024-01-15T13:24:00.000000000Z,2024-01-15T13:24:00.000000000Z,LONG,6.0,harvester,-6.0,-6.0,-1.0,-1.0,SL_HIT,PANIC
T0540,LONG_6_003,2024-01-15T13:27:00.000000000Z,2024-01-15T13:27:00.000000000Z,LONG,6.0,harvester,-6.0,0.2999999999997449,-1.0,0.04999999999995749,SL_HIT,HARVEST
T0541,LONG_6_004,2024-01-15T14:08:00.000000000Z,2024-01-15T14:08:00.000000000Z,LONG,6.0,harvester,6.0,3.20000000000098,1.0,0.5333333333334966,TP_HIT,HOLD
T0542,LONG_6_004,2024-01-15T14:11:00.000000000Z,2024-01-15T14:11:00.000000000Z,LONG,6.0,harvester,6.0,6.399999999999739,1.0,1.0666666666666231,TP_HIT,HOLD
T0543,LONG_6_004,2024-01-15T14:14:00.000000000Z,2024-01-15T14:14:00.000000000Z,LONG,6.0,harvester,6.0,9.299999999998754,1.0,1.5499999999997922,TP_HIT,HOLD
T0544,LONG_6_004,2024-01-15T14:17:00.000000000Z,2024-01-15T14:17:00.000000000Z,LONG,6.0,harvester,6.0,8.40000000000174,1.0,1.40000000000029,TP_HIT,HOLD
T0545,LONG_6_004,2024-01-15T14:20:00.000000000Z,2024-01-15T14:20:00.000000000Z,LONG,6.0,harvester,6.0,11.499999999999844,1.0,1.9166666666666405,TP_HIT,HOLD
T0546,LONG_6_004,2024-01-15T14:23:00.000000000Z,2024-01-15T14:23:00.000000000Z,LONG,6.0,harvester,6.0,7.800000000000029,1.0,1.300000000000005,TP_HIT,HOLD
T0547,LONG_6_004,2024-01-15T14:26:00.000000000Z,2024-01-15T14:26:00.000000000Z,LONG,6.0,harvester,6.0,6.00000000000156,1.0,1.00000000000026,TP_HIT,HOLD
T0548,LONG_6_004,2024-01-15T14:29:00.000000000Z,2024-01-15T14:29:00.000000000Z,LONG,6.0,harvester,6.0,6.999999999999229,1.0,1.1666666666665382,TP_HIT,HOLD
T0549,LONG_6_004,2024-01-15T14:32:00.000000000Z,2024-01-15T14:32:00.000000000Z,LONG,6.0,harvester,6.0,6.899999999998574,1.0,1.1499999999997623,TP_HIT,HOLD
T0550,LONG_6_004,2024-01-15T14:35:00.000000000Z,2024-01-15T14:35:00.000000000Z,LONG,6.0,harvester,6.0,0.1999999999990898,1.0,0.033333333333181635,TP_HIT,HARVEST
T0551,LONG_6_004,2024-01-15T14:38:00.000000000Z,2024-01-15T14:38:00.000000000Z,LONG,6.0,harvester,6.0,6.099999999999994,1.0,1.0166666666666657,TP_HIT,HOLD
T0552,LONG_6_004,2024-01-15T14:41:00.000000000Z,2024-01-15T14:41:00.000000000Z,LONG,6.0,harvester,6.0,5.1000000000001044,1.0,0.8500000000000174,TP_HIT,HOLD
T0553,LONG_6_004,2024-01-15T14:45:00.000000000Z,2024-01-15T14:45:00.000000000Z,LONG,6.0,harvester,6.0,5.899999999998684,1.0,0.983333333333114,TP_HIT,HOLD
T0554,LONG_6_004,2024-01-15T14:48:00.000000000Z,2024-01-15T14:48:00.000000000Z,LONG,6.0,harvester,6.0,9.500000000000064,1.0,1.583333333333344,TP_HIT,HOLD
T0555,LONG_6_004,2024-01-15T14:51:00.000000000Z,2024-01-15T14:51:00.000000000Z,LONG,6.0,harvester,6.0,0.1999999999990898,1.0,0.033333333333181635,TP_HIT,HARVEST
T0556,LONG_6_004,2024-01-15T14:55:00.000000000Z,2024-01-15T14:55:00.000000000Z,LONG,6.0,harvester,6.0,7.599999999998719,1.0,1.2666666666664532,TP_HIT,HOLD
T0557,LONG_6_004,2024-01-15T14:58:00.000000000Z,2024-01-15T14:58:00.000000000Z,LONG,6.0,harvester,6.0,6.800000000000139,1.0,1.1333333333333566,TP_HIT,HOLD
T0558,LONG_6_004,2024-01-15T15:01:00.000000000Z,2024-01-15T15:01:00.000000000Z,LONG,6.0,harvester,6.0,6.6000000000010495,1.0,1.1000000000001748,TP_HIT,HOLD
T0559,LONG_6_004,2024-01-15T15:04:00.000000000Z,2024-01-15T15:04:00.000000000Z,LONG,6.0,harvester,6.0,3.8000000000004697,1.0,0.6333333333334116,TP_HIT,HOLD
T0560,LONG_6_004,2024-01-15T15:07:00.000000000Z,2024-01-15T15:07:00.000000000Z,LONG,6.0,harvester,-6.0,3.6999999999998145,-1.0,0.6166666666666357,SL_HIT,HOLD
T0561,LONG_6_004,2024-01-15T15:10:00.000000000Z,2024-01-15T15:10:00.000000000Z,LONG,6.0,harvester,6.0,5.60000000000116,1.0,0.9333333333335266,TP_HIT,HOLD
T0562,LONG_6_004,2024-01-15T15:13:00.000000000Z,2024-01-15T15:13:00.000000000Z,LONG,6.0,harvester,6.0,7.299999999998974,1.0,1.2166666666664956,TP_HIT,HOLD
T0563,LONG_6_004,2024-01-15T15:16:00.000000000Z,2024-01-15T15:16:00.000000000Z,LONG,6.0,harvester,6.0,5.399999999999849,1.0,0.8999999999999749,TP_HIT,HOLD
T0564,LONG_6_004,2024-01-15T15:19:00.000000000Z,2024-01-15T15:19:00.000000000Z,LONG,6.0,harvester,6.0,6.200000000000649,1.0,1.0333333333334416,TP_HIT,HOLD
T0565,LONG_6_004,2024-01-15T15:22:00.000000000Z,2024-01-15T15:22:00.000000000Z,LONG,6.0,harvester,6.0,4.20000000000087,1.0,0.700000000000145,TP_HIT,HOLD
T0566,LONG_6_004,2024-01-15T15:25:00.000000000Z,2024-01-15T15:25:00.000000000Z,LONG,6.0,harvester,-6.0,1.40000000000029,-1.0,0.23333333333338166,SL_HIT,HOLD
T0567,LONG_6_004,2024-01-15T15:28:00.000000000Z,2024-01-15T15:28:00.000000000Z,LONG,6.0,harvester,-6.0,2.9999999999996696,-1.0,0.49999999999994493,SL_HIT,HOLD
T0568,LONG_6_004,2024-01-15T15:31:00.000000000Z,2024-01-15T15:31:00.000000000Z,LONG,6.0,harvester,6.0,4.999999999999449,1.0,0.8333333333332416,TP_HIT,HOLD
T0569,LONG_6_004,2024-01-15T15:34:00.000000000Z,2024-01-15T15:34:00.000000000Z,LONG,6.0,harvester,6.0,6.00000000000156,1.0,1.00000000000026,TP_HIT,HOLD
T0570,LONG_6_004,2024-01-15T15:37:00.000000000Z,2024-01-15T15:37:00.000000000Z,LONG,6.0,harvester,6.0,8.700000000001484,1.0,1.4500000000002473,TP_HIT,HOLD
T0571,LONG_6_004,2024-01-15T15:40:00.000000000Z,2024-01-15T15:40:00.000000000Z,LONG,6.0,harvester,6.0,8.099999999999774,1.0,1.3499999999999623,TP_HIT,HOLD
T0572,LONG_6_004,2024-01-15T15:43:00.000000000Z,2024-01-15T15:43:00.000000000Z,LONG,6.0,harvester,6.0,7.500000000000284,1.0,1.2500000000000473,TP_HIT,HOLD
T0573,LONG_6_004,2024-01-15T15:46:00.000000000Z,2024-01-15T15:46:00.000000000Z,LONG,6.0,harvester,6.0,5.9000000000009045,1.0,0.983333333333484,TP_HIT,HOLD
T0574,LONG_6_004,2024-01-15T15:49:00.000000000Z,2024-01-15T15:49:00.000000000Z,LONG,6.0,harvester,6.0,2.9999999999996696,1.0,0.49999999999994493,TP_HIT,HOLD
T0575,LONG_6_004,2024-01-15T15:52:00.000000000Z,2024-01-15T15:52:00.000000000Z,LONG,6.0,harvester,0.20000000000131024,0.20000000000131024,0.03333333333355171,0.03333333333355171,TIMEOUT,HOLD
T0576,LONG_7_001,2024-01-15T10:04:00.000000000Z,2024-01-15T10:04:00.000000000Z,LONG,7.0,harvester,7.0,5.9000000000009045,1.0,0.8428571428572721,TP_HIT,HOLD
T0577,LONG_7_001,2024-01-15T10:07:00.000000000Z,2024-01-15T10:07:00.000000000Z,LONG,7.0,harvester,-7.0,4.500000000000615,-1.0,0.6428571428572306,SL_HIT,HOLD
T0578,LONG_7_001,2024-01-15T10:10:00.000000000Z,2024-01-15T10:10:00.000000000Z,LONG,7.0,harvester,7.0,6.200000000000649,1.0,0.8857142857143785,TP_HIT,HOLD
T0579,LONG_7_001,2024-01-15T10:13:00.000000000Z,2024-01-15T10:13:00.000000000Z,LONG,7.0,harvester,7.0,4.599999999999049,1.0,0.6571428571427214,TP_HIT,HOLD
T0580,LONG_7_001,2024-01-15T10:16:00.000000000Z,2024-01-15T10:16:00.000000000Z,LONG,7.0,harvester,7.0,7.600000000000939,1.0,1.08571428571442,TP_HIT,HOLD
T0581,LONG_7_001,2024-01-15T10:19:00.000000000Z,2024-01-15T10:19:00.000000000Z,LONG,7.0,harvester,7.0,10.40000000000152,1.0,1.4857142857145027,TP_HIT,HOLD
T0582,LONG_7_001,2024-01-15T10:22:00.000000000Z,2024-01-15T10:22:00.000000000Z,LONG,7.0,harvester,7.0,11.200000000000099,1.0,1.600000000000014,TP_HIT,HOLD
T0583,LONG_7_001,2024-01-15T10:25:00.000000000Z,2024-01-15T10:25:00.000000000Z,LONG,7.0,harvester,7.0,14.100000000001334,1.0,2.0142857142859047,TP_HIT,HOLD
T0584,LONG_7_001,2024-01-15T10:28:00.000000000Z,2024-01-15T10:28:00.000000000Z,LONG,7.0,harvester,7.0,0.10000000000065512,1.0,0.014285714285807874,TP_HIT,HARVEST
T0585,LONG_7_001,2024-01-15T10:31:00.000000000Z,2024-01-15T10:31:00.000000000Z,LONG,7.0,harvester,7.0,14.799999999999258,1.0,2.114285714285608,TP_HIT,HOLD
T0586,LONG_7_001,2024-01-15T10:34:00.000000000Z,2024-01-15T10:34:00.000000000Z,LONG,7.0,harvester,7.0,18.599999999999728,1.0,2.6571428571428184,TP_HIT,HOLD
T0587,LONG_7_001,2024-01-15T10:37:00.000000000Z,2024-01-15T10:37:00.000000000Z,LONG,7.0,harvester,7.0,19.799999999998708,1.0,2.828571428571244,TP_HIT,HOLD
T0588,LONG_7_001,2024-01-15T10:40:00.000000000Z,2024-01-15T10:40:00.000000000Z,LONG,7.0,harvester,7.0,17.700000000000493,1.0,2.528571428571499,TP_HIT,HOLD
T0589,LONG_7_001,2024-01-15T10:43:00.000000000Z,2024-01-15T10:43:00.000000000Z,LONG,7.0,harvester,7.0,16.599999999999948,1.0,2.371428571428564,TP_HIT,HOLD
T0590,LONG_7_001,2024-01-15T10:46:00.000000000Z,2024-01-15T10:46:00.000000000Z,LONG,7.0,harvester,7.0,18.20000000000155,1.0,2.6000000000002212,TP_HIT,HOLD
T0591,LONG_7_001,2024-01-15T10:49:00.000000000Z,2024-01-15T10:49:00.000000000Z,LONG,7.0,harvester,7.0,14.299999999998203,1.0,2.042857142856886,TP_HIT,HOLD
T0592,LONG_7_001,2024-01-15T10:52:00.000000000Z,2024-01-15T10:52:00.000000000Z,LONG,7.0,harvester,7.0,11.000000000001009,1.0,1.5714285714287155,TP_HIT,HOLD
T0593,LONG_7_001,2024-01-15T10:55:00.000000000Z,2024-01-15T10:55:00.000000000Z,LONG,7.0,harvester,7.0,10.499999999999954,1.0,1.4999999999999933,TP_HIT,HOLD
T0594,LONG_7_001,2024-01-15T10:58:00.000000000Z,2024-01-15T10:58:00.000000000Z,LONG,7.0,harvester,7.0,6.800000000000139,1.0,0.9714285714285913,TP_HIT,HOLD
T0595,LONG_7_001,2024-01-15T11:01:00.000000000Z,2024-01-15T11:01:00.000000000Z,LONG,7.0,harvester,7.0,16.40000000000086,1.0,2.3428571428572655,TP_HIT,HOLD
T0596,LONG_7_001,2024-01-15T11:04:00.000000000Z,2024-01-15T11:04:00.000000000Z,LONG,7.0,harvester,7.0,12.399999999999078,1.0,1.7714285714284397,TP_HIT,HOLD
T0597,LONG_7_001,2024-01-15T11:07:00.000000000Z,2024-01-15T11:07:00.000000000Z,LONG,7.0,harvester,7.0,12.599999999998168,1.0,1.7999999999997383,TP_HIT,HOLD
T0598,LONG_7_001,2024-01-15T11:10:00.000000000Z,2024-01-15T11:10:00.000000000Z,LONG,7.0,harvester,7.0,14.600000000000168,1.0,2.08571428571431,TP_HIT,HOLD
T0599,LONG_7_001,2024-01-15T11:13:00.000000000Z,2024-01-15T11:13:00.000000000Z,LONG,7.0,harvester,7.0,14.599999999997948,1.0,2.0857142857139928,TP_HIT,HOLD
T0600,LONG_7_001,2024-01-15T11:16:00.000000000Z,2024-01-15T11:16:00.000000000Z,LONG,7.0,harvester,7.0,12.600000000000389,1.0,1.8000000000000556,TP_HIT,HOLD
T0601,LONG_7_001,2024-01-15T11:19:00.000000000Z,2024-01-15T11:19:00.000000000Z,LONG,7.0,harvester,7.0,12.499999999999734,1.0,1.7857142857142476,TP_HIT,HOLD
T0602,LONG_7_001,2024-01-15T11:22:00.000000000Z,2024-01-15T11:22:00.000000000Z,LONG,7.0,harvester,7.0,10.40000000000152,1.0,1.4857142857145027,TP_HIT,HOLD
T0603,LONG_7_001,2024-01-15T11:25:00.000000000Z,2024-01-15T11:25:00.000000000Z,LONG,7.0,harvester,7.0,6.399999999999739,1.0,0.9142857142856771,TP_HIT,DECAY_EXIT
T0604,LONG_7_001,2024-01-15T11:28:00.000000000Z,2024-01-15T11:28:00.000000000Z,LONG,7.0,harvester,7.0,6.099999999999994,1.0,0.8714285714285707,TP_HIT,DECAY_EXIT
T0605,LONG_7_001,2024-01-15T11:31:00.000000000Z,2024-01-15T11:31:00.000000000Z,LONG,7.0,harvester,7.0,4.20000000000087,1.0,0.6000000000001242,TP_HIT,DECAY_EXIT
T0606,LONG_7_001,2024-01-15T11:34:00.000000000Z,2024-01-15T11:34:00.000000000Z,LONG,7.0,harvester,7.0,6.699999999999484,1.0,0.9571428571427835,TP_HIT,DECAY_EXIT
T0607,LONG_7_001,2024-01-15T11:37:00.000000000Z,2024-01-15T11:37:00.000000000Z,LONG,7.0,harvester,7.0,3.9999999999995595,1.0,0.5714285714285084,TP_HIT,DECAY_EXIT
T0608,LONG_7_001,2024-01-15T11:40:00.000000000Z,2024-01-15T11:40:00.000000000Z,LONG,7.0,harvester,7.0,1.900000000001345,1.0,0.2714285714287636,TP_HIT,DECAY_EXIT
T0609,LONG_7_001,2024-01-15T11:43:00.000000000Z,2024-01-15T11:43:00.000000000Z,LONG,7.0,harvester,7.0,4.20000000000087,1.0,0.6000000000001242,TP_HIT,DECAY_EXIT
T0610,LONG_7_001,2024-01-15T11:46:00.000000000Z,2024-01-15T11:46:00.000000000Z,LONG,7.0,harvester,7.0,7.399999999999629,1.0,1.057142857142804,TP_HIT,DECAY_EXIT
T0611,LONG_7_001,2024-01-15T11:49:00.000000000Z,2024-01-15T11:49:00.000000000Z,LONG,7.0,harvester,7.0,6.200000000000649,1.0,0.8857142857143785,TP_HIT,DECAY_EXIT
T0612,LONG_7_001,2024-01-15T11:52:00.000000000Z,2024-01-15T11:52:00.000000000Z,LONG,7.0,harvester,7.0,6.800000000000139,1.0,0.9714285714285913,TP_HIT,DECAY_EXIT
T0613,LONG_7_001,2024-01-15T11:55:00.000000000Z,2024-01-15T11:55:00.000000000Z,LONG,7.0,harvester,7.0,3.5000000000007248,1.0,0.5000000000001036,TP_HIT,DECAY_EXIT
T0614,LONG_7_001,2024-01-15T11:58:00.000000000Z,2024-01-15T11:58:00.000000000Z,LONG,7.0,harvester,7.0,-0.8000000000008001,1.0,-0.11428571428582858,TP_HIT,DECAY_EXIT
T0615,LONG_7_001,2024-01-15T12:01:00.000000000Z,2024-01-15T12:01:00.000000000Z,LONG,7.0,harvester,7.0,2.80000000000058,1.0,0.40000000000008284,TP_HIT,DECAY_EXIT
T0616,LONG_7_002,2024-01-15T13:09:00.000000000Z,2024-01-15T13:09:00.000000000Z,LONG,7.0,harvester,7.0,-2.1999999999988695,1.0,-0.3142857142855528,TP_HIT,DECAY_EXIT
T0617,LONG_7_002,2024-01-15T13:12:00.000000000Z,2024-01-15T13:12:00.000000000Z,LONG,7.0,harvester,-7.0,-4.00000000000178,-1.0,-0.5714285714288257,SL_HIT,DECAY_EXIT
T0618,LONG_7_002,2024-01-15T13:15:00.000000000Z,2024-01-15T13:15:00.000000000Z,LONG,7.0,harvester,7.0,-1.80000000000069,1.0,-0.2571428571429557,TP_HIT,DECAY_EXIT
T0619,LONG_7_002,2024-01-15T13:18:00.000000000Z,2024-01-15T13:18:00.000000000Z,LONG,7.0,harvester,-7.0,1.2999999999996348,-1.0,0.18571428571423354,SL_HIT,HARVEST
T0620,LONG_7_002,2024-01-15T13:21:00.000000000Z,2024-01-15T13:21:00.000000000Z,LONG,7.0,harvester,-7.0,-7.0,-1.0,-1.0,SL_HIT,PANIC
T0621,LONG_7_002,2024-01-15T13:24:00.000000000Z,2024-01-15T13:24:00.000000000Z,LONG,7.0,harvester,-7.0,-7.0,-1.0,-1.0,SL_HIT,PANIC
T0622,LONG_7_002,2024-01-15T13:27:00.000000000Z,2024-01-15T13:27:00.000000000Z,LONG,7.0,harvester,-7.0,0.2999999999997449,-1.0,0.042857142857106414,SL_HIT,HARVEST
T0623,LONG_7_003,2024-01-15T14:13:00.000000000Z,2024-01-15T14:13:00.000000000Z,LONG,7.0,harvester,7.0,7.899999999998464,1.0,1.1285714285712092,TP_HIT,HOLD
T0624,LONG_7_003,2024-01-15T14:16:00.000000000Z,2024-01-15T14:16:00.000000000Z,LONG,7.0,harvester,7.0,8.099999999999774,1.0,1.1571428571428248,TP_HIT,HOLD
T0625,LONG_7_003,2024-01-15T14:19:00.000000000Z,2024-01-15T14:19:00.000000000Z,LONG,7.0,harvester,7.0,10.40000000000152,1.0,1.4857142857145027,TP_HIT,HOLD
T0626,LONG_7_003,2024-01-15T14:22:00.000000000Z,2024-01-15T14:22:00.000000000Z,LONG,7.0,harvester,7.0,9.600000000000719,1.0,1.3714285714286742,TP_HIT,HOLD
T0627,LONG_7_003,2024-01-15T14:25:00.000000000Z,2024-01-15T14:25:00.000000000Z,LONG,7.0,harvester,7.0,7.600000000000939,1.0,1.08571428571442,TP_HIT,HOLD
T0628,LONG_7_003,2024-01-15T14:28:00.000000000Z,2024-01-15T14:28:00.000000000Z,LONG,7.0,harvester,7.0,7.099999999999884,1.0,1.0142857142856978,TP_HIT,HOLD
T0629,LONG_7_003,2024-01-15T14:31:00.000000000Z,2024-01-15T14:31:00.000000000Z,LONG,7.0,harvester,7.0,6.200000000000649,1.0,0.8857142857143785,TP_HIT,HOLD
T0630,LONG_7_003,2024-01-15T14:34:00.000000000Z,2024-01-15T14:34:00.000000000Z,LONG,7.0,harvester,7.0,6.700000000001705,1.0,0.9571428571431007,TP_HIT,HOLD
T0631,LONG_7_003,2024-01-15T14:37:00.000000000Z,2024-01-15T14:37:00.000000000Z,LONG,7.0,harvester,7.0,0.1999999999990898,1.0,0.028571428571298543,TP_HIT,HARVEST
T0632,LONG_7_003,2024-01-15T14:40:00.000000000Z,2024-01-15T14:40:00.000000000Z,LONG,7.0,harvester,7.0,4.3999999999999595,1.0,0.6285714285714228,TP_HIT,HOLD
T0633,LONG_7_003,2024-01-15T14:43:00.000000000Z,2024-01-15T14:43:00.000000000Z,LONG,7.0,harvester,7.0,6.900000000000794,1.0,0.9857142857143992,TP_HIT,HOLD
T0634,LONG_7_003,2024-01-15T14:46:00.000000000Z,2024-01-15T14:46:00.000000000Z,LONG,7.0,harvester,7.0,7.800000000000029,1.0,1.1142857142857185,TP_HIT,HOLD
T0635,LONG_7_003,2024-01-15T14:50:00.000000000Z,2024-01-15T14:50:00.000000000Z,LONG,7.0,harvester,7.0,11.000000000001009,1.0,1.5714285714287155,TP_HIT,HOLD
T0636,LONG_7_003,2024-01-15T14:53:00.000000000Z,2024-01-15T14:53:00.000000000Z,LONG,7.0,harvester,7.0,0.1999999999990898,1.0,0.028571428571298543,TP_HIT,HARVEST
T0637,LONG_7_003,2024-01-15T14:56:00.000000000Z,2024-01-15T14:56:00.000000000Z,LONG,7.0,harvester,7.0,7.099999999999884,1.0,1.0142857142856978,TP_HIT,HOLD
T0638,LONG_7_003,2024-01-15T14:59:00.000000000Z,2024-01-15T14:59:00.000000000Z,LONG,7.0,harvester,7.0,5.799999999998029,1.0,0.828571428571147,TP_HIT,HOLD
T0639,LONG_7_003,2024-01-15T15:02:00.000000000Z,2024-01-15T15:02:00.000000000Z,LONG,7.0,harvester,7.0,6.500000000000394,1.0,0.9285714285714849,TP_HIT,HOLD
T0640,LONG_7_003,2024-01-15T15:05:00.000000000Z,2024-01-15T15:05:00.000000000Z,LONG,7.0,harvester,7.0,3.20000000000098,1.0,0.4571428571429971,TP_HIT,HOLD
T0641,LONG_7_003,2024-01-15T15:08:00.000000000Z,2024-01-15T15:08:00.000000000Z,LONG,7.0,harvester,7.0,5.700000000001815,1.0,0.8142857142859735,TP_HIT,HOLD
T0642,LONG_7_003,2024-01-15T15:11:00.000000000Z,2024-01-15T15:11:00.000000000Z,LONG,7.0,harvester,7.0,7.200000000000539,1.0,1.0285714285715055,TP_HIT,HOLD
T0643,LONG_7_003,2024-01-15T15:14:00.000000000Z,2024-01-15T15:14:00.000000000Z,LONG,7.0,harvester,7.0,7.200000000000539,1.0,1.0285714285715055,TP_HIT,HOLD
T0644,LONG_7_003,2024-01-15T15:17:00.000000000Z,2024-01-15T15:17:00.000000000Z,LONG,7.0,harvester,7.0,5.700000000001815,1.0,0.8142857142859735,TP_HIT,HOLD
T0645,LONG_7_003,2024-01-15T15:20:00.000000000Z,2024-01-15T15:20:00.000000000Z,LONG,7.0,harvester,7.0,6.500000000000394,1.0,0.9285714285714849,TP_HIT,HOLD
T0646,LONG_7_003,2024-01-15T15:23:00.000000000Z,2024-01-15T15:23:00.000000000Z,LONG,7.0,harvester,7.0,6.00000000000156,1.0,0.8571428571430799,TP_HIT,HOLD
T0647,LONG_7_003,2024-01-15T15:26:00.000000000Z,2024-01-15T15:26:00.000000000Z,LONG,7.0,harvester,-7.0,0.8000000000008001,-1.0,0.11428571428582858,SL_HIT,HOLD
T0648,LONG_7_003,2024-01-15T15:29:00.000000000Z,2024-01-15T15:29:00.000000000Z,LONG,7.0,harvester,7.0,2.100000000000435,1.0,0.3000000000000621,TP_HIT,HOLD
T0649,LONG_7_003,2024-01-15T15:32:00.000000000Z,2024-01-15T15:32:00.000000000Z,LONG,7.0,harvester,7.0,5.20000000000076,1.0,0.7428571428572514,TP_HIT,HOLD
T0650,LONG_7_003,2024-01-15T15:35:00.000000000Z,2024-01-15T15:35:00.000000000Z,LONG,7.0,harvester,7.0,6.500000000000394,1.0,0.9285714285714849,TP_HIT,HOLD
T0651,LONG_7_003,2024-01-15T15:38:00.000000000Z,2024-01-15T15:38:00.000000000Z,LONG,7.0,harvester,7.0,9.00000000000123,1.0,1.2857142857144612,TP_HIT,HOLD
T0652,LONG_7_003,2024-01-15T15:41:00.000000000Z,2024-01-15T15:41:00.000000000Z,LONG,7.0,harvester,7.0,8.00000000000134,1.0,1.1428571428573342,TP_HIT,HOLD
T0653,LONG_7_003,2024-01-15T15:44:00.000000000Z,2024-01-15T15:44:00.000000000Z,LONG,7.0,harvester,7.0,6.00000000000156,1.0,0.8571428571430799,TP_HIT,HOLD
T0654,LONG_7_003,2024-01-15T15:47:00.000000000Z,2024-01-15T15:47:00.000000000Z,LONG,7.0,harvester,7.0,5.1000000000001044,1.0,0.7285714285714435,TP_HIT,HOLD
T0655,LONG_7_003,2024-01-15T15:50:00.000000000Z,2024-01-15T15:50:00.000000000Z,LONG,7.0,harvester,0.5000000000010552,0.5000000000010552,0.07142857142872217,0.07142857142872217,TIMEOUT,HOLD
T0656,LONG_7_003,2024-01-15T15:53:00.000000000Z,2024-01-15T15:53:00.000000000Z,LONG,7.0,harvester,-1.1999999999989797,0.2999999999997449,-0.17142857142842566,0.042857142857106414,TIMEOUT,HARVEST
T0657,LONG_8_001,2024-01-15T10:04:00.000000000Z,2024-01-15T10:04:00.000000000Z,LONG,8.0,harvester,8.0,5.9000000000009045,1.0,0.7375000000001131,TP_HIT,HOLD
T0658,LONG_8_001,2024-01-15T10:07:00.000000000Z,2024-01-15T10:07:00.000000000Z,LONG,8.0,harvester,4.500000000000615,4.500000000000615,0.5625000000000768,0.5625000000000768,TIMEOUT,HOLD
T0659,LONG_8_001,2024-01-15T10:10:00.000000000Z,2024-01-15T10:10:00.000000000Z,LONG,8.0,harvester,8.0,6.200000000000649,1.0,0.7750000000000812,TP_HIT,HOLD
T0660,LONG_8_001,2024-01-15T10:13:00.000000000Z,2024-01-15T10:13:00.000000000Z,LONG,8.0,harvester,8.0,4.599999999999049,1.0,0.5749999999998812,TP_HIT,HOLD
T0661,LONG_8_001,2024-01-15T10:16:00.000000000Z,2024-01-15T10:16:00.000000000Z,LONG,8.0,harvester,8.0,7.600000000000939,1.0,0.9500000000001174,TP_HIT,HOLD
T0662,LONG_8_001,2024-01-15T10:19:00.000000000Z,2024-01-15T10:19:00.000000000Z,LONG,8.0,harvester,8.0,10.40000000000152,1.0,1.30000000000019,TP_HIT,HOLD
T0663,LONG_8_001,2024-01-15T10:22:00.000000000Z,2024-01-15T10:22:00.000000000Z,LONG,8.0,harvester,8.0,11.200000000000099,1.0,1.4000000000000123,TP_HIT,HOLD
T0664,LONG_8_001,2024-01-15T10:25:00.000000000Z,2024-01-15T10:25:00.000000000Z,LONG,8.0,harvester,8.0,14.100000000001334,1.0,1.7625000000001667,TP_HIT,HOLD
T0665,LONG_8_001,2024-01-15T10:28:00.000000000Z,2024-01-15T10:28:00.000000000Z,LONG,8.0,harvester,8.0,0.10000000000065512,1.0,0.01250000000008189,TP_HIT,HARVEST
T0666,LONG_8_001,2024-01-15T10:31:00.000000000Z,2024-01-15T10:31:00.000000000Z,LONG,8.0,harvester,8.0,14.799999999999258,1.0,1.8499999999999073,TP_HIT,HOLD
T0667,LONG_8_001,2024-01-15T10:34:00.000000000Z,2024-01-15T10:34:00.000000000Z,LONG,8.0,harvester,8.0,18.599999999999728,1.0,2.324999999999966,TP_HIT,HOLD
T0668,LONG_8_001,2024-01-15T10:37:00.000000000Z,2024-01-15T10:37:00.000000000Z,LONG,8.0,harvester,8.0,19.799999999998708,1.0,2.4749999999998384,TP_HIT,HOLD
T0669,LONG_8_001,2024-01-15T10:40:00.000000000Z,2024-01-15T10:40:00.000000000Z,LONG,8.0,harvester,8.0,17.700000000000493,1.0,2.2125000000000616,TP_HIT,HOLD
T0670,LONG_8_001,2024-01-15T10:43:00.000000000Z,2024-01-15T10:43:00.000000000Z,LONG,8.0,harvester,8.0,16.599999999999948,1.0,2.0749999999999935,TP_HIT,HOLD
T0671,LONG_8_001,2024-01-15T10:46:00.000000000Z,2024-01-15T10:46:00.000000000Z,LONG,8.0,harvester,8.0,18.20000000000155,1.0,2.2750000000001935,TP_HIT,HOLD
T0672,LONG_8_001,2024-01-15T10:49:00.000000000Z,2024-01-15T10:49:00.000000000Z,LONG,8.0,harvester,8.0,14.299999999998203,1.0,1.7874999999997754,TP_HIT,HOLD
T0673,LONG_8_001,2024-01-15T10:52:00.000000000Z,2024-01-15T10:52:00.000000000Z,LONG,8.0,harvester,8.0,11.000000000001009,1.0,1.3750000000001261,TP_HIT,HOLD
T0674,LONG_8_001,2024-01-15T10:55:00.000000000Z,2024-01-15T10:55:00.000000000Z,LONG,8.0,harvester,8.0,10.499999999999954,1.0,1.3124999999999942,TP_HIT,HOLD
T0675,LONG_8_001,2024-01-15T10:58:00.000000000Z,2024-01-15T10:58:00.000000000Z,LONG,8.0,harvester,8.0,6.800000000000139,1.0,0.8500000000000174,TP_HIT,HOLD
T0676,LONG_8_001,2024-01-15T11:01:00.000000000Z,2024-01-15T11:01:00.000000000Z,LONG,8.0,harvester,8.0,16.40000000000086,1.0,2.0500000000001073,TP_HIT,HOLD
T0677,LONG_8_001,2024-01-15T11:04:00.000000000Z,2024-01-15T11:04:00.000000000Z,LONG,8.0,harvester,8.0,12.399999999999078,1.0,1.5499999999998848,TP_HIT,HOLD
T0678,LONG_8_001,2024-01-15T11:07:00.000000000Z,2024-01-15T11:07:00.000000000Z,LONG,8.0,harvester,8.0,12.599999999998168,1.0,1.574999999999771,TP_HIT,HOLD
T0679,LONG_8_001,2024-01-15T11:10:00.000000000Z,2024-01-15T11:10:00.000000000Z,LONG,8.0,harvester,8.0,14.600000000000168,1.0,1.825000000000021,TP_HIT,HOLD
T0680,LONG_8_001,2024-01-15T11:13:00.000000000Z,2024-01-15T11:13:00.000000000Z,LONG,8.0,harvester,8.0,14.599999999997948,1.0,1.8249999999997435,TP_HIT,HOLD
T0681,LONG_8_001,2024-01-15T11:16:00.000000000Z,2024-01-15T11:16:00.000000000Z,LONG,8.0,harvester,8.0,12.600000000000389,1.0,1.5750000000000486,TP_HIT,HOLD
T0682,LONG_8_001,2024-01-15T11:19:00.000000000Z,2024-01-15T11:19:00.000000000Z,LONG,8.0,harvester,8.0,12.499999999999734,1.0,1.5624999999999667,TP_HIT,HOLD
T0683,LONG_8_001,2024-01-15T11:22:00.000000000Z,2024-01-15T11:22:00.000000000Z,LONG,8.0,harvester,8.0,10.40000000000152,1.0,1.30000000000019,TP_HIT,HOLD
T0684,LONG_8_001,2024-01-15T11:25:00.000000000Z,2024-01-15T11:25:00.000000000Z,LONG,8.0,harvester,8.0,6.399999999999739,1.0,0.7999999999999674,TP_HIT,HOLD
T0685,LONG_8_001,2024-01-15T11:28:00.000000000Z,2024-01-15T11:28:00.000000000Z,LONG,8.0,harvester,8.0,4.499999999998394,1.0,0.5624999999997993,TP_HIT,DECAY_EXIT
T0686,LONG_8_001,2024-01-15T11:31:00.000000000Z,2024-01-15T11:31:00.000000000Z,LONG,8.0,harvester,8.0,2.5999999999992696,1.0,0.3249999999999087,TP_HIT,DECAY_EXIT
T0687,LONG_8_001,2024-01-15T11:34:00.000000000Z,2024-01-15T11:34:00.000000000Z,LONG,8.0,harvester,8.0,5.099999999997884,1.0,0.6374999999997355,TP_HIT,DECAY_EXIT
T0688,LONG_8_001,2024-01-15T11:37:00.000000000Z,2024-01-15T11:37:00.000000000Z,LONG,8.0,harvester,8.0,2.3999999999979593,1.0,0.2999999999997449,TP_HIT,DECAY_EXIT
T0689,LONG_8_001,2024-01-15T11:40:00.000000000Z,2024-01-15T11:40:00.000000000Z,LONG,8.0,harvester,8.0,0.2999999999997449,1.0,0.037499999999968114,TP_HIT,DECAY_EXIT
T0690,LONG_8_001,2024-01-15T11:43:00.000000000Z,2024-01-15T11:43:00.000000000Z,LONG,8.0,harvester,8.0,2.5999999999992696,1.0,0.3249999999999087,TP_HIT,DECAY_EXIT
T0691,LONG_8_001,2024-01-15T11:46:00.000000000Z,2024-01-15T11:46:00.000000000Z,LONG,8.0,harvester,8.0,5.799999999998029,1.0,0.7249999999997536,TP_HIT,DECAY_EXIT
T0692,LONG_8_001,2024-01-15T11:49:00.000000000Z,2024-01-15T11:49:00.000000000Z,LONG,8.0,harvester,8.0,4.599999999999049,1.0,0.5749999999998812,TP_HIT,DECAY_EXIT
T0693,LONG_8_001,2024-01-15T11:52:00.000000000Z,2024-01-15T11:52:00.000000000Z,LONG,8.0,harvester,8.0,6.800000000000139,1.0,0.8500000000000174,TP_HIT,DECAY_EXIT
T0694,LONG_8_001,2024-01-15T11:55:00.000000000Z,2024-01-15T11:55:00.000000000Z,LONG,8.0,harvester,8.0,3.5000000000007248,1.0,0.4375000000000906,TP_HIT,DECAY_EXIT
T0695,LONG_8_001,2024-01-15T11:58:00.000000000Z,2024-01-15T11:58:00.000000000Z,LONG,8.0,harvester,8.0,-0.8000000000008001,1.0,-0.10000000000010001,TP_HIT,DECAY_EXIT
T0696,LONG_8_001,2024-01-15T12:01:00.000000000Z,2024-01-15T12:01:00.000000000Z,LONG,8.0,harvester,8.0,2.80000000000058,1.0,0.3500000000000725,TP_HIT,DECAY_EXIT
T0697,LONG_8_002,2024-01-15T14:14:00.000000000Z,2024-01-15T14:14:00.000000000Z,LONG,8.0,harvester,8.0,9.299999999998754,1.0,1.1624999999998442,TP_HIT,HOLD
T0698,LONG_8_002,2024-01-15T14:17:00.000000000Z,2024-01-15T14:17:00.000000000Z,LONG,8.0,harvester,8.0,8.40000000000174,1.0,1.0500000000002174,TP_HIT,HOLD
T0699,LONG_8_002,2024-01-15T14:20:00.000000000Z,2024-01-15T14:20:00.000000000Z,LONG,8.0,harvester,8.0,11.499999999999844,1.0,1.4374999999999805,TP_HIT,HOLD
T0700,LONG_8_002,2024-01-15T14:23:00.000000000Z,2024-01-15T14:23:00.000000000Z,LONG,8.0,harvester,8.0,7.800000000000029,1.0,0.9750000000000036,TP_HIT,HOLD
T0701,LONG_8_002,2024-01-15T14:26:00.000000000Z,2024-01-15T14:26:00.000000000Z,LONG,8.0,harvester,6.00000000000156,6.00000000000156,0.750000000000195,0.750000000000195,TIMEOUT,HOLD
T0702,LONG_8_002,2024-01-15T14:29:00.000000000Z,2024-01-15T14:29:00.000000000Z,LONG,8.0,harvester,8.0,6.999999999999229,1.0,0.8749999999999036,TP_HIT,HOLD
T0703,LONG_8_002,2024-01-15T14:32:00.000000000Z,2024-01-15T14:32:00.000000000Z,LONG,8.0,harvester,8.0,6.899999999998574,1.0,0.8624999999998217,TP_HIT,HOLD
T0704,LONG_8_002,2024-01-15T14:35:00.000000000Z,2024-01-15T14:35:00.000000000Z,LONG,8.0,harvester,8.0,0.1999999999990898,1.0,0.024999999999886224,TP_HIT,HARVEST
T0705,LONG_8_002,2024-01-15T14:38:00.000000000Z,2024-01-15T14:38:00.000000000Z,LONG,8.0,harvester,8.0,6.099999999999994,1.0,0.7624999999999993,TP_HIT,HOLD
T0706,LONG_8_002,2024-01-15T14:41:00.000000000Z,2024-01-15T14:41:00.000000000Z,LONG,8.0,harvester,5.1000000000001044,5.1000000000001044,0.6375000000000131,0.6375000000000131,TIMEOUT,HOLD
T0707,LONG_8_002,2024-01-15T14:45:00.000000000Z,2024-01-15T14:45:00.000000000Z,LONG,8.0,harvester,5.899999999998684,5.899999999998684,0.7374999999998355,0.7374999999998355,TIMEOUT,HOLD
T0708,LONG_8_002,2024-01-15T14:48:00.000000000Z,2024-01-15T14:48:00.000000000Z,LONG,8.0,harvester,8.0,9.500000000000064,1.0,1.187500000000008,TP_HIT,HOLD
T0709,LONG_8_002,2024-01-15T14:51:00.000000000Z,2024-01-15T14:51:00.000000000Z,LONG,8.0,harvester,8.0,0.1999999999990898,1.0,0.024999999999886224,TP_HIT,HARVEST
T0710,LONG_8_002,2024-01-15T14:55:00.000000000Z,2024-01-15T14:55:00.000000000Z,LONG,8.0,harvester,8.0,7.599999999998719,1.0,0.9499999999998399,TP_HIT,HOLD
T0711,LONG_8_002,2024-01-15T14:58:00.000000000Z,2024-01-15T14:58:00.000000000Z,LONG,8.0,harvester,8.0,6.800000000000139,1.0,0.8500000000000174,TP_HIT,HOLD
T0712,LONG_8_002,2024-01-15T15:01:00.000000000Z,2024-01-15T15:01:00.000000000Z,LONG,8.0,harvester,8.0,6.6000000000010495,1.0,0.8250000000001312,TP_HIT,HOLD
T0713,LONG_8_002,2024-01-15T15:04:00.000000000Z,2024-01-15T15:04:00.000000000Z,LONG,8.0,harvester,8.0,3.8000000000004697,1.0,0.4750000000000587,TP_HIT,HOLD
T0714,LONG_8_002,2024-01-15T15:07:00.000000000Z,2024-01-15T15:07:00.000000000Z,LONG,8.0,harvester,3.6999999999998145,3.6999999999998145,0.4624999999999768,0.4624999999999768,TIMEOUT,HOLD
T0715,LONG_8_002,2024-01-15T15:10:00.000000000Z,2024-01-15T15:10:00.000000000Z,LONG,8.0,harvester,8.0,5.60000000000116,1.0,0.700000000000145,TP_HIT,HOLD
T0716,LONG_8_002,2024-01-15T15:13:00.000000000Z,2024-01-15T15:13:00.000000000Z,LONG,8.0,harvester,8.0,7.299999999998974,1.0,0.9124999999998717,TP_HIT,HOLD
T0717,LONG_8_002,2024-01-15T15:16:00.000000000Z,2024-01-15T15:16:00.000000000Z,LONG,8.0,harvester,8.0,5.399999999999849,1.0,0.6749999999999812,TP_HIT,HOLD
T0718,LONG_8_002,2024-01-15T15:19:00.000000000Z,2024-01-15T15:19:00.000000000Z,LONG,8.0,harvester,8.0,6.200000000000649,1.0,0.7750000000000812,TP_HIT,HOLD
T0719,LONG_8_002,2024-01-15T15:22:00.000000000Z,2024-01-15T15:22:00.000000000Z,LONG,8.0,harvester,8.0,4.20000000000087,1.0,0.5250000000001087,TP_HIT,HOLD
T0720,LONG_8_002,2024-01-15T15:25:00.000000000Z,2024-01-15T15:25:00.000000000Z,LONG,8.0,harvester,1.40000000000029,1.40000000000029,0.17500000000003624,0.17500000000003624,TIMEOUT,HOLD
T0721,LONG_8_002,2024-01-15T15:28:00.000000000Z,2024-01-15T15:28:00.000000000Z,LONG,8.0,harvester,8.0,2.9999999999996696,1.0,0.3749999999999587,TP_HIT,HOLD
T0722,LONG_8_002,2024-01-15T15:31:00.000000000Z,2024-01-15T15:31:00.000000000Z,LONG,8.0,harvester,8.0,4.999999999999449,1.0,0.6249999999999312,TP_HIT,HOLD
T0723,LONG_8_002,2024-01-15T15:34:00.000000000Z,2024-01-15T15:34:00.000000000Z,LONG,8.0,harvester,8.0,6.00000000000156,1.0,0.750000000000195,TP_HIT,HOLD
T0724,LONG_8_002,2024-01-15T15:37:00.000000000Z,2024-01-15T15:37:00.000000000Z,LONG,8.0,harvester,8.0,8.700000000001484,1.0,1.0875000000001855,TP_HIT,HOLD
T0725,LONG_8_002,2024-01-15T15:40:00.000000000Z,2024-01-15T15:40:00.000000000Z,LONG,8.0,harvester,8.0,8.099999999999774,1.0,1.0124999999999718,TP_HIT,HOLD
T0726,LONG_8_002,2024-01-15T15:43:00.000000000Z,2024-01-15T15:43:00.000000000Z,LONG,8.0,harvester,8.0,7.500000000000284,1.0,0.9375000000000355,TP_HIT,HOLD
T0727,LONG_8_002,2024-01-15T15:46:00.000000000Z,2024-01-15T15:46:00.000000000Z,LONG,8.0,harvester,8.0,5.9000000000009045,1.0,0.7375000000001131,TP_HIT,HOLD
T0728,LONG_8_002,2024-01-15T15:49:00.000000000Z,2024-01-15T15:49:00.000000000Z,LONG,8.0,harvester,8.0,2.9999999999996696,1.0,0.3749999999999587,TP_HIT,HOLD
T0729,LONG_8_002,2024-01-15T15:52:00.000000000Z,2024-01-15T15:52:00.000000000Z,LONG,8.0,harvester,0.20000000000131024,0.20000000000131024,0.02500000000016378,0.02500000000016378,TIMEOUT,HOLD
T0730,LONG_8_002,2024-01-15T15:55:00.000000000Z,2024-01-15T15:55:00.000000000Z,LONG,8.0,harvester,-1.9999999999997797,-1.9999999999997797,-0.24999999999997247,-0.24999999999997247,TIMEOUT,HOLD
T0731,LONG_2.5_001,2024-01-15T08:09:00.000000000Z,2024-01-15T08:09:00.000000000Z,LONG,2.5,runner,1.1,-2.5,0.44000000000000006,-1.0,PARTIAL_THEN_SL,PANIC
T0732,LONG_2.5_003,2024-01-15T10:17:00.000000000Z,2024-01-15T10:17:00.000000000Z,LONG,2.5,runner,1.4500000000000002,0.5000000000010552,0.5800000000000001,0.20000000000042206,PARTIAL_PLUS_TP,HARVEST
T0733,LONG_2.5_004,2024-01-15T13:11:00.000000000Z,2024-01-15T13:11:00.000000000Z,LONG,2.5,runner,-2.5,-2.5,-1.0,-1.0,SL_HIT,PANIC
T0734,LONG_2.5_006,2024-01-15T15:12:00.000000000Z,2024-01-15T15:12:00.000000000Z,LONG,2.5,runner,1.4500000000000002,9.900000000000464,0.5800000000000001,3.9600000000001856,PARTIAL_PLUS_TP,HOLD
T0735,LONG_3.5_001,2024-01-15T08:09:00.000000000Z,2024-01-15T08:09:00.000000000Z,LONG,3.5,runner,1.0000000000000002,-3.5,0.28571428571428575,-1.0,PARTIAL_THEN_SL,PANIC
T0736,LONG_3.5_003,2024-01-15T10:24:00.000000000Z,2024-01-15T10:24:00.000000000Z,LONG,3.5,runner,1.55,13.600000000000279,0.4428571428571429,3.885714285714365,PARTIAL_PLUS_TP,HOLD
T0737,LONG_3.5_004,2024-01-15T13:13:00.000000000Z,2024-01-15T13:13:00.000000000Z,LONG,3.5,runner,1.0000000000000002,-3.5,0.28571428571428575,-1.0,PARTIAL_THEN_SL,PANIC
T0738,LONG_3.5_005,2024-01-15T15:12:00.000000000Z,2024-01-15T15:12:00.000000000Z,LONG,3.5,runner,1.55,9.900000000000464,0.4428571428571429,2.828571428571561,PARTIAL_PLUS_TP,HOLD
T0739,LONG_5_002,2024-01-15T10:51:00.000000000Z,2024-01-15T10:51:00.000000000Z,LONG,5.0,runner,2.5,9.899999999998244,0.5,1.9799999999996487,PARTIAL_PLUS_TP,HOLD
T0740,LONG_5_003,2024-01-15T13:14:00.000000000Z,2024-01-15T13:14:00.000000000Z,LONG,5.0,runner,1.75,-5.0,0.35,-1.0,PARTIAL_THEN_SL,PANIC
T0741,LONG_5_004,2024-01-15T15:12:00.000000000Z,2024-01-15T15:12:00.000000000Z,LONG,5.0,runner,2.5,9.900000000000464,0.5,1.9800000000000928,PARTIAL_PLUS_TP,HOLD
T0742,LONG_6_002,2024-01-15T10:18:00.000000000Z,2024-01-15T10:18:00.000000000Z,LONG,6.0,runner,2.1,12.700000000001044,0.35000000000000003,2.116666666666841,PARTIAL_PLUS_TP,HOLD
T0743,LONG_6_003,2024-01-15T13:09:00.000000000Z,2024-01-15T13:09:00.000000000Z,LONG,6.0,runner,2.1,-2.1999999999988695,0.35000000000000003,-0.36666666666647824,PARTIAL_PLUS_TP,DECAY_EXIT
T0744,LONG_6_004,2024-01-15T14:08:00.000000000Z,2024-01-15T14:08:00.000000000Z,LONG,6.0,runner,2.1,3.20000000000098,0.35000000000000003,0.5333333333334966,PARTIAL_PLUS_TP,HOLD
T0745,LONG_7_001,2024-01-15T10:04:00.000000000Z,2024-01-15T10:04:00.000000000Z,LONG,7.0,runner,2.3000000000000003,5.9000000000009045,0.3285714285714286,0.8428571428572721,PARTIAL_PLUS_TP,HOLD
T0746,LONG_7_002,2024-01-15T13:09:00.000000000Z,2024-01-15T13:09:00.000000000Z,LONG,7.0,runner,2.3000000000000003,-2.1999999999988695,0.3285714285714286,-0.3142857142855528,PARTIAL_PLUS_TP,DECAY_EXIT
T0747,LONG_7_003,2024-01-15T14:15:00.000000000Z,2024-01-15T14:15:00.000000000Z,LONG,7.0,runner,2.3000000000000003,8.60000000000083,0.3285714285714286,1.228571428571547,PARTIAL_PLUS_TP,HOLD
T0748,LONG_8_001,2024-01-15T10:04:00.000000000Z,2024-01-15T10:04:00.000000000Z,LONG,8.0,runner,2.5,5.9000000000009045,0.3125,0.7375000000001131,PARTIAL_PLUS_TP,HOLD
T0749,LONG_8_002,2024-01-15T14:15:00.000000000Z,2024-01-15T14:15:00.000000000Z,LONG,8.0,runner,2.5,8.60000000000083,0.3125,1.0750000000001037,PARTIAL_PLUS_TP,HOLD
T0750,SHORT_1.5_001,2024-01-15T08:03:00.000000000Z,2024-01-15T08:03:00.000000000Z,SHORT,1.5,harvester,1.5,13.399999999998968,1.0,8.933333333332646,TP_HIT,HOLD
T0751,SHORT_1.5_001,2024-01-15T08:06:00.000000000Z,2024-01-15T08:06:00.000000000Z,SHORT,1.5,harvester,-1.5,-1.5,-1.0,-1.0,SL_HIT,PANIC
T0752,SHORT_1.5_001,2024-01-15T08:09:00.000000000Z,2024-01-15T08:09:00.000000000Z,SHORT,1.5,harvester,1.5,15.000000000000568,1.0,10.000000000000378,TP_HIT,HOLD
T0753,SHORT_1.5_001,2024-01-15T08:12:00.000000000Z,2024-01-15T08:12:00.000000000Z,SHORT,1.5,harvester,-1.5,16.300000000000203,-1.0,10.866666666666802,SL_HIT,HOLD
T0754,SHORT_1.5_001,2024-01-15T08:15:00.000000000Z,2024-01-15T08:15:00.000000000Z,SHORT,1.5,harvester,1.5,15.400000000000968,1.0,10.266666666667312,TP_HIT,HOLD
T0755,SHORT_1.5_001,2024-01-15T08:18:00.000000000Z,2024-01-15T08:18:00.000000000Z,SHORT,1.5,harvester,-1.5,14.799999999999258,-1.0,9.866666666666172,SL_HIT,HOLD
T0756,SHORT_1.5_001,2024-01-15T08:21:00.000000000Z,2024-01-15T08:21:00.000000000Z,SHORT,1.5,harvester,-1.5,17.399999999998528,-1.0,11.599999999999019,SL_HIT,HOLD
T0757,SHORT_1.5_001,2024-01-15T08:24:00.000000000Z,2024-01-15T08:24:00.000000000Z,SHORT,1.5,harvester,1.5,23.100000000000342,1.0,15.400000000000228,TP_HIT,HOLD
T0758,SHORT_1.5_001,2024-01-15T08:27:00.000000000Z,2024-01-15T08:27:00.000000000Z,SHORT,1.5,harvester,1.5,21.500000000000963,1.0,14.333333333333975,TP_HIT,HOLD
T0759,SHORT_1.5_001,2024-01-15T08:30:00.000000000Z,2024-01-15T08:30:00.000000000Z,SHORT,1.5,harvester,1.5,20.600000000001728,1.0,13.733333333334485,TP_HIT,HOLD
T0760,SHORT_1.5_001,2024-01-15T08:33:00.000000000Z,2024-01-15T08:33:00.000000000Z,SHORT,1.5,harvester,-1.5,20.499999999998852,-1.0,13.666666666665902,SL_HIT,HOLD
T0761,SHORT_1.5_001,2024-01-15T08:36:00.000000000Z,2024-01-15T08:36:00.000000000Z,SHORT,1.5,harvester,-1.5,21.000000000002128,-1.0,14.00000000000142,SL_HIT,HOLD
T0762,SHORT_1.5_001,2024-01-15T08:39:00.000000000Z,2024-01-15T08:39:00.000000000Z,SHORT,1.5,harvester,1.5,25.500000000000522,1.0,17.000000000000348,TP_HIT,HOLD
T0763,SHORT_1.5_001,2024-01-15T09:01:00.000000000Z,2024-01-15T09:01:00.000000000Z,SHORT,1.5,harvester,1.5,19.299999999999873,1.0,12.866666666666582,TP_HIT,HOLD
T0764,SHORT_1.5_001,2024-01-15T09:04:00.000000000Z,2024-01-15T09:04:00.000000000Z,SHORT,1.5,harvester,1.5,18.299999999999983,1.0,12.199999999999989,TP_HIT,HOLD
T0765,SHORT_1.5_001,2024-01-15T09:07:00.000000000Z,2024-01-15T09:07:00.000000000Z,SHORT,1.5,harvester,1.5,19.800000000000928,1.0,13.20000000000062,TP_HIT,HOLD
T0766,SHORT_1.5_001,2024-01-15T09:10:00.000000000Z,2024-01-15T09:10:00.000000000Z,SHORT,1.5,harvester,1.5,18.000000000000238,1.0,12.000000000000158,TP_HIT,HOLD
T0767,SHORT_1.5_001,2024-01-15T09:18:00.000000000Z,2024-01-15T09:18:00.000000000Z,SHORT,1.5,harvester,-1.5,11.300000000000754,-1.0,7.533333333333836,SL_HIT,DECAY_EXIT
T0768,SHORT_1.5_001,2024-01-15T09:21:00.000000000Z,2024-01-15T09:21:00.000000000Z,SHORT,1.5,harvester,1.5,13.700000000000934,1.0,9.133333333333956,TP_HIT,DECAY_EXIT
T0769,SHORT_1.5_001,2024-01-15T09:34:00.000000000Z,2024-01-15T09:34:00.000000000Z,SHORT,1.5,harvester,1.5,11.100000000001664,1.0,7.40000000000111,TP_HIT,DECAY_EXIT
T0770,SHORT_1.5_001,2024-01-15T09:37:00.000000000Z,2024-01-15T09:37:00.000000000Z,SHORT,1.5,harvester,1.5,5.300000000001415,1.0,3.5333333333342765,TP_HIT,DECAY_EXIT
T0771,SHORT_1.5_001,2024-01-15T09:40:00.000000000Z,2024-01-15T09:40:00.000000000Z,SHORT,1.5,harvester,1.5,5.9000000000009045,1.0,3.933333333333936,TP_HIT,DECAY_EXIT
T0772,SHORT_1.5_001,2024-01-15T09:43:00.000000000Z,2024-01-15T09:43:00.000000000Z,SHORT,1.5,harvester,1.5,5.700000000001815,1.0,3.80000000000121,TP_HIT,DECAY_EXIT
T0773,SHORT_1.5_001,2024-01-15T09:46:00.000000000Z,2024-01-15T09:46:00.000000000Z,SHORT,1.5,harvester,1.5,5.399999999999849,1.0,3.5999999999998997,TP_HIT,DECAY_EXIT
T0774,SHORT_1.5_001,2024-01-15T09:49:00.000000000Z,2024-01-15T09:49:00.000000000Z,SHORT,1.5,harvester,1.5,5.9000000000009045,1.0,3.933333333333936,TP_HIT,DECAY_EXIT
T0775,SHORT_1.5_001,2024-01-15T09:55:00.000000000Z,2024-01-15T09:55:00.000000000Z,SHORT,1.5,harvester,1.5,6.900000000000794,1.0,4.60000000000053,TP_HIT,DECAY_EXIT
T0776,SHORT_1.5_001,2024-01-15T09:58:00.000000000Z,2024-01-15T09:58:00.000000000Z,SHORT,1.5,harvester,1.5,4.900000000001015,1.0,3.266666666667343,TP_HIT,DECAY_EXIT
T0777,SHORT_1.5_001,2024-01-15T10:01:00.000000000Z,2024-01-15T10:01:00.000000000Z,SHORT,1.5,harvester,1.5,3.00000000000189,1.0,2.00000000000126,TP_HIT,DECAY_EXIT
T0778,SHORT_1.5_001,2024-01-15T10:04:00.000000000Z,2024-01-15T10:04:00.000000000Z,SHORT,1.5,harvester,1.5,-0.5999999999994898,1.0,-0.3999999999996599,TP_HIT,DECAY_EXIT
T0779,SHORT_1.5_001,2024-01-15T10:07:00.000000000Z,2024-01-15T10:07:00.000000000Z,SHORT,1.5,harvester,1.5,0.40000000000040004,1.0,0.26666666666693334,TP_HIT,DECAY_EXIT
T0780,SHORT_1.5_001,2024-01-15T10:10:00.000000000Z,2024-01-15T10:10:00.000000000Z,SHORT,1.5,harvester,1.5,-1.5,1.0,-1.0,TP_HIT,DECAY_EXIT
T0781,SHORT_1.5_001,2024-01-15T10:13:00.000000000Z,2024-01-15T10:13:00.000000000Z,SHORT,1.5,harvester,1.5,-1.5,1.0,-1.0,TP_HIT,DECAY_EXIT
T0782,SHORT_1.5_001,2024-01-15T10:16:00.000000000Z,2024-01-15T10:16:00.000000000Z,SHORT,1.5,harvester,1.5,0.6999999999979245,1.0,0.466666666665283,TP_HIT,HARVEST
T0783,SHORT_1.5_002,2024-01-15T10:30:00.000000000Z,2024-01-15T10:30:00.000000000Z,SHORT,1.5,harvester,1.5,-1.5,1.0,-1.0,TP_HIT,DECAY_EXIT
T0784,SHORT_1.5_002,2024-01-15T10:33:00.000000000Z,2024-01-15T10:33:00.000000000Z,SHORT,1.5,harvester,1.5,-1.5,1.0,-1.0,TP_HIT,PANIC
T0785,SHORT_1.5_002,2024-01-15T10:36:00.000000000Z,2024-01-15T10:36:00.000000000Z,SHORT,1.5,harvester,-1.5,-1.5,-1.0,-1.0,SL_HIT,PANIC
T0786,SHORT_1.5_003,2024-01-15T11:25:00.000000000Z,2024-01-15T11:25:00.000000000Z,SHORT,1.5,harvester,-1.5,-1.5,-1.0,-1.0,SL_HIT,PANIC
T0787,SHORT_1.5_003,2024-01-15T11:28:00.000000000Z,2024-01-15T11:28:00.000000000Z,SHORT,1.5,harvester,-1.5,-1.5,-1.0,-1.0,SL_HIT,PANIC
T0788,SHORT_1.5_003,2024-01-15T11:31:00.000000000Z,2024-01-15T11:31:00.000000000Z,SHORT,1.5,harvester,1.5,-1.5,1.0,-1.0,TP_HIT,PANIC
T0789,SHORT_1.5_003,2024-01-15T11:34:00.000000000Z,2024-01-15T11:34:00.000000000Z,SHORT,1.5,harvester,-1.5,-1.5,-1.0,-1.0,SL_HIT,PANIC
T0790,SHORT_1.5_003,2024-01-15T11:38:00.000000000Z,2024-01-15T11:38:00.000000000Z,SHORT,1.5,harvester,1.5,-1.5,1.0,-1.0,TP_HIT,PANIC
T0791,SHORT_1.5_003,2024-01-15T11:41:00.000000000Z,2024-01-15T11:41:00.000000000Z,SHORT,1.5,harvester,1.5,-1.5,1.0,-1.0,TP_HIT,PANIC
T0792,SHORT_1.5_003,2024-01-15T11:44:00.000000000Z,2024-01-15T11:44:00.000000000Z,SHORT,1.5,harvester,1.5,-1.5,1.0,-1.0,TP_HIT,PANIC
T0793,SHORT_1.5_003,2024-01-15T11:47:00.000000000Z,2024-01-15T11:47:00.000000000Z,SHORT,1.5,harvester,1.5,-1.5,1.0,-1.0,TP_HIT,PANIC
T0794,SHORT_1.5_003,2024-01-15T11:50:00.000000000Z,2024-01-15T11:50:00.000000000Z,SHORT,1.5,harvester,1.5,-1.5,1.0,-1.0,TP_HIT,PANIC
T0795,SHORT_1.5_003,2024-01-15T11:53:00.000000000Z,2024-01-15T11:53:00.000000000Z,SHORT,1.5,harvester,-1.5,-1.5,-1.0,-1.0,SL_HIT,PANIC
T0796,SHORT_1.5_003,2024-01-15T11:56:00.000000000Z,2024-01-15T11:56:00.000000000Z,SHORT,1.5,harvester,-1.5,-1.5,-1.0,-1.0,SL_HIT,PANIC
T0797,SHORT_1.5_003,2024-01-15T11:59:00.000000000Z,2024-01-15T11:59:00.000000000Z,SHORT,1.5,harvester,-1.5,-1.5,-1.0,-1.0,SL_HIT,PANIC
T0798,SHORT_1.5_003,2024-01-15T12:02:00.000000000Z,2024-01-15T12:02:00.000000000Z,SHORT,1.5,harvester,-1.5,-1.5,-1.0,-1.0,SL_HIT,PANIC
T0799,SHORT_1.5_003,2024-01-15T12:05:00.000000000Z,2024-01-15T12:05:00.000000000Z,SHORT,1.5,harvester,-1.5,-1.5,-1.0,-1.0,SL_HIT,PANIC
T0800,SHORT_1.5_003,2024-01-15T12:08:00.000000000Z,2024-01-15T12:08:00.000000000Z,SHORT,1.5,harvester,-1.5,-1.5,-1.0,-1.0,SL_HIT,PANIC
T0801,SHORT_1.5_003,2024-01-15T12:11:00.000000000Z,2024-01-15T12:11:00.000000000Z,SHORT,1.5,harvester,-1.5,-1.5,-1.0,-1.0,SL_HIT,PANIC
T0802,SHORT_1.5_003,2024-01-15T12:14:00.000000000Z,2024-01-15T12:14:00.000000000Z,SHORT,1.5,harvester,-1.5,3.5999999999991594,-1.0,2.3999999999994395,SL_HIT,DECAY_EXIT
T0803,SHORT_1.5_003,2024-01-15T12:17:00.000000000Z,2024-01-15T12:17:00.000000000Z,SHORT,1.5,harvester,1.5,4.799999999998139,1.0,3.1999999999987594,TP_HIT,DECAY_EXIT
T0804,SHORT_1.5_003,2024-01-15T12:20:00.000000000Z,2024-01-15T12:20:00.000000000Z,SHORT,1.5,harvester,1.5,3.1999999999987594,1.0,2.1333333333325064,TP_HIT,DECAY_EXIT
T0805,SHORT_1.5_003,2024-01-15T12:23:00.000000000Z,2024-01-15T12:23:00.000000000Z,SHORT,1.5,harvester,1.5,-1.5,1.0,-1.0,TP_HIT,PANIC
T0806,SHORT_1.5_003,2024-01-15T12:26:00.000000000Z,2024-01-15T12:26:00.000000000Z,SHORT,1.5,harvester,1.5,-1.5,1.0,-1.0,TP_HIT,PANIC
T0807,SHORT_1.5_003,2024-01-15T12:29:00.000000000Z,2024-01-15T12:29:00.000000000Z,SHORT,1.5,harvester,1.5,-1.5,1.0,-1.0,TP_HIT,PANIC
T0808,SHORT_1.5_003,2024-01-15T12:32:00.000000000Z,2024-01-15T12:32:00.000000000Z,SHORT,1.5,harvester,1.5,-1.5,1.0,-1.0,TP_HIT,PANIC
T0809,SHORT_1.5_003,2024-01-15T12:35:00.000000000Z,2024-01-15T12:35:00.000000000Z,SHORT,1.5,harvester,1.5,-1.5,1.0,-1.0,TP_HIT,PANIC
T0810,SHORT_1.5_003,2024-01-15T12:38:00.000000000Z,2024-01-15T12:38:00.000000000Z,SHORT,1.5,harvester,-1.5,-1.5,-1.0,-1.0,SL_HIT,PANIC
T0811,SHORT_1.5_003,2024-01-15T12:41:00.000000000Z,2024-01-15T12:41:00.000000000Z,SHORT,1.5,harvester,1.5,6.999999999999229,1.0,4.666666666666153,TP_HIT,DECAY_EXIT
T0812,SHORT_1.5_003,2024-01-15T12:44:00.000000000Z,2024-01-15T12:44:00.000000000Z,SHORT,1.5,harvester,1.5,3.1999999999987594,1.0,2.1333333333325064,TP_HIT,DECAY_EXIT
T0813,SHORT_1.5_003,2024-01-15T12:47:00.000000000Z,2024-01-15T12:47:00.000000000Z,SHORT,1.5,harvester,-1.5,2.0999999999982144,-1.0,1.3999999999988095,SL_HIT,DECAY_EXIT
T0814,SHORT_1.5_003,2024-01-15T12:50:00.000000000Z,2024-01-15T12:50:00.000000000Z,SHORT,1.5,harvester,1.5,4.8000000000003595,1.0,3.2000000000002395,TP_HIT,DECAY_EXIT
T0815,SHORT_1.5_003,2024-01-15T12:53:00.000000000Z,2024-01-15T12:53:00.000000000Z,SHORT,1.5,harvester,1.5,5.499999999998284,1.0,3.6666666666655225,TP_HIT,DECAY_EXIT
T0816,SHORT_1.5_003,2024-01-15T12:56:00.000000000Z,2024-01-15T12:56:00.000000000Z,SHORT,1.5,harvester,1.5,3.6999999999998145,1.0,2.466666666666543,TP_HIT,DECAY_EXIT
T0817,SHORT_1.5_003,2024-01-15T12:59:00.000000000Z,2024-01-15T12:59:00.000000000Z,SHORT,1.5,harvester,1.5,2.2999999999995246,1.0,1.5333333333330164,TP_HIT,DECAY_EXIT
T0818,SHORT_1.5_003,2024-01-15T13:02:00.000000000Z,2024-01-15T13:02:00.000000000Z,SHORT,1.5,harvester,1.5,0.2999999999997449,1.0,0.19999999999982995,TP_HIT,DECAY_EXIT
T0819,SHORT_1.5_003,2024-01-15T13:05:00.000000000Z,2024-01-15T13:05:00.000000000Z,SHORT,1.5,harvester,1.5,-0.5999999999994898,1.0,-0.3999999999996599,TP_HIT,DECAY_EXIT
T0820,SHORT_1.5_003,2024-01-15T13:08:00.000000000Z,2024-01-15T13:08:00.000000000Z,SHORT,1.5,harvester,1.5,-1.5,1.0,-1.0,TP_HIT,PANIC
T0821,SHORT_1.5_003,2024-01-15T13:11:00.000000000Z,2024-01-15T13:11:00.000000000Z,SHORT,1.5,harvester,1.5,0.5999999999994898,1.0,0.3999999999996599,TP_HIT,HARVEST
T0822,SHORT_1.5_003,2024-01-15T13:14:00.000000000Z,2024-01-15T13:14:00.000000000Z,SHORT,1.5,harvester,-1.5,-1.5,-1.0,-1.0,SL_HIT,PANIC
T0823,SHORT_1.5_003,2024-01-15T13:17:00.000000000Z,2024-01-15T13:17:00.000000000Z,SHORT,1.5,harvester,-1.5,4.999999999999449,-1.0,3.333333333332966,SL_HIT,HOLD
T0824,SHORT_1.5_003,2024-01-15T13:20:00.000000000Z,2024-01-15T13:20:00.000000000Z,SHORT,1.5,harvester,1.5,0.5000000000010552,1.0,0.33333333333403675,TP_HIT,HARVEST
T0825,SHORT_1.5_003,2024-01-15T13:23:00.000000000Z,2024-01-15T13:23:00.000000000Z,SHORT,1.5,harvester,-1.5,6.300000000001305,-1.0,4.20000000000087,SL_HIT,HOLD
T0826,SHORT_1.5_003,2024-01-15T13:31:00.000000000Z,2024-01-15T13:31:00.000000000Z,SHORT,1.5,harvester,1.5,6.099999999999994,1.0,4.066666666666663,TP_HIT,DECAY_EXIT
T0827,SHORT_1.5_003,2024-01-15T13:34:00.000000000Z,2024-01-15T13:34:00.000000000Z,SHORT,1.5,harvester,1.5,6.500000000000394,1.0,4.333333333333596,TP_HIT,DECAY_EXIT
T0828,SHORT_1.5_003,2024-01-15T13:37:00.000000000Z,2024-01-15T13:37:00.000000000Z,SHORT,1.5,harvester,-1.5,3.6999999999998145,-1.0,2.466666666666543,SL_HIT,DECAY_EXIT
T0829,SHORT_1.5_003,2024-01-15T13:40:00.000000000Z,2024-01-15T13:40:00.000000000Z,SHORT,1.5,harvester,-1.5,3.7999999999982492,-1.0,2.533333333332166,SL_HIT,DECAY_EXIT
T0830,SHORT_1.5_003,2024-01-15T13:43:00.000000000Z,2024-01-15T13:43:00.000000000Z,SHORT,1.5,harvester,-1.5,3.9999999999995595,-1.0,2.666666666666373,SL_HIT,DECAY_EXIT
T0831,SHORT_1.5_003,2024-01-15T14:03:00.000000000Z,2024-01-15T14:03:00.000000000Z,SHORT,1.5,harvester,1.5,1.9999999999997797,1.0,1.3333333333331865,TP_HIT,DECAY_EXIT
T0832,SHORT_1.5_003,2024-01-15T14:06:00.000000000Z,2024-01-15T14:06:00.000000000Z,SHORT,1.5,harvester,1.5,-1.5,1.0,-1.0,TP_HIT,DECAY_EXIT
T0833,SHORT_1.5_003,2024-01-15T14:09:00.000000000Z,2024-01-15T14:09:00.000000000Z,SHORT,1.5,harvester,1.5,-1.5,1.0,-1.0,TP_HIT,DECAY_EXIT
T0834,SHORT_1.5_003,2024-01-15T14:12:00.000000000Z,2024-01-15T14:12:00.000000000Z,SHORT,1.5,harvester,-1.5,-1.5,-1.0,-1.0,SL_HIT,PANIC
T0835,SHORT_1.5_003,2024-01-15T14:15:00.000000000Z,2024-01-15T14:15:00.000000000Z,SHORT,1.5,harvester,1.5,-1.5,1.0,-1.0,TP_HIT,DECAY_EXIT
T0836,SHORT_1.5_003,2024-01-15T14:24:00.000000000Z,2024-01-15T14:24:00.000000000Z,SHORT,1.5,harvester,1.5,-1.5,1.0,-1.0,TP_HIT,PANIC
T0837,SHORT_1.5_003,2024-01-15T14:27:00.000000000Z,2024-01-15T14:27:00.000000000Z,SHORT,1.5,harvester,1.5,-1.5,1.0,-1.0,TP_HIT,PANIC
T0838,SHORT_1.5_003,2024-01-15T14:30:00.000000000Z,2024-01-15T14:30:00.000000000Z,SHORT,1.5,harvester,1.5,-1.5,1.0,-1.0,TP_HIT,PANIC
T0839,SHORT_1.5_003,2024-01-15T15:00:00.000000000Z,2024-01-15T15:00:00.000000000Z,SHORT,1.5,harvester,1.5,-1.5,1.0,-1.0,TP_HIT,PANIC
T0840,SHORT_1.5_003,2024-01-15T15:03:00.000000000Z,2024-01-15T15:03:00.000000000Z,SHORT,1.5,harvester,-1.5,-1.5,-1.0,-1.0,SL_HIT,PANIC
T0841,SHORT_1.5_003,2024-01-15T15:07:00.000000000Z,2024-01-15T15:07:00.000000000Z,SHORT,1.5,harvester,1.5,-1.5,1.0,-1.0,TP_HIT,PANIC
T0842,SHORT_1.5_003,2024-01-15T15:10:00.000000000Z,2024-01-15T15:10:00.000000000Z,SHORT,1.5,harvester,1.5,-1.5,1.0,-1.0,TP_HIT,PANIC
T0843,SHORT_1.5_003,2024-01-15T15:13:00.000000000Z,2024-01-15T15:13:00.000000000Z,SHORT,1.5,harvester,-1.5,-1.5,-1.0,-1.0,SL_HIT,PANIC
T0844,SHORT_1.5_003,2024-01-15T15:16:00.000000000Z,2024-01-15T15:16:00.000000000Z,SHORT,1.5,harvester,1.5,-1.5,1.0,-1.0,TP_HIT,PANIC
T0845,SHORT_1.5_003,2024-01-15T15:19:00.000000000Z,2024-01-15T15:19:00.000000000Z,SHORT,1.5,harvester,-1.5,-1.5,-1.0,-1.0,SL_HIT,PANIC
T0846,SHORT_1.5_003,2024-01-15T15:22:00.000000000Z,2024-01-15T15:22:00.000000000Z,SHORT,1.5,harvester,1.5,-1.5,1.0,-1.0,TP_HIT,PANIC
T0847,SHORT_1.5_003,2024-01-15T15:25:00.000000000Z,2024-01-15T15:25:00.000000000Z,SHORT,1.5,harvester,1.5,-1.5,1.0,-1.0,TP_HIT,PANIC
T0848,SHORT_1.5_003,2024-01-15T15:28:00.000000000Z,2024-01-15T15:28:00.000000000Z,SHORT,1.5,harvester,1.5,-1.5,1.0,-1.0,TP_HIT,PANIC
T0849,SHORT_1.5_003,2024-01-15T15:31:00.000000000Z,2024-01-15T15:31:00.000000000Z,SHORT,1.5,harvester,1.5,-1.5,1.0,-1.0,TP_HIT,PANIC
T0850,SHORT_1.5_003,2024-01-15T15:34:00.000000000Z,2024-01-15T15:34:00.000000000Z,SHORT,1.5,harvester,1.5,-1.5,1.0,-1.0,TP_HIT,PANIC
T0851,SHORT_1.5_003,2024-01-15T15:37:00.000000000Z,2024-01-15T15:37:00.000000000Z,SHORT,1.5,harvester,-1.5,-1.5,-1.0,-1.0,SL_HIT,PANIC
T0852,SHORT_1.5_004,2024-01-15T15:45:00.000000000Z,2024-01-15T15:45:00.000000000Z,SHORT,1.5,harvester,1.5,-1.5,1.0,-1.0,TP_HIT,PANIC
T0853,SHORT_1.5_005,2024-01-15T15:54:00.000000000Z,2024-01-15T15:54:00.000000000Z,SHORT,1.5,harvester,-1.5,1.7999999999984695,-1.0,1.1999999999989797,SL_HIT,HOLD
T0854,SHORT_1.5_005,2024-01-15T15:57:00.000000000Z,2024-01-15T15:57:00.000000000Z,SHORT,1.5,harvester,1.5,0.6000000000017103,1.0,0.40000000000114017,TP_HIT,HARVEST
T0855,SHORT_1.5_005,2024-01-15T16:00:00.000000000Z,2024-01-15T16:00:00.000000000Z,SHORT,1.5,harvester,1.5,3.4999999999985043,1.0,2.333333333332336,TP_HIT,HOLD
T0856,SHORT_1.5_005,2024-01-15T16:27:00.000000000Z,2024-01-15T16:27:00.000000000Z,SHORT,1.5,harvester,1.5,4.3999999999999595,1.0,2.9333333333333065,TP_HIT,HOLD
T0857,SHORT_1.5_005,2024-01-15T16:30:00.000000000Z,2024-01-15T16:30:00.000000000Z,SHORT,1.5,harvester,1.5,4.500000000000615,1.0,3.00000000000041,TP_HIT,HOLD
T0858,SHORT_1.5_005,2024-01-15T16:33:00.000000000Z,2024-01-15T16:33:00.000000000Z,SHORT,1.5,harvester,1.5,2.4000000000001798,1.0,1.6000000000001198,TP_HIT,HOLD
T0859,SHORT_1.5_005,2024-01-15T16:36:00.000000000Z,2024-01-15T16:36:00.000000000Z,SHORT,1.5,harvester,1.5,2.1999999999988695,1.0,1.466666666665913,TP_HIT,HOLD
T0860,SHORT_1.5_005,2024-01-15T16:39:00.000000000Z,2024-01-15T16:39:00.000000000Z,SHORT,1.5,harvester,1.5,1.7999999999984695,1.0,1.1999999999989797,TP_HIT,HOLD
T0861,SHORT_1.5_005,2024-01-15T16:43:00.000000000Z,2024-01-15T16:43:00.000000000Z,SHORT,1.5,harvester,-1.5,0.09999999999843467,-1.0,0.06666666666562311,SL_HIT,HOLD
T0862,SHORT_1.5_005,2024-01-15T16:57:00.000000000Z,2024-01-15T16:57:00.000000000Z,SHORT,1.5,harvester,-0.2999999999997449,-0.2999999999997449,-0.19999999999982995,-0.19999999999982995,TIMEOUT,HOLD
T0863,SHORT_2.5_001,2024-01-15T08:03:00.000000000Z,2024-01-15T08:03:00.000000000Z,SHORT,2.5,harvester,-2.5,13.399999999998968,-1.0,5.359999999999587,SL_HIT,HOLD
T0864,SHORT_2.5_001,2024-01-15T08:06:00.000000000Z,2024-01-15T08:06:00.000000000Z,SHORT,2.5,harvester,-2.5,-2.5,-1.0,-1.0,SL_HIT,PANIC
T0865,SHORT_2.5_001,2024-01-15T08:09:00.000000000Z,2024-01-15T08:09:00.000000000Z,SHORT,2.5,harvester,2.5,15.000000000000568,1.0,6.000000000000227,TP_HIT,HOLD
T0866,SHORT_2.5_001,2024-01-15T08:12:00.000000000Z,2024-01-15T08:12:00.000000000Z,SHORT,2.5,harvester,2.5,16.300000000000203,1.0,6.520000000000081,TP_HIT,HOLD
T0867,SHORT_2.5_001,2024-01-15T08:15:00.000000000Z,2024-01-15T08:15:00.000000000Z,SHORT,2.5,harvester,2.5,15.400000000000968,1.0,6.160000000000387,TP_HIT,HOLD
T0868,SHORT_2.5_001,2024-01-15T08:18:00.000000000Z,2024-01-15T08:18:00.000000000Z,SHORT,2.5,harvester,-2.5,14.799999999999258,-1.0,5.919999999999703,SL_HIT,HOLD
T0869,SHORT_2.5_001,2024-01-15T08:21:00.000000000Z,2024-01-15T08:21:00.000000000Z,SHORT,2.5,harvester,2.5,17.399999999998528,1.0,6.959999999999411,TP_HIT,HOLD
T0870,SHORT_2.5_001,2024-01-15T08:24:00.000000000Z,2024-01-15T08:24:00.000000000Z,SHORT,2.5,harvester,2.5,23.100000000000342,1.0,9.240000000000137,TP_HIT,HOLD
T0871,SHORT_2.5_001,2024-01-15T08:27:00.000000000Z,2024-01-15T08:27:00.000000000Z,SHORT,2.5,harvester,2.5,21.500000000000963,1.0,8.600000000000385,TP_HIT,HOLD
T0872,SHORT_2.5_001,2024-01-15T08:30:00.000000000Z,2024-01-15T08:30:00.000000000Z,SHORT,2.5,harvester,2.5,20.600000000001728,1.0,8.240000000000691,TP_HIT,HOLD
T0873,SHORT_2.5_001,2024-01-15T08:33:00.000000000Z,2024-01-15T08:33:00.000000000Z,SHORT,2.5,harvester,2.5,20.499999999998852,1.0,8.199999999999541,TP_HIT,HOLD
T0874,SHORT_2.5_001,2024-01-15T08:36:00.000000000Z,2024-01-15T08:36:00.000000000Z,SHORT,2.5,harvester,2.5,21.000000000002128,1.0,8.400000000000851,TP_HIT,HOLD
T0875,SHORT_2.5_001,2024-01-15T08:39:00.000000000Z,2024-01-15T08:39:00.000000000Z,SHORT,2.5,harvester,2.5,25.500000000000522,1.0,10.200000000000209,TP_HIT,HOLD
T0876,SHORT_2.5_001,2024-01-15T09:02:00.000000000Z,2024-01-15T09:02:00.000000000Z,SHORT,2.5,harvester,2.5,16.80000000000126,1.0,6.720000000000503,TP_HIT,HOLD
T0877,SHORT_2.5_001,2024-01-15T09:06:00.000000000Z,2024-01-15T09:06:00.000000000Z,SHORT,2.5,harvester,2.5,20.300000000001983,1.0,8.120000000000793,TP_HIT,HOLD
T0878,SHORT_2.5_001,2024-01-15T09:09:00.000000000Z,2024-01-15T09:09:00.000000000Z,SHORT,2.5,harvester,2.5,18.699999999998163,1.0,7.479999999999265,TP_HIT,HOLD
T0879,SHORT_2.5_001,2024-01-15T09:18:00.000000000Z,2024-01-15T09:18:00.000000000Z,SHORT,2.5,harvester,-2.5,11.300000000000754,-1.0,4.5200000000003016,SL_HIT,DECAY_EXIT
T0880,SHORT_2.5_001,2024-01-15T09:21:00.000000000Z,2024-01-15T09:21:00.000000000Z,SHORT,2.5,harvester,2.5,13.700000000000934,1.0,5.4800000000003735,TP_HIT,DECAY_EXIT
T0881,SHORT_2.5_001,2024-01-15T09:34:00.000000000Z,2024-01-15T09:34:00.000000000Z,SHORT,2.5,harvester,2.5,11.100000000001664,1.0,4.440000000000666,TP_HIT,DECAY_EXIT
T0882,SHORT_2.5_001,2024-01-15T09:37:00.000000000Z,2024-01-15T09:37:00.000000000Z,SHORT,2.5,harvester,2.5,5.300000000001415,1.0,2.120000000000566,TP_HIT,DECAY_EXIT
T0883,SHORT_2.5_001,2024-01-15T09:40:00.000000000Z,2024-01-15T09:40:00.000000000Z,SHORT,2.5,harvester,2.5,5.9000000000009045,1.0,2.360000000000362,TP_HIT,DECAY_EXIT
T0884,SHORT_2.5_001,2024-01-15T09:43:00.000000000Z,2024-01-15T09:43:00.000000000Z,SHORT,2.5,harvester,2.5,5.700000000001815,1.0,2.280000000000726,TP_HIT,DECAY_EXIT
T0885,SHORT_2.5_001,2024-01-15T09:46:00.000000000Z,2024-01-15T09:46:00.000000000Z,SHORT,2.5,harvester,2.5,5.399999999999849,1.0,2.1599999999999397,TP_HIT,DECAY_EXIT
T0886,SHORT_2.5_001,2024-01-15T09:49:00.000000000Z,2024-01-15T09:49:00.000000000Z,SHORT,2.5,harvester,2.5,5.9000000000009045,1.0,2.360000000000362,TP_HIT,DECAY_EXIT
T0887,SHORT_2.5_001,2024-01-15T09:55:00.000000000Z,2024-01-15T09:55:00.000000000Z,SHORT,2.5,harvester,2.5,6.900000000000794,1.0,2.7600000000003178,TP_HIT,DECAY_EXIT
T0888,SHORT_2.5_001,2024-01-15T09:58:00.000000000Z,2024-01-15T09:58:00.000000000Z,SHORT,2.5,harvester,2.5,4.900000000001015,1.0,1.9600000000004059,TP_HIT,DECAY_EXIT
T0889,SHORT_2.5_001,2024-01-15T10:01:00.000000000Z,2024-01-15T10:01:00.000000000Z,SHORT,2.5,harvester,2.5,3.00000000000189,1.0,1.200000000000756,TP_HIT,DECAY_EXIT
T0890,SHORT_2.5_001,2024-01-15T10:04:00.000000000Z,2024-01-15T10:04:00.000000000Z,SHORT,2.5,harvester,2.5,-0.5999999999994898,1.0,-0.23999999999979593,TP_HIT,DECAY_EXIT
T0891,SHORT_2.5_001,2024-01-15T10:07:00.000000000Z,2024-01-15T10:07:00.000000000Z,SHORT,2.5,harvester,2.5,0.40000000000040004,1.0,0.16000000000016001,TP_HIT,DECAY_EXIT
T0892,SHORT_2.5_001,2024-01-15T10:10:00.000000000Z,2024-01-15T10:10:00.000000000Z,SHORT,2.5,harvester,2.5,-1.80000000000069,1.0,-0.720000000000276,TP_HIT,DECAY_EXIT
T0893,SHORT_2.5_001,2024-01-15T10:13:00.000000000Z,2024-01-15T10:13:00.000000000Z,SHORT,2.5,harvester,2.5,-2.5,1.0,-1.0,TP_HIT,DECAY_EXIT
T0894,SHORT_2.5_001,2024-01-15T10:16:00.000000000Z,2024-01-15T10:16:00.000000000Z,SHORT,2.5,harvester,2.5,0.6999999999979245,1.0,0.2799999999991698,TP_HIT,HARVEST
T0895,SHORT_2.5_002,2024-01-15T10:30:00.000000000Z,2024-01-15T10:30:00.000000000Z,SHORT,2.5,harvester,2.5,-2.5,1.0,-1.0,TP_HIT,DECAY_EXIT
T0896,SHORT_2.5_002,2024-01-15T10:33:00.000000000Z,2024-01-15T10:33:00.000000000Z,SHORT,2.5,harvester,2.5,-2.5,1.0,-1.0,TP_HIT,PANIC
T0897,SHORT_2.5_002,2024-01-15T10:36:00.000000000Z,2024-01-15T10:36:00.000000000Z,SHORT,2.5,harvester,-2.5,-2.5,-1.0,-1.0,SL_HIT,PANIC
T0898,SHORT_2.5_003,2024-01-15T11:26:00.000000000Z,2024-01-15T11:26:00.000000000Z,SHORT,2.5,harvester,-2.5,-2.5,-1.0,-1.0,SL_HIT,PANIC
T0899,SHORT_2.5_003,2024-01-15T11:29:00.000000000Z,2024-01-15T11:29:00.000000000Z,SHORT,2.5,harvester,2.5,-2.5,1.0,-1.0,TP_HIT,PANIC
T0900,SHORT_2.5_003,2024-01-15T11:32:00.000000000Z,2024-01-15T11:32:00.000000000Z,SHORT,2.5,harvester,2.5,-2.5,1.0,-1.0,TP_HIT,PANIC
T0901,SHORT_2.5_003,2024-01-15T11:38:00.000000000Z,2024-01-15T11:38:00.000000000Z,SHORT,2.5,harvester,2.5,-2.5,1.0,-1.0,TP_HIT,PANIC
T0902,SHORT_2.5_003,2024-01-15T11:41:00.000000000Z,2024-01-15T11:41:00.000000000Z,SHORT,2.5,harvester,2.5,-2.5,1.0,-1.0,TP_HIT,PANIC
T0903,SHORT_2.5_003,2024-01-15T11:44:00.000000000Z,2024-01-15T11:44:00.000000000Z,SHORT,2.5,harvester,2.5,-2.5,1.0,-1.0,TP_HIT,PANIC
T0904,SHORT_2.5_003,2024-01-15T11:47:00.000000000Z,2024-01-15T11:47:00.000000000Z,SHORT,2.5,harvester,2.5,-2.5,1.0,-1.0,TP_HIT,PANIC
T0905,SHORT_2.5_003,2024-01-15T11:50:00.000000000Z,2024-01-15T11:50:00.000000000Z,SHORT,2.5,harvester,2.5,-2.5,1.0,-1.0,TP_HIT,PANIC
T0906,SHORT_2.5_004,2024-01-15T12:04:00.000000000Z,2024-01-15T12:04:00.000000000Z,SHORT,2.5,harvester,-2.5,-2.5,-1.0,-1.0,SL_HIT,PANIC
T0907,SHORT_2.5_004,2024-01-15T12:07:00.000000000Z,2024-01-15T12:07:00.000000000Z,SHORT,2.5,harvester,-2.5,-2.5,-1.0,-1.0,SL_HIT,PANIC
T0908,SHORT_2.5_004,2024-01-15T12:10:00.000000000Z,2024-01-15T12:10:00.000000000Z,SHORT,2.5,harvester,-2.5,-2.5,-1.0,-1.0,SL_HIT,PANIC
T0909,SHORT_2.5_004,2024-01-15T12:13:00.000000000Z,2024-01-15T12:13:00.000000000Z,SHORT,2.5,harvester,2.5,2.9999999999996696,1.0,1.1999999999998678,TP_HIT,DECAY_EXIT
T0910,SHORT_2.5_004,2024-01-15T12:16:00.000000000Z,2024-01-15T12:16:00.000000000Z,SHORT,2.5,harvester,2.5,3.4999999999985043,1.0,1.3999999999994017,TP_HIT,DECAY_EXIT
T0911,SHORT_2.5_004,2024-01-15T12:19:00.000000000Z,2024-01-15T12:19:00.000000000Z,SHORT,2.5,harvester,2.5,3.0999999999981043,1.0,1.2399999999992417,TP_HIT,DECAY_EXIT
T0912,SHORT_2.5_004,2024-01-15T12:22:00.000000000Z,2024-01-15T12:22:00.000000000Z,SHORT,2.5,harvester,2.5,-2.5,1.0,-1.0,TP_HIT,PANIC
T0913,SHORT_2.5_004,2024-01-15T12:25:00.000000000Z,2024-01-15T12:25:00.000000000Z,SHORT,2.5,harvester,2.5,-2.5,1.0,-1.0,TP_HIT,PANIC
T0914,SHORT_2.5_004,2024-01-15T12:28:00.000000000Z,2024-01-15T12:28:00.000000000Z,SHORT,2.5,harvester,2.5,-2.5,1.0,-1.0,TP_HIT,PANIC
T0915,SHORT_2.5_004,2024-01-15T12:31:00.000000000Z,2024-01-15T12:31:00.000000000Z,SHORT,2.5,harvester,-2.5,-2.5,-1.0,-1.0,SL_HIT,PANIC
T0916,SHORT_2.5_004,2024-01-15T12:34:00.000000000Z,2024-01-15T12:34:00.000000000Z,SHORT,2.5,harvester,2.5,-2.5,1.0,-1.0,TP_HIT,PANIC
T0917,SHORT_2.5_004,2024-01-15T12:37:00.000000000Z,2024-01-15T12:37:00.000000000Z,SHORT,2.5,harvester,-2.5,-2.5,-1.0,-1.0,SL_HIT,PANIC
T0918,SHORT_2.5_004,2024-01-15T12:40:00.000000000Z,2024-01-15T12:40:00.000000000Z,SHORT,2.5,harvester,-2.5,4.3999999999999595,-1.0,1.7599999999999838,SL_HIT,DECAY_EXIT
T0919,SHORT_2.5_004,2024-01-15T12:43:00.000000000Z,2024-01-15T12:43:00.000000000Z,SHORT,2.5,harvester,2.5,5.599999999998939,1.0,2.2399999999995757,TP_HIT,DECAY_EXIT
T0920,SHORT_2.5_004,2024-01-15T12:46:00.000000000Z,2024-01-15T12:46:00.000000000Z,SHORT,2.5,harvester,-2.5,0.09999999999843467,-1.0,0.03999999999937387,SL_HIT,DECAY_EXIT
T0921,SHORT_2.5_004,2024-01-15T12:49:00.000000000Z,2024-01-15T12:49:00.000000000Z,SHORT,2.5,harvester,2.5,3.8999999999989043,1.0,1.5599999999995617,TP_HIT,DECAY_EXIT
T0922,SHORT_2.5_004,2024-01-15T12:52:00.000000000Z,2024-01-15T12:52:00.000000000Z,SHORT,2.5,harvester,2.5,4.499999999998394,1.0,1.7999999999993577,TP_HIT,DECAY_EXIT
T0923,SHORT_2.5_004,2024-01-15T12:55:00.000000000Z,2024-01-15T12:55:00.000000000Z,SHORT,2.5,harvester,2.5,4.100000000000215,1.0,1.6400000000000858,TP_HIT,DECAY_EXIT
T0924,SHORT_2.5_004,2024-01-15T12:58:00.000000000Z,2024-01-15T12:58:00.000000000Z,SHORT,2.5,harvester,2.5,1.7000000000000348,1.0,0.6800000000000139,TP_HIT,DECAY_EXIT
T0925,SHORT_2.5_004,2024-01-15T13:01:00.000000000Z,2024-01-15T13:01:00.000000000Z,SHORT,2.5,harvester,2.5,0.700000000000145,1.0,0.280000000000058,TP_HIT,DECAY_EXIT
T0926,SHORT_2.5_004,2024-01-15T13:04:00.000000000Z,2024-01-15T13:04:00.000000000Z,SHORT,2.5,harvester,2.5,-1.9999999999997797,1.0,-0.7999999999999119,TP_HIT,DECAY_EXIT
T0927,SHORT_2.5_004,2024-01-15T13:07:00.000000000Z,2024-01-15T13:07:00.000000000Z,SHORT,2.5,harvester,2.5,1.40000000000029,1.0,0.560000000000116,TP_HIT,HARVEST
T0928,SHORT_2.5_004,2024-01-15T13:10:00.000000000Z,2024-01-15T13:10:00.000000000Z,SHORT,2.5,harvester,-2.5,-2.5,-1.0,-1.0,SL_HIT,PANIC
T0929,SHORT_2.5_004,2024-01-15T13:13:00.000000000Z,2024-01-15T13:13:00.000000000Z,SHORT,2.5,harvester,-2.5,-2.5,-1.0,-1.0,SL_HIT,PANIC
T0930,SHORT_2.5_004,2024-01-15T13:16:00.000000000Z,2024-01-15T13:16:00.000000000Z,SHORT,2.5,harvester,-2.5,5.1000000000001044,-1.0,2.040000000000042,SL_HIT,HOLD
T0931,SHORT_2.5_004,2024-01-15T13:19:00.000000000Z,2024-01-15T13:19:00.000000000Z,SHORT,2.5,harvester,2.5,0.5000000000010552,1.0,0.20000000000042206,TP_HIT,HARVEST
T0932,SHORT_2.5_004,2024-01-15T13:22:00.000000000Z,2024-01-15T13:22:00.000000000Z,SHORT,2.5,harvester,-2.5,7.0000000000014495,-1.0,2.80000000000058,SL_HIT,HOLD
T0933,SHORT_2.5_004,2024-01-15T13:25:00.000000000Z,2024-01-15T13:25:00.000000000Z,SHORT,2.5,harvester,-2.5,4.999999999999449,-1.0,1.9999999999997797,SL_HIT,HOLD
T0934,SHORT_2.5_004,2024-01-15T13:31:00.000000000Z,2024-01-15T13:31:00.000000000Z,SHORT,2.5,harvester,2.5,6.099999999999994,1.0,2.4399999999999977,TP_HIT,DECAY_EXIT
T0935,SHORT_2.5_004,2024-01-15T13:34:00.000000000Z,2024-01-15T13:34:00.000000000Z,SHORT,2.5,harvester,2.5,6.500000000000394,1.0,2.6000000000001577,TP_HIT,DECAY_EXIT
T0936,SHORT_2.5_004,2024-01-15T13:37:00.000000000Z,2024-01-15T13:37:00.000000000Z,SHORT,2.5,harvester,2.5,3.6999999999998145,1.0,1.4799999999999258,TP_HIT,DECAY_EXIT
T0937,SHORT_2.5_004,2024-01-15T13:40:00.000000000Z,2024-01-15T13:40:00.000000000Z,SHORT,2.5,harvester,2.5,3.7999999999982492,1.0,1.5199999999992997,TP_HIT,DECAY_EXIT
T0938,SHORT_2.5_004,2024-01-15T13:43:00.000000000Z,2024-01-15T13:43:00.000000000Z,SHORT,2.5,harvester,2.5,3.9999999999995595,1.0,1.5999999999998238,TP_HIT,DECAY_EXIT
T0939,SHORT_2.5_004,2024-01-15T14:03:00.000000000Z,2024-01-15T14:03:00.000000000Z,SHORT,2.5,harvester,2.5,1.9999999999997797,1.0,0.7999999999999119,TP_HIT,DECAY_EXIT
T0940,SHORT_2.5_004,2024-01-15T14:06:00.000000000Z,2024-01-15T14:06:00.000000000Z,SHORT,2.5,harvester,-2.5,-2.5,-1.0,-1.0,SL_HIT,DECAY_EXIT
T0941,SHORT_2.5_004,2024-01-15T14:09:00.000000000Z,2024-01-15T14:09:00.000000000Z,SHORT,2.5,harvester,-2.5,-2.5,-1.0,-1.0,SL_HIT,DECAY_EXIT
T0942,SHORT_2.5_004,2024-01-15T14:12:00.000000000Z,2024-01-15T14:12:00.000000000Z,SHORT,2.5,harvester,-2.5,-2.5,-1.0,-1.0,SL_HIT,PANIC
T0943,SHORT_2.5_004,2024-01-15T14:15:00.000000000Z,2024-01-15T14:15:00.000000000Z,SHORT,2.5,harvester,-2.5,-2.5,-1.0,-1.0,SL_HIT,DECAY_EXIT
T0944,SHORT_2.5_004,2024-01-15T14:24:00.000000000Z,2024-01-15T14:24:00.000000000Z,SHORT,2.5,harvester,-2.5,-2.5,-1.0,-1.0,SL_HIT,PANIC
T0945,SHORT_2.5_004,2024-01-15T14:27:00.000000000Z,2024-01-15T14:27:00.000000000Z,SHORT,2.5,harvester,-2.5,-2.5,-1.0,-1.0,SL_HIT,PANIC
T0946,SHORT_2.5_004,2024-01-15T14:30:00.000000000Z,2024-01-15T14:30:00.000000000Z,SHORT,2.5,harvester,2.5,-2.5,1.0,-1.0,TP_HIT,PANIC
T0947,SHORT_2.5_004,2024-01-15T15:01:00.000000000Z,2024-01-15T15:01:00.000000000Z,SHORT,2.5,harvester,-2.5,-2.5,-1.0,-1.0,SL_HIT,PANIC
T0948,SHORT_2.5_004,2024-01-15T15:04:00.000000000Z,2024-01-15T15:04:00.000000000Z,SHORT,2.5,harvester,2.5,-2.5,1.0,-1.0,TP_HIT,PANIC
T0949,SHORT_2.5_004,2024-01-15T15:07:00.000000000Z,2024-01-15T15:07:00.000000000Z,SHORT,2.5,harvester,2.5,-2.5,1.0,-1.0,TP_HIT,PANIC
T0950,SHORT_2.5_004,2024-01-15T15:10:00.000000000Z,2024-01-15T15:10:00.000000000Z,SHORT,2.5,harvester,2.5,-2.5,1.0,-1.0,TP_HIT,PANIC
T0951,SHORT_2.5_004,2024-01-15T15:13:00.000000000Z,2024-01-15T15:13:00.000000000Z,SHORT,2.5,harvester,-2.5,-2.5,-1.0,-1.0,SL_HIT,PANIC
T0952,SHORT_2.5_004,2024-01-15T15:16:00.000000000Z,2024-01-15T15:16:00.000000000Z,SHORT,2.5,harvester,-2.5,-2.5,-1.0,-1.0,SL_HIT,PANIC
T0953,SHORT_2.5_004,2024-01-15T15:19:00.000000000Z,2024-01-15T15:19:00.000000000Z,SHORT,2.5,harvester,-2.5,-2.5,-1.0,-1.0,SL_HIT,PANIC
T0954,SHORT_2.5_004,2024-01-15T15:22:00.000000000Z,2024-01-15T15:22:00.000000000Z,SHORT,2.5,harvester,-2.5,-2.5,-1.0,-1.0,SL_HIT,PANIC
T0955,SHORT_2.5_004,2024-01-15T15:25:00.000000000Z,2024-01-15T15:25:00.000000000Z,SHORT,2.5,harvester,2.5,-2.5,1.0,-1.0,TP_HIT,PANIC
T0956,SHORT_2.5_004,2024-01-15T15:28:00.000000000Z,2024-01-15T15:28:00.000000000Z,SHORT,2.5,harvester,2.5,-2.5,1.0,-1.0,TP_HIT,PANIC
T0957,SHORT_2.5_004,2024-01-15T15:31:00.000000000Z,2024-01-15T15:31:00.000000000Z,SHORT,2.5,harvester,2.5,-2.5,1.0,-1.0,TP_HIT,PANIC
T0958,SHORT_2.5_004,2024-01-15T15:34:00.000000000Z,2024-01-15T15:34:00.000000000Z,SHORT,2.5,harvester,2.5,-2.5,1.0,-1.0,TP_HIT,PANIC
T0959,SHORT_2.5_004,2024-01-15T15:37:00.000000000Z,2024-01-15T15:37:00.000000000Z,SHORT,2.5,harvester,-2.5,-2.5,-1.0,-1.0,SL_HIT,PANIC
T0960,SHORT_2.5_005,2024-01-15T15:57:00.000000000Z,2024-01-15T15:57:00.000000000Z,SHORT,2.5,harvester,2.5,0.6000000000017103,1.0,0.2400000000006841,TP_HIT,HARVEST
T0961,SHORT_2.5_005,2024-01-15T16:00:00.000000000Z,2024-01-15T16:00:00.000000000Z,SHORT,2.5,harvester,2.5,3.4999999999985043,1.0,1.3999999999994017,TP_HIT,HOLD
T0962,SHORT_2.5_005,2024-01-15T16:27:00.000000000Z,2024-01-15T16:27:00.000000000Z,SHORT,2.5,harvester,2.5,4.3999999999999595,1.0,1.7599999999999838,TP_HIT,HOLD
T0963,SHORT_2.5_005,2024-01-15T16:30:00.000000000Z,2024-01-15T16:30:00.000000000Z,SHORT,2.5,harvester,2.5,4.500000000000615,1.0,1.8000000000002458,TP_HIT,HOLD
T0964,SHORT_2.5_005,2024-01-15T16:33:00.000000000Z,2024-01-15T16:33:00.000000000Z,SHORT,2.5,harvester,2.5,2.4000000000001798,1.0,0.9600000000000719,TP_HIT,HOLD
T0965,SHORT_2.5_005,2024-01-15T16:36:00.000000000Z,2024-01-15T16:36:00.000000000Z,SHORT,2.5,harvester,2.1999999999988695,2.1999999999988695,0.8799999999995478,0.8799999999995478,TIMEOUT,HOLD
T0966,SHORT_2.5_005,2024-01-15T16:39:00.000000000Z,2024-01-15T16:39:00.000000000Z,SHORT,2.5,harvester,1.7999999999984695,1.7999999999984695,0.7199999999993878,0.7199999999993878,TIMEOUT,HOLD
T0967,SHORT_3.5_001,2024-01-15T08:03:00.000000000Z,2024-01-15T08:03:00.000000000Z,SHORT,3.5,harvester,3.5,13.399999999998968,1.0,3.828571428571134,TP_HIT,HOLD
T0968,SHORT_3.5_001,2024-01-15T08:06:00.000000000Z,2024-01-15T08:06:00.000000000Z,SHORT,3.5,harvester,-3.5,-3.5,-1.0,-1.0,SL_HIT,PANIC
T0969,SHORT_3.5_001,2024-01-15T08:09:00.000000000Z,2024-01-15T08:09:00.000000000Z,SHORT,3.5,harvester,3.5,15.000000000000568,1.0,4.285714285714448,TP_HIT,HOLD
T0970,SHORT_3.5_001,2024-01-15T08:12:00.000000000Z,2024-01-15T08:12:00.000000000Z,SHORT,3.5,harvester,3.5,16.300000000000203,1.0,4.657142857142915,TP_HIT,HOLD
T0971,SHORT_3.5_001,2024-01-15T08:15:00.000000000Z,2024-01-15T08:15:00.000000000Z,SHORT,3.5,harvester,3.5,15.400000000000968,1.0,4.400000000000277,TP_HIT,HOLD
T0972,SHORT_3.5_001,2024-01-15T08:18:00.000000000Z,2024-01-15T08:18:00.000000000Z,SHORT,3.5,harvester,3.5,14.799999999999258,1.0,4.228571428571216,TP_HIT,HOLD
T0973,SHORT_3.5_001,2024-01-15T08:21:00.000000000Z,2024-01-15T08:21:00.000000000Z,SHORT,3.5,harvester,3.5,17.399999999998528,1.0,4.9714285714281505,TP_HIT,HOLD
T0974,SHORT_3.5_001,2024-01-15T08:24:00.000000000Z,2024-01-15T08:24:00.000000000Z,SHORT,3.5,harvester,3.5,23.100000000000342,1.0,6.600000000000098,TP_HIT,HOLD
T0975,SHORT_3.5_001,2024-01-15T08:27:00.000000000Z,2024-01-15T08:27:00.000000000Z,SHORT,3.5,harvester,3.5,21.500000000000963,1.0,6.142857142857418,TP_HIT,HOLD
T0976,SHORT_3.5_001,2024-01-15T08:30:00.000000000Z,2024-01-15T08:30:00.000000000Z,SHORT,3.5,harvester,3.5,20.600000000001728,1.0,5.885714285714779,TP_HIT,HOLD
T0977,SHORT_3.5_001,2024-01-15T08:33:00.000000000Z,2024-01-15T08:33:00.000000000Z,SHORT,3.5,harvester,3.5,20.499999999998852,1.0,5.857142857142529,TP_HIT,HOLD
T0978,SHORT_3.5_001,2024-01-15T08:36:00.000000000Z,2024-01-15T08:36:00.000000000Z,SHORT,3.5,harvester,3.5,21.000000000002128,1.0,6.000000000000608,TP_HIT,HOLD
T0979,SHORT_3.5_001,2024-01-15T08:39:00.000000000Z,2024-01-15T08:39:00.000000000Z,SHORT,3.5,harvester,3.5,25.500000000000522,1.0,7.285714285714435,TP_HIT,HOLD
T0980,SHORT_3.5_001,2024-01-15T08:42:00.000000000Z,2024-01-15T08:42:00.000000000Z,SHORT,3.5,harvester,3.5,25.200000000000777,1.0,7.200000000000222,TP_HIT,HOLD
T0981,SHORT_3.5_001,2024-01-15T08:45:00.000000000Z,2024-01-15T08:45:00.000000000Z,SHORT,3.5,harvester,3.5,22.699999999999942,1.0,6.485714285714269,TP_HIT,HOLD
T0982,SHORT_3.5_001,2024-01-15T08:48:00.000000000Z,2024-01-15T08:48:00.000000000Z,SHORT,3.5,harvester,3.5,22.299999999999542,1.0,6.37142857142844,TP_HIT,HOLD
T0983,SHORT_3.5_001,2024-01-15T09:00:00.000000000Z,2024-01-15T09:00:00.000000000Z,SHORT,3.5,harvester,3.5,20.299999999999763,1.0,5.799999999999932,TP_HIT,HOLD
T0984,SHORT_3.5_001,2024-01-15T09:03:00.000000000Z,2024-01-15T09:03:00.000000000Z,SHORT,3.5,harvester,3.5,18.299999999999983,1.0,5.228571428571423,TP_HIT,HOLD
T0985,SHORT_3.5_001,2024-01-15T09:06:00.000000000Z,2024-01-15T09:06:00.000000000Z,SHORT,3.5,harvester,3.5,20.300000000001983,1.0,5.8000000000005665,TP_HIT,HOLD
T0986,SHORT_3.5_001,2024-01-15T09:09:00.000000000Z,2024-01-15T09:09:00.000000000Z,SHORT,3.5,harvester,3.5,18.699999999998163,1.0,5.342857142856618,TP_HIT,HOLD
T0987,SHORT_3.5_001,2024-01-15T09:16:00.000000000Z,2024-01-15T09:16:00.000000000Z,SHORT,3.5,harvester,3.5,12.300000000000644,1.0,3.514285714285898,TP_HIT,DECAY_EXIT
T0988,SHORT_3.5_001,2024-01-15T09:19:00.000000000Z,2024-01-15T09:19:00.000000000Z,SHORT,3.5,harvester,3.5,12.300000000000644,1.0,3.514285714285898,TP_HIT,DECAY_EXIT
T0989,SHORT_3.5_001,2024-01-15T09:22:00.000000000Z,2024-01-15T09:22:00.000000000Z,SHORT,3.5,harvester,3.5,13.600000000000279,1.0,3.885714285714365,TP_HIT,DECAY_EXIT
T0990,SHORT_3.5_001,2024-01-15T09:25:00.000000000Z,2024-01-15T09:25:00.000000000Z,SHORT,3.5,harvester,3.5,12.100000000001554,1.0,3.457142857143301,TP_HIT,DECAY_EXIT
T0991,SHORT_3.5_001,2024-01-15T09:28:00.000000000Z,2024-01-15T09:28:00.000000000Z,SHORT,3.5,harvester,3.5,12.900000000000134,1.0,3.6857142857143237,TP_HIT,DECAY_EXIT
T0992,SHORT_3.5_001,2024-01-15T09:31:00.000000000Z,2024-01-15T09:31:00.000000000Z,SHORT,3.5,harvester,3.5,13.300000000000534,1.0,3.8000000000001526,TP_HIT,DECAY_EXIT
T0993,SHORT_3.5_001,2024-01-15T09:34:00.000000000Z,2024-01-15T09:34:00.000000000Z,SHORT,3.5,harvester,3.5,11.100000000001664,1.0,3.171428571429047,TP_HIT,DECAY_EXIT
T0994,SHORT_3.5_001,2024-01-15T09:37:00.000000000Z,2024-01-15T09:37:00.000000000Z,SHORT,3.5,harvester,3.5,5.300000000001415,1.0,1.5142857142861186,TP_HIT,DECAY_EXIT
T0995,SHORT_3.5_001,2024-01-15T09:40:00.000000000Z,2024-01-15T09:40:00.000000000Z,SHORT,3.5,harvester,3.5,5.9000000000009045,1.0,1.6857142857145442,TP_HIT,DECAY_EXIT
T0996,SHORT_3.5_001,2024-01-15T09:43:00.000000000Z,2024-01-15T09:43:00.000000000Z,SHORT,3.5,harvester,3.5,5.700000000001815,1.0,1.628571428571947,TP_HIT,DECAY_EXIT
T0997,SHORT_3.5_001,2024-01-15T09:46:00.000000000Z,2024-01-15T09:46:00.000000000Z,SHORT,3.5,harvester,3.5,5.399999999999849,1.0,1.5428571428570999,TP_HIT,DECAY_EXIT
T0998,SHORT_3.5_001,2024-01-15T09:49:00.000000000Z,2024-01-15T09:49:00.000000000Z,SHORT,3.5,harvester,3.5,5.9000000000009045,1.0,1.6857142857145442,TP_HIT,DECAY_EXIT
T0999,SHORT_3.5_001,2024-01-15T09:52:00.000000000Z,2024-01-15T09:52:00.000000000Z,SHORT,3.5,harvester,3.5,3.900000000001125,1.0,1.1142857142860356,TP_HIT,DECAY_EXIT
T1000,SHORT_3.5_001,2024-01-15T09:55:00.000000000Z,2024-01-15T09:55:00.000000000Z,SHORT,3.5,harvester,3.5,6.900000000000794,1.0,1.9714285714287985,TP_HIT,DECAY_EXIT
T1001,SHORT_3.5_001,2024-01-15T09:58:00.000000000Z,2024-01-15T09:58:00.000000000Z,SHORT,3.5,harvester,3.5,4.900000000001015,1.0,1.40000000000029,TP_HIT,DECAY_EXIT
T1002,SHORT_3.5_001,2024-01-15T10:01:00.000000000Z,2024-01-15T10:01:00.000000000Z,SHORT,3.5,harvester,3.5,3.00000000000189,1.0,0.8571428571433971,TP_HIT,DECAY_EXIT
T1003,SHORT_3.5_001,2024-01-15T10:04:00.000000000Z,2024-01-15T10:04:00.000000000Z,SHORT,3.5,harvester,3.5,-0.5999999999994898,1.0,-0.17142857142842566,TP_HIT,DECAY_EXIT
T1004,SHORT_3.5_001,2024-01-15T10:07:00.000000000Z,2024-01-15T10:07:00.000000000Z,SHORT,3.5,harvester,3.5,0.40000000000040004,1.0,0.11428571428582858,TP_HIT,DECAY_EXIT
T1005,SHORT_3.5_001,2024-01-15T10:10:00.000000000Z,2024-01-15T10:10:00.000000000Z,SHORT,3.5,harvester,3.5,-1.80000000000069,1.0,-0.5142857142859114,TP_HIT,DECAY_EXIT
T1006,SHORT_3.5_001,2024-01-15T10:13:00.000000000Z,2024-01-15T10:13:00.000000000Z,SHORT,3.5,harvester,3.5,-3.2999999999994145,1.0,-0.9428571428569755,TP_HIT,DECAY_EXIT
T1007,SHORT_3.5_001,2024-01-15T10:16:00.000000000Z,2024-01-15T10:16:00.000000000Z,SHORT,3.5,harvester,-3.5,0.6999999999979245,-1.0,0.199999999999407,SL_HIT,HARVEST
T1008,SHORT_3.5_002,2024-01-15T11:29:00.000000000Z,2024-01-15T11:29:00.000000000Z,SHORT,3.5,harvester,3.5,-3.5,1.0,-1.0,TP_HIT,PANIC
T1009,SHORT_3.5_002,2024-01-15T11:32:00.000000000Z,2024-01-15T11:32:00.000000000Z,SHORT,3.5,harvester,3.5,-3.5,1.0,-1.0,TP_HIT,PANIC
T1010,SHORT_3.5_002,2024-01-15T11:35:00.000000000Z,2024-01-15T11:35:00.000000000Z,SHORT,3.5,harvester,-3.5,-3.5,-1.0,-1.0,SL_HIT,PANIC
T1011,SHORT_3.5_002,2024-01-15T11:38:00.000000000Z,2024-01-15T11:38:00.000000000Z,SHORT,3.5,harvester,3.5,-3.5,1.0,-1.0,TP_HIT,PANIC
T1012,SHORT_3.5_002,2024-01-15T11:41:00.000000000Z,2024-01-15T11:41:00.000000000Z,SHORT,3.5,harvester,3.5,-3.5,1.0,-1.0,TP_HIT,PANIC
T1013,SHORT_3.5_002,2024-01-15T11:44:00.000000000Z,2024-01-15T11:44:00.000000000Z,SHORT,3.5,harvester,3.5,-3.5,1.0,-1.0,TP_HIT,PANIC
T1014,SHORT_3.5_002,2024-01-15T11:47:00.000000000Z,2024-01-15T11:47:00.000000000Z,SHORT,3.5,harvester,3.5,-3.5,1.0,-1.0,TP_HIT,PANIC
T1015,SHORT_3.5_002,2024-01-15T11:50:00.000000000Z,2024-01-15T11:50:00.000000000Z,SHORT,3.5,harvester,-3.5,-3.5,-1.0,-1.0,SL_HIT,PANIC
T1016,SHORT_3.5_003,2024-01-15T12:04:00.000000000Z,2024-01-15T12:04:00.000000000Z,SHORT,3.5,harvester,-3.5,-3.5,-1.0,-1.0,SL_HIT,PANIC
T1017,SHORT_3.5_003,2024-01-15T12:07:00.000000000Z,2024-01-15T12:07:00.000000000Z,SHORT,3.5,harvester,-3.5,-3.5,-1.0,-1.0,SL_HIT,PANIC
T1018,SHORT_3.5_003,2024-01-15T12:10:00.000000000Z,2024-01-15T12:10:00.000000000Z,SHORT,3.5,harvester,-3.5,-3.5,-1.0,-1.0,SL_HIT,PANIC
T1019,SHORT_3.5_003,2024-01-15T12:13:00.000000000Z,2024-01-15T12:13:00.000000000Z,SHORT,3.5,harvester,3.5,2.9999999999996696,1.0,0.8571428571427627,TP_HIT,DECAY_EXIT
T1020,SHORT_3.5_003,2024-01-15T12:16:00.000000000Z,2024-01-15T12:16:00.000000000Z,SHORT,3.5,harvester,3.5,3.4999999999985043,1.0,0.9999999999995727,TP_HIT,DECAY_EXIT
T1021,SHORT_3.5_003,2024-01-15T12:19:00.000000000Z,2024-01-15T12:19:00.000000000Z,SHORT,3.5,harvester,3.5,3.0999999999981043,1.0,0.8857142857137441,TP_HIT,DECAY_EXIT
T1022,SHORT_3.5_003,2024-01-15T12:22:00.000000000Z,2024-01-15T12:22:00.000000000Z,SHORT,3.5,harvester,3.5,-3.5,1.0,-1.0,TP_HIT,PANIC
T1023,SHORT_3.5_003,2024-01-15T12:25:00.000000000Z,2024-01-15T12:25:00.000000000Z,SHORT,3.5,harvester,3.5,-3.5,1.0,-1.0,TP_HIT,PANIC
T1024,SHORT_3.5_003,2024-01-15T12:28:00.000000000Z,2024-01-15T12:28:00.000000000Z,SHORT,3.5,harvester,3.5,-3.5,1.0,-1.0,TP_HIT,PANIC
T1025,SHORT_3.5_003,2024-01-15T12:31:00.000000000Z,2024-01-15T12:31:00.000000000Z,SHORT,3.5,harvester,-3.5,-3.5,-1.0,-1.0,SL_HIT,PANIC
T1026,SHORT_3.5_003,2024-01-15T12:34:00.000000000Z,2024-01-15T12:34:00.000000000Z,SHORT,3.5,harvester,-3.5,-3.5,-1.0,-1.0,SL_HIT,PANIC
T1027,SHORT_3.5_003,2024-01-15T12:37:00.000000000Z,2024-01-15T12:37:00.000000000Z,SHORT,3.5,harvester,-3.5,-3.5,-1.0,-1.0,SL_HIT,PANIC
T1028,SHORT_3.5_003,2024-01-15T12:40:00.000000000Z,2024-01-15T12:40:00.000000000Z,SHORT,3.5,harvester,3.5,4.3999999999999595,1.0,1.2571428571428456,TP_HIT,DECAY_EXIT
T1029,SHORT_3.5_003,2024-01-15T12:43:00.000000000Z,2024-01-15T12:43:00.000000000Z,SHORT,3.5,harvester,3.5,5.599999999998939,1.0,1.599999999999697,TP_HIT,DECAY_EXIT
T1030,SHORT_3.5_003,2024-01-15T12:46:00.000000000Z,2024-01-15T12:46:00.000000000Z,SHORT,3.5,harvester,-3.5,0.09999999999843467,-1.0,0.028571428570981335,SL_HIT,DECAY_EXIT
T1031,SHORT_3.5_003,2024-01-15T12:49:00.000000000Z,2024-01-15T12:49:00.000000000Z,SHORT,3.5,harvester,3.5,3.8999999999989043,1.0,1.1142857142854012,TP_HIT,DECAY_EXIT
T1032,SHORT_3.5_003,2024-01-15T12:52:00.000000000Z,2024-01-15T12:52:00.000000000Z,SHORT,3.5,harvester,3.5,4.499999999998394,1.0,1.2857142857138268,TP_HIT,DECAY_EXIT
T1033,SHORT_3.5_003,2024-01-15T12:55:00.000000000Z,2024-01-15T12:55:00.000000000Z,SHORT,3.5,harvester,3.5,4.100000000000215,1.0,1.1714285714286328,TP_HIT,DECAY_EXIT
T1034,SHORT_3.5_003,2024-01-15T12:58:00.000000000Z,2024-01-15T12:58:00.000000000Z,SHORT,3.5,harvester,3.5,1.7000000000000348,1.0,0.48571428571429565,TP_HIT,DECAY_EXIT
T1035,SHORT_3.5_003,2024-01-15T13:01:00.000000000Z,2024-01-15T13:01:00.000000000Z,SHORT,3.5,harvester,3.5,0.700000000000145,1.0,0.20000000000004142,TP_HIT,DECAY_EXIT
T1036,SHORT_3.5_003,2024-01-15T13:04:00.000000000Z,2024-01-15T13:04:00.000000000Z,SHORT,3.5,harvester,3.5,-1.9999999999997797,1.0,-0.5714285714285084,TP_HIT,DECAY_EXIT
T1037,SHORT_3.5_003,2024-01-15T13:07:00.000000000Z,2024-01-15T13:07:00.000000000Z,SHORT,3.5,harvester,3.5,1.40000000000029,1.0,0.40000000000008284,TP_HIT,HARVEST
T1038,SHORT_3.5_003,2024-01-15T13:10:00.000000000Z,2024-01-15T13:10:00.000000000Z,SHORT,3.5,harvester,-3.5,-3.5,-1.0,-1.0,SL_HIT,PANIC
T1039,SHORT_3.5_003,2024-01-15T13:13:00.000000000Z,2024-01-15T13:13:00.000000000Z,SHORT,3.5,harvester,-3.5,-3.5,-1.0,-1.0,SL_HIT,PANIC
T1040,SHORT_3.5_003,2024-01-15T13:16:00.000000000Z,2024-01-15T13:16:00.000000000Z,SHORT,3.5,harvester,-3.5,5.1000000000001044,-1.0,1.457142857142887,SL_HIT,HOLD
T1041,SHORT_3.5_003,2024-01-15T13:19:00.000000000Z,2024-01-15T13:19:00.000000000Z,SHORT,3.5,harvester,3.5,0.5000000000010552,1.0,0.14285714285744433,TP_HIT,HARVEST
T1042,SHORT_3.5_003,2024-01-15T13:22:00.000000000Z,2024-01-15T13:22:00.000000000Z,SHORT,3.5,harvester,-3.5,7.0000000000014495,-1.0,2.0000000000004143,SL_HIT,HOLD
T1043,SHORT_3.5_003,2024-01-15T13:25:00.000000000Z,2024-01-15T13:25:00.000000000Z,SHORT,3.5,harvester,3.5,4.999999999999449,1.0,1.4285714285712712,TP_HIT,HOLD
T1044,SHORT_3.5_003,2024-01-15T13:28:00.000000000Z,2024-01-15T13:28:00.000000000Z,SHORT,3.5,harvester,-3.5,1.9999999999997797,-1.0,0.5714285714285084,SL_HIT,DECAY_EXIT
T1045,SHORT_3.5_003,2024-01-15T13:31:00.000000000Z,2024-01-15T13:31:00.000000000Z,SHORT,3.5,harvester,3.5,6.099999999999994,1.0,1.7428571428571413,TP_HIT,DECAY_EXIT
T1046,SHORT_3.5_003,2024-01-15T13:34:00.000000000Z,2024-01-15T13:34:00.000000000Z,SHORT,3.5,harvester,3.5,6.500000000000394,1.0,1.8571428571429698,TP_HIT,DECAY_EXIT
T1047,SHORT_3.5_003,2024-01-15T13:37:00.000000000Z,2024-01-15T13:37:00.000000000Z,SHORT,3.5,harvester,3.5,3.6999999999998145,1.0,1.057142857142804,TP_HIT,DECAY_EXIT
T1048,SHORT_3.5_003,2024-01-15T13:40:00.000000000Z,2024-01-15T13:40:00.000000000Z,SHORT,3.5,harvester,3.5,3.7999999999982492,1.0,1.0857142857137856,TP_HIT,DECAY_EXIT
T1049,SHORT_3.5_003,2024-01-15T13:43:00.000000000Z,2024-01-15T13:43:00.000000000Z,SHORT,3.5,harvester,3.5,3.9999999999995595,1.0,1.142857142857017,TP_HIT,DECAY_EXIT
T1050,SHORT_3.5_003,2024-01-15T13:50:00.000000000Z,2024-01-15T13:50:00.000000000Z,SHORT,3.5,harvester,3.5,5.399999999999849,1.0,1.5428571428570999,TP_HIT,DECAY_EXIT
T1051,SHORT_3.5_003,2024-01-15T13:53:00.000000000Z,2024-01-15T13:53:00.000000000Z,SHORT,3.5,harvester,3.5,4.299999999999304,1.0,1.22857142857123,TP_HIT,DECAY_EXIT
T1052,SHORT_3.5_003,2024-01-15T13:56:00.000000000Z,2024-01-15T13:56:00.000000000Z,SHORT,3.5,harvester,3.5,4.299999999999304,1.0,1.22857142857123,TP_HIT,DECAY_EXIT
T1053,SHORT_3.5_003,2024-01-15T13:59:00.000000000Z,2024-01-15T13:59:00.000000000Z,SHORT,3.5,harvester,3.5,5.199999999998539,1.0,1.4857142857138683,TP_HIT,DECAY_EXIT
T1054,SHORT_3.5_003,2024-01-15T14:02:00.000000000Z,2024-01-15T14:02:00.000000000Z,SHORT,3.5,harvester,3.5,3.4000000000000696,1.0,0.9714285714285913,TP_HIT,DECAY_EXIT
T1055,SHORT_3.5_003,2024-01-15T14:05:00.000000000Z,2024-01-15T14:05:00.000000000Z,SHORT,3.5,harvester,3.5,-1.80000000000069,1.0,-0.5142857142859114,TP_HIT,DECAY_EXIT
T1056,SHORT_3.5_003,2024-01-15T14:08:00.000000000Z,2024-01-15T14:08:00.000000000Z,SHORT,3.5,harvester,-3.5,-3.5,-1.0,-1.0,SL_HIT,PANIC
T1057,SHORT_3.5_003,2024-01-15T14:11:00.000000000Z,2024-01-15T14:11:00.000000000Z,SHORT,3.5,harvester,-3.5,-3.5,-1.0,-1.0,SL_HIT,DECAY_EXIT
T1058,SHORT_3.5_003,2024-01-15T14:14:00.000000000Z,2024-01-15T14:14:00.000000000Z,SHORT,3.5,harvester,-3.5,-3.5,-1.0,-1.0,SL_HIT,PANIC
T1059,SHORT_3.5_004,2024-01-15T14:24:00.000000000Z,2024-01-15T14:24:00.000000000Z,SHORT,3.5,harvester,-3.5,-3.5,-1.0,-1.0,SL_HIT,PANIC
T1060,SHORT_3.5_004,2024-01-15T14:27:00.000000000Z,2024-01-15T14:27:00.000000000Z,SHORT,3.5,harvester,3.5,-3.5,1.0,-1.0,TP_HIT,PANIC
T1061,SHORT_3.5_004,2024-01-15T14:30:00.000000000Z,2024-01-15T14:30:00.000000000Z,SHORT,3.5,harvester,3.5,-3.5,1.0,-1.0,TP_HIT,PANIC
T1062,SHORT_3.5_004,2024-01-15T14:33:00.000000000Z,2024-01-15T14:33:00.000000000Z,SHORT,3.5,harvester,-3.5,-3.5,-1.0,-1.0,SL_HIT,PANIC
T1063,SHORT_3.5_004,2024-01-15T14:36:00.000000000Z,2024-01-15T14:36:00.000000000Z,SHORT,3.5,harvester,-3.5,-3.5,-1.0,-1.0,SL_HIT,PANIC
T1064,SHORT_3.5_004,2024-01-15T14:39:00.000000000Z,2024-01-15T14:39:00.000000000Z,SHORT,3.5,harvester,3.5,-3.5,1.0,-1.0,TP_HIT,PANIC
T1065,SHORT_3.5_004,2024-01-15T14:50:00.000000000Z,2024-01-15T14:50:00.000000000Z,SHORT,3.5,harvester,-3.5,-3.5,-1.0,-1.0,SL_HIT,PANIC
T1066,SHORT_3.5_004,2024-01-15T14:53:00.000000000Z,2024-01-15T14:53:00.000000000Z,SHORT,3.5,harvester,-3.5,-3.5,-1.0,-1.0,SL_HIT,PANIC
T1067,SHORT_3.5_004,2024-01-15T14:57:00.000000000Z,2024-01-15T14:57:00.000000000Z,SHORT,3.5,harvester,3.5,-3.5,1.0,-1.0,TP_HIT,PANIC
T1068,SHORT_3.5_004,2024-01-15T15:00:00.000000000Z,2024-01-15T15:00:00.000000000Z,SHORT,3.5,harvester,3.5,-3.5,1.0,-1.0,TP_HIT,PANIC
T1069,SHORT_3.5_004,2024-01-15T15:03:00.000000000Z,2024-01-15T15:03:00.000000000Z,SHORT,3.5,harvester,-3.5,-3.5,-1.0,-1.0,SL_HIT,PANIC
T1070,SHORT_3.5_004,2024-01-15T15:06:00.000000000Z,2024-01-15T15:06:00.000000000Z,SHORT,3.5,harvester,3.5,-3.5,1.0,-1.0,TP_HIT,PANIC
T1071,SHORT_3.5_004,2024-01-15T15:09:00.000000000Z,2024-01-15T15:09:00.000000000Z,SHORT,3.5,harvester,3.5,-3.5,1.0,-1.0,TP_HIT,PANIC
T1072,SHORT_3.5_004,2024-01-15T15:12:00.000000000Z,2024-01-15T15:12:00.000000000Z,SHORT,3.5,harvester,-3.5,-3.5,-1.0,-1.0,SL_HIT,PANIC
T1073,SHORT_3.5_004,2024-01-15T15:15:00.000000000Z,2024-01-15T15:15:00.000000000Z,SHORT,3.5,harvester,-3.5,-3.5,-1.0,-1.0,SL_HIT,PANIC
T1074,SHORT_3.5_004,2024-01-15T15:18:00.000000000Z,2024-01-15T15:18:00.000000000Z,SHORT,3.5,harvester,-3.5,-3.5,-1.0,-1.0,SL_HIT,PANIC
T1075,SHORT_3.5_004,2024-01-15T15:22:00.000000000Z,2024-01-15T15:22:00.000000000Z,SHORT,3.5,harvester,3.5,-3.5,1.0,-1.0,TP_HIT,PANIC
T1076,SHORT_3.5_004,2024-01-15T15:25:00.000000000Z,2024-01-15T15:25:00.000000000Z,SHORT,3.5,harvester,3.5,-3.5,1.0,-1.0,TP_HIT,PANIC
T1077,SHORT_3.5_004,2024-01-15T15:28:00.000000000Z,2024-01-15T15:28:00.000000000Z,SHORT,3.5,harvester,3.5,-3.5,1.0,-1.0,TP_HIT,PANIC
T1078,SHORT_3.5_004,2024-01-15T15:31:00.000000000Z,2024-01-15T15:31:00.000000000Z,SHORT,3.5,harvester,3.5,-3.5,1.0,-1.0,TP_HIT,PANIC
T1079,SHORT_3.5_004,2024-01-15T15:34:00.000000000Z,2024-01-15T15:34:00.000000000Z,SHORT,3.5,harvester,-3.5,-3.5,-1.0,-1.0,SL_HIT,PANIC
T1080,SHORT_3.5_004,2024-01-15T15:37:00.000000000Z,2024-01-15T15:37:00.000000000Z,SHORT,3.5,harvester,-3.5,-3.5,-1.0,-1.0,SL_HIT,PANIC
T1081,SHORT_3.5_005,2024-01-15T15:58:00.000000000Z,2024-01-15T15:58:00.000000000Z,SHORT,3.5,harvester,3.5,3.4000000000000696,1.0,0.9714285714285913,TP_HIT,HOLD
T1082,SHORT_3.5_005,2024-01-15T16:01:00.000000000Z,2024-01-15T16:01:00.000000000Z,SHORT,3.5,harvester,3.5,3.4999999999985043,1.0,0.9999999999995727,TP_HIT,HOLD
T1083,SHORT_3.5_005,2024-01-15T16:04:00.000000000Z,2024-01-15T16:04:00.000000000Z,SHORT,3.5,harvester,-3.5,0.9999999999998899,-1.0,0.2857142857142542,SL_HIT,HOLD
T1084,SHORT_3.5_005,2024-01-15T16:07:00.000000000Z,2024-01-15T16:07:00.000000000Z,SHORT,3.5,harvester,-3.5,1.5999999999993797,-1.0,0.45714285714267994,SL_HIT,HOLD
T1085,SHORT_3.5_005,2024-01-15T16:10:00.000000000Z,2024-01-15T16:10:00.000000000Z,SHORT,3.5,harvester,2.2999999999995246,0.10000000000065512,0.6571428571427214,0.028571428571615747,TIMEOUT,HARVEST
T1086,SHORT_3.5_005,2024-01-15T16:19:00.000000000Z,2024-01-15T16:19:00.000000000Z,SHORT,3.5,harvester,-3.5,0.0,-1.0,0.0,SL_HIT,HOLD
T1087,SHORT_3.5_005,2024-01-15T16:22:00.000000000Z,2024-01-15T16:22:00.000000000Z,SHORT,3.5,harvester,-3.5,0.9999999999998899,-1.0,0.2857142857142542,SL_HIT,HOLD
T1088,SHORT_3.5_005,2024-01-15T16:25:00.000000000Z,2024-01-15T16:25:00.000000000Z,SHORT,3.5,harvester,-3.5,1.4999999999987246,-1.0,0.4285714285710642,SL_HIT,HOLD
T1089,SHORT_3.5_005,2024-01-15T16:28:00.000000000Z,2024-01-15T16:28:00.000000000Z,SHORT,3.5,harvester,3.5,4.500000000000615,1.0,1.2857142857144612,TP_HIT,HOLD
T1090,SHORT_3.5_005,2024-01-15T16:31:00.000000000Z,2024-01-15T16:31:00.000000000Z,SHORT,3.5,harvester,3.1999999999987594,3.1999999999987594,0.9142857142853599,0.9142857142853599,TIMEOUT,HOLD
T1091,SHORT_3.5_005,2024-01-15T16:34:00.000000000Z,2024-01-15T16:34:00.000000000Z,SHORT,3.5,harvester,3.5,3.4000000000000696,1.0,0.9714285714285913,TP_HIT,HOLD
T1092,SHORT_3.5_005,2024-01-15T16:37:00.000000000Z,2024-01-15T16:37:00.000000000Z,SHORT,3.5,harvester,2.1999999999988695,2.1999999999988695,0.6285714285711056,0.6285714285711056,TIMEOUT,HOLD
T1093,SHORT_3.5_005,2024-01-15T16:40:00.000000000Z,2024-01-15T16:40:00.000000000Z,SHORT,3.5,harvester,1.40000000000029,1.40000000000029,0.40000000000008284,0.40000000000008284,TIMEOUT,HOLD
T1094,SHORT_3.5_005,2024-01-15T16:43:00.000000000Z,2024-01-15T16:43:00.000000000Z,SHORT,3.5,harvester,0.09999999999843467,0.09999999999843467,0.028571428570981335,0.028571428570981335,TIMEOUT,HOLD
T1095,SHORT_3.5_005,2024-01-15T16:46:00.000000000Z,2024-01-15T16:46:00.000000000Z,SHORT,3.5,harvester,1.7000000000000348,1.7000000000000348,0.48571428571429565,0.48571428571429565,TIMEOUT,HOLD
T1096,SHORT_3.5_005,2024-01-15T16:49:00.000000000Z,2024-01-15T16:49:00.000000000Z,SHORT,3.5,harvester,2.4000000000001798,2.4000000000001798,0.6857142857143371,0.6857142857143371,TIMEOUT,HOLD
T1097,SHORT_3.5_005,2024-01-15T16:52:00.000000000Z,2024-01-15T16:52:00.000000000Z,SHORT,3.5,harvester,1.7000000000000348,1.7000000000000348,0.48571428571429565,0.48571428571429565,TIMEOUT,HOLD
T1098,SHORT_3.5_005,2024-01-15T16:55:00.000000000Z,2024-01-15T16:55:00.000000000Z,SHORT,3.5,harvester,0.1999999999990898,0.1999999999990898,0.057142857142597085,0.057142857142597085,TIMEOUT,HOLD
T1099,SHORT_5_001,2024-01-15T08:00:00.000000000Z,2024-01-15T08:00:00.000000000Z,SHORT,5.0,harvester,-5.0,-5.0,-1.0,-1.0,SL_HIT,PANIC
T1100,SHORT_5_001,2024-01-15T08:03:00.000000000Z,2024-01-15T08:03:00.000000000Z,SHORT,5.0,harvester,5.0,13.399999999998968,1.0,2.6799999999997937,TP_HIT,HOLD
T1101,SHORT_5_001,2024-01-15T08:06:00.000000000Z,2024-01-15T08:06:00.000000000Z,SHORT,5.0,harvester,5.0,-4.299999999999304,1.0,-0.8599999999998609,TP_HIT,PANIC
T1102,SHORT_5_001,2024-01-15T08:09:00.000000000Z,2024-01-15T08:09:00.000000000Z,SHORT,5.0,harvester,5.0,15.000000000000568,1.0,3.0000000000001137,TP_HIT,HOLD
T1103,SHORT_5_001,2024-01-15T08:12:00.000000000Z,2024-01-15T08:12:00.000000000Z,SHORT,5.0,harvester,5.0,16.300000000000203,1.0,3.2600000000000406,TP_HIT,HOLD
T1104,SHORT_5_001,2024-01-15T08:15:00.000000000Z,2024-01-15T08:15:00.000000000Z,SHORT,5.0,harvester,5.0,15.400000000000968,1.0,3.0800000000001937,TP_HIT,HOLD
T1105,SHORT_5_001,2024-01-15T08:18:00.000000000Z,2024-01-15T08:18:00.000000000Z,SHORT,5.0,harvester,5.0,14.799999999999258,1.0,2.9599999999998516,TP_HIT,HOLD
T1106,SHORT_5_001,2024-01-15T08:21:00.000000000Z,2024-01-15T08:21:00.000000000Z,SHORT,5.0,harvester,5.0,17.399999999998528,1.0,3.4799999999997056,TP_HIT,HOLD
T1107,SHORT_5_001,2024-01-15T08:24:00.000000000Z,2024-01-15T08:24:00.000000000Z,SHORT,5.0,harvester,5.0,23.100000000000342,1.0,4.6200000000000685,TP_HIT,HOLD
T1108,SHORT_5_001,2024-01-15T08:27:00.000000000Z,2024-01-15T08:27:00.000000000Z,SHORT,5.0,harvester,5.0,21.500000000000963,1.0,4.300000000000193,TP_HIT,HOLD
T1109,SHORT_5_001,2024-01-15T08:30:00.000000000Z,2024-01-15T08:30:00.000000000Z,SHORT,5.0,harvester,5.0,20.600000000001728,1.0,4.120000000000346,TP_HIT,HOLD
T1110,SHORT_5_001,2024-01-15T08:33:00.000000000Z,2024-01-15T08:33:00.000000000Z,SHORT,5.0,harvester,5.0,20.499999999998852,1.0,4.0999999999997705,TP_HIT,HOLD
T1111,SHORT_5_001,2024-01-15T08:36:00.000000000Z,2024-01-15T08:36:00.000000000Z,SHORT,5.0,harvester,5.0,21.000000000002128,1.0,4.200000000000426,TP_HIT,HOLD
T1112,SHORT_5_001,2024-01-15T08:39:00.000000000Z,2024-01-15T08:39:00.000000000Z,SHORT,5.0,harvester,5.0,25.500000000000522,1.0,5.1000000000001044,TP_HIT,HOLD
T1113,SHORT_5_001,2024-01-15T08:42:00.000000000Z,2024-01-15T08:42:00.000000000Z,SHORT,5.0,harvester,5.0,25.200000000000777,1.0,5.0400000000001555,TP_HIT,HOLD
T1114,SHORT_5_001,2024-01-15T08:45:00.000000000Z,2024-01-15T08:45:00.000000000Z,SHORT,5.0,harvester,5.0,22.699999999999942,1.0,4.5399999999999885,TP_HIT,HOLD
T1115,SHORT_5_001,2024-01-15T08:48:00.000000000Z,2024-01-15T08:48:00.000000000Z,SHORT,5.0,harvester,5.0,22.299999999999542,1.0,4.4599999999999085,TP_HIT,HOLD
T1116,SHORT_5_001,2024-01-15T08:51:00.000000000Z,2024-01-15T08:51:00.000000000Z,SHORT,5.0,harvester,5.0,22.400000000000198,1.0,4.4800000000000395,TP_HIT,HOLD
T1117,SHORT_5_001,2024-01-15T08:54:00.000000000Z,2024-01-15T08:54:00.000000000Z,SHORT,5.0,harvester,5.0,23.299999999999432,1.0,4.6599999999998865,TP_HIT,HOLD
T1118,SHORT_5_001,2024-01-15T08:57:00.000000000Z,2024-01-15T08:57:00.000000000Z,SHORT,5.0,harvester,5.0,21.800000000000708,1.0,4.3600000000001415,TP_HIT,HOLD
T1119,SHORT_5_001,2024-01-15T09:00:00.000000000Z,2024-01-15T09:00:00.000000000Z,SHORT,5.0,harvester,5.0,20.299999999999763,1.0,4.0599999999999525,TP_HIT,HOLD
T1120,SHORT_5_001,2024-01-15T09:03:00.000000000Z,2024-01-15T09:03:00.000000000Z,SHORT,5.0,harvester,5.0,18.299999999999983,1.0,3.6599999999999966,TP_HIT,HOLD
T1121,SHORT_5_001,2024-01-15T09:06:00.000000000Z,2024-01-15T09:06:00.000000000Z,SHORT,5.0,harvester,5.0,20.300000000001983,1.0,4.060000000000397,TP_HIT,HOLD
T1122,SHORT_5_001,2024-01-15T09:09:00.000000000Z,2024-01-15T09:09:00.000000000Z,SHORT,5.0,harvester,5.0,18.699999999998163,1.0,3.7399999999996325,TP_HIT,HOLD
T1123,SHORT_5_001,2024-01-15T09:12:00.000000000Z,2024-01-15T09:12:00.000000000Z,SHORT,5.0,harvester,5.0,17.400000000000748,1.0,3.4800000000001496,TP_HIT,HOLD
T1124,SHORT_5_001,2024-01-15T09:15:00.000000000Z,2024-01-15T09:15:00.000000000Z,SHORT,5.0,harvester,5.0,14.699999999998603,1.0,2.9399999999997206,TP_HIT,HOLD
T1125,SHORT_5_001,2024-01-15T09:18:00.000000000Z,2024-01-15T09:18:00.000000000Z,SHORT,5.0,harvester,5.0,11.300000000000754,1.0,2.2600000000001508,TP_HIT,DECAY_EXIT
T1126,SHORT_5_001,2024-01-15T09:21:00.000000000Z,2024-01-15T09:21:00.000000000Z,SHORT,5.0,harvester,5.0,13.700000000000934,1.0,2.7400000000001867,TP_HIT,DECAY_EXIT
T1127,SHORT_5_002,2024-01-15T11:38:00.000000000Z,2024-01-15T11:38:00.000000000Z,SHORT,5.0,harvester,5.0,-5.0,1.0,-1.0,TP_HIT,PANIC
T1128,SHORT_5_002,2024-01-15T11:41:00.000000000Z,2024-01-15T11:41:00.000000000Z,SHORT,5.0,harvester,-5.0,-5.0,-1.0,-1.0,SL_HIT,PANIC
T1129,SHORT_5_002,2024-01-15T11:44:00.000000000Z,2024-01-15T11:44:00.000000000Z,SHORT,5.0,harvester,-5.0,-4.899999999998794,-1.0,-0.9799999999997588,SL_HIT,PANIC
T1130,SHORT_5_003,2024-01-15T12:05:00.000000000Z,2024-01-15T12:05:00.000000000Z,SHORT,5.0,harvester,-5.0,-5.0,-1.0,-1.0,SL_HIT,PANIC
T1131,SHORT_5_003,2024-01-15T12:08:00.000000000Z,2024-01-15T12:08:00.000000000Z,SHORT,5.0,harvester,-5.0,-4.100000000000215,-1.0,-0.8200000000000429,SL_HIT,PANIC
T1132,SHORT_5_003,2024-01-15T12:11:00.000000000Z,2024-01-15T12:11:00.000000000Z,SHORT,5.0,harvester,-5.0,-5.0,-1.0,-1.0,SL_HIT,PANIC
T1133,SHORT_5_003,2024-01-15T12:14:00.000000000Z,2024-01-15T12:14:00.000000000Z,SHORT,5.0,harvester,5.0,3.5999999999991594,1.0,0.7199999999998319,TP_HIT,DECAY_EXIT
T1134,SHORT_5_003,2024-01-15T12:17:00.000000000Z,2024-01-15T12:17:00.000000000Z,SHORT,5.0,harvester,5.0,4.799999999998139,1.0,0.9599999999996278,TP_HIT,DECAY_EXIT
T1135,SHORT_5_003,2024-01-15T12:20:00.000000000Z,2024-01-15T12:20:00.000000000Z,SHORT,5.0,harvester,5.0,3.1999999999987594,1.0,0.6399999999997519,TP_HIT,DECAY_EXIT
T1136,SHORT_5_003,2024-01-15T12:23:00.000000000Z,2024-01-15T12:23:00.000000000Z,SHORT,5.0,harvester,5.0,-5.0,1.0,-1.0,TP_HIT,PANIC
T1137,SHORT_5_003,2024-01-15T12:26:00.000000000Z,2024-01-15T12:26:00.000000000Z,SHORT,5.0,harvester,5.0,-4.699999999999704,1.0,-0.9399999999999409,TP_HIT,PANIC
T1138,SHORT_5_003,2024-01-15T12:29:00.000000000Z,2024-01-15T12:29:00.000000000Z,SHORT,5.0,harvester,-5.0,-5.0,-1.0,-1.0,SL_HIT,PANIC
T1139,SHORT_5_003,2024-01-15T12:32:00.000000000Z,2024-01-15T12:32:00.000000000Z,SHORT,5.0,harvester,-5.0,-5.0,-1.0,-1.0,SL_HIT,PANIC
T1140,SHORT_5_003,2024-01-15T12:35:00.000000000Z,2024-01-15T12:35:00.000000000Z,SHORT,5.0,harvester,-5.0,-5.0,-1.0,-1.0,SL_HIT,PANIC
T1141,SHORT_5_003,2024-01-15T12:38:00.000000000Z,2024-01-15T12:38:00.000000000Z,SHORT,5.0,harvester,-5.0,-5.0,-1.0,-1.0,SL_HIT,PANIC
T1142,SHORT_5_003,2024-01-15T12:41:00.000000000Z,2024-01-15T12:41:00.000000000Z,SHORT,5.0,harvester,5.0,6.999999999999229,1.0,1.3999999999998458,TP_HIT,DECAY_EXIT
T1143,SHORT_5_003,2024-01-15T12:44:00.000000000Z,2024-01-15T12:44:00.000000000Z,SHORT,5.0,harvester,5.0,3.1999999999987594,1.0,0.6399999999997519,TP_HIT,DECAY_EXIT
T1144,SHORT_5_003,2024-01-15T12:47:00.000000000Z,2024-01-15T12:47:00.000000000Z,SHORT,5.0,harvester,5.0,2.0999999999982144,1.0,0.4199999999996429,TP_HIT,DECAY_EXIT
T1145,SHORT_5_003,2024-01-15T12:50:00.000000000Z,2024-01-15T12:50:00.000000000Z,SHORT,5.0,harvester,5.0,4.8000000000003595,1.0,0.9600000000000719,TP_HIT,DECAY_EXIT
T1146,SHORT_5_003,2024-01-15T12:53:00.000000000Z,2024-01-15T12:53:00.000000000Z,SHORT,5.0,harvester,5.0,5.499999999998284,1.0,1.0999999999996568,TP_HIT,DECAY_EXIT
T1147,SHORT_5_003,2024-01-15T12:56:00.000000000Z,2024-01-15T12:56:00.000000000Z,SHORT,5.0,harvester,5.0,3.6999999999998145,1.0,0.7399999999999629,TP_HIT,DECAY_EXIT
T1148,SHORT_5_003,2024-01-15T12:59:00.000000000Z,2024-01-15T12:59:00.000000000Z,SHORT,5.0,harvester,5.0,2.2999999999995246,1.0,0.45999999999990493,TP_HIT,DECAY_EXIT
T1149,SHORT_5_003,2024-01-15T13:02:00.000000000Z,2024-01-15T13:02:00.000000000Z,SHORT,5.0,harvester,5.0,0.2999999999997449,1.0,0.05999999999994898,TP_HIT,DECAY_EXIT
T1150,SHORT_5_003,2024-01-15T13:05:00.000000000Z,2024-01-15T13:05:00.000000000Z,SHORT,5.0,harvester,5.0,-0.5999999999994898,1.0,-0.11999999999989797,TP_HIT,DECAY_EXIT
T1151,SHORT_5_003,2024-01-15T13:08:00.000000000Z,2024-01-15T13:08:00.000000000Z,SHORT,5.0,harvester,-5.0,-4.100000000000215,-1.0,-0.8200000000000429,SL_HIT,PANIC
T1152,SHORT_5_003,2024-01-15T13:11:00.000000000Z,2024-01-15T13:11:00.000000000Z,SHORT,5.0,harvester,5.0,0.5999999999994898,1.0,0.11999999999989797,TP_HIT,HARVEST
T1153,SHORT_5_003,2024-01-15T13:14:00.000000000Z,2024-01-15T13:14:00.000000000Z,SHORT,5.0,harvester,-5.0,-5.0,-1.0,-1.0,SL_HIT,PANIC
T1154,SHORT_5_003,2024-01-15T13:17:00.000000000Z,2024-01-15T13:17:00.000000000Z,SHORT,5.0,harvester,5.0,4.999999999999449,1.0,0.9999999999998899,TP_HIT,HOLD
T1155,SHORT_5_003,2024-01-15T13:20:00.000000000Z,2024-01-15T13:20:00.000000000Z,SHORT,5.0,harvester,5.0,0.5000000000010552,1.0,0.10000000000021103,TP_HIT,HARVEST
T1156,SHORT_5_003,2024-01-15T13:23:00.000000000Z,2024-01-15T13:23:00.000000000Z,SHORT,5.0,harvester,5.0,6.300000000001305,1.0,1.260000000000261,TP_HIT,HOLD
T1157,SHORT_5_003,2024-01-15T13:26:00.000000000Z,2024-01-15T13:26:00.000000000Z,SHORT,5.0,harvester,5.0,3.900000000001125,1.0,0.780000000000225,TP_HIT,HOLD
T1158,SHORT_5_003,2024-01-15T13:29:00.000000000Z,2024-01-15T13:29:00.000000000Z,SHORT,5.0,harvester,-5.0,1.9999999999997797,-1.0,0.39999999999995595,SL_HIT,DECAY_EXIT
T1159,SHORT_5_003,2024-01-15T13:32:00.000000000Z,2024-01-15T13:32:00.000000000Z,SHORT,5.0,harvester,5.0,6.199999999998429,1.0,1.2399999999996858,TP_HIT,DECAY_EXIT
T1160,SHORT_5_003,2024-01-15T13:35:00.000000000Z,2024-01-15T13:35:00.000000000Z,SHORT,5.0,harvester,5.0,7.099999999999884,1.0,1.4199999999999768,TP_HIT,DECAY_EXIT
T1161,SHORT_5_003,2024-01-15T13:38:00.000000000Z,2024-01-15T13:38:00.000000000Z,SHORT,5.0,harvester,5.0,4.599999999999049,1.0,0.9199999999998099,TP_HIT,DECAY_EXIT
T1162,SHORT_5_003,2024-01-15T13:41:00.000000000Z,2024-01-15T13:41:00.000000000Z,SHORT,5.0,harvester,5.0,3.1999999999987594,1.0,0.6399999999997519,TP_HIT,DECAY_EXIT
T1163,SHORT_5_003,2024-01-15T13:44:00.000000000Z,2024-01-15T13:44:00.000000000Z,SHORT,5.0,harvester,5.0,4.3999999999999595,1.0,0.8799999999999919,TP_HIT,DECAY_EXIT
T1164,SHORT_5_003,2024-01-15T13:47:00.000000000Z,2024-01-15T13:47:00.000000000Z,SHORT,5.0,harvester,5.0,3.5999999999991594,1.0,0.7199999999998319,TP_HIT,DECAY_EXIT
T1165,SHORT_5_003,2024-01-15T13:50:00.000000000Z,2024-01-15T13:50:00.000000000Z,SHORT,5.0,harvester,5.0,5.399999999999849,1.0,1.0799999999999699,TP_HIT,DECAY_EXIT
T1166,SHORT_5_003,2024-01-15T13:53:00.000000000Z,2024-01-15T13:53:00.000000000Z,SHORT,5.0,harvester,5.0,4.299999999999304,1.0,0.8599999999998609,TP_HIT,DECAY_EXIT
T1167,SHORT_5_003,2024-01-15T13:56:00.000000000Z,2024-01-15T13:56:00.000000000Z,SHORT,5.0,harvester,5.0,4.299999999999304,1.0,0.8599999999998609,TP_HIT,DECAY_EXIT
T1168,SHORT_5_003,2024-01-15T13:59:00.000000000Z,2024-01-15T13:59:00.000000000Z,SHORT,5.0,harvester,5.0,5.199999999998539,1.0,1.0399999999997078,TP_HIT,DECAY_EXIT
T1169,SHORT_5_003,2024-01-15T14:02:00.000000000Z,2024-01-15T14:02:00.000000000Z,SHORT,5.0,harvester,5.0,3.4000000000000696,1.0,0.6800000000000139,TP_HIT,DECAY_EXIT
T1170,SHORT_5_003,2024-01-15T14:05:00.000000000Z,2024-01-15T14:05:00.000000000Z,SHORT,5.0,harvester,5.0,-1.80000000000069,1.0,-0.360000000000138,TP_HIT,DECAY_EXIT
T1171,SHORT_5_003,2024-01-15T14:08:00.000000000Z,2024-01-15T14:08:00.000000000Z,SHORT,5.0,harvester,-5.0,-5.0,-1.0,-1.0,SL_HIT,PANIC
T1172,SHORT_5_003,2024-01-15T14:11:00.000000000Z,2024-01-15T14:11:00.000000000Z,SHORT,5.0,harvester,-5.0,-4.60000000000127,-1.0,-0.920000000000254,SL_HIT,DECAY_EXIT
T1173,SHORT_5_004,2024-01-15T16:29:00.000000000Z,2024-01-15T16:29:00.000000000Z,SHORT,5.0,harvester,5.0,5.1000000000001044,1.0,1.020000000000021,TP_HIT,HOLD
T1174,SHORT_5_004,2024-01-15T16:32:00.000000000Z,2024-01-15T16:32:00.000000000Z,SHORT,5.0,harvester,1.7999999999984695,1.7999999999984695,0.3599999999996939,0.3599999999996939,TIMEOUT,HOLD
T1175,SHORT_5_004,2024-01-15T16:35:00.000000000Z,2024-01-15T16:35:00.000000000Z,SHORT,5.0,harvester,1.7999999999984695,1.7999999999984695,0.3599999999996939,0.3599999999996939,TIMEOUT,HOLD
T1176,SHORT_6_001,2024-01-15T08:02:00.000000000Z,2024-01-15T08:02:00.000000000Z,SHORT,6.0,harvester,6.0,-4.8000000000003595,1.0,-0.8000000000000599,TP_HIT,PANIC
T1177,SHORT_6_001,2024-01-15T08:05:00.000000000Z,2024-01-15T08:05:00.000000000Z,SHORT,6.0,harvester,6.0,13.299999999998313,1.0,2.2166666666663857,TP_HIT,HOLD
T1178,SHORT_6_001,2024-01-15T08:08:00.000000000Z,2024-01-15T08:08:00.000000000Z,SHORT,6.0,harvester,6.0,14.700000000000824,1.0,2.4500000000001374,TP_HIT,HOLD
T1179,SHORT_6_001,2024-01-15T08:11:00.000000000Z,2024-01-15T08:11:00.000000000Z,SHORT,6.0,harvester,6.0,18.800000000001038,1.0,3.1333333333335065,TP_HIT,HOLD
T1180,SHORT_6_001,2024-01-15T08:14:00.000000000Z,2024-01-15T08:14:00.000000000Z,SHORT,6.0,harvester,6.0,17.000000000000348,1.0,2.833333333333391,TP_HIT,HOLD
T1181,SHORT_6_001,2024-01-15T08:17:00.000000000Z,2024-01-15T08:17:00.000000000Z,SHORT,6.0,harvester,6.0,14.199999999999768,1.0,2.366666666666628,TP_HIT,HOLD
T1182,SHORT_6_001,2024-01-15T08:20:00.000000000Z,2024-01-15T08:20:00.000000000Z,SHORT,6.0,harvester,6.0,16.299999999997983,1.0,2.7166666666663306,TP_HIT,HOLD
T1183,SHORT_6_001,2024-01-15T08:23:00.000000000Z,2024-01-15T08:23:00.000000000Z,SHORT,6.0,harvester,6.0,19.299999999999873,1.0,3.2166666666666455,TP_HIT,HOLD
T1184,SHORT_6_001,2024-01-15T08:26:00.000000000Z,2024-01-15T08:26:00.000000000Z,SHORT,6.0,harvester,6.0,21.700000000000053,1.0,3.6166666666666756,TP_HIT,HOLD
T1185,SHORT_6_001,2024-01-15T08:29:00.000000000Z,2024-01-15T08:29:00.000000000Z,SHORT,6.0,harvester,6.0,23.000000000001908,1.0,3.8333333333336514,TP_HIT,HOLD
T1186,SHORT_6_001,2024-01-15T08:32:00.000000000Z,2024-01-15T08:32:00.000000000Z,SHORT,6.0,harvester,6.0,20.599999999999508,1.0,3.4333333333332514,TP_HIT,HOLD
T1187,SHORT_6_001,2024-01-15T08:35:00.000000000Z,2024-01-15T08:35:00.000000000Z,SHORT,6.0,harvester,6.0,21.299999999999653,1.0,3.549999999999942,TP_HIT,HOLD
T1188,SHORT_6_001,2024-01-15T08:38:00.000000000Z,2024-01-15T08:38:00.000000000Z,SHORT,6.0,harvester,6.0,25.399999999999867,1.0,4.233333333333311,TP_HIT,HOLD
T1189,SHORT_6_001,2024-01-15T08:41:00.000000000Z,2024-01-15T08:41:00.000000000Z,SHORT,6.0,harvester,6.0,23.599999999999177,1.0,3.9333333333331963,TP_HIT,HOLD
T1190,SHORT_6_001,2024-01-15T08:44:00.000000000Z,2024-01-15T08:44:00.000000000Z,SHORT,6.0,harvester,6.0,25.399999999999867,1.0,4.233333333333311,TP_HIT,HOLD
T1191,SHORT_6_001,2024-01-15T08:47:00.000000000Z,2024-01-15T08:47:00.000000000Z,SHORT,6.0,harvester,6.0,24.700000000001943,1.0,4.11666666666699,TP_HIT,HOLD
T1192,SHORT_6_001,2024-01-15T08:50:00.000000000Z,2024-01-15T08:50:00.000000000Z,SHORT,6.0,harvester,6.0,21.200000000001218,1.0,3.533333333333536,TP_HIT,HOLD
T1193,SHORT_6_001,2024-01-15T08:53:00.000000000Z,2024-01-15T08:53:00.000000000Z,SHORT,6.0,harvester,6.0,21.400000000000308,1.0,3.566666666666718,TP_HIT,HOLD
T1194,SHORT_6_001,2024-01-15T08:56:00.000000000Z,2024-01-15T08:56:00.000000000Z,SHORT,6.0,harvester,6.0,22.600000000001508,1.0,3.766666666666918,TP_HIT,HOLD
T1195,SHORT_6_001,2024-01-15T08:59:00.000000000Z,2024-01-15T08:59:00.000000000Z,SHORT,6.0,harvester,6.0,20.999999999999908,1.0,3.4999999999999845,TP_HIT,HOLD
T1196,SHORT_6_001,2024-01-15T09:02:00.000000000Z,2024-01-15T09:02:00.000000000Z,SHORT,6.0,harvester,6.0,16.80000000000126,1.0,2.80000000000021,TP_HIT,HOLD
T1197,SHORT_6_001,2024-01-15T09:05:00.000000000Z,2024-01-15T09:05:00.000000000Z,SHORT,6.0,harvester,6.0,18.299999999999983,1.0,3.049999999999997,TP_HIT,HOLD
T1198,SHORT_6_001,2024-01-15T09:08:00.000000000Z,2024-01-15T09:08:00.000000000Z,SHORT,6.0,harvester,6.0,18.799999999998818,1.0,3.133333333333136,TP_HIT,HOLD
T1199,SHORT_6_001,2024-01-15T09:11:00.000000000Z,2024-01-15T09:11:00.000000000Z,SHORT,6.0,harvester,6.0,16.199999999999548,1.0,2.6999999999999247,TP_HIT,HOLD
T1200,SHORT_6_001,2024-01-15T09:14:00.000000000Z,2024-01-15T09:14:00.000000000Z,SHORT,6.0,harvester,6.0,16.40000000000086,1.0,2.7333333333334764,TP_HIT,HOLD
T1201,SHORT_6_001,2024-01-15T09:17:00.000000000Z,2024-01-15T09:17:00.000000000Z,SHORT,6.0,harvester,6.0,11.800000000001809,1.0,1.966666666666968,TP_HIT,DECAY_EXIT
T1202,SHORT_6_001,2024-01-15T09:20:00.000000000Z,2024-01-15T09:20:00.000000000Z,SHORT,6.0,harvester,6.0,12.000000000000899,1.0,2.0000000000001497,TP_HIT,DECAY_EXIT
T1203,SHORT_6_001,2024-01-15T09:23:00.000000000Z,2024-01-15T09:23:00.000000000Z,SHORT,6.0,harvester,6.0,13.100000000001444,1.0,2.183333333333574,TP_HIT,DECAY_EXIT
T1204,SHORT_6_001,2024-01-15T09:26:00.000000000Z,2024-01-15T09:26:00.000000000Z,SHORT,6.0,harvester,6.0,13.300000000000534,1.0,2.2166666666667556,TP_HIT,DECAY_EXIT
T1205,SHORT_6_001,2024-01-15T09:29:00.000000000Z,2024-01-15T09:29:00.000000000Z,SHORT,6.0,harvester,6.0,12.800000000001699,1.0,2.1333333333336166,TP_HIT,DECAY_EXIT
T1206,SHORT_6_001,2024-01-15T09:32:00.000000000Z,2024-01-15T09:32:00.000000000Z,SHORT,6.0,harvester,6.0,12.900000000000134,1.0,2.150000000000022,TP_HIT,DECAY_EXIT
T1207,SHORT_6_001,2024-01-15T09:35:00.000000000Z,2024-01-15T09:35:00.000000000Z,SHORT,6.0,harvester,6.0,8.60000000000083,1.0,1.4333333333334715,TP_HIT,DECAY_EXIT
T1208,SHORT_6_001,2024-01-15T09:38:00.000000000Z,2024-01-15T09:38:00.000000000Z,SHORT,6.0,harvester,6.0,4.00000000000178,1.0,0.6666666666669633,TP_HIT,DECAY_EXIT
T1209,SHORT_6_001,2024-01-15T09:41:00.000000000Z,2024-01-15T09:41:00.000000000Z,SHORT,6.0,harvester,6.0,6.399999999999739,1.0,1.0666666666666231,TP_HIT,DECAY_EXIT
T1210,SHORT_6_001,2024-01-15T09:44:00.000000000Z,2024-01-15T09:44:00.000000000Z,SHORT,6.0,harvester,6.0,4.700000000001925,1.0,0.7833333333336542,TP_HIT,DECAY_EXIT
T1211,SHORT_6_001,2024-01-15T09:47:00.000000000Z,2024-01-15T09:47:00.000000000Z,SHORT,6.0,harvester,6.0,3.20000000000098,1.0,0.5333333333334966,TP_HIT,DECAY_EXIT
T1212,SHORT_6_001,2024-01-15T09:50:00.000000000Z,2024-01-15T09:50:00.000000000Z,SHORT,6.0,harvester,6.0,5.00000000000167,1.0,0.8333333333336116,TP_HIT,DECAY_EXIT
T1213,SHORT_6_001,2024-01-15T09:53:00.000000000Z,2024-01-15T09:53:00.000000000Z,SHORT,6.0,harvester,6.0,4.500000000000615,1.0,0.7500000000001025,TP_HIT,DECAY_EXIT
T1214,SHORT_6_001,2024-01-15T09:56:00.000000000Z,2024-01-15T09:56:00.000000000Z,SHORT,6.0,harvester,6.0,6.700000000001705,1.0,1.1166666666669507,TP_HIT,DECAY_EXIT
T1215,SHORT_6_001,2024-01-15T09:59:00.000000000Z,2024-01-15T09:59:00.000000000Z,SHORT,6.0,harvester,6.0,5.700000000001815,1.0,0.9500000000003025,TP_HIT,DECAY_EXIT
T1216,SHORT_6_001,2024-01-15T10:02:00.000000000Z,2024-01-15T10:02:00.000000000Z,SHORT,6.0,harvester,6.0,1.900000000001345,1.0,0.31666666666689086,TP_HIT,DECAY_EXIT
T1217,SHORT_6_001,2024-01-15T10:05:00.000000000Z,2024-01-15T10:05:00.000000000Z,SHORT,6.0,harvester,6.0,-0.09999999999843467,1.0,-0.016666666666405778,TP_HIT,DECAY_EXIT
T1218,SHORT_6_001,2024-01-15T10:08:00.000000000Z,2024-01-15T10:08:00.000000000Z,SHORT,6.0,harvester,6.0,0.1999999999990898,1.0,0.033333333333181635,TP_HIT,DECAY_EXIT
T1219,SHORT_6_001,2024-01-15T10:11:00.000000000Z,2024-01-15T10:11:00.000000000Z,SHORT,6.0,harvester,-6.0,-2.1999999999988695,-1.0,-0.36666666666647824,SL_HIT,DECAY_EXIT
T1220,SHORT_6_001,2024-01-15T10:14:00.000000000Z,2024-01-15T10:14:00.000000000Z,SHORT,6.0,harvester,-6.0,-3.1000000000003247,-1.0,-0.5166666666667208,SL_HIT,DECAY_EXIT
T1221,SHORT_6_001,2024-01-15T10:17:00.000000000Z,2024-01-15T10:17:00.000000000Z,SHORT,6.0,harvester,-6.0,-5.299999999999194,-1.0,-0.8833333333331991,SL_HIT,PANIC
T1222,SHORT_6_002,2024-01-15T11:38:00.000000000Z,2024-01-15T11:38:00.000000000Z,SHORT,6.0,harvester,6.0,-6.0,1.0,-1.0,TP_HIT,PANIC
T1223,SHORT_6_002,2024-01-15T11:41:00.000000000Z,2024-01-15T11:41:00.000000000Z,SHORT,6.0,harvester,-6.0,-5.299999999999194,-1.0,-0.8833333333331991,SL_HIT,PANIC
T1224,SHORT_6_002,2024-01-15T11:44:00.000000000Z,2024-01-15T11:44:00.000000000Z,SHORT,6.0,harvester,-6.0,-4.899999999998794,-1.0,-0.8166666666664657,SL_HIT,PANIC
T1225,SHORT_6_002,2024-01-15T11:47:00.000000000Z,2024-01-15T11:47:00.000000000Z,SHORT,6.0,harvester,-6.0,-5.299999999999194,-1.0,-0.8833333333331991,SL_HIT,PANIC
T1226,SHORT_6_002,2024-01-15T11:50:00.000000000Z,2024-01-15T11:50:00.000000000Z,SHORT,6.0,harvester,-6.0,-5.20000000000076,-1.0,-0.8666666666667933,SL_HIT,PANIC
T1227,SHORT_6_003,2024-01-15T12:09:00.000000000Z,2024-01-15T12:09:00.000000000Z,SHORT,6.0,harvester,-6.0,-4.300000000001525,-1.0,-0.7166666666669208,SL_HIT,PANIC
T1228,SHORT_6_003,2024-01-15T12:12:00.000000000Z,2024-01-15T12:12:00.000000000Z,SHORT,6.0,harvester,6.0,-5.5000000000005045,1.0,-0.9166666666667508,TP_HIT,PANIC
T1229,SHORT_6_003,2024-01-15T12:15:00.000000000Z,2024-01-15T12:15:00.000000000Z,SHORT,6.0,harvester,6.0,3.5999999999991594,1.0,0.5999999999998599,TP_HIT,DECAY_EXIT
T1230,SHORT_6_003,2024-01-15T12:18:00.000000000Z,2024-01-15T12:18:00.000000000Z,SHORT,6.0,harvester,6.0,5.399999999999849,1.0,0.8999999999999749,TP_HIT,DECAY_EXIT
T1231,SHORT_6_003,2024-01-15T12:21:00.000000000Z,2024-01-15T12:21:00.000000000Z,SHORT,6.0,harvester,6.0,3.7999999999982492,1.0,0.6333333333330415,TP_HIT,DECAY_EXIT
T1232,SHORT_6_003,2024-01-15T12:24:00.000000000Z,2024-01-15T12:24:00.000000000Z,SHORT,6.0,harvester,-6.0,-6.0,-1.0,-1.0,SL_HIT,PANIC
T1233,SHORT_6_003,2024-01-15T12:27:00.000000000Z,2024-01-15T12:27:00.000000000Z,SHORT,6.0,harvester,-6.0,-4.20000000000087,-1.0,-0.700000000000145,SL_HIT,PANIC
T1234,SHORT_6_003,2024-01-15T12:30:00.000000000Z,2024-01-15T12:30:00.000000000Z,SHORT,6.0,harvester,-6.0,-6.0,-1.0,-1.0,SL_HIT,PANIC
T1235,SHORT_6_003,2024-01-15T12:33:00.000000000Z,2024-01-15T12:33:00.000000000Z,SHORT,6.0,harvester,-6.0,-6.0,-1.0,-1.0,SL_HIT,PANIC
T1236,SHORT_6_003,2024-01-15T12:36:00.000000000Z,2024-01-15T12:36:00.000000000Z,SHORT,6.0,harvester,-6.0,-4.500000000000615,-1.0,-0.7500000000001025,SL_HIT,PANIC
T1237,SHORT_6_003,2024-01-15T12:39:00.000000000Z,2024-01-15T12:39:00.000000000Z,SHORT,6.0,harvester,-6.0,-4.3999999999999595,-1.0,-0.7333333333333266,SL_HIT,PANIC
T1238,SHORT_6_003,2024-01-15T12:42:00.000000000Z,2024-01-15T12:42:00.000000000Z,SHORT,6.0,harvester,6.0,4.099999999997994,1.0,0.6833333333329991,TP_HIT,DECAY_EXIT
T1239,SHORT_6_003,2024-01-15T12:45:00.000000000Z,2024-01-15T12:45:00.000000000Z,SHORT,6.0,harvester,6.0,2.2999999999995246,1.0,0.3833333333332541,TP_HIT,DECAY_EXIT
T1240,SHORT_6_003,2024-01-15T12:48:00.000000000Z,2024-01-15T12:48:00.000000000Z,SHORT,6.0,harvester,6.0,2.4999999999986144,1.0,0.41666666666643576,TP_HIT,DECAY_EXIT
T1241,SHORT_6_003,2024-01-15T12:51:00.000000000Z,2024-01-15T12:51:00.000000000Z,SHORT,6.0,harvester,6.0,3.2999999999994145,1.0,0.5499999999999025,TP_HIT,DECAY_EXIT
T1242,SHORT_6_003,2024-01-15T12:54:00.000000000Z,2024-01-15T12:54:00.000000000Z,SHORT,6.0,harvester,6.0,5.499999999998284,1.0,0.9166666666663806,TP_HIT,DECAY_EXIT
T1243,SHORT_6_003,2024-01-15T12:57:00.000000000Z,2024-01-15T12:57:00.000000000Z,SHORT,6.0,harvester,6.0,1.2999999999996348,1.0,0.2166666666666058,TP_HIT,DECAY_EXIT
T1244,SHORT_6_003,2024-01-15T13:00:00.000000000Z,2024-01-15T13:00:00.000000000Z,SHORT,6.0,harvester,6.0,-0.6000000000017103,1.0,-0.10000000000028504,TP_HIT,DECAY_EXIT
T1245,SHORT_6_003,2024-01-15T13:03:00.000000000Z,2024-01-15T13:03:00.000000000Z,SHORT,6.0,harvester,6.0,-0.5999999999994898,1.0,-0.09999999999991498,TP_HIT,DECAY_EXIT
T1246,SHORT_6_003,2024-01-15T13:06:00.000000000Z,2024-01-15T13:06:00.000000000Z,SHORT,6.0,harvester,6.0,-2.20000000000109,1.0,-0.36666666666684833,TP_HIT,DECAY_EXIT
T1247,SHORT_6_003,2024-01-15T13:09:00.000000000Z,2024-01-15T13:09:00.000000000Z,SHORT,6.0,harvester,-6.0,-4.8000000000003595,-1.0,-0.8000000000000599,SL_HIT,PANIC
T1248,SHORT_6_003,2024-01-15T13:12:00.000000000Z,2024-01-15T13:12:00.000000000Z,SHORT,6.0,harvester,6.0,-4.699999999999704,1.0,-0.783333333333284,TP_HIT,PANIC
T1249,SHORT_6_003,2024-01-15T13:15:00.000000000Z,2024-01-15T13:15:00.000000000Z,SHORT,6.0,harvester,-6.0,-4.100000000000215,-1.0,-0.6833333333333691,SL_HIT,PANIC
T1250,SHORT_6_003,2024-01-15T13:18:00.000000000Z,2024-01-15T13:18:00.000000000Z,SHORT,6.0,harvester,6.0,5.5000000000005045,1.0,0.9166666666667508,TP_HIT,HOLD
T1251,SHORT_6_003,2024-01-15T13:21:00.000000000Z,2024-01-15T13:21:00.000000000Z,SHORT,6.0,harvester,6.0,0.5000000000010552,1.0,0.08333333333350919,TP_HIT,HARVEST
T1252,SHORT_6_003,2024-01-15T13:24:00.000000000Z,2024-01-15T13:24:00.000000000Z,SHORT,6.0,harvester,6.0,4.60000000000127,1.0,0.7666666666668783,TP_HIT,HOLD
T1253,SHORT_6_003,2024-01-15T13:27:00.000000000Z,2024-01-15T13:27:00.000000000Z,SHORT,6.0,harvester,6.0,4.100000000000215,1.0,0.6833333333333691,TP_HIT,DECAY_EXIT
T1254,SHORT_6_003,2024-01-15T13:30:00.000000000Z,2024-01-15T13:30:00.000000000Z,SHORT,6.0,harvester,6.0,4.599999999999049,1.0,0.7666666666665082,TP_HIT,DECAY_EXIT
T1255,SHORT_6_003,2024-01-15T13:33:00.000000000Z,2024-01-15T13:33:00.000000000Z,SHORT,6.0,harvester,6.0,5.800000000000249,1.0,0.9666666666667082,TP_HIT,DECAY_EXIT
T1256,SHORT_6_003,2024-01-15T13:36:00.000000000Z,2024-01-15T13:36:00.000000000Z,SHORT,6.0,harvester,6.0,5.199999999998539,1.0,0.8666666666664232,TP_HIT,DECAY_EXIT
T1257,SHORT_6_003,2024-01-15T13:39:00.000000000Z,2024-01-15T13:39:00.000000000Z,SHORT,6.0,harvester,6.0,4.499999999998394,1.0,0.7499999999997323,TP_HIT,DECAY_EXIT
T1258,SHORT_6_003,2024-01-15T13:42:00.000000000Z,2024-01-15T13:42:00.000000000Z,SHORT,6.0,harvester,6.0,3.6999999999998145,1.0,0.6166666666666357,TP_HIT,DECAY_EXIT
T1259,SHORT_6_003,2024-01-15T13:45:00.000000000Z,2024-01-15T13:45:00.000000000Z,SHORT,6.0,harvester,6.0,4.3999999999999595,1.0,0.7333333333333266,TP_HIT,DECAY_EXIT
T1260,SHORT_6_003,2024-01-15T13:48:00.000000000Z,2024-01-15T13:48:00.000000000Z,SHORT,6.0,harvester,6.0,3.9999999999995595,1.0,0.6666666666665932,TP_HIT,DECAY_EXIT
T1261,SHORT_6_003,2024-01-15T13:51:00.000000000Z,2024-01-15T13:51:00.000000000Z,SHORT,6.0,harvester,6.0,6.099999999999994,1.0,1.0166666666666657,TP_HIT,DECAY_EXIT
T1262,SHORT_6_003,2024-01-15T13:54:00.000000000Z,2024-01-15T13:54:00.000000000Z,SHORT,6.0,harvester,6.0,3.6999999999998145,1.0,0.6166666666666357,TP_HIT,DECAY_EXIT
T1263,SHORT_6_003,2024-01-15T13:57:00.000000000Z,2024-01-15T13:57:00.000000000Z,SHORT,6.0,harvester,6.0,3.9999999999995595,1.0,0.6666666666665932,TP_HIT,DECAY_EXIT
T1264,SHORT_6_003,2024-01-15T14:00:00.000000000Z,2024-01-15T14:00:00.000000000Z,SHORT,6.0,harvester,6.0,4.8000000000003595,1.0,0.8000000000000599,TP_HIT,DECAY_EXIT
T1265,SHORT_6_003,2024-01-15T14:03:00.000000000Z,2024-01-15T14:03:00.000000000Z,SHORT,6.0,harvester,6.0,1.9999999999997797,1.0,0.3333333333332966,TP_HIT,DECAY_EXIT
T1266,SHORT_6_003,2024-01-15T14:06:00.000000000Z,2024-01-15T14:06:00.000000000Z,SHORT,6.0,harvester,-0.10000000000065512,-4.00000000000178,-0.016666666666775853,-0.6666666666669633,TIMEOUT,DECAY_EXIT
T1267,SHORT_6_003,2024-01-15T14:09:00.000000000Z,2024-01-15T14:09:00.000000000Z,SHORT,6.0,harvester,-3.20000000000098,-4.20000000000087,-0.5333333333334966,-0.700000000000145,TIMEOUT,DECAY_EXIT
T1268,SHORT_6_003,2024-01-15T14:12:00.000000000Z,2024-01-15T14:12:00.000000000Z,SHORT,6.0,harvester,-6.0,-5.399999999999849,-1.0,-0.8999999999999749,SL_HIT,PANIC
T1269,SHORT_6_003,2024-01-15T14:15:00.000000000Z,2024-01-15T14:15:00.000000000Z,SHORT,6.0,harvester,-6.0,-4.60000000000127,-1.0,-0.7666666666668783,SL_HIT,DECAY_EXIT
T1270,SHORT_6_003,2024-01-15T14:18:00.000000000Z,2024-01-15T14:18:00.000000000Z,SHORT,6.0,harvester,-6.0,-5.60000000000116,-1.0,-0.9333333333335266,SL_HIT,PANIC
T1271,SHORT_6_004,2024-01-15T15:05:00.000000000Z,2024-01-15T15:05:00.000000000Z,SHORT,6.0,harvester,6.0,-5.60000000000116,1.0,-0.9333333333335266,TP_HIT,PANIC
T1272,SHORT_6_004,2024-01-15T15:08:00.000000000Z,2024-01-15T15:08:00.000000000Z,SHORT,6.0,harvester,6.0,-4.100000000000215,1.0,-0.6833333333333691,TP_HIT,PANIC
T1273,SHORT_6_004,2024-01-15T15:11:00.000000000Z,2024-01-15T15:11:00.000000000Z,SHORT,6.0,harvester,-6.0,-4.20000000000087,-1.0,-0.700000000000145,SL_HIT,PANIC
T1274,SHORT_6_004,2024-01-15T15:14:00.000000000Z,2024-01-15T15:14:00.000000000Z,SHORT,6.0,harvester,-6.0,-4.900000000001015,-1.0,-0.8166666666668357,SL_HIT,PANIC
T1275,SHORT_6_004,2024-01-15T15:17:00.000000000Z,2024-01-15T15:17:00.000000000Z,SHORT,6.0,harvester,-6.0,-5.5000000000005045,-1.0,-0.9166666666667508,SL_HIT,PANIC
T1276,SHORT_6_004,2024-01-15T15:20:00.000000000Z,2024-01-15T15:20:00.000000000Z,SHORT,6.0,harvester,-6.0,-5.999999999999339,-1.0,-0.9999999999998899,SL_HIT,PANIC
T1277,SHORT_6_004,2024-01-15T15:23:00.000000000Z,2024-01-15T15:23:00.000000000Z,SHORT,6.0,harvester,-6.0,-5.5000000000005045,-1.0,-0.9166666666667508,SL_HIT,PANIC
T1278,SHORT_6_004,2024-01-15T15:26:00.000000000Z,2024-01-15T15:26:00.000000000Z,SHORT,6.0,harvester,6.0,-4.299999999999304,1.0,-0.7166666666665508,TP_HIT,PANIC
T1279,SHORT_6_004,2024-01-15T15:29:00.000000000Z,2024-01-15T15:29:00.000000000Z,SHORT,6.0,harvester,6.0,-4.900000000001015,1.0,-0.8166666666668357,TP_HIT,PANIC
T1280,SHORT_6_004,2024-01-15T15:32:00.000000000Z,2024-01-15T15:32:00.000000000Z,SHORT,6.0,harvester,-6.0,-4.699999999999704,-1.0,-0.783333333333284,SL_HIT,PANIC
T1281,SHORT_6_004,2024-01-15T15:35:00.000000000Z,2024-01-15T15:35:00.000000000Z,SHORT,6.0,harvester,-6.0,-5.999999999999339,-1.0,-0.9999999999998899,SL_HIT,PANIC
T1282,SHORT_6_004,2024-01-15T15:38:00.000000000Z,2024-01-15T15:38:00.000000000Z,SHORT,6.0,harvester,-6.0,-6.0,-1.0,-1.0,SL_HIT,PANIC
T1283,SHORT_7_001,2024-01-15T08:02:00.000000000Z,2024-01-15T08:02:00.000000000Z,SHORT,7.0,harvester,7.0,-4.8000000000003595,1.0,-0.6857142857143371,TP_HIT,PANIC
T1284,SHORT_7_001,2024-01-15T08:05:00.000000000Z,2024-01-15T08:05:00.000000000Z,SHORT,7.0,harvester,7.0,13.299999999998313,1.0,1.899999999999759,TP_HIT,HOLD
T1285,SHORT_7_001,2024-01-15T08:08:00.000000000Z,2024-01-15T08:08:00.000000000Z,SHORT,7.0,harvester,7.0,14.700000000000824,1.0,2.1000000000001178,TP_HIT,HOLD
T1286,SHORT_7_001,2024-01-15T08:11:00.000000000Z,2024-01-15T08:11:00.000000000Z,SHORT,7.0,harvester,7.0,18.800000000001038,1.0,2.685714285714434,TP_HIT,HOLD
T1287,SHORT_7_001,2024-01-15T08:14:00.000000000Z,2024-01-15T08:14:00.000000000Z,SHORT,7.0,harvester,7.0,17.000000000000348,1.0,2.428571428571478,TP_HIT,HOLD
T1288,SHORT_7_001,2024-01-15T08:17:00.000000000Z,2024-01-15T08:17:00.000000000Z,SHORT,7.0,harvester,7.0,14.199999999999768,1.0,2.0285714285713956,TP_HIT,HOLD
T1289,SHORT_7_001,2024-01-15T08:20:00.000000000Z,2024-01-15T08:20:00.000000000Z,SHORT,7.0,harvester,7.0,16.299999999997983,1.0,2.3285714285711405,TP_HIT,HOLD
T1290,SHORT_7_001,2024-01-15T08:23:00.000000000Z,2024-01-15T08:23:00.000000000Z,SHORT,7.0,harvester,7.0,19.299999999999873,1.0,2.757142857142839,TP_HIT,HOLD
T1291,SHORT_7_001,2024-01-15T08:26:00.000000000Z,2024-01-15T08:26:00.000000000Z,SHORT,7.0,harvester,7.0,21.700000000000053,1.0,3.1000000000000076,TP_HIT,HOLD
T1292,SHORT_7_001,2024-01-15T08:29:00.000000000Z,2024-01-15T08:29:00.000000000Z,SHORT,7.0,harvester,7.0,23.000000000001908,1.0,3.2857142857145583,TP_HIT,HOLD
T1293,SHORT_7_001,2024-01-15T08:32:00.000000000Z,2024-01-15T08:32:00.000000000Z,SHORT,7.0,harvester,7.0,20.599999999999508,1.0,2.9428571428570724,TP_HIT,HOLD
T1294,SHORT_7_001,2024-01-15T08:35:00.000000000Z,2024-01-15T08:35:00.000000000Z,SHORT,7.0,harvester,7.0,21.299999999999653,1.0,3.0428571428570934,TP_HIT,HOLD
T1295,SHORT_7_001,2024-01-15T08:38:00.000000000Z,2024-01-15T08:38:00.000000000Z,SHORT,7.0,harvester,7.0,25.399999999999867,1.0,3.6285714285714095,TP_HIT,HOLD
T1296,SHORT_7_001,2024-01-15T08:41:00.000000000Z,2024-01-15T08:41:00.000000000Z,SHORT,7.0,harvester,7.0,23.599999999999177,1.0,3.3714285714284538,TP_HIT,HOLD
T1297,SHORT_7_001,2024-01-15T08:44:00.000000000Z,2024-01-15T08:44:00.000000000Z,SHORT,7.0,harvester,7.0,25.399999999999867,1.0,3.6285714285714095,TP_HIT,HOLD
T1298,SHORT_7_001,2024-01-15T08:47:00.000000000Z,2024-01-15T08:47:00.000000000Z,SHORT,7.0,harvester,7.0,24.700000000001943,1.0,3.528571428571706,TP_HIT,HOLD
T1299,SHORT_7_001,2024-01-15T08:50:00.000000000Z,2024-01-15T08:50:00.000000000Z,SHORT,7.0,harvester,7.0,21.200000000001218,1.0,3.0285714285716026,TP_HIT,HOLD
T1300,SHORT_7_001,2024-01-15T08:53:00.000000000Z,2024-01-15T08:53:00.000000000Z,SHORT,7.0,harvester,7.0,21.400000000000308,1.0,3.057142857142901,TP_HIT,HOLD
T1301,SHORT_7_001,2024-01-15T08:56:00.000000000Z,2024-01-15T08:56:00.000000000Z,SHORT,7.0,harvester,7.0,22.600000000001508,1.0,3.228571428571644,TP_HIT,HOLD
T1302,SHORT_7_001,2024-01-15T08:59:00.000000000Z,2024-01-15T08:59:00.000000000Z,SHORT,7.0,harvester,7.0,20.999999999999908,1.0,2.9999999999999867,TP_HIT,HOLD
T1303,SHORT_7_001,2024-01-15T09:02:00.000000000Z,2024-01-15T09:02:00.000000000Z,SHORT,7.0,harvester,7.0,16.80000000000126,1.0,2.4000000000001798,TP_HIT,HOLD
T1304,SHORT_7_001,2024-01-15T09:05:00.000000000Z,2024-01-15T09:05:00.000000000Z,SHORT,7.0,harvester,7.0,18.299999999999983,1.0,2.6142857142857117,TP_HIT,HOLD
T1305,SHORT_7_001,2024-01-15T09:08:00.000000000Z,2024-01-15T09:08:00.000000000Z,SHORT,7.0,harvester,7.0,18.799999999998818,1.0,2.6857142857141167,TP_HIT,HOLD
T1306,SHORT_7_001,2024-01-15T09:11:00.000000000Z,2024-01-15T09:11:00.000000000Z,SHORT,7.0,harvester,7.0,16.199999999999548,1.0,2.3142857142856497,TP_HIT,HOLD
T1307,SHORT_7_001,2024-01-15T09:14:00.000000000Z,2024-01-15T09:14:00.000000000Z,SHORT,7.0,harvester,7.0,16.40000000000086,1.0,2.3428571428572655,TP_HIT,HOLD
T1308,SHORT_7_001,2024-01-15T09:17:00.000000000Z,2024-01-15T09:17:00.000000000Z,SHORT,7.0,harvester,7.0,11.800000000001809,1.0,1.6857142857145442,TP_HIT,DECAY_EXIT
T1309,SHORT_7_001,2024-01-15T09:20:00.000000000Z,2024-01-15T09:20:00.000000000Z,SHORT,7.0,harvester,7.0,12.000000000000899,1.0,1.7142857142858428,TP_HIT,DECAY_EXIT
T1310,SHORT_7_001,2024-01-15T09:23:00.000000000Z,2024-01-15T09:23:00.000000000Z,SHORT,7.0,harvester,7.0,13.100000000001444,1.0,1.8714285714287777,TP_HIT,DECAY_EXIT
T1311,SHORT_7_001,2024-01-15T09:26:00.000000000Z,2024-01-15T09:26:00.000000000Z,SHORT,7.0,harvester,7.0,13.300000000000534,1.0,1.9000000000000763,TP_HIT,DECAY_EXIT
T1312,SHORT_7_001,2024-01-15T09:29:00.000000000Z,2024-01-15T09:29:00.000000000Z,SHORT,7.0,harvester,7.0,12.800000000001699,1.0,1.8285714285716712,TP_HIT,DECAY_EXIT
T1313,SHORT_7_001,2024-01-15T09:32:00.000000000Z,2024-01-15T09:32:00.000000000Z,SHORT,7.0,harvester,7.0,12.900000000000134,1.0,1.8428571428571618,TP_HIT,DECAY_EXIT
T1314,SHORT_7_001,2024-01-15T09:35:00.000000000Z,2024-01-15T09:35:00.000000000Z,SHORT,7.0,harvester,7.0,8.60000000000083,1.0,1.228571428571547,TP_HIT,DECAY_EXIT
T1315,SHORT_7_001,2024-01-15T09:38:00.000000000Z,2024-01-15T09:38:00.000000000Z,SHORT,7.0,harvester,7.0,4.00000000000178,1.0,0.5714285714288257,TP_HIT,DECAY_EXIT
T1316,SHORT_7_001,2024-01-15T09:41:00.000000000Z,2024-01-15T09:41:00.000000000Z,SHORT,7.0,harvester,7.0,6.399999999999739,1.0,0.9142857142856771,TP_HIT,DECAY_EXIT
T1317,SHORT_7_001,2024-01-15T09:44:00.000000000Z,2024-01-15T09:44:00.000000000Z,SHORT,7.0,harvester,7.0,4.700000000001925,1.0,0.6714285714288464,TP_HIT,DECAY_EXIT
T1318,SHORT_7_001,2024-01-15T09:47:00.000000000Z,2024-01-15T09:47:00.000000000Z,SHORT,7.0,harvester,7.0,3.20000000000098,1.0,0.4571428571429971,TP_HIT,DECAY_EXIT
T1319,SHORT_7_001,2024-01-15T09:50:00.000000000Z,2024-01-15T09:50:00.000000000Z,SHORT,7.0,harvester,7.0,5.00000000000167,1.0,0.7142857142859528,TP_HIT,DECAY_EXIT
T1320,SHORT_7_001,2024-01-15T09:53:00.000000000Z,2024-01-15T09:53:00.000000000Z,SHORT,7.0,harvester,7.0,4.500000000000615,1.0,0.6428571428572306,TP_HIT,DECAY_EXIT
T1321,SHORT_7_001,2024-01-15T09:56:00.000000000Z,2024-01-15T09:56:00.000000000Z,SHORT,7.0,harvester,7.0,6.700000000001705,1.0,0.9571428571431007,TP_HIT,DECAY_EXIT
T1322,SHORT_7_001,2024-01-15T09:59:00.000000000Z,2024-01-15T09:59:00.000000000Z,SHORT,7.0,harvester,7.0,5.700000000001815,1.0,0.8142857142859735,TP_HIT,DECAY_EXIT
T1323,SHORT_7_001,2024-01-15T10:02:00.000000000Z,2024-01-15T10:02:00.000000000Z,SHORT,7.0,harvester,7.0,1.900000000001345,1.0,0.2714285714287636,TP_HIT,DECAY_EXIT
T1324,SHORT_7_001,2024-01-15T10:05:00.000000000Z,2024-01-15T10:05:00.000000000Z,SHORT,7.0,harvester,7.0,-0.09999999999843467,1.0,-0.014285714285490667,TP_HIT,DECAY_EXIT
T1325,SHORT_7_001,2024-01-15T10:08:00.000000000Z,2024-01-15T10:08:00.000000000Z,SHORT,7.0,harvester,7.0,0.1999999999990898,1.0,0.028571428571298543,TP_HIT,DECAY_EXIT
T1326,SHORT_7_001,2024-01-15T10:11:00.000000000Z,2024-01-15T10:11:00.000000000Z,SHORT,7.0,harvester,-7.0,-2.1999999999988695,-1.0,-0.3142857142855528,SL_HIT,DECAY_EXIT
T1327,SHORT_7_001,2024-01-15T10:14:00.000000000Z,2024-01-15T10:14:00.000000000Z,SHORT,7.0,harvester,-7.0,-3.1000000000003247,-1.0,-0.44285714285718925,SL_HIT,DECAY_EXIT
T1328,SHORT_7_001,2024-01-15T10:17:00.000000000Z,2024-01-15T10:17:00.000000000Z,SHORT,7.0,harvester,-7.0,-5.299999999999194,-1.0,-0.757142857142742,SL_HIT,PANIC
T1329,SHORT_7_001,2024-01-15T10:20:00.000000000Z,2024-01-15T10:20:00.000000000Z,SHORT,7.0,harvester,-7.0,-5.1000000000001044,-1.0,-0.7285714285714435,SL_HIT,PANIC
T1330,SHORT_7_002,2024-01-15T12:11:00.000000000Z,2024-01-15T12:11:00.000000000Z,SHORT,7.0,harvester,7.0,-6.200000000000649,1.0,-0.8857142857143785,TP_HIT,PANIC
T1331,SHORT_7_002,2024-01-15T12:14:00.000000000Z,2024-01-15T12:14:00.000000000Z,SHORT,7.0,harvester,7.0,3.5999999999991594,1.0,0.5142857142855942,TP_HIT,DECAY_EXIT
T1332,SHORT_7_002,2024-01-15T12:17:00.000000000Z,2024-01-15T12:17:00.000000000Z,SHORT,7.0,harvester,7.0,4.799999999998139,1.0,0.6857142857140198,TP_HIT,DECAY_EXIT
T1333,SHORT_7_002,2024-01-15T12:20:00.000000000Z,2024-01-15T12:20:00.000000000Z,SHORT,7.0,harvester,7.0,3.1999999999987594,1.0,0.45714285714267994,TP_HIT,DECAY_EXIT
T1334,SHORT_7_002,2024-01-15T12:23:00.000000000Z,2024-01-15T12:23:00.000000000Z,SHORT,7.0,harvester,7.0,-5.800000000000249,1.0,-0.8285714285714642,TP_HIT,PANIC
T1335,SHORT_7_002,2024-01-15T12:26:00.000000000Z,2024-01-15T12:26:00.000000000Z,SHORT,7.0,harvester,7.0,-4.699999999999704,1.0,-0.6714285714285292,TP_HIT,PANIC
T1336,SHORT_7_002,2024-01-15T12:29:00.000000000Z,2024-01-15T12:29:00.000000000Z,SHORT,7.0,harvester,-7.0,-5.00000000000167,-1.0,-0.7142857142859528,SL_HIT,PANIC
T1337,SHORT_7_002,2024-01-15T12:32:00.000000000Z,2024-01-15T12:32:00.000000000Z,SHORT,7.0,harvester,-7.0,-7.0,-1.0,-1.0,SL_HIT,PANIC
T1338,SHORT_7_002,2024-01-15T12:35:00.000000000Z,2024-01-15T12:35:00.000000000Z,SHORT,7.0,harvester,-7.0,-5.199999999998539,-1.0,-0.7428571428569342,SL_HIT,PANIC
T1339,SHORT_7_002,2024-01-15T12:38:00.000000000Z,2024-01-15T12:38:00.000000000Z,SHORT,7.0,harvester,-7.0,-7.0,-1.0,-1.0,SL_HIT,PANIC
T1340,SHORT_7_002,2024-01-15T12:41:00.000000000Z,2024-01-15T12:41:00.000000000Z,SHORT,7.0,harvester,7.0,6.999999999999229,1.0,0.9999999999998899,TP_HIT,DECAY_EXIT
T1341,SHORT_7_002,2024-01-15T12:44:00.000000000Z,2024-01-15T12:44:00.000000000Z,SHORT,7.0,harvester,7.0,3.1999999999987594,1.0,0.45714285714267994,TP_HIT,DECAY_EXIT
T1342,SHORT_7_002,2024-01-15T12:47:00.000000000Z,2024-01-15T12:47:00.000000000Z,SHORT,7.0,harvester,7.0,2.0999999999982144,1.0,0.2999999999997449,TP_HIT,DECAY_EXIT
T1343,SHORT_7_002,2024-01-15T12:50:00.000000000Z,2024-01-15T12:50:00.000000000Z,SHORT,7.0,harvester,7.0,4.8000000000003595,1.0,0.6857142857143371,TP_HIT,DECAY_EXIT
T1344,SHORT_7_002,2024-01-15T12:53:00.000000000Z,2024-01-15T12:53:00.000000000Z,SHORT,7.0,harvester,7.0,5.499999999998284,1.0,0.7857142857140406,TP_HIT,DECAY_EXIT
T1345,SHORT_7_002,2024-01-15T12:56:00.000000000Z,2024-01-15T12:56:00.000000000Z,SHORT,7.0,harvester,7.0,3.6999999999998145,1.0,0.528571428571402,TP_HIT,DECAY_EXIT
T1346,SHORT_7_002,2024-01-15T12:59:00.000000000Z,2024-01-15T12:59:00.000000000Z,SHORT,7.0,harvester,7.0,2.2999999999995246,1.0,0.3285714285713607,TP_HIT,DECAY_EXIT
T1347,SHORT_7_002,2024-01-15T13:02:00.000000000Z,2024-01-15T13:02:00.000000000Z,SHORT,7.0,harvester,7.0,0.2999999999997449,1.0,0.042857142857106414,TP_HIT,DECAY_EXIT
T1348,SHORT_7_002,2024-01-15T13:05:00.000000000Z,2024-01-15T13:05:00.000000000Z,SHORT,7.0,harvester,7.0,-0.5999999999994898,1.0,-0.08571428571421283,TP_HIT,DECAY_EXIT
T1349,SHORT_7_002,2024-01-15T13:08:00.000000000Z,2024-01-15T13:08:00.000000000Z,SHORT,7.0,harvester,7.0,-4.100000000000215,1.0,-0.5857142857143164,TP_HIT,PANIC
T1350,SHORT_7_002,2024-01-15T13:11:00.000000000Z,2024-01-15T13:11:00.000000000Z,SHORT,7.0,harvester,7.0,0.5999999999994898,1.0,0.08571428571421283,TP_HIT,HARVEST
T1351,SHORT_7_002,2024-01-15T13:14:00.000000000Z,2024-01-15T13:14:00.000000000Z,SHORT,7.0,harvester,5.20000000000076,-5.5000000000005045,0.7428571428572514,-0.7857142857143578,TIMEOUT,PANIC
T1352,SHORT_7_002,2024-01-15T13:17:00.000000000Z,2024-01-15T13:17:00.000000000Z,SHORT,7.0,harvester,7.0,4.999999999999449,1.0,0.7142857142856356,TP_HIT,HOLD
T1353,SHORT_7_002,2024-01-15T13:20:00.000000000Z,2024-01-15T13:20:00.000000000Z,SHORT,7.0,harvester,7.0,0.5000000000010552,1.0,0.07142857142872217,TP_HIT,HARVEST
T1354,SHORT_7_002,2024-01-15T13:23:00.000000000Z,2024-01-15T13:23:00.000000000Z,SHORT,7.0,harvester,7.0,6.300000000001305,1.0,0.9000000000001863,TP_HIT,HOLD
T1355,SHORT_7_002,2024-01-15T13:26:00.000000000Z,2024-01-15T13:26:00.000000000Z,SHORT,7.0,harvester,7.0,3.900000000001125,1.0,0.5571428571430178,TP_HIT,HOLD
T1356,SHORT_7_002,2024-01-15T13:29:00.000000000Z,2024-01-15T13:29:00.000000000Z,SHORT,7.0,harvester,7.0,1.9999999999997797,1.0,0.2857142857142542,TP_HIT,DECAY_EXIT
T1357,SHORT_7_002,2024-01-15T13:32:00.000000000Z,2024-01-15T13:32:00.000000000Z,SHORT,7.0,harvester,7.0,6.199999999998429,1.0,0.8857142857140613,TP_HIT,DECAY_EXIT
T1358,SHORT_7_002,2024-01-15T13:35:00.000000000Z,2024-01-15T13:35:00.000000000Z,SHORT,7.0,harvester,7.0,7.099999999999884,1.0,1.0142857142856978,TP_HIT,DECAY_EXIT
T1359,SHORT_7_002,2024-01-15T13:38:00.000000000Z,2024-01-15T13:38:00.000000000Z,SHORT,7.0,harvester,7.0,4.599999999999049,1.0,0.6571428571427214,TP_HIT,DECAY_EXIT
T1360,SHORT_7_002,2024-01-15T13:41:00.000000000Z,2024-01-15T13:41:00.000000000Z,SHORT,7.0,harvester,7.0,3.1999999999987594,1.0,0.45714285714267994,TP_HIT,DECAY_EXIT
T1361,SHORT_7_002,2024-01-15T13:44:00.000000000Z,2024-01-15T13:44:00.000000000Z,SHORT,7.0,harvester,7.0,4.3999999999999595,1.0,0.6285714285714228,TP_HIT,DECAY_EXIT
T1362,SHORT_7_002,2024-01-15T13:47:00.000000000Z,2024-01-15T13:47:00.000000000Z,SHORT,7.0,harvester,7.0,3.5999999999991594,1.0,0.5142857142855942,TP_HIT,DECAY_EXIT
T1363,SHORT_7_002,2024-01-15T13:50:00.000000000Z,2024-01-15T13:50:00.000000000Z,SHORT,7.0,harvester,7.0,5.399999999999849,1.0,0.7714285714285499,TP_HIT,DECAY_EXIT
T1364,SHORT_7_002,2024-01-15T13:53:00.000000000Z,2024-01-15T13:53:00.000000000Z,SHORT,7.0,harvester,7.0,4.299999999999304,1.0,0.614285714285615,TP_HIT,DECAY_EXIT
T1365,SHORT_7_002,2024-01-15T13:56:00.000000000Z,2024-01-15T13:56:00.000000000Z,SHORT,7.0,harvester,7.0,4.299999999999304,1.0,0.614285714285615,TP_HIT,DECAY_EXIT
T1366,SHORT_7_002,2024-01-15T13:59:00.000000000Z,2024-01-15T13:59:00.000000000Z,SHORT,7.0,harvester,7.0,5.199999999998539,1.0,0.7428571428569342,TP_HIT,DECAY_EXIT
T1367,SHORT_7_002,2024-01-15T14:02:00.000000000Z,2024-01-15T14:02:00.000000000Z,SHORT,7.0,harvester,7.0,3.4000000000000696,1.0,0.48571428571429565,TP_HIT,DECAY_EXIT
T1368,SHORT_7_002,2024-01-15T14:05:00.000000000Z,2024-01-15T14:05:00.000000000Z,SHORT,7.0,harvester,0.5999999999994898,-1.80000000000069,0.08571428571421283,-0.2571428571429557,TIMEOUT,DECAY_EXIT
T1369,SHORT_7_002,2024-01-15T14:08:00.000000000Z,2024-01-15T14:08:00.000000000Z,SHORT,7.0,harvester,-3.20000000000098,-5.800000000000249,-0.4571428571429971,-0.8285714285714642,TIMEOUT,PANIC
T1370,SHORT_7_002,2024-01-15T14:11:00.000000000Z,2024-01-15T14:11:00.000000000Z,SHORT,7.0,harvester,-6.399999999999739,-4.60000000000127,-0.9142857142856771,-0.6571428571430386,TIMEOUT,DECAY_EXIT
T1371,SHORT_7_002,2024-01-15T14:14:00.000000000Z,2024-01-15T14:14:00.000000000Z,SHORT,7.0,harvester,-7.0,-6.099999999999994,-1.0,-0.8714285714285707,SL_HIT,PANIC
T1372,SHORT_7_002,2024-01-15T14:17:00.000000000Z,2024-01-15T14:17:00.000000000Z,SHORT,7.0,harvester,-7.0,-3.60000000000138,-1.0,-0.5142857142859114,SL_HIT,DECAY_EXIT
T1373,SHORT_7_003,2024-01-15T15:07:00.000000000Z,2024-01-15T15:07:00.000000000Z,SHORT,7.0,harvester,7.0,-4.8000000000003595,1.0,-0.6857142857143371,TP_HIT,PANIC
T1374,SHORT_7_003,2024-01-15T15:10:00.000000000Z,2024-01-15T15:10:00.000000000Z,SHORT,7.0,harvester,-7.0,-5.1000000000001044,-1.0,-0.7285714285714435,SL_HIT,PANIC
T1375,SHORT_7_003,2024-01-15T15:13:00.000000000Z,2024-01-15T15:13:00.000000000Z,SHORT,7.0,harvester,-7.0,-4.999999999999449,-1.0,-0.7142857142856356,SL_HIT,PANIC
T1376,SHORT_7_003,2024-01-15T15:16:00.000000000Z,2024-01-15T15:16:00.000000000Z,SHORT,7.0,harvester,-7.0,-4.499999999998394,-1.0,-0.6428571428569134,SL_HIT,PANIC
T1377,SHORT_7_003,2024-01-15T15:19:00.000000000Z,2024-01-15T15:19:00.000000000Z,SHORT,7.0,harvester,-7.0,-5.699999999999594,-1.0,-0.8142857142856563,SL_HIT,PANIC
T1378,SHORT_7_003,2024-01-15T15:22:00.000000000Z,2024-01-15T15:22:00.000000000Z,SHORT,7.0,harvester,-7.0,-5.399999999999849,-1.0,-0.7714285714285499,SL_HIT,PANIC
T1379,SHORT_7_003,2024-01-15T15:25:00.000000000Z,2024-01-15T15:25:00.000000000Z,SHORT,7.0,harvester,7.0,-4.20000000000087,1.0,-0.6000000000001242,TP_HIT,PANIC
T1380,SHORT_7_003,2024-01-15T15:28:00.000000000Z,2024-01-15T15:28:00.000000000Z,SHORT,7.0,harvester,-7.0,-4.199999999998649,-1.0,-0.599999999999807,SL_HIT,PANIC
T1381,SHORT_7_003,2024-01-15T15:31:00.000000000Z,2024-01-15T15:31:00.000000000Z,SHORT,7.0,harvester,-7.0,-4.499999999998394,-1.0,-0.6428571428569134,SL_HIT,PANIC
T1382,SHORT_7_003,2024-01-15T15:34:00.000000000Z,2024-01-15T15:34:00.000000000Z,SHORT,7.0,harvester,-7.0,-5.5000000000005045,-1.0,-0.7857142857143578,SL_HIT,PANIC
T1383,SHORT_7_003,2024-01-15T15:37:00.000000000Z,2024-01-15T15:37:00.000000000Z,SHORT,7.0,harvester,-7.0,-4.700000000001925,-1.0,-0.6714285714288464,SL_HIT,PANIC
T1384,SHORT_8_001,2024-01-15T08:00:00.000000000Z,2024-01-15T08:00:00.000000000Z,SHORT,8.0,harvester,8.0,-6.6000000000010495,1.0,-0.8250000000001312,TP_HIT,PANIC
T1385,SHORT_8_001,2024-01-15T08:03:00.000000000Z,2024-01-15T08:03:00.000000000Z,SHORT,8.0,harvester,8.0,13.399999999998968,1.0,1.674999999999871,TP_HIT,HOLD
T1386,SHORT_8_001,2024-01-15T08:06:00.000000000Z,2024-01-15T08:06:00.000000000Z,SHORT,8.0,harvester,8.0,-4.299999999999304,1.0,-0.537499999999913,TP_HIT,PANIC
T1387,SHORT_8_001,2024-01-15T08:09:00.000000000Z,2024-01-15T08:09:00.000000000Z,SHORT,8.0,harvester,8.0,15.000000000000568,1.0,1.875000000000071,TP_HIT,HOLD
T1388,SHORT_8_001,2024-01-15T08:12:00.000000000Z,2024-01-15T08:12:00.000000000Z,SHORT,8.0,harvester,8.0,16.300000000000203,1.0,2.0375000000000254,TP_HIT,HOLD
T1389,SHORT_8_001,2024-01-15T08:15:00.000000000Z,2024-01-15T08:15:00.000000000Z,SHORT,8.0,harvester,8.0,15.400000000000968,1.0,1.925000000000121,TP_HIT,HOLD
T1390,SHORT_8_001,2024-01-15T08:18:00.000000000Z,2024-01-15T08:18:00.000000000Z,SHORT,8.0,harvester,8.0,14.799999999999258,1.0,1.8499999999999073,TP_HIT,HOLD
T1391,SHORT_8_001,2024-01-15T08:21:00.000000000Z,2024-01-15T08:21:00.000000000Z,SHORT,8.0,harvester,8.0,17.399999999998528,1.0,2.174999999999816,TP_HIT,HOLD
T1392,SHORT_8_001,2024-01-15T08:24:00.000000000Z,2024-01-15T08:24:00.000000000Z,SHORT,8.0,harvester,8.0,23.100000000000342,1.0,2.887500000000043,TP_HIT,HOLD
T1393,SHORT_8_001,2024-01-15T08:27:00.000000000Z,2024-01-15T08:27:00.000000000Z,SHORT,8.0,harvester,8.0,21.500000000000963,1.0,2.6875000000001203,TP_HIT,HOLD
T1394,SHORT_8_001,2024-01-15T08:30:00.000000000Z,2024-01-15T08:30:00.000000000Z,SHORT,8.0,harvester,8.0,20.600000000001728,1.0,2.575000000000216,TP_HIT,HOLD
T1395,SHORT_8_001,2024-01-15T08:33:00.000000000Z,2024-01-15T08:33:00.000000000Z,SHORT,8.0,harvester,8.0,20.499999999998852,1.0,2.5624999999998566,TP_HIT,HOLD
T1396,SHORT_8_001,2024-01-15T08:36:00.000000000Z,2024-01-15T08:36:00.000000000Z,SHORT,8.0,harvester,8.0,21.000000000002128,1.0,2.625000000000266,TP_HIT,HOLD
T1397,SHORT_8_001,2024-01-15T08:39:00.000000000Z,2024-01-15T08:39:00.000000000Z,SHORT,8.0,harvester,8.0,25.500000000000522,1.0,3.1875000000000653,TP_HIT,HOLD
T1398,SHORT_8_001,2024-01-15T08:42:00.000000000Z,2024-01-15T08:42:00.000000000Z,SHORT,8.0,harvester,8.0,25.200000000000777,1.0,3.150000000000097,TP_HIT,HOLD
T1399,SHORT_8_001,2024-01-15T08:45:00.000000000Z,2024-01-15T08:45:00.000000000Z,SHORT,8.0,harvester,8.0,22.699999999999942,1.0,2.837499999999993,TP_HIT,HOLD
T1400,SHORT_8_001,2024-01-15T08:48:00.000000000Z,2024-01-15T08:48:00.000000000Z,SHORT,8.0,harvester,8.0,22.299999999999542,1.0,2.787499999999943,TP_HIT,HOLD
T1401,SHORT_8_001,2024-01-15T08:51:00.000000000Z,2024-01-15T08:51:00.000000000Z,SHORT,8.0,harvester,8.0,22.400000000000198,1.0,2.8000000000000247,TP_HIT,HOLD
T1402,SHORT_8_001,2024-01-15T08:54:00.000000000Z,2024-01-15T08:54:00.000000000Z,SHORT,8.0,harvester,8.0,23.299999999999432,1.0,2.912499999999929,TP_HIT,HOLD
T1403,SHORT_8_001,2024-01-15T08:57:00.000000000Z,2024-01-15T08:57:00.000000000Z,SHORT,8.0,harvester,8.0,21.800000000000708,1.0,2.7250000000000885,TP_HIT,HOLD
T1404,SHORT_8_001,2024-01-15T09:00:00.000000000Z,2024-01-15T09:00:00.000000000Z,SHORT,8.0,harvester,8.0,20.299999999999763,1.0,2.5374999999999703,TP_HIT,HOLD
T1405,SHORT_8_001,2024-01-15T09:03:00.000000000Z,2024-01-15T09:03:00.000000000Z,SHORT,8.0,harvester,8.0,18.299999999999983,1.0,2.287499999999998,TP_HIT,HOLD
T1406,SHORT_8_001,2024-01-15T09:06:00.000000000Z,2024-01-15T09:06:00.000000000Z,SHORT,8.0,harvester,8.0,20.300000000001983,1.0,2.537500000000248,TP_HIT,HOLD
T1407,SHORT_8_001,2024-01-15T09:09:00.000000000Z,2024-01-15T09:09:00.000000000Z,SHORT,8.0,harvester,8.0,18.699999999998163,1.0,2.3374999999997703,TP_HIT,HOLD
T1408,SHORT_8_001,2024-01-15T09:12:00.000000000Z,2024-01-15T09:12:00.000000000Z,SHORT,8.0,harvester,8.0,17.400000000000748,1.0,2.1750000000000935,TP_HIT,HOLD
T1409,SHORT_8_001,2024-01-15T09:15:00.000000000Z,2024-01-15T09:15:00.000000000Z,SHORT,8.0,harvester,8.0,14.699999999998603,1.0,1.8374999999998254,TP_HIT,HOLD
T1410,SHORT_8_001,2024-01-15T09:18:00.000000000Z,2024-01-15T09:18:00.000000000Z,SHORT,8.0,harvester,8.0,11.300000000000754,1.0,1.4125000000000942,TP_HIT,DECAY_EXIT
T1411,SHORT_8_001,2024-01-15T09:21:00.000000000Z,2024-01-15T09:21:00.000000000Z,SHORT,8.0,harvester,8.0,13.700000000000934,1.0,1.7125000000001167,TP_HIT,DECAY_EXIT
T1412,SHORT_8_001,2024-01-15T09:24:00.000000000Z,2024-01-15T09:24:00.000000000Z,SHORT,8.0,harvester,8.0,12.900000000000134,1.0,1.6125000000000167,TP_HIT,DECAY_EXIT
T1413,SHORT_8_002,2024-01-15T12:13:00.000000000Z,2024-01-15T12:13:00.000000000Z,SHORT,8.0,harvester,8.0,2.9999999999996696,1.0,0.3749999999999587,TP_HIT,DECAY_EXIT
T1414,SHORT_8_002,2024-01-15T12:16:00.000000000Z,2024-01-15T12:16:00.000000000Z,SHORT,8.0,harvester,8.0,3.4999999999985043,1.0,0.43749999999981304,TP_HIT,DECAY_EXIT
T1415,SHORT_8_002,2024-01-15T12:19:00.000000000Z,2024-01-15T12:19:00.000000000Z,SHORT,8.0,harvester,8.0,3.0999999999981043,1.0,0.38749999999976303,TP_HIT,DECAY_EXIT
T1416,SHORT_8_002,2024-01-15T12:22:00.000000000Z,2024-01-15T12:22:00.000000000Z,SHORT,8.0,harvester,8.0,-4.20000000000087,1.0,-0.5250000000001087,TP_HIT,PANIC
T1417,SHORT_8_002,2024-01-15T12:25:00.000000000Z,2024-01-15T12:25:00.000000000Z,SHORT,8.0,harvester,7.999999999999119,-6.6000000000010495,0.9999999999998899,-0.8250000000001312,TIMEOUT,PANIC
T1418,SHORT_8_002,2024-01-15T12:28:00.000000000Z,2024-01-15T12:28:00.000000000Z,SHORT,8.0,harvester,8.0,-5.00000000000167,1.0,-0.6250000000002087,TP_HIT,PANIC
T1419,SHORT_8_002,2024-01-15T12:31:00.000000000Z,2024-01-15T12:31:00.000000000Z,SHORT,8.0,harvester,-8.0,-7.600000000000939,-1.0,-0.9500000000001174,SL_HIT,PANIC
T1420,SHORT_8_002,2024-01-15T12:34:00.000000000Z,2024-01-15T12:34:00.000000000Z,SHORT,8.0,harvester,8.0,-4.199999999998649,1.0,-0.5249999999998312,TP_HIT,PANIC
T1421,SHORT_8_002,2024-01-15T12:37:00.000000000Z,2024-01-15T12:37:00.000000000Z,SHORT,8.0,harvester,-8.0,-5.399999999999849,-1.0,-0.6749999999999812,SL_HIT,PANIC
T1422,SHORT_8_002,2024-01-15T12:40:00.000000000Z,2024-01-15T12:40:00.000000000Z,SHORT,8.0,harvester,8.0,4.3999999999999595,1.0,0.5499999999999949,TP_HIT,DECAY_EXIT
T1423,SHORT_8_002,2024-01-15T12:43:00.000000000Z,2024-01-15T12:43:00.000000000Z,SHORT,8.0,harvester,8.0,5.599999999998939,1.0,0.6999999999998674,TP_HIT,DECAY_EXIT
T1424,SHORT_8_002,2024-01-15T12:46:00.000000000Z,2024-01-15T12:46:00.000000000Z,SHORT,8.0,harvester,8.0,0.09999999999843467,1.0,0.012499999999804334,TP_HIT,DECAY_EXIT
T1425,SHORT_8_002,2024-01-15T12:49:00.000000000Z,2024-01-15T12:49:00.000000000Z,SHORT,8.0,harvester,8.0,3.8999999999989043,1.0,0.48749999999986304,TP_HIT,DECAY_EXIT
T1426,SHORT_8_002,2024-01-15T12:52:00.000000000Z,2024-01-15T12:52:00.000000000Z,SHORT,8.0,harvester,8.0,4.499999999998394,1.0,0.5624999999997993,TP_HIT,DECAY_EXIT
T1427,SHORT_8_002,2024-01-15T12:55:00.000000000Z,2024-01-15T12:55:00.000000000Z,SHORT,8.0,harvester,8.0,4.100000000000215,1.0,0.5125000000000268,TP_HIT,DECAY_EXIT
T1428,SHORT_8_002,2024-01-15T12:58:00.000000000Z,2024-01-15T12:58:00.000000000Z,SHORT,8.0,harvester,8.0,1.7000000000000348,1.0,0.21250000000000435,TP_HIT,DECAY_EXIT
T1429,SHORT_8_002,2024-01-15T13:01:00.000000000Z,2024-01-15T13:01:00.000000000Z,SHORT,8.0,harvester,8.0,0.700000000000145,1.0,0.08750000000001812,TP_HIT,DECAY_EXIT
T1430,SHORT_8_002,2024-01-15T13:04:00.000000000Z,2024-01-15T13:04:00.000000000Z,SHORT,8.0,harvester,8.0,-1.9999999999997797,1.0,-0.24999999999997247,TP_HIT,DECAY_EXIT
T1431,SHORT_8_002,2024-01-15T13:07:00.000000000Z,2024-01-15T13:07:00.000000000Z,SHORT,8.0,harvester,8.0,1.40000000000029,1.0,0.17500000000003624,TP_HIT,HARVEST
T1432,SHORT_8_002,2024-01-15T13:10:00.000000000Z,2024-01-15T13:10:00.000000000Z,SHORT,8.0,harvester,5.699999999999594,-4.900000000001015,0.7124999999999493,-0.6125000000001268,TIMEOUT,PANIC
T1433,SHORT_8_002,2024-01-15T13:13:00.000000000Z,2024-01-15T13:13:00.000000000Z,SHORT,8.0,harvester,4.999999999999449,-5.5000000000005045,0.6249999999999312,-0.6875000000000631,TIMEOUT,PANIC
T1434,SHORT_8_002,2024-01-15T13:16:00.000000000Z,2024-01-15T13:16:00.000000000Z,SHORT,8.0,harvester,8.0,5.1000000000001044,1.0,0.6375000000000131,TP_HIT,HOLD
T1435,SHORT_8_002,2024-01-15T13:19:00.000000000Z,2024-01-15T13:19:00.000000000Z,SHORT,8.0,harvester,8.0,0.5000000000010552,1.0,0.0625000000001319,TP_HIT,HARVEST
T1436,SHORT_8_002,2024-01-15T13:22:00.000000000Z,2024-01-15T13:22:00.000000000Z,SHORT,8.0,harvester,8.0,7.0000000000014495,1.0,0.8750000000001812,TP_HIT,HOLD
T1437,SHORT_8_002,2024-01-15T13:25:00.000000000Z,2024-01-15T13:25:00.000000000Z,SHORT,8.0,harvester,8.0,4.999999999999449,1.0,0.6249999999999312,TP_HIT,HOLD
T1438,SHORT_8_002,2024-01-15T13:28:00.000000000Z,2024-01-15T13:28:00.000000000Z,SHORT,8.0,harvester,8.0,1.9999999999997797,1.0,0.24999999999997247,TP_HIT,DECAY_EXIT
T1439,SHORT_8_002,2024-01-15T13:31:00.000000000Z,2024-01-15T13:31:00.000000000Z,SHORT,8.0,harvester,8.0,6.099999999999994,1.0,0.7624999999999993,TP_HIT,DECAY_EXIT
T1440,SHORT_8_002,2024-01-15T13:34:00.000000000Z,2024-01-15T13:34:00.000000000Z,SHORT,8.0,harvester,8.0,6.500000000000394,1.0,0.8125000000000493,TP_HIT,DECAY_EXIT
T1441,SHORT_8_002,2024-01-15T13:37:00.000000000Z,2024-01-15T13:37:00.000000000Z,SHORT,8.0,harvester,8.0,3.6999999999998145,1.0,0.4624999999999768,TP_HIT,DECAY_EXIT
T1442,SHORT_8_002,2024-01-15T13:40:00.000000000Z,2024-01-15T13:40:00.000000000Z,SHORT,8.0,harvester,8.0,3.7999999999982492,1.0,0.47499999999978115,TP_HIT,DECAY_EXIT
T1443,SHORT_8_002,2024-01-15T13:43:00.000000000Z,2024-01-15T13:43:00.000000000Z,SHORT,8.0,harvester,8.0,3.9999999999995595,1.0,0.49999999999994493,TP_HIT,DECAY_EXIT
T1444,SHORT_8_002,2024-01-15T13:46:00.000000000Z,2024-01-15T13:46:00.000000000Z,SHORT,8.0,harvester,8.0,3.9999999999995595,1.0,0.49999999999994493,TP_HIT,DECAY_EXIT
T1445,SHORT_8_002,2024-01-15T13:49:00.000000000Z,2024-01-15T13:49:00.000000000Z,SHORT,8.0,harvester,8.0,4.8000000000003595,1.0,0.6000000000000449,TP_HIT,DECAY_EXIT
T1446,SHORT_8_002,2024-01-15T13:52:00.000000000Z,2024-01-15T13:52:00.000000000Z,SHORT,8.0,harvester,8.0,4.8000000000003595,1.0,0.6000000000000449,TP_HIT,DECAY_EXIT
T1447,SHORT_8_002,2024-01-15T13:55:00.000000000Z,2024-01-15T13:55:00.000000000Z,SHORT,8.0,harvester,8.0,4.3999999999999595,1.0,0.5499999999999949,TP_HIT,DECAY_EXIT
T1448,SHORT_8_002,2024-01-15T13:58:00.000000000Z,2024-01-15T13:58:00.000000000Z,SHORT,8.0,harvester,8.0,5.399999999999849,1.0,0.6749999999999812,TP_HIT,DECAY_EXIT
T1449,SHORT_8_002,2024-01-15T14:01:00.000000000Z,2024-01-15T14:01:00.000000000Z,SHORT,8.0,harvester,8.0,5.999999999999339,1.0,0.7499999999999174,TP_HIT,DECAY_EXIT
T1450,SHORT_8_002,2024-01-15T14:04:00.000000000Z,2024-01-15T14:04:00.000000000Z,SHORT,8.0,harvester,8.0,1.40000000000029,1.0,0.17500000000003624,TP_HIT,DECAY_EXIT
T1451,SHORT_8_002,2024-01-15T14:07:00.000000000Z,2024-01-15T14:07:00.000000000Z,SHORT,8.0,harvester,-1.40000000000029,-4.500000000000615,-0.17500000000003624,-0.5625000000000768,TIMEOUT,DECAY_EXIT
T1452,SHORT_8_002,2024-01-15T14:10:00.000000000Z,2024-01-15T14:10:00.000000000Z,SHORT,8.0,harvester,-6.500000000000394,-5.60000000000116,-0.8125000000000493,-0.700000000000145,TIMEOUT,PANIC
T1453,SHORT_8_002,2024-01-15T14:13:00.000000000Z,2024-01-15T14:13:00.000000000Z,SHORT,8.0,harvester,-7.899999999998464,-5.299999999999194,-0.987499999999808,-0.6624999999998993,TIMEOUT,PANIC
T1454,SHORT_8_002,2024-01-15T14:16:00.000000000Z,2024-01-15T14:16:00.000000000Z,SHORT,8.0,harvester,-8.0,-4.500000000000615,-1.0,-0.5625000000000768,SL_HIT,DECAY_EXIT
T1455,SHORT_2.5_001,2024-01-15T08:33:00.000000000Z,2024-01-15T08:33:00.000000000Z,SHORT,2.5,runner,1.4000000000000001,20.499999999998852,0.56,8.199999999999541,PARTIAL_PLUS_TP,HOLD
T1456,SHORT_2.5_004,2024-01-15T12:49:00.000000000Z,2024-01-15T12:49:00.000000000Z,SHORT,2.5,runner,1.4000000000000001,3.8999999999989043,0.56,1.5599999999995617,PARTIAL_PLUS_TP,DECAY_EXIT
T1457,SHORT_2.5_005,2024-01-15T16:34:00.000000000Z,2024-01-15T16:34:00.000000000Z,SHORT,2.5,runner,1.4000000000000001,3.4000000000000696,0.56,1.3600000000000279,PARTIAL_PLUS_TP,HOLD
T1458,SHORT_3.5_003,2024-01-15T13:03:00.000000000Z,2024-01-15T13:03:00.000000000Z,SHORT,3.5,runner,1.6,-0.5999999999994898,0.4571428571428572,-0.17142857142842566,PARTIAL_PLUS_TP,DECAY_EXIT
T1459,SHORT_5_001,2024-01-15T08:30:00.000000000Z,2024-01-15T08:30:00.000000000Z,SHORT,5.0,runner,1.9000000000000004,20.600000000001728,0.38000000000000006,4.120000000000346,PARTIAL_PLUS_TP,HOLD
T1460,SHORT_5_003,2024-01-15T12:49:00.000000000Z,2024-01-15T12:49:00.000000000Z,SHORT,5.0,runner,1.9000000000000004,3.8999999999989043,0.38000000000000006,0.7799999999997809,PARTIAL_PLUS_TP,DECAY_EXIT
T1461,SHORT_5_004,2024-01-15T16:34:00.000000000Z,2024-01-15T16:34:00.000000000Z,SHORT,5.0,runner,1.2000000000000002,3.4000000000000696,0.24000000000000005,0.6800000000000139,PARTIAL_PLUS_RUNNER,HOLD
T1462,SHORT_6_001,2024-01-15T08:34:00.000000000Z,2024-01-15T08:34:00.000000000Z,SHORT,6.0,runner,2.1,19.700000000000273,0.35000000000000003,3.283333333333379,PARTIAL_PLUS_TP,HOLD
T1463,SHORT_6_003,2024-01-15T12:41:00.000000000Z,2024-01-15T12:41:00.000000000Z,SHORT,6.0,runner,2.1,6.999999999999229,0.35000000000000003,1.1666666666665382,PARTIAL_PLUS_TP,DECAY_EXIT
T1464,SHORT_7_001,2024-01-15T08:03:00.000000000Z,2024-01-15T08:03:00.000000000Z,SHORT,7.0,runner,2.3000000000000003,13.399999999998968,0.3285714285714286,1.914285714285567,PARTIAL_PLUS_TP,HOLD
T1465,SHORT_7_002,2024-01-15T12:12:00.000000000Z,2024-01-15T12:12:00.000000000Z,SHORT,7.0,runner,2.3000000000000003,-5.5000000000005045,0.3285714285714286,-0.7857142857143578,PARTIAL_PLUS_TP,PANIC
T1466,SHORT_7_003,2024-01-15T15:25:00.000000000Z,2024-01-15T15:25:00.000000000Z,SHORT,7.0,runner,2.3000000000000003,-4.20000000000087,0.3285714285714286,-0.6000000000001242,PARTIAL_PLUS_TP,PANIC
T1467,SHORT_8_001,2024-01-15T08:02:00.000000000Z,2024-01-15T08:02:00.000000000Z,SHORT,8.0,runner,2.5,-4.8000000000003595,0.3125,-0.6000000000000449,PARTIAL_PLUS_TP,PANIC
T1468,SHORT_8_002,2024-01-15T12:13:00.000000000Z,2024-01-15T12:13:00.000000000Z,SHORT,8.0,runner,2.5,2.9999999999996696,0.3125,0.3749999999999587,PARTIAL_PLUS_TP,DECAY_EXIT
