trade_id,entry_time,node,pair,direction,score,mode,entry_price,entry_atr,margin,risk_usd,max_mfe,max_mae,exit_time,gross_r,net_r,exit_type,friction,final_balance,drawdown_pct
1,2025-12-14 23:00:00+00:00,GBP_USD__monday__asia,GBP_USD,SHORT,0.7585493999999999,HARVESTER,1.33698,0.00045285714285712785,40.0,2.0,0.5520504731863225,0.0,2025-12-14 23:05:00+00:00,0.55,0.5,TARGET,0.05,101.0,0.0
2,2025-12-14 23:01:00+00:00,EUR_GBP__monday__asia,EUR_GBP,LONG,0.7006084,HARVESTER,0.878,0.000351428571428574,40.0,2.0,0.5691056910568437,0.0,2025-12-14 23:05:00+00:00,0.55,0.5,TARGET,0.05,102.0,0.0
4,2025-12-14 23:08:00+00:00,NZD_JPY__monday__asia,NZD_JPY,SHORT,0.711763,HARVESTER,90.308,0.08135714285714357,40.8,2.04,0.0,0.7620719929762589,2025-12-14 23:10:00+00:00,-0.35,-0.39999999999999997,CUT,0.05,101.184,0.8000000000000025
5,2025-12-14 23:10:00+00:00,GBP_JPY__monday__asia,GBP_JPY,SHORT,0.7284338,HARVESTER,208.233,0.07728571428571586,40.473600000000005,2.02368,0.0,0.9963031423289765,2025-12-14 23:15:00+00:00,-0.35,-0.39999999999999997,CUT,0.05,100.374528,1.593600000000002
3,2025-12-14 23:05:00+00:00,EUR_GBP__monday__sydney,EUR_GBP,LONG,0.7267190000000001,HARVESTER,0.87804,0.00034571428571428253,40.8,2.04,0.4628099173551967,0.404958677686038,2025-12-14 23:40:00+00:00,-0.35,-0.39999999999999997,CUT,0.05,99.558528,2.3936000000000046
6,2025-12-14 23:15:00+00:00,NZD_JPY__monday__sydney,NZD_JPY,LONG,0.7303096,HARVESTER,90.383,0.0775714285714305,40.1498112,2.00749056,0.6832412523021568,0.1418047882135688,2025-12-14 23:50:00+00:00,0.55,0.5,TARGET,0.05,100.56227328,1.4095360000000006
7,2025-12-14 23:40:00+00:00,EUR_CHF__monday__asia,EUR_CHF,LONG,0.7131725999999999,HARVESTER,0.9342,0.0002821428571428578,39.8234112,1.99117056,1.1696202531643467,0.14177215189887563,2025-12-14 23:55:00+00:00,0.55,0.5,TARGET,0.05,101.55785856,0.4334720000000003
8,2025-12-14 23:50:00+00:00,GBP_JPY__monday__asia,GBP_JPY,SHORT,0.707409,HARVESTER,208.288,0.05342857142857075,40.224909312,2.0112454656,0.0,1.9090909090904737,2025-12-14 23:55:00+00:00,-0.35,-0.39999999999999997,CUT,0.05,100.75336037376,1.2221957119999969
9,2025-12-14 23:56:00+00:00,USD_CHF__monday__asia,USD_CHF,LONG,0.7171109999999999,HARVESTER,0.79612,0.00026142857142858703,40.301344149504004,2.0150672074752003,1.5300546448084833,0.0,2025-12-15 00:00:00+00:00,0.55,0.5,TARGET,0.05,101.7608939774976,0.2344176691199978
10,2025-12-14 23:56:00+00:00,USD_JPY__monday__asia,USD_JPY,LONG,0.7122754,HARVESTER,155.879,0.03707142857142896,40.301344149504004,2.0150672074752003,1.6454720616572056,0.3506743737951318,2025-12-15 00:00:00+00:00,-0.35,-0.39999999999999997,CUT,0.05,100.95486709450752,1.0246401034239998
11,2025-12-15 00:00:00+00:00,USD_JPY__monday__sydney,USD_JPY,LONG,0.7544024,HARVESTER,155.891,0.039857142857142334,40.38194683780301,2.0190973418901503,2.2329749103942604,0.0,2025-12-15 00:05:00+00:00,0.55,0.5,TARGET,0.05,101.9644157654526,0.03488650445823552
12,2025-12-15 00:00:00+00:00,AUD_JPY__monday__sydney,AUD_JPY,LONG,0.7495255999999999,HARVESTER,103.63,0.05428571428571465,40.38194683780301,2.0190973418901503,0.40526315789483675,0.515789473684052,2025-12-15 00:05:00+00:00,-0.35,-0.39999999999999997,CUT,0.05,101.15677682869654,0.826689383630847
14,2025-12-15 00:06:00+00:00,GBP_USD__monday__asia,GBP_USD,SHORT,0.725019,HARVESTER,1.3364,0.00028357142857139895,40.46271073147862,2.023135536573931,1.1284634760709924,0.0,2025-12-15 00:10:00+00:00,0.55,0.5,TARGET,0.05,102.1683445969835,0.0
13,2025-12-15 00:05:00+00:00,NZD_JPY__monday__sydney,NZD_JPY,LONG,0.7128862,HARVESTER,90.452,0.039714285714287555,40.46271073147862,2.023135536573931,0.3776978417266155,0.5287769784172617,2025-12-15 00:15:00+00:00,-0.35,-0.39999999999999997,CUT,0.05,101.35909038235393,0.7920792079207953
15,2025-12-15 00:10:00+00:00,EUR_USD__monday__sydney,EUR_USD,SHORT,0.7391110000000001,HARVESTER,1.17322,0.00019357142857141202,40.8673378387934,2.04336689193967,1.0332103321032955,0.051660516605508904,2025-12-15 00:15:00+00:00,0.55,0.5,TARGET,0.05,102.38077382832377,0.0
16,2025-12-15 00:17:00+00:00,EUR_USD__monday__sydney,EUR_USD,SHORT,0.73487,HARVESTER,1.17306,0.00018999999999999177,40.95230953132951,2.0476154765664756,0.9473684210530358,0.21052631578969336,2025-12-15 00:25:00+00:00,0.55,0.5,TARGET,0.05,103.404581566607,0.0
17,2025-12-15 00:17:00+00:00,USD_CHF__monday__asia,USD_CHF,LONG,0.7169551999999999,HARVESTER,0.79665,0.00018999999999999969,40.95230953132951,2.0476154765664756,0.7894736842104407,0.26315789473681356,2025-12-15 00:25:00+00:00,0.55,0.5,TARGET,0.05,104.42838930489025,0.0
18,2025-12-15 00:25:00+00:00,GBP_USD__monday__sydney,GBP_USD,SHORT,0.7462696,HARVESTER,1.3359,0.00022428571428566104,41.7713557219561,2.088567786097805,1.3821656050960143,0.08917197452190834,2025-12-15 00:30:00+00:00,0.55,0.5,TARGET,0.05,105.47267319793914,0.0
19,2025-12-15 00:26:00+00:00,EUR_USD__monday__sydney,EUR_USD,SHORT,0.7295608,HARVESTER,1.17294,0.00018642857142857152,41.7713557219561,2.088567786097805,0.4291187739467891,0.42911877394559805,2025-12-15 00:30:00+00:00,-0.35,-0.39999999999999997,CUT,0.05,104.63724608350002,0.7920792079207974
20,2025-12-15 00:30:00+00:00,USD_CHF__monday__asia,USD_CHF,LONG,0.7171350000000001,HARVESTER,0.79679,0.000182142857142845,41.85489843340001,2.0927449216700005,0.054901960784067526,0.7686274509806026,2025-12-15 00:35:00+00:00,-0.35,-0.39999999999999997,CUT,0.05,103.80014811483201,1.5857425742574351
21,2025-12-15 00:33:00+00:00,GBP_JPY__monday__asia,GBP_JPY,SHORT,0.7206089999999999,HARVESTER,208.306,0.04921428571428521,41.85489843340001,2.0927449216700005,0.34542815674940935,0.7721335268501601,2025-12-15 00:35:00+00:00,-0.35,-0.39999999999999997,CUT,0.05,102.96305014616401,2.3794059405940726
22,2025-12-15 00:36:00+00:00,EUR_CHF__monday__asia,EUR_CHF,LONG,0.7553006,HARVESTER,0.93457,0.0001128571428571447,41.1852200584656,2.05926100292328,0.7974683544306724,0.0886075949372879,2025-12-15 00:40:00+00:00,0.55,0.5,TARGET,0.05,103.99268064762565,1.4032000000000144
23,2025-12-15 00:45:00+00:00,NZD_USD__monday__sydney,NZD_USD,LONG,0.7273067999999999,HARVESTER,0.58006,0.0001592857142857031,41.597072259050265,2.079853612952513,1.1928251121078546,0.12556053811672632,2025-12-15 00:50:00+00:00,0.55,0.5,TARGET,0.05,105.0326074541019,0.41723200000001165
24,2025-12-15 00:45:00+00:00,GBP_USD__monday__sydney,GBP_USD,LONG,0.7213906000000001,HARVESTER,1.33602,0.0002514285714285215,41.597072259050265,2.079853612952513,1.4318181818181317,0.0,2025-12-15 00:50:00+00:00,0.55,0.5,TARGET,0.05,106.07253426057817,0.0
25,2025-12-15 00:50:00+00:00,GBP_USD__monday__asia,GBP_USD,LONG,0.7846392,HARVESTER,1.3362,0.0002471428571428109,42.42901370423127,2.1214506852115633,1.6994219653176905,0.3641618497116396,2025-12-15 00:55:00+00:00,-0.35,-0.39999999999999997,CUT,0.05,105.22395398649354,0.8
26,2025-12-15 00:50:00+00:00,GBP_JPY__monday__asia,GBP_JPY,LONG,0.7010004,HARVESTER,208.393,0.05907142857142844,42.42901370423127,2.1214506852115633,0.4401451027813147,1.0326481257558653,2025-12-15 00:55:00+00:00,-0.35,-0.39999999999999997,CUT,0.05,104.37537371240892,1.6
27,2025-12-15 00:55:00+00:00,USD_CHF__monday__asia,USD_CHF,SHORT,0.7109204,HARVESTER,0.7965,0.0002071428571428502,41.75014948496357,2.0875074742481785,1.496551724138138,0.0,2025-12-15 01:00:00+00:00,0.55,0.5,TARGET,0.05,105.41912744953301,0.6159999999999972
28,2025-12-15 00:59:00+00:00,EUR_JPY__monday__asia,EUR_JPY,SHORT,0.7377438,HARVESTER,182.918,0.05128571428571555,41.75014948496357,2.0875074742481785,1.3649025069636216,0.019498607242432454,2025-12-15 01:00:00+00:00,0.55,0.5,TARGET,0.05,106.4628811866571,0.0
29,2025-12-15 11:03:00+00:00,GBP_USD__monday__london,GBP_USD,LONG,0.7137941999999999,HARVESTER,1.33814,0.0003571428571428971,42.58515247466284,2.129257623733142,0.5599999999998757,0.22400000000019896,2025-12-15 11:05:00+00:00,0.55,0.5,TARGET,0.05,107.52750999852367,0.0
31,2025-12-15 11:08:00+00:00,USD_CHF__monday__london,USD_CHF,SHORT,0.7249668,HARVESTER,0.79599,0.00025214285714285155,43.01100399940947,2.1505501999704735,0.2776203966006302,0.5155807365442162,2025-12-15 11:10:00+00:00,-0.35,-0.39999999999999997,CUT,0.05,106.66728991853547,0.8000000000000057
30,2025-12-15 11:08:00+00:00,EUR_USD__monday__london,EUR_USD,LONG,0.7253776,HARVESTER,1.17446,0.0002607142857142808,43.01100399940947,2.1505501999704735,1.073972602739117,0.1534246575344029,2025-12-15 11:15:00+00:00,0.55,0.5,TARGET,0.05,107.74256501852071,0.0
32,2025-12-15 11:10:00+00:00,GBP_USD__monday__london,GBP_USD,LONG,0.779868,HARVESTER,1.33837,0.0003478571428572013,42.666915967414184,2.1333457983707094,1.2936344969192388,0.0,2025-12-15 11:15:00+00:00,0.55,0.5,TARGET,0.05,108.80923791770606,0.0
33,2025-12-15 11:16:00+00:00,USD_JPY__monday__london,USD_JPY,SHORT,0.7871341999999999,HARVESTER,155.04,0.043928571428574106,43.52369516708243,2.1761847583541214,0.5918699186987421,0.0,2025-12-15 11:20:00+00:00,0.55,0.5,TARGET,0.05,109.89733029688311,0.0
34,2025-12-15 11:18:00+00:00,USD_CAD__monday__london,USD_CAD,SHORT,0.7509356,HARVESTER,1.3772,0.00026285714285715196,43.52369516708243,2.1761847583541214,0.19021739130389792,0.5326086956522658,2025-12-15 11:20:00+00:00,-0.35,-0.39999999999999997,CUT,0.05,109.02685639354146,0.792079207920791
35,2025-12-15 11:20:00+00:00,AUD_USD__monday__london,AUD_USD,LONG,0.7100072,HARVESTER,0.66472,0.0001592857142857031,43.610742557416586,2.180537127870829,0.0,1.0044843049324166,2025-12-15 11:25:00+00:00,-0.35,-0.39999999999999997,CUT,0.05,108.15464154239314,1.5857425742574216
36,2025-12-15 11:20:00+00:00,NZD_USD__monday__london,NZD_USD,LONG,0.7036663999999999,HARVESTER,0.57894,0.0001835714285714258,43.610742557416586,2.180537127870829,0.3268482490269644,0.3813229571985283,2025-12-15 11:25:00+00:00,-0.35,-0.39999999999999997,CUT,0.05,107.28242669124481,2.379405940594052
37,2025-12-15 11:25:00+00:00,EUR_CHF__monday__london,EUR_CHF,LONG,0.7688047999999998,HARVESTER,0.93504,0.0001785714285714565,42.91297067649793,2.1456485338248963,1.1760000000000597,0.0,2025-12-15 11:30:00+00:00,0.55,0.5,TARGET,0.05,108.35525095815726,1.4031999999999925
38,2025-12-15 11:29:00+00:00,USD_JPY__monday__london,USD_JPY,SHORT,0.7769408,HARVESTER,155.008,0.03821428571428547,42.91297067649793,2.1456485338248963,1.1514018691591774,0.47102803738319843,2025-12-15 11:30:00+00:00,-0.35,-0.39999999999999997,CUT,0.05,107.49699154462729,2.1841647524752457
39,2025-12-15 11:30:00+00:00,GBP_JPY__monday__london,GBP_JPY,SHORT,0.7549938,HARVESTER,207.488,0.05214285714285438,42.998796617850914,2.1499398308925457,0.19178082191764395,0.5561643835616035,2025-12-15 11:35:00+00:00,-0.35,-0.39999999999999997,CUT,0.05,106.63701561227028,2.9666914344554423
40,2025-12-15 11:30:00+00:00,EUR_JPY__monday__london,EUR_JPY,SHORT,0.7299644,HARVESTER,182.072,0.04285714285714245,42.998796617850914,2.1499398308925457,0.0,0.9800000000000465,2025-12-15 11:35:00+00:00,-0.35,-0.39999999999999997,CUT,0.05,105.77703967991326,3.749218116435639
41,2025-12-15 11:35:00+00:00,USD_CAD__monday__london,USD_CAD,SHORT,0.7673848,HARVESTER,1.37695,0.00021999999999999797,42.3108158719653,2.115540793598265,2.499999999999243,0.0,2025-12-15 11:40:00+00:00,0.55,0.5,TARGET,0.05,106.83481007671239,2.786710297599999
42,2025-12-15 11:35:00+00:00,NZD_JPY__monday__london,NZD_JPY,LONG,0.72122,HARVESTER,89.768,0.02521428571428633,42.3108158719653,2.115540793598265,0.7535410764874502,0.3172804532576068,2025-12-15 11:40:00+00:00,0.55,0.5,TARGET,0.05,107.89258047351152,1.8242024787643596
43,2025-12-15 11:40:00+00:00,USD_CAD__monday__london,USD_CAD,SHORT,0.7951706,HARVESTER,1.37678,0.00023785714285713095,43.1570321894046,2.1578516094702302,1.0090090090082016,0.12612612612695873,2025-12-15 11:45:00+00:00,0.55,0.5,TARGET,0.05,108.97150627824664,0.8424445035519975
44,2025-12-15 11:40:00+00:00,NZD_USD__monday__london,NZD_USD,LONG,0.7068112,HARVESTER,0.57927,0.0001771428571428519,43.1570321894046,2.1578516094702302,0.39516129032267416,0.6209677419351831,2025-12-15 11:45:00+00:00,-0.35,-0.39999999999999997,CUT,0.05,108.10836563445855,1.6278508837218768
45,2025-12-15 11:50:00+00:00,EUR_JPY__monday__london,EUR_JPY,SHORT,0.7128164,HARVESTER,182.034,0.047142857142856896,43.24334625378342,2.162167312689171,1.7393939393938134,0.0,2025-12-15 11:55:00+00:00,0.55,0.5,TARGET,0.05,109.18944929080314,0.6441293925590923
46,2025-12-15 11:50:00+00:00,GBP_JPY__monday__london,GBP_JPY,SHORT,0.7025756,HARVESTER,207.409,0.05628571428571304,43.24334625378342,2.162167312689171,1.91878172588844,0.0,2025-12-15 11:55:00+00:00,0.55,0.5,TARGET,0.05,110.27053294714773,0.0
47,2025-12-15 11:57:00+00:00,GBP_JPY__monday__london,GBP_JPY,SHORT,0.735934,HARVESTER,207.316,0.05585714285714362,44.10821317885909,2.2054106589429545,0.0,1.6112531969309853,2025-12-15 12:00:00+00:00,-0.35,-0.39999999999999997,CUT,0.05,109.38836868357055,0.7999999999999992
48,2025-12-15 12:04:00+00:00,GBP_USD__monday__london,GBP_USD,LONG,0.7151506,HARVESTER,1.33867,0.00033928571428571655,43.75534747342822,2.187767373671411,0.6189473684211767,0.029473684210719206,2025-12-15 12:05:00+00:00,0.55,0.5,TARGET,0.05,110.48225237040626,0.0
49,2025-12-15 12:05:00+00:00,NZD_JPY__monday__london,NZD_JPY,LONG,0.7209706,HARVESTER,89.784,0.028428571428571154,44.1929009481625,2.209645047408125,1.5477386934672437,0.0,2025-12-15 12:10:00+00:00,0.55,0.5,TARGET,0.05,111.58707489411032,0.0
50,2025-12-15 12:05:00+00:00,EUR_JPY__monday__london,EUR_JPY,LONG,0.7203428,HARVESTER,182.042,0.0545000000000024,44.1929009481625,2.209645047408125,2.0550458715594466,0.0,2025-12-15 12:10:00+00:00,0.55,0.5,TARGET,0.05,112.69189741781437,0.0
51,2025-12-15 12:10:00+00:00,NZD_JPY__monday__london,NZD_JPY,LONG,0.7540806,HARVESTER,89.817,0.02907142857142832,45.076758967125755,2.2538379483562876,1.4791154791157108,0.0,2025-12-15 12:15:00+00:00,0.55,0.5,TARGET,0.05,113.81881639199251,0.0
52,2025-12-15 12:10:00+00:00,EUR_JPY__monday__london,EUR_JPY,LONG,0.7380008,HARVESTER,182.134,0.05528571428571638,45.076758967125755,2.2538379483562876,0.9767441860465116,0.0,2025-12-15 12:15:00+00:00,0.55,0.5,TARGET,0.05,114.94573536617065,0.0
53,2025-12-15 12:17:00+00:00,GBP_JPY__monday__london,GBP_JPY,LONG,0.7230508,HARVESTER,207.534,0.06771428571428828,45.97829414646826,2.298914707323413,0.7088607594936709,0.118143459915332,2025-12-15 12:20:00+00:00,0.55,0.5,TARGET,0.05,116.09519271983235,0.0
54,2025-12-15 12:18:00+00:00,EUR_JPY__monday__london,EUR_JPY,LONG,0.7890978,HARVESTER,182.182,0.05528571428571638,45.97829414646826,2.298914707323413,0.6511627906976745,0.41602067183453967,2025-12-15 12:20:00+00:00,-0.35,-0.39999999999999997,CUT,0.05,115.17562683690299,0.7920792079207893
55,2025-12-15 12:21:00+00:00,EUR_USD__monday__london,EUR_USD,LONG,0.7146299999999999,HARVESTER,1.17538,0.00022214285714283744,46.070250734761196,2.30351253673806,0.4501607717041704,0.9003215434093405,2025-12-15 12:25:00+00:00,-0.35,-0.39999999999999997,CUT,0.05,114.25422182220777,1.5857425742574236
56,2025-12-15 12:23:00+00:00,GBP_JPY__monday__london,GBP_JPY,LONG,0.718213,HARVESTER,207.581,0.06928571428571624,46.070250734761196,2.30351253673806,0.11546391752591105,0.7649484536081864,2025-12-15 12:25:00+00:00,-0.35,-0.39999999999999997,CUT,0.05,113.33281680751254,2.379405940594058
57,2025-12-15 12:26:00+00:00,AUD_JPY__monday__london,AUD_JPY,LONG,0.7026996000000001,HARVESTER,103.118,0.03142857142856924,45.33312672300502,2.266656336150251,0.19090909090911146,1.0818181818179968,2025-12-15 12:30:00+00:00,-0.35,-0.39999999999999997,CUT,0.05,112.42615427305245,3.160370693069302
58,2025-12-15 12:28:00+00:00,EUR_JPY__monday__london,EUR_JPY,LONG,0.711627,HARVESTER,182.226,0.05642857142857492,45.33312672300502,2.266656336150251,0.07088607594919749,0.9569620253164327,2025-12-15 12:30:00+00:00,-0.35,-0.39999999999999997,CUT,0.05,111.51949173859235,3.941335445544546
59,2025-12-15 12:30:00+00:00,EUR_JPY__monday__new_york,EUR_JPY,LONG,0.7266334,HARVESTER,182.224,0.05842857142857432,44.60779669543694,2.230389834771847,0.5819070904648652,0.992665036674643,2025-12-15 12:35:00+00:00,-0.35,-0.39999999999999997,CUT,0.05,110.62733580468361,4.709804761980191
60,2025-12-15 12:30:00+00:00,GBP_USD__monday__london,GBP_USD,LONG,0.7221678,HARVESTER,1.33908,0.00033214285714284434,44.60779669543694,2.230389834771847,0.2408602150533451,0.6322580645162843,2025-12-15 12:35:00+00:00,-0.35,-0.39999999999999997,CUT,0.05,109.73517987077487,5.478274078415835
62,2025-12-15 12:37:00+00:00,EUR_USD__monday__new_york,EUR_USD,LONG,0.7230716,HARVESTER,1.1755,0.00023214285714285538,43.89407194830995,2.1947035974154976,0.08615384615345473,0.6030769230770525,2025-12-15 12:40:00+00:00,-0.35,-0.39999999999999997,CUT,0.05,108.85729843180867,6.234447885788508
61,2025-12-15 12:37:00+00:00,USD_CAD__monday__london,USD_CAD,SHORT,0.735718,HARVESTER,1.37634,0.00023642857142851842,43.89407194830995,2.1947035974154976,0.9305135951658936,0.2537764350460975,2025-12-15 12:45:00+00:00,0.55,0.5,TARGET,0.05,109.95465023051642,5.2892306265726665
63,2025-12-15 12:44:00+00:00,GBP_JPY__monday__london,GBP_JPY,LONG,0.723483,HARVESTER,207.646,0.07392857142857524,43.54291937272347,2.1771459686361734,0.08115942028985396,0.8115942028981552,2025-12-15 12:45:00+00:00,-0.35,-0.39999999999999997,CUT,0.05,109.08379184306195,6.039355043486363
64,2025-12-15 12:45:00+00:00,AUD_JPY__monday__new_york,AUD_JPY,LONG,0.74315,HARVESTER,103.14,0.033928571428571024,43.633516737224774,2.181675836861239,0.6778947368419994,0.8252631578949176,2025-12-15 12:50:00+00:00,-0.35,-0.39999999999999997,CUT,0.05,108.21112150831745,6.791040203138475
65,2025-12-15 12:45:00+00:00,USD_CAD__monday__london,USD_CAD,SHORT,0.7394711999999999,HARVESTER,1.37624,0.00023714285714280882,43.633516737224774,2.181675836861239,2.6566265060242515,0.0,2025-12-15 12:50:00+00:00,0.55,0.5,TARGET,0.05,109.30195942674807,5.851433753573336
66,2025-12-15 12:51:00+00:00,USD_CAD__monday__london,USD_CAD,SHORT,0.7476112,HARVESTER,1.37584,0.00024071428571424493,43.72078377069923,2.1860391885349615,2.741839762611254,0.0,2025-12-15 12:55:00+00:00,0.55,0.5,TARGET,0.05,110.39497902101554,4.909948091109075
67,2025-12-15 12:54:00+00:00,EUR_JPY__monday__new_york,EUR_JPY,LONG,0.7132764,HARVESTER,182.282,0.061714285714290086,43.72078377069923,2.1860391885349615,0.1620370370368782,0.3564814814817768,2025-12-15 12:55:00+00:00,-0.35,-0.39999999999999997,CUT,0.05,109.52056334560156,5.663136621080489
68,2025-12-15 12:55:00+00:00,USD_CAD__monday__new_york,USD_CAD,SHORT,0.7156026000000001,HARVESTER,1.37568,0.000262142857142814,43.808225338240625,2.1904112669120313,3.356948228883355,0.0,2025-12-15 13:00:00+00:00,0.55,0.5,TARGET,0.05,110.61576897905758,4.719767987291291
69,2025-12-15 12:58:00+00:00,GBP_JPY__monday__london,GBP_JPY,LONG,0.7354307999999999,HARVESTER,207.654,0.07571428571428791,43.808225338240625,2.1904112669120313,0.039622641509622004,0.8320754716979328,2025-12-15 13:00:00+00:00,-0.35,-0.39999999999999997,CUT,0.05,109.73960447229277,5.474462894322644
70,2025-12-15 15:00:00+00:00,EUR_USD__monday__new_york,EUR_USD,LONG,0.7382672,HARVESTER,1.1764,0.0003692857142856752,43.8958417889171,2.1947920894458552,1.3539651837530131,0.16247582205016917,2025-12-15 15:05:00+00:00,0.55,0.5,TARGET,0.05,110.8370005170157,4.529207523265871
71,2025-12-15 15:00:00+00:00,EUR_JPY__monday__new_york,EUR_JPY,LONG,0.7241748,HARVESTER,182.246,0.06900000000000059,43.8958417889171,2.1947920894458552,2.028985507246162,0.0,2025-12-15 15:05:00+00:00,0.55,0.5,TARGET,0.05,111.93439656173862,3.5839521522090974
72,2025-12-15 15:06:00+00:00,EUR_USD__monday__new_york,EUR_USD,LONG,0.7418587999999999,HARVESTER,1.17686,0.00038642857142853364,44.773758624695446,2.2386879312347725,0.0,1.707948243993045,2025-12-15 15:10:00+00:00,-0.35,-0.39999999999999997,CUT,0.05,111.03892138924472,4.35528053499142
73,2025-12-15 15:11:00+00:00,GBP_USD__monday__london,GBP_USD,SHORT,0.712512,HARVESTER,1.33879,0.0005007142857142988,44.41556855569789,2.2207784277848943,0.9786019971466666,1.2981455064194458,2025-12-15 15:15:00+00:00,-0.35,-0.39999999999999997,CUT,0.05,110.15061001813076,5.120438290711488
74,2025-12-15 15:11:00+00:00,USD_CHF__monday__london,USD_CHF,LONG,0.704377,HARVESTER,0.79466,0.00036285714285714887,44.41556855569789,2.2207784277848943,0.9370078740157517,1.1023622047245758,2025-12-15 15:15:00+00:00,-0.35,-0.39999999999999997,CUT,0.05,109.2622986470168,5.885596046431556
75,2025-12-15 15:18:00+00:00,USD_CAD__monday__london,USD_CAD,LONG,0.7592245999999999,HARVESTER,1.3764,0.0004892857142857159,43.70491945880672,2.185245972940336,1.430656934306407,0.32700729927039895,2025-12-15 15:20:00+00:00,0.55,0.5,TARGET,0.05,110.35492163348697,4.944452006895878
76,2025-12-15 15:18:00+00:00,AUD_JPY__monday__new_york,AUD_JPY,SHORT,0.716083,HARVESTER,103.0,0.06407142857142897,43.70491945880672,2.185245972940336,0.9988851727981,0.7491638795986859,2025-12-15 15:20:00+00:00,-0.35,-0.39999999999999997,CUT,0.05,109.48082324431083,5.69736723852443
77,2025-12-15 15:24:00+00:00,NZD_JPY__monday__london,NZD_JPY,SHORT,0.7228733999999999,HARVESTER,89.793,0.054214285714285736,43.792329297724336,2.1896164648862166,0.31357048748371746,1.1805006587613978,2025-12-15 15:25:00+00:00,-0.35,-0.39999999999999997,CUT,0.05,108.60497665835634,6.451788300616239
78,2025-12-15 15:28:00+00:00,USD_CAD__monday__london,USD_CAD,LONG,0.7142664,HARVESTER,1.37681,0.0005528571428571486,43.44199066334254,2.1720995331671267,0.19896640826842873,1.1033591731266026,2025-12-15 15:30:00+00:00,-0.35,-0.39999999999999997,CUT,0.05,107.73613684508949,7.200173994211304
79,2025-12-15 15:29:00+00:00,EUR_CHF__monday__new_york,EUR_CHF,SHORT,0.7272491999999999,HARVESTER,0.9343,0.0002864285714285843,43.44199066334254,2.1720995331671267,0.0,1.2219451371569179,2025-12-15 15:30:00+00:00,-0.35,-0.39999999999999997,CUT,0.05,106.86729703182264,7.94855968780637
80,2025-12-15 15:30:00+00:00,USD_JPY__monday__london,USD_JPY,LONG,0.7189194000000001,HARVESTER,155.028,0.11014285714286132,42.746918812729064,2.137345940636453,0.0,0.8897535667961963,2025-12-15 15:35:00+00:00,-0.35,-0.39999999999999997,CUT,0.05,106.01235865556806,8.68497121030392
81,2025-12-15 15:33:00+00:00,AUD_JPY__monday__london,AUD_JPY,LONG,0.7536938,HARVESTER,103.032,0.07428571428571473,42.746918812729064,2.137345940636453,0.0,1.6019230769230641,2025-12-15 15:35:00+00:00,-0.35,-0.39999999999999997,CUT,0.05,105.15742027931348,9.421382732801465
82,2025-12-15 15:37:00+00:00,USD_JPY__monday__london,USD_JPY,LONG,0.7108534000000001,HARVESTER,154.982,0.11042857142857494,42.0629681117254,2.10314840558627,0.0,0.9598965071150559,2025-12-15 15:40:00+00:00,-0.35,-0.39999999999999997,CUT,0.05,104.31616091707897,10.146011670939057
83,2025-12-15 15:38:00+00:00,EUR_USD__monday__london,EUR_USD,SHORT,0.7101451999999999,HARVESTER,1.17592,0.0005999999999999497,42.0629681117254,2.10314840558627,0.733333333333388,0.4999999999999868,2025-12-15 15:40:00+00:00,-0.35,-0.39999999999999997,CUT,0.05,103.47490155484446,10.870640609076645
84,2025-12-15 15:40:00+00:00,NZD_USD__monday__london,NZD_USD,SHORT,0.7183786,HARVESTER,0.57928,0.000455000000000007,41.38996062193779,2.0694980310968893,0.0,1.7582417582417815,2025-12-15 15:45:00+00:00,-0.35,-0.39999999999999997,CUT,0.05,102.6471023424057,11.583675484204038
85,2025-12-15 15:40:00+00:00,AUD_JPY__monday__new_york,AUD_JPY,SHORT,0.7177946,HARVESTER,102.894,0.07835714285714244,41.38996062193779,2.0694980310968893,0.0,2.3482224247948755,2025-12-15 15:45:00+00:00,-0.35,-0.39999999999999997,CUT,0.05,101.81930312996694,12.296710359331431
86,2025-12-15 15:46:00+00:00,EUR_CHF__monday__london,EUR_CHF,LONG,0.7014986,HARVESTER,0.93482,0.00030714285714285506,40.72772125198678,2.036386062599339,0.39069767441863656,0.35813953488353933,2025-12-15 15:50:00+00:00,-0.35,-0.39999999999999997,CUT,0.05,101.00474870492721,12.998336676456775
87,2025-12-15 15:50:00+00:00,EUR_JPY__monday__new_york,EUR_JPY,LONG,0.7778541999999999,HARVESTER,182.301,0.08778571428570915,40.40189948197089,2.0200949740985443,2.42636289666435,0.0,2025-12-15 15:55:00+00:00,0.55,0.5,TARGET,0.05,102.01479619197649,12.128320043221338
88,2025-12-15 15:55:00+00:00,EUR_JPY__monday__new_york,EUR_JPY,LONG,0.7526385999999999,HARVESTER,182.38,0.09821428571428166,40.805918476790595,2.0402959238395297,1.6698181818184106,0.0,2025-12-15 16:00:00+00:00,0.55,0.5,TARGET,0.05,103.03494415389625,11.249603243653555
89,2025-12-15 15:55:00+00:00,USD_JPY__monday__london,USD_JPY,LONG,0.7507052000000001,HARVESTER,155.056,0.11457142857142953,40.805918476790595,2.0402959238395297,1.2394014962593054,0.0,2025-12-15 16:00:00+00:00,0.55,0.5,TARGET,0.05,104.05509211581601,10.370886444085771
90,2025-12-21 23:00:00+00:00,USD_CAD__monday__asia,USD_CAD,SHORT,0.7237419999999999,HARVESTER,1.37983,0.00034285714285713683,41.6220368463264,2.08110184231632,1.1958333333327693,0.058333333333716514,2025-12-21 23:05:00+00:00,0.55,0.5,TARGET,0.05,105.09564303697417,9.47459530852663
91,2025-12-21 23:03:00+00:00,NZD_JPY__monday__sydney,NZD_JPY,LONG,0.7277159999999999,HARVESTER,90.637,0.06378571428571433,41.6220368463264,2.08110184231632,1.1758118701008275,0.0470324748040331,2025-12-21 23:05:00+00:00,0.55,0.5,TARGET,0.05,106.13619395813232,8.578304172967492
93,2025-12-21 23:07:00+00:00,EUR_GBP__monday__asia,EUR_GBP,SHORT,0.7253884,HARVESTER,0.87536,0.00021571428571429526,42.454477583252924,2.1227238791626464,0.2781456953645043,0.5099337748341525,2025-12-21 23:10:00+00:00,-0.35,-0.39999999999999997,CUT,0.05,105.28710440646726,9.309677739583751
94,2025-12-21 23:10:00+00:00,NZD_USD__monday__asia,NZD_USD,LONG,0.7038598,HARVESTER,0.57562,0.0003314285714285698,42.114841762586906,2.1057420881293454,0.06034482758626754,0.5431034482760729,2025-12-21 23:15:00+00:00,-0.35,-0.39999999999999997,CUT,0.05,104.44480757121552,10.035200317667089
92,2025-12-21 23:07:00+00:00,AUD_JPY__monday__sydney,AUD_JPY,LONG,0.7498994,HARVESTER,104.184,0.07178571428571599,42.454477583252924,2.1227238791626464,0.5572139303483326,0.30646766169141465,2025-12-21 23:25:00+00:00,0.55,0.5,TARGET,0.05,105.50616951079684,9.120983359396769
95,2025-12-21 23:19:00+00:00,USD_CAD__monday__asia,USD_CAD,SHORT,0.7057428,HARVESTER,1.3795,0.00027857142857141374,41.777923028486214,2.0888961514243105,0.789743589743226,0.07179487179534597,2025-12-21 23:25:00+00:00,0.55,0.5,TARGET,0.05,106.55061758650899,8.22133536257344
96,2025-12-21 23:25:00+00:00,AUD_JPY__monday__sydney,AUD_JPY,LONG,0.7072033999999999,HARVESTER,104.2,0.06292857142857246,42.620247034603594,2.1310123517301798,0.19069239500567947,0.7468785471055027,2025-12-21 23:30:00+00:00,-0.35,-0.39999999999999997,CUT,0.05,105.69821264581692,8.955564679672849
97,2025-12-21 23:26:00+00:00,EUR_JPY__monday__sydney,EUR_JPY,LONG,0.7338538,HARVESTER,184.624,0.06985714285714753,42.620247034603594,2.1310123517301798,0.6728016359917327,0.2290388548055837,2025-12-21 23:40:00+00:00,0.55,0.5,TARGET,0.05,106.76371882168202,8.03777803329858
98,2025-12-21 23:30:00+00:00,EUR_GBP__monday__asia,EUR_GBP,SHORT,0.710419,HARVESTER,0.87526,0.00025928571428571586,42.27928505832678,2.1139642529163387,0.0,0.6170798898069195,2025-12-21 23:35:00+00:00,-0.35,-0.39999999999999997,CUT,0.05,105.91813312051548,8.7661335158612
99,2025-12-21 23:40:00+00:00,AUD_JPY__monday__asia,AUD_JPY,LONG,0.7706691999999999,HARVESTER,104.21,0.06178571428571392,42.36725324820619,2.1183626624103096,0.8092485549134836,0.048554913294799815,2025-12-21 23:45:00+00:00,0.55,0.5,TARGET,0.05,106.97731445172063,7.853794851019814
100,2025-12-21 23:40:00+00:00,GBP_USD__monday__sydney,GBP_USD,SHORT,0.7005612000000001,HARVESTER,1.33806,0.0003785714285713869,42.36725324820619,2.1183626624103096,0.8981132075472871,0.0,2025-12-21 23:45:00+00:00,0.55,0.5,TARGET,0.05,108.03649578292578,6.941456186178428
101,2025-12-21 23:45:00+00:00,EUR_USD__monday__asia,EUR_USD,SHORT,0.7304324,HARVESTER,1.1711,0.0002114285714285291,43.21459831317031,2.1607299156585156,1.702702702703696,0.0,2025-12-21 23:50:00+00:00,0.55,0.5,TARGET,0.05,109.11686074075504,6.010870748040211
102,2025-12-21 23:45:00+00:00,USD_JPY__monday__asia,USD_JPY,LONG,0.7235275999999999,HARVESTER,157.686,0.05399999999999393,43.21459831317031,2.1607299156585156,0.518518518518421,1.1481481481484963,2025-12-21 23:55:00+00:00,-0.35,-0.39999999999999997,CUT,0.05,108.25256877449164,6.755339098550785
103,2025-12-21 23:50:00+00:00,USD_CAD__monday__asia,USD_CAD,SHORT,0.7103012000000001,HARVESTER,1.37937,0.0002699999999999766,43.64674429630202,2.182337214815101,0.8518518518517497,0.3703703703703617,2025-12-21 23:55:00+00:00,-0.35,-0.39999999999999997,CUT,0.05,107.37963388856559,7.507252132566465
104,2025-12-21 23:55:00+00:00,EUR_JPY__monday__asia,EUR_JPY,SHORT,0.7376726,HARVESTER,184.61,0.0615714285714282,42.95185355542624,2.147592677771312,1.0069605568447457,0.6496519721576473,2025-12-22 00:00:00+00:00,-0.35,-0.39999999999999997,CUT,0.05,106.52059681745706,8.24719411550594
105,2025-12-21 23:56:00+00:00,USD_CHF__monday__asia,USD_CHF,LONG,0.7003938,HARVESTER,0.79584,0.0002607142857142729,42.95185355542624,2.147592677771312,0.0,2.53150684931517,2025-12-22 00:00:00+00:00,-0.35,-0.39999999999999997,CUT,0.05,105.66155974634853,8.987136098445413
106,2025-12-22 00:02:00+00:00,AUD_USD__monday__asia,AUD_USD,LONG,0.7449532000000001,HARVESTER,0.66129,0.00023857142857143719,42.26462389853941,2.1132311949269704,0.37724550898170156,0.8802395209582343,2025-12-22 00:05:00+00:00,-0.35,-0.39999999999999997,CUT,0.05,104.81626726837774,9.715239009657848
107,2025-12-22 00:03:00+00:00,GBP_USD__monday__asia,GBP_USD,LONG,0.740445,HARVESTER,1.33837,0.00036714285714283576,42.26462389853941,2.1132311949269704,0.8988326848247956,0.980544747082145,2025-12-22 00:05:00+00:00,-0.35,-0.39999999999999997,CUT,0.05,103.97097479040696,10.443341920870285
108,2025-12-22 00:06:00+00:00,USD_CHF__monday__asia,USD_CHF,SHORT,0.7411156,HARVESTER,0.79518,0.0002885714285714317,41.58838991616278,2.079419495808139,1.1782178217821895,0.10396039603951443,2025-12-22 00:10:00+00:00,0.55,0.5,TARGET,0.05,105.01068453831103,9.547775340078987
109,2025-12-22 00:07:00+00:00,EUR_USD__monday__asia,EUR_USD,LONG,0.7216058000000001,HARVESTER,1.1715,0.00023857142857142133,41.58838991616278,2.079419495808139,0.0,1.425149700598875,2025-12-22 00:10:00+00:00,-0.35,-0.39999999999999997,CUT,0.05,104.17891673998777,10.264228604712025
110,2025-12-22 00:10:00+00:00,EUR_CHF__monday__asia,EUR_CHF,SHORT,0.722021,HARVESTER,0.9312,0.000251428571428585,41.67156669599511,2.0835783347997556,0.7159090909093266,0.0,2025-12-22 00:15:00+00:00,0.55,0.5,TARGET,0.05,105.22070590738765,9.36687089075914
111,2025-12-22 00:10:00+00:00,USD_CAD__monday__asia,USD_CAD,SHORT,0.7133912,HARVESTER,1.37918,0.0002242857142857086,41.67156669599511,2.0835783347997556,0.0,1.248407643311402,2025-12-22 00:15:00+00:00,-0.35,-0.39999999999999997,CUT,0.05,104.38727457346775,10.084757061921445
112,2025-12-22 00:15:00+00:00,USD_JPY__monday__asia,USD_JPY,SHORT,0.757831,HARVESTER,157.519,0.05335714285713574,41.7549098293871,2.087745491469355,0.0,1.2931726907630074,2025-12-22 00:20:00+00:00,-0.35,-0.39999999999999997,CUT,0.05,103.55217637688001,10.804079005426068
113,2025-12-22 00:15:00+00:00,GBP_JPY__monday__asia,GBP_JPY,SHORT,0.7544394000000001,HARVESTER,210.819,0.0873571428571438,41.7549098293871,2.087745491469355,0.0,1.6713000817663026,2025-12-22 00:20:00+00:00,-0.35,-0.39999999999999997,CUT,0.05,102.71707818029228,11.523400948930693
114,2025-12-22 00:21:00+00:00,GBP_JPY__monday__asia,GBP_JPY,LONG,0.7600596,HARVESTER,210.932,0.08950000000000102,41.08683127211691,2.0543415636058455,0.5921787709500009,0.2681564245810127,2025-12-22 00:25:00+00:00,0.55,0.5,TARGET,0.05,103.7442489620952,10.638634958419999
115,2025-12-22 00:21:00+00:00,GBP_USD__monday__asia,GBP_USD,LONG,0.7328797999999999,HARVESTER,1.33862,0.00037999999999996766,41.08683127211691,2.0543415636058455,0.8421052631582243,0.10526315789426674,2025-12-22 00:25:00+00:00,0.55,0.5,TARGET,0.05,104.77141974389812,9.753868967909307
116,2025-12-22 00:25:00+00:00,EUR_GBP__monday__asia,EUR_GBP,SHORT,0.7250788,HARVESTER,0.87494,0.00021285714285712576,41.90856789755925,2.0954283948779624,0.9395973154367352,0.0,2025-12-22 00:30:00+00:00,0.55,0.5,TARGET,0.05,105.8191339413371,8.851407657588403
117,2025-12-22 00:25:00+00:00,EUR_CHF__monday__asia,EUR_CHF,SHORT,0.7226163999999999,HARVESTER,0.93086,0.00023142857142858083,41.90856789755925,2.0954283948779624,0.7777777777780444,0.6913580246910619,2025-12-22 00:30:00+00:00,-0.35,-0.39999999999999997,CUT,0.05,104.98096258338592,9.573376705845126
118,2025-12-22 00:30:00+00:00,EUR_GBP__monday__asia,EUR_GBP,SHORT,0.7190604,HARVESTER,0.87482,0.00021857142857141718,41.99238503335437,2.0996192516677183,0.0,1.0065359477124616,2025-12-22 00:35:00+00:00,-0.35,-0.39999999999999997,CUT,0.05,104.14111488271882,10.29678969219837
119,2025-12-22 00:31:00+00:00,EUR_CHF__monday__asia,EUR_CHF,SHORT,0.701078,HARVESTER,0.93086,0.0002442857142857207,41.99238503335437,2.0996192516677183,0.08187134502931949,0.9005847953216055,2025-12-22 00:35:00+00:00,-0.35,-0.39999999999999997,CUT,0.05,103.30126718205173,11.020202678551613
120,2025-12-22 00:38:00+00:00,GBP_JPY__monday__asia,GBP_JPY,LONG,0.7163688,HARVESTER,211.001,0.08714285714285909,41.32050687282069,2.0660253436410345,0.24098360655721773,1.36557377049177,2025-12-22 00:40:00+00:00,-0.35,-0.39999999999999997,CUT,0.05,102.47485704459531,11.732041057123206
121,2025-12-22 00:44:00+00:00,USD_JPY__monday__asia,USD_JPY,SHORT,0.7400794,HARVESTER,157.543,0.06664285714285663,40.98994281783813,2.0494971408919063,0.09003215434084012,0.7352625937835987,2025-12-22 00:45:00+00:00,-0.35,-0.39999999999999997,CUT,0.05,101.65505818823854,12.438184728666227
122,2025-12-22 00:44:00+00:00,GBP_JPY__monday__sydney,GBP_JPY,SHORT,0.7281199999999999,HARVESTER,210.885,0.09235714285714534,40.98994281783813,2.0494971408919063,0.07579273008512559,0.606341840680697,2025-12-22 00:45:00+00:00,-0.35,-0.39999999999999997,CUT,0.05,100.83525933188177,13.144328400209245
123,2025-12-22 00:46:00+00:00,USD_JPY__monday__asia,USD_JPY,SHORT,0.7142004,HARVESTER,157.546,0.06871428571428494,40.33410373275271,2.0167051866376355,0.10187110187117582,1.3679833679832973,2025-12-22 00:50:00+00:00,-0.35,-0.39999999999999997,CUT,0.05,100.02857725722671,13.839173773007577
124,2025-12-22 00:48:00+00:00,NZD_USD__monday__asia,NZD_USD,LONG,0.7642654,HARVESTER,0.57627,0.0002714285714285653,40.33410373275271,2.0167051866376355,0.7736842105264934,0.03684210526299105,2025-12-22 00:55:00+00:00,0.55,0.5,TARGET,0.05,101.03692985054553,12.970617057009667
125,2025-12-22 00:50:00+00:00,AUD_USD__monday__asia,AUD_USD,LONG,0.7138093999999999,HARVESTER,0.66164,0.00023000000000001592,40.01143090289069,2.0005715451445343,0.6521739130433613,0.0,2025-12-22 00:55:00+00:00,0.55,0.5,TARGET,0.05,102.0372156231178,12.109008794739742
126,2025-12-22 00:56:00+00:00,AUD_USD__monday__asia,AUD_USD,LONG,0.7216254,HARVESTER,0.66176,0.0002271428571428702,40.814886249247124,2.040744312462356,2.113207547169848,0.04402515723299029,2025-12-22 01:00:00+00:00,0.55,0.5,TARGET,0.05,103.05758777934898,11.230098882687141
127,2025-12-22 00:56:00+00:00,NZD_USD__monday__asia,NZD_USD,LONG,0.7177049999999999,HARVESTER,0.57642,0.00025571428571427975,40.814886249247124,2.040744312462356,1.7597765363126965,0.07821229050287334,2025-12-22 01:00:00+00:00,0.55,0.5,TARGET,0.05,104.07795993558015,10.35118897063454
128,2025-12-22 11:05:00+00:00,AUD_JPY__monday__london,AUD_JPY,SHORT,0.7222122000000001,HARVESTER,104.498,0.026857142857141168,41.63118397423206,2.081559198711603,0.8936170212766859,0.0,2025-12-22 11:10:00+00:00,0.55,0.5,TARGET,0.05,105.11873953493595,9.454700860340887
129,2025-12-22 11:08:00+00:00,GBP_JPY__monday__london,GBP_JPY,LONG,0.7003162,HARVESTER,211.452,0.07207142857142555,41.63118397423206,2.081559198711603,0.305252725470656,0.3607532210110621,2025-12-22 11:10:00+00:00,-0.35,-0.39999999999999997,CUT,0.05,104.28611585545131,10.171891348575809
130,2025-12-22 11:11:00+00:00,EUR_JPY__monday__london,EUR_JPY,SHORT,0.7591889999999999,HARVESTER,184.624,0.04221428571428427,41.71444634218052,2.0857223171090262,0.0,1.468697123519789,2025-12-22 11:15:00+00:00,-0.35,-0.39999999999999997,CUT,0.05,103.4518269286077,10.890516217787205
131,2025-12-22 11:18:00+00:00,NZD_USD__monday__london,NZD_USD,LONG,0.7058858,HARVESTER,0.57854,0.00016071428571429975,41.38073077144308,2.069036538572154,0.7466666666659666,0.3111111111117405,2025-12-22 11:25:00+00:00,0.55,0.5,TARGET,0.05,104.48634519789378,9.999421379965073
132,2025-12-22 11:22:00+00:00,AUD_USD__monday__london,AUD_USD,LONG,0.7125130000000001,HARVESTER,0.66412,0.00014357142857143339,41.38073077144308,2.069036538572154,0.6965174129352233,0.06965174129398631,2025-12-22 11:25:00+00:00,0.55,0.5,TARGET,0.05,105.52086346717986,9.108326542142942
133,2025-12-22 11:26:00+00:00,GBP_JPY__monday__london,GBP_JPY,SHORT,0.7128616,HARVESTER,211.411,0.06864285714285805,42.20834538687194,2.110417269343597,0.0,1.1800208116543487,2025-12-22 11:30:00+00:00,-0.35,-0.39999999999999997,CUT,0.05,104.67669655944242,9.835459929805804
134,2025-12-22 11:27:00+00:00,NZD_USD__monday__london,NZD_USD,LONG,0.7157534,HARVESTER,0.5786,0.00015428571428573377,42.20834538687194,2.110417269343597,0.0,1.2962962962959899,2025-12-22 11:30:00+00:00,-0.35,-0.39999999999999997,CUT,0.05,103.83252965170497,10.562593317468666
135,2025-12-22 11:33:00+00:00,EUR_CHF__monday__london,EUR_CHF,SHORT,0.7129289999999999,HARVESTER,0.93074,0.00015071428571429766,41.53301186068199,2.0766505930340995,0.3981042654032102,0.9952606635069206,2025-12-22 11:35:00+00:00,-0.35,-0.39999999999999997,CUT,0.05,103.00186941449134,11.278092570928912
136,2025-12-22 11:34:00+00:00,GBP_JPY__monday__london,GBP_JPY,LONG,0.7406372,HARVESTER,211.487,0.0692142857142853,41.53301186068199,2.0766505930340995,0.37564499484019465,0.5345717234263045,2025-12-22 11:35:00+00:00,-0.35,-0.39999999999999997,CUT,0.05,102.1712091772777,11.993591824389158
137,2025-12-22 11:35:00+00:00,EUR_CHF__monday__london,EUR_CHF,SHORT,0.721502,HARVESTER,0.93069,0.0001585714285714444,40.86848367091108,2.043424183545554,0.6936936936939682,0.6936936936932679,2025-12-22 11:40:00+00:00,-0.35,-0.39999999999999997,CUT,0.05,101.35383950385948,12.69764308979405
138,2025-12-22 11:36:00+00:00,GBP_JPY__monday__london,GBP_JPY,LONG,0.7040806,HARVESTER,211.506,0.07035714285714383,40.86848367091108,2.043424183545554,0.28426395939100446,0.8385786802029986,2025-12-22 11:40:00+00:00,-0.35,-0.39999999999999997,CUT,0.05,100.53646983044125,13.401694355198943
139,2025-12-22 11:40:00+00:00,AUD_JPY__monday__london,AUD_JPY,LONG,0.7325465999999999,HARVESTER,104.546,0.02549999999999995,40.2145879321765,2.010729396608825,0.4705882352941364,0.901960784314133,2025-12-22 11:45:00+00:00,-0.35,-0.39999999999999997,CUT,0.05,99.73217807179772,14.094480800357351
140,2025-12-22 11:40:00+00:00,NZD_JPY__monday__london,NZD_JPY,LONG,0.7195916,HARVESTER,91.078,0.0238571428571441,40.2145879321765,2.010729396608825,0.6706586826343239,0.4610778443117678,2025-12-22 11:45:00+00:00,-0.35,-0.39999999999999997,CUT,0.05,98.92788631315419,14.787267245515759
141,2025-12-22 11:47:00+00:00,NZD_USD__monday__london,NZD_USD,LONG,0.7054376,HARVESTER,0.57873,0.0001571428571428557,39.571154525261676,1.9785577262630838,0.19090909090963684,0.4454545454546418,2025-12-22 11:50:00+00:00,-0.35,-0.39999999999999997,CUT,0.05,98.13646322264896,15.468969107551633
142,2025-12-22 11:52:00+00:00,EUR_GBP__monday__london,EUR_GBP,SHORT,0.7170386,HARVESTER,0.87292,0.0002471428571428585,39.254585289059584,1.9627292644529792,0.16184971098281994,1.6994219653178126,2025-12-22 11:55:00+00:00,-0.35,-0.39999999999999997,CUT,0.05,97.35137151686776,16.145217354691223
143,2025-12-22 11:54:00+00:00,EUR_CHF__monday__london,EUR_CHF,LONG,0.7202475999999999,HARVESTER,0.93081,0.00015642857142858909,39.254585289059584,1.9627292644529792,0.9589041095888272,0.06392694063968099,2025-12-22 11:55:00+00:00,0.55,0.5,TARGET,0.05,98.33273614909425,15.299907045766743
144,2025-12-22 11:55:00+00:00,EUR_CHF__monday__london,EUR_CHF,LONG,0.726836,HARVESTER,0.93082,0.00015785714285716988,39.3330944596377,1.966654722981885,1.3936651583707893,0.0,2025-12-22 12:00:00+00:00,0.55,0.5,TARGET,0.05,99.31606351058518,14.452906116224415
145,2025-12-22 11:57:00+00:00,AUD_JPY__monday__london,AUD_JPY,LONG,0.7087808,HARVESTER,104.558,0.02642857142857277,39.3330944596377,1.966654722981885,0.6054054054050392,0.6810810810810723,2025-12-22 12:00:00+00:00,-0.35,-0.39999999999999997,CUT,0.05,98.52940162139242,15.130506859858286
146,2025-12-22 12:07:00+00:00,GBP_JPY__monday__london,GBP_JPY,SHORT,0.7004734,HARVESTER,211.506,0.06764285714286343,39.41176064855697,1.9705880324278484,1.1826821541711414,0.3252375923968853,2025-12-22 12:10:00+00:00,0.55,0.5,TARGET,0.05,99.51469563760635,14.281811928456865
147,2025-12-22 12:09:00+00:00,EUR_CHF__monday__london,EUR_CHF,LONG,0.7151114,HARVESTER,0.93126,0.0001685714285714465,39.41176064855697,1.9705880324278484,0.35593220339014864,0.6525423728809513,2025-12-22 12:10:00+00:00,-0.35,-0.39999999999999997,CUT,0.05,98.7264604246352,14.960767873578003
148,2025-12-22 12:10:00+00:00,EUR_GBP__monday__london,EUR_GBP,LONG,0.707884,HARVESTER,0.87366,0.00028357142857143066,39.49058416985408,1.9745292084927042,0.5642317380354331,0.07052896725447808,2025-12-22 12:15:00+00:00,0.55,0.5,TARGET,0.05,99.71372502888156,14.110375552313787
149,2025-12-22 12:11:00+00:00,EUR_CHF__monday__london,EUR_CHF,LONG,0.7299209999999999,HARVESTER,0.9313,0.00016714285714287364,39.49058416985408,1.9745292084927042,0.11965811965822752,1.0769230769233835,2025-12-22 12:15:00+00:00,-0.35,-0.39999999999999997,CUT,0.05,98.92391334548448,14.790689409325159
150,2025-12-22 12:16:00+00:00,GBP_JPY__monday__london,GBP_JPY,SHORT,0.7629226,HARVESTER,211.422,0.0685714285714332,39.56956533819379,1.9784782669096896,0.11666666666680138,0.5249999999999845,2025-12-22 12:20:00+00:00,-0.35,-0.39999999999999997,CUT,0.05,98.13252203872061,15.47236389405055
151,2025-12-22 12:18:00+00:00,USD_CAD__monday__london,USD_CAD,LONG,0.7008127999999999,HARVESTER,1.37696,0.0002171428571428364,39.56956533819379,1.9784782669096896,1.6578947368428991,0.09210526315748437,2025-12-22 12:20:00+00:00,0.55,0.5,TARGET,0.05,99.12176117217545,14.620270788143802
152,2025-12-22 12:27:00+00:00,AUD_JPY__monday__london,AUD_JPY,LONG,0.709175,HARVESTER,104.55,0.02607142857143125,39.648704468870186,1.9824352234435092,1.8410958904108394,0.0,2025-12-22 12:30:00+00:00,0.55,0.5,TARGET,0.05,100.1129787838972,13.766473496025245
153,2025-12-22 12:27:00+00:00,EUR_USD__monday__london,EUR_USD,LONG,0.7033591999999999,HARVESTER,1.17372,0.000341428571428556,39.648704468870186,1.9824352234435092,0.9372384937235283,0.5857740585780181,2025-12-22 12:30:00+00:00,-0.35,-0.39999999999999997,CUT,0.05,99.3200046945198,14.4495113297201
154,2025-12-22 12:31:00+00:00,EUR_JPY__monday__new_york,EUR_JPY,LONG,0.7001366,HARVESTER,184.76,0.04907142857142942,39.72800187780792,1.9864000938903958,1.0189228529842025,0.0,2025-12-22 12:35:00+00:00,0.55,0.5,TARGET,0.05,100.313204741465,13.594006443017292
155,2025-12-22 12:33:00+00:00,EUR_CHF__monday__london,EUR_CHF,LONG,0.7341293999999999,HARVESTER,0.9315,0.00017785714285716608,39.72800187780792,1.9864000938903958,0.6746987951806853,0.22489959839376986,2025-12-22 12:35:00+00:00,0.55,0.5,TARGET,0.05,101.3064047884102,12.738501556314489
156,2025-12-22 12:35:00+00:00,EUR_JPY__monday__new_york,EUR_JPY,LONG,0.7239833999999999,HARVESTER,184.808,0.049214285714287244,40.52256191536408,2.026128095768204,0.0,1.219158200290284,2025-12-22 12:40:00+00:00,-0.35,-0.39999999999999997,CUT,0.05,100.49595355010293,13.436593543863973
157,2025-12-22 12:35:00+00:00,EUR_USD__monday__new_york,EUR_USD,LONG,0.7185041999999999,HARVESTER,1.17407,0.00036999999999998145,40.52256191536408,2.026128095768204,0.0,1.2162162162158432,2025-12-22 12:40:00+00:00,-0.35,-0.39999999999999997,CUT,0.05,99.68550231179564,14.134685531413455
158,2025-12-22 12:42:00+00:00,USD_CAD__monday__london,USD_CAD,LONG,0.7025498000000001,HARVESTER,1.37708,0.00029142857142859323,39.87420092471826,1.993710046235913,0.44607843137239034,0.6862745098037947,2025-12-22 12:45:00+00:00,-0.35,-0.39999999999999997,CUT,0.05,98.88801829330129,14.82160804716214
159,2025-12-22 12:45:00+00:00,GBP_USD__monday__london,GBP_USD,LONG,0.7380252,HARVESTER,1.34328,0.0004978571428571531,39.555207317320516,1.9777603658660257,0.14060258249643942,0.6427546628409296,2025-12-22 12:50:00+00:00,-0.35,-0.39999999999999997,CUT,0.05,98.09691414695487,15.503035182784847
160,2025-12-22 12:45:00+00:00,USD_CAD__monday__new_york,USD_CAD,LONG,0.7028728,HARVESTER,1.37717,0.00029571428571428804,39.555207317320516,1.9777603658660257,0.0,0.8454106280195993,2025-12-22 12:50:00+00:00,-0.35,-0.39999999999999997,CUT,0.05,97.30581000060846,16.18446231840755
161,2025-12-22 12:55:00+00:00,AUD_USD__monday__new_york,AUD_USD,LONG,0.7609741999999999,HARVESTER,0.66458,0.00017285714285714127,38.922324000243385,1.9461162000121692,1.1570247933889553,0.0,2025-12-22 13:00:00+00:00,0.55,0.5,TARGET,0.05,98.27886810061455,15.346306941591624
162,2025-12-22 12:55:00+00:00,AUD_JPY__monday__london,AUD_JPY,LONG,0.71983,HARVESTER,104.596,0.02585714285714147,38.922324000243385,1.9461162000121692,0.7734806629833131,0.3867403314919313,2025-12-22 13:00:00+00:00,-0.35,-0.39999999999999997,CUT,0.05,97.50042162060967,16.016831243044372
163,2025-12-22 15:00:00+00:00,USD_CAD__monday__london,USD_CAD,SHORT,0.7089846,HARVESTER,1.37446,0.0005828571428571706,39.00016864824387,1.9500084324121936,0.5661764705881078,0.0,2025-12-22 15:05:00+00:00,0.55,0.5,TARGET,0.05,98.47542583681577,15.17699955547481
164,2025-12-22 15:01:00+00:00,NZD_USD__monday__new_york,NZD_USD,LONG,0.739673,HARVESTER,0.5798,0.0002950000000000056,39.00016864824387,1.9500084324121936,0.6779661016948277,0.0,2025-12-22 15:05:00+00:00,0.55,0.5,TARGET,0.05,99.45043005302188,14.337167867905249
165,2025-12-22 15:09:00+00:00,USD_CAD__monday__london,USD_CAD,SHORT,0.7405812,HARVESTER,1.37422,0.0005471428571428889,39.78017202120875,1.9890086010604375,0.18276762402085697,1.1331592689295569,2025-12-22 15:10:00+00:00,-0.35,-0.39999999999999997,CUT,0.05,98.6548266125977,15.022470524962007
166,2025-12-22 15:10:00+00:00,EUR_USD__monday__new_york,EUR_USD,LONG,0.7126388,HARVESTER,1.17642,0.0004049999999999728,39.46193064503908,1.973096532251954,0.0,1.6049382716051435,2025-12-22 15:15:00+00:00,-0.35,-0.39999999999999997,CUT,0.05,97.86558799969693,15.702290760762306
167,2025-12-22 15:15:00+00:00,AUD_JPY__monday__new_york,AUD_JPY,LONG,0.7054400000000001,HARVESTER,104.488,0.0569999999999981,39.146235199878774,1.9573117599939387,0.5263157894737217,0.631578947368466,2025-12-22 15:20:00+00:00,-0.35,-0.39999999999999997,CUT,0.05,97.08266329569935,16.37667243467621
169,2025-12-22 15:24:00+00:00,EUR_USD__monday__new_york,EUR_USD,LONG,0.7064776,HARVESTER,1.17626,0.0003842857142856783,38.833065318279736,1.941653265913987,0.8327137546465954,0.33828996282579327,2025-12-22 15:35:00+00:00,0.55,0.5,TARGET,0.05,98.05348992865635,15.540439159022966
168,2025-12-22 15:20:00+00:00,USD_CAD__monday__new_york,USD_CAD,SHORT,0.7104862,HARVESTER,1.37448,0.0005478571428571634,38.833065318279736,1.941653265913987,0.5110821382004637,0.365058670143362,2025-12-22 15:45:00+00:00,-0.35,-0.39999999999999997,CUT,0.05,97.27682862229075,16.20942577954556
170,2025-12-22 15:35:00+00:00,GBP_USD__monday__new_york,GBP_USD,LONG,0.745158,HARVESTER,1.34568,0.0004999999999999767,39.22139597146254,1.961069798573127,0.4400000000002385,0.560000000000142,2025-12-22 15:40:00+00:00,-0.35,-0.39999999999999997,CUT,0.05,96.4924007028615,16.88510226627337
171,2025-12-22 15:51:00+00:00,EUR_USD__monday__new_york,EUR_USD,LONG,0.7057431999999999,HARVESTER,1.17682,0.00036928571428573864,38.596960281144604,1.92984801405723,0.0,2.220502901353935,2025-12-22 15:55:00+00:00,-0.35,-0.39999999999999997,CUT,0.05,95.72046149723862,17.55002144814318
172,2025-12-22 15:57:00+00:00,GBP_JPY__monday__new_york,GBP_JPY,SHORT,0.7540397999999999,HARVESTER,211.144,0.0973571428571408,38.28818459889545,1.9144092299447724,0.0,1.5612619222302717,2025-12-22 16:00:00+00:00,-0.35,-0.39999999999999997,CUT,0.05,94.95469780526071,18.209621276558035
173,2025-12-22 15:59:00+00:00,AUD_USD__monday__london,AUD_USD,LONG,0.7053358000000001,HARVESTER,0.66572,0.000246428571428576,38.28818459889545,1.9144092299447724,0.040579710145192634,0.6492753623185769,2025-12-22 16:00:00+00:00,-0.35,-0.39999999999999997,CUT,0.05,94.1889341132828,18.869221104972887
174,2025-12-28 23:00:00+00:00,AUD_USD__monday__asia,AUD_USD,LONG,0.7122442,HARVESTER,0.67104,0.00032214285714286605,37.67557364531312,1.883778682265656,1.1796008869180732,0.031042128602962082,2025-12-28 23:05:00+00:00,0.55,0.5,TARGET,0.05,95.13082345441562,18.057913316022624
175,2025-12-28 23:04:00+00:00,USD_CAD__monday__sydney,USD_CAD,SHORT,0.7164482000000001,HARVESTER,1.36684,0.0004514285714285471,37.67557364531312,1.883778682265656,1.0632911392406432,0.044303797468155194,2025-12-28 23:05:00+00:00,0.55,0.5,TARGET,0.05,96.07271279554844,17.246605527072358
176,2025-12-28 23:05:00+00:00,GBP_JPY__monday__sydney,GBP_JPY,SHORT,0.7247174000000001,HARVESTER,211.152,0.09564285714285907,38.429085118219376,1.9214542559109689,0.15683345780418578,0.4809559372668235,2025-12-28 23:10:00+00:00,-0.35,-0.39999999999999997,CUT,0.05,95.30413109318405,17.908632682855778
177,2025-12-28 23:10:00+00:00,USD_JPY__monday__asia,USD_JPY,SHORT,0.7190094,HARVESTER,156.464,0.04571428571428474,38.121652437273625,1.906082621863681,0.9187500000000544,0.04375000000020983,2025-12-28 23:15:00+00:00,0.55,0.5,TARGET,0.05,96.25717240411589,17.087719009684342
178,2025-12-28 23:10:00+00:00,GBP_USD__monday__asia,GBP_USD,LONG,0.7103008,HARVESTER,1.34962,0.0005021428571428954,38.121652437273625,1.906082621863681,0.9160739687052885,0.0,2025-12-28 23:15:00+00:00,0.55,0.5,TARGET,0.05,97.21021371504773,16.2668053365129
179,2025-12-28 23:15:00+00:00,EUR_USD__monday__asia,EUR_USD,LONG,0.7445712,HARVESTER,1.17759,0.00023214285714287123,38.884085486019096,1.9442042743009547,0.8615384615383144,0.0,2025-12-28 23:20:00+00:00,0.55,0.5,TARGET,0.05,98.1823158521982,15.429473389878034
180,2025-12-28 23:15:00+00:00,AUD_USD__monday__asia,AUD_USD,LONG,0.7334734,HARVESTER,0.67142,0.00024642857142858395,38.884085486019096,1.9442042743009547,0.40579710144921005,0.40579710144921005,2025-12-28 23:20:00+00:00,-0.35,-0.39999999999999997,CUT,0.05,97.40463414247782,16.09933894718593
182,2025-12-28 23:20:00+00:00,USD_CAD__monday__asia,USD_CAD,SHORT,0.723804,HARVESTER,1.36645,0.0004064285714285219,38.961853656991124,1.9480926828495564,0.0,0.8119507908616611,2025-12-28 23:25:00+00:00,-0.35,-0.39999999999999997,CUT,0.05,96.62539706933799,16.770544235608448
181,2025-12-28 23:20:00+00:00,USD_JPY__monday__asia,USD_JPY,SHORT,0.8000324000000001,HARVESTER,156.432,0.04099999999999885,38.961853656991124,1.9480926828495564,0.5365853658534628,1.5609756097566627,2025-12-28 23:30:00+00:00,-0.35,-0.39999999999999997,CUT,0.05,95.84615999619817,17.44174952403096
183,2025-12-28 23:25:00+00:00,EUR_JPY__monday__asia,EUR_JPY,SHORT,0.7255894,HARVESTER,184.254,0.049642857142860715,38.6501588277352,1.9325079413867599,0.24172661870502773,1.4100719424463768,2025-12-28 23:30:00+00:00,-0.35,-0.39999999999999997,CUT,0.05,95.07315681964346,18.1075851701461
185,2025-12-28 23:30:00+00:00,USD_CAD__monday__asia,USD_CAD,LONG,0.7010323999999999,HARVESTER,1.36683,0.0002899999999999649,38.029262727857386,1.9014631363928691,0.44827586206889386,0.37931034482782006,2025-12-28 23:45:00+00:00,-0.35,-0.39999999999999997,CUT,0.05,94.31257156508632,18.762724488784926
186,2025-12-28 23:45:00+00:00,USD_JPY__monday__asia,USD_JPY,SHORT,0.7112086,HARVESTER,156.486,0.044142857142858816,37.72502862603453,1.8862514313017265,1.8122977346274025,0.0,2025-12-28 23:50:00+00:00,0.55,0.5,TARGET,0.05,95.25569728073718,17.950351733672772
184,2025-12-28 23:30:00+00:00,NZD_USD__monday__asia,NZD_USD,SHORT,0.7285638000000001,HARVESTER,0.58265,0.00020500000000001867,38.029262727857386,1.9014631363928691,0.7317073170730235,0.34146341463418595,2025-12-28 23:55:00+00:00,0.55,0.5,TARGET,0.05,96.20642884893361,17.131427585374237
187,2025-12-28 23:50:00+00:00,EUR_JPY__monday__asia,EUR_JPY,SHORT,0.719555,HARVESTER,184.267,0.04942857142857804,38.10227891229487,1.9051139456147437,0.48554913294793034,0.6676300578036918,2025-12-28 23:55:00+00:00,-0.35,-0.39999999999999997,CUT,0.05,95.44438327068771,17.78782477150486
188,2025-12-28 23:58:00+00:00,EUR_JPY__monday__asia,EUR_JPY,SHORT,0.739457,HARVESTER,184.246,0.049642857142864774,38.177753308275086,1.9088876654137543,5.277697841725817,0.6043165467625199,2025-12-29 00:00:00+00:00,-0.35,-0.39999999999999997,CUT,0.05,94.68082820452221,18.445522173332815
189,2025-12-29 00:04:00+00:00,USD_JPY__monday__sydney,USD_JPY,SHORT,0.7891908000000001,HARVESTER,156.212,0.06271428571428674,37.87233128180888,1.8936165640904443,2.391799544418733,0.04783599088861032,2025-12-29 00:05:00+00:00,0.55,0.5,TARGET,0.05,95.62763648656744,17.629977395066142
190,2025-12-29 00:04:00+00:00,EUR_JPY__monday__sydney,EUR_JPY,SHORT,0.7815072,HARVESTER,183.984,0.06864285714286414,37.87233128180888,1.8936165640904443,2.1852237252860203,0.2622268470343224,2025-12-29 00:05:00+00:00,0.55,0.5,TARGET,0.05,96.57444476861266,16.814432616799465
192,2025-12-29 00:05:00+00:00,EUR_JPY__monday__sydney,EUR_JPY,SHORT,0.714283,HARVESTER,183.898,0.07764285714286448,38.62977790744507,1.9314888953722533,1.184912603495549,0.12879484820594245,2025-12-29 00:10:00+00:00,0.55,0.5,TARGET,0.05,97.54018921629878,15.982576942967466
191,2025-12-29 00:05:00+00:00,GBP_USD__monday__asia,GBP_USD,LONG,0.7434842,HARVESTER,1.35026,0.0004085714285714248,38.62977790744507,1.9314888953722533,0.8321678321678568,0.2937062937065901,2025-12-29 00:15:00+00:00,0.55,0.5,TARGET,0.05,98.5059336639849,15.150721269135467
193,2025-12-29 00:10:00+00:00,AUD_JPY__monday__sydney,AUD_JPY,SHORT,0.762502,HARVESTER,104.81,0.05592857142856949,39.016075686519514,1.9508037843259758,0.0,1.823754789272163,2025-12-29 00:15:00+00:00,-0.35,-0.39999999999999997,CUT,0.05,97.72561215025452,15.822860653591722
194,2025-12-29 00:16:00+00:00,GBP_USD__monday__asia,GBP_USD,LONG,0.7301266,HARVESTER,1.3505,0.0003285714285714241,39.09024486010181,1.9545122430050905,0.0,1.430434782608625,2025-12-29 00:20:00+00:00,-0.35,-0.39999999999999997,CUT,0.05,96.94380725305248,16.496277768362987
195,2025-12-29 00:16:00+00:00,NZD_JPY__monday__asia,NZD_JPY,LONG,0.7277194,HARVESTER,91.042,0.04828571428571341,39.09024486010181,1.9545122430050905,1.4082840236686198,0.0,2025-12-29 00:20:00+00:00,0.55,0.5,TARGET,0.05,97.92106337455503,15.654506374898903
196,2025-12-29 00:20:00+00:00,EUR_GBP__monday__asia,EUR_GBP,SHORT,0.742525,HARVESTER,0.87193,0.00013785714285714987,39.168425349822016,1.9584212674911008,0.0,2.2487046632125565,2025-12-29 00:25:00+00:00,-0.35,-0.39999999999999997,CUT,0.05,97.1376948675586,16.32927032389971
197,2025-12-29 00:20:00+00:00,NZD_JPY__monday__asia,NZD_JPY,LONG,0.7334384,HARVESTER,91.092,0.048714285714284856,39.168425349822016,1.9584212674911008,0.16422287390020512,0.9442815249265442,2025-12-29 00:25:00+00:00,-0.35,-0.39999999999999997,CUT,0.05,96.35432636056215,17.00403427290052
198,2025-12-29 00:26:00+00:00,NZD_USD__monday__asia,NZD_USD,LONG,0.7039776,HARVESTER,0.58312,0.00018857142857143478,38.54173054422486,1.9270865272112432,0.7424242424243718,0.5303030303029544,2025-12-29 00:30:00+00:00,-0.35,-0.39999999999999997,CUT,0.05,95.58349174967766,17.66800199871731
199,2025-12-29 00:27:00+00:00,EUR_USD__monday__asia,EUR_USD,LONG,0.7250724000000001,HARVESTER,1.1778,0.00024357142857143823,38.54173054422486,1.9270865272112432,1.6422287390026866,0.0,2025-12-29 00:30:00+00:00,0.55,0.5,TARGET,0.05,96.54703501328328,16.838042341446318
200,2025-12-29 00:30:00+00:00,EUR_USD__monday__asia,EUR_USD,LONG,0.8015000000000001,HARVESTER,1.17798,0.00025857142857142545,38.61881400531331,1.9309407002656656,1.3922651933698575,0.0,2025-12-29 00:35:00+00:00,0.55,0.5,TARGET,0.05,97.51250536341611,16.006422764860783
201,2025-12-29 00:30:00+00:00,USD_CHF__monday__asia,USD_CHF,SHORT,0.7028246,HARVESTER,0.78874,0.00021428571428571446,38.61881400531331,1.9309407002656656,1.306666666666418,0.0,2025-12-29 00:35:00+00:00,0.55,0.5,TARGET,0.05,98.47797571354894,15.174803188275247
203,2025-12-29 00:35:00+00:00,EUR_USD__monday__asia,EUR_USD,LONG,0.7081816,HARVESTER,1.1782,0.00026928571428570206,39.39119028541958,1.969559514270979,0.7427055702917291,0.7427055702917291,2025-12-29 00:40:00+00:00,-0.35,-0.39999999999999997,CUT,0.05,97.69015190784056,15.853404762769038
202,2025-12-29 00:35:00+00:00,EUR_JPY__monday__asia,EUR_JPY,LONG,0.7492768000000001,HARVESTER,183.996,0.09507142857143183,39.39119028541958,1.969559514270979,0.8940646130726316,0.16829451540215332,2025-12-29 00:45:00+00:00,0.55,0.5,TARGET,0.05,98.67493166497604,15.005152794651794
204,2025-12-29 00:40:00+00:00,EUR_USD__monday__asia,EUR_USD,LONG,0.7315417999999999,HARVESTER,1.17838,0.0002849999999999797,39.076060763136226,1.9538030381568112,0.0,1.263157894736637,2025-12-29 00:45:00+00:00,-0.35,-0.39999999999999997,CUT,0.05,97.89341044971331,15.678325556549646
205,2025-12-29 00:47:00+00:00,NZD_USD__monday__sydney,NZD_USD,SHORT,0.7199096,HARVESTER,0.58309,0.00020357142857142202,39.15736417988533,1.9578682089942663,1.424561403508879,0.0,2025-12-29 00:50:00+00:00,0.55,0.5,TARGET,0.05,98.87234455421044,14.835108812115147
206,2025-12-29 00:48:00+00:00,EUR_JPY__monday__asia,EUR_JPY,LONG,0.7069584,HARVESTER,184.056,0.09714285714285811,39.15736417988533,1.9578682089942663,1.317647058823371,0.020588235294215745,2025-12-29 00:50:00+00:00,0.55,0.5,TARGET,0.05,99.85127865870757,13.991892067680647
207,2025-12-29 00:51:00+00:00,EUR_JPY__monday__asia,EUR_JPY,LONG,0.7457424,HARVESTER,184.114,0.10350000000000088,39.940511463483034,1.9970255731741515,0.714975845410466,0.03864734299507868,2025-12-29 00:55:00+00:00,0.55,0.5,TARGET,0.05,100.84979144529464,13.13181098835746
208,2025-12-29 00:51:00+00:00,AUD_JPY__monday__asia,AUD_JPY,LONG,0.730604,HARVESTER,104.974,0.06985714285714043,39.940511463483034,1.9970255731741515,1.1165644171779954,0.34355828220861395,2025-12-29 01:00:00+00:00,0.55,0.5,TARGET,0.05,101.84830423188171,12.271729909034267
209,2025-12-29 00:56:00+00:00,GBP_JPY__monday__asia,GBP_JPY,LONG,0.7471787999999999,HARVESTER,211.12,0.12692857142857455,40.33991657811786,2.016995828905893,0.709060213843566,0.26786719189638364,2025-12-29 01:00:00+00:00,0.55,0.5,TARGET,0.05,102.85680214633466,11.403048018917843
210,2025-12-29 11:00:00+00:00,EUR_JPY__monday__london,EUR_JPY,SHORT,0.7541448,HARVESTER,183.964,0.05400000000000001,41.14272085853386,2.057136042926693,0.5925925925927904,0.4074074074072473,2025-12-29 11:05:00+00:00,-0.35,-0.39999999999999997,CUT,0.05,102.03394772916398,12.111823634766498
211,2025-12-29 11:00:00+00:00,NZD_USD__monday__london,NZD_USD,SHORT,0.7390070000000001,HARVESTER,0.58034,0.0002042857142856886,41.14272085853386,2.057136042926693,1.0279720279718265,0.09790209790220812,2025-12-29 11:05:00+00:00,0.55,0.5,TARGET,0.05,103.06251575062733,11.22585411495568
212,2025-12-29 11:05:00+00:00,AUD_JPY__monday__london,AUD_JPY,SHORT,0.7112732,HARVESTER,104.722,0.03628571428571296,41.22500630025093,2.0612503150125465,0.8818897637794627,0.0,2025-12-29 11:10:00+00:00,0.55,0.5,TARGET,0.05,104.0931409081336,10.338112656105231
213,2025-12-29 11:06:00+00:00,CHF_JPY__monday__london,CHF_JPY,SHORT,0.8522938,HARVESTER,197.787,0.07778571428572027,41.22500630025093,2.0612503150125465,2.3526170798895327,0.0,2025-12-29 11:10:00+00:00,0.55,0.5,TARGET,0.05,105.12376606563988,9.450371197254784
214,2025-12-29 11:10:00+00:00,EUR_USD__monday__london,EUR_USD,SHORT,0.7512736000000001,HARVESTER,1.17632,0.0004178571428571206,42.04950642625596,2.102475321312798,1.292307692307725,0.0,2025-12-29 11:15:00+00:00,0.55,0.5,TARGET,0.05,106.17500372629628,8.544874909227334
215,2025-12-29 11:10:00+00:00,AUD_USD__monday__london,AUD_USD,SHORT,0.7299918,HARVESTER,0.66974,0.00023499999999998522,42.04950642625596,2.102475321312798,0.76595744680838,0.08510638297881387,2025-12-29 11:15:00+00:00,0.55,0.5,TARGET,0.05,107.22624138695268,7.639378621199882
216,2025-12-29 11:15:00+00:00,EUR_JPY__monday__london,EUR_JPY,SHORT,0.7671878000000001,HARVESTER,183.894,0.05328571428571698,42.89049655478108,2.144524827739054,0.37533512064360464,0.6005361930291274,2025-12-29 11:20:00+00:00,-0.35,-0.39999999999999997,CUT,0.05,106.36843145585706,8.378263592230278
217,2025-12-29 11:15:00+00:00,NZD_USD__monday__london,NZD_USD,SHORT,0.7305081999999999,HARVESTER,0.57995,0.0002021428571428333,42.89049655478108,2.144524827739054,0.0,1.7314487632514461,2025-12-29 11:20:00+00:00,-0.35,-0.39999999999999997,CUT,0.05,105.51062152476145,9.117148563260676
218,2025-12-29 11:23:00+00:00,CHF_JPY__monday__london,CHF_JPY,LONG,0.7131057999999999,HARVESTER,197.739,0.088000000000004,42.20424860990458,2.110212430495229,0.6477272727271063,0.0,2025-12-29 11:25:00+00:00,0.55,0.5,TARGET,0.05,106.56572774000907,8.208320048893277
219,2025-12-29 11:25:00+00:00,CHF_JPY__monday__london,CHF_JPY,LONG,0.7081122,HARVESTER,197.767,0.08850000000000234,42.62629109600363,2.1313145548001815,1.039548022598989,0.0,2025-12-29 11:30:00+00:00,0.55,0.5,TARGET,0.05,107.63138501740916,7.290403249382209
220,2025-12-29 11:26:00+00:00,EUR_CHF__monday__london,EUR_CHF,SHORT,0.7138653999999999,HARVESTER,0.9301,0.0003607142857142777,42.62629109600363,2.1313145548001815,0.8316831683170663,0.1663366336632286,2025-12-29 11:30:00+00:00,0.55,0.5,TARGET,0.05,108.69704229480925,6.3724864498711415
221,2025-12-29 11:31:00+00:00,EUR_JPY__monday__london,EUR_JPY,LONG,0.7113444,HARVESTER,183.948,0.05221428571429142,43.4788169179237,2.173940845896185,0.47879616963069954,0.42134062927529864,2025-12-29 11:35:00+00:00,-0.35,-0.39999999999999997,CUT,0.05,107.82746595645078,7.121506558272168
222,2025-12-29 11:34:00+00:00,USD_CHF__monday__london,USD_CHF,SHORT,0.7290137999999999,HARVESTER,0.79032,0.0004042857142857221,43.4788169179237,2.173940845896185,0.7915194346289277,0.02473498233204243,2025-12-29 11:35:00+00:00,0.55,0.5,TARGET,0.05,108.91443637939888,6.185231422770874
223,2025-12-29 11:35:00+00:00,EUR_JPY__monday__london,EUR_JPY,LONG,0.753532,HARVESTER,183.968,0.051285714285721644,43.56577455175955,2.1782887275879776,0.8579387186630468,0.6239554317544393,2025-12-29 11:40:00+00:00,-0.35,-0.39999999999999997,CUT,0.05,108.04312088836369,6.9357495713887065
224,2025-12-29 11:39:00+00:00,NZD_JPY__monday__london,NZD_JPY,SHORT,0.7015608,HARVESTER,90.67,0.03192857142857264,43.56577455175955,2.1782887275879776,0.37583892617449666,1.0648769574941104,2025-12-29 11:40:00+00:00,-0.35,-0.39999999999999997,CUT,0.05,107.1718053973285,7.68626772000654
225,2025-12-29 11:40:00+00:00,AUD_USD__monday__london,AUD_USD,SHORT,0.747572,HARVESTER,0.66968,0.00024714285714285057,42.8687221589314,2.14343610794657,0.2427745664742377,0.8092485549132272,2025-12-29 11:45:00+00:00,-0.35,-0.39999999999999997,CUT,0.05,106.31443095414987,8.424777578246486
226,2025-12-29 11:40:00+00:00,NZD_USD__monday__london,NZD_USD,SHORT,0.7291172,HARVESTER,0.57999,0.0002392857142857117,42.8687221589314,2.14343610794657,0.20895522388057625,0.835820895522305,2025-12-29 11:45:00+00:00,-0.35,-0.39999999999999997,CUT,0.05,105.45705651097124,9.163287436486435
227,2025-12-29 11:46:00+00:00,CHF_JPY__monday__london,CHF_JPY,LONG,0.701199,HARVESTER,198.012,0.0902142857142861,42.18282260438849,2.1091411302194247,0.1995249406175839,0.5542359461600603,2025-12-29 11:50:00+00:00,-0.35,-0.39999999999999997,CUT,0.05,104.61340005888347,9.889981136994544
228,2025-12-29 11:48:00+00:00,AUD_JPY__monday__london,AUD_JPY,LONG,0.7068125999999999,HARVESTER,104.721,0.0337142857142853,42.18282260438849,2.1091411302194247,0.6525423728811076,0.6228813559322346,2025-12-29 11:50:00+00:00,-0.35,-0.39999999999999997,CUT,0.05,103.7697436067957,10.616674837502654
229,2025-12-29 11:50:00+00:00,AUD_USD__monday__london,AUD_USD,SHORT,0.7227962000000001,HARVESTER,0.66964,0.00024500000000000314,41.507897442718274,2.075394872135914,0.6530612244899875,0.08163265306130509,2025-12-29 11:55:00+00:00,0.55,0.5,TARGET,0.05,104.80744104286366,9.72284158587768
230,2025-12-29 11:51:00+00:00,NZD_USD__monday__london,NZD_USD,SHORT,0.7157784,HARVESTER,0.57997,0.00024000000000000212,41.507897442718274,2.075394872135914,0.04166666666647667,0.8750000000001734,2025-12-29 11:55:00+00:00,-0.35,-0.39999999999999997,CUT,0.05,103.9772830940093,10.437908187177657
231,2025-12-29 11:55:00+00:00,AUD_JPY__monday__london,AUD_JPY,LONG,0.7061569999999999,HARVESTER,104.734,0.03442857142857138,41.590913237603715,2.0795456618801857,0.0,1.045643153527012,2025-12-29 12:00:00+00:00,-0.35,-0.39999999999999997,CUT,0.05,103.14546482925722,11.154404921680234
232,2025-12-29 11:56:00+00:00,GBP_USD__monday__london,GBP_USD,SHORT,0.7865244,HARVESTER,1.34956,0.0006314285714286161,41.590913237603715,2.0795456618801857,1.9479638009049416,0.0,2025-12-29 12:00:00+00:00,0.55,0.5,TARGET,0.05,104.18523766019732,10.258784003552009
233,2025-12-29 12:00:00+00:00,AUD_USD__monday__london,AUD_USD,SHORT,0.7081796,HARVESTER,0.66946,0.00022785714285715266,41.67409506407893,2.0837047532039463,0.3510971786837216,0.7021943573664687,2025-12-29 12:05:00+00:00,-0.35,-0.39999999999999997,CUT,0.05,103.35175575891574,10.976713731523589
234,2025-12-29 12:02:00+00:00,AUD_CAD__monday__london,AUD_CAD,SHORT,0.7356858,HARVESTER,0.91673,0.0002507142857143025,41.67409506407893,2.0837047532039463,0.35897435897447255,0.5185185185183381,2025-12-29 12:05:00+00:00,-0.35,-0.39999999999999997,CUT,0.05,102.51827385763417,11.694643459495166
235,2025-12-29 12:06:00+00:00,GBP_JPY__monday__london,GBP_JPY,SHORT,0.8004006,HARVESTER,210.882,0.0857142857142849,41.007309543053665,2.0503654771526834,1.306666666666618,0.0,2025-12-29 12:10:00+00:00,0.55,0.5,TARGET,0.05,103.54345659621052,10.811589894090114
236,2025-12-29 12:09:00+00:00,GBP_USD__monday__london,GBP_USD,SHORT,0.7505348,HARVESTER,1.34815,0.0006285714285714862,41.007309543053665,2.0503654771526834,0.1431818181816833,0.6522727272727016,2025-12-29 12:10:00+00:00,-0.35,-0.39999999999999997,CUT,0.05,102.72331040534945,11.518032746414148
238,2025-12-29 12:10:00+00:00,GBP_JPY__monday__london,GBP_JPY,SHORT,0.7395782000000001,HARVESTER,210.792,0.085642857142856,41.08932416213978,2.054466208106989,0.8523769808174468,0.0,2025-12-29 12:15:00+00:00,0.55,0.5,TARGET,0.05,103.75054350940295,10.63321307387829
237,2025-12-29 12:10:00+00:00,NZD_JPY__monday__london,NZD_JPY,SHORT,0.7591088,HARVESTER,90.654,0.03721428571428679,41.08932416213978,2.054466208106989,1.451055662188113,0.34932821497133965,2025-12-29 12:20:00+00:00,0.55,0.5,TARGET,0.05,104.77777661345644,9.748393401342431
239,2025-12-29 12:15:00+00:00,AUD_CAD__monday__london,AUD_CAD,SHORT,0.7954114,HARVESTER,0.91638,0.0002607142857143046,41.50021740376118,2.0750108701880587,1.764383561643769,0.0,2025-12-29 12:20:00+00:00,0.55,0.5,TARGET,0.05,105.81528204855047,8.854725532081211
240,2025-12-29 12:20:00+00:00,GBP_JPY__monday__london,GBP_JPY,SHORT,0.7443150000000001,HARVESTER,210.723,0.08400000000000116,42.32611281942019,2.1163056409710093,1.2142857142857435,0.0,2025-12-29 12:25:00+00:00,0.55,0.5,TARGET,0.05,106.87343486903598,7.943272787402024
241,2025-12-29 12:20:00+00:00,GBP_USD__monday__london,GBP_USD,SHORT,0.7363066,HARVESTER,1.34774,0.00062785714285718,42.32611281942019,2.1163056409710093,1.3060295790671128,0.0,2025-12-29 12:25:00+00:00,0.55,0.5,TARGET,0.05,107.93158768952148,7.0318200427228374
242,2025-12-29 12:25:00+00:00,AUD_JPY__monday__london,AUD_JPY,SHORT,0.8034978,HARVESTER,104.548,0.04285714285714347,43.1726350758086,2.15863175379043,1.2833333333334742,0.0,2025-12-29 12:30:00+00:00,0.55,0.5,TARGET,0.05,109.01090356641669,6.102138243150072
243,2025-12-29 12:25:00+00:00,NZD_JPY__monday__london,NZD_JPY,SHORT,0.7911189999999999,HARVESTER,90.586,0.0392142857142872,43.1726350758086,2.15863175379043,0.5610200364299933,0.15300546448087432,2025-12-29 12:30:00+00:00,0.55,0.5,TARGET,0.05,110.0902194433119,5.172456443577306
245,2025-12-29 12:33:00+00:00,USD_CAD__monday__new_york,USD_CAD,LONG,0.7007954,HARVESTER,1.37012,0.00025857142857144133,44.03608777732476,2.201804388866238,0.0,1.392265193369772,2025-12-29 12:35:00+00:00,-0.35,-0.39999999999999997,CUT,0.05,109.2094976877654,5.931076792028682
244,2025-12-29 12:31:00+00:00,CHF_JPY__monday__london,CHF_JPY,SHORT,0.7066161999999999,HARVESTER,197.836,0.07978571428571359,44.03608777732476,2.201804388866238,0.4888093106537372,0.6642793196060593,2025-12-29 12:40:00+00:00,-0.35,-0.39999999999999997,CUT,0.05,108.32877593221892,6.6896971404800585
246,2025-12-29 12:35:00+00:00,USD_CHF__monday__new_york,USD_CHF,LONG,0.7083136,HARVESTER,0.7907,0.0003550000000000021,43.68379907510616,2.184189953755308,0.507042253521318,0.6197183098591456,2025-12-29 12:40:00+00:00,-0.35,-0.39999999999999997,CUT,0.05,107.4550999507168,7.442248526143823
247,2025-12-29 12:40:00+00:00,AUD_CAD__monday__london,AUD_CAD,SHORT,0.7239737999999999,HARVESTER,0.91564,0.00028285714285715614,42.98203998028672,2.149101999014336,0.4242424242424361,1.661616161615979,2025-12-29 12:50:00+00:00,-0.35,-0.39999999999999997,CUT,0.05,106.59545915111107,8.182710537934668
248,2025-12-29 12:40:00+00:00,GBP_JPY__monday__london,GBP_JPY,LONG,0.7082252,HARVESTER,210.711,0.07921428571428432,42.98203998028672,2.149101999014336,0.8963029756537321,0.012623985572648417,2025-12-29 12:45:00+00:00,0.55,0.5,TARGET,0.05,107.67001015061824,7.257133023196107
249,2025-12-29 12:50:00+00:00,USD_JPY__monday__london,USD_JPY,SHORT,0.7317174,HARVESTER,156.36,0.050142857142850925,43.06800406024729,2.1534002030123647,0.9572649572651123,0.0,2025-12-29 12:55:00+00:00,0.55,0.5,TARGET,0.05,108.74671025212442,6.329704353428071
250,2025-12-29 12:52:00+00:00,USD_CAD__monday__new_york,USD_CAD,SHORT,0.7033124,HARVESTER,1.36972,0.0002721428571428478,43.06800406024729,2.1534002030123647,0.6614173228349218,0.29396325459266404,2025-12-29 12:55:00+00:00,0.55,0.5,TARGET,0.05,109.82341035363059,5.402275683660038
251,2025-12-29 12:56:00+00:00,AUD_USD__monday__london,AUD_USD,LONG,0.7495174,HARVESTER,0.66893,0.0002378571428571468,43.92936414145224,2.196468207072612,0.9249249249249011,0.3783783783785171,2025-12-29 13:00:00+00:00,-0.35,-0.39999999999999997,CUT,0.05,108.94482307080155,6.159057478190758
252,2025-12-29 12:56:00+00:00,NZD_USD__monday__new_york,NZD_USD,LONG,0.7370016,HARVESTER,0.57967,0.00023857142857144513,43.92936414145224,2.196468207072612,0.37724550898215437,0.880239520958205,2025-12-29 13:00:00+00:00,-0.35,-0.39999999999999997,CUT,0.05,108.0662357879725,6.915839272721478
253,2025-12-29 15:00:00+00:00,USD_CHF__monday__new_york,USD_CHF,SHORT,0.7604486,HARVESTER,0.78832,0.00042857142857142893,43.226494315189,2.16132471575945,0.0,1.609999999999925,2025-12-29 15:05:00+00:00,-0.35,-0.39999999999999997,CUT,0.05,107.20170590166872,7.66051255853971
254,2025-12-29 15:00:00+00:00,EUR_CHF__monday__new_york,EUR_CHF,SHORT,0.7483748,HARVESTER,0.92898,0.0003442857142857097,43.226494315189,2.16132471575945,0.0,1.8298755186722802,2025-12-29 15:05:00+00:00,-0.35,-0.39999999999999997,CUT,0.05,106.33717601536493,8.405185844357943
255,2025-12-29 15:05:00+00:00,USD_CAD__monday__london,USD_CAD,LONG,0.7530743999999999,HARVESTER,1.36835,0.0006907142857142905,42.53487040614598,2.126743520307299,0.8397104446742806,0.05791106515000581,2025-12-29 15:10:00+00:00,0.55,0.5,TARGET,0.05,107.40054777551858,7.489237702801528
256,2025-12-29 15:05:00+00:00,AUD_JPY__monday__london,AUD_JPY,SHORT,0.721178,HARVESTER,104.475,0.07399999999999908,42.53487040614598,2.126743520307299,0.8108108108106595,0.0,2025-12-29 15:10:00+00:00,0.55,0.5,TARGET,0.05,108.46391953567222,6.573289561245113
257,2025-12-29 15:12:00+00:00,USD_JPY__monday__london,USD_JPY,SHORT,0.7475148,HARVESTER,156.095,0.07485714285714096,43.38556781426889,2.1692783907134445,0.0,1.135496183206242,2025-12-29 15:15:00+00:00,-0.35,-0.39999999999999997,CUT,0.05,107.59620817938684,7.320703244755157
258,2025-12-29 15:14:00+00:00,USD_CHF__monday__london,USD_CHF,LONG,0.7298248,HARVESTER,0.78894,0.00042642857142858155,43.38556781426889,2.1692783907134445,0.586264656616337,0.23450586264653478,2025-12-29 15:15:00+00:00,0.55,0.5,TARGET,0.05,108.68084737474356,6.386436140367602
259,2025-12-29 15:15:00+00:00,USD_CHF__monday__london,USD_CHF,LONG,0.723677,HARVESTER,0.78895,0.0004142857142857242,43.47233894989743,2.1736169474948714,0.820689655172411,0.09655172413802529,2025-12-29 15:20:00+00:00,0.55,0.5,TARGET,0.05,109.767655848491,5.450300501771275
260,2025-12-29 15:15:00+00:00,USD_CAD__monday__new_york,USD_CAD,LONG,0.7164224,HARVESTER,1.36894,0.0007021428571428734,43.47233894989743,2.1736169474948714,1.2817904374362483,0.0,2025-12-29 15:20:00+00:00,0.55,0.5,TARGET,0.05,110.85446432223844,4.514164863174948
261,2025-12-29 15:20:00+00:00,EUR_USD__monday__london,EUR_USD,SHORT,0.7422131999999999,HARVESTER,1.17799,0.0004228571428571058,44.341785728895374,2.217089286444769,0.0,1.300675675675384,2025-12-29 15:25:00+00:00,-0.35,-0.39999999999999997,CUT,0.05,109.96762860766053,5.278051544269553
262,2025-12-29 15:20:00+00:00,USD_CAD__monday__new_york,USD_CAD,LONG,0.7332119999999999,HARVESTER,1.36968,0.0006942857142857266,44.341785728895374,2.217089286444769,0.0,1.0658436213991047,2025-12-29 15:25:00+00:00,-0.35,-0.39999999999999997,CUT,0.05,109.08079289308262,6.0419382253641585
263,2025-12-29 15:26:00+00:00,GBP_JPY__monday__london,GBP_JPY,LONG,0.7176896,HARVESTER,210.742,0.09414285714286207,43.63231715723305,2.1816158578616522,0.7966616084978633,0.45675265553843686,2025-12-29 15:30:00+00:00,-0.35,-0.39999999999999997,CUT,0.05,108.20814654993795,6.79360271956125
264,2025-12-29 15:26:00+00:00,AUD_CAD__monday__london,AUD_CAD,LONG,0.7037826,HARVESTER,0.9161,0.0003507142857142994,43.63231715723305,2.1816158578616522,0.3991853360489469,1.0835030549899083,2025-12-29 15:30:00+00:00,-0.35,-0.39999999999999997,CUT,0.05,107.33550020679328,7.54526721375834
265,2025-12-29 15:30:00+00:00,USD_JPY__monday__new_york,USD_JPY,LONG,0.7391314,HARVESTER,156.194,0.0817142857142861,42.93420008271731,2.1467100041358655,1.1381118881120997,0.0,2025-12-29 15:35:00+00:00,0.55,0.5,TARGET,0.05,108.40885520886121,6.620719885895928
266,2025-12-29 15:30:00+00:00,NZD_JPY__monday__new_york,NZD_JPY,LONG,0.7328762,HARVESTER,90.644,0.05264285714285677,42.93420008271731,2.1467100041358655,0.0,1.0257801899593406,2025-12-29 15:35:00+00:00,-0.35,-0.39999999999999997,CUT,0.05,107.55017120720687,7.360357748185856
267,2025-12-29 15:35:00+00:00,EUR_USD__monday__london,EUR_USD,SHORT,0.7083562,HARVESTER,1.17756,0.00046928571428568003,43.02006848288275,2.1510034241441374,0.3835616438353183,1.491628614916704,2025-12-29 15:40:00+00:00,-0.35,-0.39999999999999997,CUT,0.05,106.68976983754922,8.101474886200366
268,2025-12-29 15:36:00+00:00,USD_CAD__monday__london,USD_CAD,SHORT,0.7551163999999999,HARVESTER,1.36879,0.0007021428571428576,43.02006848288275,2.1510034241441374,1.3387589013223973,0.4415055951170348,2025-12-29 15:40:00+00:00,-0.35,-0.39999999999999997,CUT,0.05,105.82936846789157,8.842592024214877
269,2025-12-29 15:43:00+00:00,USD_CAD__monday__new_york,USD_CAD,SHORT,0.7103775999999999,HARVESTER,1.36786,0.0007035714285714224,42.331747387156625,2.1165873693578314,0.7675126903553152,0.15634517766473785,2025-12-29 15:45:00+00:00,0.55,0.5,TARGET,0.05,106.88766215257048,7.931017944457025
270,2025-12-29 15:43:00+00:00,AUD_JPY__monday__new_york,AUD_JPY,LONG,0.7047452000000001,HARVESTER,104.541,0.062214285714287394,42.331747387156625,2.1165873693578314,0.20895522388067542,1.0608495981630426,2025-12-29 15:45:00+00:00,-0.35,-0.39999999999999997,CUT,0.05,106.04102720482736,8.6602772082633
271,2025-12-29 15:45:00+00:00,CHF_JPY__monday__london,CHF_JPY,SHORT,0.7493302,HARVESTER,197.91,0.10114285714285691,42.41641088193094,2.120820544096547,0.6723163841806307,0.543785310734532,2025-12-29 15:50:00+00:00,-0.35,-0.39999999999999997,CUT,0.05,105.19269898718873,9.390994990597198
272,2025-12-29 15:45:00+00:00,EUR_JPY__monday__new_york,EUR_JPY,SHORT,0.7259458,HARVESTER,183.95,0.08292857142857153,42.41641088193094,2.120820544096547,1.71231696813087,0.24117140396222472,2025-12-29 15:50:00+00:00,0.55,0.5,TARGET,0.05,106.25310925923701,8.477597762679832
273,2025-12-29 15:54:00+00:00,AUD_JPY__monday__london,AUD_JPY,SHORT,0.7103178,HARVESTER,104.478,0.06607142857143142,42.501243703694804,2.12506218518474,1.210810810810733,0.5145945945946636,2025-12-29 15:55:00+00:00,-0.35,-0.39999999999999997,CUT,0.05,105.40308438516311,9.209776980578393
274,2025-12-29 15:54:00+00:00,EUR_CHF__monday__new_york,EUR_CHF,SHORT,0.7069482,HARVESTER,0.92919,0.00032928571428569864,42.501243703694804,2.12506218518474,1.2451193058566201,0.27331887201747135,2025-12-29 15:55:00+00:00,0.55,0.5,TARGET,0.05,106.46561547775548,8.294552958205195
275,2025-12-29 15:55:00+00:00,CHF_JPY__monday__london,CHF_JPY,SHORT,0.7614099999999999,HARVESTER,197.824,0.11335714285714207,42.58624619110219,2.1293123095551096,1.667296786389614,0.0,2025-12-29 16:00:00+00:00,0.55,0.5,TARGET,0.05,107.53027163253303,7.37749848778725
276,2025-12-29 15:55:00+00:00,EUR_USD__monday__new_york,EUR_USD,SHORT,0.7225626,HARVESTER,1.17722,0.0006057142857142729,42.58624619110219,2.1293123095551096,1.6839622641510135,0.0,2025-12-29 16:00:00+00:00,0.55,0.5,TARGET,0.05,108.59492778731058,6.460444017369305
277,2026-01-04 23:00:00+00:00,EUR_CHF__monday__sydney,EUR_CHF,SHORT,0.7295792,HARVESTER,0.92858,0.0002578571428571192,43.43797111492424,2.171898555746212,1.2022160664818,0.3102493074795631,2026-01-04 23:05:00+00:00,0.55,0.5,TARGET,0.05,109.6808770651837,5.525048457542992
278,2026-01-04 23:00:00+00:00,EUR_USD__monday__sydney,EUR_USD,SHORT,0.7278314,HARVESTER,1.1711,0.00026999999999999247,43.43797111492424,2.171898555746212,2.666666666666941,0.7407407407406799,2026-01-04 23:05:00+00:00,-0.35,-0.39999999999999997,CUT,0.05,108.81211764288521,6.273364905404034
279,2026-01-04 23:05:00+00:00,NZD_JPY__monday__asia,NZD_JPY,LONG,0.7826386000000001,HARVESTER,90.392,0.06592857142857358,43.52484705715408,2.176242352857704,0.0,0.5157096424700648,2026-01-04 23:10:00+00:00,-0.35,-0.39999999999999997,CUT,0.05,107.94162070174212,7.023177986160807
280,2026-01-04 23:05:00+00:00,AUD_JPY__monday__asia,AUD_JPY,LONG,0.7166258000000001,HARVESTER,104.894,0.08350000000000486,43.52484705715408,2.176242352857704,0.0,0.47904191616771163,2026-01-04 23:10:00+00:00,-0.35,-0.39999999999999997,CUT,0.05,107.07112376059904,7.772991066917581
281,2026-01-04 23:11:00+00:00,GBP_USD__monday__sydney,GBP_USD,LONG,0.706465,HARVESTER,1.34534,0.00046285714285717753,42.828449504239614,2.141422475211981,0.712962962962783,0.0,2026-01-04 23:15:00+00:00,0.55,0.5,TARGET,0.05,108.14183499820503,6.850720977586756
282,2026-01-04 23:12:00+00:00,USD_CHF__monday__sydney,USD_CHF,SHORT,0.7288454,HARVESTER,0.7925,0.0003107142857142594,42.828449504239614,2.141422475211981,0.2896551724139287,0.7402298850577382,2026-01-04 23:20:00+00:00,-0.35,-0.39999999999999997,CUT,0.05,107.28526600812023,7.588537049051418
283,2026-01-04 23:15:00+00:00,NZD_JPY__monday__asia,NZD_JPY,LONG,0.7318796,HARVESTER,90.416,0.05985714285714445,43.256733999282005,2.1628366999641004,0.5178997613366005,0.551312649164684,2026-01-04 23:20:00+00:00,-0.35,-0.39999999999999997,CUT,0.05,106.42013132813459,8.333731281230728
284,2026-01-04 23:20:00+00:00,GBP_JPY__monday__asia,GBP_JPY,LONG,0.7234638,HARVESTER,210.947,0.08285714285714464,42.56805253125384,2.128402626562692,0.18103448275845213,0.4465517241379955,2026-01-04 23:25:00+00:00,-0.35,-0.39999999999999997,CUT,0.05,105.56877027750951,9.067061430980878
285,2026-01-04 23:20:00+00:00,NZD_JPY__monday__asia,NZD_JPY,LONG,0.7196438000000001,HARVESTER,90.436,0.06250000000000203,42.56805253125384,2.128402626562692,0.0,0.9600000000000053,2026-01-04 23:25:00+00:00,-0.35,-0.39999999999999997,CUT,0.05,104.71740922688444,9.800391580731029
286,2026-01-04 23:25:00+00:00,AUD_JPY__monday__asia,AUD_JPY,LONG,0.7119367999999999,HARVESTER,104.931,0.06042857142857575,41.886963690753774,2.094348184537689,0.41371158392441437,1.1087470449170636,2026-01-04 23:30:00+00:00,-0.35,-0.39999999999999997,CUT,0.05,103.87966995306937,10.52198844808518
287,2026-01-04 23:27:00+00:00,NZD_USD__monday__asia,NZD_USD,SHORT,0.7399818,HARVESTER,0.57648,0.0003878571428571382,41.886963690753774,2.094348184537689,1.0828729281767466,0.0,2026-01-04 23:30:00+00:00,0.55,0.5,TARGET,0.05,104.92684404533821,9.619992363892488
288,2026-01-04 23:30:00+00:00,GBP_USD__monday__asia,GBP_USD,SHORT,0.7630442,HARVESTER,1.34476,0.0004585714285714352,41.97073761813528,2.098536880906764,0.915887850466982,0.0,2026-01-04 23:35:00+00:00,0.55,0.5,TARGET,0.05,105.9761124857916,8.716192287531408
289,2026-01-04 23:30:00+00:00,USD_JPY__monday__asia,USD_JPY,LONG,0.7538804,HARVESTER,156.844,0.05085714285714208,41.97073761813528,2.098536880906764,2.0056179775281966,0.0,2026-01-04 23:35:00+00:00,0.55,0.5,TARGET,0.05,107.02538092624499,7.812392211170326
290,2026-01-04 23:35:00+00:00,EUR_JPY__monday__asia,EUR_JPY,LONG,0.7562212,HARVESTER,183.727,0.06435714285714564,42.810152370497995,2.1405076185248997,0.0,0.7924528301888959,2026-01-04 23:40:00+00:00,-0.35,-0.39999999999999997,CUT,0.05,106.16917787883503,8.549893073480966
291,2026-01-04 23:35:00+00:00,AUD_USD__monday__sydney,AUD_USD,SHORT,0.7360544,HARVESTER,0.66847,0.0003885714285714127,42.810152370497995,2.1405076185248997,1.1580882352943231,0.0,2026-01-04 23:40:00+00:00,0.55,0.5,TARGET,0.05,107.23943168809748,7.628016995592667
292,2026-01-04 23:40:00+00:00,NZD_USD__monday__sydney,NZD_USD,SHORT,0.7399948000000001,HARVESTER,0.57587,0.0004449999999999891,42.895772675238995,2.1447886337619497,0.8764044943820473,0.0,2026-01-04 23:45:00+00:00,0.55,0.5,TARGET,0.05,108.31182600497846,6.704297165548594
293,2026-01-04 23:40:00+00:00,NZD_JPY__monday__asia,NZD_JPY,SHORT,0.7222649999999999,HARVESTER,90.364,0.0701428571428581,42.895772675238995,2.1447886337619497,0.7841140529532433,0.2851323828919964,2026-01-04 23:45:00+00:00,0.55,0.5,TARGET,0.05,109.38422032185943,5.780577335504521
294,2026-01-04 23:45:00+00:00,EUR_JPY__monday__sydney,EUR_JPY,LONG,0.7454949999999999,HARVESTER,183.734,0.06600000000000047,43.753688128743775,2.1876844064371888,0.8484848484845875,0.5000000000002307,2026-01-04 23:50:00+00:00,-0.35,-0.39999999999999997,CUT,0.05,108.50914655928456,6.534332716820482
295,2026-01-04 23:55:00+00:00,AUD_JPY__monday__asia,AUD_JPY,LONG,0.7077587999999999,HARVESTER,104.934,0.05935714285714612,43.403658623713824,2.1701829311856913,1.111913357400703,0.8592057761732705,2026-01-05 00:00:00+00:00,-0.35,-0.39999999999999997,CUT,0.05,107.64107338681028,7.282058055085923
296,2026-01-04 23:56:00+00:00,USD_JPY__monday__asia,USD_JPY,LONG,0.7622869999999999,HARVESTER,157.002,0.06564285714285997,43.403658623713824,2.1701829311856913,1.4167573449399284,1.1882480957562507,2026-01-05 00:00:00+00:00,-0.35,-0.39999999999999997,CUT,0.05,106.773000214336,8.029783393351364
297,2026-01-05 00:01:00+00:00,EUR_JPY__monday__asia,EUR_JPY,LONG,0.7073772,HARVESTER,183.844,0.08399999999999506,42.7092000857344,2.13546000428672,1.0476190476190361,0.0,2026-01-05 00:05:00+00:00,0.55,0.5,TARGET,0.05,107.84073021647936,7.110081227284875
298,2026-01-05 00:02:00+00:00,GBP_JPY__monday__asia,GBP_JPY,LONG,0.7034816,HARVESTER,211.126,0.09764285714285847,42.7092000857344,2.13546000428672,0.8397951719092137,0.0,2026-01-05 00:05:00+00:00,0.55,0.5,TARGET,0.05,108.90846021862272,6.190379061218385
299,2026-01-05 00:05:00+00:00,EUR_JPY__monday__sydney,EUR_JPY,LONG,0.8180948000000001,HARVESTER,183.876,0.07878571428570881,43.563384087449094,2.1781692043724545,1.34542157751589,0.0,2026-01-05 00:10:00+00:00,0.55,0.5,TARGET,0.05,109.99754482080895,5.252282851830564
300,2026-01-05 00:05:00+00:00,GBP_JPY__monday__sydney,GBP_JPY,LONG,0.7833547999999999,HARVESTER,211.169,0.09085714285714427,43.563384087449094,2.1781692043724545,0.8474842767295265,0.0,2026-01-05 00:10:00+00:00,0.55,0.5,TARGET,0.05,111.08662942299519,4.314186642442743
301,2026-01-05 00:10:00+00:00,USD_JPY__monday__sydney,USD_JPY,LONG,0.8198312000000001,HARVESTER,157.11,0.07400000000000213,44.43465176919808,2.2217325884599037,0.7567567567565076,0.0,2026-01-05 00:15:00+00:00,0.55,0.5,TARGET,0.05,112.19749571722514,3.357328508867172
302,2026-01-05 00:10:00+00:00,GBP_JPY__monday__asia,GBP_JPY,LONG,0.7768628,HARVESTER,211.234,0.08350000000000282,44.43465176919808,2.2217325884599037,0.5508982035927031,0.20359281437120158,2026-01-05 00:20:00+00:00,0.55,0.5,TARGET,0.05,113.30836201145509,2.4004703752916003
303,2026-01-05 00:15:00+00:00,USD_JPY__monday__asia,USD_JPY,LONG,0.706154,HARVESTER,157.154,0.07164285714285816,44.87899828689006,2.243949914344503,0.09770687936198269,0.6699900299102851,2026-01-05 00:20:00+00:00,-0.35,-0.39999999999999997,CUT,0.05,112.41078204571728,3.1736117472206655
304,2026-01-05 00:20:00+00:00,NZD_JPY__monday__sydney,NZD_JPY,LONG,0.7272601999999999,HARVESTER,90.54,0.06442857142857251,44.96431281828691,2.2482156409143457,0.031042128603031342,0.5898004434591395,2026-01-05 00:25:00+00:00,-0.35,-0.39999999999999997,CUT,0.05,111.51149578935154,3.9482228532429033
305,2026-01-05 00:20:00+00:00,NZD_USD__monday__asia,NZD_USD,LONG,0.7071174,HARVESTER,0.57619,0.00039785714285713237,44.96431281828691,2.2482156409143457,0.2764811490127116,0.4775583482945061,2026-01-05 00:25:00+00:00,-0.35,-0.39999999999999997,CUT,0.05,110.6122095329858,4.72283395926514
306,2026-01-05 00:34:00+00:00,EUR_JPY__monday__asia,EUR_JPY,LONG,0.7454898,HARVESTER,184.01,0.07099999999999593,44.24488381319432,2.212244190659716,0.36619718309875987,0.3661971830983596,2026-01-05 00:35:00+00:00,-0.35,-0.39999999999999997,CUT,0.05,109.72731185672191,5.4850512875910225
308,2026-01-05 00:35:00+00:00,AUD_USD__monday__sydney,AUD_USD,SHORT,0.7009595999999999,HARVESTER,0.6682,0.00032714285714285126,43.89092474268877,2.194546237134438,1.3449781659388764,0.0,2026-01-05 00:40:00+00:00,0.55,0.5,TARGET,0.05,110.82458497528913,4.539901800466935
307,2026-01-05 00:35:00+00:00,GBP_USD__monday__asia,GBP_USD,SHORT,0.7020329999999999,HARVESTER,1.34415,0.0004892857142857,43.89092474268877,2.194546237134438,0.42919708029207215,0.5109489051096746,2026-01-05 00:45:00+00:00,-0.35,-0.39999999999999997,CUT,0.05,109.94676648043536,5.296021390166202
309,2026-01-05 00:40:00+00:00,NZD_JPY__monday__asia,NZD_JPY,SHORT,0.7244314,HARVESTER,90.453,0.060000000000002274,44.32983399011565,2.2164916995057826,0.0,0.8,2026-01-05 00:45:00+00:00,-0.35,-0.39999999999999997,CUT,0.05,109.06016980063305,6.059702175762464
310,2026-01-05 00:45:00+00:00,EUR_JPY__monday__asia,EUR_JPY,LONG,0.7378935999999999,HARVESTER,184.05,0.06828571428570943,43.62406792025322,2.181203396012661,0.058577405857608233,0.9079497907952169,2026-01-05 00:50:00+00:00,-0.35,-0.39999999999999997,CUT,0.05,108.18768844222798,6.8112245583563675
311,2026-01-05 00:45:00+00:00,USD_JPY__monday__asia,USD_JPY,LONG,0.7055952,HARVESTER,157.212,0.07050000000000166,43.62406792025322,2.181203396012661,0.5673758865250996,0.7801418439713065,2026-01-05 00:50:00+00:00,-0.35,-0.39999999999999997,CUT,0.05,107.31520708382291,7.5627469409502694
312,2026-01-05 00:52:00+00:00,EUR_USD__monday__sydney,EUR_USD,SHORT,0.7127878,HARVESTER,1.17052,0.0003571428571428654,42.926082833529165,2.1463041416764583,1.0640000000001069,0.33599999999970653,2026-01-05 01:00:00+00:00,0.55,0.5,TARGET,0.05,108.38835915466115,6.638374410359769
313,2026-01-05 00:56:00+00:00,USD_CHF__monday__asia,USD_CHF,LONG,0.7250411999999999,HARVESTER,0.79295,0.0002778571428571471,42.926082833529165,2.1463041416764583,0.2519280205652014,1.1156812339332616,2026-01-05 01:00:00+00:00,-0.35,-0.39999999999999997,CUT,0.05,107.52983749799056,7.377872434832172
314,2026-01-05 11:00:00+00:00,USD_JPY__monday__london,USD_JPY,SHORT,0.730329,HARVESTER,156.592,0.053714285714282335,43.01193499919623,2.1505967499598113,1.1170212765958574,0.0558510638295283,2026-01-05 11:05:00+00:00,0.55,0.5,TARGET,0.05,108.60513587297046,6.451651159180492
315,2026-01-05 11:01:00+00:00,NZD_JPY__monday__london,NZD_JPY,SHORT,0.7658594,HARVESTER,90.226,0.03885714285714365,43.01193499919623,2.1505967499598113,1.1323529411763684,0.0,2026-01-05 11:05:00+00:00,0.55,0.5,TARGET,0.05,109.68043424795037,5.525429883528811
316,2026-01-05 11:06:00+00:00,EUR_GBP__monday__london,EUR_GBP,SHORT,0.7293438,HARVESTER,0.86808,0.00024357142857144614,43.87217369918015,2.1936086849590075,1.3137829912021977,0.08211143695022283,2026-01-05 11:10:00+00:00,0.55,0.5,TARGET,0.05,110.77723859042987,4.580684182364101
317,2026-01-05 11:09:00+00:00,EUR_USD__monday__london,EUR_USD,SHORT,0.7346509999999999,HARVESTER,1.16854,0.00036000000000004285,43.87217369918015,2.1936086849590075,1.2777777777773616,0.2777777777777141,2026-01-05 11:10:00+00:00,0.55,0.5,TARGET,0.05,111.87404293290938,3.635938481199391
318,2026-01-05 11:10:00+00:00,AUD_CAD__monday__london,AUD_CAD,SHORT,0.7223244,HARVESTER,0.92013,0.00028285714285714025,44.74961717316375,2.2374808586581874,0.0,1.0959595959597208,2026-01-05 11:15:00+00:00,-0.35,-0.39999999999999997,CUT,0.05,110.9790505894461,4.406850973349794
319,2026-01-05 11:10:00+00:00,EUR_USD__monday__london,EUR_USD,SHORT,0.7095652,HARVESTER,1.16838,0.0003742857142857555,44.74961717316375,2.2374808586581874,0.7748091603049948,0.3740458015267538,2026-01-05 11:15:00+00:00,-0.35,-0.39999999999999997,CUT,0.05,110.08405824598283,5.177763465500196
320,2026-01-05 11:19:00+00:00,GBP_USD__monday__london,GBP_USD,LONG,0.7339165999999999,HARVESTER,1.34674,0.0005328571428571761,44.03362329839314,2.201681164919657,0.7131367292225637,0.07506702412875671,2026-01-05 11:20:00+00:00,0.55,0.5,TARGET,0.05,111.18489882844266,4.229541100155202
321,2026-01-05 11:28:00+00:00,USD_JPY__monday__london,USD_JPY,LONG,0.7123102,HARVESTER,156.62,0.05285714285713742,44.47395953137707,2.2236979765688534,0.1135135135135295,1.0972972972972725,2026-01-05 11:30:00+00:00,-0.35,-0.39999999999999997,CUT,0.05,110.29541963781512,4.995704771353959
322,2026-01-05 11:29:00+00:00,USD_CHF__monday__london,USD_CHF,LONG,0.7592378,HARVESTER,0.79508,0.0003478571428571379,44.47395953137707,2.2236979765688534,0.1724845995891782,0.5749486652976862,2026-01-05 11:30:00+00:00,-0.35,-0.39999999999999997,CUT,0.05,109.40594044718758,5.761868442552717
323,2026-01-05 11:36:00+00:00,GBP_USD__monday__london,GBP_USD,LONG,0.7025096,HARVESTER,1.34663,0.0005071428571428647,43.76237617887504,2.1881188089437518,0.6507042253519875,0.47323943661974666,2026-01-05 11:40:00+00:00,-0.35,-0.39999999999999997,CUT,0.05,108.53069292361008,6.515773495012294
324,2026-01-05 11:39:00+00:00,USD_JPY__monday__london,USD_JPY,LONG,0.7171266,HARVESTER,156.614,0.0547857142857079,43.76237617887504,2.1881188089437518,0.12777053455030177,0.45632333767942684,2026-01-05 11:40:00+00:00,-0.35,-0.39999999999999997,CUT,0.05,107.65544540003258,7.269678547471871
325,2026-01-05 11:40:00+00:00,USD_CHF__monday__london,USD_CHF,LONG,0.7503791999999999,HARVESTER,0.79518,0.00036214285714285054,43.06217816001303,2.1531089080006516,0.0,1.159763313609422,2026-01-05 11:45:00+00:00,-0.35,-0.39999999999999997,CUT,0.05,106.79420183683231,8.011521119092096
326,2026-01-05 11:46:00+00:00,CHF_JPY__monday__london,CHF_JPY,LONG,0.7040325999999999,HARVESTER,197.061,0.0826428571428579,42.71768073473293,2.1358840367366465,1.0648228176317223,0.0,2026-01-05 11:50:00+00:00,0.55,0.5,TARGET,0.05,107.86214385520064,7.0916363302830145
327,2026-01-05 11:47:00+00:00,EUR_CHF__monday__london,EUR_CHF,SHORT,0.7078898,HARVESTER,0.9286,0.00030500000000000763,42.71768073473293,2.1358840367366465,1.0163934426230319,0.0,2026-01-05 11:50:00+00:00,0.55,0.5,TARGET,0.05,108.93008587356897,6.171751541473931
329,2026-01-05 11:51:00+00:00,EUR_CHF__monday__london,EUR_CHF,SHORT,0.7159352,HARVESTER,0.92832,0.0002885714285714396,43.5720343494276,2.1786017174713797,0.554455445544703,0.9009900990096134,2026-01-05 11:55:00+00:00,-0.35,-0.39999999999999997,CUT,0.05,108.05864518658042,6.922377529142137
328,2026-01-05 11:50:00+00:00,CHF_JPY__monday__london,CHF_JPY,LONG,0.7292310000000001,HARVESTER,197.083,0.08314285714285827,43.5720343494276,2.1786017174713797,0.5412371134019042,1.238831615120362,2026-01-05 12:00:00+00:00,-0.35,-0.39999999999999997,CUT,0.05,107.18720449959187,7.673003516810343
330,2026-01-05 11:58:00+00:00,GBP_JPY__monday__london,GBP_JPY,SHORT,0.7147172000000002,HARVESTER,210.808,0.07700000000000225,43.22345807463216,2.1611729037316083,1.168831168831179,0.051948051948298476,2026-01-05 12:00:00+00:00,0.55,0.5,TARGET,0.05,108.26779095145767,6.742227292101771
332,2026-01-05 12:00:00+00:00,AUD_JPY__monday__london,AUD_JPY,SHORT,0.7585332000000001,HARVESTER,104.676,0.040714285714281165,43.30711638058307,2.1653558190291533,1.0315789473685755,0.0,2026-01-05 12:05:00+00:00,0.55,0.5,TARGET,0.05,109.35046886097224,5.8096495650227915
331,2026-01-05 12:00:00+00:00,GBP_JPY__monday__london,GBP_JPY,SHORT,0.7776086,HARVESTER,210.77,0.07807142857143187,43.30711638058307,2.1653558190291533,0.5379688929551669,0.7813357731012486,2026-01-05 12:10:00+00:00,-0.35,-0.39999999999999997,CUT,0.05,108.48432653336059,6.555711746685973
333,2026-01-05 12:06:00+00:00,EUR_USD__monday__london,EUR_USD,SHORT,0.7154083999999999,HARVESTER,1.16798,0.00038357142857140377,43.740187544388895,2.1870093772194448,0.5735567970208054,0.2607076350092991,2026-01-05 12:10:00+00:00,0.55,0.5,TARGET,0.05,109.57783122197031,5.613808242336196
334,2026-01-05 12:10:00+00:00,EUR_USD__monday__london,EUR_USD,SHORT,0.7110786,HARVESTER,1.1678,0.00038071428571425807,43.83113248878813,2.1915566244394062,0.0,1.2345215759850026,2026-01-05 12:15:00+00:00,-0.35,-0.39999999999999997,CUT,0.05,108.70120857219455,6.368897776397513
335,2026-01-05 12:11:00+00:00,USD_CAD__monday__london,USD_CAD,LONG,0.7153146,HARVESTER,1.37682,0.0003121428571428402,43.83113248878813,2.1915566244394062,0.0,1.9221967963385653,2026-01-05 12:15:00+00:00,-0.35,-0.39999999999999997,CUT,0.05,107.82458592241878,7.123987310458828
336,2026-01-05 12:16:00+00:00,GBP_USD__monday__london,GBP_USD,LONG,0.712822,HARVESTER,1.34643,0.0004821428571428437,43.12983436896751,2.1564917184483754,0.8918518518517324,0.0,2026-01-05 12:20:00+00:00,0.55,0.5,TARGET,0.05,108.90283178164296,6.1952271835634205
337,2026-01-05 12:16:00+00:00,GBP_JPY__monday__london,GBP_JPY,LONG,0.7010748,HARVESTER,210.842,0.07521428571428349,43.12983436896751,2.1564917184483754,1.1168091168088143,0.0,2026-01-05 12:20:00+00:00,0.55,0.5,TARGET,0.05,109.98107764086714,5.266467056668014
338,2026-01-05 12:20:00+00:00,EUR_GBP__monday__london,EUR_GBP,SHORT,0.7151396,HARVESTER,0.86742,0.0002307142857142825,43.99243105634686,2.199621552817343,0.9969040247676098,0.0,2026-01-05 12:25:00+00:00,0.55,0.5,TARGET,0.05,111.08088841727582,4.319131727234692
339,2026-01-05 12:20:00+00:00,GBP_JPY__monday__london,GBP_JPY,LONG,0.7084676,HARVESTER,210.902,0.07635714285713797,43.99243105634686,2.199621552817343,0.0,0.7857811038350679,2026-01-05 12:25:00+00:00,-0.35,-0.39999999999999997,CUT,0.05,110.20103979614888,5.076999990781349
341,2026-01-05 12:26:00+00:00,GBP_JPY__monday__london,GBP_JPY,SHORT,0.717366,HARVESTER,210.848,0.07035714285713571,44.08041591845955,2.2040207959229776,0.17055837563454157,0.5258883248728332,2026-01-05 12:30:00+00:00,-0.35,-0.39999999999999997,CUT,0.05,109.31943147777969,5.836383990855096
340,2026-01-05 12:26:00+00:00,EUR_JPY__monday__london,EUR_JPY,SHORT,0.7301306000000001,HARVESTER,182.875,0.05885714285714373,44.08041591845955,2.2040207959229776,0.8325242718447599,0.5266990291263062,2026-01-05 12:35:00+00:00,-0.35,-0.39999999999999997,CUT,0.05,108.4378231594105,6.595767990928844
342,2026-01-05 12:33:00+00:00,USD_JPY__monday__london,USD_JPY,SHORT,0.7331538,HARVESTER,156.52,0.049571428571427746,43.72777259111188,2.186388629555594,1.0489913544672982,0.7262247838617111,2026-01-05 12:35:00+00:00,-0.35,-0.39999999999999997,CUT,0.05,107.56326770758827,7.349076919001998
343,2026-01-05 12:36:00+00:00,EUR_CHF__monday__london,EUR_CHF,SHORT,0.7154132000000001,HARVESTER,0.92796,0.0003078571428571613,43.0253070830353,2.1512653541517652,1.0069605568445927,0.0,2026-01-05 12:40:00+00:00,0.55,0.5,TARGET,0.05,108.63890038466415,6.422567688192014
344,2026-01-05 12:37:00+00:00,AUD_CAD__monday__london,AUD_CAD,LONG,0.7153356000000001,HARVESTER,0.92034,0.00022571428571428149,43.0253070830353,2.1512653541517652,0.7531645569620549,0.6202531645571021,2026-01-05 12:40:00+00:00,-0.35,-0.39999999999999997,CUT,0.05,107.77839424300345,7.163775072839999
345,2026-01-05 12:40:00+00:00,USD_CAD__monday__new_york,USD_CAD,LONG,0.7424769999999999,HARVESTER,1.37714,0.0003421428571428147,43.11135769720138,2.155567884860069,1.4029227557414063,0.0,2026-01-05 12:45:00+00:00,0.55,0.5,TARGET,0.05,108.85617818543348,6.235412823568401
346,2026-01-05 12:41:00+00:00,AUD_CAD__monday__london,AUD_CAD,LONG,0.7371475999999999,HARVESTER,0.92051,0.00023785714285713886,43.11135769720138,2.155567884860069,0.0,1.3873873873876312,2026-01-05 12:45:00+00:00,-0.35,-0.39999999999999997,CUT,0.05,107.99395103148944,6.978102622985687
347,2026-01-05 12:45:00+00:00,USD_JPY__monday__new_york,USD_JPY,LONG,0.7651664,HARVESTER,156.625,0.05407142857143299,43.197580412595784,2.159879020629789,1.1281373844121914,0.0,2026-01-05 12:50:00+00:00,0.55,0.5,TARGET,0.05,109.07389054180435,6.047883649215538
348,2026-01-05 12:45:00+00:00,USD_CAD__monday__new_york,USD_CAD,LONG,0.7546196,HARVESTER,1.37758,0.0003221428571428264,43.197580412595784,2.159879020629789,1.6141906873618088,0.18625277161848466,2026-01-05 12:50:00+00:00,0.55,0.5,TARGET,0.05,110.15383005211925,5.11766467544539
349,2026-01-05 12:50:00+00:00,EUR_JPY__monday__new_york,EUR_JPY,LONG,0.7108269999999999,HARVESTER,182.948,0.060857142857141104,44.0615320208477,2.203076601042385,0.0,2.201877934272603,2026-01-05 12:55:00+00:00,-0.35,-0.39999999999999997,CUT,0.05,109.27259941170229,5.876723358041831
350,2026-01-05 12:50:00+00:00,CHF_JPY__monday__london,CHF_JPY,LONG,0.700245,HARVESTER,197.164,0.07307142857143033,44.0615320208477,2.203076601042385,0.13685239491717224,1.7517106549362265,2026-01-05 12:55:00+00:00,-0.35,-0.39999999999999997,CUT,0.05,108.39136877128533,6.635782040638272
351,2026-01-05 12:55:00+00:00,EUR_USD__monday__london,EUR_USD,SHORT,0.7900659999999999,HARVESTER,1.16732,0.0003614285714285602,43.356547508514126,2.1678273754257065,1.9367588932804793,0.0,2026-01-05 13:00:00+00:00,0.55,0.5,TARGET,0.05,109.47528245899818,5.702139861044656
352,2026-01-05 12:55:00+00:00,USD_CAD__monday__new_york,USD_CAD,LONG,0.7841208,HARVESTER,1.37808,0.00034071428571426566,43.356547508514126,2.1678273754257065,1.9958071278827578,0.0,2026-01-05 13:00:00+00:00,0.55,0.5,TARGET,0.05,110.55919614671103,4.7684976814510405
353,2026-01-05 15:00:00+00:00,USD_CHF__monday__new_york,USD_CHF,SHORT,0.755811,HARVESTER,0.79472,0.0004028571428571651,44.22367845868442,2.2111839229342207,1.6382978723403199,0.0,2026-01-05 15:05:00+00:00,0.55,0.5,TARGET,0.05,111.66478810817814,3.8161826582655496
354,2026-01-05 15:00:00+00:00,EUR_USD__monday__new_york,EUR_USD,LONG,0.7355486,HARVESTER,1.16888,0.0004957142857142502,44.22367845868442,2.2111839229342207,1.1700288184439382,0.0,2026-01-05 15:05:00+00:00,0.55,0.5,TARGET,0.05,112.77038006964526,2.8638676350800583
355,2026-01-05 15:05:00+00:00,NZD_JPY__monday__london,NZD_JPY,LONG,0.7016519999999999,HARVESTER,90.404,0.05128571428571555,45.108152027858104,2.255407601392905,1.6378830083565676,0.0,2026-01-05 15:10:00+00:00,0.55,0.5,TARGET,0.05,113.89808387034171,1.8925063114308593
356,2026-01-05 15:06:00+00:00,CHF_JPY__monday__london,CHF_JPY,LONG,0.7258327999999998,HARVESTER,197.206,0.07742857142857165,45.108152027858104,2.255407601392905,1.17527675276763,0.7490774907748117,2026-01-05 15:10:00+00:00,-0.35,-0.39999999999999997,CUT,0.05,112.99592082978455,2.6695953703502133
357,2026-01-05 15:11:00+00:00,NZD_JPY__monday__new_york,NZD_JPY,LONG,0.7797875999999999,HARVESTER,90.463,0.05328571428571495,45.19836833191383,2.259918416595691,1.257372654155617,0.0,2026-01-05 15:15:00+00:00,0.55,0.5,TARGET,0.05,114.1258800380824,1.6962913240537134
358,2026-01-05 15:11:00+00:00,NZD_USD__monday__new_york,NZD_USD,LONG,0.7694338,HARVESTER,0.5774,0.0003607142857142698,45.19836833191383,2.259918416595691,1.1089108910890357,0.0,2026-01-05 15:15:00+00:00,0.55,0.5,TARGET,0.05,115.25583924638025,0.7229872777572137
359,2026-01-05 15:15:00+00:00,NZD_USD__monday__new_york,NZD_USD,LONG,0.7977674,HARVESTER,0.57762,0.0003535714285714055,46.1023356985521,2.305116784927605,0.7636363636363922,0.0,2026-01-05 15:20:00+00:00,0.55,0.5,TARGET,0.05,116.40839763884405,0.0
360,2026-01-05 15:15:00+00:00,CHF_JPY__monday__london,CHF_JPY,LONG,0.7778664,HARVESTER,197.304,0.08500000000000187,46.1023356985521,2.305116784927605,0.5176470588236491,0.917647058823544,2026-01-05 15:20:00+00:00,-0.35,-0.39999999999999997,CUT,0.05,115.48635092487301,0.7920792079207922
361,2026-01-05 15:20:00+00:00,GBP_USD__monday__new_york,GBP_USD,LONG,0.724942,HARVESTER,1.34838,0.000681428571428563,46.1945403699492,2.30972701849746,1.1740041928723286,0.0,2026-01-05 15:25:00+00:00,0.55,0.5,TARGET,0.05,116.64121443412174,0.0
362,2026-01-05 15:20:00+00:00,USD_CHF__monday__new_york,USD_CHF,SHORT,0.7127633999999999,HARVESTER,0.7939,0.00042285714285714545,46.1945403699492,2.30972701849746,0.04729729729734431,0.6148648648646884,2026-01-05 15:25:00+00:00,-0.35,-0.39999999999999997,CUT,0.05,115.71732362672275,0.7920792079207977
363,2026-01-05 15:25:00+00:00,AUD_USD__monday__new_york,AUD_USD,LONG,0.78978,HARVESTER,0.67058,0.00040000000000000354,46.2869294506891,2.314346472534455,0.4750000000000545,0.4999999999999405,2026-01-05 15:30:00+00:00,-0.35,-0.39999999999999997,CUT,0.05,114.79158503770897,1.5857425742574256
364,2026-01-05 15:25:00+00:00,AUD_CAD__monday__london,AUD_CAD,LONG,0.7608146,HARVESTER,0.9227,0.0003707142857142798,46.2869294506891,2.314346472534455,0.18882466281314425,0.4855491329478713,2026-01-05 15:30:00+00:00,-0.35,-0.39999999999999997,CUT,0.05,113.8658464486952,2.3794059405940535
365,2026-01-05 15:30:00+00:00,EUR_GBP__monday__new_york,EUR_GBP,SHORT,0.7781369999999999,HARVESTER,0.86696,0.00031285714285714646,45.546338579478075,2.277316928973904,0.8949771689495919,0.511415525114306,2026-01-05 15:35:00+00:00,-0.35,-0.39999999999999997,CUT,0.05,112.95491967710564,3.1603706930692983
366,2026-01-05 15:30:00+00:00,CHF_JPY__monday__london,CHF_JPY,SHORT,0.731981,HARVESTER,197.165,0.09250000000000114,45.546338579478075,2.277316928973904,0.897297297297269,0.0,2026-01-05 15:35:00+00:00,0.55,0.5,TARGET,0.05,114.09357814159259,2.1841647524752394
367,2026-01-05 15:38:00+00:00,CHF_JPY__monday__london,CHF_JPY,SHORT,0.7195782000000001,HARVESTER,197.094,0.09078571428571536,45.63743125663704,2.281871562831852,0.04405979543656084,0.947285601888406,2026-01-05 15:40:00+00:00,-0.35,-0.39999999999999997,CUT,0.05,113.18082951645985,2.966691434455433
368,2026-01-05 15:40:00+00:00,USD_CAD__monday__new_york,USD_CAD,SHORT,0.7923546,HARVESTER,1.3756,0.000674999999999997,45.272331806583935,2.263616590329197,1.155555555555565,0.0,2026-01-05 15:45:00+00:00,0.55,0.5,TARGET,0.05,114.31263781162446,1.9963583487999832
369,2026-01-05 15:40:00+00:00,NZD_USD__monday__new_york,NZD_USD,LONG,0.7488940000000001,HARVESTER,0.57826,0.00037357142857140965,45.272331806583935,2.263616590329197,0.5621414913959384,0.3747609942639589,2026-01-05 15:45:00+00:00,-0.35,-0.39999999999999997,CUT,0.05,113.40719117549277,2.7726248173243455
370,2026-01-05 15:45:00+00:00,GBP_USD__monday__new_york,GBP_USD,LONG,0.7269783999999999,HARVESTER,1.34961,0.0006835714285714342,45.362876470197115,2.2681438235098557,0.3949843260187945,0.8045977011494925,2026-01-05 15:50:00+00:00,-0.35,-0.39999999999999997,CUT,0.05,112.49993364608883,3.550443818785745
371,2026-01-05 15:45:00+00:00,EUR_GBP__monday__new_york,EUR_GBP,SHORT,0.7082170000000001,HARVESTER,0.86676,0.0003085714285714358,45.362876470197115,2.2681438235098557,0.5185185185183053,0.3888888888889089,2026-01-05 15:55:00+00:00,-0.35,-0.39999999999999997,CUT,0.05,111.5926761166849,4.3282628202471445
372,2026-01-05 15:50:00+00:00,GBP_JPY__monday__london,GBP_JPY,LONG,0.7105009999999999,HARVESTER,211.31,0.10149999999999945,44.999973458435534,2.2499986729217767,1.9802955665024087,0.0,2026-01-05 15:55:00+00:00,0.55,0.5,TARGET,0.05,112.71767545314579,3.363767258435002
373,2026-01-05 15:55:00+00:00,GBP_USD__monday__new_york,GBP_USD,LONG,0.740783,HARVESTER,1.34991,0.0006921428571428555,45.08707018125832,2.254353509062916,1.7048503611970551,0.0,2026-01-05 16:00:00+00:00,0.55,0.5,TARGET,0.05,113.84485220767725,2.3974049310193486
374,2026-01-05 15:55:00+00:00,EUR_JPY__monday__new_york,EUR_JPY,LONG,0.7296085999999999,HARVESTER,183.318,0.09171428571428512,45.08707018125832,2.254353509062916,0.0,1.0903426791279809,2026-01-05 16:00:00+00:00,-0.35,-0.39999999999999997,CUT,0.05,112.94311080405208,3.1704947929518688
375,2026-01-11 23:00:00+00:00,USD_CAD__monday__sydney,USD_CAD,SHORT,0.7006246,HARVESTER,1.39136,0.00017000000000000348,45.17724432162083,2.2588622160810417,1.0,0.0,2026-01-11 23:05:00+00:00,0.55,0.5,TARGET,0.05,114.0725419120926,2.202199740881387
376,2026-01-11 23:02:00+00:00,AUD_USD__monday__sydney,AUD_USD,LONG,0.7417776,HARVESTER,0.66878,0.00023499999999999316,45.17724432162083,2.2588622160810417,0.17021276595714954,0.8510638297876375,2026-01-11 23:05:00+00:00,-0.35,-0.39999999999999997,CUT,0.05,113.16899702566019,2.97683578253777
377,2026-01-11 23:05:00+00:00,EUR_USD__monday__asia,EUR_USD,SHORT,0.7232926,HARVESTER,1.16327,0.0001585714285714365,45.267598810264076,2.263379940513204,1.5765765765770243,0.06306306306347305,2026-01-11 23:10:00+00:00,0.55,0.5,TARGET,0.05,114.30068699591679,2.0066041403631476
378,2026-01-11 23:06:00+00:00,EUR_CHF__monday__asia,EUR_CHF,LONG,0.7146706,HARVESTER,0.93217,0.0002985714285714496,45.267598810264076,2.263379940513204,0.0,0.7703349282298234,2026-01-11 23:10:00+00:00,-0.35,-0.39999999999999997,CUT,0.05,113.39533501971151,2.7827894541028453
379,2026-01-11 23:10:00+00:00,AUD_JPY__monday__sydney,AUD_JPY,LONG,0.710649,HARVESTER,105.722,0.03899999999999742,45.3581340078846,2.26790670039423,0.30769230769233974,0.5641025641023799,2026-01-11 23:15:00+00:00,-0.35,-0.39999999999999997,CUT,0.05,112.48817233955381,3.5605271384700266
380,2026-01-11 23:11:00+00:00,USD_JPY__monday__asia,USD_JPY,LONG,0.7193343999999999,HARVESTER,158.083,0.02892857142857354,45.3581340078846,2.26790670039423,0.9679012345675397,1.3481481481476096,2026-01-11 23:15:00+00:00,-0.35,-0.39999999999999997,CUT,0.05,111.58100965939612,4.338264822837208
381,2026-01-11 23:16:00+00:00,NZD_USD__monday__sydney,NZD_USD,SHORT,0.7010738,HARVESTER,0.57294,0.00013857142857144028,44.63240386375845,2.2316201931879225,0.21649484536062236,0.5773195876285934,2026-01-11 23:20:00+00:00,-0.35,-0.39999999999999997,CUT,0.05,110.68836158212095,5.10355870425451
382,2026-01-11 23:19:00+00:00,GBP_JPY__monday__sydney,GBP_JPY,LONG,0.7193396000000001,HARVESTER,211.8,0.06542857142857526,44.63240386375845,2.2316201931879225,0.4585152838427853,0.3668122270742282,2026-01-11 23:20:00+00:00,-0.35,-0.39999999999999997,CUT,0.05,109.79571350484578,5.868852585671813
383,2026-01-11 23:20:00+00:00,USD_JPY__monday__asia,USD_JPY,LONG,0.7404310000000001,HARVESTER,158.11,0.030285714285716785,43.91828540193831,2.1959142700969156,1.3537735849054435,0.06603773584936648,2026-01-11 23:25:00+00:00,0.55,0.5,TARGET,0.05,110.89367063989424,4.927541111528528
384,2026-01-11 23:20:00+00:00,AUD_JPY__monday__asia,AUD_JPY,LONG,0.7350236,HARVESTER,105.729,0.03621428571428303,43.91828540193831,2.1959142700969156,0.16568047337279965,0.5798816568047988,2026-01-11 23:25:00+00:00,-0.35,-0.39999999999999997,CUT,0.05,110.01530493185547,5.680590290843159
385,2026-01-11 23:25:00+00:00,USD_CHF__monday__asia,USD_CHF,LONG,0.7052182,HARVESTER,0.80168,0.0002057142857143011,44.00612197274219,2.2003060986371095,0.5833333333333334,0.0,2026-01-11 23:30:00+00:00,0.55,0.5,TARGET,0.05,111.11545798117402,4.737396193751594
386,2026-01-11 23:30:00+00:00,USD_CHF__monday__asia,USD_CHF,LONG,0.7539187999999999,HARVESTER,0.80176,0.00019642857142858152,44.446183192469604,2.2223091596234803,0.0,0.6618181818185271,2026-01-11 23:35:00+00:00,-0.35,-0.39999999999999997,CUT,0.05,110.22653431732462,5.4994970242015855
387,2026-01-11 23:30:00+00:00,USD_JPY__monday__asia,USD_JPY,LONG,0.7520003999999999,HARVESTER,158.184,0.03264285714286075,44.446183192469604,2.2223091596234803,0.0,2.113785557986282,2026-01-11 23:35:00+00:00,-0.35,-0.39999999999999997,CUT,0.05,109.33761065347522,6.261597854651576
388,2026-01-11 23:35:00+00:00,USD_CAD__monday__asia,USD_CAD,SHORT,0.7408235999999999,HARVESTER,1.3911,0.00020571428571428525,43.73504426139009,2.1867522130695045,0.0,1.1666666666667567,2026-01-11 23:40:00+00:00,-0.35,-0.39999999999999997,CUT,0.05,108.46290976824743,7.011505071814359
389,2026-01-11 23:39:00+00:00,EUR_CHF__monday__sydney,EUR_CHF,SHORT,0.735059,HARVESTER,0.93197,0.00024571428571428563,43.73504426139009,2.1867522130695045,0.9360465116277138,0.0,2026-01-11 23:45:00+00:00,0.55,0.5,TARGET,0.05,109.55628587478218,6.074121050360878
390,2026-01-11 23:42:00+00:00,EUR_USD__monday__asia,EUR_USD,LONG,0.7295843999999999,HARVESTER,1.16258,0.00020285714285717127,43.385163907298974,2.169258195364949,0.0,0.9859154929574998,2026-01-11 23:45:00+00:00,-0.35,-0.39999999999999997,CUT,0.05,108.6885825966362,6.818029009786366
391,2026-01-11 23:46:00+00:00,EUR_CHF__monday__sydney,EUR_CHF,SHORT,0.7318545999999999,HARVESTER,0.93186,0.00021214285714285123,43.47543303865449,2.173771651932724,0.5656565656566238,0.0,2026-01-11 23:50:00+00:00,0.55,0.5,TARGET,0.05,109.77546842260256,5.886209299884228
392,2026-01-11 23:51:00+00:00,EUR_CHF__monday__sydney,EUR_CHF,SHORT,0.779486,HARVESTER,0.93178,0.00021357142857141614,43.91018736904102,2.195509368452051,0.2809364548497956,0.3745819397992077,2026-01-11 23:55:00+00:00,-0.35,-0.39999999999999997,CUT,0.05,108.89726467522173,6.639119625485157
393,2026-01-11 23:55:00+00:00,EUR_CHF__monday__asia,EUR_CHF,SHORT,0.7874706,HARVESTER,0.93175,0.0002207142857142725,43.558905870088694,2.1779452935044348,0.0,0.7702265372168904,2026-01-12 00:00:00+00:00,-0.35,-0.39999999999999997,CUT,0.05,108.02608655781997,7.38600666848127
394,2026-01-11 23:55:00+00:00,USD_CHF__monday__sydney,USD_CHF,SHORT,0.7854126,HARVESTER,0.80159,0.00019214285714286294,43.558905870088694,2.1779452935044348,0.364312267658057,0.7806691449813031,2026-01-12 00:00:00+00:00,-0.35,-0.39999999999999997,CUT,0.05,107.1549084404182,8.132893711477385
395,2026-01-12 00:09:00+00:00,GBP_USD__monday__asia,GBP_USD,LONG,0.7317604,HARVESTER,1.34036,0.00029857142857143374,42.86196337616728,2.143098168808364,3.148325358851422,0.0,2026-01-12 00:10:00+00:00,0.55,0.5,TARGET,0.05,108.22645752482238,7.214222648592158
396,2026-01-12 00:09:00+00:00,USD_CAD__monday__sydney,USD_CAD,SHORT,0.7146246,HARVESTER,1.39094,0.0002771428571428647,42.86196337616728,2.143098168808364,1.5515463917530854,0.0,2026-01-12 00:10:00+00:00,0.55,0.5,TARGET,0.05,109.29800660922656,6.295551585706932
397,2026-01-12 00:10:00+00:00,GBP_USD__monday__sydney,GBP_USD,LONG,0.780158,HARVESTER,1.34056,0.0003478571428571379,43.71920264369063,2.1859601321845314,3.277207392196939,0.0,2026-01-12 00:15:00+00:00,0.55,0.5,TARGET,0.05,110.39098667531883,5.358507101564001
398,2026-01-12 00:10:00+00:00,USD_CHF__monday__asia,USD_CHF,SHORT,0.757794,HARVESTER,0.80026,0.0002949999999999897,43.71920264369063,2.1859601321845314,2.3389830508474323,0.0,2026-01-12 00:15:00+00:00,0.55,0.5,TARGET,0.05,111.4839667414111,4.42146261742107
399,2026-01-12 00:15:00+00:00,USD_CAD__monday__asia,USD_CAD,SHORT,0.7877992,HARVESTER,1.39046,0.00030000000000001456,44.593586696564444,2.229679334828222,0.8000000000000211,0.1333333333334602,2026-01-12 00:20:00+00:00,0.55,0.5,TARGET,0.05,112.59880640882521,3.465677243595275
400,2026-01-12 00:15:00+00:00,AUD_USD__monday__sydney,AUD_USD,LONG,0.7488319999999999,HARVESTER,0.66956,0.00024214285714284158,44.593586696564444,2.229679334828222,0.8259587020648589,0.49557522123900705,2026-01-12 00:20:00+00:00,-0.35,-0.39999999999999997,CUT,0.05,111.70693467489393,4.2303055426559
401,2026-01-12 00:20:00+00:00,EUR_CHF__monday__asia,EUR_CHF,SHORT,0.7524518,HARVESTER,0.93108,0.00022785714285712095,44.68277386995758,2.234138693497879,0.0,0.8777429467084517,2026-01-12 00:25:00+00:00,-0.35,-0.39999999999999997,CUT,0.05,110.81327919749478,4.996463098314653
402,2026-01-12 00:20:00+00:00,USD_JPY__monday__asia,USD_JPY,SHORT,0.7225062,HARVESTER,157.934,0.06835714285714646,44.68277386995758,2.234138693497879,1.272727272727046,0.029258098223753626,2026-01-12 00:25:00+00:00,0.55,0.5,TARGET,0.05,111.93034854424371,4.038766153741215
403,2026-01-12 00:25:00+00:00,USD_JPY__monday__asia,USD_JPY,SHORT,0.7638798,HARVESTER,157.884,0.06992857142857645,44.77213941769748,2.238606970884874,1.7732379979569035,0.15730337078685022,2026-01-12 00:30:00+00:00,0.55,0.5,TARGET,0.05,113.04965202968616,3.0791538152786218
404,2026-01-12 00:28:00+00:00,GBP_JPY__monday__asia,GBP_JPY,SHORT,0.7702274,HARVESTER,211.77,0.06585714285714671,44.77213941769748,2.238606970884874,0.4555314533622466,0.5466377440346959,2026-01-12 00:30:00+00:00,-0.35,-0.39999999999999997,CUT,0.05,112.15420924133221,3.8468436860486896
405,2026-01-12 00:30:00+00:00,USD_JPY__monday__asia,USD_JPY,SHORT,0.7867118,HARVESTER,157.826,0.07528571428572052,44.861683696532886,2.2430841848266443,2.1252371916506325,0.0,2026-01-12 00:35:00+00:00,0.55,0.5,TARGET,0.05,113.27575133374553,2.8853121229091774
406,2026-01-12 00:30:00+00:00,USD_CAD__monday__asia,USD_CAD,SHORT,0.772994,HARVESTER,1.39002,0.000317142857142873,44.861683696532886,2.2430841848266443,1.2612612612610594,0.0,2026-01-12 00:35:00+00:00,0.55,0.5,TARGET,0.05,114.39729342615885,1.9237805597696649
407,2026-01-12 00:35:00+00:00,GBP_USD__monday__sydney,GBP_USD,LONG,0.768003,HARVESTER,1.34234,0.0005028571428570906,45.75891737046354,2.287945868523177,1.8494318181817624,0.0,2026-01-12 00:40:00+00:00,0.55,0.5,TARGET,0.05,115.54126636042044,0.9430183653673658
408,2026-01-12 00:35:00+00:00,EUR_USD__monday__asia,EUR_USD,LONG,0.767572,HARVESTER,1.16519,0.0004807142857143105,45.75891737046354,2.287945868523177,1.5601783060921035,0.0,2026-01-12 00:40:00+00:00,0.55,0.5,TARGET,0.05,116.68523929468202,0.0
409,2026-01-12 00:40:00+00:00,USD_CAD__monday__asia,USD_CAD,SHORT,0.7954017999999999,HARVESTER,1.38962,0.00030285714285714437,46.67409571787281,2.3337047858936404,1.2547169811322243,0.0,2026-01-12 00:45:00+00:00,0.55,0.5,TARGET,0.05,117.85209168762884,0.0
410,2026-01-12 00:40:00+00:00,USD_JPY__monday__asia,USD_JPY,SHORT,0.7250460000000001,HARVESTER,157.688,0.08592857142857772,46.67409571787281,2.3337047858936404,0.8960931005817918,0.0,2026-01-12 00:45:00+00:00,0.55,0.5,TARGET,0.05,119.01894408057566,0.0
411,2026-01-12 00:45:00+00:00,EUR_JPY__monday__asia,EUR_JPY,SHORT,0.702793,HARVESTER,183.772,0.0656428571428559,47.60757763223027,2.3803788816115135,0.2589771490750241,0.8226332970620706,2026-01-12 00:50:00+00:00,-0.35,-0.39999999999999997,CUT,0.05,118.06679252793106,0.8000000000000023
412,2026-01-12 00:46:00+00:00,AUD_USD__monday__asia,AUD_USD,LONG,0.7445191999999999,HARVESTER,0.6702,0.0003185714285714062,47.60757763223027,2.3803788816115135,0.25112107623310415,0.37668161434983044,2026-01-12 00:50:00+00:00,-0.35,-0.39999999999999997,CUT,0.05,117.11464097528645,1.6000000000000045
413,2026-01-12 00:51:00+00:00,EUR_USD__monday__asia,EUR_USD,LONG,0.8164808000000001,HARVESTER,1.16613,0.0005442857142857431,46.845856390114584,2.342292819505729,0.698162729658434,0.0,2026-01-12 00:55:00+00:00,0.55,0.5,TARGET,0.05,118.28578738503931,0.6160000000000044
414,2026-01-12 00:51:00+00:00,USD_CAD__monday__asia,USD_CAD,SHORT,0.8042798,HARVESTER,1.3893,0.000317142857142873,46.845856390114584,2.342292819505729,1.3243243243245324,0.0,2026-01-12 00:55:00+00:00,0.55,0.5,TARGET,0.05,119.45693379479218,0.0
415,2026-01-12 00:55:00+00:00,EUR_CHF__monday__asia,EUR_CHF,SHORT,0.7398996,HARVESTER,0.93056,0.00028999999999998076,47.78277351791687,2.3891386758958437,1.1379310344830151,0.0,2026-01-12 01:00:00+00:00,0.55,0.5,TARGET,0.05,120.6515031327401,0.0
416,2026-01-12 00:55:00+00:00,USD_CHF__monday__sydney,USD_CHF,SHORT,0.7390926,HARVESTER,0.79791,0.0005321428571428541,47.78277351791687,2.3891386758958437,0.8832214765100167,0.1879194630872287,2026-01-12 01:00:00+00:00,0.55,0.5,TARGET,0.05,121.84607247068803,0.0
417,2026-01-12 11:01:00+00:00,CHF_JPY__monday__london,CHF_JPY,SHORT,0.7298013999999999,HARVESTER,198.032,0.05300000000000133,48.73842898827522,2.4369214494137608,0.8867924528301107,0.0,2026-01-12 11:05:00+00:00,0.55,0.5,TARGET,0.05,123.06453319539492,0.0
418,2026-01-12 11:04:00+00:00,EUR_JPY__monday__london,EUR_JPY,SHORT,0.7108544,HARVESTER,184.438,0.042071428571428475,48.73842898827522,2.4369214494137608,1.0220713072999874,0.14261460101868145,2026-01-12 11:05:00+00:00,0.55,0.5,TARGET,0.05,124.2829939201018,0.0
419,2026-01-12 11:05:00+00:00,CHF_JPY__monday__london,CHF_JPY,SHORT,0.8148932,HARVESTER,198.001,0.051428571428571344,49.71319756804072,2.485659878402036,0.35000000000001386,0.9916666666664296,2026-01-12 11:10:00+00:00,-0.35,-0.39999999999999997,CUT,0.05,123.28872996874098,0.8000000000000056
420,2026-01-12 11:05:00+00:00,AUD_JPY__monday__london,AUD_JPY,SHORT,0.742133,HARVESTER,105.91,0.035428571428568034,49.71319756804072,2.485659878402036,0.3951612903224998,0.45161290322600056,2026-01-12 11:10:00+00:00,-0.35,-0.39999999999999997,CUT,0.05,122.29446601738016,1.6000000000000112
421,2026-01-12 11:10:00+00:00,NZD_USD__monday__london,NZD_USD,LONG,0.7198154000000001,HARVESTER,0.57601,0.00020000000000002554,48.91778640695207,2.4458893203476033,1.0499999999995282,0.0,2026-01-12 11:15:00+00:00,0.55,0.5,TARGET,0.05,123.51741067755395,0.6160000000000168
422,2026-01-12 11:10:00+00:00,AUD_USD__monday__london,AUD_USD,LONG,0.7170986000000001,HARVESTER,0.67112,0.00022142857142855497,48.91778640695207,2.4458893203476033,0.5419354838705472,0.49677419354867014,2026-01-12 11:20:00+00:00,-0.35,-0.39999999999999997,CUT,0.05,122.53905494941492,1.4032000000000122
423,2026-01-12 11:17:00+00:00,NZD_JPY__monday__london,NZD_JPY,LONG,0.7256572,HARVESTER,90.93,0.024499999999999238,49.40696427102158,2.470348213551079,0.5714285714284175,0.40816326530634395,2026-01-12 11:20:00+00:00,-0.35,-0.39999999999999997,CUT,0.05,121.55091566399449,2.1982720000000113
424,2026-01-12 11:23:00+00:00,EUR_JPY__monday__london,EUR_JPY,LONG,0.708005,HARVESTER,184.504,0.04221428571428427,48.620366265597795,2.43101831327989,0.6395939086298245,0.47377326565102357,2026-01-12 11:25:00+00:00,-0.35,-0.39999999999999997,CUT,0.05,120.57850833868252,2.980685824000017
425,2026-01-12 11:25:00+00:00,EUR_GBP__monday__london,EUR_GBP,LONG,0.7019335999999999,HARVESTER,0.8676,0.00023499999999998522,48.23140333547301,2.4115701667736507,1.021276595744349,0.0,2026-01-12 11:30:00+00:00,0.55,0.5,TARGET,0.05,121.78429342206935,2.0104926822400144
426,2026-01-12 11:27:00+00:00,EUR_JPY__monday__london,EUR_JPY,LONG,0.7388752,HARVESTER,184.524,0.04328571428571187,48.23140333547301,2.4115701667736507,0.0,1.0858085808580782,2026-01-12 11:30:00+00:00,-0.35,-0.39999999999999997,CUT,0.05,120.81966535535989,2.7866471956480185
427,2026-01-12 11:31:00+00:00,GBP_USD__monday__london,GBP_USD,SHORT,0.7234385999999999,HARVESTER,1.34673,0.000487857142857151,48.327866142143954,2.4163933071071977,1.7218155197656122,0.0,2026-01-12 11:35:00+00:00,0.55,0.5,TARGET,0.05,122.02786200891349,1.814513667604498
428,2026-01-12 11:33:00+00:00,AUD_USD__monday__london,AUD_USD,SHORT,0.7170964000000001,HARVESTER,0.67086,0.0002121428571428433,48.327866142143954,2.4163933071071977,0.47138047138045025,0.6127946127944807,2026-01-12 11:40:00+00:00,-0.35,-0.39999999999999997,CUT,0.05,121.06130468607061,2.5922204900393098
429,2026-01-12 11:35:00+00:00,GBP_JPY__monday__london,GBP_JPY,SHORT,0.7549902000000001,HARVESTER,212.577,0.05849999999999917,48.8111448035654,2.44055724017827,1.00854700854698,0.08547008547000895,2026-01-12 11:40:00+00:00,0.55,0.5,TARGET,0.05,122.28158330615975,1.6103656267153568
430,2026-01-12 11:41:00+00:00,GBP_JPY__monday__london,GBP_JPY,SHORT,0.731228,HARVESTER,212.56,0.05707142857142701,48.9126333224639,2.445631666123195,1.5419274092615116,0.0,2026-01-12 11:45:00+00:00,0.55,0.5,TARGET,0.05,123.50439913922135,0.6264692829825063
431,2026-01-12 11:43:00+00:00,CHF_JPY__monday__london,CHF_JPY,SHORT,0.7369146000000001,HARVESTER,197.998,0.0548571428571429,48.9126333224639,2.445631666123195,1.2031250000000446,0.2552083333335155,2026-01-12 11:45:00+00:00,0.55,0.5,TARGET,0.05,124.72721497228295,0.0
432,2026-01-12 11:45:00+00:00,CHF_JPY__monday__london,CHF_JPY,SHORT,0.7073590000000001,HARVESTER,197.992,0.05728571428571375,49.89088598891318,2.4945442994456593,1.7630922693266837,0.0,2026-01-12 11:50:00+00:00,0.55,0.5,TARGET,0.05,125.97448712200578,0.0
433,2026-01-12 11:46:00+00:00,GBP_JPY__monday__london,GBP_JPY,SHORT,0.7242827999999999,HARVESTER,212.504,0.056928571428569184,49.89088598891318,2.4945442994456593,1.2120451693850385,0.0,2026-01-12 11:50:00+00:00,0.55,0.5,TARGET,0.05,127.22175927172862,0.0
434,2026-01-12 11:50:00+00:00,USD_CHF__monday__london,USD_CHF,LONG,0.7156042,HARVESTER,0.79758,0.0002807142857142849,50.888703708691445,2.544435185434572,1.0687022900766168,0.0,2026-01-12 11:55:00+00:00,0.55,0.5,TARGET,0.05,128.4939768644459,0.0
435,2026-01-12 11:50:00+00:00,CHF_JPY__monday__london,CHF_JPY,SHORT,0.708676,HARVESTER,197.946,0.05642857142857086,50.888703708691445,2.544435185434572,0.8151898734175926,0.4075949367087963,2026-01-12 11:55:00+00:00,-0.35,-0.39999999999999997,CUT,0.05,127.47620279027207,0.7920792079207922
436,2026-01-12 11:55:00+00:00,USD_CAD__monday__london,USD_CAD,LONG,0.7150578000000001,HARVESTER,1.38798,0.00028642857142859225,50.99048111610883,2.5495240558054415,1.0473815461344718,0.2793017456361693,2026-01-12 12:00:00+00:00,0.55,0.5,TARGET,0.05,128.7509648181748,0.0
437,2026-01-12 11:55:00+00:00,AUD_USD__monday__london,AUD_USD,SHORT,0.7036236,HARVESTER,0.67061,0.00020857142857140718,50.99048111610883,2.5495240558054415,0.7191780821923076,0.3356164383562683,2026-01-12 12:00:00+00:00,0.55,0.5,TARGET,0.05,130.0257268460775,0.0
438,2026-01-12 12:01:00+00:00,GBP_JPY__monday__london,GBP_JPY,LONG,0.7449984000000001,HARVESTER,212.544,0.06321428571428303,52.01029073843101,2.6005145369215503,2.1197740112993055,0.0,2026-01-12 12:05:00+00:00,0.55,0.5,TARGET,0.05,131.32598411453827,0.0
439,2026-01-12 12:02:00+00:00,USD_JPY__monday__london,USD_JPY,LONG,0.7259342,HARVESTER,157.929,0.045214285714282355,52.01029073843101,2.6005145369215503,0.4202211690364868,0.995260663507535,2026-01-12 12:05:00+00:00,-0.35,-0.39999999999999997,CUT,0.05,130.28577829976965,0.7920792079207968
440,2026-01-12 12:07:00+00:00,GBP_USD__monday__london,GBP_USD,LONG,0.7081684,HARVESTER,1.34668,0.0005007142857142829,52.114311319907856,2.605715565995393,1.078459343794555,0.03994293865932038,2026-01-12 12:10:00+00:00,0.55,0.5,TARGET,0.05,131.58863608276735,0.0
441,2026-01-12 12:09:00+00:00,EUR_USD__monday__london,EUR_USD,LONG,0.7539596000000001,HARVESTER,1.16826,0.0003421428571428147,52.114311319907856,2.605715565995393,0.6430062630477661,0.0,2026-01-12 12:10:00+00:00,0.55,0.5,TARGET,0.05,132.89149386576506,0.0
442,2026-01-12 12:10:00+00:00,GBP_USD__monday__london,GBP_USD,LONG,0.769799,HARVESTER,1.3471,0.0005085714285714456,53.156597546306024,2.6578298773153013,0.0,0.8651685393258058,2026-01-12 12:15:00+00:00,-0.35,-0.39999999999999997,CUT,0.05,131.82836191483892,0.8000000000000106
443,2026-01-12 12:10:00+00:00,USD_JPY__monday__london,USD_JPY,SHORT,0.7021224,HARVESTER,157.876,0.046499999999998716,53.156597546306024,2.6578298773153013,1.3333333333336244,0.0,2026-01-12 12:15:00+00:00,0.55,0.5,TARGET,0.05,133.15727685349657,0.0
444,2026-01-12 12:24:00+00:00,AUD_USD__monday__london,AUD_USD,SHORT,0.7152544,HARVESTER,0.67048,0.00018285714285714333,53.26291074139863,2.6631455370699313,0.43749999999982925,0.5468749999999384,2026-01-12 12:25:00+00:00,-0.35,-0.39999999999999997,CUT,0.05,132.0920186386686,0.7999999999999933
445,2026-01-12 12:25:00+00:00,AUD_JPY__monday__london,AUD_JPY,SHORT,0.7220219999999999,HARVESTER,105.836,0.03185714285714373,52.83680745546745,2.6418403727733724,0.0,1.2242152466367842,2026-01-12 12:30:00+00:00,-0.35,-0.39999999999999997,CUT,0.05,131.03528248955925,1.5935999999999977
446,2026-01-12 12:25:00+00:00,AUD_USD__monday__london,AUD_USD,SHORT,0.7049056,HARVESTER,0.6704,0.00018357142857143373,52.83680745546745,2.6418403727733724,0.0,2.1789883268479477,2026-01-12 12:30:00+00:00,-0.35,-0.39999999999999997,CUT,0.05,129.9785463404499,2.3872000000000027
447,2026-01-12 12:30:00+00:00,USD_JPY__monday__new_york,USD_JPY,SHORT,0.7038254,HARVESTER,157.838,0.04599999999999836,51.99141853617996,2.599570926808998,0.5652173913039774,0.13043478260870525,2026-01-12 12:35:00+00:00,0.55,0.5,TARGET,0.05,131.2783318038544,1.4110719999999985
448,2026-01-12 12:32:00+00:00,AUD_CAD__monday__london,AUD_CAD,LONG,0.7316596000000001,HARVESTER,0.93082,0.00020357142857143788,51.99141853617996,2.599570926808998,1.3263157894735866,0.09824561403518148,2026-01-12 12:35:00+00:00,0.55,0.5,TARGET,0.05,132.5781172672589,0.43494399999999483
449,2026-01-12 12:35:00+00:00,AUD_CAD__monday__london,AUD_CAD,LONG,0.7666612,HARVESTER,0.93092,0.00020357142857143788,53.03124690690356,2.651562345345178,0.7859649122809065,0.245614035087681,2026-01-12 12:40:00+00:00,0.55,0.5,TARGET,0.05,133.90389843993148,0.0
450,2026-01-12 12:35:00+00:00,EUR_USD__monday__london,EUR_USD,LONG,0.727276,HARVESTER,1.16859,0.0003278571428571179,53.03124690690356,2.651562345345178,0.5185185185185687,1.7690631808280977,2026-01-12 12:45:00+00:00,-0.35,-0.39999999999999997,CUT,0.05,132.84327350179342,0.7920792079207853
451,2026-01-12 12:40:00+00:00,USD_CAD__monday__new_york,USD_CAD,SHORT,0.713004,HARVESTER,1.38751,0.00033642857142861845,53.56155937597259,2.67807796879863,0.624203821656093,0.7430997876859192,2026-01-12 12:45:00+00:00,-0.35,-0.39999999999999997,CUT,0.05,131.77204231427396,1.5920792079207904
452,2026-01-12 12:45:00+00:00,GBP_JPY__monday__london,GBP_JPY,LONG,0.7669992,HARVESTER,212.664,0.07071428571428028,52.70881692570959,2.6354408462854795,0.0,1.498989898989937,2026-01-12 12:50:00+00:00,-0.35,-0.39999999999999997,CUT,0.05,130.71786597575976,2.3793425742574277
453,2026-01-12 12:46:00+00:00,AUD_JPY__monday__new_york,AUD_JPY,LONG,0.7196418,HARVESTER,105.932,0.035857142857142525,52.70881692570959,2.6354408462854795,0.5019920318725336,0.5019920318725336,2026-01-12 12:50:00+00:00,-0.35,-0.39999999999999997,CUT,0.05,129.66368963724557,3.1666059405940645
454,2026-01-12 12:50:00+00:00,CHF_JPY__monday__london,CHF_JPY,LONG,0.726266,HARVESTER,198.0,0.06278571428571363,51.86547585489823,2.5932737927449114,0.0,2.0068259385666503,2026-01-12 12:55:00+00:00,-0.35,-0.39999999999999997,CUT,0.05,128.62638012014762,3.941273093069303
455,2026-01-12 12:50:00+00:00,AUD_JPY__monday__new_york,AUD_JPY,LONG,0.7122972,HARVESTER,105.938,0.03607142857142825,51.86547585489823,2.5932737927449114,0.16633663366337414,0.7762376237625439,2026-01-12 12:55:00+00:00,-0.35,-0.39999999999999997,CUT,0.05,127.58907060304965,4.7159402455445525
456,2026-01-12 12:56:00+00:00,AUD_JPY__monday__new_york,AUD_JPY,LONG,0.7356482,HARVESTER,105.936,0.035642857142857816,51.03562824121986,2.551781412060993,0.5050100200396911,0.5891783567134381,2026-01-12 13:00:00+00:00,-0.35,-0.39999999999999997,CUT,0.05,126.56835803822526,5.478212723580192
457,2026-01-12 12:59:00+00:00,USD_CHF__monday__london,USD_CHF,SHORT,0.7019382,HARVESTER,0.79748,0.0003078571428571534,51.03562824121986,2.551781412060993,0.7146171693735188,0.7795823665893589,2026-01-12 13:00:00+00:00,-0.35,-0.39999999999999997,CUT,0.05,125.54764547340086,6.240485201615834
458,2026-01-12 15:00:00+00:00,USD_CHF__monday__london,USD_CHF,SHORT,0.7132178,HARVESTER,0.7972,0.0003649999999999963,50.21905818936035,2.5109529094680174,0.43835616438370034,0.6575342465753984,2026-01-12 15:05:00+00:00,-0.35,-0.39999999999999997,CUT,0.05,124.54326430961366,6.990561320002903
459,2026-01-12 15:00:00+00:00,EUR_CHF__monday__london,EUR_CHF,SHORT,0.702548,HARVESTER,0.93088,0.00026214285714286156,50.21905818936035,2.5109529094680174,0.5722070844690157,0.22888283378726748,2026-01-12 15:05:00+00:00,0.55,0.5,TARGET,0.05,125.79874076434767,6.052966172019061
460,2026-01-12 15:05:00+00:00,CHF_JPY__monday__london,CHF_JPY,LONG,0.7214066,HARVESTER,198.14,0.07592857142856856,50.319496305739065,2.5159748152869534,0.22389463781782654,0.5268109125116743,2026-01-12 15:10:00+00:00,-0.35,-0.39999999999999997,CUT,0.05,124.79235083823289,6.804542442642905
461,2026-01-12 15:05:00+00:00,USD_CHF__monday__london,USD_CHF,SHORT,0.7097182,HARVESTER,0.79708,0.00037357142857143345,50.319496305739065,2.5159748152869534,0.3212237093690447,0.8565965583173535,2026-01-12 15:10:00+00:00,-0.35,-0.39999999999999997,CUT,0.05,123.78596091211811,7.55611871326675
463,2026-01-12 15:12:00+00:00,EUR_CHF__monday__london,EUR_CHF,SHORT,0.712941,HARVESTER,0.93071,0.00024928571428572174,49.514384364847245,2.475719218242362,0.7621776504298708,0.0,2026-01-12 15:15:00+00:00,0.55,0.5,TARGET,0.05,125.0238205212393,6.631679900399414
462,2026-01-12 15:10:00+00:00,GBP_JPY__monday__new_york,GBP_JPY,SHORT,0.7104466,HARVESTER,212.762,0.06735714285714575,49.514384364847245,2.475719218242362,1.0986214209969538,0.2672322375397653,2026-01-12 15:20:00+00:00,0.55,0.5,TARGET,0.05,126.26168013036049,5.7072410875320765
464,2026-01-12 15:15:00+00:00,CHF_JPY__monday__london,CHF_JPY,LONG,0.7050772,HARVESTER,198.15,0.07471428571428314,50.00952820849572,2.500476410424786,0.46845124282979844,0.37476099426376264,2026-01-12 15:20:00+00:00,-0.35,-0.39999999999999997,CUT,0.05,125.26148956619058,6.45418764832888
466,2026-01-12 15:20:00+00:00,AUD_USD__monday__london,AUD_USD,LONG,0.7436156,HARVESTER,0.67106,0.00033642857142857877,50.104595826476235,2.5052297913238117,0.7133757961783819,0.0,2026-01-12 15:25:00+00:00,0.55,0.5,TARGET,0.05,126.51410446185248,5.518729524812168
465,2026-01-12 15:20:00+00:00,EUR_CHF__monday__new_york,EUR_CHF,SHORT,0.7552660000000001,HARVESTER,0.93052,0.00023071428571429836,50.104595826476235,2.5052297913238117,0.5201238390092984,0.5201238390092984,2026-01-12 15:35:00+00:00,-0.35,-0.39999999999999997,CUT,0.05,125.51201254532296,6.267096023625535
467,2026-01-12 15:25:00+00:00,USD_CAD__monday__london,USD_CAD,SHORT,0.7182296,HARVESTER,1.3875,0.0004585714285714193,50.605641784740996,2.53028208923705,0.7414330218068838,0.3489096573207441,2026-01-12 15:35:00+00:00,0.55,0.5,TARGET,0.05,126.77715358994149,5.3222833188736525
468,2026-01-12 15:35:00+00:00,USD_CAD__monday__london,USD_CAD,SHORT,0.7390296000000001,HARVESTER,1.38739,0.00044785714285712686,50.710861435976604,2.53554307179883,0.6698564593300936,0.20095693779937515,2026-01-12 15:40:00+00:00,0.55,0.5,TARGET,0.05,128.0449251258409,4.37550615206239
469,2026-01-12 15:37:00+00:00,EUR_JPY__monday__london,EUR_JPY,LONG,0.7499477999999999,HARVESTER,184.42,0.057428571428569546,50.710861435976604,2.53554307179883,1.044776119403059,0.0,2026-01-12 15:40:00+00:00,0.55,0.5,TARGET,0.05,129.31269666174032,3.4287289852511273
470,2026-01-12 15:40:00+00:00,CHF_JPY__monday__london,CHF_JPY,LONG,0.7182234000000001,HARVESTER,198.248,0.06692857142856619,51.72507866469613,2.5862539332348065,1.8078975453578048,0.0,2026-01-12 15:45:00+00:00,0.55,0.5,TARGET,0.05,130.6058236283577,2.463016275103646
471,2026-01-12 15:41:00+00:00,AUD_JPY__monday__london,AUD_JPY,LONG,0.7514372,HARVESTER,106.004,0.04657142857142763,51.72507866469613,2.5862539332348065,1.782208588957057,0.0,2026-01-12 15:45:00+00:00,0.55,0.5,TARGET,0.05,131.8989505949751,1.4973035649561648
472,2026-01-12 15:45:00+00:00,CHF_JPY__monday__london,CHF_JPY,LONG,0.7649275999999999,HARVESTER,198.276,0.07064285714285339,52.75958023799005,2.6379790118995023,1.7128412537915296,0.0,2026-01-12 15:50:00+00:00,0.55,0.5,TARGET,0.05,133.21794010092486,0.5122766006057208
473,2026-01-12 15:46:00+00:00,AUD_JPY__monday__london,AUD_JPY,LONG,0.7563418,HARVESTER,106.02,0.04978571428571347,52.75958023799005,2.6379790118995023,2.0688665710188587,0.0,2026-01-12 15:50:00+00:00,0.55,0.5,TARGET,0.05,134.53692960687462,0.0
474,2026-01-12 15:51:00+00:00,EUR_CHF__monday__new_york,EUR_CHF,SHORT,0.7040242,HARVESTER,0.93004,0.00021499999999999693,53.81477184274985,2.6907385921374924,1.2093023255810729,0.372093023255675,2026-01-12 15:55:00+00:00,-0.35,-0.39999999999999997,CUT,0.05,133.46063417001963,0.7999999999999958
475,2026-01-12 15:52:00+00:00,EUR_JPY__monday__london,EUR_JPY,LONG,0.7133394,HARVESTER,184.499,0.053714285714282335,53.81477184274985,2.6907385921374924,0.8563829787233143,0.9680851063828999,2026-01-12 15:55:00+00:00,-0.35,-0.39999999999999997,CUT,0.05,132.38433873316464,1.5999999999999917
476,2026-01-12 15:57:00+00:00,EUR_CHF__monday__new_york,EUR_CHF,SHORT,0.7154672000000001,HARVESTER,0.9298,0.00022857142857141927,52.95373549326585,2.647686774663293,0.0,1.487500000000091,2026-01-12 16:00:00+00:00,-0.35,-0.39999999999999997,CUT,0.05,131.32526402329933,2.3871999999999893
477,2026-01-12 15:58:00+00:00,AUD_JPY__monday__london,AUD_JPY,LONG,0.7302356000000001,HARVESTER,106.14,0.05164285714285707,52.95373549326585,2.647686774663293,1.2392807745503494,0.29045643153528117,2026-01-12 16:05:00+00:00,0.55,0.5,TARGET,0.05,132.64910741063096,1.4031999999999973
478,2026-01-18 23:03:00+00:00,USD_JPY__monday__asia,USD_JPY,SHORT,0.7216393999999999,HARVESTER,157.796,0.05557142857143,53.05964296425238,2.6529821482126192,2.7352185089971215,0.0,2026-01-18 23:05:00+00:00,0.55,0.5,TARGET,0.05,133.97559848473728,0.4172319999999936
479,2026-01-18 23:04:00+00:00,EUR_USD__monday__asia,EUR_USD,LONG,0.7536784,HARVESTER,1.15946,0.00046999999999997044,53.05964296425238,2.6529821482126192,3.1489361702132785,0.1276595744679846,2026-01-18 23:05:00+00:00,0.55,0.5,TARGET,0.05,135.3020895588436,0.0
480,2026-01-18 23:05:00+00:00,USD_JPY__monday__asia,USD_JPY,SHORT,0.7695612000000001,HARVESTER,157.753,0.06314285714285615,54.12083582353744,2.706041791176872,1.4095022624434395,0.0,2026-01-18 23:10:00+00:00,0.55,0.5,TARGET,0.05,136.65511045443202,0.0
481,2026-01-18 23:05:00+00:00,EUR_USD__monday__asia,EUR_USD,LONG,0.725329,HARVESTER,1.16024,0.0005721428571428307,54.12083582353744,2.706041791176872,0.13982521847705018,0.8039950062420683,2026-01-18 23:10:00+00:00,-0.35,-0.39999999999999997,CUT,0.05,135.57269373796126,0.7920792079208006
482,2026-01-18 23:12:00+00:00,EUR_CHF__monday__asia,EUR_CHF,SHORT,0.7016814,HARVESTER,0.92846,0.0005264285714285706,54.229077495184505,2.711453874759225,1.386702849389224,0.0,2026-01-18 23:15:00+00:00,0.55,0.5,TARGET,0.05,136.92842067534087,0.0
483,2026-01-18 23:14:00+00:00,USD_CAD__monday__sydney,USD_CAD,SHORT,0.7842534,HARVESTER,1.39112,0.0002871428571428509,54.229077495184505,2.711453874759225,1.2537313432833166,0.24378109452741897,2026-01-18 23:15:00+00:00,0.55,0.5,TARGET,0.05,138.2841476127205,0.0
484,2026-01-18 23:15:00+00:00,USD_CHF__monday__asia,USD_CHF,SHORT,0.7958768,HARVESTER,0.80014,0.0005849999999999943,55.3136590450882,2.76568295225441,2.8205128205127274,0.0,2026-01-18 23:20:00+00:00,0.55,0.5,TARGET,0.05,139.66698908884769,0.0
485,2026-01-18 23:15:00+00:00,AUD_USD__monday__asia,AUD_USD,LONG,0.7737058,HARVESTER,0.66808,0.0002850000000000114,55.3136590450882,2.76568295225441,1.4035087719296138,0.0,2026-01-18 23:20:00+00:00,0.55,0.5,TARGET,0.05,141.04983056497488,0.0
486,2026-01-18 23:20:00+00:00,GBP_USD__monday__asia,GBP_USD,LONG,0.8579124,HARVESTER,1.33857,0.0005221428571428678,56.41993222598995,2.8209966112994977,0.2298221614225085,0.9384404924762353,2026-01-18 23:25:00+00:00,-0.35,-0.39999999999999997,CUT,0.05,139.9214319204551,0.7999999999999943
487,2026-01-18 23:20:00+00:00,EUR_USD__monday__asia,EUR_USD,LONG,0.8139754,HARVESTER,1.16099,0.0005392857142856945,56.41993222598995,2.8209966112994977,0.5562913907284359,0.42649006622509306,2026-01-18 23:25:00+00:00,-0.35,-0.39999999999999997,CUT,0.05,138.7930332759353,1.5999999999999885
488,2026-01-18 23:26:00+00:00,USD_CHF__monday__asia,USD_CHF,SHORT,0.7178058,HARVESTER,0.79864,0.0006114285714285643,55.517213310374125,2.775860665518706,1.0467289719625863,0.19626168224300763,2026-01-18 23:30:00+00:00,0.55,0.5,TARGET,0.05,140.18096360869464,0.6159999999999985
489,2026-01-18 23:27:00+00:00,EUR_CHF__monday__sydney,EUR_CHF,SHORT,0.7030342,HARVESTER,0.92704,0.0005585714285714241,55.517213310374125,2.775860665518706,0.0,1.1099744245525547,2026-01-18 23:30:00+00:00,-0.35,-0.39999999999999997,CUT,0.05,139.07061934248716,1.4031999999999947
490,2026-01-18 23:30:00+00:00,USD_CAD__monday__asia,USD_CAD,SHORT,0.7499708,HARVESTER,1.39074,0.0002892857142856745,55.628247736994865,2.7814123868497433,1.4864197530871512,0.0,2026-01-18 23:35:00+00:00,0.55,0.5,TARGET,0.05,140.46132553591204,0.4172319999999916
491,2026-01-18 23:30:00+00:00,EUR_JPY__monday__asia,EUR_JPY,LONG,0.7459472,HARVESTER,183.116,0.093428571428577,55.628247736994865,2.7814123868497433,0.9740061162076764,0.0,2026-01-18 23:35:00+00:00,0.55,0.5,TARGET,0.05,141.85203172933691,0.0
492,2026-01-18 23:35:00+00:00,EUR_USD__monday__asia,EUR_USD,LONG,0.7167688,HARVESTER,1.16192,0.0006428571428571038,56.74081269173477,2.8370406345867383,1.2133333333334115,0.12444444444457646,2026-01-18 23:40:00+00:00,0.55,0.5,TARGET,0.05,143.27055204663029,0.0
493,2026-01-18 23:35:00+00:00,EUR_JPY__monday__asia,EUR_JPY,LONG,0.7025764,HARVESTER,183.162,0.09235714285714737,56.74081269173477,2.8370406345867383,0.2815158546014932,0.6496519721577655,2026-01-18 23:40:00+00:00,-0.35,-0.39999999999999997,CUT,0.05,142.1357357927956,0.7920792079207853
494,2026-01-18 23:42:00+00:00,EUR_USD__monday__asia,EUR_USD,LONG,0.741401,HARVESTER,1.1623,0.0006714285714285451,56.85429431711824,2.842714715855912,0.5361702127658533,0.7595744680851517,2026-01-18 23:50:00+00:00,-0.35,-0.39999999999999997,CUT,0.05,140.99864990645324,1.585742574257417
495,2026-01-18 23:42:00+00:00,GBP_USD__monday__asia,GBP_USD,LONG,0.7019401999999999,HARVESTER,1.34008,0.0006857142857142895,56.85429431711824,2.842714715855912,0.2333333333335654,0.7583333333331161,2026-01-18 23:50:00+00:00,-0.35,-0.39999999999999997,CUT,0.05,139.86156402011088,2.379405940594049
496,2026-01-18 23:50:00+00:00,USD_CHF__monday__sydney,USD_CHF,LONG,0.7199566,HARVESTER,0.79887,0.000686428571428572,55.94462560804435,2.7972312804022175,1.0489073881374347,0.3059313215399638,2026-01-19 00:00:00+00:00,0.55,0.5,TARGET,0.05,141.260179660312,1.4031999999999851
497,2026-01-18 23:52:00+00:00,EUR_CHF__monday__sydney,EUR_CHF,LONG,0.7408916,HARVESTER,0.92852,0.0006078571428571441,55.94462560804435,2.7972312804022175,1.3490011750881994,0.29612220916561766,2026-01-19 00:00:00+00:00,0.55,0.5,TARGET,0.05,142.6587953005131,0.4269940594059215
498,2026-01-19 00:03:00+00:00,GBP_USD__monday__asia,GBP_USD,SHORT,0.7013604000000001,HARVESTER,1.33952,0.0008114285714285582,57.063518120205245,2.853175906010262,1.232394366197341,0.17253521126764418,2026-01-19 00:05:00+00:00,0.55,0.5,TARGET,0.05,144.08538325351824,0.0
499,2026-01-19 00:04:00+00:00,USD_CHF__monday__asia,USD_CHF,LONG,0.7002314000000001,HARVESTER,0.7994,0.0007228571428571441,57.063518120205245,2.853175906010262,1.1758893280632632,0.027667984189750944,2026-01-19 00:05:00+00:00,0.55,0.5,TARGET,0.05,145.51197120652338,0.0
500,2026-01-19 00:05:00+00:00,USD_CHF__monday__asia,USD_CHF,LONG,0.7234974000000001,HARVESTER,0.79962,0.0007585714285714339,58.20478848260936,2.910239424130468,1.0677966101694543,0.0,2026-01-19 00:10:00+00:00,0.55,0.5,TARGET,0.05,146.9670909185886,0.0
501,2026-01-19 00:05:00+00:00,AUD_USD__monday__sydney,AUD_USD,SHORT,0.7151262,HARVESTER,0.66837,0.0004364285714285757,58.20478848260936,2.910239424130468,1.4435351882160696,0.0,2026-01-19 00:10:00+00:00,0.55,0.5,TARGET,0.05,148.42221063065384,0.0
502,2026-01-19 00:10:00+00:00,USD_JPY__monday__asia,USD_JPY,LONG,0.7575684,HARVESTER,157.808,0.09899999999999969,59.36888425226154,2.968444212613077,0.7171717171716988,1.5252525252523486,2026-01-19 00:15:00+00:00,-0.35,-0.39999999999999997,CUT,0.05,147.23483294560862,0.7999999999999929
503,2026-01-19 00:10:00+00:00,EUR_JPY__monday__asia,EUR_JPY,LONG,0.7333928,HARVESTER,183.24,0.0930000000000015,59.36888425226154,2.968444212613077,0.45161290322581626,1.5483870967742273,2026-01-19 00:15:00+00:00,-0.35,-0.39999999999999997,CUT,0.05,146.0474552605634,1.5999999999999859
504,2026-01-19 00:15:00+00:00,NZD_JPY__monday__asia,NZD_JPY,LONG,0.7252295999999999,HARVESTER,90.849,0.05942857142856996,58.41898210422536,2.920949105211268,0.0,1.3966346153846232,2026-01-19 00:20:00+00:00,-0.35,-0.39999999999999997,CUT,0.05,144.87907561847888,2.3871999999999924
505,2026-01-19 00:20:00+00:00,EUR_JPY__monday__asia,EUR_JPY,SHORT,0.7299404,HARVESTER,183.101,0.09357142857142874,57.95163024739155,2.8975815123695776,0.0534351145037681,1.7847328244274947,2026-01-19 00:25:00+00:00,-0.35,-0.39999999999999997,CUT,0.05,143.72004301353104,3.168102399999998
506,2026-01-19 00:20:00+00:00,AUD_JPY__monday__sydney,AUD_JPY,SHORT,0.7131124,HARVESTER,105.325,0.06257142857142892,57.95163024739155,2.8975815123695776,0.0,0.9429223744291786,2026-01-19 00:25:00+00:00,-0.35,-0.39999999999999997,CUT,0.05,142.5610104085832,3.9490048000000035
507,2026-01-19 00:25:00+00:00,GBP_JPY__monday__asia,GBP_JPY,SHORT,0.8275006000000001,HARVESTER,211.074,0.1235714285714258,57.02440416343328,2.851220208171664,0.0,1.472832369942132,2026-01-19 00:30:00+00:00,-0.35,-0.39999999999999997,CUT,0.05,141.42052232531452,4.717412761600012
508,2026-01-19 00:25:00+00:00,USD_CAD__monday__asia,USD_CAD,SHORT,0.7469884,HARVESTER,1.39006,0.00029714285714282126,57.02440416343328,2.851220208171664,1.8509615384619318,0.0,2026-01-19 00:30:00+00:00,0.55,0.5,TARGET,0.05,142.84613242940034,3.7569028096000205
509,2026-01-19 00:30:00+00:00,USD_CAD__monday__asia,USD_CAD,SHORT,0.7226934,HARVESTER,1.38996,0.0003207142857142615,57.13845297176014,2.856922648588007,1.6213808463255264,0.0,2026-01-19 00:35:00+00:00,0.55,0.5,TARGET,0.05,144.27459375369435,2.79447183769602
510,2026-01-19 00:30:00+00:00,EUR_JPY__monday__asia,EUR_JPY,LONG,0.7064492,HARVESTER,183.256,0.09707142857142717,57.13845297176014,2.856922648588007,0.8962472406180021,0.0,2026-01-19 00:35:00+00:00,0.55,0.5,TARGET,0.05,145.70305507798835,1.8320408657920184
511,2026-01-19 00:36:00+00:00,USD_JPY__monday__asia,USD_JPY,SHORT,0.7588900000000001,HARVESTER,157.569,0.1112857142857097,58.28122203119534,2.914061101559767,0.44030808729122123,0.3504492939667793,2026-01-19 00:40:00+00:00,-0.35,-0.39999999999999997,CUT,0.05,144.53743063736445,2.6173845388656787
513,2026-01-19 00:42:00+00:00,GBP_USD__monday__asia,GBP_USD,LONG,0.741221,HARVESTER,1.34068,0.000673571428571448,57.814972254945786,2.8907486127472892,0.3266171792150932,0.44538706256654564,2026-01-19 00:45:00+00:00,-0.35,-0.39999999999999997,CUT,0.05,143.38113119226554,3.3964454625547487
514,2026-01-19 00:45:00+00:00,USD_CHF__monday__sydney,USD_CHF,SHORT,0.7228777999999999,HARVESTER,0.79806,0.0006007142857142957,57.352452476906215,2.867622623845311,0.0,0.7990487514863724,2026-01-19 00:50:00+00:00,-0.35,-0.39999999999999997,CUT,0.05,142.23408214272743,4.1692738988543026
512,2026-01-19 00:38:00+00:00,EUR_GBP__monday__sydney,EUR_GBP,LONG,0.7034543999999999,HARVESTER,0.86786,0.00029285714285714234,58.28122203119534,2.914061101559767,1.2975609756099187,0.34146341463410934,2026-01-19 01:00:00+00:00,0.55,0.5,TARGET,0.05,143.6911126935073,3.1875943075122275
515,2026-01-19 00:50:00+00:00,AUD_USD__monday__asia,AUD_USD,LONG,0.7597376,HARVESTER,0.66932,0.00040642857142856947,56.89363285709098,2.8446816428545487,0.49209138840065114,0.49209138840065114,2026-01-19 01:00:00+00:00,-0.35,-0.39999999999999997,CUT,0.05,142.55324003636548,3.9542401163213974
516,2026-01-19 11:03:00+00:00,USD_JPY__monday__london,USD_JPY,LONG,0.7805918,HARVESTER,157.937,0.05321428571428604,57.021296014546195,2.85106480072731,0.6201342281876722,0.056375838926443336,2026-01-19 11:05:00+00:00,0.55,0.5,TARGET,0.05,143.97877243672914,2.9937825174846053
517,2026-01-19 11:03:00+00:00,CHF_JPY__monday__london,CHF_JPY,LONG,0.7369748,HARVESTER,197.666,0.06314285714285615,57.021296014546195,2.85106480072731,0.5542986425338913,0.09502262443439423,2026-01-19 11:05:00+00:00,0.55,0.5,TARGET,0.05,145.4043048370928,2.0333249186478124
518,2026-01-19 11:06:00+00:00,EUR_JPY__monday__london,EUR_JPY,LONG,0.7236338,HARVESTER,183.589,0.047785714285711024,58.161721934837125,2.9080860967418563,1.0254110612857088,0.39760837070268246,2026-01-19 11:10:00+00:00,-0.35,-0.39999999999999997,CUT,0.05,144.24107039839606,2.8170583192986336
519,2026-01-19 11:06:00+00:00,USD_CHF__monday__london,USD_CHF,LONG,0.7069332,HARVESTER,0.79906,0.00022000000000002177,58.161721934837125,2.9080860967418563,0.0,1.1818181818182374,2026-01-19 11:10:00+00:00,-0.35,-0.39999999999999997,CUT,0.05,143.0778359596993,3.600791719949455
520,2026-01-19 11:10:00+00:00,CHF_JPY__monday__london,CHF_JPY,LONG,0.7645114000000001,HARVESTER,197.718,0.05842857142857026,57.23113438387973,2.8615567191939864,1.1980440097803446,0.0,2026-01-19 11:15:00+00:00,0.55,0.5,TARGET,0.05,144.5086143192963,2.6367996371489544
521,2026-01-19 11:10:00+00:00,EUR_JPY__monday__london,EUR_JPY,LONG,0.7447222,HARVESTER,183.604,0.04442857142857041,57.23113438387973,2.8615567191939864,1.2154340836007205,0.0,2026-01-19 11:15:00+00:00,0.55,0.5,TARGET,0.05,145.93939267889328,1.6728075543484544
522,2026-01-19 11:15:00+00:00,USD_JPY__monday__london,USD_JPY,LONG,0.8118453999999999,HARVESTER,157.998,0.047571428571426315,58.37575707155732,2.9187878535778657,0.6726726726729292,0.44144144144118036,2026-01-19 11:20:00+00:00,-0.35,-0.39999999999999997,CUT,0.05,144.77187753746213,2.459425093913671
523,2026-01-19 11:15:00+00:00,CHF_JPY__monday__london,CHF_JPY,LONG,0.756292,HARVESTER,197.737,0.05728571428571375,58.37575707155732,2.9187878535778657,0.8553615960100981,0.0,2026-01-19 11:20:00+00:00,0.55,0.5,TARGET,0.05,146.23127146425105,1.4761531694571643
524,2026-01-19 11:20:00+00:00,EUR_USD__monday__london,EUR_USD,SHORT,0.740744,HARVESTER,1.16206,0.00025999999999992696,58.49250858570042,2.924625429285021,0.0,0.7692307692309006,2026-01-19 11:25:00+00:00,-0.35,-0.39999999999999997,CUT,0.05,145.06142129253703,2.264343944101513
525,2026-01-19 11:20:00+00:00,CHF_JPY__monday__london,CHF_JPY,LONG,0.7297960000000001,HARVESTER,197.778,0.05578571428571471,58.49250858570042,2.924625429285021,0.07170294494272339,1.2189500640201838,2026-01-19 11:25:00+00:00,-0.35,-0.39999999999999997,CUT,0.05,143.89157112082302,3.052534718745862
526,2026-01-19 11:25:00+00:00,AUD_USD__monday__london,AUD_USD,LONG,0.721811,HARVESTER,0.67019,0.00020999999999998003,57.55662844832921,2.8778314224164605,0.2380952380952345,0.9999999999997735,2026-01-19 11:30:00+00:00,-0.35,-0.39999999999999997,CUT,0.05,142.74043855185644,3.828114440995888
527,2026-01-19 11:25:00+00:00,NZD_JPY__monday__london,NZD_JPY,LONG,0.7203742,HARVESTER,91.36,0.026857142857143197,57.55662844832921,2.8778314224164605,1.265957446808719,0.0,2026-01-19 11:30:00+00:00,0.55,0.5,TARGET,0.05,144.17935426306468,2.858639788183341
529,2026-01-19 11:32:00+00:00,NZD_JPY__monday__london,NZD_JPY,LONG,0.706315,HARVESTER,91.382,0.027000000000001023,57.67174170522587,2.8835870852612935,0.14814814814779725,0.8148148148149903,2026-01-19 11:35:00+00:00,-0.35,-0.39999999999999997,CUT,0.05,143.02591942896015,3.635770669877883
528,2026-01-19 11:30:00+00:00,EUR_CHF__monday__london,EUR_CHF,LONG,0.717599,HARVESTER,0.92865,0.00016714285714288155,57.67174170522587,2.8835870852612935,0.17948717948700066,0.41880341880344435,2026-01-19 11:40:00+00:00,-0.35,-0.39999999999999997,CUT,0.05,141.87248459485562,4.412901551572425
530,2026-01-19 11:35:00+00:00,CHF_JPY__monday__london,CHF_JPY,LONG,0.7046224,HARVESTER,197.842,0.057642857142858314,57.21036777158406,2.860518388579203,0.7459727385373965,0.6245353159851411,2026-01-19 11:40:00+00:00,-0.35,-0.39999999999999997,CUT,0.05,140.72827723942393,5.183815386213407
532,2026-01-19 11:45:00+00:00,GBP_JPY__monday__london,GBP_JPY,LONG,0.7101306000000001,HARVESTER,211.894,0.05414285714285378,56.29131089576958,2.8145655447884788,1.2374670184698682,0.0,2026-01-19 11:50:00+00:00,0.55,0.5,TARGET,0.05,142.13556001181817,4.235653540075541
531,2026-01-19 11:44:00+00:00,CHF_JPY__monday__london,CHF_JPY,LONG,0.7123411999999999,HARVESTER,197.884,0.05971428571428662,56.29131089576958,2.8145655447884788,0.502392344497619,0.40191387559761926,2026-01-19 11:55:00+00:00,-0.35,-0.39999999999999997,CUT,0.05,141.00973379390277,4.994183016985842
533,2026-01-19 11:50:00+00:00,USD_CAD__monday__london,USD_CAD,SHORT,0.758758,HARVESTER,1.38898,0.00023571428571429149,56.85422400472727,2.8427112002363635,0.2545454545461739,0.42424242424236713,2026-01-19 11:55:00+00:00,-0.35,-0.39999999999999997,CUT,0.05,139.8726493138082,5.7602977886652456
534,2026-01-19 11:57:00+00:00,EUR_USD__monday__london,EUR_USD,LONG,0.7543820000000001,HARVESTER,1.16276,0.0002814285714285277,55.949059725523284,2.797452986276164,0.14213197969559568,0.4263959390867871,2026-01-19 12:00:00+00:00,-0.35,-0.39999999999999997,CUT,0.05,138.75366811929774,6.514215406355925
535,2026-01-19 11:57:00+00:00,AUD_USD__monday__london,AUD_USD,LONG,0.7252143999999999,HARVESTER,0.67026,0.00020857142857141512,55.949059725523284,2.797452986276164,0.09589041095900619,0.8150684931507541,2026-01-19 12:00:00+00:00,-0.35,-0.39999999999999997,CUT,0.05,137.63468692478727,7.268133024046605
536,2026-01-19 12:00:00+00:00,USD_JPY__monday__london,USD_JPY,SHORT,0.7080012,HARVESTER,158.038,0.05128571428571555,55.05387476991491,2.7526937384957457,1.8133704735379055,0.0,2026-01-19 12:05:00+00:00,0.55,0.5,TARGET,0.05,139.01103379403514,6.340814354287073
537,2026-01-19 12:08:00+00:00,USD_CAD__monday__london,USD_CAD,SHORT,0.7070092,HARVESTER,1.38886,0.00023214285714287123,55.604413517614056,2.780220675880703,0.30153846153850566,0.904615384615517,2026-01-19 12:10:00+00:00,-0.35,-0.39999999999999997,CUT,0.05,137.89894552368287,7.090087839452772
538,2026-01-19 12:11:00+00:00,USD_CHF__monday__london,USD_CHF,SHORT,0.7523932,HARVESTER,0.79856,0.00020285714285714747,55.159578209473146,2.7579789104736574,1.5774647887328415,0.0,2026-01-19 12:15:00+00:00,0.55,0.5,TARGET,0.05,139.2779349789197,6.160988717847307
539,2026-01-19 12:11:00+00:00,EUR_USD__monday__london,EUR_USD,LONG,0.7503112,HARVESTER,1.1629,0.00023142857142858083,55.159578209473146,2.7579789104736574,1.2962962962961009,0.0864197530869824,2026-01-19 12:15:00+00:00,0.55,0.5,TARGET,0.05,140.6569244341565,5.23188959624184
540,2026-01-19 12:15:00+00:00,USD_CHF__monday__london,USD_CHF,SHORT,0.7376972,HARVESTER,0.79837,0.00020642857142857566,56.262769773662605,2.8131384886831303,1.6955017301041226,0.0,2026-01-19 12:20:00+00:00,0.55,0.5,TARGET,0.05,142.06349367849808,4.2842084922042565
541,2026-01-19 12:16:00+00:00,CHF_JPY__monday__london,CHF_JPY,LONG,0.723652,HARVESTER,197.87,0.05807142857142367,56.262769773662605,2.8131384886831303,0.826568265682758,0.22386223862249519,2026-01-19 12:20:00+00:00,0.55,0.5,TARGET,0.05,143.47006292283965,3.336527388166672
542,2026-01-19 12:20:00+00:00,USD_CHF__monday__london,USD_CHF,SHORT,0.7474656000000002,HARVESTER,0.79822,0.00021285714285714956,57.388025169135865,2.869401258456793,1.221476510067254,0.0,2026-01-19 12:25:00+00:00,0.55,0.5,TARGET,0.05,144.90476355206803,2.3698926620483447
543,2026-01-19 12:20:00+00:00,USD_CAD__monday__london,USD_CAD,SHORT,0.7009282,HARVESTER,1.38878,0.00024142857142859877,57.388025169135865,2.869401258456793,1.1597633136086565,0.0,2026-01-19 12:25:00+00:00,0.55,0.5,TARGET,0.05,146.33946418129642,1.403257935930017
544,2026-01-19 12:25:00+00:00,EUR_CHF__monday__london,EUR_CHF,SHORT,0.7100812,HARVESTER,0.9282,0.00016357142857143753,58.53578567251857,2.9267892836259284,0.3056768558951461,0.3668122270739038,2026-01-19 12:30:00+00:00,-0.35,-0.39999999999999997,CUT,0.05,145.16874846784606,2.1920318724425716
545,2026-01-19 12:30:00+00:00,AUD_USD__monday__new_york,AUD_USD,LONG,0.7179388,HARVESTER,0.67045,0.00017928571428571516,58.067499387138426,2.9033749693569213,0.05577689243002477,0.5019920318726999,2026-01-19 12:35:00+00:00,-0.35,-0.39999999999999997,CUT,0.05,144.0073984801033,2.97449561746303
546,2026-01-19 12:38:00+00:00,AUD_JPY__monday__london,AUD_JPY,LONG,0.7271872,HARVESTER,105.902,0.03528571428571427,57.60295939204131,2.8801479696020658,0.9352226720648132,0.2834008097167443,2026-01-19 12:40:00+00:00,0.55,0.5,TARGET,0.05,145.44747246490434,2.0042405736376514
547,2026-01-19 12:38:00+00:00,NZD_JPY__monday__london,NZD_JPY,LONG,0.7168936,HARVESTER,91.394,0.030571428571428378,57.60295939204131,2.8801479696020658,1.0467289719625081,0.0,2026-01-19 12:40:00+00:00,0.55,0.5,TARGET,0.05,146.88754644970538,1.033985529812273
548,2026-01-19 12:41:00+00:00,AUD_JPY__monday__london,AUD_JPY,LONG,0.7010601999999999,HARVESTER,105.916,0.03485714285714384,58.755018579882154,2.9377509289941077,0.8893442622952265,0.0,2026-01-19 12:45:00+00:00,0.55,0.5,TARGET,0.05,148.35642191420243,0.044325385110401065
549,2026-01-19 12:42:00+00:00,USD_CHF__monday__london,USD_CHF,SHORT,0.7025816,HARVESTER,0.79808,0.00021285714285714956,58.755018579882154,2.9377509289941077,0.5637583892617695,0.9395973154361086,2026-01-19 12:45:00+00:00,-0.35,-0.39999999999999997,CUT,0.05,147.1813215426048,0.8360535008718986
550,2026-01-19 12:45:00+00:00,NZD_USD__monday__new_york,NZD_USD,LONG,0.7106556,HARVESTER,0.57872,0.00017142857142856047,58.872528617041915,2.943626430852096,0.0,1.86666666666671,2026-01-19 12:50:00+00:00,-0.35,-0.39999999999999997,CUT,0.05,146.00387097026396,1.6293650728649185
551,2026-01-19 12:50:00+00:00,USD_JPY__monday__london,USD_JPY,LONG,0.7166704,HARVESTER,158.0,0.04414285714286085,58.40154838810559,2.9200774194052794,0.6116504854365431,0.11326860841412696,2026-01-19 12:55:00+00:00,0.55,0.5,TARGET,0.05,147.4639096799666,0.6456587235935646
552,2026-01-19 12:54:00+00:00,EUR_USD__monday__london,EUR_USD,SHORT,0.7023366,HARVESTER,1.16262,0.00024285714285722713,58.40154838810559,2.9200774194052794,0.4117647058821647,1.399999999999543,2026-01-19 13:00:00+00:00,-0.35,-0.39999999999999997,CUT,0.05,146.29587871220448,1.4326238030106515
553,2026-01-19 12:56:00+00:00,CHF_JPY__monday__london,CHF_JPY,SHORT,0.7122146,HARVESTER,197.883,0.0545714285714232,58.98556387198664,2.949278193599332,0.20157068062821293,0.5680628272247743,2026-01-19 13:00:00+00:00,-0.35,-0.39999999999999997,CUT,0.05,145.11616743476475,2.2274585332219052
554,2026-01-19 15:00:00+00:00,USD_CAD__monday__new_york,USD_CAD,SHORT,0.760017,HARVESTER,1.38662,0.00037928571428569313,58.04646697390589,2.902323348695295,1.5819209039547162,0.0,2026-01-19 15:05:00+00:00,0.55,0.5,TARGET,0.05,146.5673291091124,1.249733118554126
555,2026-01-19 15:01:00+00:00,NZD_USD__monday__new_york,NZD_USD,LONG,0.7468838000000001,HARVESTER,0.57893,0.0002607142857142887,58.04646697390589,2.902323348695295,1.34246575342492,0.0,2026-01-19 15:05:00+00:00,0.55,0.5,TARGET,0.05,148.01849078346004,0.2720077038863465
557,2026-01-19 15:05:00+00:00,NZD_JPY__monday__new_york,NZD_JPY,LONG,0.7296058,HARVESTER,91.448,0.03842857142856916,59.20739631338401,2.9603698156692007,1.0408921933087742,0.0,2026-01-19 15:10:00+00:00,0.55,0.5,TARGET,0.05,149.49867569129464,0.0
556,2026-01-19 15:05:00+00:00,AUD_JPY__monday__new_york,AUD_JPY,LONG,0.779878,HARVESTER,105.994,0.03800000000000076,59.20739631338401,2.9603698156692007,0.4210526315790795,0.7105263157894863,2026-01-19 15:15:00+00:00,-0.35,-0.39999999999999997,CUT,0.05,148.31452776502695,0.7920792079207947
558,2026-01-19 15:11:00+00:00,NZD_JPY__monday__new_york,NZD_JPY,LONG,0.7232888,HARVESTER,91.466,0.0387142857142838,59.79947027651786,2.989973513825893,0.6199261992620467,0.6974169741698026,2026-01-19 15:15:00+00:00,-0.35,-0.39999999999999997,CUT,0.05,147.1185383594966,1.592079207920793
559,2026-01-19 15:15:00+00:00,USD_CHF__monday__london,USD_CHF,LONG,0.7212542,HARVESTER,0.79702,0.0002814285714285753,58.84741534379864,2.942370767189932,0.7106598984774638,0.49746192893371177,2026-01-19 15:20:00+00:00,-0.35,-0.39999999999999997,CUT,0.05,145.94159005262063,2.379342574257426
560,2026-01-19 15:15:00+00:00,EUR_USD__monday__london,EUR_USD,SHORT,0.7113074,HARVESTER,1.16372,0.00030642857142851705,58.84741534379864,2.942370767189932,0.2937062937068207,0.8484848484847607,2026-01-19 15:20:00+00:00,-0.35,-0.39999999999999997,CUT,0.05,144.76464174574465,3.1666059405940583
561,2026-01-19 15:21:00+00:00,EUR_GBP__monday__new_york,EUR_GBP,SHORT,0.7539544,HARVESTER,0.86694,0.00017785714285715022,57.90585669829787,2.895292834914893,1.461847389558386,0.0,2026-01-19 15:25:00+00:00,0.55,0.5,TARGET,0.05,146.2122881632021,2.198272000000007
562,2026-01-19 15:21:00+00:00,GBP_JPY__monday__new_york,GBP_JPY,LONG,0.7279482,HARVESTER,211.988,0.05557142857142594,57.90585669829787,2.895292834914893,2.2313624678663437,0.0,2026-01-19 15:25:00+00:00,0.55,0.5,TARGET,0.05,147.65993458065952,1.2299380594059555
563,2026-01-19 15:25:00+00:00,USD_JPY__monday__new_york,USD_JPY,LONG,0.7597072,HARVESTER,157.93,0.035785714285716655,59.06397383226381,2.9531986916131907,1.8443113772454567,0.0,2026-01-19 15:30:00+00:00,0.55,0.5,TARGET,0.05,149.13653392646611,0.24223744000001823
564,2026-01-19 15:25:00+00:00,NZD_JPY__monday__new_york,NZD_JPY,LONG,0.7315645999999999,HARVESTER,91.482,0.038857142857141626,59.06397383226381,2.9531986916131907,0.1544117647058931,1.0294117647060759,2026-01-19 15:30:00+00:00,-0.35,-0.39999999999999997,CUT,0.05,147.95525444982084,1.032397935524768
565,2026-01-19 15:30:00+00:00,USD_JPY__monday__new_york,USD_JPY,LONG,0.7227564,HARVESTER,157.992,0.03592857142857448,59.18210177992834,2.959105088996417,1.0019880715705294,0.7793240556657036,2026-01-19 15:35:00+00:00,-0.35,-0.39999999999999997,CUT,0.05,146.77161241422226,1.8241387520405792
566,2026-01-19 15:30:00+00:00,GBP_JPY__monday__new_york,GBP_JPY,LONG,0.7131694000000001,HARVESTER,212.096,0.05642857142857086,59.18210177992834,2.959105088996417,0.6734177215186838,0.5139240506328521,2026-01-19 15:35:00+00:00,-0.35,-0.39999999999999997,CUT,0.05,145.5879703786237,2.6158795685563714
568,2026-01-19 15:36:00+00:00,USD_CHF__monday__london,USD_CHF,LONG,0.7262472,HARVESTER,0.79771,0.0003107142857142832,58.23518815144949,2.9117594075724744,0.16091954022986862,0.7402298850576816,2026-01-19 15:40:00+00:00,-0.35,-0.39999999999999997,CUT,0.05,144.4232666155947,3.394952532007925
567,2026-01-19 15:36:00+00:00,AUD_JPY__monday__london,AUD_JPY,LONG,0.7334966,HARVESTER,106.02,0.03792857142857083,58.23518815144949,2.9117594075724744,1.7401129943503757,0.21092278719386004,2026-01-19 15:45:00+00:00,0.55,0.5,TARGET,0.05,145.87914631938094,2.421111327693498
569,2026-01-19 15:40:00+00:00,EUR_GBP__monday__new_york,EUR_GBP,SHORT,0.719114,HARVESTER,0.86667,0.00019214285714287089,57.769306646237894,2.8884653323118945,0.20817843866190333,0.5204460966541805,2026-01-19 15:45:00+00:00,-0.35,-0.39999999999999997,CUT,0.05,144.7237601864562,3.193951707437427
570,2026-01-19 15:45:00+00:00,USD_JPY__monday__new_york,USD_JPY,LONG,0.7890544,HARVESTER,158.028,0.04000000000000016,57.889504074582476,2.8944752037291237,0.6750000000003782,0.4500000000000152,2026-01-19 15:50:00+00:00,-0.35,-0.39999999999999997,CUT,0.05,143.56597010496455,3.9684000937779214
571,2026-01-19 15:45:00+00:00,CHF_JPY__monday__london,CHF_JPY,LONG,0.713208,HARVESTER,198.165,0.06871428571428291,57.889504074582476,2.8944752037291237,2.313929313929703,0.07276507276500956,2026-01-19 15:55:00+00:00,0.55,0.5,TARGET,0.05,145.01320770682912,3.000339610852289
572,2026-01-19 15:50:00+00:00,EUR_JPY__monday__new_york,EUR_JPY,LONG,0.7301474,HARVESTER,183.908,0.046785714285712335,57.42638804198582,2.871319402099291,2.0946564885499876,0.08549618320591118,2026-01-19 15:55:00+00:00,0.55,0.5,TARGET,0.05,146.44886740787877,2.040023611790069
573,2026-01-19 15:55:00+00:00,EUR_JPY__monday__new_york,EUR_JPY,LONG,0.7671454,HARVESTER,183.936,0.04935714285714304,58.57954696315151,2.9289773481575754,1.4790159189576026,0.0,2026-01-19 16:00:00+00:00,0.55,0.5,TARGET,0.05,147.91335608195755,1.060423847907975
574,2026-01-19 15:55:00+00:00,CHF_JPY__monday__london,CHF_JPY,LONG,0.7412642,HARVESTER,198.232,0.07171428571428098,58.57954696315151,2.9289773481575754,1.492031872510049,0.0,2026-01-19 16:00:00+00:00,0.55,0.5,TARGET,0.05,149.37784475603632,0.0808240840258811
575,2026-01-25 23:01:00+00:00,EUR_JPY__monday__asia,EUR_JPY,LONG,0.8098332000000001,HARVESTER,183.888,0.22685714285714198,59.75113790241453,2.9875568951207265,0.0,1.1152392947103948,2026-01-25 23:05:00+00:00,-0.35,-0.39999999999999997,CUT,0.05,148.18282199798804,0.8801774913536681
576,2026-01-25 23:01:00+00:00,GBP_JPY__monday__sydney,GBP_JPY,LONG,0.7842154,HARVESTER,211.654,0.2825000000000009,59.75113790241453,2.9875568951207265,0.152212389380553,0.8566371681415555,2026-01-25 23:05:00+00:00,-0.35,-0.39999999999999997,CUT,0.05,146.98779923993976,1.6795308986814552
577,2026-01-25 23:09:00+00:00,EUR_CHF__monday__sydney,EUR_CHF,LONG,0.7346562000000001,HARVESTER,0.92208,0.0010778571428571462,58.795119695975906,2.9397559847987953,0.29688535453941706,0.37110669317424555,2026-01-25 23:15:00+00:00,-0.35,-0.39999999999999997,CUT,0.05,145.81189684602023,2.4660946514920106
578,2026-01-25 23:10:00+00:00,EUR_JPY__monday__asia,EUR_JPY,LONG,0.7667173999999999,HARVESTER,183.86,0.20864285714285863,58.795119695975906,2.9397559847987953,0.6614173228345298,0.009585758301997089,2026-01-25 23:15:00+00:00,0.55,0.5,TARGET,0.05,147.28177483841964,1.482889960478821
579,2026-01-25 23:15:00+00:00,EUR_USD__monday__asia,EUR_USD,LONG,0.7738735999999999,HARVESTER,1.18956,0.0008728571428571355,58.91270993536786,2.945635496768393,0.0,2.5433715220948203,2026-01-25 23:20:00+00:00,-0.35,-0.39999999999999997,CUT,0.05,146.1035206397123,2.2710268407949856
581,2026-01-25 23:20:00+00:00,AUD_USD__monday__sydney,AUD_USD,SHORT,0.737359,HARVESTER,0.69182,0.0007621428571428541,58.44140825588491,2.9220704127942456,0.6822867853795256,0.0,2026-01-25 23:25:00+00:00,0.55,0.5,TARGET,0.05,147.5645558461094,1.2937371092029324
580,2026-01-25 23:15:00+00:00,EUR_JPY__monday__asia,EUR_JPY,LONG,0.7599272,HARVESTER,183.925,0.2047142857142867,58.91270993536786,2.945635496768393,0.6789951151429633,0.25889741800417243,2026-01-25 23:30:00+00:00,0.55,0.5,TARGET,0.05,149.0373735944936,0.30856600880772644
582,2026-01-25 23:25:00+00:00,AUD_JPY__monday__sydney,AUD_JPY,LONG,0.7774464,HARVESTER,107.174,0.17450000000000085,59.02582233844377,2.9512911169221883,0.5616045845272121,0.0,2026-01-25 23:30:00+00:00,0.55,0.5,TARGET,0.05,150.51301915295468,0.0
583,2026-01-25 23:30:00+00:00,USD_CHF__monday__asia,USD_CHF,LONG,0.784106,HARVESTER,0.77736,0.0008214285714285603,60.20520766118188,3.010260383059094,0.6330434782608354,0.03652173913053938,2026-01-25 23:35:00+00:00,0.55,0.5,TARGET,0.05,152.01814934448424,0.0
585,2026-01-25 23:35:00+00:00,NZD_JPY__monday__sydney,NZD_JPY,SHORT,0.7130428,HARVESTER,92.402,0.14164285714285846,60.8072597377937,3.040362986889685,0.6354009077156006,0.0,2026-01-25 23:40:00+00:00,0.55,0.5,TARGET,0.05,153.5383308379291,0.0
586,2026-01-25 23:48:00+00:00,USD_CHF__monday__asia,USD_CHF,LONG,0.7161158,HARVESTER,0.77808,0.0008692857142857153,61.41533233517164,3.070766616758582,0.0,0.5291700903862133,2026-01-25 23:50:00+00:00,-0.35,-0.39999999999999997,CUT,0.05,152.31002419122566,0.7999999999999985
584,2026-01-25 23:32:00+00:00,NZD_USD__monday__sydney,NZD_USD,SHORT,0.7125520000000001,HARVESTER,0.59599,0.0006392857142856993,60.20520766118188,3.010260383059094,1.0167597765363983,0.34413407821229536,2026-01-26 00:00:00+00:00,0.55,0.5,TARGET,0.05,153.81515438275522,0.0
587,2026-01-25 23:56:00+00:00,EUR_CHF__monday__asia,EUR_CHF,LONG,0.7287946,HARVESTER,0.92256,0.000747142857142843,60.92400967649027,3.0462004838245136,0.6692160611854073,0.321223709369055,2026-01-26 00:00:00+00:00,0.55,0.5,TARGET,0.05,155.33825462466748,0.0
588,2026-01-26 00:01:00+00:00,USD_CAD__monday__sydney,USD_CAD,SHORT,0.7210842,HARVESTER,1.37012,0.0005614285714285223,62.13530184986699,3.1067650924933496,0.6055979643766557,0.7302798982189316,2026-01-26 00:05:00+00:00,-0.35,-0.39999999999999997,CUT,0.05,154.09554858767015,0.7999999999999957
589,2026-01-26 00:07:00+00:00,NZD_JPY__monday__asia,NZD_JPY,SHORT,0.7248696,HARVESTER,92.401,0.1153571428571435,61.638219435068066,3.0819109717534032,0.31207430340558284,0.48544891640864335,2026-01-26 00:10:00+00:00,-0.35,-0.39999999999999997,CUT,0.05,152.8627841989688,1.593599999999992
590,2026-01-26 00:07:00+00:00,AUD_JPY__monday__asia,AUD_JPY,SHORT,0.7015502,HARVESTER,107.15,0.15707142857143047,61.638219435068066,3.0819109717534032,0.1782628467485568,0.7130513869940464,2026-01-26 00:10:00+00:00,-0.35,-0.39999999999999997,CUT,0.05,151.63001981026744,2.387199999999988
591,2026-01-26 00:15:00+00:00,GBP_USD__monday__asia,GBP_USD,SHORT,0.7282438,HARVESTER,1.36472,0.0007850000000000198,60.65200792410698,3.032600396205349,0.48407643312078386,0.35668789808923684,2026-01-26 00:20:00+00:00,-0.35,-0.39999999999999997,CUT,0.05,150.4169796517853,3.168102399999982
592,2026-01-26 00:17:00+00:00,USD_CAD__monday__asia,USD_CAD,SHORT,0.780756,HARVESTER,1.36988,0.000552857142857101,60.65200792410698,3.032600396205349,0.7235142118862801,0.32558139534898667,2026-01-26 00:25:00+00:00,0.55,0.5,TARGET,0.05,151.93327984988798,2.191974399999985
593,2026-01-26 00:22:00+00:00,EUR_CHF__monday__asia,EUR_CHF,LONG,0.718245,HARVESTER,0.92312,0.0004221428571428471,60.16679186071413,3.008339593035706,0.0,0.4737732656516603,2026-01-26 00:25:00+00:00,-0.35,-0.39999999999999997,CUT,0.05,150.7299440126737,2.966629580799976
594,2026-01-26 00:25:00+00:00,USD_CAD__monday__asia,USD_CAD,SHORT,0.7244112,HARVESTER,1.36953,0.000523571428571401,60.29197760506949,3.0145988802534744,0.0,0.7066848567530714,2026-01-26 00:30:00+00:00,-0.35,-0.39999999999999997,CUT,0.05,149.52410446057232,3.7428965441535795
595,2026-01-26 00:27:00+00:00,EUR_JPY__monday__asia,EUR_JPY,SHORT,0.7555738,HARVESTER,183.709,0.1625000000000004,60.29197760506949,3.0145988802534744,0.23384615384622043,0.5969230769231273,2026-01-26 00:30:00+00:00,-0.35,-0.39999999999999997,CUT,0.05,148.31826490847092,4.519163507507183
596,2026-01-26 00:35:00+00:00,USD_CHF__monday__asia,USD_CHF,SHORT,0.7084412,HARVESTER,0.77828,0.0005735714285714193,59.32730596338837,2.9663652981694186,0.9763387297634117,0.0,2026-01-26 00:40:00+00:00,0.55,0.5,TARGET,0.05,149.80144755755563,3.564355142582254
597,2026-01-26 00:36:00+00:00,EUR_CHF__monday__asia,EUR_CHF,SHORT,0.7495394,HARVESTER,0.92252,0.00038642857142858123,59.32730596338837,2.9663652981694186,1.0351201478741665,0.0,2026-01-26 00:40:00+00:00,0.55,0.5,TARGET,0.05,151.28463020664034,2.609546777657325
598,2026-01-26 00:41:00+00:00,USD_CHF__monday__asia,USD_CHF,SHORT,0.7225102000000001,HARVESTER,0.77786,0.0005721428571428544,60.51385208265614,3.025692604132807,0.2446941323346336,0.45443196005000613,2026-01-26 00:45:00+00:00,-0.35,-0.39999999999999997,CUT,0.05,150.07435316498723,3.388670403436061
599,2026-01-26 00:41:00+00:00,USD_JPY__monday__asia,USD_JPY,SHORT,0.7171258,HARVESTER,154.791,0.19357142857142914,60.51385208265614,3.025692604132807,0.08265682656821963,0.42878228782286876,2026-01-26 00:45:00+00:00,-0.35,-0.39999999999999997,CUT,0.05,148.86407612333412,4.167794029214797
600,2026-01-26 00:45:00+00:00,USD_JPY__monday__asia,USD_JPY,SHORT,0.7999571999999999,HARVESTER,154.776,0.1857142857142853,59.54563044933365,2.9772815224666824,0.5815384615384849,0.6730769230769246,2026-01-26 00:50:00+00:00,-0.35,-0.39999999999999997,CUT,0.05,147.67316351434744,4.934451676981082
601,2026-01-26 00:45:00+00:00,GBP_JPY__monday__asia,GBP_JPY,SHORT,0.7818062,HARVESTER,211.338,0.20892857142857021,59.54563044933365,2.9772815224666824,0.46905982905975885,0.765811965811954,2026-01-26 00:50:00+00:00,-0.35,-0.39999999999999997,CUT,0.05,146.48225090536076,5.701109324747368
603,2026-01-26 00:52:00+00:00,USD_CHF__monday__asia,USD_CHF,SHORT,0.7223925999999999,HARVESTER,0.77768,0.0005942857142857139,58.592900362144306,2.929645018107215,0.706730769230916,0.269230769230665,2026-01-26 00:55:00+00:00,0.55,0.5,TARGET,0.05,147.94707341441438,4.758120417994834
602,2026-01-26 00:52:00+00:00,USD_CAD__monday__asia,USD_CAD,SHORT,0.7278632,HARVESTER,1.36908,0.0004942857142857011,58.592900362144306,2.929645018107215,0.8497109826591581,0.22254335260082303,2026-01-26 01:00:00+00:00,0.55,0.5,TARGET,0.05,149.411895923468,3.8151315112423005
604,2026-01-26 00:55:00+00:00,GBP_USD__monday__asia,GBP_USD,LONG,0.7091613999999999,HARVESTER,1.3659,0.0007100000000000042,59.17882936576575,2.9589414682882875,2.21126760563389,0.0,2026-01-26 01:00:00+00:00,0.55,0.5,TARGET,0.05,150.89136665761214,2.862712715422249
605,2026-01-26 11:00:00+00:00,CHF_JPY__monday__london,CHF_JPY,SHORT,0.7475822,HARVESTER,197.636,0.1361428571428535,60.35654666304485,3.0178273331522427,2.732423924449076,0.0,2026-01-26 11:05:00+00:00,0.55,0.5,TARGET,0.05,152.40028032418826,1.8913398425764723
606,2026-01-26 11:00:00+00:00,USD_CAD__monday__london,USD_CAD,LONG,0.7291478,HARVESTER,1.36796,0.0003428571428571051,60.35654666304485,3.0178273331522427,1.1666666666666665,0.0,2026-01-26 11:05:00+00:00,0.55,0.5,TARGET,0.05,153.90919399076438,0.9199669697306958
607,2026-01-26 11:06:00+00:00,EUR_CHF__monday__london,EUR_CHF,LONG,0.7358468,HARVESTER,0.92162,0.00027571428571426804,61.56367759630576,3.078183879815288,0.725388601036236,0.0,2026-01-26 11:10:00+00:00,0.55,0.5,TARGET,0.05,155.44828593067203,0.0
608,2026-01-26 11:06:00+00:00,USD_CHF__monday__london,USD_CHF,LONG,0.7277129999999999,HARVESTER,0.77727,0.0003885714285714286,61.56367759630576,3.078183879815288,0.8492647058822022,0.0,2026-01-26 11:10:00+00:00,0.55,0.5,TARGET,0.05,156.98737787057968,0.0
609,2026-01-26 11:10:00+00:00,USD_CAD__monday__london,USD_CAD,LONG,0.8099444,HARVESTER,1.36843,0.00032928571428565104,62.794951148231874,3.1397475574115936,0.5770065075920359,0.45553145336263046,2026-01-26 11:15:00+00:00,-0.35,-0.39999999999999997,CUT,0.05,155.73147884761505,0.7999999999999933
610,2026-01-26 11:10:00+00:00,USD_CHF__monday__london,USD_CHF,LONG,0.7587630000000001,HARVESTER,0.77756,0.0003735714285714255,62.794951148231874,3.1397475574115936,0.2409177820265658,0.37476099426394305,2026-01-26 11:15:00+00:00,-0.35,-0.39999999999999997,CUT,0.05,154.47557982465042,1.5999999999999865
611,2026-01-26 11:18:00+00:00,USD_JPY__monday__london,USD_JPY,LONG,0.7407508,HARVESTER,153.625,0.10914285714285654,61.79023192986017,3.0895115964930087,1.0170157068061967,0.0,2026-01-26 11:20:00+00:00,0.55,0.5,TARGET,0.05,156.02033562289694,0.6159999999999811
612,2026-01-26 11:18:00+00:00,EUR_JPY__monday__london,EUR_JPY,LONG,0.7326726,HARVESTER,182.13,0.1326428571428571,61.79023192986017,3.0895115964930087,0.6634356488960229,0.0,2026-01-26 11:20:00+00:00,0.55,0.5,TARGET,0.05,157.56509142114345,0.0
613,2026-01-26 11:20:00+00:00,EUR_JPY__monday__london,EUR_JPY,LONG,0.751404,HARVESTER,182.184,0.12835714285714264,63.026036568457386,3.151301828422869,0.6544240400668039,0.0,2026-01-26 11:25:00+00:00,0.55,0.5,TARGET,0.05,159.14074233535487,0.0
614,2026-01-26 11:20:00+00:00,CHF_JPY__monday__london,CHF_JPY,LONG,0.735656,HARVESTER,197.647,0.14678571428571072,63.026036568457386,3.151301828422869,0.715328467153426,0.3065693430656157,2026-01-26 11:30:00+00:00,0.55,0.5,TARGET,0.05,160.7163932495663,0.0
615,2026-01-26 11:25:00+00:00,USD_JPY__monday__london,USD_JPY,LONG,0.7765607999999999,HARVESTER,153.753,0.10492857142856897,63.65629693414195,3.1828148467070974,0.7147719537101861,0.2382573179031245,2026-01-26 11:30:00+00:00,0.55,0.5,TARGET,0.05,162.30780067291985,0.0
616,2026-01-26 11:31:00+00:00,AUD_JPY__monday__london,AUD_JPY,LONG,0.709516,HARVESTER,106.374,0.07885714285713874,64.92312026916794,3.246156013458397,0.43115942028995397,0.7101449275362358,2026-01-26 11:35:00+00:00,-0.35,-0.39999999999999997,CUT,0.05,161.0093382675365,0.8000000000000016
617,2026-01-26 11:31:00+00:00,USD_CHF__monday__london,USD_CHF,LONG,0.7004032,HARVESTER,0.77802,0.0003721428571428447,64.92312026916794,3.246156013458397,0.0,1.8809980806143574,2026-01-26 11:35:00+00:00,-0.35,-0.39999999999999997,CUT,0.05,159.71087586215313,1.6000000000000032
618,2026-01-26 11:35:00+00:00,CHF_JPY__monday__london,CHF_JPY,LONG,0.8041300000000001,HARVESTER,197.728,0.14971428571428394,63.884350344861254,3.1942175172430627,0.607824427480788,0.4007633587786459,2026-01-26 11:40:00+00:00,-0.35,-0.39999999999999997,CUT,0.05,158.4331888552559,2.3872000000000027
619,2026-01-26 11:37:00+00:00,EUR_CHF__monday__london,EUR_CHF,SHORT,0.7072054,HARVESTER,0.92174,0.0002849999999999718,63.884350344861254,3.1942175172430627,1.0877192982458357,0.0,2026-01-26 11:40:00+00:00,0.55,0.5,TARGET,0.05,160.03029761387745,1.4031999999999945
620,2026-01-26 11:40:00+00:00,GBP_USD__monday__london,GBP_USD,LONG,0.731658,HARVESTER,1.36726,0.0004271428571428323,64.01211904555099,3.200605952277549,0.25752508361218274,0.7959866220736412,2026-01-26 11:45:00+00:00,-0.35,-0.39999999999999997,CUT,0.05,158.75005523296642,2.1919744000000034
621,2026-01-26 11:40:00+00:00,AUD_CAD__monday__london,AUD_CAD,LONG,0.7083956,HARVESTER,0.94699,0.00026285714285715196,64.01211904555099,3.200605952277549,0.0,1.1793478260870391,2026-01-26 11:45:00+00:00,-0.35,-0.39999999999999997,CUT,0.05,157.46981285205538,2.9807488000000117
623,2026-01-26 11:49:00+00:00,USD_CAD__monday__london,USD_CAD,LONG,0.7471622,HARVESTER,1.36863,0.00031357142857140515,62.987925140822156,3.149396257041108,0.1275626423691576,1.052391799544311,2026-01-26 11:50:00+00:00,-0.35,-0.39999999999999997,CUT,0.05,156.21005434923893,3.756902809600018
624,2026-01-26 11:50:00+00:00,GBP_JPY__monday__london,GBP_JPY,LONG,0.7364577999999999,HARVESTER,210.184,0.1364285714285732,62.48402173969558,3.1242010869847787,0.0,1.018848167539327,2026-01-26 11:55:00+00:00,-0.35,-0.39999999999999997,CUT,0.05,154.96037391444503,4.5268475871232114
622,2026-01-26 11:48:00+00:00,CHF_JPY__monday__london,CHF_JPY,LONG,0.710888,HARVESTER,197.758,0.14821428571428288,62.987925140822156,3.149396257041108,0.7489156626505492,0.41831325301213595,2026-01-26 12:00:00+00:00,-0.35,-0.39999999999999997,CUT,0.05,153.70061541162858,5.3030015967232185
625,2026-01-26 11:56:00+00:00,NZD_JPY__monday__london,NZD_JPY,LONG,0.7136916,HARVESTER,91.772,0.06292857142857246,61.98414956577801,3.0992074782889008,0.9216799091939669,0.03178206583443046,2026-01-26 12:00:00+00:00,0.55,0.5,TARGET,0.05,155.25021915077303,4.3482700725944445
626,2026-01-26 12:00:00+00:00,AUD_CAD__monday__london,AUD_CAD,LONG,0.7059566,HARVESTER,0.94728,0.000307142857142863,62.100087660309214,3.105004383015461,0.9767441860463855,0.0,2026-01-26 12:05:00+00:00,0.55,0.5,TARGET,0.05,156.80272134228076,3.391752773320391
627,2026-01-26 12:01:00+00:00,AUD_USD__monday__london,AUD_USD,LONG,0.7162852,HARVESTER,0.69234,0.0002878571428571651,62.100087660309214,3.105004383015461,0.4863523573201624,0.6253101736970762,2026-01-26 12:10:00+00:00,-0.35,-0.39999999999999997,CUT,0.05,155.56071958907458,4.156966612739634
628,2026-01-26 12:06:00+00:00,NZD_JPY__monday__london,NZD_JPY,LONG,0.8151516000000001,HARVESTER,91.842,0.06028571428571589,62.721088536912305,3.1360544268456154,0.9123222748816054,0.16587677725126526,2026-01-26 12:10:00+00:00,0.55,0.5,TARGET,0.05,157.12874680249737,3.190884140472846
630,2026-01-26 12:10:00+00:00,EUR_JPY__monday__london,EUR_JPY,LONG,0.7496806,HARVESTER,182.414,0.11307142857143251,62.85149872099895,3.1425749360499475,0.9728363866077936,0.07075173720766587,2026-01-26 12:15:00+00:00,0.55,0.5,TARGET,0.05,158.70003427052234,2.222792981877581
629,2026-01-26 12:10:00+00:00,GBP_USD__monday__london,GBP_USD,SHORT,0.7658076,HARVESTER,1.36612,0.0004507142857142884,62.85149872099895,3.1425749360499475,1.1980982567353002,0.17749603803504174,2026-01-26 12:20:00+00:00,0.55,0.5,TARGET,0.05,160.2713217385473,1.2547018232823166
631,2026-01-26 12:15:00+00:00,USD_CHF__monday__london,USD_CHF,LONG,0.7393296,HARVESTER,0.77797,0.00034214285714285434,63.48001370820894,3.174000685410447,0.5553235908139449,0.23382045929042364,2026-01-26 12:20:00+00:00,0.55,0.5,TARGET,0.05,161.8583220812525,0.2769297531011007
632,2026-01-26 12:22:00+00:00,GBP_USD__monday__london,GBP_USD,SHORT,0.7463374,HARVESTER,1.36586,0.0004614285714285967,64.743328832501,3.23716644162505,1.4303405572756909,0.0,2026-01-26 12:25:00+00:00,0.55,0.5,TARGET,0.05,163.47690530206503,0.0
633,2026-01-26 12:22:00+00:00,EUR_USD__monday__london,EUR_USD,SHORT,0.722921,HARVESTER,1.18521,0.00031571428571427633,64.743328832501,3.23716644162505,1.425339366516074,0.0,2026-01-26 12:25:00+00:00,0.55,0.5,TARGET,0.05,165.09548852287756,0.0
634,2026-01-26 12:25:00+00:00,USD_JPY__monday__london,USD_JPY,LONG,0.7040674,HARVESTER,153.954,0.0884285714285653,66.03819540915103,3.3019097704575513,0.8368336025846896,0.21486268174482617,2026-01-26 12:30:00+00:00,0.55,0.5,TARGET,0.05,166.74644340810633,0.0
635,2026-01-26 12:26:00+00:00,NZD_USD__monday__london,NZD_USD,SHORT,0.7313978,HARVESTER,0.59669,0.00020000000000000177,66.03819540915103,3.3019097704575513,0.6500000000003667,0.7499999999999107,2026-01-26 12:30:00+00:00,-0.35,-0.39999999999999997,CUT,0.05,165.42567949992332,0.7920792079207863
636,2026-01-26 12:30:00+00:00,USD_JPY__monday__new_york,USD_JPY,LONG,0.7503987999999999,HARVESTER,154.006,0.08907142857142146,66.17027179996933,3.3085135899984666,0.5276663993584693,1.2125100240578812,2026-01-26 12:35:00+00:00,-0.35,-0.39999999999999997,CUT,0.05,164.10227406392394,1.5857425742574138
637,2026-01-26 12:30:00+00:00,USD_CAD__monday__london,USD_CAD,LONG,0.7350367999999999,HARVESTER,1.36884,0.00027285714285713817,66.17027179996933,3.3085135899984666,0.5863874345547566,0.21989528795793198,2026-01-26 12:35:00+00:00,0.55,0.5,TARGET,0.05,165.75653085892318,0.5936633663366166
638,2026-01-26 12:37:00+00:00,AUD_CAD__monday__london,AUD_CAD,LONG,0.7151738,HARVESTER,0.94736,0.0002850000000000035,66.30261234356928,3.315130617178464,0.0,1.6842105263155054,2026-01-26 12:40:00+00:00,-0.35,-0.39999999999999997,CUT,0.05,164.4304786120518,1.3889140594059317
639,2026-01-26 12:40:00+00:00,USD_CAD__monday__new_york,USD_CAD,LONG,0.7728466,HARVESTER,1.36898,0.0002614285714285553,65.77219144482072,3.288609572241036,1.9125683060108363,0.0,2026-01-26 12:45:00+00:00,0.55,0.5,TARGET,0.05,166.07478339817231,0.4028031999999845
640,2026-01-26 12:41:00+00:00,USD_JPY__monday__new_york,USD_JPY,LONG,0.7347636,HARVESTER,154.051,0.09128571428570963,65.77219144482072,3.288609572241036,1.2159624413148178,0.0,2026-01-26 12:45:00+00:00,0.55,0.5,TARGET,0.05,167.71908818429284,0.0
641,2026-01-26 12:45:00+00:00,EUR_USD__monday__new_york,EUR_USD,SHORT,0.7740244,HARVESTER,1.18442,0.00029999999999998284,67.08763527371714,3.354381763685857,1.3666666666668164,0.0,2026-01-26 12:50:00+00:00,0.55,0.5,TARGET,0.05,169.39627906613578,0.0
642,2026-01-26 12:45:00+00:00,USD_JPY__monday__new_york,USD_JPY,LONG,0.703986,HARVESTER,154.075,0.09128571428570963,67.08763527371714,3.354381763685857,1.2597809076683955,0.0,2026-01-26 12:50:00+00:00,0.55,0.5,TARGET,0.05,171.0734699479787,0.0
643,2026-01-26 12:50:00+00:00,USD_JPY__monday__new_york,USD_JPY,LONG,0.720823,HARVESTER,154.156,0.0889285714285677,68.42938797919149,3.4214693989595744,0.4048192771084661,0.7646586345383203,2026-01-26 12:55:00+00:00,-0.35,-0.39999999999999997,CUT,0.05,169.7048821883949,0.799999999999993
644,2026-01-26 12:50:00+00:00,USD_CAD__monday__new_york,USD_CAD,LONG,0.7195590000000001,HARVESTER,1.36951,0.0002864285714285605,68.42938797919149,3.4214693989595744,1.536159600997551,0.0,2026-01-26 12:55:00+00:00,0.55,0.5,TARGET,0.05,171.41561688787468,0.0
645,2026-01-26 12:55:00+00:00,GBP_JPY__monday__new_york,GBP_JPY,LONG,0.7040207999999999,HARVESTER,210.434,0.12657142857143405,68.56624675514988,3.4283123377574936,1.193002257336374,0.4898419864558296,2026-01-26 13:05:00+00:00,-0.35,-0.39999999999999997,CUT,0.05,170.0442919527717,0.7999999999999957
646,2026-01-26 12:56:00+00:00,NZD_USD__monday__london,NZD_USD,SHORT,0.7860904000000001,HARVESTER,0.59638,0.00021357142857141614,68.56624675514988,3.4283123377574936,3.324414715719203,0.0,2026-01-26 13:00:00+00:00,0.55,0.5,TARGET,0.05,171.75844812165045,0.0
647,2026-01-26 15:00:00+00:00,EUR_CHF__monday__new_york,EUR_CHF,SHORT,0.7296666,HARVESTER,0.92122,0.0003185714285714062,68.70337924866018,3.435168962433009,0.8789237668163872,0.0,2026-01-26 15:05:00+00:00,0.55,0.5,TARGET,0.05,173.47603260286695,0.0
648,2026-01-26 15:01:00+00:00,GBP_USD__monday__new_york,GBP_USD,LONG,0.7830748,HARVESTER,1.36922,0.000577857142857122,68.70337924866018,3.435168962433009,0.8825710754013961,0.6229913473426593,2026-01-26 15:05:00+00:00,-0.35,-0.39999999999999997,CUT,0.05,172.10196501789375,0.7920792079207924
649,2026-01-26 15:06:00+00:00,NZD_JPY__monday__new_york,NZD_JPY,LONG,0.772025,HARVESTER,92.057,0.049357142857142024,68.8407860071575,3.442039300357875,0.9117221418234942,0.4659913169319122,2026-01-26 15:10:00+00:00,-0.35,-0.39999999999999997,CUT,0.05,170.7251492977506,1.5857425742574298
650,2026-01-26 15:06:00+00:00,CHF_JPY__monday__london,CHF_JPY,LONG,0.741287,HARVESTER,198.216,0.1019999999999998,68.8407860071575,3.442039300357875,0.3921568627450208,0.5882352941176705,2026-01-26 15:10:00+00:00,-0.35,-0.39999999999999997,CUT,0.05,169.34833357760743,2.3794059405940673
651,2026-01-26 15:10:00+00:00,GBP_USD__monday__new_york,GBP_USD,LONG,0.8237582,HARVESTER,1.3697,0.0006092857142856932,67.73933343104298,3.3869666715521487,0.06565064478318633,0.6400937866352467,2026-01-26 15:15:00+00:00,-0.35,-0.39999999999999997,CUT,0.05,167.9935469089866,3.160370693069307
652,2026-01-26 15:10:00+00:00,NZD_USD__monday__new_york,NZD_USD,LONG,0.7534152,HARVESTER,0.59876,0.0003542857142857276,67.73933343104298,3.3869666715521487,0.11290322580656029,0.9596774193548223,2026-01-26 15:15:00+00:00,-0.35,-0.39999999999999997,CUT,0.05,166.63876024036574,3.941335445544547
653,2026-01-26 15:15:00+00:00,NZD_JPY__monday__london,NZD_JPY,LONG,0.7390886,HARVESTER,92.1,0.0509999999999999,66.6555040961463,3.332775204807315,0.0,1.0196078431371098,2026-01-26 15:20:00+00:00,-0.35,-0.39999999999999997,CUT,0.05,165.3056501584428,4.709804761980198
654,2026-01-26 15:15:00+00:00,GBP_JPY__monday__new_york,GBP_JPY,LONG,0.7362801999999999,HARVESTER,210.681,0.1089285714285759,66.6555040961463,3.332775204807315,0.15606557377044783,0.7068852459015936,2026-01-26 15:20:00+00:00,-0.35,-0.39999999999999997,CUT,0.05,163.97254007651986,5.47827407841585
655,2026-01-26 15:20:00+00:00,EUR_JPY__monday__london,EUR_JPY,LONG,0.7300354,HARVESTER,182.688,0.09671428571428464,65.58901603060795,3.2794508015303974,0.6410635155097305,0.4032496307236542,2026-01-26 15:25:00+00:00,-0.35,-0.39999999999999997,CUT,0.05,162.6607597559077,6.234447885788531
656,2026-01-26 15:20:00+00:00,USD_JPY__monday__london,USD_JPY,LONG,0.7225214,HARVESTER,153.873,0.09507142857143183,65.58901603060795,3.2794508015303974,0.0,0.9992486851990522,2026-01-26 15:25:00+00:00,-0.35,-0.39999999999999997,CUT,0.05,161.34897943529552,6.990621693161211
657,2026-01-26 15:26:00+00:00,USD_CHF__monday__new_york,USD_CHF,SHORT,0.7191542,HARVESTER,0.77534,0.00045000000000001387,64.53959177411821,3.2269795887059103,0.555555555555724,0.26666666666667843,2026-01-26 15:30:00+00:00,0.55,0.5,TARGET,0.05,162.96246922964846,6.06052791009283
658,2026-01-26 15:26:00+00:00,CHF_JPY__monday__london,CHF_JPY,LONG,0.7176161999999999,HARVESTER,198.382,0.11171428571428521,64.53959177411821,3.2269795887059103,1.002557544756991,0.0,2026-01-26 15:30:00+00:00,0.55,0.5,TARGET,0.05,164.5759590240014,5.130434127024448
659,2026-01-26 15:30:00+00:00,GBP_JPY__monday__new_york,GBP_JPY,LONG,0.8051312000000002,HARVESTER,210.73,0.11328571428572129,65.83038360960057,3.2915191804800283,0.15889029003782723,1.624211853719928,2026-01-26 15:35:00+00:00,-0.35,-0.39999999999999997,CUT,0.05,163.25935135180939,5.889390654008259
660,2026-01-26 15:30:00+00:00,EUR_JPY__monday__london,EUR_JPY,LONG,0.7635197999999999,HARVESTER,182.751,0.10421428571428189,65.83038360960057,3.2915191804800283,0.7580534612749478,0.6525017135025385,2026-01-26 15:35:00+00:00,-0.35,-0.39999999999999997,CUT,0.05,161.94274367961737,6.648347180992068
661,2026-01-26 15:35:00+00:00,EUR_USD__monday__new_york,EUR_USD,LONG,0.7902028,HARVESTER,1.18839,0.0005149999999999798,64.77709747184694,3.2388548735923472,0.8349514563105773,0.11650485436883755,2026-01-26 15:40:00+00:00,0.55,0.5,TARGET,0.05,163.56217111641354,5.714830652801989
662,2026-01-26 15:36:00+00:00,EUR_GBP__monday__new_york,EUR_GBP,LONG,0.709568,HARVESTER,0.86759,0.0003214285714285757,64.77709747184694,3.2388548735923472,0.34222222222238724,0.6533333333331145,2026-01-26 15:40:00+00:00,-0.35,-0.39999999999999997,CUT,0.05,162.2666291669766,6.461643875354052
663,2026-01-26 15:40:00+00:00,GBP_USD__monday__new_york,GBP_USD,LONG,0.745429,HARVESTER,1.37044,0.0006292857142856974,64.90665166679064,3.245332583339532,0.0,1.1441543700341688,2026-01-26 15:45:00+00:00,-0.35,-0.39999999999999997,CUT,0.05,160.9684961336408,7.209950724351214
664,2026-01-26 15:40:00+00:00,USD_CHF__monday__new_york,USD_CHF,SHORT,0.7367855999999999,HARVESTER,0.77462,0.00046142857142857297,64.90665166679064,3.245332583339532,1.0402476780184098,0.21671826625384538,2026-01-26 15:45:00+00:00,0.55,0.5,TARGET,0.05,162.59116242531056,6.2745671631047575
666,2026-01-26 15:46:00+00:00,USD_CHF__monday__new_york,USD_CHF,SHORT,0.7150236,HARVESTER,0.77436,0.000477857142857141,65.03646497012423,3.251823248506211,0.9417040358745717,0.18834080717472848,2026-01-26 15:50:00+00:00,0.55,0.5,TARGET,0.05,164.21707404956365,5.337312834735814
665,2026-01-26 15:46:00+00:00,EUR_USD__monday__new_york,EUR_USD,LONG,0.7246116,HARVESTER,1.18906,0.0005221428571428362,65.03646497012423,3.251823248506211,1.2257181942544453,0.24897400820787438,2026-01-26 15:55:00+00:00,0.55,0.5,TARGET,0.05,165.84298567381674,4.400058506366868
667,2026-01-26 15:50:00+00:00,CHF_JPY__monday__london,CHF_JPY,LONG,0.7647337999999999,HARVESTER,198.559,0.1178571428571392,65.68682961982546,3.284341480991273,1.4933333333335166,0.0,2026-01-26 15:55:00+00:00,0.55,0.5,TARGET,0.05,167.48515641431237,3.453431634714231
668,2026-01-26 15:55:00+00:00,GBP_JPY__monday__new_york,GBP_JPY,LONG,0.8014926000000001,HARVESTER,210.784,0.12585714285714492,66.99406256572495,3.3497031282862473,0.7627695800227179,0.09534619750283974,2026-01-26 16:00:00+00:00,0.55,0.5,TARGET,0.05,169.1600079784555,2.487965951061372
669,2026-01-26 15:55:00+00:00,NZD_USD__monday__new_york,NZD_USD,LONG,0.7459877999999999,HARVESTER,0.59924,0.000327142857142883,66.99406256572495,3.3497031282862473,1.2838427947596505,0.0,2026-01-26 16:00:00+00:00,0.55,0.5,TARGET,0.05,170.83485954259862,1.5225002674085135
670,2026-02-01 23:03:00+00:00,USD_CAD__monday__asia,USD_CAD,LONG,0.7235912,HARVESTER,1.36246,0.0005178571428571413,68.33394381703945,3.4166971908519725,4.5572413793102,0.0,2026-02-01 23:05:00+00:00,0.55,0.5,TARGET,0.05,172.5432081380246,0.5377252700826054
671,2026-02-01 23:04:00+00:00,GBP_USD__monday__asia,GBP_USD,SHORT,0.7514651999999999,HARVESTER,1.36792,0.0006621428571428968,68.33394381703945,3.4166971908519725,1.4045307443366326,0.0,2026-02-01 23:05:00+00:00,0.55,0.5,TARGET,0.05,174.25155673345057,0.0
672,2026-02-01 23:05:00+00:00,USD_CAD__monday__asia,USD_CAD,LONG,0.8000266,HARVESTER,1.36352,0.0006278571428571324,69.70062269338023,3.4850311346690113,3.6313993174059456,0.0,2026-02-01 23:10:00+00:00,0.55,0.5,TARGET,0.05,175.99407230078506,0.0
673,2026-02-01 23:05:00+00:00,GBP_USD__monday__asia,GBP_USD,SHORT,0.7684102,HARVESTER,1.3679,0.0006921428571429031,69.70062269338023,3.4850311346690113,2.412796697626025,0.0,2026-02-01 23:10:00+00:00,0.55,0.5,TARGET,0.05,177.73658786811956,0.0
674,2026-02-01 23:10:00+00:00,USD_JPY__monday__asia,USD_JPY,LONG,0.7195276,HARVESTER,155.482,0.1008571428571372,71.09463514724783,3.5547317573623913,0.15864022662881616,1.407932011331483,2026-02-01 23:15:00+00:00,-0.35,-0.39999999999999997,CUT,0.05,176.3146951651746,0.7999999999999934
675,2026-02-01 23:10:00+00:00,USD_CHF__monday__sydney,USD_CHF,LONG,0.7080564,HARVESTER,0.7742,0.00036357142857143136,71.09463514724783,3.5547317573623913,1.045186640471634,0.2750491159135236,2026-02-01 23:15:00+00:00,0.55,0.5,TARGET,0.05,178.0920610438558,0.0
676,2026-02-01 23:18:00+00:00,AUD_JPY__monday__asia,AUD_JPY,SHORT,0.7489305999999999,HARVESTER,107.638,0.11028571428571508,71.23682441754232,3.5618412208771164,0.562176165803212,0.36269430051805995,2026-02-01 23:20:00+00:00,-0.35,-0.39999999999999997,CUT,0.05,176.66732455550496,0.7999999999999994
677,2026-02-01 23:18:00+00:00,NZD_JPY__monday__sydney,NZD_JPY,SHORT,0.734893,HARVESTER,93.26,0.09514285714285668,71.23682441754232,3.5618412208771164,1.0825825825826787,0.21021021021016942,2026-02-01 23:20:00+00:00,0.55,0.5,TARGET,0.05,178.44824516594352,0.0
678,2026-02-01 23:21:00+00:00,NZD_JPY__monday__asia,NZD_JPY,SHORT,0.7322692000000001,HARVESTER,93.237,0.10192857142857191,71.37929806637742,3.5689649033188706,0.8339173090398787,0.0,2026-02-01 23:25:00+00:00,0.55,0.5,TARGET,0.05,180.23272761760296,0.0
679,2026-02-01 23:21:00+00:00,NZD_USD__monday__asia,NZD_USD,SHORT,0.7174466,HARVESTER,0.59989,0.0004685714285714452,71.37929806637742,3.5689649033188706,1.173780487804944,0.6189024390243949,2026-02-01 23:25:00+00:00,-0.35,-0.39999999999999997,CUT,0.05,178.80514165627542,0.792079207920786
680,2026-02-01 23:25:00+00:00,EUR_CHF__monday__sydney,EUR_CHF,LONG,0.7411932,HARVESTER,0.9173,0.0003421428571428385,71.52205666251018,3.5761028331255087,0.0,1.227557411273483,2026-02-01 23:30:00+00:00,-0.35,-0.39999999999999997,CUT,0.05,177.3747005230252,1.585742574257425
681,2026-02-01 23:25:00+00:00,EUR_JPY__monday__sydney,EUR_JPY,LONG,0.7081908,HARVESTER,184.069,0.10557142857142107,71.52205666251018,3.5761028331255087,0.0,1.8092016238161197,2026-02-01 23:30:00+00:00,-0.35,-0.39999999999999997,CUT,0.05,175.944259389775,2.3794059405940637
682,2026-02-01 23:30:00+00:00,USD_JPY__monday__sydney,USD_JPY,SHORT,0.7306071999999999,HARVESTER,155.308,0.11571428571427995,70.37770375591,3.5188851877955,1.7629629629628718,0.0,2026-02-01 23:35:00+00:00,0.55,0.5,TARGET,0.05,177.70370198367274,1.403200000000007
683,2026-02-01 23:30:00+00:00,GBP_JPY__monday__sydney,GBP_JPY,SHORT,0.7209406,HARVESTER,212.361,0.15907142857142884,70.37770375591,3.5188851877955,0.5846430175122803,0.22002694207451792,2026-02-01 23:35:00+00:00,0.55,0.5,TARGET,0.05,179.4631445775705,0.42699405940595037
684,2026-02-01 23:35:00+00:00,AUD_JPY__monday__asia,AUD_JPY,LONG,0.7395768,HARVESTER,107.793,0.11314285714285635,71.78525783102819,3.5892628915514098,0.8042929292928817,0.008838383838426103,2026-02-01 23:40:00+00:00,0.55,0.5,TARGET,0.05,181.2577760233462,0.0
685,2026-02-01 23:35:00+00:00,USD_CHF__monday__sydney,USD_CHF,SHORT,0.7033128,HARVESTER,0.77388,0.0004350000000000108,71.78525783102819,3.5892628915514098,1.6091954022988886,0.0,2026-02-01 23:40:00+00:00,0.55,0.5,TARGET,0.05,183.0524074691219,0.0
686,2026-02-01 23:40:00+00:00,AUD_USD__monday__sydney,AUD_USD,LONG,0.7445198,HARVESTER,0.69502,0.0007214285714285633,73.22096298764876,3.661048149382438,0.3465346534654662,1.0534653465346417,2026-02-01 23:45:00+00:00,-0.35,-0.39999999999999997,CUT,0.05,181.58798820936892,0.8000000000000063
687,2026-02-01 23:40:00+00:00,GBP_USD__monday__sydney,GBP_USD,LONG,0.7204062,HARVESTER,1.36894,0.0008421428571428548,73.22096298764876,3.661048149382438,0.0,1.4368108566583735,2026-02-01 23:45:00+00:00,-0.35,-0.39999999999999997,CUT,0.05,180.12356894961593,1.6000000000000125
688,2026-02-01 23:45:00+00:00,USD_JPY__monday__asia,USD_JPY,LONG,0.7114666000000001,HARVESTER,155.187,0.11092857142856515,72.04942757984638,3.602471378992319,0.5318737926593765,0.7482292337411742,2026-02-01 23:50:00+00:00,-0.35,-0.39999999999999997,CUT,0.05,178.682580398019,2.387200000000006
689,2026-02-01 23:46:00+00:00,USD_CAD__monday__sydney,USD_CAD,SHORT,0.7033926,HARVESTER,1.36337,0.0008385714285714345,72.04942757984638,3.602471378992319,0.3458262350935768,0.45315161839868995,2026-02-01 23:50:00+00:00,-0.35,-0.39999999999999997,CUT,0.05,177.2415918464221,3.1744000000000003
690,2026-02-01 23:52:00+00:00,AUD_USD__monday__sydney,AUD_USD,LONG,0.7052948000000001,HARVESTER,0.69474,0.0008157142857142847,70.89663673856884,3.544831836928442,0.36777583187386537,0.46584938704033835,2026-02-01 23:55:00+00:00,-0.35,-0.39999999999999997,CUT,0.05,175.82365911165073,3.9490047999999964
691,2026-02-01 23:53:00+00:00,USD_CAD__monday__sydney,USD_CAD,SHORT,0.7722815999999999,HARVESTER,1.36328,0.0008735714285714259,70.89663673856884,3.544831836928442,0.11447260834013492,0.7784137367130192,2026-02-01 23:55:00+00:00,-0.35,-0.39999999999999997,CUT,0.05,174.40572637687936,4.7236095999999925
692,2026-02-01 23:57:00+00:00,EUR_GBP__monday__asia,EUR_GBP,LONG,0.7055886000000001,HARVESTER,0.86637,0.0003278571428571575,69.76229055075174,3.4881145275375873,0.15250544662307008,0.8235294117646461,2026-02-02 00:00:00+00:00,-0.35,-0.39999999999999997,CUT,0.05,173.01048056586433,5.48582072319999
693,2026-02-01 23:59:00+00:00,EUR_USD__monday__asia,EUR_USD,SHORT,0.704824,HARVESTER,1.18463,0.0005764285714285888,69.76229055075174,3.4881145275375873,0.0,2.8277571251548443,2026-02-02 00:00:00+00:00,-0.35,-0.39999999999999997,CUT,0.05,171.6152347548493,6.2480318463999875
694,2026-02-02 00:04:00+00:00,EUR_USD__monday__asia,EUR_USD,LONG,0.7625346000000001,HARVESTER,1.1862,0.00068357142857145,68.64609390193972,3.432304695096986,1.1264367816093932,0.43887147335416987,2026-02-02 00:05:00+00:00,-0.35,-0.39999999999999997,CUT,0.05,170.2423128768105,6.998047591628788
695,2026-02-02 00:04:00+00:00,GBP_USD__monday__asia,GBP_USD,LONG,0.7257796,HARVESTER,1.36934,0.0010099999999999712,68.64609390193972,3.432304695096986,0.7524752475248669,0.4356435643564441,2026-02-02 00:05:00+00:00,-0.35,-0.39999999999999997,CUT,0.05,168.8693909987717,7.748063336857588
696,2026-02-02 00:06:00+00:00,AUD_USD__monday__sydney,AUD_USD,LONG,0.750068,HARVESTER,0.69646,0.000988571428571418,67.54775639950869,3.3773878199754344,0.5664739884393174,0.0,2026-02-02 00:10:00+00:00,0.55,0.5,TARGET,0.05,170.5580849087594,6.825543970226171
697,2026-02-02 00:08:00+00:00,EUR_JPY__monday__asia,EUR_JPY,LONG,0.7499155999999999,HARVESTER,183.818,0.11707142857142726,67.54775639950869,3.3773878199754344,0.9054301403294327,0.43563148261149115,2026-02-02 00:10:00+00:00,-0.35,-0.39999999999999997,CUT,0.05,169.20712978076924,7.563559463531311
698,2026-02-02 00:11:00+00:00,USD_JPY__monday__asia,USD_JPY,SHORT,0.7368544,HARVESTER,154.837,0.13599999999999568,67.6828519123077,3.3841425956153848,0.0,0.8014705882353848,2026-02-02 00:15:00+00:00,-0.35,-0.39999999999999997,CUT,0.05,167.85347274252308,8.303050987823061
699,2026-02-02 00:11:00+00:00,EUR_JPY__monday__asia,EUR_JPY,LONG,0.7323279999999999,HARVESTER,183.849,0.11985714285714266,67.6828519123077,3.3841425956153848,0.8593563766389293,0.008343265792412971,2026-02-02 00:15:00+00:00,0.55,0.5,TARGET,0.05,169.54554404033078,7.37868658245837
700,2026-02-02 00:15:00+00:00,AUD_JPY__monday__asia,AUD_JPY,LONG,0.8065156,HARVESTER,107.956,0.12035714285713997,67.81821761613232,3.3909108808066155,0.7560830860533805,0.33234421364991157,2026-02-02 00:20:00+00:00,0.55,0.5,TARGET,0.05,171.2409994807341,6.452473448282945
701,2026-02-02 00:15:00+00:00,NZD_JPY__monday__asia,NZD_JPY,LONG,0.8042986000000001,HARVESTER,93.42,0.11499999999999895,67.81821761613232,3.3909108808066155,0.6260869565217686,0.3826086956521507,2026-02-02 00:20:00+00:00,-0.35,-0.39999999999999997,CUT,0.05,169.88463512841145,7.193443955623286
702,2026-02-02 00:21:00+00:00,EUR_JPY__monday__asia,EUR_JPY,LONG,0.7284155999999999,HARVESTER,183.974,0.12757142857142664,67.95385405136459,3.397692702568229,0.3370660694289464,0.5565509518476968,2026-02-02 00:25:00+00:00,-0.35,-0.39999999999999997,CUT,0.05,168.52555804738415,7.9358964039783
703,2026-02-02 00:21:00+00:00,GBP_JPY__monday__asia,GBP_JPY,LONG,0.7246544,HARVESTER,212.336,0.146571428571426,67.95385405136459,3.397692702568229,0.3274853801167833,0.49805068226126853,2026-02-02 00:25:00+00:00,-0.35,-0.39999999999999997,CUT,0.05,167.16648096635686,8.678348852333317
704,2026-02-02 00:31:00+00:00,EUR_JPY__monday__asia,EUR_JPY,LONG,0.7447792,HARVESTER,184.01,0.12749999999999975,66.86659238654275,3.3433296193271373,0.8078431372549713,0.28235294117648185,2026-02-02 00:40:00+00:00,0.55,0.5,TARGET,0.05,168.83814577602044,7.765132340856641
705,2026-02-02 00:32:00+00:00,GBP_JPY__monday__asia,GBP_JPY,LONG,0.708359,HARVESTER,212.409,0.14592857142856783,66.86659238654275,3.3433296193271373,0.9799314733235727,0.34948604992650306,2026-02-02 00:40:00+00:00,0.55,0.5,TARGET,0.05,170.50981058568402,6.851915829379967
706,2026-02-02 00:41:00+00:00,EUR_USD__monday__asia,EUR_USD,SHORT,0.7246300000000001,HARVESTER,1.1867,0.0006464285714286192,68.20392423427361,3.4101962117136804,0.8817679558013206,0.15469613259665663,2026-02-02 00:55:00+00:00,0.55,0.5,TARGET,0.05,172.21490869154087,5.9204349876737625
707,2026-02-02 00:41:00+00:00,USD_CHF__monday__asia,USD_CHF,LONG,0.7013122,HARVESTER,0.77252,0.00046714285714284854,68.20392423427361,3.4101962117136804,1.3486238532110757,0.17125382262990618,2026-02-02 00:55:00+00:00,0.55,0.5,TARGET,0.05,173.92000679739772,4.988954145967558
708,2026-02-02 00:56:00+00:00,GBP_JPY__monday__asia,GBP_JPY,LONG,0.7224989999999999,HARVESTER,212.628,0.1504999999999959,69.5680027189591,3.4784001359479544,0.37209302325590116,0.9700996677740238,2026-02-02 01:05:00+00:00,-0.35,-0.39999999999999997,CUT,0.05,172.52864674301853,5.749042512799822
709,2026-02-02 00:58:00+00:00,EUR_JPY__monday__sydney,EUR_JPY,LONG,0.7145737999999999,HARVESTER,184.208,0.12700000000000142,69.5680027189591,3.4784001359479544,0.5669291338582829,0.04724409448819024,2026-02-02 01:00:00+00:00,0.55,0.5,TARGET,0.05,174.2678468109925,4.798932054259503
711,2026-02-02 11:04:00+00:00,AUD_JPY__monday__london,AUD_JPY,LONG,0.7401574,HARVESTER,107.688,0.07057142857142752,69.707138724397,3.48535693621985,0.08502024291498424,0.5809716599189919,2026-02-02 11:05:00+00:00,-0.35,-0.39999999999999997,CUT,0.05,172.87370403650456,5.5605405978254225
712,2026-02-02 11:05:00+00:00,USD_JPY__monday__london,USD_JPY,LONG,0.717732,HARVESTER,154.789,0.06642857142857395,69.14948161460183,3.4574740807300914,0.24086021505404867,0.6473118279566327,2026-02-02 11:15:00+00:00,-0.35,-0.39999999999999997,CUT,0.05,171.49071440421253,6.316056273042819
710,2026-02-02 11:00:00+00:00,AUD_CAD__monday__london,AUD_CAD,LONG,0.7256658,HARVESTER,0.94854,0.00048357142857142447,69.707138724397,3.48535693621985,0.3722304283603298,0.45494830132939407,2026-02-02 11:20:00+00:00,-0.35,-0.39999999999999997,CUT,0.05,170.0965716297246,7.077664816608739
713,2026-02-02 11:15:00+00:00,EUR_GBP__monday__london,EUR_GBP,SHORT,0.7130125999999999,HARVESTER,0.866,0.0002221428571428533,68.59628576168501,3.4298142880842506,1.2604501607714873,0.0,2026-02-02 11:20:00+00:00,0.55,0.5,TARGET,0.05,171.8114787737667,6.140825379339173
714,2026-02-02 11:24:00+00:00,GBP_JPY__monday__london,GBP_JPY,LONG,0.7057705999999999,HARVESTER,212.126,0.08685714285714344,68.72459150950668,3.436229575475334,0.8289473684210785,0.3684210526316995,2026-02-02 11:25:00+00:00,-0.35,-0.39999999999999997,CUT,0.05,170.43698694357658,6.891698776304454
715,2026-02-02 11:27:00+00:00,AUD_JPY__monday__london,AUD_JPY,LONG,0.7214501999999999,HARVESTER,107.726,0.06771428571428524,68.17479477743063,3.4087397388715317,0.9746835443038412,0.0,2026-02-02 11:30:00+00:00,0.55,0.5,TARGET,0.05,172.14135681301235,5.960615764067499
716,2026-02-02 11:28:00+00:00,AUD_USD__monday__london,AUD_USD,LONG,0.7020368,HARVESTER,0.69604,0.00047428571428572076,68.17479477743063,3.4087397388715317,1.1807228915662593,0.0,2026-02-02 11:30:00+00:00,0.55,0.5,TARGET,0.05,173.84572668244812,5.029532751830543
717,2026-02-02 11:30:00+00:00,USD_CAD__monday__london,USD_CAD,SHORT,0.715655,HARVESTER,1.36289,0.0004578571428571289,69.53829067297924,3.476914533648962,0.8081123244929639,0.1528861154446541,2026-02-02 11:35:00+00:00,0.55,0.5,TARGET,0.05,175.58418394927259,4.0798280793488555
718,2026-02-02 11:30:00+00:00,AUD_JPY__monday__london,AUD_JPY,LONG,0.7091476,HARVESTER,107.754,0.06578571428571475,69.53829067297924,3.476914533648962,2.1737242128121554,0.0,2026-02-02 11:35:00+00:00,0.55,0.5,TARGET,0.05,177.32264121609705,3.1301234068671677
720,2026-02-02 11:37:00+00:00,USD_CAD__monday__london,USD_CAD,SHORT,0.7355555999999999,HARVESTER,1.36252,0.00044642857142856193,70.92905648643882,3.5464528243219413,0.0,1.568000000000358,2026-02-02 11:40:00+00:00,-0.35,-0.39999999999999997,CUT,0.05,175.90406008636828,3.905082419612232
721,2026-02-02 11:40:00+00:00,USD_JPY__monday__london,USD_JPY,LONG,0.7253462,HARVESTER,154.846,0.05728571428570969,70.3616240345473,3.5180812017273655,0.38403990024925655,0.38403990024925655,2026-02-02 11:45:00+00:00,-0.35,-0.39999999999999997,CUT,0.05,174.49682760567734,4.673841760255328
719,2026-02-02 11:36:00+00:00,CHF_JPY__monday__london,CHF_JPY,LONG,0.7090240000000001,HARVESTER,199.652,0.10564285714285607,70.92905648643882,3.5464528243219413,0.501690331305184,0.41649763353601377,2026-02-02 11:50:00+00:00,-0.35,-0.39999999999999997,CUT,0.05,173.07824647594856,5.448800773000392
722,2026-02-02 11:47:00+00:00,GBP_USD__monday__london,GBP_USD,SHORT,0.8082216000000001,HARVESTER,1.36963,0.0005157142857142542,69.79873104227094,3.489936552113547,0.23268698060923462,0.36842105263186226,2026-02-02 11:50:00+00:00,-0.35,-0.39999999999999997,CUT,0.05,171.68227185510315,6.211410038918343
723,2026-02-02 11:51:00+00:00,AUD_USD__monday__london,AUD_USD,SHORT,0.7245822,HARVESTER,0.69604,0.0004378571428571327,68.67290874204127,3.4336454371020633,0.8678629690050214,0.0,2026-02-02 11:55:00+00:00,0.55,0.5,TARGET,0.05,173.3990945736542,5.27352413930752
724,2026-02-02 11:51:00+00:00,NZD_USD__monday__london,NZD_USD,SHORT,0.711662,HARVESTER,0.60172,0.0003078571428571296,68.67290874204127,3.4336454371020633,0.5197215777263996,2.2412993039443094,2026-02-02 12:00:00+00:00,-0.35,-0.39999999999999997,CUT,0.05,172.02563639881336,6.023832858996179
725,2026-02-02 11:55:00+00:00,GBP_JPY__monday__london,GBP_JPY,SHORT,0.7790288,HARVESTER,212.032,0.07814285714285672,69.35963782946168,3.4679818914730838,0.38391224862890144,0.9469835466177144,2026-02-02 12:00:00+00:00,-0.35,-0.39999999999999997,CUT,0.05,170.63844364222413,6.781644665881717
726,2026-02-02 12:04:00+00:00,GBP_JPY__monday__london,GBP_JPY,LONG,0.7009122,HARVESTER,212.076,0.07757142857142744,68.25537745688965,3.4127688728444827,0.4898710865563172,0.6961325966851194,2026-02-02 12:05:00+00:00,-0.35,-0.39999999999999997,CUT,0.05,169.27333609308633,7.527391508554669
727,2026-02-02 12:08:00+00:00,USD_CHF__monday__london,USD_CHF,LONG,0.754429,HARVESTER,0.77568,0.00037642857142858706,67.70933443723453,3.3854667218617265,0.9563567362426212,0.13282732447815823,2026-02-02 12:10:00+00:00,0.55,0.5,TARGET,0.05,170.9660694540172,6.60266542364021
728,2026-02-02 12:08:00+00:00,USD_JPY__monday__london,USD_JPY,LONG,0.7031696,HARVESTER,154.816,0.0584285714285662,67.70933443723453,3.3854667218617265,1.8141809290954234,0.06845965770155807,2026-02-02 12:10:00+00:00,0.55,0.5,TARGET,0.05,172.65880281494807,5.677939338725752
729,2026-02-02 12:10:00+00:00,USD_CHF__monday__london,USD_CHF,LONG,0.802208,HARVESTER,0.77571,0.00037285714285715095,69.06352112597924,3.4531760562989615,1.206896551723979,0.0,2026-02-02 12:15:00+00:00,0.55,0.5,TARGET,0.05,174.38539084309755,4.73471873211301
730,2026-02-02 12:10:00+00:00,USD_JPY__monday__london,USD_JPY,LONG,0.7537412000000001,HARVESTER,154.838,0.061142857142850664,69.06352112597924,3.4531760562989615,2.011682242991176,0.0,2026-02-02 12:15:00+00:00,0.55,0.5,TARGET,0.05,176.11197887124703,3.7914981255002687
731,2026-02-02 12:15:00+00:00,EUR_USD__monday__london,EUR_USD,SHORT,0.7381527999999999,HARVESTER,1.18552,0.0004528571428571596,70.44479154849881,3.5222395774249406,0.8832807570976619,0.22082018927441546,2026-02-02 12:20:00+00:00,0.55,0.5,TARGET,0.05,177.8730986599595,2.829413106755267
732,2026-02-02 12:15:00+00:00,NZD_USD__monday__london,NZD_USD,SHORT,0.7145333999999999,HARVESTER,0.6015,0.00035999999999998734,70.44479154849881,3.5222395774249406,0.66666666666674,0.7777777777776578,2026-02-02 12:20:00+00:00,-0.35,-0.39999999999999997,CUT,0.05,176.46420282898953,3.5990811217512677
733,2026-02-02 12:20:00+00:00,NZD_USD__monday__london,NZD_USD,SHORT,0.745911,HARVESTER,0.60127,0.00037285714285712715,70.58568113159582,3.5292840565797907,0.0,1.5823754789272146,2026-02-02 12:25:00+00:00,-0.35,-0.39999999999999997,CUT,0.05,175.05248920635762,4.370288472777253
734,2026-02-02 12:20:00+00:00,AUD_USD__monday__london,AUD_USD,SHORT,0.737395,HARVESTER,0.69534,0.0005085714285714296,70.58568113159582,3.5292840565797907,0.0,1.4550561797754233,2026-02-02 12:25:00+00:00,-0.35,-0.39999999999999997,CUT,0.05,173.6407755837257,5.141495823803238
735,2026-02-02 12:28:00+00:00,USD_CHF__monday__london,USD_CHF,LONG,0.7473384000000001,HARVESTER,0.77592,0.0003485714285714441,69.45631023349029,3.4728155116745145,0.17213114754082956,0.6024590163935405,2026-02-02 12:30:00+00:00,-0.35,-0.39999999999999997,CUT,0.05,172.25164937905592,5.900363857212806
736,2026-02-02 12:34:00+00:00,GBP_JPY__monday__london,GBP_JPY,LONG,0.7434076000000001,HARVESTER,212.182,0.08200000000000175,68.90065975162237,3.4450329875811185,0.08536585365859577,0.487804878048673,2026-02-02 12:35:00+00:00,-0.35,-0.39999999999999997,CUT,0.05,170.87363618402347,6.653160946355105
737,2026-02-02 12:38:00+00:00,USD_JPY__monday__new_york,USD_JPY,LONG,0.7258747999999999,HARVESTER,154.982,0.06757142857142437,68.34945447360938,3.4174727236804694,0.38477801268516815,0.4291754756870764,2026-02-02 12:40:00+00:00,-0.35,-0.39999999999999997,CUT,0.05,169.50664709455128,7.399935658784262
738,2026-02-02 12:39:00+00:00,EUR_JPY__monday__london,EUR_JPY,SHORT,0.7395632,HARVESTER,183.596,0.0625,68.34945447360938,3.4174727236804694,0.2559999999998581,0.6239999999997963,2026-02-02 12:40:00+00:00,-0.35,-0.39999999999999997,CUT,0.05,168.1396580050791,8.14671037121342
739,2026-02-02 12:41:00+00:00,CHF_JPY__monday__london,CHF_JPY,SHORT,0.7444904,HARVESTER,199.614,0.07135714285714048,67.25586320203165,3.362793160101582,0.9669669669672349,0.5325325325323049,2026-02-02 12:45:00+00:00,-0.35,-0.39999999999999997,CUT,0.05,166.79454074103847,8.88153668824371
740,2026-02-02 12:43:00+00:00,GBP_USD__monday__london,GBP_USD,SHORT,0.7078,HARVESTER,1.3687,0.0005242857142857231,67.25586320203165,3.362793160101582,0.0,0.9727520435967338,2026-02-02 12:45:00+00:00,-0.35,-0.39999999999999997,CUT,0.05,165.44942347699785,9.616363005273996
741,2026-02-02 12:48:00+00:00,USD_CHF__monday__new_york,USD_CHF,LONG,0.7666486,HARVESTER,0.77655,0.0003571428571428733,66.17976939079914,3.308988469539957,0.0,1.567999999999943,2026-02-02 12:50:00+00:00,-0.35,-0.39999999999999997,CUT,0.05,164.12582808918188,10.339432101231798
742,2026-02-02 12:50:00+00:00,EUR_USD__monday__new_york,EUR_USD,SHORT,0.7372652000000001,HARVESTER,1.18466,0.00047785714285713307,65.65033123567275,3.2825165617836376,0.7533632286998557,0.7324364723464882,2026-02-02 12:55:00+00:00,-0.35,-0.39999999999999997,CUT,0.05,162.8128214644684,11.056716644421948
743,2026-02-02 12:58:00+00:00,AUD_JPY__monday__london,AUD_JPY,LONG,0.7367676000000001,HARVESTER,107.838,0.0682857142857145,65.12512858578737,3.2562564292893685,0.0,3.104602510460081,2026-02-02 13:00:00+00:00,-0.35,-0.39999999999999997,CUT,0.05,161.51031889275268,11.768262911266566
744,2026-02-02 12:59:00+00:00,CHF_JPY__monday__london,CHF_JPY,SHORT,0.7036186000000001,HARVESTER,199.586,0.07642857142856892,65.12512858578737,3.2562564292893685,1.6224299065424188,0.7196261682240401,2026-02-02 13:00:00+00:00,-0.35,-0.39999999999999997,CUT,0.05,160.20781632103694,12.479809178111184
745,2026-02-02 15:01:00+00:00,EUR_USD__monday__london,EUR_USD,SHORT,0.7263326,HARVESTER,1.18098,0.0007278571428571848,64.08312652841478,3.204156326420739,0.0,0.9754661432776511,2026-02-02 15:05:00+00:00,-0.35,-0.39999999999999997,CUT,0.05,158.92615379046865,13.179970704686298
746,2026-02-02 15:01:00+00:00,USD_CAD__monday__new_york,USD_CAD,LONG,0.7090586,HARVESTER,1.36738,0.0009714285714285596,64.08312652841478,3.204156326420739,0.0,1.9558823529412135,2026-02-02 15:05:00+00:00,-0.35,-0.39999999999999997,CUT,0.05,157.64449125990035,13.880132231261408
747,2026-02-02 15:09:00+00:00,AUD_JPY__monday__new_york,AUD_JPY,LONG,0.7794985999999999,HARVESTER,108.214,0.10221428571428655,63.057796503960134,3.152889825198007,0.6652690426275066,0.2445842068484114,2026-02-02 15:10:00+00:00,0.55,0.5,TARGET,0.05,159.22093617249936,13.018933553574016
748,2026-02-02 15:09:00+00:00,NZD_JPY__monday__new_york,NZD_JPY,LONG,0.7500747999999999,HARVESTER,93.416,0.07557142857142603,63.057796503960134,3.152889825198007,0.5689981096409351,0.29111531190915824,2026-02-02 15:10:00+00:00,0.55,0.5,TARGET,0.05,160.79738108509838,12.157734875886623
749,2026-02-02 15:10:00+00:00,AUD_JPY__monday__new_york,AUD_JPY,LONG,0.7576162,HARVESTER,108.231,0.10257142857143009,64.31895243403935,3.2159476217019676,0.8579387186630186,0.16573816155984622,2026-02-02 15:15:00+00:00,0.55,0.5,TARGET,0.05,162.40535489594936,11.279312224645492
750,2026-02-02 15:10:00+00:00,NZD_JPY__monday__new_york,NZD_JPY,LONG,0.7448512,HARVESTER,93.424,0.07564285714285493,64.31895243403935,3.2159476217019676,0.9254013220018255,0.1850802644005154,2026-02-02 15:15:00+00:00,0.55,0.5,TARGET,0.05,164.01332870680034,10.400889573404362
751,2026-02-02 15:15:00+00:00,USD_JPY__monday__london,USD_JPY,LONG,0.7422148000000001,HARVESTER,155.564,0.09742857142856767,65.60533148272013,3.280266574136007,0.7800586510263553,0.6260997067449645,2026-02-02 15:20:00+00:00,-0.35,-0.39999999999999997,CUT,0.05,162.70122207714593,11.11768245681713
752,2026-02-02 15:16:00+00:00,AUD_CAD__monday__london,AUD_CAD,LONG,0.7016948000000001,HARVESTER,0.95114,0.0007778571428571317,65.60533148272013,3.280266574136007,0.3085399449036088,0.5528007346188349,2026-02-02 15:20:00+00:00,-0.35,-0.39999999999999997,CUT,0.05,161.38911544749152,11.834475340229899
753,2026-02-02 15:25:00+00:00,EUR_GBP__monday__new_york,EUR_GBP,SHORT,0.7382718,HARVESTER,0.86467,0.0003685714285714403,64.55564617899661,3.2277823089498305,0.8953488372094162,0.0,2026-02-02 15:30:00+00:00,0.55,0.5,TARGET,0.05,163.00300660196643,10.952820093632196
754,2026-02-02 15:25:00+00:00,GBP_JPY__monday__new_york,GBP_JPY,LONG,0.7022044000000001,HARVESTER,212.448,0.1237142857142816,64.55564617899661,3.2277823089498305,0.0,0.9538106235565733,2026-02-02 15:30:00+00:00,-0.35,-0.39999999999999997,CUT,0.05,161.7118936783865,11.658144290910357
755,2026-02-02 15:31:00+00:00,CHF_JPY__monday__london,CHF_JPY,SHORT,0.7553706,HARVESTER,199.256,0.14485714285714227,64.6847574713546,3.23423787356773,0.0,1.2978303747533753,2026-02-02 15:35:00+00:00,-0.35,-0.39999999999999997,CUT,0.05,160.4181985289594,12.364879136583076
756,2026-02-02 15:31:00+00:00,EUR_GBP__monday__new_york,EUR_GBP,SHORT,0.7269194000000001,HARVESTER,0.86448,0.00037642857142857915,64.6847574713546,3.23423787356773,0.21252371916529358,0.6110056925994817,2026-02-02 15:35:00+00:00,-0.35,-0.39999999999999997,CUT,0.05,159.1245033795323,13.071613982255794
757,2026-02-02 15:41:00+00:00,GBP_USD__monday__london,GBP_USD,SHORT,0.7495384,HARVESTER,1.36497,0.001210714285714303,63.649801351812926,3.1824900675906465,1.569321533923292,0.0,2026-02-02 15:45:00+00:00,0.55,0.5,TARGET,0.05,160.71574841332765,12.202330122078347
758,2026-02-02 15:45:00+00:00,GBP_JPY__monday__new_york,GBP_JPY,SHORT,0.7362034000000001,HARVESTER,212.229,0.11921428571428448,64.28629936533106,3.214314968266553,0.34391851408050284,0.39424805272616265,2026-02-02 15:50:00+00:00,-0.35,-0.39999999999999997,CUT,0.05,159.43002242602103,12.904711481101721
759,2026-02-02 15:45:00+00:00,NZD_JPY__monday__london,NZD_JPY,SHORT,0.7309762,HARVESTER,93.4,0.0790714285714275,64.28629936533106,3.214314968266553,1.0117434507680128,0.0,2026-02-02 15:50:00+00:00,0.55,0.5,TARGET,0.05,161.0371799101543,12.026734782322508
760,2026-02-02 15:50:00+00:00,CHF_JPY__monday__london,CHF_JPY,SHORT,0.7639516,HARVESTER,199.219,0.151999999999999,64.41487196406172,3.220743598203086,0.4999999999999599,0.9473684210526737,2026-02-02 15:55:00+00:00,-0.35,-0.39999999999999997,CUT,0.05,159.74888247087307,12.730520904063921
761,2026-02-02 15:50:00+00:00,USD_CHF__monday__london,USD_CHF,LONG,0.7236832000000001,HARVESTER,0.78136,0.0008221428571428665,64.41487196406172,3.220743598203086,0.462206776715816,0.6568201563858608,2026-02-02 15:55:00+00:00,-0.35,-0.39999999999999997,CUT,0.05,158.46058503159185,13.434307025805337
762,2026-02-02 15:55:00+00:00,NZD_JPY__monday__new_york,NZD_JPY,SHORT,0.7571446000000001,HARVESTER,93.298,0.08135714285714155,63.384234012636746,3.169211700631837,0.5162423178226794,0.9956101843723102,2026-02-02 16:05:00+00:00,-0.35,-0.39999999999999997,CUT,0.05,157.19290035133912,14.126832569598891
763,2026-02-02 15:56:00+00:00,GBP_JPY__monday__london,GBP_JPY,SHORT,0.770235,HARVESTER,212.154,0.11642857142857313,63.384234012636746,3.169211700631837,0.9533742331287345,0.1202453987730903,2026-02-02 16:00:00+00:00,0.55,0.5,TARGET,0.05,158.77750620165503,13.261175639856948
764,2026-02-08 23:00:00+00:00,EUR_JPY__monday__sydney,EUR_JPY,LONG,0.7755692,HARVESTER,186.041,0.16514285714284785,63.511002480662015,3.1755501240331006,1.1686851211074052,0.0,2026-02-08 23:05:00+00:00,0.55,0.5,TARGET,0.05,160.3652812636716,12.393787396255512
765,2026-02-08 23:00:00+00:00,GBP_JPY__monday__asia,GBP_JPY,LONG,0.7680266,HARVESTER,214.198,0.20550000000000068,63.511002480662015,3.1755501240331006,1.1776155717761043,0.0,2026-02-08 23:05:00+00:00,0.55,0.5,TARGET,0.05,161.95305632568815,11.526399152654074
766,2026-02-08 23:05:00+00:00,NZD_JPY__monday__asia,NZD_JPY,LONG,0.7286154,HARVESTER,94.964,0.1220714285714288,64.78122253027526,3.239061126513763,0.0,0.6062024575775138,2026-02-08 23:10:00+00:00,-0.35,-0.39999999999999997,CUT,0.05,160.65743187508264,12.234187959432848
767,2026-02-08 23:05:00+00:00,AUD_JPY__monday__sydney,AUD_JPY,LONG,0.7262454,HARVESTER,110.76,0.14685714285714369,64.78122253027526,3.239061126513763,0.06809338521394546,0.3540856031128841,2026-02-08 23:10:00+00:00,-0.35,-0.39999999999999997,CUT,0.05,159.36180742447712,12.94197676621162
768,2026-02-08 23:10:00+00:00,GBP_USD__monday__asia,GBP_USD,SHORT,0.7407457999999999,HARVESTER,1.35974,0.0003135714285714686,63.74472296979085,3.1872361484895424,1.9134396355348526,0.0,2026-02-08 23:15:00+00:00,0.55,0.5,TARGET,0.05,160.9554254987219,12.071396533873736
769,2026-02-08 23:10:00+00:00,EUR_GBP__monday__asia,EUR_GBP,LONG,0.7356484,HARVESTER,0.86868,0.00018142857142855462,63.74472296979085,3.1872361484895424,1.7637795275591466,0.0,2026-02-08 23:15:00+00:00,0.55,0.5,TARGET,0.05,162.54904357296667,11.200816301535852
770,2026-02-08 23:15:00+00:00,USD_JPY__monday__asia,USD_JPY,LONG,0.7100755999999999,HARVESTER,157.652,0.11407142857142714,65.01961742918667,3.2509808714593333,0.0,0.5259862241700967,2026-02-08 23:20:00+00:00,-0.35,-0.39999999999999997,CUT,0.05,161.24865122438294,11.911209771123561
772,2026-02-08 23:22:00+00:00,GBP_USD__monday__asia,GBP_USD,SHORT,0.701753,HARVESTER,1.35907,0.00033214285714287605,64.49946048975318,3.224973024487659,0.7827956989244667,0.21075268817207465,2026-02-08 23:25:00+00:00,0.55,0.5,TARGET,0.05,162.86113773662677,11.030321868834795
771,2026-02-08 23:16:00+00:00,EUR_CHF__monday__asia,EUR_CHF,LONG,0.7108124,HARVESTER,0.91779,0.00043071428571430016,65.01961742918667,3.2509808714593333,0.3946932006633448,0.5804311774460195,2026-02-08 23:30:00+00:00,-0.35,-0.39999999999999997,CUT,0.05,161.56074538804305,11.740715338422504
773,2026-02-08 23:25:00+00:00,GBP_JPY__monday__asia,GBP_JPY,SHORT,0.7564452,HARVESTER,214.146,0.134214285714283,65.14445509465071,3.2572227547325356,1.4901543374134631,0.6556679084621271,2026-02-08 23:30:00+00:00,-0.35,-0.39999999999999997,CUT,0.05,160.25785628615003,12.452472763471826
774,2026-02-08 23:31:00+00:00,USD_CAD__monday__asia,USD_CAD,SHORT,0.706682,HARVESTER,1.36641,0.00032999999999998905,64.10314251446002,3.2051571257230007,0.727272727272133,0.030303030303229832,2026-02-08 23:35:00+00:00,0.55,0.5,TARGET,0.05,161.86043484901154,11.57699749110654
775,2026-02-08 23:35:00+00:00,USD_CAD__monday__asia,USD_CAD,SHORT,0.7858744,HARVESTER,1.3663,0.0003342857142856997,64.74417393960462,3.2372086969802307,0.5982905982905585,0.08974358974351736,2026-02-08 23:40:00+00:00,0.55,0.5,TARGET,0.05,163.47903919750166,10.692767466017601
776,2026-02-08 23:35:00+00:00,GBP_USD__monday__asia,GBP_USD,LONG,0.7663662,HARVESTER,1.36005,0.0004407142857143022,64.74417393960462,3.2372086969802307,1.474878444084313,0.3403565640191468,2026-02-08 23:40:00+00:00,0.55,0.5,TARGET,0.05,165.0976435459918,9.808537440928662
778,2026-02-08 23:40:00+00:00,EUR_USD__monday__asia,EUR_USD,LONG,0.7578674000000001,HARVESTER,1.18208,0.0002985714285714179,66.03905741839671,3.301952870919836,0.7368421052628056,0.6363636363633659,2026-02-08 23:45:00+00:00,-0.35,-0.39999999999999997,CUT,0.05,163.77686239762386,10.530069141401228
777,2026-02-08 23:40:00+00:00,USD_CHF__monday__sydney,USD_CHF,SHORT,0.7936552,HARVESTER,0.77622,0.0004078571428571344,66.03905741839671,3.301952870919836,0.735551663747745,0.26970227670739766,2026-02-08 23:50:00+00:00,0.55,0.5,TARGET,0.05,165.42783883308377,9.62815451581052
779,2026-02-08 23:45:00+00:00,AUD_USD__monday__asia,AUD_USD,LONG,0.741317,HARVESTER,0.70322,0.0003078571428571137,65.51074495904955,3.275537247952477,1.8190255220419516,0.0,2026-02-08 23:50:00+00:00,0.55,0.5,TARGET,0.05,167.06560745706,8.733455207224539
780,2026-02-08 23:53:00+00:00,EUR_USD__monday__asia,EUR_USD,LONG,0.8015019999999999,HARVESTER,1.18234,0.00033214285714284434,66.826242982824,3.3413121491412,1.3247311827957378,0.3311827956991016,2026-02-08 23:55:00+00:00,0.55,0.5,TARGET,0.05,168.73626353163058,7.820789759296791
781,2026-02-08 23:53:00+00:00,USD_CHF__monday__sydney,USD_CHF,SHORT,0.7184570000000001,HARVESTER,0.776,0.0004371428571428423,66.826242982824,3.3413121491412,0.6862745098041233,0.09150326797369686,2026-02-08 23:55:00+00:00,0.55,0.5,TARGET,0.05,170.40691960620117,6.908124311369043
782,2026-02-08 23:56:00+00:00,EUR_USD__monday__asia,EUR_USD,LONG,0.7203733999999999,HARVESTER,1.18238,0.0003671428571428516,68.16276784248048,3.4081383921240236,2.369649805447306,0.0,2026-02-09 00:00:00+00:00,0.55,0.5,TARGET,0.05,172.1109888022632,5.977205554482727
783,2026-02-08 23:56:00+00:00,USD_CHF__monday__sydney,USD_CHF,SHORT,0.7098902,HARVESTER,0.77592,0.00040999999999998183,68.16276784248048,3.4081383921240236,1.414634146341587,0.09756097560958721,2026-02-09 00:00:00+00:00,0.55,0.5,TARGET,0.05,173.81505799832522,5.046286797596412
784,2026-02-09 00:01:00+00:00,USD_JPY__monday__asia,USD_JPY,SHORT,0.7284868,HARVESTER,157.178,0.15578571428571308,69.52602319933008,3.4763011599665044,2.2081613938560083,0.0,2026-02-09 00:05:00+00:00,0.55,0.5,TARGET,0.05,175.55320857830847,4.096749665572375
785,2026-02-09 00:01:00+00:00,USD_CHF__monday__asia,USD_CHF,SHORT,0.7234124000000002,HARVESTER,0.77564,0.00044999999999998215,69.52602319933008,3.4763011599665044,0.3999999999999225,0.5333333333333944,2026-02-09 00:05:00+00:00,-0.35,-0.39999999999999997,CUT,0.05,174.16268811432187,4.856379371191605
786,2026-02-09 00:09:00+00:00,EUR_JPY__monday__sydney,EUR_JPY,SHORT,0.7966198,HARVESTER,185.572,0.15971428571428298,69.66507524572874,3.4832537622864375,1.0644007155636241,0.27549194991062903,2026-02-09 00:10:00+00:00,0.55,0.5,TARGET,0.05,175.90431499546509,3.9049431649035204
787,2026-02-09 00:09:00+00:00,GBP_USD__monday__asia,GBP_USD,LONG,0.714967,HARVESTER,1.36182,0.0006885714285714194,69.66507524572874,3.4832537622864375,0.3775933609957496,0.4356846473028624,2026-02-09 00:10:00+00:00,-0.35,-0.39999999999999997,CUT,0.05,174.5110134905505,4.666092129933988
788,2026-02-09 00:10:00+00:00,NZD_JPY__monday__asia,NZD_JPY,SHORT,0.8479784,HARVESTER,94.563,0.10292857142857363,69.8044053962202,3.4902202698110103,0.3886190145732655,0.47605829285210177,2026-02-09 00:15:00+00:00,-0.35,-0.39999999999999997,CUT,0.05,173.1149253826261,5.4287633928945205
789,2026-02-09 00:10:00+00:00,EUR_JPY__monday__sydney,EUR_JPY,SHORT,0.8199456000000002,HARVESTER,185.546,0.16457142857142873,69.8044053962202,3.4902202698110103,0.3767361111110099,0.777777777777864,2026-02-09 00:15:00+00:00,-0.35,-0.39999999999999997,CUT,0.05,171.71883727470168,6.191434655855054
790,2026-02-09 00:15:00+00:00,AUD_USD__monday__asia,AUD_USD,SHORT,0.7282906,HARVESTER,0.70284,0.0003621428571428347,68.68753490988068,3.434376745494034,0.16568047337295702,0.8284023668638654,2026-02-09 00:20:00+00:00,-0.35,-0.39999999999999997,CUT,0.05,170.34508657650406,6.941903178608221
791,2026-02-09 00:19:00+00:00,USD_CAD__monday__asia,USD_CAD,LONG,0.7504912,HARVESTER,1.3661,0.0003807142857142898,68.68753490988068,3.434376745494034,0.6303939962476953,0.5253283302068987,2026-02-09 00:20:00+00:00,-0.35,-0.39999999999999997,CUT,0.05,168.97133587830643,7.692371701361386
792,2026-02-09 00:21:00+00:00,USD_CAD__monday__asia,USD_CAD,LONG,0.7402140000000001,HARVESTER,1.36631,0.00039500000000001833,67.58853435132258,3.379426717566129,0.0,1.3670886075948352,2026-02-09 00:25:00+00:00,-0.35,-0.39999999999999997,CUT,0.05,167.61956519127997,8.430832727750499
793,2026-02-09 00:30:00+00:00,GBP_JPY__monday__asia,GBP_JPY,SHORT,0.7029941999999999,HARVESTER,213.546,0.21985714285714103,67.047826076512,3.3523913038255997,0.6458739441195449,0.1728395061728906,2026-02-09 00:35:00+00:00,0.55,0.5,TARGET,0.05,169.29576084319277,7.515141055028009
794,2026-02-09 00:31:00+00:00,USD_JPY__monday__asia,USD_JPY,SHORT,0.7101103999999999,HARVESTER,156.852,0.19042857142856917,67.047826076512,3.3523913038255997,0.35183795948991486,0.4096024006001704,2026-02-09 00:35:00+00:00,-0.35,-0.39999999999999997,CUT,0.05,167.95480432166252,8.247694393206007
796,2026-02-09 00:36:00+00:00,AUD_USD__monday__asia,AUD_USD,SHORT,0.72448,HARVESTER,0.70286,0.0004242857142857104,67.181921728665,3.3590960864332504,0.9663299663300258,0.0,2026-02-09 00:40:00+00:00,0.55,0.5,TARGET,0.05,169.63435236487913,7.330171337138074
797,2026-02-09 00:40:00+00:00,GBP_JPY__monday__asia,GBP_JPY,SHORT,0.7185870000000001,HARVESTER,213.444,0.2156428571428555,67.85374094595166,3.3926870472975827,0.08347134812852318,0.3941702550513814,2026-02-09 00:45:00+00:00,-0.35,-0.39999999999999997,CUT,0.05,168.2772775459601,8.071529966440975
795,2026-02-09 00:36:00+00:00,AUD_JPY__monday__asia,AUD_JPY,SHORT,0.7291125999999999,HARVESTER,110.23,0.1407142857142836,67.181921728665,3.3590960864332504,0.8670050761421442,0.1279187817258951,2026-02-09 00:50:00+00:00,0.55,0.5,TARGET,0.05,169.9568255891767,7.154006910373043
798,2026-02-09 00:49:00+00:00,GBP_USD__monday__sydney,GBP_USD,SHORT,0.717708,HARVESTER,1.3607,0.0006157142857142432,67.31091101838403,3.365545550919202,0.12993039443169344,0.5846867749418991,2026-02-09 00:50:00+00:00,-0.35,-0.39999999999999997,CUT,0.05,168.610607368809,7.88943467064152
799,2026-02-09 00:50:00+00:00,USD_JPY__monday__sydney,USD_JPY,LONG,0.7000493999999999,HARVESTER,156.94,0.19685714285714084,67.4442429475236,3.3722121473761804,0.08127721335264083,0.40638606676334854,2026-02-09 00:55:00+00:00,-0.35,-0.39999999999999997,CUT,0.05,167.26172250985854,8.626319193276386
800,2026-02-09 11:00:00+00:00,AUD_JPY__monday__london,AUD_JPY,LONG,0.7353143999999999,HARVESTER,110.022,0.06700000000000118,66.90468900394342,3.345234450197171,0.0,1.3432835820895794,2026-02-09 11:05:00+00:00,-0.35,-0.39999999999999997,CUT,0.05,165.92362872977967,9.35730863973018
801,2026-02-09 11:00:00+00:00,CHF_JPY__monday__london,CHF_JPY,LONG,0.7240629999999999,HARVESTER,202.908,0.08128571428570856,66.90468900394342,3.345234450197171,0.12302284710042218,0.9349736379613204,2026-02-09 11:05:00+00:00,-0.35,-0.39999999999999997,CUT,0.05,164.5855349497008,10.088298086183975
802,2026-02-09 11:05:00+00:00,GBP_JPY__monday__london,GBP_JPY,SHORT,0.7226532000000001,HARVESTER,213.161,0.10907142857142357,65.83421397988032,3.2917106989940157,0.6509495743287602,1.586116568434929,2026-02-09 11:10:00+00:00,-0.35,-0.39999999999999997,CUT,0.05,163.26885067010318,10.807591701494506
803,2026-02-09 11:05:00+00:00,EUR_JPY__monday__london,EUR_JPY,SHORT,0.7014518,HARVESTER,185.828,0.06999999999999318,65.83421397988032,3.2917106989940157,0.9714285714288382,0.057142857142729535,2026-02-09 11:10:00+00:00,0.55,0.5,TARGET,0.05,164.91470601960017,9.90847468235635
804,2026-02-09 11:10:00+00:00,EUR_CHF__monday__london,EUR_CHF,SHORT,0.7791562,HARVESTER,0.9158,0.00021928571428573136,65.96588240784007,3.2982941203920038,1.1856677524425714,0.0,2026-02-09 11:15:00+00:00,0.55,0.5,TARGET,0.05,166.5638530797962,9.007559429179906
805,2026-02-09 11:11:00+00:00,AUD_USD__monday__london,AUD_USD,LONG,0.7651098000000001,HARVESTER,0.70222,0.0004257142857142753,65.96588240784007,3.2982941203920038,0.7986577181208412,0.0,2026-02-09 11:15:00+00:00,0.55,0.5,TARGET,0.05,168.2130001399922,8.106644176003464
806,2026-02-09 11:15:00+00:00,AUD_USD__monday__london,AUD_USD,LONG,0.7263957999999999,HARVESTER,0.70237,0.0004107142857142722,67.28520005599688,3.364260002799844,0.0,0.560000000000173,2026-02-09 11:20:00+00:00,-0.35,-0.39999999999999997,CUT,0.05,166.86729613887226,8.841791022595437
807,2026-02-09 11:15:00+00:00,NZD_USD__monday__london,NZD_USD,LONG,0.711813,HARVESTER,0.60082,0.0003285714285714479,67.28520005599688,3.364260002799844,0.3652173913043537,0.3956521739132469,2026-02-09 11:20:00+00:00,-0.35,-0.39999999999999997,CUT,0.05,165.52159213775232,9.576937869187411
808,2026-02-09 11:21:00+00:00,EUR_JPY__monday__london,EUR_JPY,SHORT,0.7413578000000001,HARVESTER,185.765,0.06771428571427814,66.20863685510093,3.3104318427550465,0.22151898734159547,0.5168776371312289,2026-02-09 11:25:00+00:00,-0.35,-0.39999999999999997,CUT,0.05,164.1974194006503,10.30032236623392
809,2026-02-09 11:24:00+00:00,NZD_USD__monday__london,NZD_USD,LONG,0.7415672000000001,HARVESTER,0.60092,0.00032214285714288193,66.20863685510093,3.3104318427550465,0.5587583148557024,0.12416851441253147,2026-02-09 11:30:00+00:00,0.55,0.5,TARGET,0.05,165.85263532202782,9.396091744925789
810,2026-02-09 11:25:00+00:00,CHF_JPY__monday__london,CHF_JPY,LONG,0.7602422,HARVESTER,202.927,0.08164285714285313,65.67896776026012,3.283948388013006,0.28171478565176,0.7839020122484212,2026-02-09 11:30:00+00:00,-0.35,-0.39999999999999997,CUT,0.05,164.53905596682262,10.113689165995918
811,2026-02-09 11:30:00+00:00,AUD_USD__monday__london,AUD_USD,LONG,0.7862705999999999,HARVESTER,0.7025,0.00037357142857140965,65.81562238672905,3.2907811193364522,1.2045889101337717,0.0,2026-02-09 11:35:00+00:00,0.55,0.5,TARGET,0.05,166.18444652649083,9.214826057655886
812,2026-02-09 11:30:00+00:00,NZD_USD__monday__london,NZD_USD,LONG,0.7732276,HARVESTER,0.60104,0.0003100000000000166,65.81562238672905,3.2907811193364522,1.0967741935483508,0.0,2026-02-09 11:35:00+00:00,0.55,0.5,TARGET,0.05,167.82983708615905,8.31596294931585
813,2026-02-09 11:35:00+00:00,GBP_USD__monday__london,GBP_USD,LONG,0.771148,HARVESTER,1.3625,0.0008285714285714642,67.13193483446362,3.356596741723181,1.1586206896549414,0.0,2026-02-09 11:40:00+00:00,0.55,0.5,TARGET,0.05,169.50813545702064,7.3991225788090045
814,2026-02-09 11:35:00+00:00,AUD_USD__monday__london,AUD_USD,LONG,0.7534544,HARVESTER,0.7028,0.00036214285714284263,67.13193483446362,3.356596741723181,1.2149901380670987,0.08284023668632341,2026-02-09 11:40:00+00:00,0.55,0.5,TARGET,0.05,171.18643382788224,6.482282208302159
815,2026-02-09 11:41:00+00:00,AUD_USD__monday__london,AUD_USD,LONG,0.761329,HARVESTER,0.70294,0.00034999999999998525,68.4745735311529,3.4237286765576447,0.9428571428570153,0.0,2026-02-09 11:45:00+00:00,0.55,0.5,TARGET,0.05,172.89829816616106,5.547105030385185
816,2026-02-09 11:41:00+00:00,AUD_JPY__monday__london,AUD_JPY,LONG,0.7328846,HARVESTER,110.046,0.057499999999999475,68.4745735311529,3.4237286765576447,0.3478260869564557,0.4000000000001836,2026-02-09 11:50:00+00:00,-0.35,-0.39999999999999997,CUT,0.05,171.528806695538,6.2952467727187615
817,2026-02-09 11:45:00+00:00,GBP_USD__monday__london,GBP_USD,LONG,0.7027486,HARVESTER,1.36331,0.0008242857142857377,69.15931926646442,3.4579659633232214,1.2495667244368112,0.15771230502594774,2026-02-09 11:50:00+00:00,0.55,0.5,TARGET,0.05,173.2577896771996,5.3507178230226184
818,2026-02-09 11:50:00+00:00,USD_CAD__monday__london,USD_CAD,SHORT,0.8114416,HARVESTER,1.36354,0.00033857142857144203,69.30311587087985,3.4651557935439925,1.004219409282681,0.0,2026-02-09 11:55:00+00:00,0.55,0.5,TARGET,0.05,174.9903675739716,4.404225001252842
819,2026-02-09 11:50:00+00:00,NZD_USD__monday__london,NZD_USD,LONG,0.7910198,HARVESTER,0.60178,0.0002978571428571671,69.30311587087985,3.4651557935439925,1.7793764988009164,0.0,2026-02-09 11:55:00+00:00,0.55,0.5,TARGET,0.05,176.7229454707436,3.4577321794830667
820,2026-02-09 11:55:00+00:00,NZD_USD__monday__london,NZD_USD,LONG,0.8180714,HARVESTER,0.60218,0.00028214285714288156,70.68917818829745,3.534458909414872,0.7797468354429633,0.17721518987338286,2026-02-09 12:00:00+00:00,0.55,0.5,TARGET,0.05,178.49017492545104,2.492309501277899
821,2026-02-09 11:55:00+00:00,AUD_USD__monday__london,AUD_USD,LONG,0.7940138,HARVESTER,0.70368,0.00031571428571428424,70.68917818829745,3.534458909414872,1.0135746606334477,0.2217194570136216,2026-02-09 12:00:00+00:00,0.55,0.5,TARGET,0.05,180.25740438015848,1.5268868230727313
822,2026-02-09 12:00:00+00:00,NZD_JPY__monday__london,NZD_JPY,LONG,0.8170088,HARVESTER,94.226,0.04142857142857232,72.1029617520634,3.6051480876031694,0.04827586206885197,0.6517241379310451,2026-02-09 12:05:00+00:00,-0.35,-0.39999999999999997,CUT,0.05,178.81534514511722,2.3146717284881433
823,2026-02-09 12:00:00+00:00,AUD_USD__monday__london,AUD_USD,LONG,0.7125314,HARVESTER,0.70386,0.0003249999999999959,72.1029617520634,3.6051480876031694,0.9846153846153569,0.0,2026-02-09 12:05:00+00:00,0.55,0.5,TARGET,0.05,180.61791918891882,1.3299405967188627
824,2026-02-09 12:05:00+00:00,USD_CAD__monday__london,USD_CAD,SHORT,0.8233452,HARVESTER,1.36274,0.00036642857142860877,72.24716767556754,3.6123583837783766,0.9278752436646418,0.054580896685905884,2026-02-09 12:10:00+00:00,0.55,0.5,TARGET,0.05,182.424098380808,0.3432400026860527
825,2026-02-09 12:05:00+00:00,EUR_USD__monday__london,EUR_USD,LONG,0.7691458,HARVESTER,1.18745,0.00036071428571428566,72.24716767556754,3.6123583837783766,0.08316831683222803,0.4990099009896748,2026-02-09 12:10:00+00:00,-0.35,-0.39999999999999997,CUT,0.05,180.97915502729666,1.1326004779123007
826,2026-02-09 12:10:00+00:00,AUD_JPY__monday__london,AUD_JPY,LONG,0.737389,HARVESTER,110.165,0.04964285714285462,72.39166201091867,3.6195831005459334,0.3625899280575861,0.9064748201439653,2026-02-09 12:15:00+00:00,-0.35,-0.39999999999999997,CUT,0.05,179.53132178707827,1.9235396740890098
827,2026-02-09 12:10:00+00:00,CHF_JPY__monday__london,CHF_JPY,LONG,0.7192765999999999,HARVESTER,202.937,0.08407142857142398,72.39166201091867,3.6195831005459334,1.2013593882753308,0.0,2026-02-09 12:15:00+00:00,0.55,0.5,TARGET,0.05,181.34111333735123,0.9348656788681351
828,2026-02-09 12:15:00+00:00,USD_CAD__monday__london,USD_CAD,SHORT,0.7743985999999999,HARVESTER,1.36247,0.0003671428571428833,72.5364453349405,3.6268222667470247,1.6070038910507156,0.0,2026-02-09 12:20:00+00:00,0.55,0.5,TARGET,0.05,183.15452447072474,0.0
829,2026-02-09 12:15:00+00:00,CHF_JPY__monday__london,CHF_JPY,LONG,0.7684572000000001,HARVESTER,203.02,0.08407142857142398,72.5364453349405,3.6268222667470247,0.8326253186065914,0.49957519116402244,2026-02-09 12:20:00+00:00,-0.35,-0.39999999999999997,CUT,0.05,181.70379556402594,0.7920792079207863
830,2026-02-09 12:20:00+00:00,NZD_USD__monday__london,NZD_USD,LONG,0.7293648000000001,HARVESTER,0.60278,0.000277857142857163,72.68151822561038,3.6340759112805188,0.8637532133676113,0.35989717223643813,2026-02-09 12:25:00+00:00,-0.35,-0.39999999999999997,CUT,0.05,180.25016519951373,1.58574257425742
831,2026-02-09 12:20:00+00:00,AUD_USD__monday__london,AUD_USD,LONG,0.7011868,HARVESTER,0.70436,0.0003114285714285815,72.68151822561038,3.6340759112805188,1.3486238532108883,0.0,2026-02-09 12:25:00+00:00,0.55,0.5,TARGET,0.05,182.067203155154,0.5936633663366202
832,2026-02-09 12:25:00+00:00,USD_CAD__monday__london,USD_CAD,SHORT,0.7816138,HARVESTER,1.36188,0.000376428571428595,72.8268812620616,3.6413440631030802,0.6907020872862902,0.4250474383299794,2026-02-09 12:30:00+00:00,-0.35,-0.39999999999999997,CUT,0.05,180.61066552991278,1.3889140594059233
833,2026-02-09 12:25:00+00:00,EUR_USD__monday__london,EUR_USD,LONG,0.7318724000000001,HARVESTER,1.18772,0.0003171428571428571,72.8268812620616,3.6413440631030802,0.0,1.2612612612618226,2026-02-09 12:30:00+00:00,-0.35,-0.39999999999999997,CUT,0.05,179.15412790467155,2.1841647524752266
834,2026-02-09 12:30:00+00:00,NZD_USD__monday__london,NZD_USD,LONG,0.7311105999999999,HARVESTER,0.60298,0.0002864285714285843,71.66165116186862,3.583082558093431,0.0,0.8379052369073683,2026-02-09 12:35:00+00:00,-0.35,-0.39999999999999997,CUT,0.05,177.7208948814342,2.96669143445542
836,2026-02-09 12:36:00+00:00,USD_JPY__monday__new_york,USD_JPY,LONG,0.7545272,HARVESTER,156.542,0.06549999999999809,71.08835795257367,3.5544178976286838,0.0,0.793893129770901,2026-02-09 12:40:00+00:00,-0.35,-0.39999999999999997,CUT,0.05,176.2991277223827,3.742957902979782
835,2026-02-09 12:35:00+00:00,EUR_CHF__monday__london,EUR_CHF,SHORT,0.7290484,HARVESTER,0.91526,0.00021428571428571446,71.08835795257367,3.5544178976286838,0.5600000000000415,0.8400000000003213,2026-02-09 12:45:00+00:00,-0.35,-0.39999999999999997,CUT,0.05,174.87736056333122,4.519224371504145
837,2026-02-09 12:42:00+00:00,EUR_USD__monday__london,EUR_USD,LONG,0.7596246,HARVESTER,1.1876,0.00032357142857143895,70.51965108895308,3.5259825544476544,0.9889624724064521,0.0,2026-02-09 12:45:00+00:00,0.55,0.5,TARGET,0.05,176.64035184055504,3.5566539505339474
838,2026-02-09 12:45:00+00:00,USD_CHF__monday__london,USD_CHF,SHORT,0.7625836,HARVESTER,0.77056,0.0002914285714285457,70.65614073622201,3.532807036811101,1.2352941176472605,0.0,2026-02-09 12:50:00+00:00,0.55,0.5,TARGET,0.05,178.4067553589606,2.592220490039285
839,2026-02-09 12:45:00+00:00,CHF_JPY__monday__london,CHF_JPY,LONG,0.757609,HARVESTER,203.126,0.08321428571427905,70.65614073622201,3.532807036811101,0.012017167382032592,0.7450643776826051,2026-02-09 12:50:00+00:00,-0.35,-0.39999999999999997,CUT,0.05,176.99363254423616,3.3637672584350082
840,2026-02-09 12:50:00+00:00,GBP_USD__monday__london,GBP_USD,LONG,0.770826,HARVESTER,1.36535,0.0006114285714285802,70.79745301769447,3.5398726508847234,1.3574766355138133,0.0,2026-02-09 12:55:00+00:00,0.55,0.5,TARGET,0.05,178.76356886967852,2.39740493101936
841,2026-02-09 12:50:00+00:00,EUR_USD__monday__london,EUR_USD,LONG,0.7613106,HARVESTER,1.18789,0.00032500000000000383,70.79745301769447,3.5398726508847234,1.2615384615385128,0.09230769230761274,2026-02-09 12:55:00+00:00,0.55,0.5,TARGET,0.05,180.53350519512088,1.4310426036037116
842,2026-02-09 12:56:00+00:00,USD_CHF__monday__london,USD_CHF,SHORT,0.7131418,HARVESTER,0.77012,0.000303571428571411,72.21340207804835,3.6106701039024176,1.2517647058825803,0.3952941176471113,2026-02-09 13:00:00+00:00,-0.35,-0.39999999999999997,CUT,0.05,179.0892371535599,2.219594262774886
843,2026-02-09 12:58:00+00:00,EUR_JPY__monday__london,EUR_JPY,SHORT,0.7218340000000001,HARVESTER,185.814,0.06857142857143117,72.21340207804835,3.6106701039024176,0.8166666666663903,0.4375,2026-02-09 13:00:00+00:00,-0.35,-0.39999999999999997,CUT,0.05,177.64496911199893,3.0081459219460602
844,2026-02-09 15:00:00+00:00,NZD_USD__monday__new_york,NZD_USD,LONG,0.747188,HARVESTER,0.6053,0.000394285714285728,71.05798764479958,3.552899382239979,0.35507246376817714,0.8115942028984895,2026-02-09 15:05:00+00:00,-0.35,-0.39999999999999997,CUT,0.05,176.22380935910294,3.78408075457049
845,2026-02-09 15:00:00+00:00,AUD_CAD__monday__london,AUD_CAD,LONG,0.7419884,HARVESTER,0.96194,0.0005228571428571345,71.05798764479958,3.552899382239979,0.0,0.7841530054645345,2026-02-09 15:05:00+00:00,-0.35,-0.39999999999999997,CUT,0.05,174.80264960620696,4.56001558719492
846,2026-02-09 15:05:00+00:00,USD_JPY__monday__new_york,USD_JPY,LONG,0.7036316,HARVESTER,155.7,0.11021428571428617,69.92105984248278,3.496052992124139,1.1069345430979847,0.0,2026-02-09 15:10:00+00:00,0.55,0.5,TARGET,0.05,176.55067610226902,3.605615743066871
847,2026-02-09 15:06:00+00:00,USD_CAD__monday__new_york,USD_CAD,SHORT,0.7494900000000001,HARVESTER,1.35752,0.000716428571428602,69.92105984248278,3.496052992124139,0.0,1.4237288135592905,2026-02-09 15:10:00+00:00,-0.35,-0.39999999999999997,CUT,0.05,175.15225490541937,4.36913561836931
848,2026-02-09 15:10:00+00:00,CHF_JPY__monday__london,CHF_JPY,LONG,0.827078,HARVESTER,203.023,0.14178571428571932,70.06090196216775,3.5030450981083874,0.8463476070528988,0.0,2026-02-09 15:15:00+00:00,0.55,0.5,TARGET,0.05,176.90377745447356,3.412826974553007
849,2026-02-09 15:10:00+00:00,EUR_CHF__monday__new_york,EUR_CHF,SHORT,0.7875007999999999,HARVESTER,0.91414,0.00045142857142856297,70.06090196216775,3.5030450981083874,1.373417721518911,0.0,2026-02-09 15:15:00+00:00,0.55,0.5,TARGET,0.05,178.65530000352774,2.4565183307367042
850,2026-02-09 15:15:00+00:00,GBP_JPY__monday__new_york,GBP_JPY,LONG,0.8125448000000001,HARVESTER,212.882,0.1972142857142854,71.4621200014111,3.573106000070555,0.7758058674392921,0.0811300253530881,2026-02-09 15:20:00+00:00,0.55,0.5,TARGET,0.05,180.441853003563,1.4810835140440757
851,2026-02-09 15:15:00+00:00,EUR_GBP__monday__new_york,EUR_GBP,SHORT,0.7955369999999999,HARVESTER,0.8718,0.0007192857142857238,71.4621200014111,3.573106000070555,1.112214498510444,0.0,2026-02-09 15:20:00+00:00,0.55,0.5,TARGET,0.05,182.22840600359828,0.5056486973514472
852,2026-02-09 15:20:00+00:00,GBP_USD__monday__new_york,GBP_USD,LONG,0.8191599999999999,HARVESTER,1.3668,0.0011778571428571352,72.89136240143931,3.6445681200719657,0.0,0.8235294117646393,2026-02-09 15:25:00+00:00,-0.35,-0.39999999999999997,CUT,0.05,180.7705787555695,1.301603507772639
853,2026-02-09 15:23:00+00:00,NZD_JPY__monday__new_york,NZD_JPY,LONG,0.7408971999999999,HARVESTER,94.26,0.06685714285714438,72.89136240143931,3.6445681200719657,0.14957264957251012,0.8675213675214515,2026-02-09 15:25:00+00:00,-0.35,-0.39999999999999997,CUT,0.05,179.3127515075407,2.09755831819383
854,2026-02-09 15:29:00+00:00,AUD_CAD__monday__london,AUD_CAD,LONG,0.7371350000000001,HARVESTER,0.9619,0.0005021428571428636,71.72510060301627,3.586255030150814,1.593172119487934,0.019914651493507973,2026-02-09 15:35:00+00:00,0.55,0.5,TARGET,0.05,181.1058790226161,1.1185339013757662
855,2026-02-09 15:32:00+00:00,AUD_USD__monday__new_york,AUD_USD,LONG,0.7081866,HARVESTER,0.7084,0.0005050000000000014,71.72510060301627,3.586255030150814,1.5643564356434756,0.0,2026-02-09 15:35:00+00:00,0.55,0.5,TARGET,0.05,182.89900653769152,0.13950948455770187
856,2026-02-09 15:35:00+00:00,AUD_USD__monday__new_york,AUD_USD,LONG,0.7058564,HARVESTER,0.70858,0.0005228571428571503,73.15960261507661,3.6579801307538307,1.2814207650274179,0.28688524590160364,2026-02-09 15:40:00+00:00,0.55,0.5,TARGET,0.05,184.72799660306845,0.0
857,2026-02-09 15:35:00+00:00,USD_JPY__monday__london,USD_JPY,SHORT,0.7046220000000001,HARVESTER,155.75,0.10592857142857375,73.15960261507661,3.6579801307538307,0.7174645987861662,0.28320971004720613,2026-02-09 15:40:00+00:00,0.55,0.5,TARGET,0.05,186.55698666844538,0.0
858,2026-02-09 15:40:00+00:00,AUD_JPY__monday__london,AUD_JPY,LONG,0.7740772,HARVESTER,110.42,0.07942857142856903,74.62279466737814,3.7311397333689076,0.0,1.8129496402878933,2026-02-09 15:45:00+00:00,-0.35,-0.39999999999999997,CUT,0.05,185.0645307750978,0.8000000000000026
859,2026-02-09 15:40:00+00:00,NZD_JPY__monday__new_york,NZD_JPY,LONG,0.7566414,HARVESTER,94.306,0.0680000000000019,74.62279466737814,3.7311397333689076,0.0,1.9999999999998803,2026-02-09 15:45:00+00:00,-0.35,-0.39999999999999997,CUT,0.05,183.57207488175024,1.6000000000000052
860,2026-02-09 15:45:00+00:00,EUR_CHF__monday__new_york,EUR_CHF,SHORT,0.7311195999999999,HARVESTER,0.9135,0.0004114285714285626,73.4288299527001,3.671441497635005,1.7499999999998987,0.0,2026-02-09 15:50:00+00:00,0.55,0.5,TARGET,0.05,185.40779563056773,0.6160000000000101
861,2026-02-09 15:46:00+00:00,USD_CAD__monday__london,USD_CAD,SHORT,0.7191775999999999,HARVESTER,1.35788,0.0006114285714285961,73.4288299527001,3.671441497635005,0.7359813084112858,0.0,2026-02-09 15:50:00+00:00,0.55,0.5,TARGET,0.05,187.24351637938523,0.0
862,2026-02-09 15:51:00+00:00,CHF_JPY__monday__london,CHF_JPY,LONG,0.7197374,HARVESTER,203.236,0.12821428571428686,74.89740655175409,3.7448703275877047,1.6066852367689226,0.0,2026-02-09 15:55:00+00:00,0.55,0.5,TARGET,0.05,189.11595154317908,0.0
863,2026-02-09 15:51:00+00:00,USD_CAD__monday__new_york,USD_CAD,SHORT,0.7092809999999999,HARVESTER,1.35753,0.0006057142857143205,74.89740655175409,3.7448703275877047,0.6108490566037079,0.7429245283019456,2026-02-09 15:55:00+00:00,-0.35,-0.39999999999999997,CUT,0.05,187.618003412144,0.7920792079207952
864,2026-02-09 15:55:00+00:00,GBP_JPY__monday__new_york,GBP_JPY,LONG,0.7239784,HARVESTER,213.14,0.18928571428571064,75.0472013648576,3.7523600682428797,1.2943396226415584,0.0,2026-02-09 16:00:00+00:00,0.55,0.5,TARGET,0.05,189.49418344626542,0.0
865,2026-02-09 15:56:00+00:00,AUD_JPY__monday__new_york,AUD_JPY,LONG,0.7419062,HARVESTER,110.433,0.0772142857142839,75.0472013648576,3.7523600682428797,1.2044403330248667,0.0,2026-02-09 16:00:00+00:00,0.55,0.5,TARGET,0.05,191.37036348038686,0.0
866,2026-02-15 23:00:00+00:00,USD_JPY__monday__sydney,USD_JPY,LONG,0.7703064,HARVESTER,152.68,0.030142857142858963,76.54814539215474,3.827407269607737,3.848341232226773,0.0,2026-02-15 23:05:00+00:00,0.55,0.5,TARGET,0.05,193.28406711519074,0.0
867,2026-02-15 23:00:00+00:00,AUD_JPY__monday__asia,AUD_JPY,LONG,0.7042932,HARVESTER,107.917,0.061285714285714575,76.54814539215474,3.827407269607737,0.4405594405594552,0.48951048951050574,2026-02-15 23:05:00+00:00,-0.35,-0.39999999999999997,CUT,0.05,191.75310420734763,0.792079207920797
869,2026-02-15 23:08:00+00:00,AUD_JPY__monday__asia,AUD_JPY,LONG,0.7777693999999999,HARVESTER,107.932,0.06171428571428704,76.70124168293906,3.8350620841469527,0.8912037037035648,0.0,2026-02-15 23:10:00+00:00,0.55,0.5,TARGET,0.05,193.6706352494211,0.0
868,2026-02-15 23:08:00+00:00,NZD_JPY__monday__asia,NZD_JPY,LONG,0.791224,HARVESTER,92.186,0.06714285714285799,76.70124168293906,3.8350620841469527,1.0127659574467636,0.0,2026-02-15 23:15:00+00:00,0.55,0.5,TARGET,0.05,195.5881662914946,0.0
870,2026-02-15 23:10:00+00:00,GBP_JPY__monday__asia,GBP_JPY,LONG,0.7332432,HARVESTER,208.469,0.06650000000000489,77.46825409976844,3.8734127049884224,1.2781954887218303,0.0,2026-02-15 23:15:00+00:00,0.55,0.5,TARGET,0.05,197.5248726439888,0.0
871,2026-02-15 23:15:00+00:00,AUD_JPY__monday__asia,AUD_JPY,LONG,0.7889216,HARVESTER,107.99,0.052357142857144164,79.00994905759552,3.9504974528797763,0.9167803547066967,0.0,2026-02-15 23:20:00+00:00,0.55,0.5,TARGET,0.05,199.5001213704287,0.0
873,2026-02-15 23:20:00+00:00,AUD_JPY__monday__asia,AUD_JPY,LONG,0.7431642,HARVESTER,108.031,0.04728571428571472,79.80004854817147,3.990002427408574,0.2537764350453245,0.5287009063445262,2026-02-15 23:25:00+00:00,-0.35,-0.39999999999999997,CUT,0.05,197.90412039946528,0.7999999999999934
872,2026-02-15 23:15:00+00:00,EUR_GBP__monday__asia,EUR_GBP,SHORT,0.7199118,HARVESTER,0.86948,0.00020928571428572136,79.00994905759552,3.9504974528797763,0.5733788395904672,0.0,2026-02-15 23:30:00+00:00,0.55,0.5,TARGET,0.05,199.87936912590519,0.0
874,2026-02-15 23:26:00+00:00,USD_CHF__monday__sydney,USD_CHF,LONG,0.7139582,HARVESTER,0.76861,0.00030357142857141895,79.16164815978613,3.958082407989306,0.0988235294116838,0.6588235294117131,2026-02-15 23:30:00+00:00,-0.35,-0.39999999999999997,CUT,0.05,198.29613616270947,0.7920942366985482
875,2026-02-15 23:30:00+00:00,AUD_JPY__monday__asia,AUD_JPY,LONG,0.7484608,HARVESTER,108.04,0.04992857142857231,79.31845446508379,3.9659227232541894,0.10014306151635924,0.640915593705496,2026-02-15 23:35:00+00:00,-0.35,-0.39999999999999997,CUT,0.05,196.7097670734078,1.5857574828049639
876,2026-02-15 23:30:00+00:00,AUD_USD__monday__asia,AUD_USD,LONG,0.7461447999999999,HARVESTER,0.70712,0.00027142857142857323,79.31845446508379,3.9659227232541894,0.0,1.0684210526316178,2026-02-15 23:35:00+00:00,-0.35,-0.39999999999999997,CUT,0.05,195.1233979841061,2.3794207289113793
877,2026-02-15 23:40:00+00:00,EUR_JPY__monday__asia,EUR_JPY,LONG,0.7047588,HARVESTER,181.326,0.04721428571428784,78.04935919364245,3.9024679596821223,0.8472012102878386,0.2965204236002017,2026-02-15 23:45:00+00:00,0.55,0.5,TARGET,0.05,197.07463196394716,1.403214936200499
878,2026-02-15 23:42:00+00:00,GBP_JPY__monday__asia,GBP_JPY,LONG,0.7291899999999999,HARVESTER,208.56,0.06221428571428638,78.04935919364245,3.9024679596821223,0.38576349024111267,0.6750861079219471,2026-02-15 23:45:00+00:00,-0.35,-0.39999999999999997,CUT,0.05,195.51364478007432,2.1841795703692033
879,2026-02-15 23:50:00+00:00,NZD_JPY__monday__sydney,NZD_JPY,SHORT,0.7349754000000001,HARVESTER,92.202,0.048071428571429715,78.20545791202973,3.9102728956014863,1.1025260029716852,0.0,2026-02-15 23:55:00+00:00,0.55,0.5,TARGET,0.05,197.46878122787507,1.2060213660728898
880,2026-02-15 23:51:00+00:00,AUD_JPY__monday__sydney,AUD_JPY,SHORT,0.703273,HARVESTER,108.0,0.054785714285715006,78.20545791202973,3.9102728956014863,0.20078226857879725,1.003911342894505,2026-02-15 23:55:00+00:00,-0.35,-0.39999999999999997,CUT,0.05,195.90467206963447,1.9885479295099378
881,2026-02-15 23:57:00+00:00,USD_CHF__monday__asia,USD_CHF,SHORT,0.7171258,HARVESTER,0.76845,0.00029642857142855465,78.36186882785378,3.9180934413926893,0.9783132530121457,0.1686746987951717,2026-02-16 00:00:00+00:00,0.55,0.5,TARGET,0.05,197.8637187903308,1.0084334088050417
882,2026-02-15 23:58:00+00:00,AUD_JPY__monday__asia,AUD_JPY,LONG,0.7367968000000001,HARVESTER,108.022,0.05328571428571495,78.36186882785378,3.9180934413926893,0.8632707774797369,0.18766756032180948,2026-02-16 00:00:00+00:00,0.55,0.5,TARGET,0.05,199.82276551102714,0.0283188881001459
883,2026-02-16 00:02:00+00:00,USD_CAD__monday__asia,USD_CAD,SHORT,0.7118236,HARVESTER,1.36174,0.0003007142857143049,79.92910620441086,3.996455310220543,0.7648456057005056,0.7980997624703177,2026-02-16 00:05:00+00:00,-0.35,-0.39999999999999997,CUT,0.05,198.22418338693893,0.8280923369953412
884,2026-02-16 00:05:00+00:00,AUD_JPY__monday__sydney,AUD_JPY,LONG,0.7298823999999999,HARVESTER,108.082,0.05828571428571446,79.28967335477557,3.964483667738779,2.5563725490196156,0.0,2026-02-16 00:10:00+00:00,0.55,0.5,TARGET,0.05,200.2064252208083,0.0
885,2026-02-16 00:05:00+00:00,GBP_JPY__monday__sydney,GBP_JPY,LONG,0.706207,HARVESTER,208.596,0.0791428571428554,79.28967335477557,3.964483667738779,3.2093862815884004,0.0,2026-02-16 00:10:00+00:00,0.55,0.5,TARGET,0.05,202.1886670546777,0.0
886,2026-02-16 00:10:00+00:00,EUR_JPY__monday__sydney,EUR_JPY,LONG,0.7270794000000002,HARVESTER,181.472,0.06999999999999724,80.87546682187109,4.043773341093554,1.5857142857142053,0.0,2026-02-16 00:15:00+00:00,0.55,0.5,TARGET,0.05,204.21055372522446,0.0
887,2026-02-16 00:10:00+00:00,GBP_JPY__monday__sydney,GBP_JPY,LONG,0.7149746,HARVESTER,208.712,0.08178571428571095,80.87546682187109,4.043773341093554,1.8340611353713234,0.0,2026-02-16 00:15:00+00:00,0.55,0.5,TARGET,0.05,206.23244039577122,0.0
888,2026-02-16 00:23:00+00:00,AUD_USD__monday__asia,AUD_USD,LONG,0.7269984,HARVESTER,0.7073,0.0002671428571428626,82.4929761583085,4.124648807915425,0.1497326203205867,0.7860962566846387,2026-02-16 00:25:00+00:00,-0.35,-0.39999999999999997,CUT,0.05,204.58258087260506,0.7999999999999938
889,2026-02-16 00:24:00+00:00,AUD_JPY__monday__asia,AUD_JPY,LONG,0.7909829999999999,HARVESTER,108.191,0.05957142857142778,82.4929761583085,4.124648807915425,1.25899280575546,0.31894484412479607,2026-02-16 00:25:00+00:00,0.55,0.5,TARGET,0.05,206.64490527656278,0.0
890,2026-02-16 00:25:00+00:00,AUD_JPY__monday__asia,AUD_JPY,LONG,0.7586948,HARVESTER,108.197,0.06271428571428572,82.6579621106251,4.132898105531256,1.5148063781321002,0.0,2026-02-16 00:30:00+00:00,0.55,0.5,TARGET,0.05,208.7113543293284,0.0
891,2026-02-16 00:25:00+00:00,GBP_JPY__monday__asia,GBP_JPY,LONG,0.7111914,HARVESTER,208.796,0.08878571428570987,82.6579621106251,4.132898105531256,0.7208366854387319,0.1802091713595229,2026-02-16 00:30:00+00:00,0.55,0.5,TARGET,0.05,210.77780338209402,0.0
892,2026-02-16 00:30:00+00:00,AUD_USD__monday__asia,AUD_USD,LONG,0.7015862,HARVESTER,0.70734,0.0002871428571428588,84.31112135283762,4.215556067641881,0.6616915422886351,0.41791044776122294,2026-02-16 00:35:00+00:00,-0.35,-0.39999999999999997,CUT,0.05,209.09158095503727,0.7999999999999982
893,2026-02-16 00:31:00+00:00,EUR_USD__monday__asia,EUR_USD,SHORT,0.707049,HARVESTER,1.1862,0.0002535714285713927,84.31112135283762,4.215556067641881,0.15774647887254384,0.4732394366202586,2026-02-16 00:35:00+00:00,-0.35,-0.39999999999999997,CUT,0.05,207.40535852798052,1.5999999999999963
894,2026-02-16 00:39:00+00:00,AUD_JPY__monday__asia,AUD_JPY,LONG,0.7585034,HARVESTER,108.285,0.06464285714285722,82.96214341119222,4.14810717055961,0.13922651933702168,0.4486187845303299,2026-02-16 00:40:00+00:00,-0.35,-0.39999999999999997,CUT,0.05,205.74611565975667,2.3872000000000018
895,2026-02-16 00:40:00+00:00,AUD_JPY__monday__asia,AUD_JPY,LONG,0.7343292,HARVESTER,108.284,0.06492857142857085,82.29844626390268,4.114922313195134,0.8624862486248299,0.3388338833884276,2026-02-16 00:50:00+00:00,0.55,0.5,TARGET,0.05,207.80357681635422,1.4110720000000077
896,2026-02-16 00:40:00+00:00,AUD_USD__monday__asia,AUD_USD,LONG,0.7332479999999999,HARVESTER,0.70762,0.0002814285714285753,82.29844626390268,4.114922313195134,0.7461928934007649,0.14213197969557165,2026-02-16 00:50:00+00:00,0.55,0.5,TARGET,0.05,209.86103797295178,0.4349440000000135
898,2026-02-16 00:50:00+00:00,EUR_CHF__monday__asia,EUR_CHF,SHORT,0.7068556,HARVESTER,0.9117,0.00011499999999999209,83.94441518918072,4.197220759459036,0.0,0.8695652173922338,2026-02-16 00:55:00+00:00,-0.35,-0.39999999999999997,CUT,0.05,208.18214966916815,1.2314644480000174
897,2026-02-16 00:50:00+00:00,NZD_USD__monday__asia,NZD_USD,LONG,0.7177368,HARVESTER,0.60334,0.00024142857142856706,83.94441518918072,4.197220759459036,0.24852071005942464,1.284023668639211,2026-02-16 01:00:00+00:00,-0.35,-0.39999999999999997,CUT,0.05,206.50326136538453,2.0279848960000213
899,2026-02-16 00:56:00+00:00,AUD_JPY__monday__asia,AUD_JPY,LONG,0.7625917999999999,HARVESTER,108.342,0.06757142857142943,83.27285986766726,4.163642993383363,1.4799154334037026,0.23678646934468492,2026-02-16 01:05:00+00:00,0.55,0.5,TARGET,0.05,208.5850828620762,1.0402995404800253
900,2026-02-16 11:00:00+00:00,CHF_JPY__monday__london,CHF_JPY,SHORT,0.7734786,HARVESTER,199.452,0.06807142857143285,83.43403314483048,4.171701657241524,1.4396642182578179,0.0,2026-02-16 11:05:00+00:00,0.55,0.5,TARGET,0.05,210.67093369069696,0.050702535884831354
901,2026-02-16 11:00:00+00:00,GBP_JPY__monday__london,GBP_JPY,SHORT,0.7595447999999999,HARVESTER,209.579,0.06307142857142926,83.43403314483048,4.171701657241524,1.363533408833709,0.0,2026-02-16 11:05:00+00:00,0.55,0.5,TARGET,0.05,212.7567845193177,0.0
902,2026-02-16 11:05:00+00:00,AUD_JPY__monday__london,AUD_JPY,SHORT,0.8158426000000001,HARVESTER,108.74,0.0412142857142866,85.10271380772708,4.255135690386354,2.207972270363758,0.0,2026-02-16 11:10:00+00:00,0.55,0.5,TARGET,0.05,214.88435236451087,0.0
903,2026-02-16 11:05:00+00:00,GBP_JPY__monday__london,GBP_JPY,SHORT,0.790098,HARVESTER,209.512,0.061857142857143846,85.10271380772708,4.255135690386354,0.8729792147806196,0.0,2026-02-16 11:10:00+00:00,0.55,0.5,TARGET,0.05,217.01192020970404,0.0
904,2026-02-16 11:10:00+00:00,AUD_USD__monday__london,AUD_USD,SHORT,0.7454788,HARVESTER,0.70804,0.0002614285714285791,86.80476808388163,4.340238404194081,1.1475409836063972,0.07650273224051142,2026-02-16 11:15:00+00:00,0.55,0.5,TARGET,0.05,219.18203941180107,0.0
905,2026-02-16 11:10:00+00:00,CHF_JPY__monday__london,CHF_JPY,SHORT,0.7350536,HARVESTER,199.35,0.061857142857143846,86.80476808388163,4.340238404194081,0.0,1.0831408775982527,2026-02-16 11:15:00+00:00,-0.35,-0.39999999999999997,CUT,0.05,217.44594405012344,0.7920792079207897
906,2026-02-16 11:18:00+00:00,USD_CAD__monday__london,USD_CAD,LONG,0.7601284,HARVESTER,1.36237,0.0002557142857142639,86.97837762004937,4.348918881002469,0.7430167597762574,0.07821229050331235,2026-02-16 11:25:00+00:00,0.55,0.5,TARGET,0.05,219.62040349062468,0.0
907,2026-02-16 11:18:00+00:00,GBP_JPY__monday__london,GBP_JPY,SHORT,0.7097078,HARVESTER,209.486,0.06085714285714516,86.97837762004937,4.348918881002469,1.0516431924881073,0.279342723004617,2026-02-16 11:25:00+00:00,0.55,0.5,TARGET,0.05,221.79486293112592,0.0
908,2026-02-16 11:25:00+00:00,AUD_CAD__monday__london,AUD_CAD,LONG,0.7568933999999999,HARVESTER,0.96456,0.0002678571428571609,88.71794517245037,4.435897258622519,1.4559999999999071,0.0,2026-02-16 11:30:00+00:00,0.55,0.5,TARGET,0.05,224.01281156043717,0.0
909,2026-02-16 11:25:00+00:00,EUR_JPY__monday__london,EUR_JPY,SHORT,0.7392144,HARVESTER,182.106,0.04749999999999537,88.71794517245037,4.435897258622519,1.5789473684209672,0.0,2026-02-16 11:30:00+00:00,0.55,0.5,TARGET,0.05,226.23076018974842,0.0
911,2026-02-16 11:30:00+00:00,USD_JPY__monday__london,USD_JPY,SHORT,0.7054349999999999,HARVESTER,153.468,0.042642857142853687,90.49230407589937,4.524615203794968,1.1490787269677554,0.0,2026-02-16 11:35:00+00:00,0.55,0.5,TARGET,0.05,228.4930677916459,0.0
910,2026-02-16 11:30:00+00:00,AUD_CAD__monday__london,AUD_CAD,LONG,0.7217578,HARVESTER,0.96478,0.00027214285714286364,90.49230407589937,4.524615203794968,0.6246719160104965,0.07349081364836571,2026-02-16 11:40:00+00:00,0.55,0.5,TARGET,0.05,230.75537539354337,0.0
912,2026-02-16 11:35:00+00:00,EUR_USD__monday__london,EUR_USD,SHORT,0.7695641999999999,HARVESTER,1.18634,0.0002064285714285122,91.39722711665837,4.569861355832918,0.5813148788924061,0.3875432525956545,2026-02-16 11:40:00+00:00,-0.35,-0.39999999999999997,CUT,0.05,228.9274308512102,0.7921568627450996
913,2026-02-16 11:41:00+00:00,AUD_CAD__monday__london,AUD_CAD,LONG,0.74898,HARVESTER,0.96495,0.00025928571428572377,91.57097234048408,4.578548617024204,0.03856749311319891,0.5013774104681603,2026-02-16 11:45:00+00:00,-0.35,-0.39999999999999997,CUT,0.05,227.0960114044005,1.5858196078431426
914,2026-02-16 11:43:00+00:00,EUR_JPY__monday__london,EUR_JPY,SHORT,0.7086726,HARVESTER,182.006,0.04842857142856717,91.57097234048408,4.578548617024204,0.6194690265487505,0.0,2026-02-16 11:45:00+00:00,0.55,0.5,TARGET,0.05,229.3852857129126,0.5937411764705982
915,2026-02-16 11:45:00+00:00,EUR_JPY__monday__london,EUR_JPY,SHORT,0.7962648,HARVESTER,181.988,0.04842857142856717,91.75411428516504,4.587705714258252,0.7433628318585006,0.33038348082580465,2026-02-16 11:50:00+00:00,0.55,0.5,TARGET,0.05,231.67913857004174,0.0
916,2026-02-16 11:45:00+00:00,USD_JPY__monday__london,USD_JPY,SHORT,0.7865334,HARVESTER,153.414,0.04328571428571187,91.75411428516504,4.587705714258252,0.5544554455446065,0.7161716171618928,2026-02-16 11:50:00+00:00,-0.35,-0.39999999999999997,CUT,0.05,229.84405628433845,0.792079207920789
917,2026-02-16 11:50:00+00:00,GBP_JPY__monday__london,GBP_JPY,SHORT,0.7755099999999999,HARVESTER,209.344,0.0548571428571429,91.93762251373539,4.596881125686769,1.7500000000000648,0.0,2026-02-16 11:55:00+00:00,0.55,0.5,TARGET,0.05,232.14249684718183,0.0
918,2026-02-16 11:50:00+00:00,CHF_JPY__monday__london,CHF_JPY,SHORT,0.7402054,HARVESTER,199.246,0.05707142857142904,91.93762251373539,4.596881125686769,1.226533166458441,0.0,2026-02-16 11:55:00+00:00,0.55,0.5,TARGET,0.05,234.4409374100252,0.0
919,2026-02-16 11:55:00+00:00,EUR_JPY__monday__london,EUR_JPY,SHORT,0.719569,HARVESTER,181.952,0.046214285714283064,93.77637496401009,4.688818748200505,0.9953632148376024,0.0,2026-02-16 12:00:00+00:00,0.55,0.5,TARGET,0.05,236.78534678412547,0.0
920,2026-02-16 11:55:00+00:00,CHF_JPY__monday__london,CHF_JPY,SHORT,0.7177658,HARVESTER,199.197,0.05292857142857242,93.77637496401009,4.688818748200505,0.2645074224023433,0.585695006747739,2026-02-16 12:00:00+00:00,-0.35,-0.39999999999999997,CUT,0.05,234.90981928484527,0.7920792079207897
921,2026-02-16 12:00:00+00:00,GBP_JPY__monday__london,GBP_JPY,SHORT,0.7096986,HARVESTER,209.276,0.05778571428571614,93.96392771393812,4.698196385696906,0.0,1.0556242274408818,2026-02-16 12:05:00+00:00,-0.35,-0.39999999999999997,CUT,0.05,233.0305407305665,1.5857425742574205
922,2026-02-16 12:02:00+00:00,CHF_JPY__monday__london,CHF_JPY,SHORT,0.7143026,HARVESTER,199.2,0.05300000000000133,93.96392771393812,4.698196385696906,0.5283018867922809,0.45283018867925107,2026-02-16 12:05:00+00:00,-0.35,-0.39999999999999997,CUT,0.05,231.15126217628776,2.3794059405940513
924,2026-02-16 12:06:00+00:00,EUR_JPY__monday__london,EUR_JPY,SHORT,0.7385102,HARVESTER,181.908,0.04599999999999836,92.46050487051511,4.623025243525755,1.043478260869024,0.217391304348254,2026-02-16 12:10:00+00:00,0.55,0.5,TARGET,0.05,233.46277479805065,1.403199999999988
925,2026-02-16 12:10:00+00:00,EUR_JPY__monday__london,EUR_JPY,SHORT,0.8137996000000001,HARVESTER,181.882,0.045642857142855826,93.38510991922027,4.669255495961013,1.1611893583724306,0.0,2026-02-16 12:15:00+00:00,0.55,0.5,TARGET,0.05,235.79740254603115,0.41723199999998833
926,2026-02-16 12:15:00+00:00,EUR_JPY__monday__london,EUR_JPY,SHORT,0.7725571999999999,HARVESTER,181.844,0.04664285714285451,94.31896101841247,4.715948050920623,0.8361408882080438,0.0,2026-02-16 12:20:00+00:00,0.55,0.5,TARGET,0.05,238.15537657149147,0.0
927,2026-02-16 12:20:00+00:00,CHF_JPY__monday__london,CHF_JPY,SHORT,0.767083,HARVESTER,199.1,0.052142857142860474,95.2621506285966,4.76310753142983,0.019178082191871167,0.5369863013696674,2026-02-16 12:25:00+00:00,-0.35,-0.39999999999999997,CUT,0.05,236.25013355891954,0.7999999999999992
923,2026-02-16 12:05:00+00:00,USD_JPY__monday__london,USD_JPY,SHORT,0.7442742,HARVESTER,153.344,0.03978571428571139,92.46050487051511,4.623025243525755,0.5026929982042472,0.6283662477560235,2026-02-16 12:30:00+00:00,-0.35,-0.39999999999999997,CUT,0.05,234.40092346150925,1.5764721183421107
928,2026-02-16 12:25:00+00:00,EUR_JPY__monday__london,EUR_JPY,SHORT,0.718975,HARVESTER,181.816,0.04592857142856742,94.50005342356782,4.725002671178391,0.5225505443235491,0.6531881804044364,2026-02-16 12:30:00+00:00,-0.35,-0.39999999999999997,CUT,0.05,232.5109223930379,2.3700721183421076
929,2026-02-16 12:30:00+00:00,NZD_JPY__monday__london,NZD_JPY,SHORT,0.7576272000000001,HARVESTER,92.655,0.02692857142857008,93.00436895721516,4.650218447860758,0.18567639257278473,0.7427055702916666,2026-02-16 12:35:00+00:00,-0.35,-0.39999999999999997,CUT,0.05,230.6508350138936,3.1511115413953648
930,2026-02-16 12:30:00+00:00,EUR_JPY__monday__london,EUR_JPY,SHORT,0.7190134,HARVESTER,181.804,0.04428571428571055,93.00436895721516,4.650218447860758,0.0,1.648387096774502,2026-02-16 12:35:00+00:00,-0.35,-0.39999999999999997,CUT,0.05,228.79074763474932,3.9321509644486228
931,2026-02-16 12:35:00+00:00,USD_CAD__monday__london,USD_CAD,LONG,0.7658414,HARVESTER,1.36246,0.000245000000000019,91.51629905389973,4.575814952694986,0.1632653061225996,0.7346938775512449,2026-02-16 12:40:00+00:00,-0.35,-0.39999999999999997,CUT,0.05,226.96042165367132,4.700693756733037
932,2026-02-16 12:36:00+00:00,USD_CHF__monday__london,USD_CHF,LONG,0.7090314,HARVESTER,0.77018,0.0001907142857142663,91.51629905389973,4.575814952694986,0.4719101123597795,0.367041198501986,2026-02-16 12:45:00+00:00,-0.35,-0.39999999999999997,CUT,0.05,225.1300956725933,5.469236549017453
933,2026-02-16 12:44:00+00:00,GBP_USD__monday__london,GBP_USD,SHORT,0.7406866,HARVESTER,1.36437,0.000347857142857122,90.78416866146853,4.539208433073426,1.1211498973309861,0.2587268993837791,2026-02-16 12:45:00+00:00,0.55,0.5,TARGET,0.05,227.39969988913003,4.516243486584781
934,2026-02-16 12:45:00+00:00,GBP_USD__monday__new_york,GBP_USD,SHORT,0.7133765999999999,HARVESTER,1.36438,0.00035928571428570484,90.95987995565201,4.5479939977826005,0.9463220675944777,0.0,2026-02-16 12:50:00+00:00,0.55,0.5,TARGET,0.05,229.67369688802134,3.5614059214506257
935,2026-02-16 12:45:00+00:00,AUD_JPY__monday__london,AUD_JPY,SHORT,0.7114,HARVESTER,108.64,0.03471428571428804,90.95987995565201,4.5479939977826005,0.0,1.0370370370370068,2026-02-16 12:50:00+00:00,-0.35,-0.39999999999999997,CUT,0.05,227.8544992889083,4.325275973557947
936,2026-02-16 12:50:00+00:00,AUD_CAD__monday__london,AUD_CAD,LONG,0.7058677999999999,HARVESTER,0.96526,0.00023071428571429044,91.14179971556332,4.557089985778166,1.3003095975230499,0.0,2026-02-16 12:55:00+00:00,0.55,0.5,TARGET,0.05,230.1330442817974,3.3685287332935214
937,2026-02-16 12:54:00+00:00,USD_CAD__monday__london,USD_CAD,LONG,0.7172228,HARVESTER,1.36268,0.0002542857142857307,91.14179971556332,4.557089985778166,1.101123595505775,0.0,2026-02-16 12:55:00+00:00,0.55,0.5,TARGET,0.05,232.4115892746865,2.4117814930290953
938,2026-02-16 12:55:00+00:00,EUR_USD__monday__london,EUR_USD,SHORT,0.7038094,HARVESTER,1.18504,0.0002292857142856938,92.96463570987459,4.64823178549373,0.0,2.791277258567114,2026-02-16 13:00:00+00:00,-0.35,-0.39999999999999997,CUT,0.05,230.552296560489,3.1924872410848635
939,2026-02-16 15:00:00+00:00,GBP_JPY__monday__new_york,GBP_JPY,LONG,0.7628961999999999,HARVESTER,209.159,0.05350000000000372,92.2209186241956,4.61104593120978,0.6355140186919228,0.4299065420559726,2026-02-16 15:05:00+00:00,-0.35,-0.39999999999999997,CUT,0.05,228.70787818800508,3.966947343156186
940,2026-02-16 15:00:00+00:00,EUR_JPY__monday__new_york,EUR_JPY,LONG,0.7465234000000001,HARVESTER,181.852,0.044499999999997285,92.2209186241956,4.61104593120978,0.4943820224717461,0.584269662921619,2026-02-16 15:05:00+00:00,-0.35,-0.39999999999999997,CUT,0.05,226.86345981552117,4.741407445227508
941,2026-02-16 15:07:00+00:00,AUD_JPY__monday__london,AUD_JPY,SHORT,0.7117631999999999,HARVESTER,108.518,0.047571428571426315,90.74538392620846,4.537269196310423,0.37837837837841065,0.4624624624626015,2026-02-16 15:10:00+00:00,-0.35,-0.39999999999999997,CUT,0.05,225.048552136997,5.503476185665692
942,2026-02-16 15:08:00+00:00,GBP_JPY__monday__new_york,GBP_JPY,LONG,0.7355077999999999,HARVESTER,209.168,0.0541428571428619,90.74538392620846,4.537269196310423,0.38786279683349123,1.2189973614775116,2026-02-16 15:10:00+00:00,-0.35,-0.39999999999999997,CUT,0.05,223.2336444584728,6.2655449261038765
943,2026-02-16 15:12:00+00:00,USD_JPY__monday__new_york,USD_JPY,LONG,0.7348516,HARVESTER,153.394,0.04171428571428797,89.29345778338913,4.4646728891694565,0.0,1.030821917808316,2026-02-16 15:15:00+00:00,-0.35,-0.39999999999999997,CUT,0.05,221.44777530280504,7.015420566695039
944,2026-02-16 15:14:00+00:00,AUD_JPY__monday__london,AUD_JPY,SHORT,0.7220172,HARVESTER,108.501,0.04878571428571275,89.29345778338913,4.4646728891694565,0.6149341142020924,0.18448023426062773,2026-02-16 15:15:00+00:00,0.55,0.5,TARGET,0.05,223.68011174738976,6.078076015956083
945,2026-02-16 15:15:00+00:00,AUD_JPY__monday__new_york,AUD_JPY,SHORT,0.7066082,HARVESTER,108.494,0.04942857142856992,89.4720446989559,4.473602234947795,0.9710982658960202,0.0,2026-02-16 15:20:00+00:00,0.55,0.5,TARGET,0.05,225.91691286486366,5.138856776115642
946,2026-02-16 15:16:00+00:00,NZD_JPY__monday__london,NZD_JPY,SHORT,0.7122394,HARVESTER,92.578,0.03550000000000101,89.4720446989559,4.473602234947795,0.9014084507041005,0.0,2026-02-16 15:20:00+00:00,0.55,0.5,TARGET,0.05,228.15371398233756,4.199637536275199
947,2026-02-16 15:20:00+00:00,AUD_JPY__monday__new_york,AUD_JPY,SHORT,0.7387758,HARVESTER,108.476,0.04942857142856992,91.26148559293503,4.563074279646751,1.072254335260093,0.040462427745571676,2026-02-16 15:25:00+00:00,0.55,0.5,TARGET,0.05,230.43525112216093,3.2416339116379542
948,2026-02-16 15:20:00+00:00,USD_CAD__monday__new_york,USD_CAD,LONG,0.7253126,HARVESTER,1.3634,0.0003292857142857145,91.26148559293503,4.563074279646751,0.18221258134474733,0.5770065075919246,2026-02-16 15:30:00+00:00,-0.35,-0.39999999999999997,CUT,0.05,228.61002141030224,4.008036811347751
949,2026-02-16 15:28:00+00:00,AUD_JPY__monday__new_york,AUD_JPY,SHORT,0.7288428,HARVESTER,108.438,0.04978571428571245,92.17410044886437,4.6087050224432184,1.1649928263990346,0.1205164992826489,2026-02-16 15:30:00+00:00,0.55,0.5,TARGET,0.05,230.91437392152386,3.0404531504641246
950,2026-02-16 15:31:00+00:00,AUD_JPY__monday__new_york,AUD_JPY,SHORT,0.7407944000000001,HARVESTER,108.422,0.04892857142857058,92.36574956860954,4.618287478430477,0.5722627737224657,0.6948905109490403,2026-02-16 15:35:00+00:00,-0.35,-0.39999999999999997,CUT,0.05,229.06705893015166,3.8161295252604157
951,2026-02-16 15:33:00+00:00,NZD_JPY__monday__london,NZD_JPY,SHORT,0.7195264,HARVESTER,92.501,0.03549999999999999,92.36574956860954,4.618287478430477,0.0,1.5774647887323212,2026-02-16 15:35:00+00:00,-0.35,-0.39999999999999997,CUT,0.05,227.21974393877946,4.591805900056707
952,2026-02-16 15:35:00+00:00,EUR_CHF__monday__new_york,EUR_CHF,SHORT,0.7349372,HARVESTER,0.91204,0.00015428571428572585,90.8878975755118,4.54439487877559,0.12962962962902996,0.9074074074075272,2026-02-16 15:40:00+00:00,-0.35,-0.39999999999999997,CUT,0.05,225.40198598726923,5.355071452856251
953,2026-02-16 15:35:00+00:00,CHF_JPY__monday__london,CHF_JPY,LONG,0.7272616000000001,HARVESTER,199.353,0.058571428571432146,90.8878975755118,4.54439487877559,0.5975609756096614,0.631707317073237,2026-02-16 15:40:00+00:00,-0.35,-0.39999999999999997,CUT,0.05,223.584228035759,6.118337005655796
954,2026-02-16 15:41:00+00:00,AUD_JPY__monday__london,AUD_JPY,LONG,0.7122731999999999,HARVESTER,108.467,0.05292857142857039,89.4336912143036,4.47168456071518,0.6990553306344077,0.0,2026-02-16 15:45:00+00:00,0.55,0.5,TARGET,0.05,225.82007031611658,5.179520375712355
955,2026-02-16 15:41:00+00:00,USD_JPY__monday__new_york,USD_JPY,LONG,0.7092512,HARVESTER,153.398,0.046571428571423566,89.4336912143036,4.47168456071518,1.116564417177873,0.06441717791381465,2026-02-16 15:45:00+00:00,0.55,0.5,TARGET,0.05,228.05591259647417,4.240703745768914
956,2026-02-16 15:45:00+00:00,USD_JPY__monday__new_york,USD_JPY,LONG,0.811796,HARVESTER,153.41,0.0459999999999943,91.22236503858969,4.561118251929484,1.521739130434823,0.0,2026-02-16 15:50:00+00:00,0.55,0.5,TARGET,0.05,230.33647172243892,3.2831107832266024
957,2026-02-16 15:47:00+00:00,EUR_JPY__monday__new_york,EUR_JPY,LONG,0.7013054000000001,HARVESTER,181.862,0.0490000000000005,91.22236503858969,4.561118251929484,1.3061224489794345,0.3673469387755204,2026-02-16 15:50:00+00:00,-0.35,-0.39999999999999997,CUT,0.05,228.51202442166712,4.049185153260451
958,2026-02-16 15:51:00+00:00,GBP_JPY__monday__new_york,GBP_JPY,LONG,0.7305898,HARVESTER,209.142,0.06742857142857465,91.40480976866685,4.570240488433343,1.171610169491584,0.02966101694929275,2026-02-16 15:55:00+00:00,0.55,0.5,TARGET,0.05,230.7971446658838,3.0896770047930557
959,2026-02-16 15:52:00+00:00,USD_JPY__monday__new_york,USD_JPY,LONG,0.7221886,HARVESTER,153.447,0.04635714285713683,91.40480976866685,4.570240488433343,0.5824345146376957,0.237288135593158,2026-02-16 15:55:00+00:00,0.55,0.5,TARGET,0.05,233.08226491010046,2.130168856325661
960,2026-02-16 15:55:00+00:00,EUR_JPY__monday__new_york,EUR_JPY,LONG,0.7391097999999999,HARVESTER,181.915,0.05185714285714482,93.2329059640402,4.66164529820201,0.44352617079880674,0.4820936639119371,2026-02-16 16:00:00+00:00,-0.35,-0.39999999999999997,CUT,0.05,231.21760679081967,2.9131275054750496
961,2026-02-16 15:55:00+00:00,CHF_JPY__monday__london,CHF_JPY,LONG,0.7350152000000001,HARVESTER,199.409,0.0639285714285742,93.2329059640402,4.66164529820201,1.4234636871509045,0.0,2026-02-16 16:00:00+00:00,0.55,0.5,TARGET,0.05,233.54842943992068,1.9344291940383045
962,2026-02-22 23:07:00+00:00,USD_JPY__monday__asia,USD_JPY,SHORT,0.7012887999999999,HARVESTER,154.845,0.03914285714285727,93.41937177596827,4.670968588798414,2.580291970802888,0.30656934306570405,2026-02-22 23:10:00+00:00,0.55,0.5,TARGET,0.05,235.8839137343199,0.9537734859786869
963,2026-02-22 23:08:00+00:00,AUD_USD__monday__asia,AUD_USD,LONG,0.7597662,HARVESTER,0.70872,0.0003285714285714241,93.41937177596827,4.670968588798414,1.126086956521698,0.48695652173928616,2026-02-22 23:10:00+00:00,-0.35,-0.39999999999999997,CUT,0.05,234.01552629880052,1.738298052426381
964,2026-02-22 23:10:00+00:00,GBP_USD__monday__asia,GBP_USD,LONG,0.7602597999999999,HARVESTER,1.35017,0.0005835714285714135,93.60621051952022,4.680310525976011,1.0110159118725057,0.0171358629132094,2026-02-22 23:15:00+00:00,0.55,0.5,TARGET,0.05,236.35568156178851,0.7556810329506505
965,2026-02-22 23:10:00+00:00,NZD_USD__monday__asia,NZD_USD,LONG,0.7051156,HARVESTER,0.59808,0.00019642857142858152,93.60621051952022,4.680310525976011,2.1890909090910076,0.0,2026-02-22 23:15:00+00:00,0.55,0.5,TARGET,0.05,238.6958368247765,0.0
966,2026-02-22 23:15:00+00:00,USD_JPY__monday__asia,USD_JPY,SHORT,0.7546456,HARVESTER,154.716,0.042142857142857384,95.4783347299106,4.77391673649553,2.9186440677970413,0.0,2026-02-22 23:20:00+00:00,0.55,0.5,TARGET,0.05,241.08279519302428,0.0
967,2026-02-22 23:16:00+00:00,AUD_USD__monday__asia,AUD_USD,LONG,0.7059301999999998,HARVESTER,0.70904,0.0003049999999999997,95.4783347299106,4.77391673649553,1.0491803278688108,0.16393442622949028,2026-02-22 23:20:00+00:00,0.55,0.5,TARGET,0.05,243.46975356127206,0.0
968,2026-02-22 23:20:00+00:00,GBP_USD__monday__asia,GBP_USD,LONG,0.712877,HARVESTER,1.35079,0.0005978571428571103,97.38790142450883,4.8693950712254415,1.1206690561532733,0.0,2026-02-22 23:25:00+00:00,0.55,0.5,TARGET,0.05,245.90445109688477,0.0
969,2026-02-22 23:20:00+00:00,NZD_USD__monday__asia,NZD_USD,LONG,0.7106262,HARVESTER,0.59858,0.0002292857142857255,97.38790142450883,4.8693950712254415,1.395638629283364,0.0,2026-02-22 23:25:00+00:00,0.55,0.5,TARGET,0.05,248.33914863249748,0.0
970,2026-02-22 23:25:00+00:00,GBP_JPY__monday__asia,GBP_JPY,SHORT,0.8179940000000002,HARVESTER,208.868,0.08935714285714523,99.33565945299901,4.96678297264995,0.0,1.0295763389289747,2026-02-22 23:30:00+00:00,-0.35,-0.39999999999999997,CUT,0.05,246.3524354434375,0.7999999999999958
971,2026-02-22 23:25:00+00:00,EUR_USD__monday__asia,EUR_USD,LONG,0.8094680000000001,HARVESTER,1.18172,0.0004507142857142884,99.33565945299901,4.96678297264995,0.6434231378761642,0.5768621236136393,2026-02-22 23:30:00+00:00,-0.35,-0.39999999999999997,CUT,0.05,244.36572225437754,1.5999999999999917
972,2026-02-22 23:30:00+00:00,NZD_USD__monday__asia,NZD_USD,LONG,0.7834128,HARVESTER,0.59898,0.00023142857142858083,97.74628890175102,4.887314445087551,1.209876543210078,0.5617283950615478,2026-02-22 23:35:00+00:00,-0.35,-0.39999999999999997,CUT,0.05,242.4107964763425,2.3871999999999964
973,2026-02-22 23:30:00+00:00,AUD_USD__monday__asia,AUD_USD,LONG,0.7755403999999999,HARVESTER,0.70961,0.0003242857142857135,97.74628890175102,4.887314445087551,0.6475770925111489,0.46255506607924535,2026-02-22 23:35:00+00:00,-0.35,-0.39999999999999997,CUT,0.05,240.45587069830748,3.174400000000002
974,2026-02-22 23:35:00+00:00,USD_CAD__monday__asia,USD_CAD,SHORT,0.7587822,HARVESTER,1.36648,0.00036071428571428566,96.182348279323,4.80911741396615,1.1643564356431901,0.1663366336638405,2026-02-22 23:40:00+00:00,0.55,0.5,TARGET,0.05,242.86042940529055,2.206144000000005
975,2026-02-22 23:35:00+00:00,USD_JPY__monday__asia,USD_JPY,SHORT,0.7275886,HARVESTER,154.554,0.0678571428571461,96.182348279323,4.80911741396615,1.1789473684211806,0.0,2026-02-22 23:40:00+00:00,0.55,0.5,TARGET,0.05,245.2649881122736,1.237888000000008
976,2026-02-22 23:40:00+00:00,USD_JPY__monday__asia,USD_JPY,SHORT,0.8196498,HARVESTER,154.488,0.07142857142857549,98.10599524490945,4.905299762245472,1.063999999999847,0.08399999999999841,2026-02-22 23:45:00+00:00,0.55,0.5,TARGET,0.05,247.71763799339635,0.25026688000000713
977,2026-02-22 23:40:00+00:00,EUR_USD__monday__asia,EUR_USD,LONG,0.8046074000000001,HARVESTER,1.1826,0.0005199999999999967,98.10599524490945,4.905299762245472,0.19230769230767233,0.576923076923444,2026-02-22 23:45:00+00:00,-0.35,-0.39999999999999997,CUT,0.05,245.75551808849815,1.0403637760000124
978,2026-02-22 23:45:00+00:00,USD_JPY__monday__asia,USD_JPY,SHORT,0.7510899999999999,HARVESTER,154.458,0.07692857142857536,98.30220723539925,4.915110361769963,1.3389043639740459,0.0,2026-02-22 23:50:00+00:00,0.55,0.5,TARGET,0.05,248.21307326938313,0.050767413760012724
979,2026-02-22 23:46:00+00:00,NZD_USD__monday__asia,NZD_USD,LONG,0.7313626,HARVESTER,0.59958,0.00031285714285715437,98.30220723539925,4.915110361769963,1.4703196347031933,0.0,2026-02-22 23:50:00+00:00,0.55,0.5,TARGET,0.05,250.6706284502681,0.0
980,2026-02-22 23:50:00+00:00,USD_JPY__monday__asia,USD_JPY,SHORT,0.774628,HARVESTER,154.389,0.08214285714286161,100.26825138010724,5.013412569005363,0.8765217391304203,0.32869565217373464,2026-02-22 23:55:00+00:00,0.55,0.5,TARGET,0.05,253.1773347347708,0.0
981,2026-02-22 23:50:00+00:00,GBP_USD__monday__asia,GBP_USD,LONG,0.7581382,HARVESTER,1.35236,0.0005978571428571421,100.26825138010724,5.013412569005363,1.6726403823176197,0.0,2026-02-22 23:55:00+00:00,0.55,0.5,TARGET,0.05,255.68404101927348,0.0
983,2026-02-22 23:57:00+00:00,USD_JPY__monday__asia,USD_JPY,SHORT,0.7392164,HARVESTER,154.35,0.08671428571428764,102.27361640770938,5.113680820385469,0.7380560131794739,0.29983525535431493,2026-02-23 00:00:00+00:00,0.55,0.5,TARGET,0.05,258.24088142946624,0.0
982,2026-02-22 23:55:00+00:00,USD_CHF__monday__asia,USD_CHF,SHORT,0.7013360000000001,HARVESTER,0.77207,0.0005078571428571313,102.27361640770938,5.113680820385469,0.649789029535983,0.33473980309424795,2026-02-23 00:05:00+00:00,0.55,0.5,TARGET,0.05,260.797721839659,0.0
984,2026-02-23 00:03:00+00:00,USD_JPY__monday__asia,USD_JPY,SHORT,0.71739,HARVESTER,154.318,0.08985714285714355,103.2963525717865,5.164817628589325,0.48966613672508047,0.6899841017486176,2026-02-23 00:10:00+00:00,-0.35,-0.39999999999999997,CUT,0.05,258.7317947882233,0.7921568627450948
985,2026-02-23 00:06:00+00:00,GBP_JPY__monday__asia,GBP_JPY,SHORT,0.7601514,HARVESTER,208.7,0.0990714285714286,104.3190887358636,5.21595443679318,0.0,1.4333093006491275,2026-02-23 00:10:00+00:00,-0.35,-0.39999999999999997,CUT,0.05,256.645413013506,1.5921568627450933
986,2026-02-23 00:11:00+00:00,USD_CAD__monday__asia,USD_CAD,LONG,0.7369704,HARVESTER,1.36545,0.0004714285714285671,102.65816520540241,5.132908260270121,1.251515151514884,0.0,2026-02-23 00:15:00+00:00,0.55,0.5,TARGET,0.05,259.2118671436411,0.6080784313725398
987,2026-02-23 00:14:00+00:00,AUD_USD__monday__asia,AUD_USD,SHORT,0.708097,HARVESTER,0.71025,0.000461428571428565,102.65816520540241,5.132908260270121,1.1486068111455927,0.02167182662528867,2026-02-23 00:15:00+00:00,0.55,0.5,TARGET,0.05,261.77832127377616,0.0
988,2026-02-23 00:15:00+00:00,AUD_JPY__monday__asia,AUD_JPY,SHORT,0.7980072,HARVESTER,109.615,0.060428571428571685,104.71132850951048,5.235566425475524,1.1914893617019326,0.08274231678502954,2026-02-23 00:20:00+00:00,0.55,0.5,TARGET,0.05,264.39610448651393,0.0
989,2026-02-23 00:15:00+00:00,AUD_USD__monday__asia,AUD_USD,SHORT,0.7365576,HARVESTER,0.70994,0.0004742857142857128,104.71132850951048,5.235566425475524,0.7379518072288367,0.0210843373493017,2026-02-23 00:20:00+00:00,0.55,0.5,TARGET,0.05,267.0138876992517,0.0
990,2026-02-23 00:20:00+00:00,AUD_JPY__monday__sydney,AUD_JPY,SHORT,0.7037462,HARVESTER,109.595,0.06192857142857174,106.80555507970068,5.340277753985034,2.1476355247980723,0.0,2026-02-23 00:25:00+00:00,0.55,0.5,TARGET,0.05,269.6840265762442,0.0
991,2026-02-23 00:21:00+00:00,EUR_JPY__monday__asia,EUR_JPY,SHORT,0.7085147999999999,HARVESTER,182.558,0.0747857142857161,106.80555507970068,5.340277753985034,1.3906399235909785,0.0,2026-02-23 00:25:00+00:00,0.55,0.5,TARGET,0.05,272.3541654532367,0.0
992,2026-02-23 00:25:00+00:00,EUR_JPY__monday__asia,EUR_JPY,SHORT,0.8123012000000001,HARVESTER,182.502,0.07435714285714264,108.94166618129468,5.447083309064734,1.1296829971182019,0.0,2026-02-23 00:30:00+00:00,0.55,0.5,TARGET,0.05,275.0777071077691,0.0
993,2026-02-23 00:25:00+00:00,NZD_JPY__monday__asia,NZD_JPY,SHORT,0.7663666,HARVESTER,92.51,0.050071428571429114,108.94166618129468,5.447083309064734,0.0,0.7988587731810022,2026-02-23 00:30:00+00:00,-0.35,-0.39999999999999997,CUT,0.05,272.8988737841432,0.7920792079207926
994,2026-02-23 00:30:00+00:00,AUD_JPY__monday__asia,AUD_JPY,SHORT,0.7828556,HARVESTER,109.456,0.06521428571428649,109.15954951365727,5.457977475682863,1.7020810514786862,0.015334063526689737,2026-02-23 00:35:00+00:00,0.55,0.5,TARGET,0.05,275.6278625219846,0.0
995,2026-02-23 00:30:00+00:00,EUR_JPY__monday__asia,EUR_JPY,SHORT,0.7679858,HARVESTER,182.432,0.07357142857142662,109.15954951365727,5.457977475682863,0.9106796116502222,0.4077669902912884,2026-02-23 00:35:00+00:00,-0.35,-0.39999999999999997,CUT,0.05,273.44467153171144,0.7920792079207926
996,2026-02-23 00:35:00+00:00,USD_JPY__monday__asia,USD_JPY,SHORT,0.7764956,HARVESTER,154.186,0.08885714285714284,109.37786861268458,5.468893430634229,1.4630225080385342,0.0,2026-02-23 00:40:00+00:00,0.55,0.5,TARGET,0.05,276.17911824702855,0.0
997,2026-02-23 00:36:00+00:00,AUD_JPY__monday__asia,AUD_JPY,SHORT,0.8084664,HARVESTER,109.415,0.06800000000000088,109.37786861268458,5.468893430634229,1.176470588235463,0.0,2026-02-23 00:40:00+00:00,0.55,0.5,TARGET,0.05,278.9135649623457,0.0
998,2026-02-23 00:40:00+00:00,EUR_JPY__monday__asia,EUR_JPY,SHORT,0.7795628,HARVESTER,182.372,0.07878571428570881,111.56542598493827,5.5782712992469135,1.2946509519493683,0.0,2026-02-23 00:45:00+00:00,0.55,0.5,TARGET,0.05,281.70270061196914,0.0
999,2026-02-23 00:40:00+00:00,GBP_JPY__monday__asia,GBP_JPY,SHORT,0.7792198,HARVESTER,208.512,0.09778571428571224,111.56542598493827,5.5782712992469135,0.9817384952520665,0.0,2026-02-23 00:45:00+00:00,0.55,0.5,TARGET,0.05,284.4918362615926,0.0
1000,2026-02-23 00:45:00+00:00,EUR_JPY__monday__asia,EUR_JPY,SHORT,0.8018899999999999,HARVESTER,182.278,0.07828571428570845,113.79673450463704,5.689836725231852,0.29379562043792873,0.6514598540148533,2026-02-23 00:50:00+00:00,-0.35,-0.39999999999999997,CUT,0.05,282.21590157149984,0.8000000000000047
1001,2026-02-23 00:45:00+00:00,AUD_JPY__monday__asia,AUD_JPY,SHORT,0.767896,HARVESTER,109.28,0.06871428571428798,113.79673450463704,5.689836725231852,0.9750519750520489,0.11642411642404807,2026-02-23 00:50:00+00:00,0.55,0.5,TARGET,0.05,285.0608199341158,0.0
1002,2026-02-23 00:52:00+00:00,GBP_JPY__monday__asia,GBP_JPY,SHORT,0.7290038,HARVESTER,208.445,0.09478571428571415,114.02432797364632,5.701216398682316,0.5380557648830664,0.4536548605878598,2026-02-23 00:55:00+00:00,-0.35,-0.39999999999999997,CUT,0.05,282.78033337464285,0.8000000000000026
1003,2026-02-23 00:53:00+00:00,EUR_CHF__monday__asia,EUR_CHF,SHORT,0.7341972,HARVESTER,0.91266,0.0001857142857142811,114.02432797364632,5.701216398682316,1.076923076922985,0.0,2026-02-23 00:55:00+00:00,0.55,0.5,TARGET,0.05,285.630941573984,0.0
1004,2026-02-23 00:56:00+00:00,EUR_JPY__monday__asia,EUR_JPY,SHORT,0.7544822,HARVESTER,182.271,0.07871428571428396,114.2523766295936,5.71261883147968,0.774954627948929,0.012704174228736079,2026-02-23 01:00:00+00:00,0.55,0.5,TARGET,0.05,288.4872509897238,0.0
1005,2026-02-23 00:56:00+00:00,GBP_JPY__monday__asia,GBP_JPY,SHORT,0.7064018,HARVESTER,208.43,0.09599999999999957,114.2523766295936,5.71261883147968,1.5000000000000635,0.0,2026-02-23 01:00:00+00:00,0.55,0.5,TARGET,0.05,291.3435604054636,0.0
1006,2026-02-23 11:00:00+00:00,GBP_JPY__monday__london,GBP_JPY,SHORT,0.7589384,HARVESTER,209.064,0.06292857142856535,116.53742416218546,5.826871208109273,0.5085130533482349,0.6674233825199535,2026-02-23 11:05:00+00:00,-0.35,-0.39999999999999997,CUT,0.05,289.0128119222199,0.8000000000000053
1007,2026-02-23 11:00:00+00:00,AUD_JPY__monday__london,AUD_JPY,SHORT,0.7148458,HARVESTER,109.542,0.04657142857143169,116.53742416218546,5.826871208109273,0.0,0.45092024539875986,2026-02-23 11:05:00+00:00,-0.35,-0.39999999999999997,CUT,0.05,286.6820634389762,1.6000000000000105
1008,2026-02-23 11:05:00+00:00,CHF_JPY__monday__london,CHF_JPY,SHORT,0.7709582,HARVESTER,199.717,0.055571428571427973,114.67282537559046,5.7336412687795235,1.7455012853472138,0.0,2026-02-23 11:10:00+00:00,0.55,0.5,TARGET,0.05,289.5488840733659,0.616000000000018
1009,2026-02-23 11:05:00+00:00,GBP_JPY__monday__london,GBP_JPY,SHORT,0.7353966,HARVESTER,209.038,0.06214285714285138,114.67282537559046,5.7336412687795235,0.0,2.027586206896359,2026-02-23 11:10:00+00:00,-0.35,-0.39999999999999997,CUT,0.05,287.2554275658541,1.403200000000012
1011,2026-02-23 11:10:00+00:00,USD_CHF__monday__london,USD_CHF,LONG,0.8045378,HARVESTER,0.7754,0.000284285714285721,114.90217102634165,5.745108551317083,0.8090452261308574,0.0,2026-02-23 11:15:00+00:00,0.55,0.5,TARGET,0.05,290.1279818415127,0.4172320000000061
1010,2026-02-23 11:10:00+00:00,CHF_JPY__monday__london,CHF_JPY,SHORT,0.8247820000000001,HARVESTER,199.642,0.05464285714285617,114.90217102634165,5.745108551317083,0.8052287581696328,0.25620915032698505,2026-02-23 11:20:00+00:00,0.55,0.5,TARGET,0.05,293.00053611717124,0.0
1012,2026-02-23 11:15:00+00:00,EUR_CHF__monday__london,EUR_CHF,LONG,0.7450637999999999,HARVESTER,0.9146,0.0002164285714285698,116.05119273660507,5.802559636830254,0.41584158415857836,0.5544554455446001,2026-02-23 11:20:00+00:00,-0.35,-0.39999999999999997,CUT,0.05,290.6795122624391,0.7921568627451038
1013,2026-02-23 11:20:00+00:00,USD_CAD__monday__london,USD_CAD,LONG,0.7107412,HARVESTER,1.36792,0.0002700000000000242,116.27180490497565,5.813590245248783,2.2962962962963314,0.0,2026-02-23 11:25:00+00:00,0.55,0.5,TARGET,0.05,293.5863073850635,0.0
1014,2026-02-23 11:20:00+00:00,NZD_JPY__monday__london,NZD_JPY,SHORT,0.7029322,HARVESTER,92.465,0.035071428571428545,116.27180490497565,5.813590245248783,1.169042769857344,0.0,2026-02-23 11:25:00+00:00,0.55,0.5,TARGET,0.05,296.49310250768787,0.0
1015,2026-02-23 11:25:00+00:00,GBP_JPY__monday__london,GBP_JPY,SHORT,0.7797572,HARVESTER,209.008,0.06942857142856797,118.59724100307515,5.929862050153758,1.0802469135805464,0.0,2026-02-23 11:30:00+00:00,0.55,0.5,TARGET,0.05,299.4580335327647,0.0
1016,2026-02-23 11:25:00+00:00,EUR_JPY__monday__london,EUR_JPY,SHORT,0.7502196,HARVESTER,182.556,0.046428571428573866,118.59724100307515,5.929862050153758,1.0769230769232652,0.04307692307651434,2026-02-23 11:30:00+00:00,0.55,0.5,TARGET,0.05,302.42296455784157,0.0
1017,2026-02-23 11:30:00+00:00,USD_CAD__monday__london,USD_CAD,LONG,0.7419039999999999,HARVESTER,1.36856,0.00029142857142859323,120.96918582313663,6.048459291156831,0.7549019607846312,0.0,2026-02-23 11:35:00+00:00,0.55,0.5,TARGET,0.05,305.44719420342,0.0
1018,2026-02-23 11:30:00+00:00,AUD_USD__monday__london,AUD_USD,SHORT,0.7249899999999999,HARVESTER,0.70714,0.0002664285714285643,120.96918582313663,6.048459291156831,0.5254691689009272,0.4504021447721638,2026-02-23 11:40:00+00:00,-0.35,-0.39999999999999997,CUT,0.05,303.02781048695726,0.7920792079207921
1019,2026-02-23 11:35:00+00:00,USD_CAD__monday__london,USD_CAD,LONG,0.7673525999999999,HARVESTER,1.36866,0.0002750000000000252,122.178877681368,6.1089438840684,0.4000000000001615,0.9454545454541932,2026-02-23 11:40:00+00:00,-0.35,-0.39999999999999997,CUT,0.05,300.58423293332993,1.5920792079207842
1020,2026-02-23 11:40:00+00:00,AUD_USD__monday__london,AUD_USD,SHORT,0.744962,HARVESTER,0.70706,0.00023571428571428354,120.23369317333197,6.011684658666598,0.0,0.7636363636361924,2026-02-23 11:45:00+00:00,-0.35,-0.39999999999999997,CUT,0.05,298.1795590698633,2.379342574257423
1021,2026-02-23 11:48:00+00:00,CHF_JPY__monday__london,CHF_JPY,SHORT,0.7145138,HARVESTER,199.573,0.05299999999999321,119.27182362794531,5.963591181397265,0.4150943396230679,0.584905660377545,2026-02-23 11:50:00+00:00,-0.35,-0.39999999999999997,CUT,0.05,295.79412259730435,3.1603078336633685
1022,2026-02-23 11:51:00+00:00,EUR_GBP__monday__london,EUR_GBP,LONG,0.7381776,HARVESTER,0.8735,0.0002514285714285929,118.31764903892176,5.9158824519460875,0.6761363636358781,0.8750000000003587,2026-02-23 11:55:00+00:00,-0.35,-0.39999999999999997,CUT,0.05,293.4277696165259,3.9350253709940697
1023,2026-02-23 11:56:00+00:00,NZD_JPY__monday__london,NZD_JPY,SHORT,0.716683,HARVESTER,92.422,0.03171428571428488,117.37110784661036,5.868555392330518,0.0,1.5450450450452935,2026-02-23 12:00:00+00:00,-0.35,-0.39999999999999997,CUT,0.05,291.08034745959367,4.703545168026123
1024,2026-02-23 11:56:00+00:00,CHF_JPY__monday__london,CHF_JPY,SHORT,0.709784,HARVESTER,199.546,0.05285714285713742,117.37110784661036,5.868555392330518,0.0,1.7972972972974608,2026-02-23 12:00:00+00:00,-0.35,-0.39999999999999997,CUT,0.05,288.73292530266144,5.472064965058177
1025,2026-02-23 12:00:00+00:00,GBP_USD__monday__london,GBP_USD,SHORT,0.7704768,HARVESTER,1.34884,0.0005735714285714431,115.49317012106458,5.774658506053229,0.9763387297635647,0.0,2026-02-23 12:05:00+00:00,0.55,0.5,TARGET,0.05,291.62025455568806,4.526785614708756
1026,2026-02-23 12:00:00+00:00,USD_CAD__monday__london,USD_CAD,LONG,0.7460207999999999,HARVESTER,1.36878,0.00033285714285716646,115.49317012106458,5.774658506053229,1.4721030042913787,0.0,2026-02-23 12:05:00+00:00,0.55,0.5,TARGET,0.05,294.5075838087147,3.5815062643593354
1027,2026-02-23 12:06:00+00:00,GBP_JPY__monday__london,GBP_JPY,SHORT,0.7258002,HARVESTER,208.988,0.07357142857143069,117.80303352348588,5.890151676174294,0.761165048543825,0.21747572815521302,2026-02-23 12:10:00+00:00,0.55,0.5,TARGET,0.05,297.4526596468018,2.6173213270029376
1028,2026-02-23 12:06:00+00:00,AUD_USD__monday__london,AUD_USD,SHORT,0.7216748,HARVESTER,0.70664,0.00024285714285714782,117.80303352348588,5.890151676174294,1.5647058823531026,0.0,2026-02-23 12:10:00+00:00,0.55,0.5,TARGET,0.05,300.3977354848889,1.6531363896465392
1029,2026-02-23 12:10:00+00:00,AUD_JPY__monday__london,AUD_JPY,SHORT,0.7587498,HARVESTER,109.482,0.03878571428571372,120.15909419395557,6.007954709697779,3.1712707182322104,0.0,2026-02-23 12:15:00+00:00,0.55,0.5,TARGET,0.05,303.4017128397378,0.6696677535430107
1030,2026-02-23 12:10:00+00:00,NZD_JPY__monday__london,NZD_JPY,SHORT,0.7527418,HARVESTER,92.397,0.03392857142857001,120.15909419395557,6.007954709697779,2.033684210526478,0.0,2026-02-23 12:15:00+00:00,0.55,0.5,TARGET,0.05,306.40569019458667,0.0
1031,2026-02-23 12:15:00+00:00,AUD_JPY__monday__london,AUD_JPY,SHORT,0.7815898,HARVESTER,109.405,0.0422142857142863,122.56227607783467,6.1281138038917335,1.6345177664975012,0.0,2026-02-23 12:20:00+00:00,0.55,0.5,TARGET,0.05,309.46974709653256,0.0
1032,2026-02-23 12:15:00+00:00,NZD_JPY__monday__london,NZD_JPY,SHORT,0.7433758,HARVESTER,92.37,0.03592857142857042,122.56227607783467,6.1281138038917335,1.5586481113323745,0.0,2026-02-23 12:20:00+00:00,0.55,0.5,TARGET,0.05,312.53380399847845,0.0
1033,2026-02-23 12:20:00+00:00,EUR_CHF__monday__london,EUR_CHF,SHORT,0.7637672,HARVESTER,0.91453,0.00016928571428570516,125.01352159939138,6.250676079969569,0.0,1.0632911392409712,2026-02-23 12:25:00+00:00,-0.35,-0.39999999999999997,CUT,0.05,310.03353356649063,0.7999999999999958
1034,2026-02-23 12:20:00+00:00,GBP_JPY__monday__london,GBP_JPY,SHORT,0.7437714,HARVESTER,208.862,0.07428571428571777,125.01352159939138,6.250676079969569,0.6999999999998662,1.3057692307692828,2026-02-23 12:25:00+00:00,-0.35,-0.39999999999999997,CUT,0.05,307.5332631345028,1.5999999999999917
1035,2026-02-23 12:26:00+00:00,USD_CAD__monday__london,USD_CAD,LONG,0.7352424,HARVESTER,1.36994,0.00034642857142857294,123.01330525380112,6.150665262690056,0.0,1.0969072164943352,2026-02-23 12:30:00+00:00,-0.35,-0.39999999999999997,CUT,0.05,305.0729970294268,2.38719999999999
1036,2026-02-23 12:33:00+00:00,NZD_JPY__monday__london,NZD_JPY,LONG,0.7048748,HARVESTER,92.392,0.03600000000000035,122.02919881177073,6.101459940588536,0.0,0.4444444444441938,2026-02-23 12:35:00+00:00,-0.35,-0.39999999999999997,CUT,0.05,302.6324130531914,3.1681023999999907
1037,2026-02-23 12:34:00+00:00,GBP_JPY__monday__london,GBP_JPY,SHORT,0.7196452,HARVESTER,208.872,0.08100000000000307,122.02919881177073,6.101459940588536,0.0617283950620208,0.5802469135801884,2026-02-23 12:35:00+00:00,-0.35,-0.39999999999999997,CUT,0.05,300.19182907695597,3.949004799999991
1038,2026-02-23 12:35:00+00:00,USD_CHF__monday__new_york,USD_CHF,SHORT,0.740154,HARVESTER,0.77623,0.0002799999999999866,120.07673163078239,6.00383658153912,0.0,0.8214285714288375,2026-02-23 12:40:00+00:00,-0.35,-0.39999999999999997,CUT,0.05,297.7902944443403,4.717412761599997
1039,2026-02-23 12:45:00+00:00,USD_JPY__monday__new_york,USD_JPY,SHORT,0.7084432,HARVESTER,154.939,0.05785714285714708,119.11611777773614,5.955805888886807,1.2271604938270355,0.0,2026-02-23 12:50:00+00:00,0.55,0.5,TARGET,0.05,300.76819738878373,3.764586889215989
1040,2026-02-23 12:46:00+00:00,AUD_CAD__monday__london,AUD_CAD,LONG,0.7217832000000001,HARVESTER,0.96737,0.0002442857142857128,119.11611777773614,5.955805888886807,1.1052631578947127,0.0,2026-02-23 12:50:00+00:00,0.55,0.5,TARGET,0.05,303.74610033322716,2.8117610168319804
1041,2026-02-23 12:51:00+00:00,AUD_JPY__monday__london,AUD_JPY,LONG,0.7371449999999999,HARVESTER,109.436,0.04378571428571628,121.49844013329087,6.0749220066645435,0.3882544861336572,0.47960848287112195,2026-02-23 12:55:00+00:00,-0.35,-0.39999999999999997,CUT,0.05,301.31613153056134,3.5892669286973273
1042,2026-02-23 12:51:00+00:00,GBP_JPY__monday__london,GBP_JPY,SHORT,0.7193108,HARVESTER,208.868,0.07692857142857333,121.49844013329087,6.0749220066645435,0.0,0.6889507892292882,2026-02-23 12:55:00+00:00,-0.35,-0.39999999999999997,CUT,0.05,298.8861627278955,4.366772840562675
1043,2026-02-23 15:00:00+00:00,AUD_JPY__monday__london,AUD_JPY,SHORT,0.7796546,HARVESTER,109.366,0.06521428571428751,119.55446509115819,5.97772325455791,1.824753559693265,0.0,2026-02-23 15:05:00+00:00,0.55,0.5,TARGET,0.05,301.87502435517445,3.4104405689683066
1044,2026-02-23 15:00:00+00:00,USD_JPY__monday__london,USD_JPY,SHORT,0.7667678,HARVESTER,154.517,0.07692857142856317,119.55446509115819,5.97772325455791,1.520891364902543,0.0,2026-02-23 15:05:00+00:00,0.55,0.5,TARGET,0.05,304.8638859824534,2.45410829737394
1045,2026-02-23 15:05:00+00:00,USD_JPY__monday__london,USD_JPY,SHORT,0.7430236,HARVESTER,154.472,0.07957142857142076,121.94555439298135,6.0972777196490675,1.4578096947938544,0.0,2026-02-23 15:10:00+00:00,0.55,0.5,TARGET,0.05,307.9125248422779,1.4786493803476874
1046,2026-02-23 15:05:00+00:00,EUR_CHF__monday__new_york,EUR_CHF,SHORT,0.7074228,HARVESTER,0.91343,0.00024857142857143133,121.94555439298135,6.0972777196490675,1.4080459770113236,0.0,2026-02-23 15:10:00+00:00,0.55,0.5,TARGET,0.05,310.9611637021024,0.5031904633214355
1047,2026-02-23 15:10:00+00:00,USD_JPY__monday__new_york,USD_JPY,SHORT,0.7654678,HARVESTER,154.363,0.07607142857142232,124.38446548084096,6.219223274042048,0.0,0.8938967136152554,2026-02-23 15:15:00+00:00,-0.35,-0.39999999999999997,CUT,0.05,308.47347439248557,1.2991649396148661
1048,2026-02-23 15:10:00+00:00,EUR_USD__monday__london,EUR_USD,LONG,0.7597427999999999,HARVESTER,1.18098,0.0005142857142857052,124.38446548084096,6.219223274042048,0.0,1.1666666666665588,2026-02-23 15:15:00+00:00,-0.35,-0.39999999999999997,CUT,0.05,305.98578508286874,2.0951394159082968
1049,2026-02-23 15:21:00+00:00,NZD_JPY__monday__london,NZD_JPY,SHORT,0.7309216000000001,HARVESTER,92.245,0.05549999999999906,122.39431403314751,6.119715701657375,1.0270270270270834,0.0,2026-02-23 15:25:00+00:00,0.55,0.5,TARGET,0.05,309.0456429336974,1.116090810067383
1050,2026-02-23 15:21:00+00:00,AUD_JPY__monday__london,AUD_JPY,SHORT,0.7289512,HARVESTER,109.23,0.07285714285714359,122.39431403314751,6.119715701657375,0.7686274509803486,0.01372549019594878,2026-02-23 15:25:00+00:00,0.55,0.5,TARGET,0.05,312.1055007845261,0.13704220422646896
1051,2026-02-23 15:25:00+00:00,NZD_USD__monday__new_york,NZD_USD,SHORT,0.732215,HARVESTER,0.59702,0.00041285714285714336,124.84220031381044,6.242110015690522,0.1937716262975025,0.9204152249136075,2026-02-23 15:30:00+00:00,-0.35,-0.39999999999999997,CUT,0.05,309.6086567782499,0.9359458665926561
1052,2026-02-23 15:25:00+00:00,USD_CAD__monday__new_york,USD_CAD,LONG,0.7037836,HARVESTER,1.36818,0.000653571428571428,124.84220031381044,6.242110015690522,0.5661202185792071,0.6426229508194661,2026-02-23 15:30:00+00:00,-0.35,-0.39999999999999997,CUT,0.05,307.1118127719737,1.7348495289588435
1053,2026-02-23 15:30:00+00:00,CHF_JPY__monday__london,CHF_JPY,LONG,0.7354382,HARVESTER,199.69,0.08414285714285492,122.84472510878948,6.142236255439474,0.0,0.7843803056027668,2026-02-23 15:35:00+00:00,-0.35,-0.39999999999999997,CUT,0.05,304.6549182697979,2.520970732727167
1054,2026-02-23 15:30:00+00:00,USD_JPY__monday__london,USD_JPY,SHORT,0.7076282,HARVESTER,154.424,0.07750000000000057,122.84472510878948,6.142236255439474,0.0,1.3419354838707642,2026-02-23 15:35:00+00:00,-0.35,-0.39999999999999997,CUT,0.05,302.19802376762215,3.3070919364954903
1055,2026-02-23 15:42:00+00:00,AUD_USD__monday__new_york,AUD_USD,SHORT,0.7134888,HARVESTER,0.70672,0.000532142857142862,120.87920950704886,6.043960475352443,0.3570469798658127,0.41342281879193876,2026-02-23 15:45:00+00:00,-0.35,-0.39999999999999997,CUT,0.05,299.78043957748116,4.0806352010035285
1056,2026-02-23 15:45:00+00:00,AUD_JPY__monday__london,AUD_JPY,SHORT,0.7035838,HARVESTER,109.194,0.07728571428571383,119.91217583099245,5.995608791549623,2.3807763401108875,0.0,2026-02-23 15:50:00+00:00,0.55,0.5,TARGET,0.05,302.778243973256,3.1214415530135566
1057,2026-02-23 15:47:00+00:00,GBP_JPY__monday__new_york,GBP_JPY,SHORT,0.7043311999999999,HARVESTER,208.577,0.09950000000000207,119.91217583099245,5.995608791549623,2.582914572864318,0.13065326633170812,2026-02-23 15:50:00+00:00,0.55,0.5,TARGET,0.05,305.77604836903083,2.1622479050235843
1058,2026-02-23 15:50:00+00:00,AUD_JPY__monday__london,AUD_JPY,SHORT,0.7987664,HARVESTER,109.118,0.08171428571428509,122.31041934761234,6.115520967380617,1.4073426573426056,0.0,2026-02-23 15:55:00+00:00,0.55,0.5,TARGET,0.05,308.8338088527211,1.1838703840738267
1059,2026-02-23 15:50:00+00:00,GBP_JPY__monday__london,GBP_JPY,SHORT,0.766141,HARVESTER,208.514,0.11450000000000264,122.31041934761234,6.115520967380617,1.3799126637555617,0.0,2026-02-23 15:55:00+00:00,0.55,0.5,TARGET,0.05,311.8915693364114,0.20549286312406906
1060,2026-02-23 15:56:00+00:00,USD_JPY__monday__new_york,USD_JPY,SHORT,0.7333476,HARVESTER,154.383,0.07949999999999793,124.75662773456456,6.237831386728228,0.0,0.8176100628930744,2026-02-23 16:00:00+00:00,-0.35,-0.39999999999999997,CUT,0.05,309.3964367817201,1.0038489202190732
1061,2026-02-23 15:59:00+00:00,AUD_USD__monday__new_york,AUD_USD,SHORT,0.7041402000000001,HARVESTER,0.70602,0.0005271428571428689,124.75662773456456,6.237831386728228,1.9349593495934923,0.13279132791330367,2026-02-23 16:00:00+00:00,0.55,0.5,TARGET,0.05,312.5153524750842,0.005903848850318004
1062,2026-03-02 11:01:00+00:00,AUD_CAD__monday__london,AUD_CAD,LONG,0.7151211999999999,HARVESTER,0.96785,0.00033857142857141823,125.0061409900337,6.250307049501685,0.0,0.0,END_OF_DATA,0.0,-0.05,TIMEOUT,0.05,312.20283712260914,0.0
1063,2026-03-02 11:03:00+00:00,CHF_JPY__monday__london,CHF_JPY,SHORT,0.8035668000000001,HARVESTER,202.96,0.07214285714285447,125.0061409900337,6.250307049501685,0.0,0.0,END_OF_DATA,0.0,-0.05,TIMEOUT,0.05,311.89032177013405,0.0
