entry_time,node,risk_usd,margin,static_R,score,exit_time,pnl,realized_R,final_balance
2025-12-14 22:59:00+00:00,EUR_GBP__monday__asia,2.0,10.0,1.0,0.74120075,2025-12-15 02:59:00+00:00,1.8,0.9,101.8
2025-12-14 22:59:00+00:00,EUR_GBP__monday__sydney,2.0,10.0,1.0,0.7305664999999999,2025-12-15 02:59:00+00:00,1.8,0.9,103.6
2025-12-14 22:59:00+00:00,GBP_USD__monday__asia,2.0,10.0,1.0,0.7508389,2025-12-15 02:59:00+00:00,1.8,0.9,105.39999999999999
2025-12-14 22:59:00+00:00,GBP_USD__monday__sydney,2.0,10.0,1.0,0.74355665,2025-12-15 02:59:00+00:00,1.8,0.9,107.19999999999999
2025-12-14 23:16:00+00:00,AUD_USD__monday__asia,2.0,10.0,-1.0,0.7452939999999999,2025-12-15 03:16:00+00:00,-2.2,-1.1,104.99999999999999
2025-12-14 23:16:00+00:00,AUD_USD__monday__sydney,2.0,10.0,-1.0,0.7413215,2025-12-15 03:16:00+00:00,-2.2,-1.1,102.79999999999998
2025-12-14 23:16:00+00:00,USD_CAD__monday__asia,2.0,10.0,1.0,0.7307792999999999,2025-12-15 03:16:00+00:00,1.8,0.9,104.59999999999998
2025-12-14 23:16:00+00:00,USD_CAD__monday__sydney,2.0,10.0,1.0,0.7276193000000001,2025-12-15 03:16:00+00:00,1.8,0.9,106.39999999999998
2025-12-14 23:17:00+00:00,NZD_USD__monday__asia,2.0,10.0,1.0,0.7209739,2025-12-15 03:17:00+00:00,1.8,0.9,108.19999999999997
2025-12-14 23:42:00+00:00,USD_CHF__monday__asia,2.0,10.0,-1.0,0.7297469,2025-12-15 03:42:00+00:00,-2.2,-1.1,105.99999999999997
2025-12-15 03:06:00+00:00,EUR_JPY__monday__asia,2.1439999999999997,10.719999999999999,1.0,0.7911322500000001,2025-12-15 07:06:00+00:00,1.9295999999999998,0.9,107.92959999999997
2025-12-15 03:06:00+00:00,USD_JPY__monday__asia,2.1439999999999997,10.719999999999999,1.0,0.8035952,2025-12-15 07:06:00+00:00,1.9295999999999998,0.9,109.85919999999996
2025-12-15 03:06:00+00:00,USD_JPY__monday__sydney,2.1439999999999997,10.719999999999999,1.0,0.78489545,2025-12-15 07:06:00+00:00,1.9295999999999998,0.9,111.78879999999995
2025-12-15 03:15:00+00:00,EUR_USD__monday__asia,2.1439999999999997,10.719999999999999,1.0,0.73091705,2025-12-15 07:15:00+00:00,1.9295999999999998,0.9,113.71839999999995
2025-12-15 03:33:00+00:00,EUR_USD__monday__sydney,2.1639999999999997,10.819999999999999,-1.0,0.7221082,2025-12-15 07:33:00+00:00,-2.3804,-1.1,111.33799999999995
2025-12-15 03:33:00+00:00,GBP_USD__monday__sydney,2.1639999999999997,10.819999999999999,-1.0,0.737916,2025-12-15 07:33:00+00:00,-2.3804,-1.1,108.95759999999996
2025-12-15 03:43:00+00:00,NZD_USD__monday__asia,2.1199999999999997,10.599999999999998,1.0,0.7294807,2025-12-15 07:43:00+00:00,1.9079999999999997,0.9,110.86559999999996
2025-12-15 03:51:00+00:00,GBP_USD__monday__asia,2.1199999999999997,10.599999999999998,1.0,0.7223402,2025-12-15 07:51:00+00:00,1.9079999999999997,0.9,112.77359999999996
2025-12-15 03:51:00+00:00,NZD_JPY__monday__asia,2.1199999999999997,10.599999999999998,-1.0,0.78537285,2025-12-15 07:51:00+00:00,-2.332,-1.1,110.44159999999997
2025-12-15 07:09:00+00:00,USD_JPY__monday__asia,2.235775999999999,11.178879999999996,-1.0,0.7861909,2025-12-15 11:09:00+00:00,-2.459353599999999,-1.1,107.98224639999997
2025-12-15 07:55:00+00:00,EUR_GBP__monday__london,2.2088319999999992,11.044159999999996,1.0,0.7225237,2025-12-15 11:55:00+00:00,1.9879487999999994,0.9,109.97019519999996
2025-12-15 08:10:00+00:00,USD_CAD__monday__london,2.2088319999999992,11.044159999999996,-1.0,0.72082705,2025-12-15 12:10:00+00:00,-2.4297151999999995,-1.1,107.54047999999996
2025-12-15 08:19:00+00:00,EUR_USD__monday__london,2.2088319999999992,11.044159999999996,1.0,0.7653562,2025-12-15 12:19:00+00:00,1.9879487999999994,0.9,109.52842879999996
2025-12-15 08:19:00+00:00,GBP_USD__monday__london,2.2088319999999992,11.044159999999996,-1.0,0.7391021,2025-12-15 12:19:00+00:00,-2.4297151999999995,-1.1,107.09871359999995
2025-12-15 08:45:00+00:00,EUR_CHF__monday__london,2.2088319999999992,11.044159999999996,-1.0,0.7348384000000001,2025-12-15 12:45:00+00:00,-2.4297151999999995,-1.1,104.66899839999995
2025-12-15 09:10:00+00:00,AUD_JPY__monday__london,2.2088319999999992,11.044159999999996,-1.0,0.7948067000000001,2025-12-15 13:10:00+00:00,-2.4297151999999995,-1.1,102.23928319999995
2025-12-15 09:10:00+00:00,USD_CHF__monday__london,2.2088319999999992,11.044159999999996,1.0,0.7695773,2025-12-15 13:10:00+00:00,1.9879487999999994,0.9,104.22723199999994
2025-12-15 09:59:00+00:00,NZD_USD__monday__london,2.2088319999999992,11.044159999999996,-1.0,0.7209947,2025-12-15 13:59:00+00:00,-2.4297151999999995,-1.1,101.79751679999994
2025-12-15 11:14:00+00:00,USD_JPY__monday__london,2.159644927999999,10.798224639999995,1.0,0.7808578500000001,2025-12-15 15:14:00+00:00,1.9436804351999992,0.9,103.74119723519993
2025-12-15 12:19:00+00:00,EUR_USD__monday__london,2.1419742719999992,10.709871359999996,1.0,0.7440146500000001,2025-12-15 16:19:00+00:00,1.9277768447999994,0.9,105.66897407999993
2025-12-15 12:30:00+00:00,GBP_USD__monday__london,2.1419742719999992,10.709871359999996,1.0,0.73021685,2025-12-15 16:30:00+00:00,1.9277768447999994,0.9,107.59675092479992
2025-12-15 12:34:00+00:00,USD_CHF__monday__new_york,2.1419742719999992,10.709871359999996,1.0,0.7210196499999999,2025-12-15 16:34:00+00:00,1.9277768447999994,0.9,109.52452776959991
2025-12-15 12:37:00+00:00,EUR_USD__monday__new_york,2.1419742719999992,10.709871359999996,1.0,0.7250618,2025-12-15 16:37:00+00:00,1.9277768447999994,0.9,111.4523046143999
2025-12-15 12:45:00+00:00,USD_CAD__monday__london,2.093379967999999,10.466899839999995,1.0,0.7261049,2025-12-15 16:45:00+00:00,1.8840419711999992,0.9,113.33634658559991
2025-12-15 13:10:00+00:00,USD_CHF__monday__london,2.084544639999999,10.422723199999995,-1.0,0.7660251,2025-12-15 17:10:00+00:00,-2.292999103999999,-1.1,111.04334748159991
2025-12-15 13:18:00+00:00,USD_CAD__monday__new_york,2.084544639999999,10.422723199999995,-1.0,0.7277008,2025-12-15 17:18:00+00:00,-2.292999103999999,-1.1,108.7503483775999
2025-12-15 14:02:00+00:00,EUR_GBP__monday__new_york,2.0359503359999986,10.179751679999994,-1.0,0.7255142,2025-12-15 18:02:00+00:00,-2.2395453695999987,-1.1,106.51080300799991
2025-12-15 16:01:00+00:00,NZD_JPY__monday__new_york,2.074823944703999,10.374119723519994,-1.0,0.8021632,2025-12-15 20:01:00+00:00,-2.282306339174399,-1.1,104.22849666882551
2025-12-15 16:26:00+00:00,GBP_USD__monday__new_york,2.1133794815999987,10.566897407999994,1.0,0.74061385,2025-12-15 20:26:00+00:00,1.902041533439999,0.9,106.13053820226551
2025-12-15 16:28:00+00:00,EUR_USD__monday__london,2.1133794815999987,10.566897407999994,1.0,0.7380734999999999,2025-12-15 20:28:00+00:00,1.902041533439999,0.9,108.03257973570551
2025-12-15 16:33:00+00:00,NZD_USD__monday__london,2.1519350184959984,10.759675092479991,1.0,0.75156295,2025-12-15 20:33:00+00:00,1.9367415166463986,0.9,109.9693212523519
2025-12-15 16:34:00+00:00,NZD_USD__monday__new_york,2.190490555391998,10.95245277695999,1.0,0.7844492,2025-12-15 20:34:00+00:00,1.9714414998527985,0.9,111.9407627522047
2025-12-15 16:37:00+00:00,USD_CHF__monday__new_york,2.229046092287998,11.14523046143999,1.0,0.7235559,2025-12-15 20:37:00+00:00,2.0061414830591984,0.9,113.9469042352639
2025-12-15 17:19:00+00:00,USD_CAD__monday__new_york,2.1750069675519983,10.87503483775999,-1.0,0.77068945,2025-12-15 21:19:00+00:00,-2.3925076643071983,-1.1,111.5543965709567
2025-12-15 19:43:00+00:00,EUR_USD__monday__new_york,2.130216060159998,10.651080300799991,1.0,0.7445379000000001,2025-12-15 23:43:00+00:00,1.9171944541439985,0.9,113.4715910251007
2025-12-15 19:50:00+00:00,USD_JPY__monday__new_york,2.130216060159998,10.651080300799991,1.0,0.78869595,2025-12-15 23:50:00+00:00,1.9171944541439985,0.9,115.38878547924469
2025-12-15 21:13:00+00:00,GBP_USD__monday__new_york,2.278938084705278,11.39469042352639,-1.0,0.7203417,2025-12-16 01:13:00+00:00,-2.5068318931758062,-1.1,112.88195358606889
2025-12-15 21:33:00+00:00,USD_CHF__monday__new_york,2.231087931419134,11.15543965709567,1.0,0.7221452500000001,2025-12-16 01:33:00+00:00,2.0079791382772205,0.9,114.88993272434611
2025-12-21 22:46:00+00:00,USD_CHF__monday__asia,2.297798654486922,11.48899327243461,-1.0,0.72112095,2025-12-22 02:46:00+00:00,-2.5275785199356147,-1.1,112.3623542044105
2025-12-21 22:55:00+00:00,GBP_JPY__monday__asia,2.297798654486922,11.48899327243461,1.0,0.7974966,2025-12-22 02:55:00+00:00,2.06801878903823,0.9,114.43037299344873
2025-12-21 22:58:00+00:00,USD_CAD__monday__asia,2.297798654486922,11.48899327243461,1.0,0.7285298000000001,2025-12-22 02:58:00+00:00,2.06801878903823,0.9,116.49839178248696
2025-12-21 23:02:00+00:00,USD_CAD__monday__sydney,2.297798654486922,11.48899327243461,1.0,0.7297315,2025-12-22 03:02:00+00:00,2.06801878903823,0.9,118.5664105715252
2025-12-21 23:23:00+00:00,NZD_JPY__monday__asia,2.297798654486922,11.48899327243461,-1.0,0.7833984,2025-12-22 03:23:00+00:00,-2.5275785199356147,-1.1,116.03883205158958
2025-12-21 23:23:00+00:00,NZD_JPY__monday__sydney,2.297798654486922,11.48899327243461,1.0,0.7844401500000001,2025-12-22 03:23:00+00:00,2.06801878903823,0.9,118.10685084062781
2025-12-21 23:41:00+00:00,AUD_JPY__monday__asia,2.297798654486922,11.48899327243461,1.0,0.78562555,2025-12-22 03:41:00+00:00,2.06801878903823,0.9,120.17486962966605
2025-12-21 23:41:00+00:00,AUD_JPY__monday__sydney,2.297798654486922,11.48899327243461,1.0,0.78514105,2025-12-22 03:41:00+00:00,2.06801878903823,0.9,122.24288841870428
2025-12-21 23:45:00+00:00,EUR_USD__monday__asia,2.297798654486922,11.48899327243461,1.0,0.7305809000000001,2025-12-22 03:45:00+00:00,2.06801878903823,0.9,124.31090720774252
2025-12-22 03:10:00+00:00,GBP_USD__monday__asia,2.371328211430504,11.856641057152519,1.0,0.7240336,2025-12-22 07:10:00+00:00,2.1341953902874535,0.9,126.44510259802998
2025-12-22 03:13:00+00:00,USD_CHF__monday__asia,2.371328211430504,11.856641057152519,1.0,0.7225680000000001,2025-12-22 07:13:00+00:00,2.1341953902874535,0.9,128.57929798831742
2025-12-22 03:17:00+00:00,EUR_CHF__monday__asia,2.371328211430504,11.856641057152519,1.0,0.72043185,2025-12-22 07:17:00+00:00,2.1341953902874535,0.9,130.71349337860488
2025-12-22 03:32:00+00:00,EUR_CHF__monday__sydney,2.3621370168125564,11.810685084062783,-1.0,0.7300840000000001,2025-12-22 07:32:00+00:00,-2.5983507184938124,-1.1,128.11514266011108
2025-12-22 04:08:00+00:00,AUD_USD__monday__asia,2.4862181441548503,12.431090720774252,1.0,0.74531095,2025-12-22 08:08:00+00:00,2.2375963297393655,0.9,130.35273898985045
2025-12-22 04:09:00+00:00,NZD_USD__monday__asia,2.4862181441548503,12.431090720774252,-1.0,0.7249687,2025-12-22 08:09:00+00:00,-2.7348399585703356,-1.1,127.61789903128012
2025-12-22 04:09:00+00:00,NZD_USD__monday__sydney,2.4862181441548503,12.431090720774252,-1.0,0.7234687,2025-12-22 08:09:00+00:00,-2.7348399585703356,-1.1,124.88305907270978
2025-12-22 04:10:00+00:00,GBP_USD__monday__sydney,2.4862181441548503,12.431090720774252,-1.0,0.72510635,2025-12-22 08:10:00+00:00,-2.7348399585703356,-1.1,122.14821911413945
2025-12-22 04:14:00+00:00,USD_CAD__monday__asia,2.4862181441548503,12.431090720774252,-1.0,0.7743965500000001,2025-12-22 08:14:00+00:00,-2.7348399585703356,-1.1,119.41337915556912
2025-12-22 04:14:00+00:00,USD_CAD__monday__sydney,2.4862181441548503,12.431090720774252,1.0,0.72889655,2025-12-22 08:14:00+00:00,2.2375963297393655,0.9,121.65097548530848
2025-12-22 07:15:00+00:00,GBP_JPY__monday__asia,2.5715859597663484,12.857929798831742,-1.0,0.7834648000000001,2025-12-22 11:15:00+00:00,-2.8287445557429836,-1.1,118.82223092956549
2025-12-22 07:24:00+00:00,GBP_USD__monday__asia,2.6142698675720974,13.071349337860488,1.0,0.7403982000000001,2025-12-22 11:24:00+00:00,2.3528428808148876,0.9,121.17507381038038
2025-12-22 07:34:00+00:00,AUD_USD__monday__london,2.5623028532022216,12.811514266011109,1.0,0.7283889,2025-12-22 11:34:00+00:00,2.3060725678819995,0.9,123.48114637826238
2025-12-22 07:37:00+00:00,GBP_USD__monday__london,2.5623028532022216,12.811514266011109,1.0,0.73798505,2025-12-22 11:37:00+00:00,2.3060725678819995,0.9,125.78721894614438
2025-12-22 08:17:00+00:00,NZD_USD__monday__london,2.4330195097061695,12.165097548530849,1.0,0.7268369,2025-12-22 12:17:00+00:00,2.189717558735553,0.9,127.97693650487993
2025-12-22 08:28:00+00:00,USD_CHF__monday__london,2.4330195097061695,12.165097548530849,1.0,0.7243647,2025-12-22 12:28:00+00:00,2.189717558735553,0.9,130.16665406361548
2025-12-22 08:42:00+00:00,GBP_JPY__monday__london,2.4330195097061695,12.165097548530849,1.0,0.7964876500000001,2025-12-22 12:42:00+00:00,2.189717558735553,0.9,132.35637162235105
2025-12-22 08:44:00+00:00,USD_CAD__monday__london,2.4330195097061695,12.165097548530849,1.0,0.7259026000000001,2025-12-22 12:44:00+00:00,2.189717558735553,0.9,134.54608918108661
2025-12-22 09:10:00+00:00,EUR_JPY__monday__london,2.4330195097061695,12.165097548530849,1.0,0.7922772,2025-12-22 13:10:00+00:00,2.189717558735553,0.9,136.73580673982218
2025-12-22 12:09:00+00:00,EUR_CHF__monday__london,2.5157443789228875,12.578721894614437,1.0,0.72377865,2025-12-22 16:09:00+00:00,2.2641699410305987,0.9,138.99997668085277
2025-12-22 12:11:00+00:00,EUR_GBP__monday__london,2.5157443789228875,12.578721894614437,1.0,0.7324080000000001,2025-12-22 16:11:00+00:00,2.2641699410305987,0.9,141.26414662188336
2025-12-22 12:35:00+00:00,EUR_USD__monday__new_york,2.60333308127231,13.01666540636155,-1.0,0.72092825,2025-12-22 16:35:00+00:00,-2.8636663893995413,-1.1,138.4004802324838
2025-12-22 12:45:00+00:00,GBP_USD__monday__london,2.6909217836217323,13.454608918108661,-1.0,0.7265559,2025-12-22 16:45:00+00:00,-2.960013961983906,-1.1,135.44046627049988
2025-12-22 12:46:00+00:00,EUR_USD__monday__london,2.6909217836217323,13.454608918108661,-1.0,0.7487784499999999,2025-12-22 16:46:00+00:00,-2.960013961983906,-1.1,132.48045230851596
2025-12-22 12:55:00+00:00,AUD_USD__monday__london,2.6909217836217323,13.454608918108661,1.0,0.7575371,2025-12-22 16:55:00+00:00,2.421829605259559,0.9,134.9022819137755
2025-12-22 12:55:00+00:00,AUD_USD__monday__new_york,2.6909217836217323,13.454608918108661,1.0,0.75765785,2025-12-22 16:55:00+00:00,2.421829605259559,0.9,137.32411151903506
2025-12-22 12:57:00+00:00,GBP_USD__monday__new_york,2.6909217836217323,13.454608918108661,1.0,0.72180045,2025-12-22 16:57:00+00:00,2.421829605259559,0.9,139.7459411242946
2025-12-22 12:57:00+00:00,USD_CAD__monday__london,2.6909217836217323,13.454608918108661,-1.0,0.7394184500000001,2025-12-22 16:57:00+00:00,-2.960013961983906,-1.1,136.78592716231068
2025-12-22 13:13:00+00:00,USD_CAD__monday__new_york,2.7347161347964435,13.673580673982217,-1.0,0.72336045,2025-12-22 17:13:00+00:00,-3.008187748276088,-1.1,133.77773941403458
2025-12-22 16:09:00+00:00,EUR_CHF__monday__london,2.7799995336170555,13.899997668085277,1.0,0.7252708999999999,2025-12-22 20:09:00+00:00,2.50199958025535,0.9,136.27973899428994
2025-12-22 16:11:00+00:00,EUR_CHF__monday__new_york,2.825282932437667,14.126414662188335,1.0,0.7649120500000001,2025-12-22 20:11:00+00:00,2.5427546391939004,0.9,138.82249363348384
2025-12-22 16:35:00+00:00,EUR_GBP__monday__new_york,2.7680096046496763,13.840048023248382,1.0,0.7428191500000001,2025-12-22 20:35:00+00:00,2.4912086441847086,0.9,141.31370227766854
2025-12-22 16:52:00+00:00,EUR_USD__monday__london,2.6496090461703194,13.248045230851597,0.0,0.7308083,2025-12-22 20:52:00+00:00,-0.264960904617032,-0.1,141.0487413730515
2025-12-22 16:57:00+00:00,GBP_USD__monday__new_york,2.7357185432462137,13.67859271623107,1.0,0.7525128,2025-12-22 20:57:00+00:00,2.4621466889215924,0.9,143.5108880619731
2025-12-22 17:22:00+00:00,EUR_USD__monday__new_york,2.675554788280692,13.37777394140346,1.0,0.72639285,2025-12-22 21:22:00+00:00,2.407999309452623,0.9,145.91888737142574
2025-12-22 17:39:00+00:00,USD_CHF__monday__new_york,2.675554788280692,13.37777394140346,-1.0,0.7266664500000001,2025-12-22 21:39:00+00:00,-2.9431102671087612,-1.1,142.975777104317
2025-12-22 18:04:00+00:00,USD_JPY__monday__new_york,2.675554788280692,13.37777394140346,1.0,0.7904237000000001,2025-12-22 22:04:00+00:00,2.407999309452623,0.9,145.38377641376962
2025-12-22 18:48:00+00:00,USD_CAD__monday__new_york,2.675554788280692,13.37777394140346,1.0,0.7384319,2025-12-22 22:48:00+00:00,2.407999309452623,0.9,147.79177572322226
2025-12-22 20:35:00+00:00,NZD_USD__monday__new_york,2.826274045553371,14.131370227766855,0.0,0.72704975,2025-12-23 00:35:00+00:00,-0.28262740455533714,-0.1,147.50914831866692
2025-12-22 21:39:00+00:00,GBP_USD__monday__new_york,2.85951554208634,14.2975777104317,1.0,0.72679085,2025-12-23 01:39:00+00:00,2.573563987877706,0.9,150.08271230654464
2025-12-22 21:50:00+00:00,EUR_USD__monday__new_york,2.85951554208634,14.2975777104317,0.0,0.7446558,2025-12-23 01:50:00+00:00,-0.285951554208634,-0.1,149.796760752336
2025-12-28 22:36:00+00:00,GBP_USD__monday__sydney,2.9959352150467202,14.979676075233602,-1.0,0.7338973000000001,2025-12-29 02:36:00+00:00,-3.2955287365513923,-1.1,146.5012320157846
2025-12-28 22:42:00+00:00,USD_CAD__monday__sydney,2.9959352150467202,14.979676075233602,-1.0,0.7325588500000001,2025-12-29 02:42:00+00:00,-3.2955287365513923,-1.1,143.2057032792332
2025-12-28 22:45:00+00:00,GBP_USD__monday__asia,2.9959352150467202,14.979676075233602,-1.0,0.7286831,2025-12-29 02:45:00+00:00,-3.2955287365513923,-1.1,139.9101745426818
2025-12-28 22:57:00+00:00,EUR_USD__monday__asia,2.9959352150467202,14.979676075233602,-1.0,0.74951845,2025-12-29 02:57:00+00:00,-3.2955287365513923,-1.1,136.6146458061304
2025-12-28 22:57:00+00:00,EUR_USD__monday__sydney,2.9959352150467202,14.979676075233602,-1.0,0.73512895,2025-12-29 02:57:00+00:00,-3.2955287365513923,-1.1,133.319117069579
2025-12-28 23:00:00+00:00,AUD_USD__monday__asia,2.9959352150467202,14.979676075233602,1.0,0.73046985,2025-12-29 03:00:00+00:00,2.696341693542048,0.9,136.01545876312105
2025-12-28 23:16:00+00:00,AUD_USD__monday__sydney,2.9959352150467202,14.979676075233602,-1.0,0.74893765,2025-12-29 03:16:00+00:00,-3.2955287365513923,-1.1,132.71993002656964
2025-12-28 23:16:00+00:00,USD_CAD__monday__asia,2.9959352150467202,14.979676075233602,-1.0,0.74016055,2025-12-29 03:16:00+00:00,-3.2955287365513923,-1.1,129.42440129001824
2025-12-28 23:20:00+00:00,USD_JPY__monday__asia,2.9959352150467202,14.979676075233602,1.0,0.7867452,2025-12-29 03:20:00+00:00,2.696341693542048,0.9,132.1207429835603
2025-12-28 23:20:00+00:00,USD_JPY__monday__sydney,2.9959352150467202,14.979676075233602,1.0,0.78144145,2025-12-29 03:20:00+00:00,2.696341693542048,0.9,134.81708467710234
2025-12-29 02:42:00+00:00,EUR_GBP__monday__asia,2.864114065584664,14.32057032792332,1.0,0.75825995,2025-12-29 06:42:00+00:00,2.577702659026198,0.9,137.39478733612853
2025-12-29 02:51:00+00:00,EUR_GBP__monday__sydney,2.798203490853636,13.99101745426818,1.0,0.7307384,2025-12-29 06:51:00+00:00,2.5183831417682723,0.9,139.9131704778968
2025-12-29 03:00:00+00:00,EUR_CHF__monday__asia,2.720309175262421,13.601545876312105,1.0,0.72654655,2025-12-29 07:00:00+00:00,2.448278257736179,0.9,142.361448735633
2025-12-29 03:00:00+00:00,EUR_CHF__monday__sydney,2.720309175262421,13.601545876312105,1.0,0.7215015499999999,2025-12-29 07:00:00+00:00,2.448278257736179,0.9,144.80972699336917
2025-12-29 03:00:00+00:00,EUR_USD__monday__sydney,2.720309175262421,13.601545876312105,1.0,0.7246577000000001,2025-12-29 07:00:00+00:00,2.448278257736179,0.9,147.25800525110535
2025-12-29 04:00:00+00:00,GBP_USD__monday__sydney,2.696341693542047,13.481708467710234,1.0,0.7548532,2025-12-29 08:00:00+00:00,2.426707524187842,0.9,149.68471277529318
2025-12-29 04:00:00+00:00,USD_CAD__monday__asia,2.696341693542047,13.481708467710234,1.0,0.7281245500000001,2025-12-29 08:00:00+00:00,2.426707524187842,0.9,152.111420299481
2025-12-29 04:00:00+00:00,USD_CAD__monday__sydney,2.696341693542047,13.481708467710234,1.0,0.7241245500000001,2025-12-29 08:00:00+00:00,2.426707524187842,0.9,154.53812782366884
2025-12-29 04:03:00+00:00,GBP_USD__monday__asia,2.696341693542047,13.481708467710234,1.0,0.7292657000000001,2025-12-29 08:03:00+00:00,2.426707524187842,0.9,156.96483534785668
2025-12-29 06:42:00+00:00,EUR_USD__monday__asia,2.7478957467225706,13.739478733612852,1.0,0.7319871499999999,2025-12-29 10:42:00+00:00,2.4731061720503136,0.9,159.43794151990699
2025-12-29 07:21:00+00:00,GBP_CHF__monday__asia,2.945160105022107,14.725800525110536,1.0,0.7205033000000001,2025-12-29 11:21:00+00:00,2.6506440945198966,0.9,162.08858561442688
2025-12-29 07:22:00+00:00,EUR_CHF__monday__asia,2.945160105022107,14.725800525110536,1.0,0.7231082500000001,2025-12-29 11:22:00+00:00,2.6506440945198966,0.9,164.73922970894677
2025-12-29 07:28:00+00:00,AUD_USD__monday__asia,2.945160105022107,14.725800525110536,1.0,0.72262175,2025-12-29 11:28:00+00:00,2.6506440945198966,0.9,167.38987380346666
2025-12-29 07:30:00+00:00,GBP_CHF__monday__london,2.945160105022107,14.725800525110536,1.0,0.77795215,2025-12-29 11:30:00+00:00,2.6506440945198966,0.9,170.04051789798655
2025-12-29 07:30:00+00:00,GBP_JPY__monday__asia,2.945160105022107,14.725800525110536,1.0,0.7901232,2025-12-29 11:30:00+00:00,2.6506440945198966,0.9,172.69116199250644
2025-12-29 08:00:00+00:00,AUD_USD__monday__london,3.090762556473377,15.453812782366885,1.0,0.7541781500000001,2025-12-29 12:00:00+00:00,2.7816863008260393,0.9,175.47284829333248
2025-12-29 08:00:00+00:00,USD_CAD__monday__london,3.090762556473377,15.453812782366885,1.0,0.7381053000000001,2025-12-29 12:00:00+00:00,2.7816863008260393,0.9,178.2545345941585
2025-12-29 08:02:00+00:00,AUD_CAD__monday__london,3.090762556473377,15.453812782366885,1.0,0.73462235,2025-12-29 12:02:00+00:00,2.7816863008260393,0.9,181.03622089498455
2025-12-29 08:17:00+00:00,GBP_USD__monday__london,3.1392967069571336,15.696483534785667,1.0,0.7293056000000001,2025-12-29 12:17:00+00:00,2.8253670362614205,0.9,183.86158793124596
2025-12-29 10:54:00+00:00,CHF_JPY__monday__london,3.1887588303981396,15.943794151990698,1.0,0.7845288000000001,2025-12-29 14:54:00+00:00,2.8698829473583256,0.9,186.73147087860428
2025-12-29 11:40:00+00:00,NZD_USD__monday__london,3.453823239850129,17.269116199250647,-1.0,0.7305389,2025-12-29 15:40:00+00:00,-3.7992055638351423,-1.1,182.93226531476915
2025-12-29 11:52:00+00:00,GBP_CHF__monday__london,3.453823239850129,17.269116199250647,1.0,0.7543039,2025-12-29 15:52:00+00:00,3.108440915865116,0.9,186.04070623063427
2025-12-29 11:56:00+00:00,EUR_GBP__monday__london,3.453823239850129,17.269116199250647,1.0,0.7382746,2025-12-29 15:56:00+00:00,3.108440915865116,0.9,189.1491471464994
2025-12-29 12:02:00+00:00,AUD_CAD__monday__london,3.620724417899691,18.103622089498455,1.0,0.7413290499999999,2025-12-29 16:02:00+00:00,3.258651976109722,0.9,192.4077991226091
2025-12-29 12:02:00+00:00,AUD_USD__monday__london,3.620724417899691,18.103622089498455,-1.0,0.72985375,2025-12-29 16:02:00+00:00,-3.9827968596896604,-1.1,188.42500226291943
2025-12-29 12:06:00+00:00,GBP_JPY__monday__london,3.620724417899691,18.103622089498455,1.0,0.78910985,2025-12-29 16:06:00+00:00,3.258651976109722,0.9,191.68365423902915
2025-12-29 12:14:00+00:00,EUR_USD__monday__london,3.620724417899691,18.103622089498455,1.0,0.7308490999999999,2025-12-29 16:14:00+00:00,3.258651976109722,0.9,194.94230621513887
2025-12-29 12:17:00+00:00,GBP_USD__monday__london,3.6772317586249192,18.386158793124597,1.0,0.7968079,2025-12-29 16:17:00+00:00,3.3095085827624273,0.9,198.2518147979013
2025-12-29 12:17:00+00:00,USD_CHF__monday__london,3.6772317586249192,18.386158793124597,-1.0,0.7214602,2025-12-29 16:17:00+00:00,-4.044954934487412,-1.1,194.20685986341388
2025-12-29 14:57:00+00:00,EUR_CHF__monday__london,3.7346294175720858,18.67314708786043,1.0,0.74195445,2025-12-29 18:57:00+00:00,3.361166475814877,0.9,197.56802633922877
2025-12-29 15:43:00+00:00,USD_CAD__monday__london,3.658645306295383,18.293226531476915,1.0,0.7271747000000001,2025-12-29 19:43:00+00:00,3.292780775665845,0.9,200.8608071148946
2025-12-29 15:55:00+00:00,EUR_USD__monday__new_york,3.7208141246126853,18.60407062306343,1.0,0.7307733500000001,2025-12-29 19:55:00+00:00,3.348732712151417,0.9,204.20953982704603
2025-12-29 15:56:00+00:00,EUR_JPY__monday__london,3.782982942929988,18.91491471464994,1.0,0.7922151000000001,2025-12-29 19:56:00+00:00,3.404684648636989,0.9,207.61422447568302
2025-12-29 16:10:00+00:00,EUR_GBP__monday__london,3.833673084780583,19.168365423902916,-1.0,0.73189755,2025-12-29 20:10:00+00:00,-4.2170403932586416,-1.1,203.3971840824244
2025-12-29 16:10:00+00:00,EUR_GBP__monday__new_york,3.833673084780583,19.168365423902916,-1.0,0.7464103000000001,2025-12-29 20:10:00+00:00,-4.2170403932586416,-1.1,199.18014368916576
2025-12-29 16:10:00+00:00,GBP_CHF__monday__new_york,3.833673084780583,19.168365423902916,-1.0,0.7331903500000001,2025-12-29 20:10:00+00:00,-4.2170403932586416,-1.1,194.96310329590713
2025-12-29 16:14:00+00:00,EUR_CHF__monday__new_york,3.8988461243027777,19.49423062151389,-1.0,0.7495745,2025-12-29 20:14:00+00:00,-4.288730736733056,-1.1,190.6743725591741
2025-12-29 16:20:00+00:00,AUD_USD__monday__new_york,3.8841371972682777,19.42068598634139,1.0,0.7280374000000001,2025-12-29 20:20:00+00:00,3.49572347754145,0.9,194.17009603671553
2025-12-29 16:20:00+00:00,NZD_USD__monday__new_york,3.8841371972682777,19.42068598634139,1.0,0.73633295,2025-12-29 20:20:00+00:00,3.49572347754145,0.9,197.66581951425698
2025-12-29 19:12:00+00:00,USD_CHF__monday__new_york,3.9513605267845753,19.756802633922877,1.0,0.7212709500000001,2025-12-29 23:12:00+00:00,3.5562244741061177,0.9,201.2220439883631
2025-12-29 19:43:00+00:00,GBP_USD__monday__new_york,4.017216142297892,20.08608071148946,-1.0,0.7477697,2025-12-29 23:43:00+00:00,-4.418937756527682,-1.1,196.80310623183544
2025-12-29 19:59:00+00:00,EUR_USD__monday__new_york,4.152284489513661,20.761422447568304,1.0,0.73201595,2025-12-29 23:59:00+00:00,3.737056040562295,0.9,200.54016227239774
2025-12-29 20:26:00+00:00,USD_CAD__monday__new_york,3.95331639028514,19.7665819514257,1.0,0.72169925,2025-12-30 00:26:00+00:00,3.557984751256626,0.9,204.09814702365435
2025-12-29 21:15:00+00:00,NZD_USD__monday__new_york,3.95331639028514,19.7665819514257,-1.0,0.7209202499999999,2025-12-30 01:15:00+00:00,-4.3486480293136545,-1.1,199.74949899434068
2026-01-04 22:36:00+00:00,USD_CHF__monday__asia,3.994989979886814,19.97494989943407,1.0,0.7875668,2026-01-05 02:36:00+00:00,3.5954909818981324,0.9,203.34498997623882
2026-01-04 22:36:00+00:00,USD_CHF__monday__sydney,3.994989979886814,19.97494989943407,1.0,0.7629575500000001,2026-01-05 02:36:00+00:00,3.5954909818981324,0.9,206.94048095813696
2026-01-04 22:40:00+00:00,EUR_USD__monday__asia,3.994989979886814,19.97494989943407,1.0,0.74313235,2026-01-05 02:40:00+00:00,3.5954909818981324,0.9,210.5359719400351
2026-01-04 22:40:00+00:00,EUR_USD__monday__sydney,3.994989979886814,19.97494989943407,1.0,0.7232458500000001,2026-01-05 02:40:00+00:00,3.5954909818981324,0.9,214.13146292193323
2026-01-04 22:42:00+00:00,GBP_USD__monday__sydney,3.994989979886814,19.97494989943407,1.0,0.7480423000000002,2026-01-05 02:42:00+00:00,3.5954909818981324,0.9,217.72695390383137
2026-01-04 22:43:00+00:00,EUR_JPY__monday__asia,3.994989979886814,19.97494989943407,1.0,0.79428465,2026-01-05 02:43:00+00:00,3.5954909818981324,0.9,221.3224448857295
2026-01-04 22:44:00+00:00,EUR_CHF__monday__asia,3.994989979886814,19.97494989943407,1.0,0.7339124,2026-01-05 02:44:00+00:00,3.5954909818981324,0.9,224.91793586762765
2026-01-04 23:04:00+00:00,NZD_JPY__monday__asia,3.994989979886814,19.97494989943407,1.0,0.7914986500000001,2026-01-05 03:04:00+00:00,3.5954909818981324,0.9,228.51342684952579
2026-01-04 23:27:00+00:00,NZD_USD__monday__asia,3.994989979886814,19.97494989943407,1.0,0.7284745499999999,2026-01-05 03:27:00+00:00,3.5954909818981324,0.9,232.10891783142392
2026-01-04 23:27:00+00:00,NZD_USD__monday__sydney,3.994989979886814,19.97494989943407,1.0,0.72813955,2026-01-05 03:27:00+00:00,3.5954909818981324,0.9,235.70440881332206
2026-01-05 02:37:00+00:00,GBP_USD__monday__asia,4.138809619162739,20.694048095813695,1.0,0.7940169,2026-01-05 06:37:00+00:00,3.724928657246465,0.9,239.42933747056853
2026-01-05 02:40:00+00:00,EUR_USD__monday__asia,4.282629258438665,21.413146292193325,-1.0,0.7643084000000001,2026-01-05 06:40:00+00:00,-4.710892184282532,-1.1,234.718445286286
2026-01-05 02:40:00+00:00,EUR_USD__monday__sydney,4.282629258438665,21.413146292193325,-1.0,0.7412661500000001,2026-01-05 06:40:00+00:00,-4.710892184282532,-1.1,230.00755310200347
2026-01-05 02:41:00+00:00,USD_CHF__monday__asia,4.282629258438665,21.413146292193325,1.0,0.7649130500000001,2026-01-05 06:41:00+00:00,3.8543663325947985,0.9,233.86191943459826
2026-01-05 02:43:00+00:00,GBP_USD__monday__sydney,4.42644889771459,22.13224448857295,-1.0,0.7338211500000001,2026-01-05 06:43:00+00:00,-4.86909378748605,-1.1,228.99282564711223
2026-01-05 02:43:00+00:00,USD_CHF__monday__sydney,4.42644889771459,22.13224448857295,1.0,0.74909875,2026-01-05 06:43:00+00:00,3.9838040079431316,0.9,232.97662965505535
2026-01-05 02:49:00+00:00,EUR_GBP__monday__asia,4.498358717352553,22.491793586762764,1.0,0.7202725,2026-01-05 06:49:00+00:00,4.048522845617298,0.9,237.02515250067265
2026-01-05 03:05:00+00:00,USD_CAD__monday__asia,4.570268536990516,22.851342684952577,1.0,0.7368533,2026-01-05 07:05:00+00:00,4.113241683291464,0.9,241.13839418396412
2026-01-05 03:43:00+00:00,USD_CAD__monday__sydney,4.714088176266442,23.57044088133221,1.0,0.7406789,2026-01-05 07:43:00+00:00,4.242679358639798,0.9,245.38107354260393
2026-01-05 03:45:00+00:00,EUR_CHF__monday__asia,4.714088176266442,23.57044088133221,-1.0,0.7314788000000001,2026-01-05 07:45:00+00:00,-5.185496993893087,-1.1,240.19557654871085
2026-01-05 06:45:00+00:00,EUR_USD__monday__asia,4.659532593101107,23.297662965505538,-1.0,0.7366112,2026-01-05 10:45:00+00:00,-5.125485852411218,-1.1,235.07009069629962
2026-01-05 07:30:00+00:00,USD_CAD__monday__asia,4.822767883679282,24.113839418396413,1.0,0.7570134000000001,2026-01-05 11:30:00+00:00,4.3404910953113545,0.9,239.41058179161098
2026-01-05 07:31:00+00:00,USD_CAD__monday__london,4.822767883679282,24.113839418396413,1.0,0.7382367499999999,2026-01-05 11:31:00+00:00,4.3404910953113545,0.9,243.75107288692234
2026-01-05 07:32:00+00:00,USD_CHF__monday__london,4.822767883679282,24.113839418396413,1.0,0.74960475,2026-01-05 11:32:00+00:00,4.3404910953113545,0.9,248.0915639822337
2026-01-05 07:34:00+00:00,GBP_USD__monday__asia,4.822767883679282,24.113839418396413,-1.0,0.7268811000000001,2026-01-05 11:34:00+00:00,-5.305044672047211,-1.1,242.7865193101865
2026-01-05 07:36:00+00:00,NZD_JPY__monday__london,4.822767883679282,24.113839418396413,1.0,0.7824916,2026-01-05 11:36:00+00:00,4.3404910953113545,0.9,247.12701040549786
2026-01-05 07:59:00+00:00,GBP_JPY__monday__london,4.803911530974217,24.019557654871086,-1.0,0.7871164,2026-01-05 11:59:00+00:00,-5.284302684071639,-1.1,241.84270772142622
2026-01-05 08:00:00+00:00,EUR_JPY__monday__london,4.803911530974217,24.019557654871086,-1.0,0.78129415,2026-01-05 12:00:00+00:00,-5.284302684071639,-1.1,236.5584050373546
2026-01-05 08:15:00+00:00,EUR_GBP__monday__london,4.803911530974217,24.019557654871086,1.0,0.72984415,2026-01-05 12:15:00+00:00,4.323520377876795,0.9,240.8819254152314
2026-01-05 08:15:00+00:00,GBP_CHF__monday__london,4.803911530974217,24.019557654871086,1.0,0.7760392,2026-01-05 12:15:00+00:00,4.323520377876795,0.9,245.2054457931082
2026-01-05 11:40:00+00:00,USD_CHF__monday__london,4.942540208109957,24.712701040549785,-1.0,0.7477858,2026-01-05 15:40:00+00:00,-5.436794228920953,-1.1,239.76865156418725
2026-01-05 11:49:00+00:00,AUD_USD__monday__london,4.942540208109957,24.712701040549785,1.0,0.7382025,2026-01-05 15:49:00+00:00,4.448286187298962,0.9,244.21693775148623
2026-01-05 11:49:00+00:00,NZD_USD__monday__london,4.942540208109957,24.712701040549785,1.0,0.7369364500000001,2026-01-05 15:49:00+00:00,4.448286187298962,0.9,248.66522393878518
2026-01-05 12:07:00+00:00,EUR_USD__monday__london,4.731168100747092,23.655840503735458,-1.0,0.7385737000000001,2026-01-05 16:07:00+00:00,-5.2042849108218014,-1.1,243.46093902796338
2026-01-05 12:19:00+00:00,GBP_USD__monday__london,4.904108915862164,24.52054457931082,1.0,0.7251665,2026-01-05 16:19:00+00:00,4.413698024275948,0.9,247.87463705223934
2026-01-05 12:20:00+00:00,GBP_CHF__monday__london,4.904108915862164,24.52054457931082,1.0,0.72793755,2026-01-05 16:20:00+00:00,4.413698024275948,0.9,252.2883350765153
2026-01-05 12:21:00+00:00,EUR_GBP__monday__london,4.904108915862164,24.52054457931082,-1.0,0.7307980000000001,2026-01-05 16:21:00+00:00,-5.394519807448381,-1.1,246.89381526906692
2026-01-05 12:40:00+00:00,USD_CAD__monday__new_york,4.904108915862164,24.52054457931082,1.0,0.7485071500000001,2026-01-05 16:40:00+00:00,4.413698024275948,0.9,251.30751329334288
2026-01-05 12:41:00+00:00,AUD_CAD__monday__london,4.904108915862164,24.52054457931082,-1.0,0.7325094000000001,2026-01-05 16:41:00+00:00,-5.394519807448381,-1.1,245.9129934858945
2026-01-05 12:42:00+00:00,USD_CAD__monday__london,4.904108915862164,24.52054457931082,1.0,0.7697811000000001,2026-01-05 16:42:00+00:00,4.413698024275948,0.9,250.32669151017046
2026-01-05 15:49:00+00:00,EUR_GBP__monday__new_york,4.973304478775703,24.866522393878515,-1.0,0.78091025,2026-01-05 19:49:00+00:00,-5.470634926653274,-1.1,244.8560565835172
2026-01-05 15:52:00+00:00,GBP_JPY__monday__new_york,4.973304478775703,24.866522393878515,1.0,0.8011050500000001,2026-01-05 19:52:00+00:00,4.475974030898133,0.9,249.33203061441532
2026-01-05 15:55:00+00:00,EUR_USD__monday__new_york,4.973304478775703,24.866522393878515,1.0,0.72382415,2026-01-05 19:55:00+00:00,4.475974030898133,0.9,253.80800464531345
2026-01-05 16:19:00+00:00,GBP_USD__monday__london,4.957492741044787,24.787463705223935,1.0,0.81700795,2026-01-05 20:19:00+00:00,4.461743466940308,0.9,258.26974811225375
2026-01-05 16:19:00+00:00,GBP_USD__monday__new_york,4.957492741044787,24.787463705223935,1.0,0.8238697,2026-01-05 20:19:00+00:00,4.461743466940308,0.9,262.7314915791941
2026-01-05 16:26:00+00:00,USD_CHF__monday__new_york,4.937876305381338,24.68938152690669,1.0,0.7487295500000001,2026-01-05 20:26:00+00:00,4.444088674843204,0.9,267.1755802540373
2026-01-05 16:42:00+00:00,AUD_CAD__monday__london,5.006533830203409,25.032669151017046,1.0,0.76280755,2026-01-05 20:42:00+00:00,4.505880447183069,0.9,271.6814607012204
2026-01-05 16:44:00+00:00,EUR_CHF__monday__london,5.006533830203409,25.032669151017046,0.0,0.72244425,2026-01-05 20:44:00+00:00,-0.5006533830203409,-0.1,271.18080731820004
2026-01-05 16:44:00+00:00,EUR_CHF__monday__new_york,5.006533830203409,25.032669151017046,-1.0,0.73144875,2026-01-05 20:44:00+00:00,-5.507187213223751,-1.1,265.6736201049763
2026-01-05 16:45:00+00:00,USD_CAD__monday__new_york,5.006533830203409,25.032669151017046,-1.0,0.74008585,2026-01-05 20:45:00+00:00,-5.507187213223751,-1.1,260.16643289175255
2026-01-05 20:47:00+00:00,USD_CAD__monday__new_york,5.203328657835051,26.016643289175256,-1.0,0.72765885,2026-01-06 00:47:00+00:00,-5.723661523618557,-1.1,254.442771368134
2026-01-05 20:53:00+00:00,EUR_JPY__monday__new_york,5.203328657835051,26.016643289175256,1.0,0.7814423,2026-01-06 00:53:00+00:00,4.682995792051546,0.9,259.12576716018555
2026-01-05 20:53:00+00:00,GBP_JPY__monday__new_york,5.203328657835051,26.016643289175256,1.0,0.8046096,2026-01-06 00:53:00+00:00,4.682995792051546,0.9,263.8087629522371
2026-01-05 21:19:00+00:00,GBP_USD__monday__new_york,5.203328657835051,26.016643289175256,-1.0,0.72315445,2026-01-06 01:19:00+00:00,-5.723661523618557,-1.1,258.08510142861854
2026-01-11 22:39:00+00:00,GBP_USD__monday__asia,5.161702028572371,25.808510142861856,-1.0,0.7291854,2026-01-12 02:39:00+00:00,-5.677872231429609,-1.1,252.40722919718894
2026-01-11 22:39:00+00:00,GBP_USD__monday__sydney,5.161702028572371,25.808510142861856,-1.0,0.7280374,2026-01-12 02:39:00+00:00,-5.677872231429609,-1.1,246.72935696575934
2026-01-11 23:02:00+00:00,AUD_USD__monday__sydney,5.161702028572371,25.808510142861856,-1.0,0.7335062,2026-01-12 03:02:00+00:00,-5.677872231429609,-1.1,241.05148473432973
2026-01-11 23:04:00+00:00,USD_CAD__monday__sydney,5.161702028572371,25.808510142861856,-1.0,0.7225189500000001,2026-01-12 03:04:00+00:00,-5.677872231429609,-1.1,235.37361250290013
2026-01-11 23:20:00+00:00,GBP_CHF__monday__asia,5.161702028572371,25.808510142861856,-1.0,0.7225272,2026-01-12 03:20:00+00:00,-5.677872231429609,-1.1,229.69574027147053
2026-01-11 23:21:00+00:00,USD_CHF__monday__asia,5.161702028572371,25.808510142861856,-1.0,0.7494278999999999,2026-01-12 03:21:00+00:00,-5.677872231429609,-1.1,224.01786804004092
2026-01-11 23:21:00+00:00,USD_CHF__monday__sydney,5.161702028572371,25.808510142861856,-1.0,0.7285456499999999,2026-01-12 03:21:00+00:00,-5.677872231429609,-1.1,218.33999580861132
2026-01-11 23:30:00+00:00,EUR_USD__monday__asia,5.161702028572371,25.808510142861856,-1.0,0.7247528,2026-01-12 03:30:00+00:00,-5.677872231429609,-1.1,212.66212357718172
2026-01-11 23:35:00+00:00,USD_CAD__monday__asia,5.161702028572371,25.808510142861856,-1.0,0.7377899000000001,2026-01-12 03:35:00+00:00,-5.677872231429609,-1.1,206.9842513457521
2026-01-11 23:39:00+00:00,EUR_CHF__monday__asia,5.161702028572371,25.808510142861856,1.0,0.7319455,2026-01-12 03:39:00+00:00,4.645531825715135,0.9,211.62978317146724
2026-01-12 02:46:00+00:00,AUD_JPY__monday__asia,4.9345871393151866,24.672935696575934,-1.0,0.79308945,2026-01-12 06:46:00+00:00,-5.428045853246705,-1.1,206.20173731822052
2026-01-12 03:24:00+00:00,EUR_JPY__monday__asia,4.366799916172226,21.833999580861132,1.0,0.7808139000000001,2026-01-12 07:24:00+00:00,3.930119924555004,0.9,210.13185724277554
2026-01-12 04:10:00+00:00,EUR_USD__monday__asia,4.232595663429345,21.162978317146724,1.0,0.7208029999999999,2026-01-12 08:10:00+00:00,3.8093360970864105,0.9,213.94119333986194
2026-01-12 04:18:00+00:00,EUR_JPY__monday__sydney,4.232595663429345,21.162978317146724,-1.0,0.79024775,2026-01-12 08:18:00+00:00,-4.65585522977228,-1.1,209.28533811008967
2026-01-12 04:20:00+00:00,GBP_USD__monday__asia,4.232595663429345,21.162978317146724,-1.0,0.7289667,2026-01-12 08:20:00+00:00,-4.65585522977228,-1.1,204.6294828803174
2026-01-12 04:20:00+00:00,GBP_USD__monday__sydney,4.232595663429345,21.162978317146724,-1.0,0.7289667,2026-01-12 08:20:00+00:00,-4.65585522977228,-1.1,199.97362765054513
2026-01-12 04:47:00+00:00,NZD_USD__monday__asia,4.232595663429345,21.162978317146724,1.0,0.72776465,2026-01-12 08:47:00+00:00,3.8093360970864105,0.9,203.78296374763153
2026-01-12 04:50:00+00:00,USD_CHF__monday__asia,4.232595663429345,21.162978317146724,-1.0,0.7448011499999999,2026-01-12 08:50:00+00:00,-4.65585522977228,-1.1,199.12710851785926
2026-01-12 05:02:00+00:00,AUD_USD__monday__asia,4.232595663429345,21.162978317146724,1.0,0.7237840000000001,2026-01-12 09:02:00+00:00,3.8093360970864105,0.9,202.93644461494566
2026-01-12 07:01:00+00:00,GBP_CHF__monday__asia,4.12403474636441,20.62017373182205,1.0,0.72374355,2026-01-12 11:01:00+00:00,3.711631271727969,0.9,206.64807588667364
2026-01-12 07:24:00+00:00,USD_CAD__monday__asia,4.202637144855511,21.013185724277555,1.0,0.7403957999999999,2026-01-12 11:24:00+00:00,3.78237343036996,0.9,210.4304493170436
2026-01-12 08:10:00+00:00,GBP_JPY__monday__london,4.2788238667972385,21.394119333986193,-1.0,0.79816425,2026-01-12 12:10:00+00:00,-4.706706253476963,-1.1,205.72374306356664
2026-01-12 08:11:00+00:00,GBP_USD__monday__london,4.2788238667972385,21.394119333986193,-1.0,0.7388798999999999,2026-01-12 12:11:00+00:00,-4.706706253476963,-1.1,201.01703681008968
2026-01-12 08:50:00+00:00,CHF_JPY__monday__london,3.9825421703571853,19.912710851785928,1.0,0.7801013,2026-01-12 12:50:00+00:00,3.584287953321467,0.9,204.60132476341116
2026-01-12 08:50:00+00:00,EUR_USD__monday__london,3.9825421703571853,19.912710851785928,1.0,0.7281265,2026-01-12 12:50:00+00:00,3.584287953321467,0.9,208.18561271673263
2026-01-12 09:01:00+00:00,USD_CAD__monday__london,3.9825421703571853,19.912710851785928,-1.0,0.7220504999999999,2026-01-12 13:01:00+00:00,-4.380796387392905,-1.1,203.80481632933973
2026-01-12 09:06:00+00:00,EUR_JPY__monday__london,4.058728892298913,20.293644461494566,1.0,0.79733115,2026-01-12 13:06:00+00:00,3.6528560030690223,0.9,207.45767233240875
2026-01-12 09:13:00+00:00,GBP_CHF__monday__london,4.058728892298913,20.293644461494566,1.0,0.7260805,2026-01-12 13:13:00+00:00,3.6528560030690223,0.9,211.11052833547777
2026-01-12 11:07:00+00:00,NZD_USD__monday__london,4.132961517733473,20.664807588667365,1.0,0.7214856000000001,2026-01-12 15:07:00+00:00,3.7196653659601258,0.9,214.8301937014379
2026-01-12 11:09:00+00:00,AUD_USD__monday__london,4.132961517733473,20.664807588667365,-1.0,0.72253975,2026-01-12 15:09:00+00:00,-4.54625766950682,-1.1,210.2839360319311
2026-01-12 11:47:00+00:00,USD_CHF__monday__london,4.208608986340872,21.043044931704358,1.0,0.725814,2026-01-12 15:47:00+00:00,3.787748087706785,0.9,214.07168411963787
2026-01-12 12:32:00+00:00,AUD_CAD__monday__london,4.020340736201794,20.10170368100897,1.0,0.7204645,2026-01-12 16:32:00+00:00,3.6183066625816145,0.9,217.68999078221947
2026-01-12 13:06:00+00:00,EUR_USD__monday__london,4.149153446648175,20.745767233240876,1.0,0.7479292000000001,2026-01-12 17:06:00+00:00,3.734238101983358,0.9,221.42422888420282
2026-01-12 13:06:00+00:00,USD_CHF__monday__new_york,4.149153446648175,20.745767233240876,1.0,0.75058735,2026-01-12 17:06:00+00:00,3.734238101983358,0.9,225.15846698618617
2026-01-12 13:07:00+00:00,CHF_JPY__monday__london,4.149153446648175,20.745767233240876,1.0,0.7916507500000001,2026-01-12 17:07:00+00:00,3.734238101983358,0.9,228.89270508816952
2026-01-12 13:07:00+00:00,EUR_USD__monday__new_york,4.149153446648175,20.745767233240876,1.0,0.72050085,2026-01-12 17:07:00+00:00,3.734238101983358,0.9,232.62694319015287
2026-01-12 13:11:00+00:00,GBP_USD__monday__london,4.149153446648175,20.745767233240876,1.0,0.72262855,2026-01-12 17:11:00+00:00,3.734238101983358,0.9,236.36118129213622
2026-01-12 13:13:00+00:00,GBP_CHF__monday__london,4.222210566709555,21.111052833547777,1.0,0.7538262500000001,2026-01-12 17:13:00+00:00,3.7999895100386,0.9,240.1611708021748
2026-01-12 15:08:00+00:00,EUR_CHF__monday__london,4.296603874028758,21.48301937014379,1.0,0.7416103000000001,2026-01-12 19:08:00+00:00,3.8669434866258823,0.9,244.02811428880068
2026-01-12 15:14:00+00:00,AUD_USD__monday__london,4.2056787206386215,21.02839360319311,1.0,0.7253162499999999,2026-01-12 19:14:00+00:00,3.7851108485747593,0.9,247.81322513737544
2026-01-12 15:47:00+00:00,AUD_USD__monday__new_york,4.281433682392757,21.407168411963788,1.0,0.75870985,2026-01-12 19:47:00+00:00,3.8532903141534818,0.9,251.6665154515289
2026-01-12 17:09:00+00:00,USD_CAD__monday__new_york,4.652538863803057,23.26269431901529,-1.0,0.73490085,2026-01-12 21:09:00+00:00,-5.117792750183363,-1.1,246.54872270134555
2026-01-12 17:19:00+00:00,GBP_USD__monday__new_york,4.803223416043497,24.016117080217484,1.0,0.72809155,2026-01-12 21:19:00+00:00,4.322901074439147,0.9,250.8716237757847
2026-01-12 19:13:00+00:00,EUR_USD__monday__new_york,4.880562285776014,24.40281142888007,1.0,0.72486045,2026-01-12 23:13:00+00:00,4.392506057198412,0.9,255.26412983298312
2026-01-12 19:17:00+00:00,NZD_USD__monday__new_york,4.9562645027475085,24.781322513737543,1.0,0.74699635,2026-01-12 23:17:00+00:00,4.460638052472758,0.9,259.7247678854559
2026-01-12 19:24:00+00:00,USD_CHF__monday__new_york,4.9562645027475085,24.781322513737543,-1.0,0.7370466,2026-01-12 23:24:00+00:00,-5.45189095302226,-1.1,254.27287693243363
2026-01-12 20:35:00+00:00,GBP_CHF__monday__new_york,5.033330309030578,25.16665154515289,1.0,0.7259902,2026-01-13 00:35:00+00:00,4.529997278127521,0.9,258.80287421056113
2026-01-18 22:35:00+00:00,USD_CAD__monday__sydney,5.176057484211222,25.88028742105611,-1.0,0.7531723,2026-01-19 02:35:00+00:00,-5.693663232632345,-1.1,253.1092109779288
2026-01-18 22:36:00+00:00,EUR_USD__monday__asia,5.176057484211222,25.88028742105611,-1.0,0.7297615000000001,2026-01-19 02:36:00+00:00,-5.693663232632345,-1.1,247.41554774529646
2026-01-18 22:37:00+00:00,AUD_USD__monday__asia,5.176057484211222,25.88028742105611,-1.0,0.7227017000000001,2026-01-19 02:37:00+00:00,-5.693663232632345,-1.1,241.72188451266413
2026-01-18 22:37:00+00:00,EUR_USD__monday__sydney,5.176057484211222,25.88028742105611,-1.0,0.7262095000000001,2026-01-19 02:37:00+00:00,-5.693663232632345,-1.1,236.0282212800318
2026-01-18 22:37:00+00:00,NZD_USD__monday__asia,5.176057484211222,25.88028742105611,-1.0,0.7304270500000001,2026-01-19 02:37:00+00:00,-5.693663232632345,-1.1,230.33455804739947
2026-01-18 22:38:00+00:00,GBP_USD__monday__asia,5.176057484211222,25.88028742105611,1.0,0.76823095,2026-01-19 02:38:00+00:00,4.6584517357901,0.9,234.99300978318956
2026-01-18 22:38:00+00:00,GBP_USD__monday__sydney,5.176057484211222,25.88028742105611,1.0,0.76404695,2026-01-19 02:38:00+00:00,4.6584517357901,0.9,239.65146151897966
2026-01-18 22:50:00+00:00,EUR_CHF__monday__asia,5.176057484211222,25.88028742105611,-1.0,0.72430275,2026-01-19 02:50:00+00:00,-5.693663232632345,-1.1,233.95779828634733
2026-01-18 22:52:00+00:00,AUD_USD__monday__sydney,5.176057484211222,25.88028742105611,-1.0,0.7345349499999999,2026-01-19 02:52:00+00:00,-5.693663232632345,-1.1,228.264135053715
2026-01-18 22:55:00+00:00,USD_CHF__monday__asia,5.176057484211222,25.88028742105611,-1.0,0.7295625499999999,2026-01-19 02:55:00+00:00,-5.693663232632345,-1.1,222.57047182108266
2026-01-19 02:38:00+00:00,NZD_JPY__monday__asia,4.793029230379593,23.96514615189797,-1.0,0.7864070999999999,2026-01-19 06:38:00+00:00,-5.272332153417553,-1.1,217.2981396676651
2026-01-19 02:38:00+00:00,USD_CHF__monday__sydney,4.793029230379593,23.96514615189797,1.0,0.72088655,2026-01-19 06:38:00+00:00,4.313726307341634,0.9,221.61186597500674
2026-01-19 02:45:00+00:00,GBP_JPY__monday__asia,4.793029230379593,23.96514615189797,-1.0,0.78820265,2026-01-19 06:45:00+00:00,-5.272332153417553,-1.1,216.33953382158919
2026-01-19 02:46:00+00:00,GBP_CHF__monday__asia,4.793029230379593,23.96514615189797,-1.0,0.72826945,2026-01-19 06:46:00+00:00,-5.272332153417553,-1.1,211.06720166817163
2026-01-19 02:47:00+00:00,EUR_CHF__monday__sydney,4.793029230379593,23.96514615189797,-1.0,0.72481145,2026-01-19 06:47:00+00:00,-5.272332153417553,-1.1,205.79486951475408
2026-01-19 02:49:00+00:00,AUD_JPY__monday__asia,4.793029230379593,23.96514615189797,-1.0,0.7821647,2026-01-19 06:49:00+00:00,-5.272332153417553,-1.1,200.52253736133653
2026-01-19 02:53:00+00:00,GBP_CHF__monday__sydney,4.5652827010743,22.826413505371498,-1.0,0.72799125,2026-01-19 06:53:00+00:00,-5.02181097118173,-1.1,195.5007263901548
2026-01-19 02:58:00+00:00,NZD_USD__monday__asia,4.451409436421653,22.257047182108266,1.0,0.75396865,2026-01-19 06:58:00+00:00,4.006268492779488,0.9,199.5069948829343
2026-01-19 02:58:00+00:00,NZD_USD__monday__sydney,4.451409436421653,22.257047182108266,1.0,0.75365265,2026-01-19 06:58:00+00:00,4.006268492779488,0.9,203.5132633757138
2026-01-19 07:05:00+00:00,GBP_USD__monday__asia,4.070265267514276,20.35132633757138,1.0,0.720873,2026-01-19 11:05:00+00:00,3.663238740762848,0.9,207.17650211647663
2026-01-19 07:25:00+00:00,USD_JPY__monday__asia,4.070265267514276,20.35132633757138,-1.0,0.79843065,2026-01-19 11:25:00+00:00,-4.477291794265704,-1.1,202.69921032221092
2026-01-19 07:34:00+00:00,EUR_USD__monday__london,4.070265267514276,20.35132633757138,1.0,0.7494075,2026-01-19 11:34:00+00:00,3.663238740762848,0.9,206.36244906297375
2026-01-19 07:34:00+00:00,USD_CHF__monday__asia,4.070265267514276,20.35132633757138,1.0,0.7403442499999999,2026-01-19 11:34:00+00:00,3.663238740762848,0.9,210.0256878037366
2026-01-19 07:34:00+00:00,USD_CHF__monday__london,4.070265267514276,20.35132633757138,1.0,0.76120475,2026-01-19 11:34:00+00:00,3.663238740762848,0.9,213.68892654449942
2026-01-19 07:35:00+00:00,GBP_USD__monday__london,4.070265267514276,20.35132633757138,1.0,0.72589785,2026-01-19 11:35:00+00:00,3.663238740762848,0.9,217.35216528526226
2026-01-19 07:37:00+00:00,EUR_USD__monday__asia,4.070265267514276,20.35132633757138,1.0,0.7265671499999999,2026-01-19 11:37:00+00:00,3.663238740762848,0.9,221.0154040260251
2026-01-19 07:40:00+00:00,USD_JPY__monday__london,4.070265267514276,20.35132633757138,1.0,0.8048066500000001,2026-01-19 11:40:00+00:00,3.663238740762848,0.9,224.67864276678793
2026-01-19 07:47:00+00:00,USD_CAD__monday__asia,4.070265267514276,20.35132633757138,-1.0,0.726063,2026-01-19 11:47:00+00:00,-4.477291794265704,-1.1,220.20135097252222
2026-01-19 07:47:00+00:00,USD_CAD__monday__london,4.070265267514276,20.35132633757138,-1.0,0.7359355,2026-01-19 11:47:00+00:00,-4.477291794265704,-1.1,215.7240591782565
2026-01-19 11:11:00+00:00,GBP_CHF__monday__london,4.143530042329533,20.717650211647666,1.0,0.7380689,2026-01-19 15:11:00+00:00,3.7291770380965796,0.9,219.45323621635308
2026-01-19 11:47:00+00:00,EUR_USD__monday__london,4.31448118356513,21.572405917825648,1.0,0.7555751500000001,2026-01-19 15:47:00+00:00,3.883033065208617,0.9,223.3362692815617
2026-01-19 11:48:00+00:00,CHF_JPY__monday__london,4.31448118356513,21.572405917825648,-1.0,0.7906275,2026-01-19 15:48:00+00:00,-4.7459293019216435,-1.1,218.59033997964005
2026-01-19 11:50:00+00:00,USD_CAD__monday__london,4.31448118356513,21.572405917825648,1.0,0.7517314,2026-01-19 15:50:00+00:00,3.883033065208617,0.9,222.47337304484867
2026-01-19 11:57:00+00:00,AUD_USD__monday__london,4.31448118356513,21.572405917825648,1.0,0.7296708000000001,2026-01-19 15:57:00+00:00,3.883033065208617,0.9,226.3564061100573
2026-01-19 11:58:00+00:00,GBP_USD__monday__london,4.31448118356513,21.572405917825648,-1.0,0.7238850499999999,2026-01-19 15:58:00+00:00,-4.7459293019216435,-1.1,221.61047680813564
2026-01-19 11:58:00+00:00,USD_CHF__monday__london,4.31448118356513,21.572405917825648,1.0,0.73160745,2026-01-19 15:58:00+00:00,3.883033065208617,0.9,225.49350987334427
2026-01-19 13:08:00+00:00,EUR_GBP__monday__new_york,4.31448118356513,21.572405917825648,-1.0,0.72352565,2026-01-19 17:08:00+00:00,-4.7459293019216435,-1.1,220.74758057142262
2026-01-19 13:09:00+00:00,USD_CHF__monday__new_york,4.31448118356513,21.572405917825648,1.0,0.7399302,2026-01-19 17:09:00+00:00,3.883033065208617,0.9,224.63061363663124
2026-01-19 13:10:00+00:00,USD_CAD__monday__new_york,4.31448118356513,21.572405917825648,1.0,0.73280515,2026-01-19 17:10:00+00:00,3.883033065208617,0.9,228.51364670183986
2026-01-19 15:13:00+00:00,NZD_JPY__monday__new_york,4.389064724327062,21.94532362163531,-1.0,0.8086431,2026-01-19 19:13:00+00:00,-4.827971196759768,-1.1,223.6856755050801
2026-01-19 15:53:00+00:00,NZD_USD__monday__new_york,4.449467460896973,22.247337304484866,1.0,0.7360922999999999,2026-01-19 19:53:00+00:00,4.004520714807276,0.9,227.69019621988738
2026-01-19 16:11:00+00:00,AUD_USD__monday__new_york,4.509870197466886,22.549350987334428,-1.0,0.72388285,2026-01-19 20:11:00+00:00,-4.960857217213575,-1.1,222.7293390026738
2026-01-19 16:11:00+00:00,EUR_JPY__monday__london,4.509870197466886,22.549350987334428,1.0,0.8056436499999999,2026-01-19 20:11:00+00:00,4.0588831777201975,0.9,226.788222180394
2026-01-19 16:11:00+00:00,EUR_JPY__monday__new_york,4.509870197466886,22.549350987334428,1.0,0.8221941500000001,2026-01-19 20:11:00+00:00,4.0588831777201975,0.9,230.8471053581142
2026-01-19 16:11:00+00:00,EUR_USD__monday__new_york,4.509870197466886,22.549350987334428,1.0,0.7243384500000001,2026-01-19 20:11:00+00:00,4.0588831777201975,0.9,234.90598853583438
2026-01-19 16:11:00+00:00,GBP_JPY__monday__london,4.509870197466886,22.549350987334428,1.0,0.7862058000000001,2026-01-19 20:11:00+00:00,4.0588831777201975,0.9,238.96487171355457
2026-01-19 17:16:00+00:00,GBP_CHF__monday__new_york,4.570272934036797,22.851364670183987,1.0,0.7319876,2026-01-19 21:16:00+00:00,4.113245640633118,0.9,243.0781173541877
2026-01-19 17:18:00+00:00,USD_CAD__monday__new_york,4.570272934036797,22.851364670183987,1.0,0.7456670000000001,2026-01-19 21:18:00+00:00,4.113245640633118,0.9,247.19136299482082
2026-01-19 17:19:00+00:00,USD_CHF__monday__new_york,4.570272934036797,22.851364670183987,-1.0,0.7458716500000001,2026-01-19 21:19:00+00:00,-5.027300227440477,-1.1,242.16406276738036
2026-01-19 20:14:00+00:00,EUR_GBP__monday__new_york,4.779297434271092,23.89648717135546,-1.0,0.73518355,2026-01-20 00:14:00+00:00,-5.257227177698201,-1.1,236.90683558968215
2026-01-19 20:15:00+00:00,NZD_USD__monday__new_york,4.779297434271092,23.89648717135546,1.0,0.72467295,2026-01-20 00:15:00+00:00,4.301367690843983,0.9,241.20820328052613
2026-01-19 20:18:00+00:00,NZD_JPY__monday__new_york,4.779297434271092,23.89648717135546,1.0,0.7898387,2026-01-20 00:18:00+00:00,4.301367690843983,0.9,245.50957097137012
2026-01-25 22:34:00+00:00,AUD_USD__monday__sydney,4.910191419427402,24.55095709713701,-1.0,0.77554035,2026-01-26 02:34:00+00:00,-5.401210561370143,-1.1,240.10836041
2026-01-25 22:34:00+00:00,EUR_CHF__monday__asia,4.910191419427402,24.55095709713701,1.0,0.7266011,2026-01-26 02:34:00+00:00,4.4191722774846625,0.9,244.52753268748467
2026-01-25 22:34:00+00:00,EUR_CHF__monday__sydney,4.910191419427402,24.55095709713701,1.0,0.7208128500000001,2026-01-26 02:34:00+00:00,4.4191722774846625,0.9,248.94670496496934
2026-01-25 22:35:00+00:00,EUR_USD__monday__asia,4.910191419427402,24.55095709713701,1.0,0.7273194500000001,2026-01-26 02:35:00+00:00,4.4191722774846625,0.9,253.36587724245402
2026-01-25 22:35:00+00:00,EUR_USD__monday__sydney,4.910191419427402,24.55095709713701,1.0,0.7214472000000001,2026-01-26 02:35:00+00:00,4.4191722774846625,0.9,257.7850495199387
2026-01-25 22:38:00+00:00,GBP_CHF__monday__sydney,4.910191419427402,24.55095709713701,1.0,0.72328735,2026-01-26 02:38:00+00:00,4.4191722774846625,0.9,262.2042217974234
2026-01-25 22:38:00+00:00,USD_CHF__monday__asia,4.910191419427402,24.55095709713701,1.0,0.7357228,2026-01-26 02:38:00+00:00,4.4191722774846625,0.9,266.62339407490805
2026-01-25 22:38:00+00:00,USD_CHF__monday__sydney,4.910191419427402,24.55095709713701,1.0,0.7308203,2026-01-26 02:38:00+00:00,4.4191722774846625,0.9,271.0425663523927
2026-01-25 22:40:00+00:00,AUD_JPY__monday__asia,4.910191419427402,24.55095709713701,1.0,0.7846918,2026-01-26 02:40:00+00:00,4.4191722774846625,0.9,275.4617386298774
2026-01-25 22:43:00+00:00,GBP_USD__monday__asia,4.910191419427402,24.55095709713701,1.0,0.78742185,2026-01-26 02:43:00+00:00,4.4191722774846625,0.9,279.8809109073621
2026-01-26 02:47:00+00:00,AUD_USD__monday__sydney,5.597618218147241,27.988091090736205,1.0,0.74077265,2026-01-26 06:47:00+00:00,5.037856396332518,0.9,284.9187673036946
2026-01-26 02:49:00+00:00,EUR_USD__monday__sydney,5.597618218147241,27.988091090736205,1.0,0.7274731,2026-01-26 06:49:00+00:00,5.037856396332518,0.9,289.95662370002714
2026-01-26 02:49:00+00:00,GBP_USD__monday__sydney,5.597618218147241,27.988091090736205,1.0,0.74001795,2026-01-26 06:49:00+00:00,5.037856396332518,0.9,294.99448009635967
2026-01-26 02:54:00+00:00,EUR_USD__monday__asia,5.597618218147241,27.988091090736205,-1.0,0.7373256999999999,2026-01-26 06:54:00+00:00,-6.157380039961966,-1.1,288.8371000563977
2026-01-26 02:54:00+00:00,GBP_USD__monday__asia,5.597618218147241,27.988091090736205,1.0,0.7365827500000001,2026-01-26 06:54:00+00:00,5.037856396332518,0.9,293.8749564527302
2026-01-26 03:07:00+00:00,GBP_CHF__monday__asia,5.597618218147241,27.988091090736205,1.0,0.72083805,2026-01-26 07:07:00+00:00,5.037856396332518,0.9,298.91281284906273
2026-01-26 03:07:00+00:00,GBP_CHF__monday__sydney,5.597618218147241,27.988091090736205,1.0,0.7200555499999999,2026-01-26 07:07:00+00:00,5.037856396332518,0.9,303.95066924539526
2026-01-26 03:13:00+00:00,USD_CHF__monday__asia,5.597618218147241,27.988091090736205,1.0,0.7381773,2026-01-26 07:13:00+00:00,5.037856396332518,0.9,308.9885256417278
2026-01-26 03:13:00+00:00,USD_CHF__monday__sydney,5.597618218147241,27.988091090736205,1.0,0.7390253000000001,2026-01-26 07:13:00+00:00,5.037856396332518,0.9,314.0263820380603
2026-01-26 04:12:00+00:00,EUR_JPY__monday__asia,5.597618218147241,27.988091090736205,1.0,0.7993263,2026-01-26 08:12:00+00:00,5.037856396332518,0.9,319.06423843439285
2026-01-26 06:48:00+00:00,NZD_USD__monday__asia,5.698375346073893,28.491876730369462,-1.0,0.725928,2026-01-26 10:48:00+00:00,-6.268212880681283,-1.1,312.79602555371156
2026-01-26 06:58:00+00:00,USD_CAD__monday__asia,5.877499129054605,29.387495645273024,1.0,0.7308569500000001,2026-01-26 10:58:00+00:00,5.289749216149144,0.9,318.0857747698607
2026-01-26 07:10:00+00:00,GBP_USD__monday__asia,6.079013384907905,30.395066924539528,-1.0,0.74051515,2026-01-26 11:10:00+00:00,-6.686914723398696,-1.1,311.398860046462
2026-01-26 07:30:00+00:00,AUD_CAD__monday__london,6.280527640761207,31.402638203806035,1.0,0.742368,2026-01-26 11:30:00+00:00,5.652474876685086,0.9,317.05133492314707
2026-01-26 07:32:00+00:00,GBP_CHF__monday__asia,6.280527640761207,31.402638203806035,-1.0,0.72701195,2026-01-26 11:32:00+00:00,-6.908580404837328,-1.1,310.14275451830974
2026-01-26 07:32:00+00:00,GBP_CHF__monday__london,6.280527640761207,31.402638203806035,-1.0,0.7301932,2026-01-26 11:32:00+00:00,-6.908580404837328,-1.1,303.2341741134724
2026-01-26 07:34:00+00:00,CHF_JPY__monday__london,6.280527640761207,31.402638203806035,1.0,0.7959423500000001,2026-01-26 11:34:00+00:00,5.652474876685086,0.9,308.8866489901575
2026-01-26 07:34:00+00:00,GBP_JPY__monday__asia,6.280527640761207,31.402638203806035,-1.0,0.8004336000000001,2026-01-26 11:34:00+00:00,-6.908580404837328,-1.1,301.97806858532016
2026-01-26 07:38:00+00:00,EUR_USD__monday__london,6.280527640761207,31.402638203806035,1.0,0.7946352500000001,2026-01-26 11:38:00+00:00,5.652474876685086,0.9,307.6305434620052
2026-01-26 08:13:00+00:00,EUR_JPY__monday__london,6.381284768687857,31.906423843439285,1.0,0.78542475,2026-01-26 12:13:00+00:00,5.743156291819072,0.9,313.37369975382427
2026-01-26 10:53:00+00:00,EUR_CHF__monday__london,6.2559205110742315,31.279602555371156,1.0,0.74753865,2026-01-26 14:53:00+00:00,5.630328459966808,0.9,319.00402821379106
2026-01-26 11:00:00+00:00,USD_CAD__monday__london,6.361715495397213,31.808577476986066,1.0,0.72165655,2026-01-26 15:00:00+00:00,5.725543945857492,0.9,324.72957215964857
2026-01-26 11:35:00+00:00,CHF_JPY__monday__london,6.039561371706403,30.19780685853202,-1.0,0.7983229,2026-01-26 15:35:00+00:00,-6.643517508877045,-1.1,318.08605465077153
2026-01-26 11:59:00+00:00,GBP_USD__monday__london,6.152610869240105,30.763054346200526,1.0,0.72102885,2026-01-26 15:59:00+00:00,5.537349782316094,0.9,323.6234044330876
2026-01-26 12:01:00+00:00,AUD_CAD__monday__london,6.152610869240105,30.763054346200526,1.0,0.7361639500000001,2026-01-26 16:01:00+00:00,5.537349782316094,0.9,329.1607542154037
2026-01-26 12:04:00+00:00,USD_CHF__monday__london,6.152610869240105,30.763054346200526,-1.0,0.7448767,2026-01-26 16:04:00+00:00,-6.767871956164116,-1.1,322.39288225923957
2026-01-26 12:06:00+00:00,AUD_JPY__monday__london,6.152610869240105,30.763054346200526,1.0,0.786836,2026-01-26 16:06:00+00:00,5.537349782316094,0.9,327.93023204155566
2026-01-26 12:06:00+00:00,NZD_JPY__monday__london,6.152610869240105,30.763054346200526,1.0,0.8050724,2026-01-26 16:06:00+00:00,5.537349782316094,0.9,333.46758182387174
2026-01-26 12:14:00+00:00,EUR_JPY__monday__london,6.267473995076486,31.33736997538243,-1.0,0.8046992000000001,2026-01-26 16:14:00+00:00,-6.894221394584135,-1.1,326.5733604292876
2026-01-26 12:14:00+00:00,USD_JPY__monday__london,6.267473995076486,31.33736997538243,-1.0,0.7863664,2026-01-26 16:14:00+00:00,-6.894221394584135,-1.1,319.6791390347035
2026-01-26 14:53:00+00:00,NZD_JPY__monday__new_york,6.380080564275821,31.900402821379107,-1.0,0.7819882,2026-01-26 18:53:00+00:00,-7.018088620703404,-1.1,312.6610504140001
2026-01-26 15:00:00+00:00,EUR_CHF__monday__london,6.494591443192972,32.47295721596486,1.0,0.7274394499999999,2026-01-26 19:00:00+00:00,5.845132298873675,0.9,318.5061827128738
2026-01-26 15:35:00+00:00,EUR_USD__monday__london,6.361721093015431,31.808605465077157,1.0,0.78214375,2026-01-26 19:35:00+00:00,5.725548983713888,0.9,324.2317316965877
2026-01-26 15:59:00+00:00,AUD_USD__monday__london,6.472468088661753,32.36234044330877,-1.0,0.72429945,2026-01-26 19:59:00+00:00,-7.1197148975279285,-1.1,317.11201679905975
2026-01-26 16:03:00+00:00,EUR_USD__monday__new_york,6.583215084308074,32.91607542154037,1.0,0.8192603,2026-01-26 20:03:00+00:00,5.924893575877267,0.9,323.036910374937
2026-01-26 16:10:00+00:00,GBP_JPY__monday__london,6.669351636477435,33.34675818238718,1.0,0.8004438,2026-01-26 20:10:00+00:00,6.002416472829692,0.9,329.0393268477667
2026-01-26 16:10:00+00:00,GBP_JPY__monday__new_york,6.669351636477435,33.34675818238718,1.0,0.8148873000000001,2026-01-26 20:10:00+00:00,6.002416472829692,0.9,335.04174332059637
2026-01-26 16:11:00+00:00,USD_CHF__monday__new_york,6.669351636477435,33.34675818238718,1.0,0.7380092,2026-01-26 20:11:00+00:00,6.002416472829692,0.9,341.04415979342605
2026-01-26 16:14:00+00:00,GBP_CHF__monday__london,6.39358278069407,31.967913903470347,1.0,0.7405444999999999,2026-01-26 20:14:00+00:00,5.754224502624663,0.9,346.7983842960507
2026-01-26 18:55:00+00:00,AUD_USD__monday__new_york,6.253221008280002,31.26610504140001,1.0,0.74234675,2026-01-26 22:55:00+00:00,5.6278989074520025,0.9,352.4262832035027
2026-01-26 19:00:00+00:00,NZD_USD__monday__new_york,6.370123654257476,31.85061827128738,1.0,0.7484770500000001,2026-01-26 23:00:00+00:00,5.733111288831728,0.9,358.1593944923344
2026-01-26 19:35:00+00:00,AUD_JPY__monday__new_york,6.484634633931754,32.42317316965877,-1.0,0.80020195,2026-01-26 23:35:00+00:00,-7.13309809732493,-1.1,351.02629639500947
2026-01-26 20:30:00+00:00,EUR_JPY__monday__new_york,6.935967685921014,34.67983842960507,-1.0,0.7891256000000001,2026-01-27 00:30:00+00:00,-7.629564454513116,-1.1,343.39673194049635
2026-01-26 20:30:00+00:00,USD_JPY__monday__new_york,6.935967685921014,34.67983842960507,1.0,0.7932835,2026-01-27 00:30:00+00:00,6.242370917328913,0.9,349.63910285782526
2026-01-26 20:48:00+00:00,GBP_CHF__monday__new_york,6.935967685921014,34.67983842960507,-1.0,0.730491,2026-01-27 00:48:00+00:00,-7.629564454513116,-1.1,342.00953840331215
2026-01-26 20:52:00+00:00,USD_CAD__monday__new_york,6.935967685921014,34.67983842960507,-1.0,0.7301869,2026-01-27 00:52:00+00:00,-7.629564454513116,-1.1,334.37997394879903
2026-01-26 21:00:00+00:00,EUR_USD__monday__new_york,6.935967685921014,34.67983842960507,1.0,0.7200061500000001,2026-01-27 01:00:00+00:00,6.242370917328913,0.9,340.62234486612795
2026-01-26 21:15:00+00:00,USD_CHF__monday__new_york,6.935967685921014,34.67983842960507,1.0,0.7216478500000001,2026-01-27 01:15:00+00:00,6.242370917328913,0.9,346.86471578345686
2026-02-01 22:38:00+00:00,AUD_USD__monday__asia,6.937294315669138,34.68647157834569,1.0,0.7430836000000001,2026-02-02 02:38:00+00:00,6.2435648841022235,0.9,353.1082806675591
2026-02-01 22:38:00+00:00,AUD_USD__monday__sydney,6.937294315669138,34.68647157834569,1.0,0.7286941,2026-02-02 02:38:00+00:00,6.2435648841022235,0.9,359.3518455516613
2026-02-01 22:45:00+00:00,USD_CHF__monday__asia,6.937294315669138,34.68647157834569,1.0,0.7857439,2026-02-02 02:45:00+00:00,6.2435648841022235,0.9,365.59541043576354
2026-02-01 22:45:00+00:00,USD_CHF__monday__sydney,6.937294315669138,34.68647157834569,1.0,0.7658219,2026-02-02 02:45:00+00:00,6.2435648841022235,0.9,371.83897531986577
2026-02-01 22:48:00+00:00,NZD_USD__monday__sydney,6.937294315669138,34.68647157834569,1.0,0.7461048,2026-02-02 02:48:00+00:00,6.2435648841022235,0.9,378.082540203968
2026-02-01 22:49:00+00:00,GBP_USD__monday__sydney,6.937294315669138,34.68647157834569,-1.0,0.7200935500000001,2026-02-02 02:49:00+00:00,-7.631023747236052,-1.1,370.45151645673195
2026-02-01 22:50:00+00:00,EUR_USD__monday__asia,6.937294315669138,34.68647157834569,-1.0,0.72106605,2026-02-02 02:50:00+00:00,-7.631023747236052,-1.1,362.8204927094959
2026-02-01 22:51:00+00:00,EUR_USD__monday__sydney,6.937294315669138,34.68647157834569,-1.0,0.72635035,2026-02-02 02:51:00+00:00,-7.631023747236052,-1.1,355.18946896225987
2026-02-01 22:52:00+00:00,EUR_GBP__monday__asia,6.937294315669138,34.68647157834569,1.0,0.72485015,2026-02-02 02:52:00+00:00,6.2435648841022235,0.9,361.4330338463621
2026-02-01 22:53:00+00:00,EUR_GBP__monday__sydney,6.937294315669138,34.68647157834569,-1.0,0.7404294499999999,2026-02-02 02:53:00+00:00,-7.631023747236052,-1.1,353.80201009912605
2026-02-02 02:48:00+00:00,USD_CAD__monday__asia,7.56165080407936,37.8082540203968,1.0,0.7322125,2026-02-02 06:48:00+00:00,6.805485723671424,0.9,360.6074958227975
2026-02-02 02:50:00+00:00,AUD_USD__monday__asia,7.2564098541899185,36.28204927094959,1.0,0.7619646000000001,2026-02-02 06:50:00+00:00,6.530768868770926,0.9,367.1382646915684
2026-02-02 02:50:00+00:00,AUD_USD__monday__sydney,7.2564098541899185,36.28204927094959,1.0,0.7513983500000001,2026-02-02 06:50:00+00:00,6.530768868770926,0.9,373.6690335603393
2026-02-02 02:52:00+00:00,AUD_JPY__monday__asia,7.228660676927242,36.14330338463621,1.0,0.7915213,2026-02-02 06:52:00+00:00,6.505794609234518,0.9,380.1748281695738
2026-02-02 02:52:00+00:00,GBP_USD__monday__asia,7.228660676927242,36.14330338463621,-1.0,0.73184405,2026-02-02 06:52:00+00:00,-7.951526744619967,-1.1,372.22330142495383
2026-02-02 02:52:00+00:00,GBP_USD__monday__sydney,7.228660676927242,36.14330338463621,-1.0,0.7261738,2026-02-02 06:52:00+00:00,-7.951526744619967,-1.1,364.27177468033386
2026-02-02 02:52:00+00:00,NZD_USD__monday__sydney,7.228660676927242,36.14330338463621,-1.0,0.72916565,2026-02-02 06:52:00+00:00,-7.951526744619967,-1.1,356.3202479357139
2026-02-02 02:55:00+00:00,USD_JPY__monday__asia,7.076040201982521,35.380201009912604,1.0,0.7929425499999999,2026-02-02 06:55:00+00:00,6.368436181784269,0.9,362.68868411749816
2026-02-02 02:55:00+00:00,USD_JPY__monday__sydney,7.076040201982521,35.380201009912604,1.0,0.79353455,2026-02-02 06:55:00+00:00,6.368436181784269,0.9,369.0571202992824
2026-02-02 06:55:00+00:00,AUD_USD__monday__asia,7.381142405985648,36.90571202992824,1.0,0.72260825,2026-02-02 10:55:00+00:00,6.643028165387084,0.9,375.7001484646695
2026-02-02 06:56:00+00:00,GBP_USD__monday__asia,7.381142405985648,36.90571202992824,1.0,0.7425363500000001,2026-02-02 10:56:00+00:00,6.643028165387084,0.9,382.3431766300566
2026-02-02 07:05:00+00:00,USD_CAD__monday__asia,7.381142405985648,36.90571202992824,-1.0,0.7268284,2026-02-02 11:05:00+00:00,-8.119256646584214,-1.1,374.22391998347234
2026-02-02 07:07:00+00:00,EUR_JPY__monday__asia,7.381142405985648,36.90571202992824,1.0,0.7826935,2026-02-02 11:07:00+00:00,6.643028165387084,0.9,380.8669481488594
2026-02-02 07:07:00+00:00,GBP_JPY__monday__asia,7.381142405985648,36.90571202992824,1.0,0.7941291500000001,2026-02-02 11:07:00+00:00,6.643028165387084,0.9,387.5099763142465
2026-02-02 07:14:00+00:00,EUR_CHF__monday__asia,7.381142405985648,36.90571202992824,-1.0,0.724885,2026-02-02 11:14:00+00:00,-8.119256646584214,-1.1,379.39071966766227
2026-02-02 07:30:00+00:00,GBP_USD__monday__london,7.381142405985648,36.90571202992824,-1.0,0.77921435,2026-02-02 11:30:00+00:00,-8.119256646584214,-1.1,371.27146302107803
2026-02-02 07:35:00+00:00,EUR_USD__monday__london,7.381142405985648,36.90571202992824,1.0,0.7391385,2026-02-02 11:35:00+00:00,6.643028165387084,0.9,377.9144911864651
2026-02-02 07:38:00+00:00,GBP_CHF__monday__london,7.381142405985648,36.90571202992824,-1.0,0.7225681,2026-02-02 11:38:00+00:00,-8.119256646584214,-1.1,369.7952345398809
2026-02-02 07:38:00+00:00,USD_CHF__monday__london,7.381142405985648,36.90571202992824,-1.0,0.7646039,2026-02-02 11:38:00+00:00,-8.119256646584214,-1.1,361.67597789329665
2026-02-02 11:14:00+00:00,NZD_USD__monday__london,7.587814393353246,37.93907196676623,1.0,0.72420335,2026-02-02 15:14:00+00:00,6.829032954017921,0.9,368.50501084731457
2026-02-02 11:34:00+00:00,EUR_CHF__monday__london,7.425429260421561,37.1271463021078,-1.0,0.72600825,2026-02-02 15:34:00+00:00,-8.167972186463718,-1.1,360.33703866085085
2026-02-02 11:37:00+00:00,USD_CAD__monday__london,7.558289823729303,37.79144911864651,-1.0,0.7354588,2026-02-02 15:37:00+00:00,-8.314118806102234,-1.1,352.02291985474864
2026-02-02 11:38:00+00:00,AUD_CAD__monday__london,7.233519557865933,36.16759778932967,-1.0,0.73976695,2026-02-02 15:38:00+00:00,-7.956871513652527,-1.1,344.0660483410961
2026-02-02 11:47:00+00:00,GBP_USD__monday__london,7.233519557865933,36.16759778932967,-1.0,0.7927449,2026-02-02 15:47:00+00:00,-7.956871513652527,-1.1,336.1091768274436
2026-02-02 11:54:00+00:00,AUD_USD__monday__london,7.233519557865933,36.16759778932967,1.0,0.74140325,2026-02-02 15:54:00+00:00,6.51016760207934,0.9,342.6193444295229
2026-02-02 12:08:00+00:00,USD_CHF__monday__london,7.233519557865933,36.16759778932967,1.0,0.75515185,2026-02-02 16:08:00+00:00,6.51016760207934,0.9,349.12951203160225
2026-02-02 12:10:00+00:00,GBP_CHF__monday__london,7.233519557865933,36.16759778932967,-1.0,0.7330511500000001,2026-02-02 16:10:00+00:00,-7.956871513652527,-1.1,341.17264051794973
2026-02-02 12:15:00+00:00,EUR_USD__monday__london,7.233519557865933,36.16759778932967,1.0,0.7327258,2026-02-02 16:15:00+00:00,6.51016760207934,0.9,347.68280812002905
2026-02-02 15:14:00+00:00,EUR_GBP__monday__london,7.370100216946291,36.850501084731455,-1.0,0.7215170499999999,2026-02-02 19:14:00+00:00,-8.10711023864092,-1.1,339.5756978813881
2026-02-02 15:14:00+00:00,EUR_GBP__monday__new_york,7.370100216946291,36.850501084731455,-1.0,0.72634855,2026-02-02 19:14:00+00:00,-8.10711023864092,-1.1,331.4685876427472
2026-02-02 15:41:00+00:00,GBP_USD__monday__new_york,6.881320966821923,34.406604834109615,1.0,0.7330584000000001,2026-02-02 19:41:00+00:00,6.19318887013973,0.9,337.66177651288695
2026-02-02 15:46:00+00:00,USD_CHF__monday__new_york,6.881320966821923,34.406604834109615,1.0,0.72183295,2026-02-02 19:46:00+00:00,6.19318887013973,0.9,343.8549653830267
2026-02-02 15:48:00+00:00,USD_CAD__monday__new_york,6.722183536548872,33.61091768274436,1.0,0.79021465,2026-02-02 19:48:00+00:00,6.0499651828939855,0.9,349.90493056592067
2026-02-02 15:57:00+00:00,GBP_USD__monday__london,6.852386888590459,34.261934442952295,1.0,0.7380574,2026-02-02 19:57:00+00:00,6.167148199731414,0.9,356.07207876565207
2026-02-02 16:08:00+00:00,AUD_CAD__monday__london,6.982590240632045,34.912951203160226,1.0,0.73446145,2026-02-02 20:08:00+00:00,6.284331216568841,0.9,362.3564099822209
2026-02-02 16:11:00+00:00,EUR_USD__monday__new_york,6.823452810358995,34.117264051794976,1.0,0.72067815,2026-02-02 20:11:00+00:00,6.1411075293230954,0.9,368.497517511544
2026-02-02 16:19:00+00:00,CHF_JPY__monday__london,6.9536561624005815,34.76828081200291,-1.0,0.7824514,2026-02-02 20:19:00+00:00,-7.64902177864064,-1.1,360.84849573290336
2026-02-02 19:41:00+00:00,GBP_USD__monday__new_york,6.753235530257739,33.76617765128869,1.0,0.7278607,2026-02-02 23:41:00+00:00,6.077911977231965,0.9,366.9264077101353
2026-02-02 19:45:00+00:00,AUD_USD__monday__new_york,6.753235530257739,33.76617765128869,-1.0,0.72590055,2026-02-02 23:45:00+00:00,-7.428559083283513,-1.1,359.4978486268518
2026-02-02 19:52:00+00:00,USD_CAD__monday__new_york,6.998098611318413,34.990493056592065,-1.0,0.7325265500000001,2026-02-02 23:52:00+00:00,-7.697908472450255,-1.1,351.79994015440155
2026-02-02 19:55:00+00:00,USD_CHF__monday__new_york,6.998098611318413,34.990493056592065,-1.0,0.74591565,2026-02-02 23:55:00+00:00,-7.697908472450255,-1.1,344.1020316819513
2026-02-02 20:51:00+00:00,NZD_USD__monday__new_york,7.216969914658067,36.084849573290334,1.0,0.73276385,2026-02-03 00:51:00+00:00,6.49527292319226,0.9,350.59730460514356
2026-02-02 21:14:00+00:00,EUR_USD__monday__new_york,7.216969914658067,36.084849573290334,-1.0,0.7237714,2026-02-03 01:14:00+00:00,-7.938666906123875,-1.1,342.65863769901966
2026-02-02 21:42:00+00:00,EUR_GBP__monday__new_york,7.216969914658067,36.084849573290334,1.0,0.7383248,2026-02-03 01:42:00+00:00,6.49527292319226,0.9,349.1539106222119
2026-02-08 22:34:00+00:00,USD_CAD__monday__sydney,6.983078212444239,34.9153910622212,-1.0,0.76392835,2026-02-09 02:34:00+00:00,-7.681386033688663,-1.1,341.47252458852324
2026-02-08 22:43:00+00:00,EUR_JPY__monday__asia,6.983078212444239,34.9153910622212,1.0,0.790764,2026-02-09 02:43:00+00:00,6.284770391199816,0.9,347.75729497972304
2026-02-08 22:43:00+00:00,USD_JPY__monday__asia,6.983078212444239,34.9153910622212,-1.0,0.78099445,2026-02-09 02:43:00+00:00,-7.681386033688663,-1.1,340.07590894603436
2026-02-08 22:43:00+00:00,USD_JPY__monday__sydney,6.983078212444239,34.9153910622212,-1.0,0.78264895,2026-02-09 02:43:00+00:00,-7.681386033688663,-1.1,332.3945229123457
2026-02-08 22:54:00+00:00,EUR_USD__monday__asia,6.983078212444239,34.9153910622212,1.0,0.7784460500000001,2026-02-09 02:54:00+00:00,6.284770391199816,0.9,338.6792933035455
2026-02-08 22:55:00+00:00,EUR_USD__monday__sydney,6.983078212444239,34.9153910622212,1.0,0.7754571,2026-02-09 02:55:00+00:00,6.284770391199816,0.9,344.9640636947453
2026-02-08 23:00:00+00:00,NZD_USD__monday__asia,6.983078212444239,34.9153910622212,1.0,0.74552635,2026-02-09 03:00:00+00:00,6.284770391199816,0.9,351.2488340859451
2026-02-08 23:01:00+00:00,NZD_USD__monday__sydney,6.983078212444239,34.9153910622212,-1.0,0.73048405,2026-02-09 03:01:00+00:00,-7.681386033688663,-1.1,343.5674480522564
2026-02-08 23:08:00+00:00,GBP_USD__monday__asia,6.983078212444239,34.9153910622212,1.0,0.72177055,2026-02-09 03:08:00+00:00,6.284770391199816,0.9,349.8522184434562
2026-02-09 02:35:00+00:00,EUR_CHF__monday__asia,6.829450491770465,34.14725245885232,1.0,0.7305147,2026-02-09 06:35:00+00:00,6.146505442593418,0.9,355.9987238860496
2026-02-09 02:54:00+00:00,GBP_CHF__monday__sydney,6.77358586607091,33.86792933035455,1.0,0.7294309,2026-02-09 06:54:00+00:00,6.096227279463819,0.9,362.09495116551346
2026-02-09 03:07:00+00:00,NZD_USD__monday__asia,6.871348961045128,34.35674480522564,1.0,0.7225841,2026-02-09 07:07:00+00:00,6.184214064940615,0.9,368.27916523045405
2026-02-09 03:13:00+00:00,GBP_CHF__monday__asia,6.997044368869124,34.985221844345624,-1.0,0.7534675000000001,2026-02-09 07:13:00+00:00,-7.696748805756037,-1.1,360.582416424698
2026-02-09 03:25:00+00:00,USD_CHF__monday__asia,6.997044368869124,34.985221844345624,1.0,0.73942575,2026-02-09 07:25:00+00:00,6.297339931982212,0.9,366.8797563566802
2026-02-09 03:25:00+00:00,USD_CHF__monday__sydney,6.997044368869124,34.985221844345624,1.0,0.7248137499999999,2026-02-09 07:25:00+00:00,6.297339931982212,0.9,373.1770962886624
2026-02-09 03:33:00+00:00,EUR_GBP__monday__sydney,6.997044368869124,34.985221844345624,1.0,0.72868965,2026-02-09 07:33:00+00:00,6.297339931982212,0.9,379.47443622064463
2026-02-09 03:36:00+00:00,EUR_CHF__monday__sydney,6.997044368869124,34.985221844345624,-1.0,0.7217426,2026-02-09 07:36:00+00:00,-7.696748805756037,-1.1,371.7776874148886
2026-02-09 04:07:00+00:00,USD_CAD__monday__asia,6.997044368869124,34.985221844345624,1.0,0.73512295,2026-02-09 08:07:00+00:00,6.297339931982212,0.9,378.0750273468708
2026-02-09 04:08:00+00:00,GBP_USD__monday__asia,6.997044368869124,34.985221844345624,-1.0,0.73850885,2026-02-09 08:08:00+00:00,-7.696748805756037,-1.1,370.37827854111475
2026-02-09 06:40:00+00:00,EUR_GBP__monday__asia,7.119974477720993,35.599872388604965,-1.0,0.7839909,2026-02-09 10:40:00+00:00,-7.831971925493092,-1.1,362.5463066156217
2026-02-09 06:59:00+00:00,EUR_JPY__monday__asia,7.241899023310269,36.209495116551345,1.0,0.8018006000000001,2026-02-09 10:59:00+00:00,6.517709120979243,0.9,369.06401573660094
2026-02-09 07:07:00+00:00,AUD_USD__monday__asia,7.365583304609081,36.8279165230454,-1.0,0.72322725,2026-02-09 11:07:00+00:00,-8.102141635069989,-1.1,360.96187410153095
2026-02-09 07:14:00+00:00,GBP_CHF__monday__asia,7.21164832849396,36.0582416424698,1.0,0.7700600000000001,2026-02-09 11:14:00+00:00,6.490483495644565,0.9,367.45235759717553
2026-02-09 07:35:00+00:00,USD_CHF__monday__london,7.589488724412893,37.94744362206446,-1.0,0.7210673000000001,2026-02-09 11:35:00+00:00,-8.348437596854183,-1.1,359.10392000032135
2026-02-09 07:38:00+00:00,EUR_USD__monday__london,7.435553748297772,37.17776874148886,1.0,0.7416811500000001,2026-02-09 11:38:00+00:00,6.691998373467995,0.9,365.79591837378933
2026-02-09 07:40:00+00:00,EUR_USD__monday__asia,7.435553748297772,37.17776874148886,-1.0,0.7345299,2026-02-09 11:40:00+00:00,-8.17910912312755,-1.1,357.6168092506618
2026-02-09 07:50:00+00:00,CHF_JPY__monday__london,7.435553748297772,37.17776874148886,1.0,0.79512485,2026-02-09 11:50:00+00:00,6.691998373467995,0.9,364.30880762412977
2026-02-09 08:29:00+00:00,USD_CAD__monday__london,7.407565570822295,37.03782785411148,-1.0,0.7222286,2026-02-09 12:29:00+00:00,-8.148322127904525,-1.1,356.16048549622525
2026-02-09 08:45:00+00:00,AUD_USD__monday__london,7.407565570822295,37.03782785411148,-1.0,0.73775925,2026-02-09 12:45:00+00:00,-8.148322127904525,-1.1,348.0121633683207
2026-02-09 11:07:00+00:00,GBP_CHF__monday__london,7.2192374820306195,36.0961874101531,-1.0,0.7505354,2026-02-09 15:07:00+00:00,-7.941161230233682,-1.1,340.07100213808707
2026-02-09 11:09:00+00:00,EUR_CHF__monday__london,7.2192374820306195,36.0961874101531,1.0,0.7352694500000001,2026-02-09 15:09:00+00:00,6.497313733827558,0.9,346.56831587191465
2026-02-09 11:16:00+00:00,NZD_USD__monday__london,7.349047151943511,36.74523575971755,1.0,0.7309619500000001,2026-02-09 15:16:00+00:00,6.61414243674916,0.9,353.1824583086638
2026-02-09 11:35:00+00:00,AUD_CAD__monday__london,7.182078400006427,35.91039200003213,1.0,0.7428440000000001,2026-02-09 15:35:00+00:00,6.463870560005784,0.9,359.64632886866957
2026-02-09 11:43:00+00:00,GBP_USD__monday__london,7.152336185013236,35.76168092506618,1.0,0.72459285,2026-02-09 15:43:00+00:00,6.437102566511912,0.9,366.08343143518147
2026-02-09 11:46:00+00:00,EUR_GBP__monday__london,7.152336185013236,35.76168092506618,1.0,0.72408845,2026-02-09 15:46:00+00:00,6.437102566511912,0.9,372.52053400169336
2026-02-09 11:54:00+00:00,EUR_USD__monday__london,7.286176152482596,36.430880762412976,1.0,0.7513865500000001,2026-02-09 15:54:00+00:00,6.557558537234336,0.9,379.0780925389277
2026-02-09 11:58:00+00:00,NZD_JPY__monday__london,7.286176152482596,36.430880762412976,-1.0,0.7851497000000001,2026-02-09 15:58:00+00:00,-8.014793767730856,-1.1,371.06329877119686
2026-02-09 12:45:00+00:00,EUR_USD__monday__new_york,6.9602432673664145,34.80121633683207,1.0,0.72912655,2026-02-09 16:45:00+00:00,6.264218940629773,0.9,377.3275177118266
2026-02-09 15:07:00+00:00,GBP_USD__monday__new_york,6.801420042761741,34.007100213808705,-1.0,0.7360195,2026-02-09 19:07:00+00:00,-7.481562047037916,-1.1,369.8459556647887
2026-02-09 15:09:00+00:00,EUR_CHF__monday__london,6.931366317438293,34.65683158719146,1.0,0.7240871000000001,2026-02-09 19:09:00+00:00,6.238229685694464,0.9,376.08418535048315
2026-02-09 15:16:00+00:00,CHF_JPY__monday__london,7.063649166173276,35.31824583086638,-1.0,0.8274455500000001,2026-02-09 19:16:00+00:00,-7.770014082790604,-1.1,368.31417126769253
2026-02-09 15:36:00+00:00,USD_CHF__monday__london,7.192926577373392,35.96463288686696,-1.0,0.7362147,2026-02-09 19:36:00+00:00,-7.912219235110731,-1.1,360.4019520325818
2026-02-09 15:36:00+00:00,USD_CHF__monday__new_york,7.192926577373392,35.96463288686696,-1.0,0.7367792,2026-02-09 19:36:00+00:00,-7.912219235110731,-1.1,352.48973279747105
2026-02-09 15:45:00+00:00,EUR_CHF__monday__new_york,7.3216686287036294,36.60834314351815,1.0,0.7305727,2026-02-09 19:45:00+00:00,6.589501765833266,0.9,359.07923456330434
2026-02-09 15:56:00+00:00,GBP_JPY__monday__london,7.581561850778554,37.90780925389277,1.0,0.7845259,2026-02-09 19:56:00+00:00,6.823405665700699,0.9,365.90264022900504
2026-02-09 16:00:00+00:00,AUD_JPY__monday__london,7.421265975423937,37.106329877119684,-1.0,0.7873574,2026-02-09 20:00:00+00:00,-8.163392572966332,-1.1,357.7392476560387
2026-02-09 16:00:00+00:00,AUD_JPY__monday__new_york,7.421265975423937,37.106329877119684,1.0,0.78291215,2026-02-09 20:00:00+00:00,6.679139377881544,0.9,364.4183870339202
2026-02-09 17:03:00+00:00,EUR_USD__monday__new_york,7.546550354236532,37.73275177118266,1.0,0.7259705,2026-02-09 21:03:00+00:00,6.7918953188128794,0.9,371.2102823527331
2026-02-09 19:12:00+00:00,USD_JPY__monday__new_york,7.521683707009664,37.608418535048315,1.0,0.786266,2026-02-09 23:12:00+00:00,6.7695153363086975,0.9,377.9797976890418
2026-02-09 19:15:00+00:00,GBP_USD__monday__new_york,7.521683707009664,37.608418535048315,-1.0,0.74625865,2026-02-09 23:15:00+00:00,-8.27385207771063,-1.1,369.7059456113312
2026-02-09 19:55:00+00:00,EUR_CHF__monday__new_york,7.181584691266087,35.90792345633044,-1.0,0.7489782500000002,2026-02-09 23:55:00+00:00,-7.899743160392696,-1.1,361.8062024509385
2026-02-09 20:12:00+00:00,NZD_USD__monday__new_york,7.288367740678405,36.44183870339202,1.0,0.74254865,2026-02-10 00:12:00+00:00,6.559530966610565,0.9,368.36573341754905
2026-02-09 20:53:00+00:00,GBP_CHF__monday__new_york,7.288367740678405,36.44183870339202,1.0,0.73090995,2026-02-10 00:53:00+00:00,6.559530966610565,0.9,374.9252643841596
2026-02-15 22:42:00+00:00,GBP_USD__monday__sydney,7.498505287683193,37.492526438415965,1.0,0.720291,2026-02-16 02:42:00+00:00,6.748654758914873,0.9,381.6739191430745
2026-02-15 22:50:00+00:00,EUR_USD__monday__sydney,7.498505287683193,37.492526438415965,1.0,0.7567059,2026-02-16 02:50:00+00:00,6.748654758914873,0.9,388.4225739019894
2026-02-15 22:52:00+00:00,AUD_USD__monday__asia,7.498505287683193,37.492526438415965,1.0,0.7369049,2026-02-16 02:52:00+00:00,6.748654758914873,0.9,395.17122866090426
2026-02-15 22:52:00+00:00,AUD_USD__monday__sydney,7.498505287683193,37.492526438415965,1.0,0.7365169,2026-02-16 02:52:00+00:00,6.748654758914873,0.9,401.91988341981914
2026-02-15 23:08:00+00:00,NZD_JPY__monday__asia,7.498505287683193,37.492526438415965,1.0,0.7933279,2026-02-16 03:08:00+00:00,6.748654758914873,0.9,408.668538178734
2026-02-15 23:17:00+00:00,AUD_JPY__monday__sydney,7.498505287683193,37.492526438415965,1.0,0.7938340500000001,2026-02-16 03:17:00+00:00,6.748654758914873,0.9,415.4171929376489
2026-02-15 23:19:00+00:00,EUR_USD__monday__asia,7.498505287683193,37.492526438415965,-1.0,0.7244729999999999,2026-02-16 03:19:00+00:00,-8.248355816451513,-1.1,407.1688371211974
2026-02-15 23:21:00+00:00,USD_CHF__monday__asia,7.498505287683193,37.492526438415965,1.0,0.7327395999999999,2026-02-16 03:21:00+00:00,6.748654758914873,0.9,413.91749188011227
2026-02-15 23:21:00+00:00,USD_CHF__monday__sydney,7.498505287683193,37.492526438415965,1.0,0.73420185,2026-02-16 03:21:00+00:00,6.748654758914873,0.9,420.66614663902715
2026-02-15 23:22:00+00:00,EUR_GBP__monday__asia,7.498505287683193,37.492526438415965,-1.0,0.7311963,2026-02-16 03:22:00+00:00,-8.248355816451513,-1.1,412.4177908225756
2026-02-16 02:59:00+00:00,GBP_CHF__monday__asia,8.038397668396383,40.19198834198192,1.0,0.7366714000000001,2026-02-16 06:59:00+00:00,7.234557901556745,0.9,419.65234872413237
2026-02-16 02:59:00+00:00,GBP_CHF__monday__sydney,8.038397668396383,40.19198834198192,1.0,0.7315576500000001,2026-02-16 06:59:00+00:00,7.234557901556745,0.9,426.8869066256891
2026-02-16 03:16:00+00:00,GBP_JPY__monday__asia,8.173370763574681,40.866853817873405,-1.0,0.7816112000000001,2026-02-16 07:16:00+00:00,-8.99070783993215,-1.1,417.89619878575695
2026-02-16 03:39:00+00:00,EUR_CHF__monday__asia,8.248355816451513,41.241779082257565,-1.0,0.72231305,2026-02-16 07:39:00+00:00,-9.073191398096665,-1.1,408.8230073876603
2026-02-16 04:12:00+00:00,NZD_JPY__monday__asia,8.248355816451513,41.241779082257565,-1.0,0.7876479,2026-02-16 08:12:00+00:00,-9.073191398096665,-1.1,399.7498159895637
2026-02-16 04:19:00+00:00,USD_JPY__monday__asia,8.248355816451513,41.241779082257565,-1.0,0.7805832,2026-02-16 08:19:00+00:00,-9.073191398096665,-1.1,390.67662459146703
2026-02-16 04:28:00+00:00,EUR_GBP__monday__asia,8.248355816451513,41.241779082257565,1.0,0.74200845,2026-02-16 08:28:00+00:00,7.423520234806362,0.9,398.1001448262734
2026-02-16 04:32:00+00:00,EUR_JPY__monday__asia,8.248355816451513,41.241779082257565,1.0,0.79278535,2026-02-16 08:32:00+00:00,7.423520234806362,0.9,405.5236650610797
2026-02-16 04:32:00+00:00,EUR_JPY__monday__sydney,8.248355816451513,41.241779082257565,1.0,0.78828535,2026-02-16 08:32:00+00:00,7.423520234806362,0.9,412.9471852958861
2026-02-16 04:32:00+00:00,NZD_JPY__monday__sydney,8.248355816451513,41.241779082257565,-1.0,0.79259745,2026-02-16 08:32:00+00:00,-9.073191398096665,-1.1,403.87399389778943
2026-02-16 07:17:00+00:00,GBP_JPY__monday__asia,8.357923975715138,41.78961987857569,1.0,0.7889398,2026-02-16 11:17:00+00:00,7.522131578143624,0.9,411.39612547593305
2026-02-16 07:19:00+00:00,EUR_USD__monday__asia,8.357923975715138,41.78961987857569,-1.0,0.7280964,2026-02-16 11:19:00+00:00,-9.193716373286653,-1.1,402.2024091026464
2026-02-16 07:40:00+00:00,USD_CAD__monday__london,8.176460147753206,40.88230073876603,1.0,0.7211206,2026-02-16 11:40:00+00:00,7.358814132977885,0.9,409.5612232356243
2026-02-16 08:20:00+00:00,GBP_JPY__monday__london,7.813532491829341,39.0676624591467,1.0,0.7957925,2026-02-16 12:20:00+00:00,7.032179242646407,0.9,416.5934024782707
2026-02-16 08:21:00+00:00,EUR_JPY__monday__london,7.813532491829341,39.0676624591467,-1.0,0.8140499,2026-02-16 12:21:00+00:00,-8.594885741012275,-1.1,407.99851673725846
2026-02-16 08:34:00+00:00,GBP_CHF__monday__london,8.077479877955788,40.38739938977894,1.0,0.7467869,2026-02-16 12:34:00+00:00,7.26973189016021,0.9,415.26824862741864
2026-02-16 08:39:00+00:00,EUR_GBP__monday__london,8.077479877955788,40.38739938977894,1.0,0.7253352499999999,2026-02-16 12:39:00+00:00,7.26973189016021,0.9,422.53798051757883
2026-02-16 08:39:00+00:00,USD_CHF__monday__london,8.077479877955788,40.38739938977894,1.0,0.7316268000000001,2026-02-16 12:39:00+00:00,7.26973189016021,0.9,429.807712407739
2026-02-16 08:44:00+00:00,GBP_USD__monday__london,8.077479877955788,40.38739938977894,1.0,0.7360927,2026-02-16 12:44:00+00:00,7.26973189016021,0.9,437.0774442978992
2026-02-16 11:22:00+00:00,EUR_USD__monday__london,8.04404818205293,40.22024091026465,1.0,0.72067945,2026-02-16 15:22:00+00:00,7.2396433638476365,0.9,444.3170876617468
2026-02-16 11:25:00+00:00,AUD_CAD__monday__london,8.04404818205293,40.22024091026465,1.0,0.74415195,2026-02-16 15:25:00+00:00,7.2396433638476365,0.9,451.55673102559444
2026-02-16 11:28:00+00:00,CHF_JPY__monday__london,8.04404818205293,40.22024091026465,-1.0,0.7941062000000001,2026-02-16 15:28:00+00:00,-8.848453000258223,-1.1,442.7082780253362
2026-02-16 11:45:00+00:00,USD_JPY__monday__london,8.191224464712487,40.95612232356244,-1.0,0.78535745,2026-02-16 15:45:00+00:00,-9.010346911183737,-1.1,433.6979311141525
2026-02-16 12:27:00+00:00,EUR_CHF__monday__london,8.15997033474517,40.79985167372585,1.0,0.7255456499999999,2026-02-16 16:27:00+00:00,7.343973301270653,0.9,441.0419044154231
2026-02-16 12:31:00+00:00,EUR_CHF__monday__new_york,8.15997033474517,40.79985167372585,-1.0,0.73282485,2026-02-16 16:31:00+00:00,-8.975967368219688,-1.1,432.0659370472034
2026-02-16 12:34:00+00:00,NZD_USD__monday__london,8.305364972548373,41.52682486274187,1.0,0.73124875,2026-02-16 16:34:00+00:00,7.474828475293537,0.9,439.54076552249694
2026-02-16 12:44:00+00:00,GBP_USD__monday__london,8.741548885957984,43.70774442978992,1.0,0.74988235,2026-02-16 16:44:00+00:00,7.867393997362186,0.9,447.4081595198591
2026-02-16 12:45:00+00:00,GBP_USD__monday__new_york,8.741548885957984,43.70774442978992,1.0,0.72124945,2026-02-16 16:45:00+00:00,7.867393997362186,0.9,455.2755535172213
2026-02-16 13:01:00+00:00,AUD_USD__monday__london,8.741548885957984,43.70774442978992,-1.0,0.73170275,2026-02-16 17:01:00+00:00,-9.615703774553783,-1.1,445.6598497426675
2026-02-16 15:45:00+00:00,USD_JPY__monday__london,8.67395862228305,43.369793111415255,1.0,0.7911976000000001,2026-02-16 19:45:00+00:00,7.806562760054746,0.9,453.4664125027223
2026-02-16 15:45:00+00:00,USD_JPY__monday__new_york,8.67395862228305,43.369793111415255,1.0,0.7947156000000001,2026-02-16 19:45:00+00:00,7.806562760054746,0.9,461.27297526277704
2026-02-16 16:10:00+00:00,AUD_USD__monday__new_york,8.67395862228305,43.369793111415255,-1.0,0.7261524500000001,2026-02-16 20:10:00+00:00,-9.541354484511357,-1.1,451.73162077826566
2026-02-16 16:27:00+00:00,AUD_CAD__monday__london,8.820838088308463,44.104190441542315,-1.0,0.7205169499999999,2026-02-16 20:27:00+00:00,-9.70292189713931,-1.1,442.02869888112633
2026-02-16 17:27:00+00:00,EUR_GBP__monday__new_york,8.913196994853351,44.565984974266755,1.0,0.7226967,2026-02-16 21:27:00+00:00,8.021877295368016,0.9,450.05057617649436
2026-02-16 17:33:00+00:00,GBP_CHF__monday__new_york,8.913196994853351,44.565984974266755,1.0,0.7227279,2026-02-16 21:33:00+00:00,8.021877295368016,0.9,458.0724534718624
2026-02-16 18:22:00+00:00,GBP_USD__monday__new_york,8.913196994853351,44.565984974266755,1.0,0.7287618,2026-02-16 22:22:00+00:00,8.021877295368016,0.9,466.0943307672304
2026-02-16 20:20:00+00:00,USD_CHF__monday__new_york,9.034632415565314,45.17316207782657,-1.0,0.72175685,2026-02-17 00:20:00+00:00,-9.938095657121846,-1.1,456.1562351101086
2026-02-16 20:32:00+00:00,EUR_USD__monday__new_york,8.840573977622526,44.20286988811263,-1.0,0.72612345,2026-02-17 00:32:00+00:00,-9.72463137538478,-1.1,446.4316037347238
2026-02-22 22:34:00+00:00,GBP_USD__monday__sydney,8.928632074694477,44.643160373472384,-1.0,0.7340212,2026-02-23 02:34:00+00:00,-9.821495282163925,-1.1,436.61010845255987
2026-02-22 22:55:00+00:00,EUR_CHF__monday__asia,8.928632074694477,44.643160373472384,-1.0,0.729062,2026-02-23 02:55:00+00:00,-9.821495282163925,-1.1,426.78861317039593
2026-02-22 22:55:00+00:00,EUR_CHF__monday__sydney,8.928632074694477,44.643160373472384,-1.0,0.72533025,2026-02-23 02:55:00+00:00,-9.821495282163925,-1.1,416.967117888232
2026-02-22 23:08:00+00:00,AUD_USD__monday__asia,8.928632074694477,44.643160373472384,1.0,0.7614422500000001,2026-02-23 03:08:00+00:00,8.035768867225029,0.9,425.00288675545704
2026-02-22 23:08:00+00:00,AUD_USD__monday__sydney,8.928632074694477,44.643160373472384,1.0,0.75089525,2026-02-23 03:08:00+00:00,8.035768867225029,0.9,433.0386556226821
2026-02-22 23:08:00+00:00,USD_CHF__monday__asia,8.928632074694477,44.643160373472384,-1.0,0.7521843500000001,2026-02-23 03:08:00+00:00,-9.821495282163925,-1.1,423.21716034051815
2026-02-22 23:08:00+00:00,USD_CHF__monday__sydney,8.928632074694477,44.643160373472384,1.0,0.74673135,2026-02-23 03:08:00+00:00,8.035768867225029,0.9,431.2529292077432
2026-02-22 23:10:00+00:00,GBP_USD__monday__asia,8.928632074694477,44.643160373472384,1.0,0.76512385,2026-02-23 03:10:00+00:00,8.035768867225029,0.9,439.28869807496824
2026-02-22 23:11:00+00:00,USD_CAD__monday__asia,8.928632074694477,44.643160373472384,1.0,0.782165,2026-02-23 03:11:00+00:00,8.035768867225029,0.9,447.3244669421933
2026-02-22 23:11:00+00:00,USD_CAD__monday__sydney,8.928632074694477,44.643160373472384,1.0,0.7764252500000001,2026-02-23 03:11:00+00:00,8.035768867225029,0.9,455.3602358094183
2026-02-23 03:08:00+00:00,GBP_USD__monday__sydney,8.625058584154864,43.12529292077432,1.0,0.73211785,2026-02-23 07:08:00+00:00,7.762552725739378,0.9,463.1227885351577
2026-02-23 03:12:00+00:00,USD_CHF__monday__asia,9.107204716188367,45.53602358094183,1.0,0.72767745,2026-02-23 07:12:00+00:00,8.19648424456953,0.9,471.31927277972727
2026-02-23 03:14:00+00:00,EUR_CHF__monday__asia,9.107204716188367,45.53602358094183,1.0,0.7218661999999999,2026-02-23 07:14:00+00:00,8.19648424456953,0.9,479.5157570242968
2026-02-23 03:14:00+00:00,USD_CHF__monday__sydney,9.107204716188367,45.53602358094183,1.0,0.7231144,2026-02-23 07:14:00+00:00,8.19648424456953,0.9,487.71224126886636
2026-02-23 03:17:00+00:00,GBP_USD__monday__asia,9.107204716188367,45.53602358094183,1.0,0.734599,2026-02-23 07:17:00+00:00,8.19648424456953,0.9,495.9087255134359
2026-02-23 03:34:00+00:00,GBP_CHF__monday__asia,9.107204716188367,45.53602358094183,1.0,0.7358864500000001,2026-02-23 07:34:00+00:00,8.19648424456953,0.9,504.10520975800546
2026-02-23 04:17:00+00:00,GBP_JPY__monday__asia,9.107204716188367,45.53602358094183,-1.0,0.8124824500000001,2026-02-23 08:17:00+00:00,-10.017925187807204,-1.1,494.0872845701983
2026-02-23 04:29:00+00:00,EUR_GBP__monday__asia,9.107204716188367,45.53602358094183,1.0,0.7294975,2026-02-23 08:29:00+00:00,8.19648424456953,0.9,502.2837688147678
2026-02-23 04:37:00+00:00,AUD_JPY__monday__asia,9.107204716188367,45.53602358094183,1.0,0.7892126,2026-02-23 08:37:00+00:00,8.19648424456953,0.9,510.4802530593374
2026-02-23 04:37:00+00:00,USD_JPY__monday__asia,9.107204716188367,45.53602358094183,1.0,0.7833916,2026-02-23 08:37:00+00:00,8.19648424456953,0.9,518.6767373039069
2026-02-23 07:17:00+00:00,USD_CAD__monday__asia,9.918174510268718,49.590872551343594,-1.0,0.7359013,2026-02-23 11:17:00+00:00,-10.90999196129559,-1.1,507.7667453426113
2026-02-23 07:30:00+00:00,EUR_USD__monday__london,9.918174510268718,49.590872551343594,1.0,0.7257497,2026-02-23 11:30:00+00:00,8.926357059241846,0.9,516.6931024018531
2026-02-23 07:30:00+00:00,USD_CAD__monday__london,9.918174510268718,49.590872551343594,-1.0,0.7250863500000001,2026-02-23 11:30:00+00:00,-10.90999196129559,-1.1,505.78311044055755
2026-02-23 07:53:00+00:00,GBP_CHF__monday__london,10.08210419516011,50.41052097580055,1.0,0.7229737999999999,2026-02-23 11:53:00+00:00,9.073893775644098,0.9,514.8570042162016
2026-02-23 08:13:00+00:00,GBP_USD__monday__london,10.08210419516011,50.41052097580055,-1.0,0.7539820500000001,2026-02-23 12:13:00+00:00,-11.090314614676121,-1.1,503.7666896015255
2026-02-23 08:15:00+00:00,AUD_USD__monday__london,10.08210419516011,50.41052097580055,-1.0,0.75079665,2026-02-23 12:15:00+00:00,-11.090314614676121,-1.1,492.6763749868494
2026-02-23 08:23:00+00:00,AUD_CAD__monday__london,9.881745691403966,49.408728457019826,-1.0,0.73681415,2026-02-23 12:23:00+00:00,-10.869920260544363,-1.1,481.80645472630505
2026-02-23 08:34:00+00:00,USD_CHF__monday__london,10.045675376295357,50.228376881476784,-1.0,0.72378595,2026-02-23 12:34:00+00:00,-11.050242913924894,-1.1,470.7562118123802
2026-02-23 08:40:00+00:00,CHF_JPY__monday__london,10.373534746078137,51.867673730390685,1.0,0.79115775,2026-02-23 12:40:00+00:00,9.336181271470323,0.9,480.0923930838505
2026-02-23 08:42:00+00:00,EUR_CHF__monday__london,10.373534746078137,51.867673730390685,1.0,0.7654867500000001,2026-02-23 12:42:00+00:00,9.336181271470323,0.9,489.4285743553208
2026-02-23 11:26:00+00:00,GBP_JPY__monday__london,10.155334906852225,50.776674534261126,1.0,0.806668,2026-02-23 15:26:00+00:00,9.139801416167003,0.9,498.5683757714878
2026-02-23 11:30:00+00:00,EUR_USD__monday__london,10.115662208811152,50.57831104405576,1.0,0.7246779,2026-02-23 15:30:00+00:00,9.104095987930037,0.9,507.6724717594178
2026-02-23 11:57:00+00:00,USD_CAD__monday__london,10.297140084324033,51.485700421620166,1.0,0.73465705,2026-02-23 15:57:00+00:00,9.26742607589163,0.9,516.9398978353095
2026-02-23 12:17:00+00:00,AUD_JPY__monday__london,9.853527499736987,49.267637498684934,1.0,0.8016378,2026-02-23 16:17:00+00:00,8.86817474976329,0.9,525.8080725850728
2026-02-23 12:17:00+00:00,EUR_JPY__monday__london,9.853527499736987,49.267637498684934,1.0,0.78584445,2026-02-23 16:17:00+00:00,8.86817474976329,0.9,534.676247334836
2026-02-23 12:24:00+00:00,AUD_USD__monday__london,9.636129094526101,48.1806454726305,-1.0,0.7343732999999999,2026-02-23 16:24:00+00:00,-10.599742003978712,-1.1,524.0765053308573
2026-02-23 12:35:00+00:00,USD_CHF__monday__london,9.415124236247603,47.07562118123802,-1.0,0.7301146000000001,2026-02-23 16:35:00+00:00,-10.356636659872365,-1.1,513.719868670985
2026-02-23 12:52:00+00:00,AUD_USD__monday__new_york,9.788571487106417,48.94285743553208,-1.0,0.75323805,2026-02-23 16:52:00+00:00,-10.767428635817058,-1.1,502.9524400351679
2026-02-23 12:53:00+00:00,USD_CHF__monday__new_york,9.788571487106417,48.94285743553208,-1.0,0.7275617,2026-02-23 16:53:00+00:00,-10.767428635817058,-1.1,492.18501139935086
2026-02-23 15:26:00+00:00,NZD_USD__monday__new_york,9.971367515429757,49.85683757714878,-1.0,0.7327733,2026-02-23 19:26:00+00:00,-10.968504266972733,-1.1,481.2165071323781
2026-02-23 15:29:00+00:00,GBP_CHF__monday__london,9.971367515429757,49.85683757714878,-1.0,0.7313776999999999,2026-02-23 19:29:00+00:00,-10.968504266972733,-1.1,470.2480028654054
2026-02-23 15:49:00+00:00,GBP_USD__monday__london,10.153449435188357,50.76724717594178,1.0,0.7645175500000001,2026-02-23 19:49:00+00:00,9.138104491669521,0.9,479.38610735707493
2026-02-23 16:02:00+00:00,EUR_USD__monday__london,10.33879795670619,51.693989783530945,1.0,0.74915745,2026-02-23 20:02:00+00:00,9.304918161035571,0.9,488.6910255181105
2026-02-23 16:20:00+00:00,GBP_USD__monday__new_york,10.693524946696721,53.4676247334836,-1.0,0.7330191,2026-02-23 20:20:00+00:00,-11.762877441366394,-1.1,476.9281480767441
2026-02-23 16:27:00+00:00,EUR_USD__monday__new_york,10.481530106617146,52.40765053308573,-1.0,0.72513915,2026-02-23 20:27:00+00:00,-11.529683117278863,-1.1,465.39846495946523
2026-02-23 17:05:00+00:00,GBP_JPY__monday__new_york,9.843700227987018,49.218501139935086,-1.0,0.78226125,2026-02-23 21:05:00+00:00,-10.82807025078572,-1.1,454.5703947086795
2026-02-23 17:24:00+00:00,USD_CAD__monday__new_york,9.843700227987018,49.218501139935086,1.0,0.7429092,2026-02-23 21:24:00+00:00,8.859330205188316,0.9,463.4297249138678
2026-02-23 17:27:00+00:00,AUD_USD__monday__new_york,9.843700227987018,49.218501139935086,1.0,0.7278501500000001,2026-02-23 21:27:00+00:00,8.859330205188316,0.9,472.2890551190561
2026-02-23 19:36:00+00:00,USD_CHF__monday__new_york,9.404960057308108,47.02480028654054,-1.0,0.730553,2026-02-23 23:36:00+00:00,-10.345456063038919,-1.1,461.9435990560172
2026-02-23 19:40:00+00:00,NZD_USD__monday__new_york,9.404960057308108,47.02480028654054,1.0,0.7468802999999999,2026-02-23 23:40:00+00:00,8.464464051577297,0.9,470.4080631075945
2026-02-23 20:12:00+00:00,EUR_GBP__monday__new_york,9.77382051036221,48.869102551811054,1.0,0.7403088,2026-02-24 00:12:00+00:00,8.796438459325989,0.9,479.2045015669205
2026-02-23 21:38:00+00:00,GBP_USD__monday__new_york,9.445781102381122,47.22890551190561,-1.0,0.7297994499999999,2026-02-24 01:38:00+00:00,-10.390359212619236,-1.1,468.8141423543013
2026-03-01 22:34:00+00:00,GBP_CHF__monday__sydney,9.376282847086026,46.88141423543013,1.0,0.73204585,2026-03-02 02:34:00+00:00,8.438654562377424,0.9,477.25279691667873
2026-03-01 22:41:00+00:00,GBP_CHF__monday__asia,9.376282847086026,46.88141423543013,1.0,0.7307271000000001,2026-03-02 02:41:00+00:00,8.438654562377424,0.9,485.6914514790562
2026-03-02 03:59:00+00:00,GBP_CHF__monday__asia,9.713829029581124,48.569145147905616,-1.0,0.74862425,2026-03-02 07:59:00+00:00,-10.685211932539238,-1.1,475.00623954651695
2026-03-02 03:59:00+00:00,GBP_CHF__monday__sydney,9.713829029581124,48.569145147905616,-1.0,0.744348,2026-03-02 07:59:00+00:00,-10.685211932539238,-1.1,464.3210276139777
2026-03-02 07:37:00+00:00,GBP_CHF__monday__london,9.713829029581124,48.569145147905616,1.0,0.7457998,2026-03-02 11:37:00+00:00,8.742446126623012,0.9,473.0634737406007
2026-03-02 08:32:00+00:00,AUD_CAD__monday__london,9.286420552279555,46.43210276139777,1.0,0.7302659,2026-03-02 12:32:00+00:00,8.3577784970516,0.9,481.4212522376523
2026-03-02 09:01:00+00:00,CHF_JPY__monday__london,9.286420552279555,46.43210276139777,-1.0,0.79386095,2026-03-02 13:01:00+00:00,-10.21506260750751,-1.1,471.2061896301448
2026-03-02 11:42:00+00:00,GBP_CHF__monday__london,9.461269474812015,47.306347374060074,-1.0,0.7478015,2026-03-02 15:42:00+00:00,-10.407396422293218,-1.1,460.7987932078516
2026-03-02 12:30:00+00:00,GBP_CHF__monday__new_york,9.461269474812015,47.306347374060074,1.0,0.7222156499999999,2026-03-02 16:30:00+00:00,8.515142527330815,0.9,469.3139357351824
2026-03-02 12:32:00+00:00,AUD_CAD__monday__london,9.628425044753046,48.14212522376523,1.0,0.7376434999999999,2026-03-02 16:32:00+00:00,8.665582540277741,0.9,477.9795182754601
2026-03-02 18:13:00+00:00,GBP_CHF__monday__new_york,9.559590365509203,47.797951827546015,-1.0,0.7353275499999998,2026-03-02 22:13:00+00:00,-10.515549402060124,-1.1,467.4639688734
2026-03-08 22:11:00+00:00,GBP_CHF__monday__sydney,9.349279377468001,46.746396887340005,1.0,0.7378415,2026-03-09 02:11:00+00:00,8.414351439721202,0.9,475.8783203131212
2026-03-09 02:31:00+00:00,GBP_CHF__monday__asia,9.517566406262425,47.587832031312125,-1.0,0.72083795,2026-03-09 06:31:00+00:00,-10.469323046888668,-1.1,465.4089972662325
2026-03-09 03:13:00+00:00,GBP_CHF__monday__sydney,9.517566406262425,47.587832031312125,1.0,0.72909685,2026-03-09 07:13:00+00:00,8.565809765636184,0.9,473.9748070318687
2026-03-09 07:37:00+00:00,CHF_JPY__monday__london,9.479496140637375,47.39748070318687,1.0,0.78313855,2026-03-09 11:37:00+00:00,8.531546526573637,0.9,482.50635355844236
2026-03-09 07:38:00+00:00,AUD_CAD__monday__london,9.479496140637375,47.39748070318687,1.0,0.7465573500000001,2026-03-09 11:38:00+00:00,8.531546526573637,0.9,491.037900085016
2026-03-09 07:49:00+00:00,GBP_CHF__monday__london,9.479496140637375,47.39748070318687,1.0,0.73248405,2026-03-09 11:49:00+00:00,8.531546526573637,0.9,499.5694466115897
2026-03-09 11:57:00+00:00,GBP_CHF__monday__london,9.991388932231795,49.95694466115897,1.0,0.7806725000000001,2026-03-09 15:57:00+00:00,8.992250039008615,0.9,508.5616966505983
2026-03-09 11:58:00+00:00,GBP_CHF__monday__new_york,9.991388932231795,49.95694466115897,1.0,0.77953045,2026-03-09 15:58:00+00:00,8.992250039008615,0.9,517.553946689607
2026-03-09 12:05:00+00:00,AUD_CAD__monday__london,9.991388932231795,49.95694466115897,1.0,0.7804773,2026-03-09 16:05:00+00:00,8.992250039008615,0.9,526.5461967286155
2026-03-09 15:33:00+00:00,CHF_JPY__monday__london,9.991388932231795,49.95694466115897,1.0,0.78930615,2026-03-09 19:33:00+00:00,8.992250039008615,0.9,535.5384467676241
2026-03-09 15:57:00+00:00,GBP_CHF__monday__london,10.171233933011967,50.85616966505984,1.0,0.7200736999999999,2026-03-09 19:57:00+00:00,9.154110539710771,0.9,544.6925573073349
2026-03-09 16:26:00+00:00,GBP_CHF__monday__new_york,10.53092393457231,52.65461967286156,1.0,0.72116145,2026-03-09 20:26:00+00:00,9.47783154111508,0.9,554.17038884845
