timestamp,price,session,weekday,mfe_up_pips,mfe_down_pips,tau_up_min,tau_down_min,mae_up_pips,mae_down_pips,up_exists,down_exists
2024-01-15T08:00:00.000000000Z,1.09568,london,monday,6.8,11.7,3,62,0.0,6.8,1,1
2024-01-15T08:01:00.000000000Z,1.0957,london,monday,6.6,11.9,2,61,0.0,6.6,1,1
2024-01-15T08:02:00.000000000Z,1.09582,london,monday,5.4,13.1,7,60,0.3,5.4,1,1
2024-01-15T08:03:00.000000000Z,1.09602,london,monday,3.4,15.1,8,57,2.3,3.4,1,1
2024-01-15T08:04:00.000000000Z,1.09596,london,monday,4.0,14.5,7,56,1.7,4.0,1,1
2024-01-15T08:05:00.000000000Z,1.09601,london,monday,3.5,15.0,6,55,2.2,3.5,1,1
2024-01-15T08:06:00.000000000Z,1.09593,london,monday,4.3,14.2,3,55,1.4,4.3,1,1
2024-01-15T08:07:00.000000000Z,1.09579,london,monday,5.7,13.6,2,55,0.0,5.7,1,1
2024-01-15T08:08:00.000000000Z,1.09599,london,monday,3.7,15.6,3,52,0.0,3.7,1,1
2024-01-15T08:09:00.000000000Z,1.0962,london,monday,1.6,17.7,,21,0.0,1.6,0,1
2024-01-15T08:10:00.000000000Z,1.0962,london,monday,1.6,17.7,,20,0.0,1.6,0,1
2024-01-15T08:11:00.000000000Z,1.09634,london,monday,0.2,19.1,,5,0.0,0.0,0,1
2024-01-15T08:12:00.000000000Z,1.09613,london,monday,2.3,17.0,,20,0.0,2.3,0,1
2024-01-15T08:13:00.000000000Z,1.09612,london,monday,2.4,16.9,,19,0.0,2.4,0,1
2024-01-15T08:14:00.000000000Z,1.0963,london,monday,0.6,18.7,,2,0.0,0.4,0,1
2024-01-15T08:15:00.000000000Z,1.09634,london,monday,0.2,19.1,,1,0.0,0.0,0,1
2024-01-15T08:16:00.000000000Z,1.09601,london,monday,3.5,15.8,8,44,0.0,3.5,1,1
2024-01-15T08:17:00.000000000Z,1.0961,london,monday,2.6,16.7,7,15,0.6,2.6,1,1
2024-01-15T08:18:00.000000000Z,1.09608,london,monday,2.8,16.5,6,18,0.4,2.8,1,1
2024-01-15T08:19:00.000000000Z,1.0961,london,monday,2.6,16.7,5,13,0.6,2.6,1,1
2024-01-15T08:20:00.000000000Z,1.09604,london,monday,3.2,16.3,4,40,0.0,3.2,1,1
2024-01-15T08:21:00.000000000Z,1.09615,london,monday,2.1,17.4,,11,0.0,2.1,0,1
2024-01-15T08:22:00.000000000Z,1.09606,london,monday,3.0,17.6,2,14,0.0,3.0,1,1
2024-01-15T08:23:00.000000000Z,1.09613,london,monday,2.3,19.3,,9,0.0,2.3,0,1
2024-01-15T08:24:00.000000000Z,1.09636,london,monday,0.0,23.1,,6,0.0,0.0,0,1
2024-01-15T08:25:00.000000000Z,1.09634,london,monday,0.0,22.9,,5,0.0,0.0,0,1
2024-01-15T08:26:00.000000000Z,1.09634,london,monday,0.0,22.9,,4,0.0,0.0,0,1
2024-01-15T08:27:00.000000000Z,1.0963,london,monday,0.0,22.5,,3,0.0,0.0,0,1
2024-01-15T08:28:00.000000000Z,1.09616,london,monday,0.8,21.1,,2,0.0,0.8,0,1
2024-01-15T08:29:00.000000000Z,1.09624,london,monday,0.0,23.0,,1,0.0,0.0,0,1
2024-01-15T08:30:00.000000000Z,1.0959,london,monday,1.5,20.6,,31,0.0,1.5,0,1
2024-01-15T08:31:00.000000000Z,1.09598,london,monday,0.7,21.4,,29,0.0,0.7,0,1
2024-01-15T08:32:00.000000000Z,1.09584,london,monday,2.1,20.6,,30,0.0,2.1,0,1
2024-01-15T08:33:00.000000000Z,1.09585,london,monday,2.0,20.7,,28,0.0,2.0,0,1
2024-01-15T08:34:00.000000000Z,1.09584,london,monday,2.1,20.6,,28,0.0,2.1,0,1
2024-01-15T08:35:00.000000000Z,1.09585,london,monday,2.0,21.3,,26,0.0,2.0,0,1
2024-01-15T08:36:00.000000000Z,1.0958,london,monday,2.5,21.0,,26,0.0,2.5,0,1
2024-01-15T08:37:00.000000000Z,1.09585,london,monday,2.0,22.7,,24,0.0,2.0,0,1
2024-01-15T08:38:00.000000000Z,1.09595,london,monday,1.0,25.4,,22,0.0,1.0,0,1
2024-01-15T08:39:00.000000000Z,1.09605,london,monday,0.0,26.4,,21,0.0,0.0,0,1
2024-01-15T08:40:00.000000000Z,1.09601,london,monday,0.0,26.0,,20,0.0,0.0,0,1
2024-01-15T08:41:00.000000000Z,1.09582,london,monday,1.9,24.1,,21,0.0,1.9,0,1
2024-01-15T08:42:00.000000000Z,1.0959,london,monday,1.1,25.2,,19,0.0,1.1,0,1
2024-01-15T08:43:00.000000000Z,1.09598,london,monday,0.3,26.0,,17,0.0,0.3,0,1
2024-01-15T08:44:00.000000000Z,1.09601,london,monday,0.0,26.3,,16,0.0,0.0,0,1
2024-01-15T08:45:00.000000000Z,1.09584,london,monday,1.6,24.6,,17,0.0,1.6,0,1
2024-01-15T08:46:00.000000000Z,1.09596,london,monday,0.4,25.8,,14,0.0,0.4,0,1
2024-01-15T08:47:00.000000000Z,1.096,london,monday,0.0,26.2,,13,0.0,0.0,0,1
2024-01-15T08:48:00.000000000Z,1.09585,london,monday,1.1,24.7,,13,0.0,1.1,0,1
2024-01-15T08:49:00.000000000Z,1.09588,london,monday,0.8,25.0,,12,0.0,0.8,0,1
2024-01-15T08:50:00.000000000Z,1.09596,london,monday,0.0,25.8,,10,0.0,0.0,0,1
2024-01-15T08:51:00.000000000Z,1.09596,london,monday,0.0,25.8,,9,0.0,0.0,0,1
2024-01-15T08:52:00.000000000Z,1.09596,london,monday,0.0,25.8,,8,0.0,0.0,0,1
2024-01-15T08:53:00.000000000Z,1.09592,london,monday,0.3,25.4,,8,0.0,0.3,0,1
2024-01-15T08:54:00.000000000Z,1.09595,london,monday,0.0,25.7,,6,0.0,0.0,0,1
2024-01-15T08:55:00.000000000Z,1.09582,london,monday,0.2,24.4,,7,0.0,0.2,0,1
2024-01-15T08:56:00.000000000Z,1.0958,london,monday,0.4,24.2,,6,0.0,0.4,0,1
2024-01-15T08:57:00.000000000Z,1.0958,london,monday,0.4,24.2,,5,0.0,0.4,0,1
2024-01-15T08:58:00.000000000Z,1.09584,london,monday,0.0,24.6,,4,0.0,0.0,0,1
2024-01-15T08:59:00.000000000Z,1.09582,london,monday,0.0,24.4,,3,0.0,0.0,0,1
2024-01-15T09:00:00.000000000Z,1.0957,london,monday,0.0,23.2,,2,0.0,0.0,0,1
2024-01-15T09:01:00.000000000Z,1.09559,london,monday,0.0,22.1,,15,0.0,0.0,0,1
2024-01-15T09:02:00.000000000Z,1.09538,london,monday,2.1,20.0,,33,0.0,2.1,0,1
2024-01-15T09:03:00.000000000Z,1.09541,london,monday,1.8,20.3,,32,0.0,1.8,0,1
2024-01-15T09:04:00.000000000Z,1.09546,london,monday,1.3,20.8,,31,0.0,1.3,0,1
2024-01-15T09:05:00.000000000Z,1.09546,london,monday,1.3,20.8,,30,0.0,1.3,0,1
2024-01-15T09:06:00.000000000Z,1.09556,london,monday,0.3,21.8,,11,0.0,0.2,0,1
2024-01-15T09:07:00.000000000Z,1.09551,london,monday,0.8,21.3,,11,0.0,0.7,0,1
2024-01-15T09:08:00.000000000Z,1.09544,london,monday,1.5,20.6,,27,0.0,1.5,0,1
2024-01-15T09:09:00.000000000Z,1.0955,london,monday,0.9,21.2,,9,0.0,0.8,0,1
2024-01-15T09:10:00.000000000Z,1.09552,london,monday,0.7,21.4,,8,0.0,0.6,0,1
2024-01-15T09:11:00.000000000Z,1.09555,london,monday,0.4,21.7,,6,0.0,0.3,0,1
2024-01-15T09:12:00.000000000Z,1.09558,london,monday,0.1,22.0,,5,0.0,0.0,0,1
2024-01-15T09:13:00.000000000Z,1.09541,london,monday,1.8,20.3,,22,0.0,1.8,0,1
2024-01-15T09:14:00.000000000Z,1.09551,london,monday,0.8,21.3,,4,0.0,0.0,0,1
2024-01-15T09:15:00.000000000Z,1.09544,london,monday,1.5,20.6,,20,0.0,1.5,0,1
2024-01-15T09:16:00.000000000Z,1.09534,london,monday,2.5,19.6,14,19,1.0,2.5,1,1
2024-01-15T09:17:00.000000000Z,1.09529,london,monday,3.0,19.1,13,18,0.5,3.0,1,1
2024-01-15T09:18:00.000000000Z,1.09524,london,monday,3.5,18.6,12,17,0.0,3.5,1,1
2024-01-15T09:19:00.000000000Z,1.09534,london,monday,2.5,19.6,11,16,0.3,2.5,1,1
2024-01-15T09:20:00.000000000Z,1.09531,london,monday,2.8,19.3,10,15,0.0,2.8,1,1
2024-01-15T09:21:00.000000000Z,1.09548,london,monday,1.1,21.0,,13,0.0,1.1,0,1
2024-01-15T09:22:00.000000000Z,1.09547,london,monday,1.2,20.9,,13,0.0,1.2,0,1
2024-01-15T09:23:00.000000000Z,1.09542,london,monday,1.7,20.4,,12,0.0,1.7,0,1
2024-01-15T09:24:00.000000000Z,1.0954,london,monday,1.9,20.2,,11,0.0,1.9,0,1
2024-01-15T09:25:00.000000000Z,1.09532,london,monday,2.7,19.4,5,10,0.0,2.7,1,1
2024-01-15T09:26:00.000000000Z,1.09544,london,monday,1.5,20.6,,9,0.0,1.5,0,1
2024-01-15T09:27:00.000000000Z,1.09544,london,monday,1.5,20.6,,8,0.0,1.5,0,1
2024-01-15T09:28:00.000000000Z,1.0954,london,monday,1.9,20.2,,7,0.0,1.9,0,1
2024-01-15T09:29:00.000000000Z,1.09539,london,monday,2.0,20.1,,6,0.0,2.0,0,1
2024-01-15T09:30:00.000000000Z,1.09559,london,monday,0.0,22.1,,4,0.0,0.0,0,1
2024-01-15T09:31:00.000000000Z,1.09544,london,monday,0.0,20.6,,4,0.0,0.0,0,1
2024-01-15T09:32:00.000000000Z,1.0954,london,monday,0.0,20.2,,3,0.0,0.0,0,1
2024-01-15T09:33:00.000000000Z,1.0954,london,monday,0.0,20.2,,2,0.0,0.0,0,1
2024-01-15T09:34:00.000000000Z,1.09522,london,monday,0.0,18.4,,1,0.0,0.0,0,1
2024-01-15T09:35:00.000000000Z,1.09497,london,monday,0.0,15.9,,2,0.0,0.0,0,1
2024-01-15T09:36:00.000000000Z,1.09496,london,monday,0.0,15.8,,1,0.0,0.0,0,1
2024-01-15T09:37:00.000000000Z,1.09464,london,monday,1.6,12.6,,25,0.0,1.6,0,1
2024-01-15T09:38:00.000000000Z,1.09451,london,monday,2.9,11.3,17,25,0.8,2.9,1,1
2024-01-15T09:39:00.000000000Z,1.09473,london,monday,0.7,13.5,,8,0.0,0.2,0,1
2024-01-15T09:40:00.000000000Z,1.0947,london,monday,1.0,13.2,,7,0.0,0.5,0,1
2024-01-15T09:41:00.000000000Z,1.09475,london,monday,0.5,13.7,,6,0.0,0.0,0,1
2024-01-15T09:42:00.000000000Z,1.09471,london,monday,0.9,13.3,,5,0.0,0.0,0,1
2024-01-15T09:43:00.000000000Z,1.09468,london,monday,1.2,13.0,,4,0.0,0.0,0,1
2024-01-15T09:44:00.000000000Z,1.09458,london,monday,2.2,12.0,,18,0.0,2.2,0,1
2024-01-15T09:45:00.000000000Z,1.09468,london,monday,1.2,13.0,,2,0.0,0.0,0,1
2024-01-15T09:46:00.000000000Z,1.09465,london,monday,1.5,12.7,,16,0.0,1.5,0,1
2024-01-15T09:47:00.000000000Z,1.09443,london,monday,3.7,10.5,2,17,0.0,3.7,1,1
2024-01-15T09:48:00.000000000Z,1.09452,london,monday,2.8,11.4,7,15,0.6,2.8,1,1
2024-01-15T09:49:00.000000000Z,1.0947,london,monday,1.0,13.2,,11,0.0,1.0,0,1
2024-01-15T09:50:00.000000000Z,1.09461,london,monday,1.9,12.3,,12,0.0,1.9,0,1
2024-01-15T09:51:00.000000000Z,1.09446,london,monday,3.4,10.8,4,12,0.0,3.4,1,1
2024-01-15T09:52:00.000000000Z,1.0945,london,monday,3.0,11.2,3,11,0.0,3.0,1,1
2024-01-15T09:53:00.000000000Z,1.09456,london,monday,2.4,11.8,,9,0.0,2.4,0,1
2024-01-15T09:54:00.000000000Z,1.0946,london,monday,2.0,12.2,,8,0.0,2.0,0,1
2024-01-15T09:55:00.000000000Z,1.0948,london,monday,0.0,14.2,,5,0.0,0.0,0,1
2024-01-15T09:56:00.000000000Z,1.09478,london,monday,0.0,14.0,,4,0.0,0.0,0,1
2024-01-15T09:57:00.000000000Z,1.09468,london,monday,0.0,13.0,,3,0.0,0.0,0,1
2024-01-15T09:58:00.000000000Z,1.0946,london,monday,2.1,12.2,,4,0.0,0.8,0,1
2024-01-15T09:59:00.000000000Z,1.09468,london,monday,1.3,13.0,,1,0.0,0.0,0,1
2024-01-15T10:00:00.000000000Z,1.09441,london,monday,4.8,10.3,92,4,10.3,0.0,1,1
2024-01-15T10:01:00.000000000Z,1.09441,london,monday,4.8,10.3,91,3,10.3,0.0,1,1
2024-01-15T10:02:00.000000000Z,1.0943,london,monday,5.9,9.2,87,2,9.2,0.0,1,1
2024-01-15T10:03:00.000000000Z,1.0942,london,monday,6.9,8.2,83,6,8.2,0.0,1,1
2024-01-15T10:04:00.000000000Z,1.09405,london,monday,8.4,6.7,79,8,6.7,1.2,1,1
2024-01-15T10:05:00.000000000Z,1.0941,london,monday,7.9,7.2,80,5,7.2,0.7,1,1
2024-01-15T10:06:00.000000000Z,1.09417,london,monday,7.2,7.9,79,4,7.9,0.0,1,1
2024-01-15T10:07:00.000000000Z,1.09415,london,monday,7.4,7.7,78,3,7.7,0.0,1,1
2024-01-15T10:08:00.000000000Z,1.09414,london,monday,7.5,7.6,77,2,7.6,0.0,1,1
2024-01-15T10:09:00.000000000Z,1.09394,london,monday,9.5,5.6,55,8,5.6,0.0,1,1
2024-01-15T10:10:00.000000000Z,1.09384,london,monday,10.5,4.6,46,7,4.6,0.8,1,1
2024-01-15T10:11:00.000000000Z,1.09392,london,monday,9.7,5.4,50,6,5.4,0.0,1,1
2024-01-15T10:12:00.000000000Z,1.09378,london,monday,11.1,4.0,44,6,4.0,0.9,1,1
2024-01-15T10:13:00.000000000Z,1.0938,london,monday,10.9,4.2,43,5,4.2,0.7,1,1
2024-01-15T10:14:00.000000000Z,1.09387,london,monday,10.2,4.9,43,3,4.9,0.0,1,1
2024-01-15T10:15:00.000000000Z,1.09372,london,monday,11.7,3.4,40,3,3.4,0.0,1,1
2024-01-15T10:16:00.000000000Z,1.0937,london,monday,11.9,3.2,39,2,3.2,0.0,1,1
2024-01-15T10:17:00.000000000Z,1.09358,london,monday,13.1,2.0,13,,2.0,0.0,1,0
2024-01-15T10:18:00.000000000Z,1.09341,london,monday,14.8,0.3,12,,0.3,0.0,1,0
2024-01-15T10:19:00.000000000Z,1.0935,london,monday,13.9,1.2,11,,1.2,0.0,1,0
2024-01-15T10:20:00.000000000Z,1.09342,london,monday,14.7,0.4,10,,0.4,0.0,1,0
2024-01-15T10:21:00.000000000Z,1.09346,london,monday,14.3,0.8,9,,0.8,0.0,1,0
2024-01-15T10:22:00.000000000Z,1.09338,london,monday,15.1,0.0,8,,0.0,0.0,1,0
2024-01-15T10:23:00.000000000Z,1.09342,london,monday,14.7,0.0,7,,0.0,0.0,1,0
2024-01-15T10:24:00.000000000Z,1.09347,london,monday,14.2,0.0,6,,0.0,0.0,1,0
2024-01-15T10:25:00.000000000Z,1.09357,london,monday,14.1,0.5,5,,0.5,0.0,1,0
2024-01-15T10:26:00.000000000Z,1.09352,london,monday,14.6,0.0,4,,0.0,0.0,1,0
2024-01-15T10:27:00.000000000Z,1.09353,london,monday,14.5,0.0,3,,0.0,0.0,1,0
2024-01-15T10:28:00.000000000Z,1.09362,london,monday,13.6,0.9,23,,0.9,0.0,1,0
2024-01-15T10:29:00.000000000Z,1.09355,london,monday,15.8,0.2,1,,0.0,0.0,1,0
2024-01-15T10:30:00.000000000Z,1.09384,london,monday,13.2,3.1,26,5,3.1,0.0,1,1
2024-01-15T10:31:00.000000000Z,1.09372,london,monday,14.8,1.9,24,,1.9,0.0,1,0
2024-01-15T10:32:00.000000000Z,1.09372,london,monday,15.5,1.9,23,,1.9,0.0,1,0
2024-01-15T10:33:00.000000000Z,1.09378,london,monday,16.4,2.5,23,13,2.5,0.0,1,1
2024-01-15T10:34:00.000000000Z,1.09362,london,monday,18.6,0.9,17,,0.9,0.0,1,0
2024-01-15T10:35:00.000000000Z,1.09354,london,monday,19.4,0.1,16,,0.1,0.0,1,0
2024-01-15T10:36:00.000000000Z,1.09354,london,monday,19.4,0.1,15,,0.1,0.0,1,0
2024-01-15T10:37:00.000000000Z,1.09362,london,monday,19.8,0.9,14,,0.9,0.0,1,0
2024-01-15T10:38:00.000000000Z,1.09362,london,monday,20.4,0.9,13,,0.9,0.0,1,0
2024-01-15T10:39:00.000000000Z,1.09372,london,monday,19.4,1.9,16,,1.9,0.0,1,0
2024-01-15T10:40:00.000000000Z,1.09367,london,monday,19.9,1.4,11,,1.4,0.0,1,0
2024-01-15T10:41:00.000000000Z,1.09366,london,monday,20.0,1.3,10,,1.3,0.0,1,0
2024-01-15T10:42:00.000000000Z,1.0937,london,monday,19.6,1.7,13,,1.7,0.0,1,0
2024-01-15T10:43:00.000000000Z,1.09358,london,monday,20.8,0.5,8,,0.5,0.0,1,0
2024-01-15T10:44:00.000000000Z,1.09363,london,monday,20.3,1.0,7,,1.0,0.0,1,0
2024-01-15T10:45:00.000000000Z,1.09363,london,monday,20.3,1.0,6,,1.0,0.0,1,0
2024-01-15T10:46:00.000000000Z,1.09353,london,monday,21.3,0.0,5,,0.0,0.0,1,0
2024-01-15T10:47:00.000000000Z,1.09353,london,monday,21.3,0.0,4,,0.0,0.0,1,0
2024-01-15T10:48:00.000000000Z,1.09356,london,monday,21.0,0.0,3,,0.0,0.0,1,0
2024-01-15T10:49:00.000000000Z,1.09363,london,monday,20.3,0.0,2,,0.0,0.0,1,0
2024-01-15T10:50:00.000000000Z,1.09372,london,monday,19.4,0.0,5,,0.0,0.0,1,0
2024-01-15T10:51:00.000000000Z,1.09393,london,monday,17.3,0.9,13,,0.9,0.0,1,0
2024-01-15T10:52:00.000000000Z,1.09384,london,monday,18.2,0.0,4,,0.0,0.0,1,0
2024-01-15T10:53:00.000000000Z,1.09386,london,monday,18.0,0.0,4,,0.0,0.0,1,0
2024-01-15T10:54:00.000000000Z,1.09387,london,monday,17.9,0.0,3,,0.0,0.0,1,0
2024-01-15T10:55:00.000000000Z,1.09397,london,monday,16.9,0.0,18,,0.0,0.0,1,0
2024-01-15T10:56:00.000000000Z,1.09411,london,monday,15.5,0.9,29,,0.9,0.0,1,0
2024-01-15T10:57:00.000000000Z,1.09412,london,monday,15.4,1.0,28,,1.0,0.0,1,0
2024-01-15T10:58:00.000000000Z,1.09412,london,monday,15.4,1.0,27,,1.0,0.0,1,0
2024-01-15T10:59:00.000000000Z,1.09402,london,monday,16.4,0.0,19,,0.0,0.0,1,0
2024-01-15T11:00:00.000000000Z,1.09414,london,monday,15.2,0.4,25,,0.4,0.0,1,0
2024-01-15T11:01:00.000000000Z,1.09418,london,monday,16.4,0.8,24,,0.8,0.0,1,0
2024-01-15T11:02:00.000000000Z,1.09413,london,monday,16.9,0.3,23,,0.3,0.0,1,0
2024-01-15T11:03:00.000000000Z,1.09418,london,monday,16.4,0.8,22,,0.8,0.0,1,0
2024-01-15T11:04:00.000000000Z,1.0942,london,monday,16.2,1.0,22,,1.0,0.0,1,0
2024-01-15T11:05:00.000000000Z,1.09412,london,monday,17.0,0.2,20,,0.2,0.0,1,0
2024-01-15T11:06:00.000000000Z,1.0941,london,monday,17.2,0.0,19,,0.0,0.0,1,0
2024-01-15T11:07:00.000000000Z,1.0941,london,monday,17.2,0.0,18,,0.0,0.0,1,0
2024-01-15T11:08:00.000000000Z,1.0942,london,monday,16.2,1.0,18,,1.0,0.0,1,0
2024-01-15T11:09:00.000000000Z,1.09416,london,monday,16.6,0.6,16,,0.6,0.0,1,0
2024-01-15T11:10:00.000000000Z,1.09417,london,monday,16.5,0.7,15,,0.7,0.0,1,0
2024-01-15T11:11:00.000000000Z,1.0941,london,monday,17.2,0.0,14,,0.0,0.0,1,0
2024-01-15T11:12:00.000000000Z,1.09416,london,monday,16.6,0.3,13,,0.3,0.0,1,0
2024-01-15T11:13:00.000000000Z,1.09424,london,monday,15.8,1.1,16,,1.1,0.0,1,0
2024-01-15T11:14:00.000000000Z,1.09426,london,monday,15.6,1.3,15,,1.3,0.0,1,0
2024-01-15T11:15:00.000000000Z,1.09421,london,monday,16.1,0.8,11,,0.8,0.0,1,0
2024-01-15T11:16:00.000000000Z,1.09426,london,monday,15.6,1.3,13,,1.3,0.0,1,0
2024-01-15T11:17:00.000000000Z,1.09426,london,monday,15.6,1.3,12,,1.3,0.0,1,0
2024-01-15T11:18:00.000000000Z,1.09428,london,monday,15.4,1.5,11,,1.5,0.0,1,0
2024-01-15T11:19:00.000000000Z,1.09413,london,monday,16.9,0.0,6,,0.0,0.0,1,0
2024-01-15T11:20:00.000000000Z,1.09417,london,monday,16.5,0.3,5,,0.3,0.0,1,0
2024-01-15T11:21:00.000000000Z,1.0942,london,monday,16.2,0.6,5,,0.6,0.0,1,0
2024-01-15T11:22:00.000000000Z,1.09414,london,monday,16.8,0.0,3,,0.0,0.0,1,0
2024-01-15T11:23:00.000000000Z,1.09432,london,monday,15.0,1.2,6,,0.2,0.0,1,0
2024-01-15T11:24:00.000000000Z,1.0943,london,monday,15.2,1.0,5,,0.0,0.0,1,0
2024-01-15T11:25:00.000000000Z,1.09444,london,monday,13.8,2.4,13,,0.3,0.0,1,0
2024-01-15T11:26:00.000000000Z,1.09446,london,monday,13.6,2.6,12,26,0.5,4.3,1,1
2024-01-15T11:27:00.000000000Z,1.09449,london,monday,13.3,2.9,11,25,0.8,4.0,1,1
2024-01-15T11:28:00.000000000Z,1.09447,london,monday,13.5,2.7,10,24,0.6,4.2,1,1
2024-01-15T11:29:00.000000000Z,1.09464,london,monday,11.8,4.4,36,17,4.4,2.5,1,1
2024-01-15T11:30:00.000000000Z,1.09458,london,monday,12.4,3.8,10,22,1.7,3.1,1,1
2024-01-15T11:31:00.000000000Z,1.09466,london,monday,11.6,4.6,34,15,4.6,2.3,1,1
2024-01-15T11:32:00.000000000Z,1.09468,london,monday,11.4,4.8,33,2,4.8,0.0,1,1
2024-01-15T11:33:00.000000000Z,1.09458,london,monday,12.4,3.8,7,19,1.7,3.1,1,1
2024-01-15T11:34:00.000000000Z,1.09441,london,monday,14.1,2.1,3,,0.0,0.0,1,0
2024-01-15T11:35:00.000000000Z,1.09442,london,monday,14.0,2.2,2,,0.0,0.0,1,0
2024-01-15T11:36:00.000000000Z,1.09462,london,monday,12.0,4.2,4,10,0.0,2.7,1,1
2024-01-15T11:37:00.000000000Z,1.09468,london,monday,11.4,4.8,28,9,4.8,2.1,1,1
2024-01-15T11:38:00.000000000Z,1.09481,london,monday,10.1,6.1,31,7,6.1,0.8,1,1
2024-01-15T11:39:00.000000000Z,1.0948,london,monday,10.2,6.0,30,6,6.0,0.9,1,1
2024-01-15T11:40:00.000000000Z,1.09489,london,monday,9.3,6.9,30,1,6.9,0.0,1,1
2024-01-15T11:41:00.000000000Z,1.0946,london,monday,12.2,4.0,24,5,4.0,0.6,1,1
2024-01-15T11:42:00.000000000Z,1.09461,london,monday,12.1,4.1,23,4,4.1,0.5,1,1
2024-01-15T11:43:00.000000000Z,1.09466,london,monday,11.6,4.6,22,3,4.6,0.0,1,1
2024-01-15T11:44:00.000000000Z,1.09464,london,monday,11.8,4.4,21,2,4.4,0.0,1,1
2024-01-15T11:45:00.000000000Z,1.09444,london,monday,13.8,2.4,19,,2.4,0.0,1,0
2024-01-15T11:46:00.000000000Z,1.09434,london,monday,14.8,1.4,1,,0.0,0.0,1,0
2024-01-15T11:47:00.000000000Z,1.0946,london,monday,12.2,4.0,18,5,4.0,0.1,1,1
2024-01-15T11:48:00.000000000Z,1.09461,london,monday,12.1,4.1,17,4,4.1,0.0,1,1
2024-01-15T11:49:00.000000000Z,1.09446,london,monday,13.6,2.6,15,3,2.6,0.0,1,1
2024-01-15T11:50:00.000000000Z,1.09446,london,monday,13.6,2.6,14,2,2.6,0.0,1,1
2024-01-15T11:51:00.000000000Z,1.09445,london,monday,13.7,2.5,13,,2.5,0.0,1,0
2024-01-15T11:52:00.000000000Z,1.0942,london,monday,16.2,0.0,4,,0.0,0.0,1,0
2024-01-15T11:53:00.000000000Z,1.09426,london,monday,15.6,0.0,4,,0.0,0.0,1,0
2024-01-15T11:54:00.000000000Z,1.09428,london,monday,15.4,0.0,3,,0.0,0.0,1,0
2024-01-15T11:55:00.000000000Z,1.09431,london,monday,15.1,0.0,2,,0.0,0.0,1,0
2024-01-15T11:56:00.000000000Z,1.09446,london,monday,13.6,0.0,8,,0.0,0.0,1,0
2024-01-15T11:57:00.000000000Z,1.09463,london,monday,11.9,1.5,8,,1.5,0.0,1,0
2024-01-15T11:58:00.000000000Z,1.09468,london,monday,11.4,2.0,7,,2.0,0.0,1,0
2024-01-15T11:59:00.000000000Z,1.09454,london,monday,12.8,0.6,5,,0.6,0.0,1,0
2024-01-15T12:00:00.000000000Z,1.09451,london,monday,13.1,0.3,4,,0.3,0.0,1,0
2024-01-15T12:01:00.000000000Z,1.09448,london,monday,13.4,0.0,3,,0.0,0.0,1,0
2024-01-15T12:02:00.000000000Z,1.0945,london,monday,13.2,0.2,2,,0.2,0.0,1,0
2024-01-15T12:03:00.000000000Z,1.09448,london,monday,13.4,0.0,1,,0.0,0.0,1,0
2024-01-15T12:04:00.000000000Z,1.09483,london,monday,9.9,3.5,5,65,0.0,9.9,1,1
2024-01-15T12:05:00.000000000Z,1.09498,london,monday,8.4,5.0,7,28,0.8,6.8,1,1
2024-01-15T12:06:00.000000000Z,1.09495,london,monday,8.7,4.7,6,27,0.5,7.1,1,1
2024-01-15T12:07:00.000000000Z,1.0949,london,monday,9.2,4.2,3,62,0.0,9.2,1,1
2024-01-15T12:08:00.000000000Z,1.09494,london,monday,8.8,4.6,3,61,0.0,8.8,1,1
2024-01-15T12:09:00.000000000Z,1.09513,london,monday,6.9,6.5,4,24,0.0,5.3,1,1
2024-01-15T12:10:00.000000000Z,1.09516,london,monday,6.6,6.8,3,23,0.0,5.0,1,1
2024-01-15T12:11:00.000000000Z,1.0952,london,monday,6.2,7.2,3,19,0.0,4.6,1,1
2024-01-15T12:12:00.000000000Z,1.09527,london,monday,5.5,7.9,5,18,0.0,3.9,1,1
2024-01-15T12:13:00.000000000Z,1.09542,london,monday,4.0,9.4,28,12,7.2,2.4,1,1
2024-01-15T12:14:00.000000000Z,1.09548,london,monday,3.4,10.0,27,10,7.8,1.8,1,1
2024-01-15T12:15:00.000000000Z,1.09548,london,monday,3.4,10.0,26,9,7.8,1.8,1,1
2024-01-15T12:16:00.000000000Z,1.09547,london,monday,3.5,9.9,25,8,7.7,1.9,1,1
2024-01-15T12:17:00.000000000Z,1.0956,london,monday,2.2,11.2,,6,0.0,0.6,0,1
2024-01-15T12:18:00.000000000Z,1.09566,london,monday,1.6,11.8,,4,0.0,0.0,0,1
2024-01-15T12:19:00.000000000Z,1.09543,london,monday,3.9,9.5,22,6,7.3,0.7,1,1
2024-01-15T12:20:00.000000000Z,1.09544,london,monday,3.8,9.6,21,5,7.4,0.6,1,1
2024-01-15T12:21:00.000000000Z,1.0955,london,monday,3.2,10.2,20,2,8.0,0.0,1,1
2024-01-15T12:22:00.000000000Z,1.0954,london,monday,4.2,9.2,19,5,7.0,0.0,1,1
2024-01-15T12:23:00.000000000Z,1.09524,london,monday,5.8,7.6,17,7,5.4,1.1,1,1
2024-01-15T12:24:00.000000000Z,1.0952,london,monday,6.2,7.2,16,6,5.0,1.5,1,1
2024-01-15T12:25:00.000000000Z,1.09516,london,monday,6.6,8.0,15,8,4.6,1.9,1,1
2024-01-15T12:26:00.000000000Z,1.09535,london,monday,4.7,12.1,15,2,6.5,0.0,1,1
2024-01-15T12:27:00.000000000Z,1.09514,london,monday,6.8,10.5,13,6,4.4,0.0,1,1
2024-01-15T12:28:00.000000000Z,1.09506,london,monday,7.6,10.4,12,5,3.6,0.0,1,1
2024-01-15T12:29:00.000000000Z,1.09506,london,monday,7.6,10.4,11,4,3.6,0.0,1,1
2024-01-15T12:30:00.000000000Z,1.09494,london,monday,8.8,9.2,10,39,2.4,8.8,1,1
2024-01-15T12:31:00.000000000Z,1.09492,london,monday,9.0,9.0,9,38,2.2,9.0,1,1
2024-01-15T12:32:00.000000000Z,1.09494,london,monday,8.8,9.2,8,37,2.4,8.8,1,1
2024-01-15T12:33:00.000000000Z,1.0947,london,monday,11.2,6.8,1,92,0.0,11.2,1,1
2024-01-15T12:34:00.000000000Z,1.09512,london,monday,7.0,11.3,6,4,3.2,0.0,1,1
2024-01-15T12:35:00.000000000Z,1.09502,london,monday,8.0,10.3,5,33,2.2,8.0,1,1
2024-01-15T12:36:00.000000000Z,1.09509,london,monday,7.3,11.0,4,2,2.9,0.0,1,1
2024-01-15T12:37:00.000000000Z,1.095,london,monday,8.2,10.1,3,31,2.0,8.2,1,1
2024-01-15T12:38:00.000000000Z,1.0948,london,monday,10.2,8.1,1,31,0.0,10.2,1,1
2024-01-15T12:39:00.000000000Z,1.09516,london,monday,6.6,12.2,1,28,0.0,6.6,1,1
2024-01-15T12:40:00.000000000Z,1.09556,london,monday,2.6,16.2,1,6,0.0,2.6,1,1
2024-01-15T12:41:00.000000000Z,1.09582,london,monday,0.0,19.0,,1,0.0,0.0,0,1
2024-01-15T12:42:00.000000000Z,1.09553,london,monday,1.7,16.1,,4,0.0,1.5,0,1
2024-01-15T12:43:00.000000000Z,1.09568,london,monday,0.2,17.6,,2,0.0,0.0,0,1
2024-01-15T12:44:00.000000000Z,1.09544,london,monday,2.6,15.2,9,16,1.8,2.6,1,1
2024-01-15T12:45:00.000000000Z,1.09542,london,monday,2.8,15.0,8,15,1.6,2.8,1,1
2024-01-15T12:46:00.000000000Z,1.09526,london,monday,4.4,13.4,3,18,0.0,4.4,1,1
2024-01-15T12:47:00.000000000Z,1.09536,london,monday,3.4,14.4,3,13,0.0,3.4,1,1
2024-01-15T12:48:00.000000000Z,1.0954,london,monday,3.0,14.8,5,12,0.0,3.0,1,1
2024-01-15T12:49:00.000000000Z,1.09554,london,monday,1.6,16.2,,8,0.0,1.6,0,1
2024-01-15T12:50:00.000000000Z,1.09563,london,monday,0.7,17.1,,7,0.0,0.7,0,1
2024-01-15T12:51:00.000000000Z,1.09548,london,monday,2.2,15.6,,9,0.0,2.2,0,1
2024-01-15T12:52:00.000000000Z,1.0956,london,monday,1.0,16.8,,5,0.0,1.0,0,1
2024-01-15T12:53:00.000000000Z,1.0957,london,monday,0.0,17.8,,4,0.0,0.0,0,1
2024-01-15T12:54:00.000000000Z,1.0957,london,monday,0.0,17.8,,3,0.0,0.0,0,1
2024-01-15T12:55:00.000000000Z,1.09556,london,monday,0.0,16.4,,2,0.0,0.0,0,1
2024-01-15T12:56:00.000000000Z,1.09552,london,monday,0.0,16.0,,4,0.0,0.0,0,1
2024-01-15T12:57:00.000000000Z,1.09528,london,monday,1.0,13.6,,7,0.0,1.0,0,1
2024-01-15T12:58:00.000000000Z,1.09532,london,monday,0.6,14.0,,6,0.0,0.6,0,1
2024-01-15T12:59:00.000000000Z,1.09538,london,monday,0.0,14.6,,1,0.0,0.0,0,1
2024-01-15T13:00:00.000000000Z,1.09509,london,monday,1.6,11.7,,8,0.0,1.3,0,1
2024-01-15T13:01:00.000000000Z,1.09522,london,monday,0.3,13.0,,3,0.0,0.0,0,1
2024-01-15T13:02:00.000000000Z,1.09518,london,monday,0.7,12.6,,4,0.0,0.0,0,1
2024-01-15T13:03:00.000000000Z,1.09508,london,monday,1.7,11.6,,5,0.0,0.0,0,1
2024-01-15T13:04:00.000000000Z,1.09494,london,monday,3.1,10.2,30,5,4.6,1.4,1,1
2024-01-15T13:05:00.000000000Z,1.09508,london,monday,1.7,11.6,,3,0.0,0.0,0,1
2024-01-15T13:06:00.000000000Z,1.09492,london,monday,3.3,10.0,28,3,4.4,0.0,1,1
2024-01-15T13:07:00.000000000Z,1.09488,london,monday,3.7,9.6,24,2,4.0,0.0,1,1
2024-01-15T13:08:00.000000000Z,1.09474,london,monday,5.1,8.2,11,1,2.6,0.0,1,1
2024-01-15T13:09:00.000000000Z,1.09448,london,monday,7.7,5.6,2,57,0.0,7.7,1,1
2024-01-15T13:10:00.000000000Z,1.09466,london,monday,5.9,7.4,9,55,1.2,5.9,1,1
2024-01-15T13:11:00.000000000Z,1.0948,london,monday,4.5,8.8,20,4,2.6,0.0,1,1
2024-01-15T13:12:00.000000000Z,1.09468,london,monday,5.7,7.6,7,53,1.4,5.7,1,1
2024-01-15T13:13:00.000000000Z,1.0946,london,monday,6.5,6.8,4,53,0.6,6.5,1,1
2024-01-15T13:14:00.000000000Z,1.0946,london,monday,6.5,6.8,3,52,0.6,6.5,1,1
2024-01-15T13:15:00.000000000Z,1.09454,london,monday,7.1,6.2,2,51,0.0,7.1,1,1
2024-01-15T13:16:00.000000000Z,1.09476,london,monday,4.9,8.4,3,49,0.0,4.9,1,1
2024-01-15T13:17:00.000000000Z,1.09486,london,monday,3.9,9.4,14,48,1.2,3.9,1,1
2024-01-15T13:18:00.000000000Z,1.09485,london,monday,4.0,9.3,13,47,1.1,4.0,1,1
2024-01-15T13:19:00.000000000Z,1.09504,london,monday,2.1,11.2,,9,0.0,0.0,0,1
2024-01-15T13:20:00.000000000Z,1.09504,london,monday,2.1,11.2,,8,0.0,0.0,0,1
2024-01-15T13:21:00.000000000Z,1.09504,london,monday,2.1,11.2,,7,0.0,0.0,0,1
2024-01-15T13:22:00.000000000Z,1.09488,london,monday,3.7,9.6,9,43,1.4,3.7,1,1
2024-01-15T13:23:00.000000000Z,1.09488,london,monday,3.7,9.6,8,42,1.4,3.7,1,1
2024-01-15T13:24:00.000000000Z,1.09484,london,monday,4.1,9.2,7,41,1.0,4.1,1,1
2024-01-15T13:25:00.000000000Z,1.09496,london,monday,2.9,10.4,10,39,2.2,2.9,1,1
2024-01-15T13:26:00.000000000Z,1.09484,london,monday,4.1,9.2,5,39,1.0,4.1,1,1
2024-01-15T13:27:00.000000000Z,1.09495,london,monday,3.0,10.3,8,37,2.1,3.0,1,1
2024-01-15T13:28:00.000000000Z,1.09474,london,monday,5.1,8.2,2,37,0.0,5.1,1,1
2024-01-15T13:29:00.000000000Z,1.09474,london,monday,5.1,8.2,1,36,0.0,5.1,1,1
2024-01-15T13:30:00.000000000Z,1.095,london,monday,2.5,10.8,5,33,0.0,2.5,1,1
2024-01-15T13:31:00.000000000Z,1.09515,london,monday,1.0,12.3,,10,0.0,1.0,0,1
2024-01-15T13:32:00.000000000Z,1.09516,london,monday,0.9,12.4,,9,0.0,0.9,0,1
2024-01-15T13:33:00.000000000Z,1.09512,london,monday,1.3,12.0,,8,0.0,1.3,0,1
2024-01-15T13:34:00.000000000Z,1.09519,london,monday,0.6,12.7,,3,0.0,0.6,0,1
2024-01-15T13:35:00.000000000Z,1.09525,london,monday,0.0,13.3,,2,0.0,0.0,0,1
2024-01-15T13:36:00.000000000Z,1.09506,london,monday,0.9,11.4,,27,0.0,0.9,0,1
2024-01-15T13:37:00.000000000Z,1.09491,london,monday,2.4,9.9,,28,0.0,2.4,0,1
2024-01-15T13:38:00.000000000Z,1.095,london,monday,1.5,10.8,,25,0.0,1.5,0,1
2024-01-15T13:39:00.000000000Z,1.09499,london,monday,1.6,10.7,,25,0.0,1.6,0,1
2024-01-15T13:40:00.000000000Z,1.09492,london,monday,2.3,10.0,,25,0.0,2.3,0,1
2024-01-15T13:41:00.000000000Z,1.09486,london,monday,2.9,9.4,10,24,0.0,2.9,1,1
2024-01-15T13:42:00.000000000Z,1.09491,london,monday,2.4,9.9,,23,0.0,2.4,0,1
2024-01-15T13:43:00.000000000Z,1.09494,london,monday,2.1,10.2,,21,0.0,2.1,0,1
2024-01-15T13:44:00.000000000Z,1.09498,london,monday,1.7,10.6,,20,0.0,1.7,0,1
2024-01-15T13:45:00.000000000Z,1.09498,london,monday,1.7,10.6,,19,0.0,1.7,0,1
2024-01-15T13:46:00.000000000Z,1.09494,london,monday,2.1,10.2,,18,0.0,2.1,0,1
2024-01-15T13:47:00.000000000Z,1.0949,london,monday,2.5,9.8,4,18,0.0,2.5,1,1
2024-01-15T13:48:00.000000000Z,1.09494,london,monday,2.1,10.2,,16,0.0,2.1,0,1
2024-01-15T13:49:00.000000000Z,1.09502,london,monday,1.3,11.0,,14,0.0,1.3,0,1
2024-01-15T13:50:00.000000000Z,1.09508,london,monday,0.7,11.6,,13,0.0,0.7,0,1
2024-01-15T13:51:00.000000000Z,1.09515,london,monday,0.0,12.3,,11,0.0,0.0,0,1
2024-01-15T13:52:00.000000000Z,1.09502,london,monday,1.2,11.0,,11,0.0,1.2,0,1
2024-01-15T13:53:00.000000000Z,1.09497,london,monday,1.7,10.5,,11,0.0,1.7,0,1
2024-01-15T13:54:00.000000000Z,1.09491,london,monday,2.3,9.9,,11,0.0,2.3,0,1
2024-01-15T13:55:00.000000000Z,1.09498,london,monday,1.6,10.6,,9,0.0,1.6,0,1
2024-01-15T13:56:00.000000000Z,1.09497,london,monday,1.7,10.5,,8,0.0,1.7,0,1
2024-01-15T13:57:00.000000000Z,1.09494,london,monday,2.0,10.7,,7,0.0,2.0,0,1
2024-01-15T13:58:00.000000000Z,1.09508,london,monday,0.6,12.4,,5,0.0,0.6,0,1
2024-01-15T13:59:00.000000000Z,1.09506,london,monday,0.8,12.2,,4,0.0,0.8,0,1
2024-01-15T14:00:00.000000000Z,1.09502,london,monday,1.2,11.8,,3,0.0,1.2,0,1
2024-01-15T14:01:00.000000000Z,1.09514,london,monday,0.0,13.0,,1,0.0,0.0,0,1
2024-01-15T14:02:00.000000000Z,1.09488,london,monday,0.0,10.4,,3,0.0,0.0,0,1
2024-01-15T14:03:00.000000000Z,1.09474,london,monday,0.0,9.0,,2,0.0,0.0,0,1
2024-01-15T14:04:00.000000000Z,1.09468,london,monday,0.0,8.4,,1,0.0,0.0,0,1
2024-01-15T14:05:00.000000000Z,1.09436,london,monday,3.0,5.2,81,2,4.4,0.0,1,1
2024-01-15T14:06:00.000000000Z,1.09414,london,monday,5.2,3.0,54,91,2.2,5.2,1,1
2024-01-15T14:07:00.000000000Z,1.09409,london,monday,5.7,2.5,23,91,1.7,5.7,1,1
2024-01-15T14:08:00.000000000Z,1.09402,london,monday,6.4,1.8,18,,1.0,0.0,1,0
2024-01-15T14:09:00.000000000Z,1.09412,london,monday,5.4,2.8,51,88,2.0,5.4,1,1
2024-01-15T14:10:00.000000000Z,1.09404,london,monday,6.5,2.0,16,,1.2,0.0,1,0
2024-01-15T14:11:00.000000000Z,1.09408,london,monday,6.4,2.4,19,,1.6,0.0,1,0
2024-01-15T14:12:00.000000000Z,1.09406,london,monday,6.6,2.2,18,,1.4,0.0,1,0
2024-01-15T14:13:00.000000000Z,1.09407,london,monday,7.9,2.3,17,,1.5,0.0,1,0
2024-01-15T14:14:00.000000000Z,1.09399,london,monday,9.3,1.5,10,,0.7,0.0,1,0
2024-01-15T14:15:00.000000000Z,1.09408,london,monday,8.6,2.4,15,,1.6,0.0,1,0
2024-01-15T14:16:00.000000000Z,1.09409,london,monday,8.5,2.5,14,82,1.7,5.7,1,1
2024-01-15T14:17:00.000000000Z,1.09418,london,monday,8.4,3.4,48,4,2.6,0.0,1,1
2024-01-15T14:18:00.000000000Z,1.09404,london,monday,10.4,2.0,8,,1.2,0.0,1,0
2024-01-15T14:19:00.000000000Z,1.09394,london,monday,11.4,1.0,5,,0.2,0.0,1,0
2024-01-15T14:20:00.000000000Z,1.09394,london,monday,11.4,1.0,4,,0.2,0.0,1,0
2024-01-15T14:21:00.000000000Z,1.09392,london,monday,11.6,0.8,3,,0.0,0.0,1,0
2024-01-15T14:22:00.000000000Z,1.09409,london,monday,9.9,2.5,8,76,0.0,5.7,1,1
2024-01-15T14:23:00.000000000Z,1.09416,london,monday,9.2,3.2,37,74,0.8,5.0,1,1
2024-01-15T14:24:00.000000000Z,1.09426,london,monday,8.2,4.2,43,48,1.8,2.8,1,1
2024-01-15T14:25:00.000000000Z,1.09412,london,monday,9.6,2.8,35,72,0.4,5.4,1,1
2024-01-15T14:26:00.000000000Z,1.09431,london,monday,7.7,4.7,59,46,3.9,2.3,1,1
2024-01-15T14:27:00.000000000Z,1.09428,london,monday,8.0,4.4,40,45,2.0,2.6,1,1
2024-01-15T14:28:00.000000000Z,1.09418,london,monday,9.0,3.4,37,44,1.0,3.6,1,1
2024-01-15T14:29:00.000000000Z,1.0942,london,monday,8.8,3.6,36,43,1.2,3.4,1,1
2024-01-15T14:30:00.000000000Z,1.09436,london,monday,7.2,5.2,56,5,4.4,0.0,1,1
2024-01-15T14:31:00.000000000Z,1.09426,london,monday,8.2,4.2,36,41,1.8,2.8,1,1
2024-01-15T14:32:00.000000000Z,1.0942,london,monday,8.8,3.6,33,40,1.2,3.4,1,1
2024-01-15T14:33:00.000000000Z,1.09426,london,monday,8.2,4.2,34,39,1.8,2.8,1,1
2024-01-15T14:34:00.000000000Z,1.09421,london,monday,8.7,3.7,31,38,1.3,3.3,1,1
2024-01-15T14:35:00.000000000Z,1.0941,london,monday,9.8,2.6,22,63,0.2,5.6,1,1
2024-01-15T14:36:00.000000000Z,1.09424,london,monday,8.4,4.0,31,36,1.6,3.0,1,1
2024-01-15T14:37:00.000000000Z,1.0941,london,monday,9.8,2.6,20,61,0.2,5.6,1,1
2024-01-15T14:38:00.000000000Z,1.09421,london,monday,8.7,3.7,27,34,1.3,3.3,1,1
2024-01-15T14:39:00.000000000Z,1.0943,london,monday,7.8,4.6,46,33,3.8,2.4,1,1
2024-01-15T14:40:00.000000000Z,1.0943,london,monday,7.8,4.6,45,32,3.8,2.4,1,1
2024-01-15T14:41:00.000000000Z,1.0943,london,monday,7.8,4.6,44,31,3.8,2.4,1,1
2024-01-15T14:42:00.000000000Z,1.09428,london,monday,8.0,4.4,25,30,2.0,2.6,1,1
2024-01-15T14:43:00.000000000Z,1.09426,london,monday,8.2,4.2,24,29,1.8,2.8,1,1
2024-01-15T14:44:00.000000000Z,1.09429,london,monday,7.9,4.5,23,28,2.1,2.5,1,1
2024-01-15T14:45:00.000000000Z,1.0943,london,monday,7.8,4.6,40,27,3.8,2.4,1,1
2024-01-15T14:46:00.000000000Z,1.09416,london,monday,9.2,3.2,14,51,0.8,5.0,1,1
2024-01-15T14:47:00.000000000Z,1.09422,london,monday,8.6,3.8,20,25,1.4,3.2,1,1
2024-01-15T14:48:00.000000000Z,1.09424,london,monday,8.4,4.0,19,24,1.6,3.0,1,1
2024-01-15T14:49:00.000000000Z,1.09415,london,monday,9.3,3.1,11,48,0.7,5.1,1,1
2024-01-15T14:50:00.000000000Z,1.09409,london,monday,9.9,2.5,7,48,0.1,5.7,1,1
2024-01-15T14:51:00.000000000Z,1.0941,london,monday,9.8,2.6,6,47,0.2,5.6,1,1
2024-01-15T14:52:00.000000000Z,1.09408,london,monday,10.0,2.4,5,,0.0,0.0,1,0
2024-01-15T14:53:00.000000000Z,1.0941,london,monday,9.8,2.6,4,45,0.2,5.6,1,1
2024-01-15T14:54:00.000000000Z,1.09408,london,monday,10.0,2.4,3,,0.0,0.0,1,0
2024-01-15T14:55:00.000000000Z,1.09416,london,monday,9.2,3.2,5,42,0.0,5.0,1,1
2024-01-15T14:56:00.000000000Z,1.09425,london,monday,8.3,4.1,11,16,0.7,2.9,1,1
2024-01-15T14:57:00.000000000Z,1.09436,london,monday,7.2,5.2,29,15,4.4,1.8,1,1
2024-01-15T14:58:00.000000000Z,1.0943,london,monday,7.8,4.6,27,14,3.8,2.4,1,1
2024-01-15T14:59:00.000000000Z,1.09434,london,monday,7.4,5.0,26,13,4.2,2.0,1,1
2024-01-15T15:00:00.000000000Z,1.09442,london,monday,6.6,5.8,50,12,5.8,1.2,1,1
2024-01-15T15:01:00.000000000Z,1.09422,london,monday,8.6,3.8,6,11,0.4,3.2,1,1
2024-01-15T15:02:00.000000000Z,1.09418,london,monday,9.0,3.4,3,10,0.0,3.6,1,1
2024-01-15T15:03:00.000000000Z,1.09425,london,monday,8.3,4.1,4,9,0.0,2.9,1,1
2024-01-15T15:04:00.000000000Z,1.09438,london,monday,7.0,5.4,22,8,4.6,1.6,1,1
2024-01-15T15:05:00.000000000Z,1.09446,london,monday,6.2,6.2,46,6,6.2,0.8,1,1
2024-01-15T15:06:00.000000000Z,1.09445,london,monday,6.3,6.1,45,5,6.1,0.9,1,1
2024-01-15T15:07:00.000000000Z,1.09454,london,monday,5.4,7.0,46,4,7.0,0.0,1,1
2024-01-15T15:08:00.000000000Z,1.09445,london,monday,6.3,6.1,43,3,6.1,0.0,1,1
2024-01-15T15:09:00.000000000Z,1.09443,london,monday,6.5,5.9,41,2,5.9,0.0,1,1
2024-01-15T15:10:00.000000000Z,1.09435,london,monday,7.3,5.1,15,2,4.3,0.0,1,1
2024-01-15T15:11:00.000000000Z,1.09418,london,monday,9.0,3.4,14,1,2.6,0.0,1,1
2024-01-15T15:12:00.000000000Z,1.09392,london,monday,11.6,0.8,3,,0.0,0.0,1,0
2024-01-15T15:13:00.000000000Z,1.0941,london,monday,9.8,2.6,12,25,0.1,5.6,1,1
2024-01-15T15:14:00.000000000Z,1.09411,london,monday,9.7,2.7,11,24,0.2,5.5,1,1
2024-01-15T15:15:00.000000000Z,1.09419,london,monday,8.9,3.5,10,22,1.0,4.7,1,1
2024-01-15T15:16:00.000000000Z,1.09424,london,monday,8.4,4.0,9,21,1.5,4.2,1,1
2024-01-15T15:17:00.000000000Z,1.09414,london,monday,9.4,3.0,8,20,0.5,5.2,1,1
2024-01-15T15:18:00.000000000Z,1.09412,london,monday,9.6,2.8,7,19,0.3,5.4,1,1
2024-01-15T15:19:00.000000000Z,1.09412,london,monday,9.6,2.8,6,18,0.3,5.4,1,1
2024-01-15T15:20:00.000000000Z,1.09409,london,monday,9.9,2.5,4,18,0.0,5.7,1,1
2024-01-15T15:21:00.000000000Z,1.0941,london,monday,9.8,2.6,4,17,0.0,5.6,1,1
2024-01-15T15:22:00.000000000Z,1.09432,london,monday,7.6,4.8,3,14,1.8,3.4,1,1
2024-01-15T15:23:00.000000000Z,1.09414,london,monday,9.4,3.0,2,14,0.0,5.2,1,1
2024-01-15T15:24:00.000000000Z,1.09434,london,monday,7.4,5.0,1,11,0.0,3.2,1,1
2024-01-15T15:25:00.000000000Z,1.0946,london,monday,4.8,7.6,28,5,7.6,0.6,1,1
2024-01-15T15:26:00.000000000Z,1.09466,london,monday,4.2,8.2,28,4,8.2,0.0,1,1
2024-01-15T15:27:00.000000000Z,1.09448,london,monday,6.0,6.4,26,5,6.4,0.5,1,1
2024-01-15T15:28:00.000000000Z,1.09444,london,monday,6.4,6.0,23,5,6.0,0.9,1,1
2024-01-15T15:29:00.000000000Z,1.09453,london,monday,5.5,6.9,24,2,6.9,0.0,1,1
2024-01-15T15:30:00.000000000Z,1.0943,london,monday,7.8,4.6,20,6,4.6,0.0,1,1
2024-01-15T15:31:00.000000000Z,1.09424,london,monday,8.4,4.0,19,6,4.0,0.0,1,1
2024-01-15T15:32:00.000000000Z,1.09422,london,monday,8.6,3.8,18,5,3.8,0.0,1,1
2024-01-15T15:33:00.000000000Z,1.09417,london,monday,9.1,3.3,16,4,3.3,0.0,1,1
2024-01-15T15:34:00.000000000Z,1.09414,london,monday,9.4,3.0,15,3,3.0,0.0,1,1
2024-01-15T15:35:00.000000000Z,1.09409,london,monday,9.9,2.5,13,3,2.5,0.0,1,1
2024-01-15T15:36:00.000000000Z,1.094,london,monday,10.8,1.6,9,,1.6,0.0,1,0
2024-01-15T15:37:00.000000000Z,1.09387,london,monday,12.1,0.3,7,,0.3,0.0,1,0
2024-01-15T15:38:00.000000000Z,1.09384,london,monday,12.4,0.0,4,,0.0,0.0,1,0
2024-01-15T15:39:00.000000000Z,1.09386,london,monday,12.2,0.0,5,,0.0,0.0,1,0
2024-01-15T15:40:00.000000000Z,1.09393,london,monday,11.5,0.0,5,,0.0,0.0,1,0
2024-01-15T15:41:00.000000000Z,1.09394,london,monday,11.4,0.0,4,,0.0,0.0,1,0
2024-01-15T15:42:00.000000000Z,1.0941,london,monday,9.8,1.1,7,,1.1,0.0,1,0
2024-01-15T15:43:00.000000000Z,1.09399,london,monday,10.9,0.0,2,,0.0,0.0,1,0
2024-01-15T15:44:00.000000000Z,1.09414,london,monday,9.4,0.0,5,,0.0,0.0,1,0
2024-01-15T15:45:00.000000000Z,1.0943,london,monday,7.8,1.5,5,,1.5,0.0,1,0
2024-01-15T15:46:00.000000000Z,1.09415,london,monday,9.3,0.0,3,,0.0,0.0,1,0
2024-01-15T15:47:00.000000000Z,1.09423,london,monday,8.5,0.0,3,,0.0,0.0,1,0
2024-01-15T15:48:00.000000000Z,1.09434,london,monday,7.4,0.0,2,,0.0,0.0,1,0
2024-01-15T15:49:00.000000000Z,1.09444,london,monday,6.4,0.0,2,,0.0,0.0,1,0
2024-01-15T15:50:00.000000000Z,1.09469,london,monday,3.9,0.0,5,,0.0,0.0,1,0
2024-01-15T15:51:00.000000000Z,1.09472,london,monday,3.6,0.0,6,,0.0,0.0,1,0
2024-01-15T15:52:00.000000000Z,1.09472,london,monday,3.6,0.0,5,,0.0,0.0,1,0
2024-01-15T15:53:00.000000000Z,1.09486,london,monday,2.2,0.0,,,0.0,0.0,0,0
2024-01-15T15:54:00.000000000Z,1.09492,london,monday,1.6,0.2,,,0.0,0.0,0,0
2024-01-15T15:55:00.000000000Z,1.09494,london,monday,1.4,0.4,,,0.0,0.0,0,0
2024-01-15T15:56:00.000000000Z,1.0949,london,monday,1.8,0.0,,,0.0,0.0,0,0
2024-01-15T15:57:00.000000000Z,1.09502,london,monday,0.6,0.4,,,0.0,0.0,0,0
2024-01-15T15:58:00.000000000Z,1.09508,london,monday,0.0,1.0,,,0.0,0.0,0,0
2024-01-15T15:59:00.000000000Z,1.09498,london,monday,0.0,0.0,,,0.0,0.0,0,0
2024-09-02T08:00:00.000000000Z,1.10687,london,monday,8.5,5.2,2,51,0.0,8.5,1,1
2024-09-02T08:01:00.000000000Z,1.10687,london,monday,8.5,5.2,1,50,0.0,8.5,1,1
2024-09-02T08:02:00.000000000Z,1.1072,london,monday,5.2,8.5,11,47,0.0,5.2,1,1
2024-09-02T08:03:00.000000000Z,1.10738,london,monday,3.4,10.3,10,21,1.8,3.4,1,1
2024-09-02T08:04:00.000000000Z,1.1072,london,monday,5.2,8.5,9,45,0.0,5.2,1,1
2024-09-02T08:05:00.000000000Z,1.10724,london,monday,4.8,8.9,8,44,0.0,4.8,1,1
2024-09-02T08:06:00.000000000Z,1.10724,london,monday,4.8,8.9,7,43,0.0,4.8,1,1
2024-09-02T08:07:00.000000000Z,1.10728,london,monday,4.4,9.3,6,38,0.0,4.4,1,1
2024-09-02T08:08:00.000000000Z,1.10728,london,monday,4.4,9.3,5,37,0.0,4.4,1,1
2024-09-02T08:09:00.000000000Z,1.10729,london,monday,4.3,9.4,4,36,0.1,4.3,1,1
2024-09-02T08:10:00.000000000Z,1.10734,london,monday,3.8,9.9,3,27,0.6,3.8,1,1
2024-09-02T08:11:00.000000000Z,1.10728,london,monday,4.4,9.3,2,34,0.0,4.4,1,1
2024-09-02T08:12:00.000000000Z,1.10744,london,monday,2.8,10.9,1,11,0.0,2.8,1,1
2024-09-02T08:13:00.000000000Z,1.1077,london,monday,0.2,13.5,,9,0.0,0.2,0,1
2024-09-02T08:14:00.000000000Z,1.10764,london,monday,0.8,12.9,,9,0.0,0.8,0,1
2024-09-02T08:15:00.000000000Z,1.10752,london,monday,2.0,11.7,,8,0.0,2.0,0,1
2024-09-02T08:16:00.000000000Z,1.10752,london,monday,2.0,11.7,,7,0.0,2.0,0,1
2024-09-02T08:17:00.000000000Z,1.10756,london,monday,1.6,12.1,,6,0.0,1.6,0,1
2024-09-02T08:18:00.000000000Z,1.10754,london,monday,1.8,11.9,,5,0.0,1.8,0,1
2024-09-02T08:19:00.000000000Z,1.10772,london,monday,0.0,13.7,,3,0.0,0.0,0,1
2024-09-02T08:20:00.000000000Z,1.10752,london,monday,0.2,11.7,,3,0.0,0.2,0,1
2024-09-02T08:21:00.000000000Z,1.10754,london,monday,0.0,11.9,,2,0.0,0.0,0,1
2024-09-02T08:22:00.000000000Z,1.10742,london,monday,0.4,10.7,,1,0.0,0.0,0,1
2024-09-02T08:23:00.000000000Z,1.10715,london,monday,3.1,8.0,7,26,0.3,3.1,1,1
2024-09-02T08:24:00.000000000Z,1.10712,london,monday,3.4,7.7,6,25,0.0,3.4,1,1
2024-09-02T08:25:00.000000000Z,1.10726,london,monday,2.0,9.1,,24,0.0,2.0,0,1
2024-09-02T08:26:00.000000000Z,1.10732,london,monday,1.4,9.7,,19,0.0,1.4,0,1
2024-09-02T08:27:00.000000000Z,1.10724,london,monday,2.2,8.9,,22,0.0,2.2,0,1
2024-09-02T08:28:00.000000000Z,1.10722,london,monday,2.4,8.7,,21,0.0,2.4,0,1
2024-09-02T08:29:00.000000000Z,1.10722,london,monday,2.4,8.7,,20,0.0,2.4,0,1
2024-09-02T08:30:00.000000000Z,1.10746,london,monday,0.0,11.1,,5,0.0,0.0,0,1
2024-09-02T08:31:00.000000000Z,1.10728,london,monday,1.2,9.3,,14,0.0,1.2,0,1
2024-09-02T08:32:00.000000000Z,1.1073,london,monday,1.0,9.5,,13,0.0,1.0,0,1
2024-09-02T08:33:00.000000000Z,1.10724,london,monday,1.6,8.9,,16,0.0,1.6,0,1
2024-09-02T08:34:00.000000000Z,1.10738,london,monday,0.2,10.3,,3,0.0,0.0,0,1
2024-09-02T08:35:00.000000000Z,1.10718,london,monday,2.2,8.3,,14,0.0,2.2,0,1
2024-09-02T08:36:00.000000000Z,1.10721,london,monday,1.9,8.6,,13,0.0,1.9,0,1
2024-09-02T08:37:00.000000000Z,1.10709,london,monday,3.1,7.4,4,12,0.0,3.1,1,1
2024-09-02T08:38:00.000000000Z,1.10732,london,monday,0.8,9.7,,7,0.0,0.8,0,1
2024-09-02T08:39:00.000000000Z,1.10724,london,monday,1.6,8.9,,10,0.0,1.6,0,1
2024-09-02T08:40:00.000000000Z,1.10728,london,monday,1.2,9.3,,5,0.0,1.2,0,1
2024-09-02T08:41:00.000000000Z,1.1074,london,monday,0.0,10.5,,4,0.0,0.0,0,1
2024-09-02T08:42:00.000000000Z,1.1073,london,monday,0.0,9.5,,3,0.0,0.0,0,1
2024-09-02T08:43:00.000000000Z,1.10724,london,monday,0.0,8.9,,6,0.0,0.0,0,1
2024-09-02T08:44:00.000000000Z,1.1072,london,monday,0.3,8.5,,5,0.0,0.0,0,1
2024-09-02T08:45:00.000000000Z,1.10703,london,monday,2.0,6.8,,4,0.0,1.6,0,1
2024-09-02T08:46:00.000000000Z,1.10714,london,monday,0.9,7.9,,3,0.0,0.5,0,1
2024-09-02T08:47:00.000000000Z,1.10718,london,monday,0.5,8.3,,2,0.0,0.1,0,1
2024-09-02T08:48:00.000000000Z,1.10719,london,monday,0.4,8.4,,1,0.0,0.0,0,1
2024-09-02T08:49:00.000000000Z,1.10676,london,monday,4.7,4.6,45,3,4.1,0.0,1,1
2024-09-02T08:50:00.000000000Z,1.10674,london,monday,4.9,4.6,36,2,3.9,0.0,1,1
2024-09-02T08:51:00.000000000Z,1.10659,london,monday,6.4,3.1,34,98,2.4,6.4,1,1
2024-09-02T08:52:00.000000000Z,1.10649,london,monday,7.4,2.1,7,,0.5,0.0,1,0
2024-09-02T08:53:00.000000000Z,1.10644,london,monday,7.9,1.6,5,,0.0,0.0,1,0
2024-09-02T08:54:00.000000000Z,1.10649,london,monday,7.4,2.1,5,,0.0,0.0,1,0
2024-09-02T08:55:00.000000000Z,1.10659,london,monday,6.4,3.1,30,94,2.4,6.4,1,1
2024-09-02T08:56:00.000000000Z,1.1066,london,monday,6.3,3.2,29,9,2.5,1.6,1,1
2024-09-02T08:57:00.000000000Z,1.10664,london,monday,5.9,3.6,28,8,2.9,1.2,1,1
2024-09-02T08:58:00.000000000Z,1.10671,london,monday,5.2,4.3,28,7,3.6,0.5,1,1
2024-09-02T08:59:00.000000000Z,1.10676,london,monday,4.7,4.8,35,5,4.1,0.0,1,1
2024-09-02T09:00:00.000000000Z,1.1067,london,monday,5.3,4.2,26,5,3.5,0.0,1,1
2024-09-02T09:01:00.000000000Z,1.10669,london,monday,5.4,4.1,25,4,3.4,0.0,1,1
2024-09-02T09:02:00.000000000Z,1.10666,london,monday,5.7,3.8,24,3,3.1,0.0,1,1
2024-09-02T09:03:00.000000000Z,1.10663,london,monday,6.0,3.5,22,2,2.8,0.0,1,1
2024-09-02T09:04:00.000000000Z,1.1065,london,monday,7.3,2.2,19,,1.5,0.0,1,0
2024-09-02T09:05:00.000000000Z,1.10635,london,monday,8.8,0.7,1,,0.0,0.0,1,0
2024-09-02T09:06:00.000000000Z,1.1066,london,monday,6.3,4.0,19,83,1.8,6.3,1,1
2024-09-02T09:07:00.000000000Z,1.10668,london,monday,5.5,4.8,19,8,2.6,0.0,1,1
2024-09-02T09:08:00.000000000Z,1.10666,london,monday,5.7,4.7,18,80,2.4,5.7,1,1
2024-09-02T09:09:00.000000000Z,1.10668,london,monday,5.5,4.9,17,6,2.6,0.0,1,1
2024-09-02T09:10:00.000000000Z,1.10661,london,monday,6.2,4.2,15,79,1.9,6.2,1,1
2024-09-02T09:11:00.000000000Z,1.10661,london,monday,6.2,4.2,14,78,1.9,6.2,1,1
2024-09-02T09:12:00.000000000Z,1.10664,london,monday,5.9,4.5,13,76,2.2,5.9,1,1
2024-09-02T09:13:00.000000000Z,1.10657,london,monday,6.6,3.8,12,76,1.5,6.6,1,1
2024-09-02T09:14:00.000000000Z,1.1065,london,monday,7.3,3.1,9,92,0.8,7.3,1,1
2024-09-02T09:15:00.000000000Z,1.10642,london,monday,8.1,2.3,8,,0.0,0.0,1,0
2024-09-02T09:16:00.000000000Z,1.1065,london,monday,7.3,3.1,7,90,0.0,7.3,1,1
2024-09-02T09:17:00.000000000Z,1.10654,london,monday,6.9,3.5,8,73,0.0,6.9,1,1
2024-09-02T09:18:00.000000000Z,1.10656,london,monday,6.7,3.7,7,71,0.0,6.7,1,1
2024-09-02T09:19:00.000000000Z,1.10662,london,monday,6.1,4.3,6,70,0.0,6.1,1,1
2024-09-02T09:20:00.000000000Z,1.10664,london,monday,5.9,4.5,5,68,0.2,5.9,1,1
2024-09-02T09:21:00.000000000Z,1.10664,london,monday,5.9,4.5,4,67,0.2,5.9,1,1
2024-09-02T09:22:00.000000000Z,1.10662,london,monday,6.1,4.3,3,67,0.0,6.1,1,1
2024-09-02T09:23:00.000000000Z,1.10676,london,monday,4.7,5.7,11,64,0.6,4.7,1,1
2024-09-02T09:24:00.000000000Z,1.10675,london,monday,4.8,5.6,2,64,0.0,4.8,1,1
2024-09-02T09:25:00.000000000Z,1.1069,london,monday,3.3,7.1,10,62,2.0,3.3,1,1
2024-09-02T09:26:00.000000000Z,1.107,london,monday,2.3,8.1,,5,0.0,0.0,0,1
2024-09-02T09:27:00.000000000Z,1.10696,london,monday,2.7,7.7,8,4,2.6,0.0,1,1
2024-09-02T09:28:00.000000000Z,1.10694,london,monday,2.9,7.5,7,58,2.4,2.9,1,1
2024-09-02T09:29:00.000000000Z,1.10696,london,monday,2.7,7.7,6,2,2.6,0.0,1,1
2024-09-02T09:30:00.000000000Z,1.1068,london,monday,4.3,6.1,4,57,1.0,4.3,1,1
2024-09-02T09:31:00.000000000Z,1.1067,london,monday,5.3,5.1,2,57,0.0,5.3,1,1
2024-09-02T09:32:00.000000000Z,1.10674,london,monday,4.9,5.5,1,56,0.0,4.9,1,1
2024-09-02T09:33:00.000000000Z,1.107,london,monday,2.3,8.1,,52,0.0,2.3,0,1
2024-09-02T09:34:00.000000000Z,1.10708,london,monday,1.5,8.9,,15,0.0,1.5,0,1
2024-09-02T09:35:00.000000000Z,1.10723,london,monday,0.0,10.4,,7,0.0,0.0,0,1
2024-09-02T09:36:00.000000000Z,1.10704,london,monday,1.3,8.5,,17,0.0,1.3,0,1
2024-09-02T09:37:00.000000000Z,1.10717,london,monday,0.0,9.8,,9,0.0,0.0,0,1
2024-09-02T09:38:00.000000000Z,1.10708,london,monday,0.6,8.9,,11,0.0,0.6,0,1
2024-09-02T09:39:00.000000000Z,1.10714,london,monday,0.0,9.5,,10,0.0,0.0,0,1
2024-09-02T09:40:00.000000000Z,1.10714,london,monday,0.0,9.5,,9,0.0,0.0,0,1
2024-09-02T09:41:00.000000000Z,1.10709,london,monday,0.0,9.0,,8,0.0,0.0,0,1
2024-09-02T09:42:00.000000000Z,1.10696,london,monday,1.0,7.7,,43,0.0,1.0,0,1
2024-09-02T09:43:00.000000000Z,1.10696,london,monday,1.0,7.7,,42,0.0,1.0,0,1
2024-09-02T09:44:00.000000000Z,1.10706,london,monday,0.0,8.7,,9,0.0,0.0,0,1
2024-09-02T09:45:00.000000000Z,1.10695,london,monday,0.9,7.6,,40,0.0,0.9,0,1
2024-09-02T09:46:00.000000000Z,1.10692,london,monday,1.2,7.3,,40,0.0,1.2,0,1
2024-09-02T09:47:00.000000000Z,1.10704,london,monday,0.0,8.5,,6,0.0,0.0,0,1
2024-09-02T09:48:00.000000000Z,1.107,london,monday,0.2,8.1,,37,0.0,0.2,0,1
2024-09-02T09:49:00.000000000Z,1.10682,london,monday,2.0,6.3,,38,0.0,2.0,0,1
2024-09-02T09:50:00.000000000Z,1.10688,london,monday,1.4,6.9,,37,0.0,1.4,0,1
2024-09-02T09:51:00.000000000Z,1.10695,london,monday,0.7,7.6,,34,0.0,0.7,0,1
2024-09-02T09:52:00.000000000Z,1.10688,london,monday,1.4,6.9,,35,0.0,1.4,0,1
2024-09-02T09:53:00.000000000Z,1.10678,london,monday,2.4,5.9,,34,0.0,2.4,0,1
2024-09-02T09:54:00.000000000Z,1.10681,london,monday,2.1,6.2,,33,0.0,2.1,0,1
2024-09-02T09:55:00.000000000Z,1.10693,london,monday,0.9,8.1,,31,0.0,0.9,0,1
2024-09-02T09:56:00.000000000Z,1.10684,london,monday,1.8,7.2,,31,0.0,1.8,0,1
2024-09-02T09:57:00.000000000Z,1.1068,london,monday,2.2,6.8,,30,0.0,2.2,0,1
2024-09-02T09:58:00.000000000Z,1.10702,london,monday,0.0,9.0,,23,0.0,0.0,0,1
2024-09-02T09:59:00.000000000Z,1.10692,london,monday,0.8,8.0,,27,0.0,0.8,0,1
2024-09-02T10:00:00.000000000Z,1.10678,london,monday,2.2,6.6,,27,0.0,2.2,0,1
2024-09-02T10:01:00.000000000Z,1.10692,london,monday,0.8,8.0,,25,0.0,0.8,0,1
2024-09-02T10:02:00.000000000Z,1.10684,london,monday,1.6,7.2,,25,0.0,1.6,0,1
2024-09-02T10:03:00.000000000Z,1.1068,london,monday,2.0,6.8,,24,0.0,2.0,0,1
2024-09-02T10:04:00.000000000Z,1.1069,london,monday,1.0,7.8,,23,0.0,1.0,0,1
2024-09-02T10:05:00.000000000Z,1.10695,london,monday,0.5,8.3,,20,0.0,0.5,0,1
2024-09-02T10:06:00.000000000Z,1.10694,london,monday,0.6,8.2,,20,0.0,0.6,0,1
2024-09-02T10:07:00.000000000Z,1.10694,london,monday,0.6,8.2,,19,0.0,0.6,0,1
2024-09-02T10:08:00.000000000Z,1.10692,london,monday,0.8,8.0,,18,0.0,0.8,0,1
2024-09-02T10:09:00.000000000Z,1.10699,london,monday,0.1,8.7,,16,0.0,0.1,0,1
2024-09-02T10:10:00.000000000Z,1.10693,london,monday,0.7,8.1,,16,0.0,0.7,0,1
2024-09-02T10:11:00.000000000Z,1.107,london,monday,0.0,8.8,,14,0.0,0.0,0,1
2024-09-02T10:12:00.000000000Z,1.10696,london,monday,0.4,8.4,,13,0.0,0.4,0,1
2024-09-02T10:13:00.000000000Z,1.10696,london,monday,0.4,8.4,,12,0.0,0.4,0,1
2024-09-02T10:14:00.000000000Z,1.10691,london,monday,0.9,7.9,,12,0.0,0.9,0,1
2024-09-02T10:15:00.000000000Z,1.10693,london,monday,0.7,8.1,,11,0.0,0.7,0,1
2024-09-02T10:16:00.000000000Z,1.10691,london,monday,0.9,7.9,,10,0.0,0.9,0,1
2024-09-02T10:17:00.000000000Z,1.107,london,monday,0.0,9.8,,8,0.0,0.0,0,1
2024-09-02T10:18:00.000000000Z,1.10694,london,monday,0.0,9.3,,8,0.0,0.0,0,1
2024-09-02T10:19:00.000000000Z,1.10686,london,monday,0.0,8.8,,8,0.0,0.0,0,1
2024-09-02T10:20:00.000000000Z,1.1068,london,monday,0.6,8.2,,7,0.0,0.6,0,1
2024-09-02T10:21:00.000000000Z,1.10676,london,monday,1.0,7.8,,6,0.0,1.0,0,1
2024-09-02T10:22:00.000000000Z,1.10679,london,monday,0.7,8.1,,5,0.0,0.7,0,1
2024-09-02T10:23:00.000000000Z,1.10686,london,monday,0.0,8.8,,4,0.0,0.0,0,1
2024-09-02T10:24:00.000000000Z,1.10686,london,monday,0.0,8.8,,3,0.0,0.0,0,1
2024-09-02T10:25:00.000000000Z,1.1067,london,monday,1.5,7.2,,3,0.0,0.0,0,1
2024-09-02T10:26:00.000000000Z,1.10666,london,monday,1.9,6.8,,2,0.0,0.0,0,1
2024-09-02T10:27:00.000000000Z,1.1065,london,monday,3.5,5.2,7,19,2.2,3.5,1,1
2024-09-02T10:28:00.000000000Z,1.10638,london,monday,4.7,4.0,4,67,1.0,4.7,1,1
2024-09-02T10:29:00.000000000Z,1.1063,london,monday,5.5,3.2,3,88,0.2,5.5,1,1
2024-09-02T10:30:00.000000000Z,1.10628,london,monday,5.7,3.0,1,87,0.0,5.7,1,1
2024-09-02T10:31:00.000000000Z,1.10655,london,monday,3.0,6.1,3,15,0.0,3.0,1,1
2024-09-02T10:32:00.000000000Z,1.10663,london,monday,2.2,6.9,,11,0.0,2.2,0,1
2024-09-02T10:33:00.000000000Z,1.10672,london,monday,1.3,7.8,,9,0.0,1.3,0,1
2024-09-02T10:34:00.000000000Z,1.10685,london,monday,0.0,9.5,,7,0.0,0.0,0,1
2024-09-02T10:35:00.000000000Z,1.10681,london,monday,0.2,9.1,,6,0.0,0.1,0,1
2024-09-02T10:36:00.000000000Z,1.10682,london,monday,0.1,9.2,,5,0.0,0.0,0,1
2024-09-02T10:37:00.000000000Z,1.10682,london,monday,0.1,9.2,,4,0.0,0.0,0,1
2024-09-02T10:38:00.000000000Z,1.10677,london,monday,0.6,8.7,,3,0.0,0.0,0,1
2024-09-02T10:39:00.000000000Z,1.10675,london,monday,0.8,8.5,,3,0.0,0.0,0,1
2024-09-02T10:40:00.000000000Z,1.10666,london,monday,1.7,7.6,,2,0.0,0.0,0,1
2024-09-02T10:41:00.000000000Z,1.10652,london,monday,3.1,6.2,20,5,3.3,0.0,1,1
2024-09-02T10:42:00.000000000Z,1.1064,london,monday,4.3,5.0,17,53,2.1,4.3,1,1
2024-09-02T10:43:00.000000000Z,1.10632,london,monday,5.1,4.2,13,74,1.3,5.1,1,1
2024-09-02T10:44:00.000000000Z,1.10636,london,monday,4.7,4.6,13,73,1.7,4.7,1,1
2024-09-02T10:45:00.000000000Z,1.10636,london,monday,4.7,4.6,12,72,1.7,4.7,1,1
2024-09-02T10:46:00.000000000Z,1.1062,london,monday,6.3,3.0,9,85,0.1,6.3,1,1
2024-09-02T10:47:00.000000000Z,1.10626,london,monday,5.7,3.6,8,71,0.7,5.7,1,1
2024-09-02T10:48:00.000000000Z,1.10619,london,monday,6.4,2.9,7,83,0.0,6.4,1,1
2024-09-02T10:49:00.000000000Z,1.10626,london,monday,5.7,3.6,6,69,0.0,5.7,1,1
2024-09-02T10:50:00.000000000Z,1.10631,london,monday,5.2,4.1,6,67,0.1,5.2,1,1
2024-09-02T10:51:00.000000000Z,1.10636,london,monday,4.7,4.6,6,66,0.6,4.7,1,1
2024-09-02T10:52:00.000000000Z,1.10634,london,monday,4.9,4.4,5,65,0.4,4.9,1,1
2024-09-02T10:53:00.000000000Z,1.1063,london,monday,5.3,4.0,3,64,0.0,5.3,1,1
2024-09-02T10:54:00.000000000Z,1.10642,london,monday,4.1,5.2,6,41,0.0,4.1,1,1
2024-09-02T10:55:00.000000000Z,1.10654,london,monday,2.9,6.4,6,37,0.0,2.9,1,1
2024-09-02T10:56:00.000000000Z,1.10658,london,monday,2.5,6.8,8,35,0.0,2.5,1,1
2024-09-02T10:57:00.000000000Z,1.10662,london,monday,2.1,7.2,,34,0.0,2.1,0,1
2024-09-02T10:58:00.000000000Z,1.10665,london,monday,1.8,7.5,,33,0.0,1.8,0,1
2024-09-02T10:59:00.000000000Z,1.10666,london,monday,1.7,7.6,,32,0.0,1.7,0,1
2024-09-02T11:00:00.000000000Z,1.10674,london,monday,0.9,8.4,,14,0.0,0.9,0,1
2024-09-02T11:01:00.000000000Z,1.1068,london,monday,0.3,9.0,,11,0.0,0.3,0,1
2024-09-02T11:02:00.000000000Z,1.10678,london,monday,0.5,8.8,,10,0.0,0.5,0,1
2024-09-02T11:03:00.000000000Z,1.10672,london,monday,1.1,8.2,,27,0.0,1.1,0,1
2024-09-02T11:04:00.000000000Z,1.10683,london,monday,0.0,9.3,,7,0.0,0.0,0,1
2024-09-02T11:05:00.000000000Z,1.10674,london,monday,0.6,8.4,,9,0.0,0.4,0,1
2024-09-02T11:06:00.000000000Z,1.10678,london,monday,0.3,8.8,,6,0.0,0.0,0,1
2024-09-02T11:07:00.000000000Z,1.10674,london,monday,0.8,8.4,,7,0.0,0.0,0,1
2024-09-02T11:08:00.000000000Z,1.10667,london,monday,3.1,7.7,100,23,7.7,1.3,1,1
2024-09-02T11:09:00.000000000Z,1.10663,london,monday,4.1,7.3,99,22,7.3,1.7,1,1
2024-09-02T11:10:00.000000000Z,1.10664,london,monday,4.0,7.4,98,21,7.4,1.6,1,1
2024-09-02T11:11:00.000000000Z,1.10658,london,monday,5.0,6.8,97,20,6.8,2.2,1,1
2024-09-02T11:12:00.000000000Z,1.1065,london,monday,5.8,6.0,8,20,0.3,3.0,1,1
2024-09-02T11:13:00.000000000Z,1.1065,london,monday,5.8,6.0,7,19,0.3,3.0,1,1
2024-09-02T11:14:00.000000000Z,1.10647,london,monday,6.1,5.7,5,18,0.0,3.3,1,1
2024-09-02T11:15:00.000000000Z,1.10652,london,monday,5.6,6.2,5,17,0.0,2.8,1,1
2024-09-02T11:16:00.000000000Z,1.10672,london,monday,3.6,8.2,92,14,8.2,0.8,1,1
2024-09-02T11:17:00.000000000Z,1.10659,london,monday,4.9,6.9,91,14,6.9,2.1,1,1
2024-09-02T11:18:00.000000000Z,1.10667,london,monday,4.1,7.7,90,13,7.7,1.3,1,1
2024-09-02T11:19:00.000000000Z,1.10674,london,monday,3.4,8.4,90,11,8.4,0.6,1,1
2024-09-02T11:20:00.000000000Z,1.10679,london,monday,2.9,8.9,89,7,8.9,0.1,1,1
2024-09-02T11:21:00.000000000Z,1.10674,london,monday,3.4,8.4,88,9,8.4,0.6,1,1
2024-09-02T11:22:00.000000000Z,1.1068,london,monday,2.8,9.0,89,5,9.0,0.0,1,1
2024-09-02T11:23:00.000000000Z,1.10672,london,monday,3.6,8.2,85,7,8.2,0.1,1,1
2024-09-02T11:24:00.000000000Z,1.10673,london,monday,3.5,8.3,84,6,8.3,0.0,1,1
2024-09-02T11:25:00.000000000Z,1.10658,london,monday,5.2,6.8,83,6,6.8,0.0,1,1
2024-09-02T11:26:00.000000000Z,1.10657,london,monday,5.3,6.7,82,5,6.7,0.1,1,1
2024-09-02T11:27:00.000000000Z,1.10652,london,monday,5.8,6.2,79,5,6.2,0.6,1,1
2024-09-02T11:28:00.000000000Z,1.10658,london,monday,5.2,6.8,80,3,6.8,0.0,1,1
2024-09-02T11:29:00.000000000Z,1.10654,london,monday,5.6,6.4,77,3,6.4,0.0,1,1
2024-09-02T11:30:00.000000000Z,1.10643,london,monday,6.7,5.3,71,5,5.3,0.0,1,1
2024-09-02T11:31:00.000000000Z,1.10632,london,monday,7.8,4.2,69,26,4.2,1.6,1,1
2024-09-02T11:32:00.000000000Z,1.10622,london,monday,8.8,3.2,13,39,1.0,2.6,1,1
2024-09-02T11:33:00.000000000Z,1.10628,london,monday,8.2,3.8,67,24,3.8,2.0,1,1
2024-09-02T11:34:00.000000000Z,1.10624,london,monday,8.6,3.4,66,25,3.4,2.4,1,1
2024-09-02T11:35:00.000000000Z,1.10612,london,monday,9.8,2.2,9,,0.0,0.0,1,0
2024-09-02T11:36:00.000000000Z,1.10627,london,monday,8.3,3.7,64,21,3.7,2.1,1,1
2024-09-02T11:37:00.000000000Z,1.10634,london,monday,7.6,4.4,64,20,4.4,1.4,1,1
2024-09-02T11:38:00.000000000Z,1.10627,london,monday,8.3,3.7,62,19,3.7,2.1,1,1
2024-09-02T11:39:00.000000000Z,1.10628,london,monday,8.2,3.8,61,18,3.8,2.0,1,1
2024-09-02T11:40:00.000000000Z,1.10622,london,monday,8.8,3.2,5,31,0.2,2.6,1,1
2024-09-02T11:41:00.000000000Z,1.1062,london,monday,9.1,3.0,4,30,0.0,2.8,1,1
2024-09-02T11:42:00.000000000Z,1.10627,london,monday,8.4,3.7,58,15,3.7,2.1,1,1
2024-09-02T11:43:00.000000000Z,1.10634,london,monday,7.7,4.4,58,14,4.4,1.4,1,1
2024-09-02T11:44:00.000000000Z,1.10642,london,monday,6.9,5.2,57,8,5.2,0.6,1,1
2024-09-02T11:45:00.000000000Z,1.10648,london,monday,6.3,5.8,61,7,5.8,0.0,1,1
2024-09-02T11:46:00.000000000Z,1.10648,london,monday,6.3,5.8,60,6,5.8,0.0,1,1
2024-09-02T11:47:00.000000000Z,1.10642,london,monday,6.9,5.2,54,5,5.2,0.0,1,1
2024-09-02T11:48:00.000000000Z,1.10634,london,monday,7.7,4.4,53,9,4.4,0.4,1,1
2024-09-02T11:49:00.000000000Z,1.10637,london,monday,7.4,4.7,52,8,4.7,0.1,1,1
2024-09-02T11:50:00.000000000Z,1.10632,london,monday,7.9,4.2,50,7,4.2,0.6,1,1
2024-09-02T11:51:00.000000000Z,1.10626,london,monday,8.5,3.6,49,7,3.6,1.2,1,1
2024-09-02T11:52:00.000000000Z,1.10616,london,monday,9.5,2.6,45,22,2.6,2.2,1,1
2024-09-02T11:53:00.000000000Z,1.10629,london,monday,8.2,3.9,47,4,3.9,0.9,1,1
2024-09-02T11:54:00.000000000Z,1.10634,london,monday,7.7,4.4,47,3,4.4,0.4,1,1
2024-09-02T11:55:00.000000000Z,1.10638,london,monday,7.3,4.8,46,2,4.8,0.0,1,1
2024-09-02T11:56:00.000000000Z,1.10632,london,monday,7.9,4.2,44,1,4.2,0.0,1,1
2024-09-02T11:57:00.000000000Z,1.10602,london,monday,10.9,1.2,7,,0.4,0.0,1,0
2024-09-02T11:58:00.000000000Z,1.10601,london,monday,11.0,1.1,5,,0.3,0.0,1,0
2024-09-02T11:59:00.000000000Z,1.10598,london,monday,11.3,0.8,3,,0.0,0.0,1,0
2024-09-02T12:00:00.000000000Z,1.106,london,monday,11.1,1.0,3,,0.0,0.0,1,0
2024-09-02T12:01:00.000000000Z,1.10611,london,monday,10.0,2.1,3,,0.0,0.0,1,0
2024-09-02T12:02:00.000000000Z,1.10625,london,monday,8.6,3.5,38,9,3.5,1.1,1,1
2024-09-02T12:03:00.000000000Z,1.10626,london,monday,8.5,3.6,37,7,3.6,1.0,1,1
2024-09-02T12:04:00.000000000Z,1.10636,london,monday,7.5,4.6,37,6,4.6,0.0,1,1
2024-09-02T12:05:00.000000000Z,1.10632,london,monday,7.9,4.2,35,5,4.2,0.0,1,1
2024-09-02T12:06:00.000000000Z,1.10626,london,monday,8.5,3.6,34,4,3.6,0.0,1,1
2024-09-02T12:07:00.000000000Z,1.1062,london,monday,9.1,3.0,30,4,3.0,0.2,1,1
2024-09-02T12:08:00.000000000Z,1.10622,london,monday,8.9,3.2,29,3,3.2,0.0,1,1
2024-09-02T12:09:00.000000000Z,1.10612,london,monday,9.9,2.2,27,,2.2,0.0,1,0
2024-09-02T12:10:00.000000000Z,1.106,london,monday,11.1,1.0,24,,1.0,0.0,1,0
2024-09-02T12:11:00.000000000Z,1.10594,london,monday,11.7,0.4,9,,0.4,0.0,1,0
2024-09-02T12:12:00.000000000Z,1.106,london,monday,11.1,1.0,22,,1.0,0.0,1,0
2024-09-02T12:13:00.000000000Z,1.10594,london,monday,11.7,0.4,7,,0.4,0.0,1,0
2024-09-02T12:14:00.000000000Z,1.1059,london,monday,12.2,0.0,6,,0.0,0.0,1,0
2024-09-02T12:15:00.000000000Z,1.10611,london,monday,10.1,1.7,21,,1.7,0.0,1,0
2024-09-02T12:16:00.000000000Z,1.10612,london,monday,10.0,1.8,20,,1.8,0.0,1,0
2024-09-02T12:17:00.000000000Z,1.106,london,monday,11.2,0.6,17,,0.6,0.0,1,0
2024-09-02T12:18:00.000000000Z,1.10594,london,monday,11.8,0.0,2,,0.0,0.0,1,0
2024-09-02T12:19:00.000000000Z,1.10606,london,monday,10.6,0.0,17,,0.0,0.0,1,0
2024-09-02T12:20:00.000000000Z,1.10622,london,monday,9.0,1.6,17,,1.6,0.0,1,0
2024-09-02T12:21:00.000000000Z,1.10612,london,monday,10.0,0.6,15,,0.6,0.0,1,0
2024-09-02T12:22:00.000000000Z,1.1061,london,monday,10.2,0.4,14,,0.4,0.0,1,0
2024-09-02T12:23:00.000000000Z,1.10618,london,monday,9.4,1.2,14,,1.2,0.0,1,0
2024-09-02T12:24:00.000000000Z,1.1062,london,monday,9.2,1.4,13,,1.4,0.0,1,0
2024-09-02T12:25:00.000000000Z,1.10608,london,monday,10.4,0.2,11,,0.2,0.0,1,0
2024-09-02T12:26:00.000000000Z,1.10606,london,monday,10.6,0.0,10,,0.0,0.0,1,0
2024-09-02T12:27:00.000000000Z,1.1061,london,monday,10.2,0.0,9,,0.0,0.0,1,0
2024-09-02T12:28:00.000000000Z,1.10616,london,monday,9.6,0.5,9,,0.5,0.0,1,0
2024-09-02T12:29:00.000000000Z,1.10622,london,monday,9.0,1.1,8,,1.1,0.0,1,0
2024-09-02T12:30:00.000000000Z,1.10611,london,monday,10.1,0.0,6,,0.0,0.0,1,0
2024-09-02T12:31:00.000000000Z,1.10615,london,monday,9.7,0.0,6,,0.0,0.0,1,0
2024-09-02T12:32:00.000000000Z,1.10622,london,monday,9.0,0.0,5,,0.0,0.0,1,0
2024-09-02T12:33:00.000000000Z,1.10622,london,monday,9.0,0.0,4,,0.0,0.0,1,0
2024-09-02T12:34:00.000000000Z,1.10628,london,monday,8.4,0.6,6,,0.6,0.0,1,0
2024-09-02T12:35:00.000000000Z,1.10622,london,monday,9.0,0.0,2,,0.0,0.0,1,0
2024-09-02T12:36:00.000000000Z,1.10638,london,monday,7.4,0.0,5,,0.0,0.0,1,0
2024-09-02T12:37:00.000000000Z,1.10648,london,monday,6.4,0.4,9,,0.4,0.0,1,0
2024-09-02T12:38:00.000000000Z,1.10644,london,monday,6.8,0.0,4,,0.0,0.0,1,0
2024-09-02T12:39:00.000000000Z,1.10648,london,monday,6.4,0.0,7,,0.0,0.0,1,0
2024-09-02T12:40:00.000000000Z,1.10658,london,monday,5.4,0.9,8,,0.0,0.0,1,0
2024-09-02T12:41:00.000000000Z,1.10668,london,monday,4.4,2.7,7,100,0.5,4.4,1,1
2024-09-02T12:42:00.000000000Z,1.10671,london,monday,4.1,3.3,6,99,0.8,4.1,1,1
2024-09-02T12:43:00.000000000Z,1.10666,london,monday,4.6,3.1,5,98,0.3,4.6,1,1
2024-09-02T12:44:00.000000000Z,1.10663,london,monday,4.9,2.8,4,98,0.0,4.9,1,1
2024-09-02T12:45:00.000000000Z,1.10669,london,monday,4.3,3.4,3,96,0.0,4.3,1,1
2024-09-02T12:46:00.000000000Z,1.10681,london,monday,3.1,4.6,5,87,0.0,3.1,1,1
2024-09-02T12:47:00.000000000Z,1.10682,london,monday,3.0,4.7,4,86,0.0,3.0,1,1
2024-09-02T12:48:00.000000000Z,1.10698,london,monday,1.4,6.3,,8,0.0,1.0,0,1
2024-09-02T12:49:00.000000000Z,1.10704,london,monday,0.8,7.0,,6,0.0,0.4,0,1
2024-09-02T12:50:00.000000000Z,1.10702,london,monday,1.0,9.8,,5,0.0,0.6,0,1
2024-09-02T12:51:00.000000000Z,1.10708,london,monday,0.4,10.4,,3,0.0,0.0,0,1
2024-09-02T12:52:00.000000000Z,1.10694,london,monday,1.8,9.0,,22,0.0,1.6,0,1
2024-09-02T12:53:00.000000000Z,1.10689,london,monday,2.3,8.5,,80,0.0,2.3,0,1
2024-09-02T12:54:00.000000000Z,1.10682,london,monday,3.0,7.8,8,79,1.2,3.0,1,1
2024-09-02T12:55:00.000000000Z,1.10674,london,monday,3.8,7.0,5,79,0.4,3.8,1,1
2024-09-02T12:56:00.000000000Z,1.10671,london,monday,4.1,6.7,4,85,0.1,4.1,1,1
2024-09-02T12:57:00.000000000Z,1.10673,london,monday,3.9,6.9,3,84,0.3,3.9,1,1
2024-09-02T12:58:00.000000000Z,1.1067,london,monday,4.2,6.6,2,83,0.0,4.2,1,1
2024-09-02T12:59:00.000000000Z,1.1068,london,monday,3.2,7.6,2,74,0.0,3.2,1,1
2024-09-02T13:00:00.000000000Z,1.10704,london,monday,0.8,10.0,,14,0.0,0.6,0,1
2024-09-02T13:01:00.000000000Z,1.10706,london,monday,0.6,10.2,,10,0.0,0.4,0,1
2024-09-02T13:02:00.000000000Z,1.10708,london,monday,0.4,10.4,,8,0.0,0.2,0,1
2024-09-02T13:03:00.000000000Z,1.10694,london,monday,1.8,9.0,,11,0.0,1.6,0,1
2024-09-02T13:04:00.000000000Z,1.10698,london,monday,1.4,9.4,,10,0.0,1.2,0,1
2024-09-02T13:05:00.000000000Z,1.1071,london,monday,0.2,10.6,,4,0.0,0.0,0,1
2024-09-02T13:06:00.000000000Z,1.10692,london,monday,2.0,8.8,,8,0.0,1.0,0,1
2024-09-02T13:07:00.000000000Z,1.10694,london,monday,1.8,9.0,,7,0.0,0.8,0,1
2024-09-02T13:08:00.000000000Z,1.10702,london,monday,1.0,9.8,,6,0.0,0.0,0,1
2024-09-02T13:09:00.000000000Z,1.10685,london,monday,2.7,8.1,12,64,1.9,2.7,1,1
2024-09-02T13:10:00.000000000Z,1.10681,london,monday,3.1,7.7,11,63,1.5,3.1,1,1
2024-09-02T13:11:00.000000000Z,1.1068,london,monday,3.2,7.6,10,62,1.4,3.2,1,1
2024-09-02T13:12:00.000000000Z,1.10691,london,monday,2.1,8.7,,2,0.0,0.0,0,1
2024-09-02T13:13:00.000000000Z,1.10681,london,monday,3.1,7.7,8,60,1.5,3.1,1,1
2024-09-02T13:14:00.000000000Z,1.10666,london,monday,4.6,6.2,4,67,0.0,4.6,1,1
2024-09-02T13:15:00.000000000Z,1.10686,london,monday,2.6,8.2,6,58,0.5,2.6,1,1
2024-09-02T13:16:00.000000000Z,1.10681,london,monday,3.1,7.7,5,57,0.0,3.1,1,1
2024-09-02T13:17:00.000000000Z,1.10682,london,monday,3.0,7.8,4,56,0.0,3.0,1,1
2024-09-02T13:18:00.000000000Z,1.10691,london,monday,2.1,8.7,,55,0.0,2.1,0,1
2024-09-02T13:19:00.000000000Z,1.10694,london,monday,1.8,9.0,,9,0.0,1.7,0,1
2024-09-02T13:20:00.000000000Z,1.10702,london,monday,1.0,9.8,,8,0.0,0.9,0,1
2024-09-02T13:21:00.000000000Z,1.10711,london,monday,0.1,10.7,,7,0.0,0.0,0,1
2024-09-02T13:22:00.000000000Z,1.10704,london,monday,0.8,10.0,,6,0.0,0.0,0,1
2024-09-02T13:23:00.000000000Z,1.107,london,monday,1.2,9.6,,5,0.0,0.0,0,1
2024-09-02T13:24:00.000000000Z,1.10696,london,monday,1.6,9.2,,4,0.0,0.2,0,1
2024-09-02T13:25:00.000000000Z,1.10695,london,monday,1.7,9.1,,3,0.0,0.3,0,1
2024-09-02T13:26:00.000000000Z,1.10698,london,monday,1.4,9.4,,2,0.0,0.0,0,1
2024-09-02T13:27:00.000000000Z,1.10691,london,monday,2.1,8.7,,46,0.0,2.1,0,1
2024-09-02T13:28:00.000000000Z,1.10667,london,monday,4.5,6.3,2,53,0.0,4.5,1,1
2024-09-02T13:29:00.000000000Z,1.10691,london,monday,2.1,8.7,,44,0.0,2.1,0,1
2024-09-02T13:30:00.000000000Z,1.107,london,monday,1.2,9.6,,3,0.0,0.0,0,1
2024-09-02T13:31:00.000000000Z,1.10694,london,monday,1.8,9.0,,42,0.0,1.8,0,1
2024-09-02T13:32:00.000000000Z,1.10686,london,monday,2.6,8.2,22,41,1.6,2.6,1,1
2024-09-02T13:33:00.000000000Z,1.10674,london,monday,3.8,7.0,7,41,0.0,3.8,1,1
2024-09-02T13:34:00.000000000Z,1.10677,london,monday,3.5,7.3,7,39,0.0,3.5,1,1
2024-09-02T13:35:00.000000000Z,1.10684,london,monday,2.8,8.0,19,38,1.4,2.8,1,1
2024-09-02T13:36:00.000000000Z,1.10688,london,monday,2.4,8.4,,37,0.0,2.4,0,1
2024-09-02T13:37:00.000000000Z,1.10685,london,monday,2.7,8.1,17,36,1.5,2.7,1,1
2024-09-02T13:38:00.000000000Z,1.10686,london,monday,2.6,8.2,16,35,1.6,2.6,1,1
2024-09-02T13:39:00.000000000Z,1.10699,london,monday,1.3,9.5,,12,0.0,0.6,0,1
2024-09-02T13:40:00.000000000Z,1.10702,london,monday,1.0,9.8,,11,0.0,0.3,0,1
2024-09-02T13:41:00.000000000Z,1.10705,london,monday,0.7,10.1,,8,0.0,0.0,0,1
2024-09-02T13:42:00.000000000Z,1.10704,london,monday,0.8,10.0,,9,0.0,0.0,0,1
2024-09-02T13:43:00.000000000Z,1.10704,london,monday,0.8,10.0,,8,0.0,0.0,0,1
2024-09-02T13:44:00.000000000Z,1.10704,london,monday,0.8,10.0,,7,0.0,0.0,0,1
2024-09-02T13:45:00.000000000Z,1.107,london,monday,1.2,9.6,,6,0.0,0.1,0,1
2024-09-02T13:46:00.000000000Z,1.10701,london,monday,1.1,9.7,,5,0.0,0.0,0,1
2024-09-02T13:47:00.000000000Z,1.10683,london,monday,2.9,7.9,7,26,1.3,2.9,1,1
2024-09-02T13:48:00.000000000Z,1.10685,london,monday,2.7,8.1,6,25,1.5,2.7,1,1
2024-09-02T13:49:00.000000000Z,1.1068,london,monday,3.2,7.6,5,24,1.0,3.2,1,1
2024-09-02T13:50:00.000000000Z,1.10685,london,monday,2.7,8.1,4,23,1.5,2.7,1,1
2024-09-02T13:51:00.000000000Z,1.1067,london,monday,4.2,6.6,2,30,0.0,4.2,1,1
2024-09-02T13:52:00.000000000Z,1.10682,london,monday,3.0,7.8,2,21,0.0,3.0,1,1
2024-09-02T13:53:00.000000000Z,1.10696,london,monday,1.6,9.2,,20,0.0,1.6,0,1
2024-09-02T13:54:00.000000000Z,1.10712,london,monday,0.0,10.8,,4,0.0,0.0,0,1
2024-09-02T13:55:00.000000000Z,1.10695,london,monday,1.5,9.1,,18,0.0,0.5,0,1
2024-09-02T13:56:00.000000000Z,1.1069,london,monday,2.0,8.6,,17,0.0,1.0,0,1
2024-09-02T13:57:00.000000000Z,1.10692,london,monday,1.8,8.8,,16,0.0,0.8,0,1
2024-09-02T13:58:00.000000000Z,1.10684,london,monday,2.6,8.0,59,15,8.0,1.6,1,1
2024-09-02T13:59:00.000000000Z,1.10678,london,monday,3.2,7.4,58,14,7.4,2.2,1,1
2024-09-02T14:00:00.000000000Z,1.10693,london,monday,1.7,8.9,,13,0.0,0.7,0,1
2024-09-02T14:01:00.000000000Z,1.10695,london,monday,1.5,9.1,,12,0.0,0.5,0,1
2024-09-02T14:02:00.000000000Z,1.10692,london,monday,1.8,8.8,,11,0.0,0.8,0,1
2024-09-02T14:03:00.000000000Z,1.10698,london,monday,1.2,9.4,,10,0.0,0.2,0,1
2024-09-02T14:04:00.000000000Z,1.10698,london,monday,1.2,9.4,,9,0.0,0.2,0,1
2024-09-02T14:05:00.000000000Z,1.107,london,monday,1.0,9.6,,8,0.0,0.0,0,1
2024-09-02T14:06:00.000000000Z,1.10696,london,monday,1.4,9.2,,7,0.0,0.2,0,1
2024-09-02T14:07:00.000000000Z,1.10692,london,monday,1.8,8.8,,6,0.0,0.6,0,1
2024-09-02T14:08:00.000000000Z,1.1068,london,monday,3.0,7.6,49,5,7.6,1.8,1,1
2024-09-02T14:09:00.000000000Z,1.10698,london,monday,1.2,9.4,,4,0.0,0.0,0,1
2024-09-02T14:10:00.000000000Z,1.10692,london,monday,1.8,8.8,,3,0.0,0.0,0,1
2024-09-02T14:11:00.000000000Z,1.10678,london,monday,3.2,7.4,46,2,7.4,0.0,1,1
2024-09-02T14:12:00.000000000Z,1.10678,london,monday,3.2,7.4,45,1,7.4,0.0,1,1
2024-09-02T14:13:00.000000000Z,1.10652,london,monday,5.8,4.8,31,17,4.8,1.4,1,1
2024-09-02T14:14:00.000000000Z,1.10649,london,monday,6.1,4.5,30,16,4.5,1.7,1,1
2024-09-02T14:15:00.000000000Z,1.10662,london,monday,4.8,5.8,29,8,5.8,0.4,1,1
2024-09-02T14:16:00.000000000Z,1.10662,london,monday,4.8,5.8,28,7,5.8,0.4,1,1
2024-09-02T14:17:00.000000000Z,1.10666,london,monday,4.4,6.2,28,4,6.2,0.0,1,1
2024-09-02T14:18:00.000000000Z,1.10658,london,monday,5.2,5.4,26,12,5.4,0.2,1,1
2024-09-02T14:19:00.000000000Z,1.10658,london,monday,5.2,5.4,25,11,5.4,0.2,1,1
2024-09-02T14:20:00.000000000Z,1.1066,london,monday,5.0,5.6,24,3,5.6,0.0,1,1
2024-09-02T14:21:00.000000000Z,1.10641,london,monday,6.9,3.7,22,9,3.7,0.4,1,1
2024-09-02T14:22:00.000000000Z,1.10638,london,monday,7.2,3.4,20,8,3.4,0.7,1,1
2024-09-02T14:23:00.000000000Z,1.10635,london,monday,7.5,3.1,19,7,3.1,1.0,1,1
2024-09-02T14:24:00.000000000Z,1.10639,london,monday,7.1,3.5,18,6,3.5,0.6,1,1
2024-09-02T14:25:00.000000000Z,1.1064,london,monday,7.0,3.6,18,5,3.6,0.5,1,1
2024-09-02T14:26:00.000000000Z,1.10645,london,monday,6.5,4.1,17,4,4.1,0.0,1,1
2024-09-02T14:27:00.000000000Z,1.10641,london,monday,6.9,3.7,16,3,3.7,0.0,1,1
2024-09-02T14:28:00.000000000Z,1.10636,london,monday,7.4,3.2,14,2,3.2,0.0,1,1
2024-09-02T14:29:00.000000000Z,1.10634,london,monday,7.6,3.0,13,1,3.0,0.0,1,1
2024-09-02T14:30:00.000000000Z,1.10604,london,monday,10.6,0.0,5,,0.0,0.0,1,0
2024-09-02T14:31:00.000000000Z,1.10612,london,monday,9.8,0.0,8,,0.0,0.0,1,0
2024-09-02T14:32:00.000000000Z,1.10619,london,monday,9.1,0.7,7,,0.7,0.0,1,0
2024-09-02T14:33:00.000000000Z,1.10612,london,monday,9.8,0.0,6,,0.0,0.0,1,0
2024-09-02T14:34:00.000000000Z,1.10614,london,monday,9.6,0.0,5,,0.0,0.0,1,0
2024-09-02T14:35:00.000000000Z,1.10631,london,monday,7.9,0.0,7,,0.0,0.0,1,0
2024-09-02T14:36:00.000000000Z,1.10632,london,monday,7.8,0.0,6,,0.0,0.0,1,0
2024-09-02T14:37:00.000000000Z,1.10636,london,monday,7.4,0.0,5,,0.0,0.0,1,0
2024-09-02T14:38:00.000000000Z,1.10636,london,monday,7.4,0.0,4,,0.0,0.0,1,0
2024-09-02T14:39:00.000000000Z,1.10644,london,monday,6.6,0.3,4,,0.3,0.0,1,0
2024-09-02T14:40:00.000000000Z,1.10641,london,monday,6.9,0.0,3,,0.0,0.0,1,0
2024-09-02T14:41:00.000000000Z,1.10648,london,monday,6.2,0.6,3,,0.0,0.0,1,0
2024-09-02T14:42:00.000000000Z,1.10664,london,monday,4.6,2.2,3,,0.0,0.0,1,0
2024-09-02T14:43:00.000000000Z,1.10672,london,monday,3.8,3.0,12,37,1.1,3.8,1,1
2024-09-02T14:44:00.000000000Z,1.10688,london,monday,2.2,4.6,,5,0.0,0.8,0,1
2024-09-02T14:45:00.000000000Z,1.10692,london,monday,1.8,5.0,,4,0.0,0.4,0,1
2024-09-02T14:46:00.000000000Z,1.10696,london,monday,1.4,5.4,,3,0.0,0.0,0,1
2024-09-02T14:47:00.000000000Z,1.10682,london,monday,2.8,4.0,10,31,2.1,2.8,1,1
2024-09-02T14:48:00.000000000Z,1.10672,london,monday,3.8,3.0,7,32,1.1,3.8,1,1
2024-09-02T14:49:00.000000000Z,1.10661,london,monday,4.9,1.9,5,,0.0,0.0,1,0
2024-09-02T14:50:00.000000000Z,1.10664,london,monday,4.6,2.2,4,,0.0,0.0,1,0
2024-09-02T14:51:00.000000000Z,1.10676,london,monday,3.4,3.4,4,28,0.2,3.4,1,1
2024-09-02T14:52:00.000000000Z,1.10674,london,monday,3.6,3.2,3,27,0.0,3.6,1,1
2024-09-02T14:53:00.000000000Z,1.10686,london,monday,2.4,4.4,,25,0.0,2.4,0,1
2024-09-02T14:54:00.000000000Z,1.1069,london,monday,2.0,4.8,,23,0.0,2.0,0,1
2024-09-02T14:55:00.000000000Z,1.10701,london,monday,0.9,5.9,,20,0.0,0.9,0,1
2024-09-02T14:56:00.000000000Z,1.10692,london,monday,1.8,5.0,,21,0.0,1.8,0,1
2024-09-02T14:57:00.000000000Z,1.1071,london,monday,0.0,6.8,,18,0.0,0.0,0,1
2024-09-02T14:58:00.000000000Z,1.10691,london,monday,1.7,4.9,,19,0.0,1.7,0,1
2024-09-02T14:59:00.000000000Z,1.1069,london,monday,1.8,4.8,,18,0.0,1.8,0,1
2024-09-02T15:00:00.000000000Z,1.10691,london,monday,1.7,4.9,,17,0.0,1.7,0,1
2024-09-02T15:01:00.000000000Z,1.1069,london,monday,1.8,4.8,,16,0.0,1.8,0,1
2024-09-02T15:02:00.000000000Z,1.10706,london,monday,0.2,6.4,,13,0.0,0.2,0,1
2024-09-02T15:03:00.000000000Z,1.10692,london,monday,1.6,5.0,,14,0.0,1.6,0,1
2024-09-02T15:04:00.000000000Z,1.1069,london,monday,1.8,4.8,,13,0.0,1.8,0,1
2024-09-02T15:05:00.000000000Z,1.10693,london,monday,1.5,5.1,,12,0.0,1.5,0,1
2024-09-02T15:06:00.000000000Z,1.1069,london,monday,1.8,4.8,,11,0.0,1.8,0,1
2024-09-02T15:07:00.000000000Z,1.10702,london,monday,0.6,6.0,,8,0.0,0.6,0,1
2024-09-02T15:08:00.000000000Z,1.10701,london,monday,0.7,5.9,,7,0.0,0.7,0,1
2024-09-02T15:09:00.000000000Z,1.10705,london,monday,0.3,6.3,,6,0.0,0.3,0,1
2024-09-02T15:10:00.000000000Z,1.10698,london,monday,1.0,5.6,,5,0.0,1.0,0,1
2024-09-02T15:11:00.000000000Z,1.107,london,monday,0.8,5.8,,4,0.0,0.8,0,1
2024-09-02T15:12:00.000000000Z,1.10708,london,monday,0.0,6.6,,3,0.0,0.0,0,1
2024-09-02T15:13:00.000000000Z,1.10699,london,monday,0.0,5.7,,2,0.0,0.0,0,1
2024-09-02T15:14:00.000000000Z,1.10686,london,monday,0.4,4.4,,4,0.0,0.0,0,1
2024-09-02T15:15:00.000000000Z,1.10673,london,monday,1.7,3.1,,4,0.0,0.0,0,1
2024-09-02T15:16:00.000000000Z,1.10668,london,monday,2.2,2.6,,4,0.0,0.0,0,1
2024-09-02T15:17:00.000000000Z,1.10662,london,monday,2.8,2.0,22,,2.0,0.0,1,0
2024-09-02T15:18:00.000000000Z,1.10652,london,monday,3.8,1.0,14,,1.0,0.0,1,0
2024-09-02T15:19:00.000000000Z,1.10648,london,monday,4.2,0.6,9,,0.6,0.0,1,0
2024-09-02T15:20:00.000000000Z,1.10642,london,monday,4.8,0.0,7,,0.0,0.0,1,0
2024-09-02T15:21:00.000000000Z,1.10647,london,monday,4.3,0.0,7,,0.0,0.0,1,0
2024-09-02T15:22:00.000000000Z,1.10651,london,monday,3.9,0.4,10,,0.4,0.0,1,0
2024-09-02T15:23:00.000000000Z,1.10647,london,monday,4.3,0.0,5,,0.0,0.0,1,0
2024-09-02T15:24:00.000000000Z,1.10648,london,monday,4.2,0.0,4,,0.0,0.0,1,0
2024-09-02T15:25:00.000000000Z,1.10652,london,monday,3.8,0.0,7,,0.0,0.0,1,0
2024-09-02T15:26:00.000000000Z,1.10666,london,monday,2.4,0.0,,,0.0,0.0,0,0
2024-09-02T15:27:00.000000000Z,1.10667,london,monday,2.3,0.1,,,0.0,0.0,0,0
2024-09-02T15:28:00.000000000Z,1.10674,london,monday,1.6,0.8,,,0.0,0.0,0,0
2024-09-02T15:29:00.000000000Z,1.10666,london,monday,2.4,0.0,,,0.0,0.0,0,0
2024-09-02T15:30:00.000000000Z,1.10672,london,monday,1.8,0.0,,,0.0,0.0,0,0
2024-09-02T15:31:00.000000000Z,1.10672,london,monday,1.8,0.0,,,0.0,0.0,0,0
2024-09-02T15:32:00.000000000Z,1.10677,london,monday,1.3,0.5,,,0.0,0.0,0,0
2024-09-02T15:33:00.000000000Z,1.10672,london,monday,1.8,0.0,,,0.0,0.0,0,0
2024-09-02T15:34:00.000000000Z,1.10675,london,monday,1.5,0.2,,,0.0,0.0,0,0
2024-09-02T15:35:00.000000000Z,1.10673,london,monday,1.7,0.0,,,0.0,0.0,0,0
2024-09-02T15:36:00.000000000Z,1.1068,london,monday,1.0,0.4,,,0.0,0.0,0,0
2024-09-02T15:37:00.000000000Z,1.10677,london,monday,1.3,0.1,,,0.0,0.0,0,0
2024-09-02T15:38:00.000000000Z,1.10681,london,monday,0.9,0.5,,,0.0,0.0,0,0
2024-09-02T15:39:00.000000000Z,1.10688,london,monday,0.2,1.2,,,0.0,0.0,0,0
2024-09-02T15:40:00.000000000Z,1.10682,london,monday,0.8,0.6,,,0.0,0.0,0,0
2024-09-02T15:41:00.000000000Z,1.1068,london,monday,1.0,0.4,,,0.0,0.0,0,0
2024-09-02T15:42:00.000000000Z,1.1068,london,monday,1.0,0.4,,,0.0,0.0,0,0
2024-09-02T15:43:00.000000000Z,1.10682,london,monday,0.8,0.6,,,0.0,0.0,0,0
2024-09-02T15:44:00.000000000Z,1.1068,london,monday,1.0,0.4,,,0.0,0.0,0,0
2024-09-02T15:45:00.000000000Z,1.10676,london,monday,1.4,0.0,,,0.0,0.0,0,0
2024-09-02T15:46:00.000000000Z,1.10683,london,monday,0.7,0.4,,,0.0,0.0,0,0
2024-09-02T15:47:00.000000000Z,1.10686,london,monday,0.4,0.7,,,0.0,0.0,0,0
2024-09-02T15:48:00.000000000Z,1.10684,london,monday,0.6,0.5,,,0.0,0.0,0,0
2024-09-02T15:49:00.000000000Z,1.10686,london,monday,0.4,0.7,,,0.0,0.0,0,0
2024-09-02T15:50:00.000000000Z,1.10686,london,monday,0.4,0.7,,,0.0,0.0,0,0
2024-09-02T15:51:00.000000000Z,1.10685,london,monday,0.5,0.6,,,0.0,0.0,0,0
2024-09-02T15:52:00.000000000Z,1.1069,london,monday,0.0,1.1,,,0.0,0.0,0,0
2024-09-02T15:53:00.000000000Z,1.10686,london,monday,0.0,0.7,,,0.0,0.0,0,0
2024-09-02T15:54:00.000000000Z,1.10686,london,monday,0.0,0.7,,,0.0,0.0,0,0
2024-09-02T15:55:00.000000000Z,1.10684,london,monday,0.2,0.5,,,0.0,0.0,0,0
2024-09-02T15:56:00.000000000Z,1.1068,london,monday,0.6,0.1,,,0.0,0.0,0,0
2024-09-02T15:57:00.000000000Z,1.10682,london,monday,0.4,0.3,,,0.0,0.0,0,0
2024-09-02T15:58:00.000000000Z,1.10686,london,monday,0.0,0.7,,,0.0,0.0,0,0
2024-09-02T15:59:00.000000000Z,1.10679,london,monday,0.0,0.0,,,0.0,0.0,0,0
2024-09-09T08:00:00.000000000Z,1.10602,london,monday,2.0,14.0,,9,0.0,2.0,0,1
2024-09-09T08:01:00.000000000Z,1.10614,london,monday,0.8,15.2,,8,0.0,0.8,0,1
2024-09-09T08:02:00.000000000Z,1.10622,london,monday,0.0,16.0,,6,0.0,0.0,0,1
2024-09-09T08:03:00.000000000Z,1.10602,london,monday,1.4,14.0,,6,0.0,1.4,0,1
2024-09-09T08:04:00.000000000Z,1.10612,london,monday,0.4,15.0,,5,0.0,0.4,0,1
2024-09-09T08:05:00.000000000Z,1.10616,london,monday,0.0,15.4,,4,0.0,0.0,0,1
2024-09-09T08:06:00.000000000Z,1.1061,london,monday,0.0,14.8,,3,0.0,0.0,0,1
2024-09-09T08:07:00.000000000Z,1.10603,london,monday,0.0,14.1,,2,0.0,0.0,0,1
2024-09-09T08:08:00.000000000Z,1.10592,london,monday,0.0,13.0,,2,0.0,0.0,0,1
2024-09-09T08:09:00.000000000Z,1.10577,london,monday,0.7,11.5,,2,0.0,0.0,0,1
2024-09-09T08:10:00.000000000Z,1.1056,london,monday,2.4,9.8,,6,0.0,0.0,0,1
2024-09-09T08:11:00.000000000Z,1.10551,london,monday,3.3,8.9,92,5,8.9,0.4,1,1
2024-09-09T08:12:00.000000000Z,1.10552,london,monday,3.2,9.0,94,4,9.0,0.3,1,1
2024-09-09T08:13:00.000000000Z,1.10555,london,monday,2.9,9.3,93,3,9.3,0.0,1,1
2024-09-09T08:14:00.000000000Z,1.10554,london,monday,3.0,9.2,92,2,9.2,0.0,1,1
2024-09-09T08:15:00.000000000Z,1.10535,london,monday,4.9,7.3,87,4,7.3,0.0,1,1
2024-09-09T08:16:00.000000000Z,1.1052,london,monday,6.4,5.8,74,5,5.8,0.6,1,1
2024-09-09T08:17:00.000000000Z,1.10524,london,monday,6.0,6.2,76,4,6.2,0.2,1,1
2024-09-09T08:18:00.000000000Z,1.10526,london,monday,5.8,6.4,75,3,6.4,0.0,1,1
2024-09-09T08:19:00.000000000Z,1.10507,london,monday,7.7,4.5,53,3,4.5,0.0,1,1
2024-09-09T08:20:00.000000000Z,1.10506,london,monday,7.8,4.4,52,2,4.4,0.0,1,1
2024-09-09T08:21:00.000000000Z,1.10492,london,monday,9.2,3.0,48,2,3.0,0.0,1,1
2024-09-09T08:22:00.000000000Z,1.10471,london,monday,11.3,0.9,26,,0.5,0.0,1,0
2024-09-09T08:23:00.000000000Z,1.10466,london,monday,11.8,0.4,13,,0.0,0.0,1,0
2024-09-09T08:24:00.000000000Z,1.10466,london,monday,11.8,0.4,12,,0.0,0.0,1,0
2024-09-09T08:25:00.000000000Z,1.10471,london,monday,11.3,0.9,23,,0.1,0.0,1,0
2024-09-09T08:26:00.000000000Z,1.1047,london,monday,11.4,0.8,22,,0.0,0.0,1,0
2024-09-09T08:27:00.000000000Z,1.10484,london,monday,10.0,2.2,42,,2.2,0.0,1,0
2024-09-09T08:28:00.000000000Z,1.10476,london,monday,10.8,1.4,20,,0.0,0.0,1,0
2024-09-09T08:29:00.000000000Z,1.10482,london,monday,10.2,2.0,20,,0.4,0.0,1,0
2024-09-09T08:30:00.000000000Z,1.10478,london,monday,10.6,1.6,18,,0.0,0.0,1,0
2024-09-09T08:31:00.000000000Z,1.10478,london,monday,10.6,1.6,17,,0.0,0.0,1,0
2024-09-09T08:32:00.000000000Z,1.10478,london,monday,10.6,1.6,16,,0.0,0.0,1,0
2024-09-09T08:33:00.000000000Z,1.10482,london,monday,10.2,2.0,16,,0.4,0.0,1,0
2024-09-09T08:34:00.000000000Z,1.10486,london,monday,9.8,2.4,35,,2.4,0.0,1,0
2024-09-09T08:35:00.000000000Z,1.10484,london,monday,10.0,2.2,34,,2.2,0.0,1,0
2024-09-09T08:36:00.000000000Z,1.10493,london,monday,9.1,3.1,33,24,3.1,1.5,1,1
2024-09-09T08:37:00.000000000Z,1.10489,london,monday,9.5,2.7,32,23,2.7,1.9,1,1
2024-09-09T08:38:00.000000000Z,1.10481,london,monday,10.3,1.9,11,,0.3,0.0,1,0
2024-09-09T08:39:00.000000000Z,1.10479,london,monday,10.5,1.9,9,,0.1,0.0,1,0
2024-09-09T08:40:00.000000000Z,1.10479,london,monday,10.5,2.1,8,,0.1,0.0,1,0
2024-09-09T08:41:00.000000000Z,1.1048,london,monday,10.4,3.8,8,100,0.2,10.4,1,1
2024-09-09T08:42:00.000000000Z,1.10478,london,monday,10.6,4.1,6,99,0.0,10.6,1,1
2024-09-09T08:43:00.000000000Z,1.10484,london,monday,10.0,4.7,26,97,2.2,10.0,1,1
2024-09-09T08:44:00.000000000Z,1.10486,london,monday,9.8,4.9,25,95,2.4,9.8,1,1
2024-09-09T08:45:00.000000000Z,1.10484,london,monday,10.0,4.7,24,95,2.2,10.0,1,1
2024-09-09T08:46:00.000000000Z,1.10494,london,monday,9.0,5.8,24,14,3.2,1.4,1,1
2024-09-09T08:47:00.000000000Z,1.10492,london,monday,9.2,7.0,22,13,3.0,1.6,1,1
2024-09-09T08:48:00.000000000Z,1.10504,london,monday,8.0,8.2,22,10,4.2,0.4,1,1
2024-09-09T08:49:00.000000000Z,1.10508,london,monday,7.6,8.6,23,9,4.6,0.0,1,1
2024-09-09T08:50:00.000000000Z,1.10498,london,monday,8.6,8.0,20,10,3.6,0.7,1,1
2024-09-09T08:51:00.000000000Z,1.10505,london,monday,7.9,9.3,21,7,4.3,0.0,1,1
2024-09-09T08:52:00.000000000Z,1.10489,london,monday,9.5,7.7,17,8,2.7,1.4,1,1
2024-09-09T08:53:00.000000000Z,1.10495,london,monday,8.9,8.3,17,7,3.3,0.8,1,1
2024-09-09T08:54:00.000000000Z,1.10494,london,monday,9.0,8.3,16,6,3.2,0.9,1,1
2024-09-09T08:55:00.000000000Z,1.10503,london,monday,8.1,9.2,15,4,4.1,0.0,1,1
2024-09-09T08:56:00.000000000Z,1.10498,london,monday,8.6,11.6,14,4,3.6,0.0,1,1
2024-09-09T08:57:00.000000000Z,1.1049,london,monday,9.4,10.9,12,3,2.8,0.0,1,1
2024-09-09T08:58:00.000000000Z,1.10478,london,monday,10.6,9.7,6,83,1.6,10.6,1,1
2024-09-09T08:59:00.000000000Z,1.10476,london,monday,10.8,9.5,5,82,1.4,10.8,1,1
2024-09-09T09:00:00.000000000Z,1.10462,london,monday,12.2,8.1,3,86,0.0,12.2,1,1
2024-09-09T09:01:00.000000000Z,1.10472,london,monday,11.2,9.1,3,80,0.0,11.2,1,1
2024-09-09T09:02:00.000000000Z,1.10476,london,monday,10.8,9.5,2,79,0.0,10.8,1,1
2024-09-09T09:03:00.000000000Z,1.10487,london,monday,9.7,11.3,6,76,0.0,9.7,1,1
2024-09-09T09:04:00.000000000Z,1.10504,london,monday,8.0,13.0,6,73,0.9,8.0,1,1
2024-09-09T09:05:00.000000000Z,1.10498,london,monday,8.6,12.4,5,72,0.3,8.6,1,1
2024-09-09T09:06:00.000000000Z,1.10495,london,monday,8.9,12.1,4,71,0.0,8.9,1,1
2024-09-09T09:07:00.000000000Z,1.10498,london,monday,8.6,12.4,3,70,0.0,8.6,1,1
2024-09-09T09:08:00.000000000Z,1.10499,london,monday,8.5,12.5,2,69,0.0,8.5,1,1
2024-09-09T09:09:00.000000000Z,1.10518,london,monday,6.6,14.4,21,59,0.5,6.6,1,1
2024-09-09T09:10:00.000000000Z,1.10529,london,monday,5.5,15.5,31,57,1.6,5.5,1,1
2024-09-09T09:11:00.000000000Z,1.1053,london,monday,5.4,15.6,30,56,1.7,5.4,1,1
2024-09-09T09:12:00.000000000Z,1.10534,london,monday,5.0,16.0,30,54,2.1,5.0,1,1
2024-09-09T09:13:00.000000000Z,1.10528,london,monday,5.6,15.4,28,54,1.5,5.6,1,1
2024-09-09T09:14:00.000000000Z,1.10526,london,monday,5.8,15.2,19,53,1.3,5.8,1,1
2024-09-09T09:15:00.000000000Z,1.10532,london,monday,5.2,15.8,26,51,1.9,5.2,1,1
2024-09-09T09:16:00.000000000Z,1.10542,london,monday,4.2,16.8,26,4,2.9,0.0,1,1
2024-09-09T09:17:00.000000000Z,1.10542,london,monday,4.2,16.8,25,3,2.9,0.0,1,1
2024-09-09T09:18:00.000000000Z,1.10534,london,monday,5.0,16.0,24,48,2.1,5.0,1,1
2024-09-09T09:19:00.000000000Z,1.10532,london,monday,5.2,15.8,22,47,1.9,5.2,1,1
2024-09-09T09:20:00.000000000Z,1.10513,london,monday,7.1,13.9,10,48,0.0,7.1,1,1
2024-09-09T09:21:00.000000000Z,1.10524,london,monday,6.0,15.0,12,46,1.0,6.0,1,1
2024-09-09T09:22:00.000000000Z,1.10514,london,monday,7.0,14.0,8,46,0.0,7.0,1,1
2024-09-09T09:23:00.000000000Z,1.10522,london,monday,6.2,14.8,7,44,0.0,6.2,1,1
2024-09-09T09:24:00.000000000Z,1.10533,london,monday,5.1,15.9,17,42,1.4,5.1,1,1
2024-09-09T09:25:00.000000000Z,1.10527,london,monday,5.7,15.3,8,42,0.0,5.7,1,1
2024-09-09T09:26:00.000000000Z,1.10534,london,monday,5.0,16.0,16,40,1.5,5.0,1,1
2024-09-09T09:27:00.000000000Z,1.10532,london,monday,5.2,15.8,14,39,1.3,5.2,1,1
2024-09-09T09:28:00.000000000Z,1.10532,london,monday,5.2,15.8,13,38,1.3,5.2,1,1
2024-09-09T09:29:00.000000000Z,1.10529,london,monday,5.5,15.5,12,38,1.0,5.5,1,1
2024-09-09T09:30:00.000000000Z,1.10548,london,monday,3.6,17.4,13,8,2.9,0.5,1,1
2024-09-09T09:31:00.000000000Z,1.10544,london,monday,4.0,17.0,12,7,2.5,0.9,1,1
2024-09-09T09:32:00.000000000Z,1.10539,london,monday,4.5,16.5,10,34,2.0,4.5,1,1
2024-09-09T09:33:00.000000000Z,1.10553,london,monday,3.1,17.9,13,4,3.4,0.0,1,1
2024-09-09T09:34:00.000000000Z,1.10546,london,monday,3.8,17.2,9,4,2.7,0.0,1,1
2024-09-09T09:35:00.000000000Z,1.10541,london,monday,4.3,16.7,7,30,2.2,4.3,1,1
2024-09-09T09:36:00.000000000Z,1.10541,london,monday,4.3,16.7,6,29,2.2,4.3,1,1
2024-09-09T09:37:00.000000000Z,1.10526,london,monday,5.8,15.2,4,30,0.7,5.8,1,1
2024-09-09T09:38:00.000000000Z,1.10519,london,monday,6.5,14.5,3,30,0.0,6.5,1,1
2024-09-09T09:39:00.000000000Z,1.1052,london,monday,6.4,14.6,2,28,0.0,6.4,1,1
2024-09-09T09:40:00.000000000Z,1.10542,london,monday,4.2,16.8,2,25,0.0,4.2,1,1
2024-09-09T09:41:00.000000000Z,1.10558,london,monday,2.6,18.4,5,24,0.0,2.6,1,1
2024-09-09T09:42:00.000000000Z,1.10568,london,monday,1.6,19.4,,20,0.0,1.6,0,1
2024-09-09T09:43:00.000000000Z,1.10576,london,monday,0.8,20.2,,17,0.0,0.8,0,1
2024-09-09T09:44:00.000000000Z,1.10572,london,monday,1.2,19.8,,18,0.0,1.2,0,1
2024-09-09T09:45:00.000000000Z,1.10568,london,monday,1.6,19.4,,17,0.0,1.6,0,1
2024-09-09T09:46:00.000000000Z,1.10584,london,monday,0.0,21.0,,14,0.0,0.0,0,1
2024-09-09T09:47:00.000000000Z,1.10582,london,monday,0.2,20.8,,13,0.0,0.2,0,1
2024-09-09T09:48:00.000000000Z,1.10582,london,monday,0.2,20.8,,12,0.0,0.2,0,1
2024-09-09T09:49:00.000000000Z,1.10584,london,monday,0.0,21.0,,11,0.0,0.0,0,1
2024-09-09T09:50:00.000000000Z,1.10568,london,monday,1.2,19.4,,12,0.0,1.2,0,1
2024-09-09T09:51:00.000000000Z,1.10569,london,monday,1.1,19.8,,11,0.0,1.1,0,1
2024-09-09T09:52:00.000000000Z,1.1058,london,monday,0.0,20.9,,8,0.0,0.0,0,1
2024-09-09T09:53:00.000000000Z,1.10571,london,monday,0.5,20.0,,9,0.0,0.5,0,1
2024-09-09T09:54:00.000000000Z,1.10576,london,monday,0.0,20.5,,6,0.0,0.0,0,1
2024-09-09T09:55:00.000000000Z,1.10569,london,monday,0.7,19.8,,7,0.0,0.7,0,1
2024-09-09T09:56:00.000000000Z,1.10576,london,monday,0.0,20.5,,4,0.0,0.0,0,1
2024-09-09T09:57:00.000000000Z,1.10568,london,monday,0.4,19.7,,5,0.0,0.4,0,1
2024-09-09T09:58:00.000000000Z,1.10572,london,monday,0.0,20.1,,4,0.0,0.0,0,1
2024-09-09T09:59:00.000000000Z,1.10561,london,monday,0.0,19.0,,6,0.0,0.0,0,1
2024-09-09T10:00:00.000000000Z,1.1055,london,monday,0.2,17.9,,5,0.0,0.2,0,1
2024-09-09T10:01:00.000000000Z,1.10552,london,monday,0.0,18.1,,4,0.0,0.0,0,1
2024-09-09T10:02:00.000000000Z,1.10538,london,monday,0.0,16.7,,4,0.0,0.0,0,1
2024-09-09T10:03:00.000000000Z,1.10538,london,monday,0.0,16.7,,3,0.0,0.0,0,1
2024-09-09T10:04:00.000000000Z,1.10538,london,monday,0.0,16.7,,2,0.0,0.0,0,1
2024-09-09T10:05:00.000000000Z,1.10516,london,monday,0.0,14.5,,3,0.0,0.0,0,1
2024-09-09T10:06:00.000000000Z,1.10506,london,monday,0.0,13.5,,11,0.0,0.0,0,1
2024-09-09T10:07:00.000000000Z,1.10494,london,monday,0.0,12.3,,12,0.0,0.0,0,1
2024-09-09T10:08:00.000000000Z,1.10482,london,monday,1.0,11.1,,13,0.0,1.0,0,1
2024-09-09T10:09:00.000000000Z,1.10491,london,monday,0.1,12.0,,10,0.0,0.1,0,1
2024-09-09T10:10:00.000000000Z,1.10486,london,monday,0.6,11.5,,9,0.0,0.6,0,1
2024-09-09T10:11:00.000000000Z,1.10486,london,monday,0.6,11.5,,8,0.0,0.6,0,1
2024-09-09T10:12:00.000000000Z,1.1049,london,monday,0.2,11.9,,7,0.0,0.2,0,1
2024-09-09T10:13:00.000000000Z,1.10486,london,monday,0.6,11.5,,6,0.0,0.6,0,1
2024-09-09T10:14:00.000000000Z,1.10486,london,monday,0.6,11.5,,5,0.0,0.6,0,1
2024-09-09T10:15:00.000000000Z,1.10492,london,monday,0.0,12.1,,4,0.0,0.0,0,1
2024-09-09T10:16:00.000000000Z,1.10481,london,monday,0.0,11.0,,5,0.0,0.0,0,1
2024-09-09T10:17:00.000000000Z,1.1047,london,monday,0.4,9.9,,4,0.0,0.4,0,1
2024-09-09T10:18:00.000000000Z,1.10474,london,monday,0.0,10.3,,3,0.0,0.0,0,1
2024-09-09T10:19:00.000000000Z,1.1046,london,monday,0.0,8.9,,8,0.0,0.0,0,1
2024-09-09T10:20:00.000000000Z,1.10458,london,monday,0.0,8.7,,7,0.0,0.0,0,1
2024-09-09T10:21:00.000000000Z,1.10442,london,monday,0.8,7.1,,10,0.0,0.8,0,1
2024-09-09T10:22:00.000000000Z,1.10437,london,monday,1.3,6.6,,9,0.0,1.3,0,1
2024-09-09T10:23:00.000000000Z,1.1045,london,monday,0.0,7.9,,4,0.0,0.0,0,1
2024-09-09T10:24:00.000000000Z,1.10448,london,monday,0.0,7.7,,3,0.0,0.0,0,1
2024-09-09T10:25:00.000000000Z,1.10448,london,monday,0.0,7.7,,2,0.0,0.0,0,1
2024-09-09T10:26:00.000000000Z,1.10436,london,monday,1.2,6.5,,8,0.0,0.0,0,1
2024-09-09T10:27:00.000000000Z,1.10422,london,monday,2.6,5.1,46,9,4.8,0.4,1,1
2024-09-09T10:28:00.000000000Z,1.10426,london,monday,2.2,5.5,,8,0.0,0.0,0,1
2024-09-09T10:29:00.000000000Z,1.10424,london,monday,2.4,5.3,,7,0.0,0.0,0,1
2024-09-09T10:30:00.000000000Z,1.10418,london,monday,3.0,4.7,38,6,4.4,0.0,1,1
2024-09-09T10:31:00.000000000Z,1.10412,london,monday,3.6,4.1,37,5,3.8,0.3,1,1
2024-09-09T10:32:00.000000000Z,1.10412,london,monday,3.6,4.1,36,4,3.8,0.3,1,1
2024-09-09T10:33:00.000000000Z,1.10415,london,monday,3.3,4.4,35,3,4.1,0.0,1,1
2024-09-09T10:34:00.000000000Z,1.10411,london,monday,3.7,4.0,34,2,3.7,0.1,1,1
2024-09-09T10:35:00.000000000Z,1.10412,london,monday,3.6,4.1,33,1,3.8,0.0,1,1
2024-09-09T10:36:00.000000000Z,1.10382,london,monday,6.6,1.1,10,,0.8,0.0,1,0
2024-09-09T10:37:00.000000000Z,1.10381,london,monday,6.7,1.0,9,,0.7,0.0,1,0
2024-09-09T10:38:00.000000000Z,1.104,london,monday,4.8,2.9,29,5,2.6,0.1,1,1
2024-09-09T10:39:00.000000000Z,1.10401,london,monday,4.7,3.0,28,4,2.7,0.0,1,1
2024-09-09T10:40:00.000000000Z,1.10398,london,monday,5.0,2.7,26,51,2.4,5.0,1,1
2024-09-09T10:41:00.000000000Z,1.10383,london,monday,6.5,1.2,5,,0.9,0.0,1,0
2024-09-09T10:42:00.000000000Z,1.10382,london,monday,6.6,1.1,4,,0.8,0.0,1,0
2024-09-09T10:43:00.000000000Z,1.10374,london,monday,7.4,0.3,2,,0.0,0.0,1,0
2024-09-09T10:44:00.000000000Z,1.10394,london,monday,5.4,2.3,11,,1.2,0.0,1,0
2024-09-09T10:45:00.000000000Z,1.10403,london,monday,4.5,3.2,23,45,2.1,4.5,1,1
2024-09-09T10:46:00.000000000Z,1.10414,london,monday,3.4,4.3,22,5,3.2,0.0,1,1
2024-09-09T10:47:00.000000000Z,1.10402,london,monday,4.6,3.1,20,43,2.0,4.6,1,1
2024-09-09T10:48:00.000000000Z,1.1041,london,monday,3.8,3.9,20,3,2.8,0.0,1,1
2024-09-09T10:49:00.000000000Z,1.10402,london,monday,4.6,3.1,18,41,2.0,4.6,1,1
2024-09-09T10:50:00.000000000Z,1.10396,london,monday,5.2,2.5,15,41,1.4,5.2,1,1
2024-09-09T10:51:00.000000000Z,1.10382,london,monday,6.6,1.1,3,,0.0,0.0,1,0
2024-09-09T10:52:00.000000000Z,1.10392,london,monday,6.6,2.1,3,,0.0,0.0,1,0
2024-09-09T10:53:00.000000000Z,1.10393,london,monday,8.6,2.2,2,,0.0,0.0,1,0
2024-09-09T10:54:00.000000000Z,1.10412,london,monday,7.0,4.1,14,34,1.0,3.6,1,1
2024-09-09T10:55:00.000000000Z,1.1042,london,monday,6.2,4.9,18,30,1.8,2.8,1,1
2024-09-09T10:56:00.000000000Z,1.1042,london,monday,6.2,4.9,17,29,1.8,2.8,1,1
2024-09-09T10:57:00.000000000Z,1.10418,london,monday,6.4,4.7,11,29,1.6,3.0,1,1
2024-09-09T10:58:00.000000000Z,1.10414,london,monday,6.8,4.3,10,30,1.2,3.4,1,1
2024-09-09T10:59:00.000000000Z,1.10402,london,monday,8.0,3.1,8,31,0.0,4.6,1,1
2024-09-09T11:00:00.000000000Z,1.1042,london,monday,6.9,4.9,13,25,0.3,2.8,1,1
2024-09-09T11:01:00.000000000Z,1.10417,london,monday,7.2,4.6,7,25,0.0,3.1,1,1
2024-09-09T11:02:00.000000000Z,1.10419,london,monday,7.0,4.8,6,23,0.1,2.9,1,1
2024-09-09T11:03:00.000000000Z,1.10418,london,monday,7.1,4.7,5,23,0.0,3.0,1,1
2024-09-09T11:04:00.000000000Z,1.10419,london,monday,7.0,4.8,4,21,0.0,2.9,1,1
2024-09-09T11:05:00.000000000Z,1.10422,london,monday,6.7,5.1,8,19,0.0,2.6,1,1
2024-09-09T11:06:00.000000000Z,1.10424,london,monday,6.5,5.3,86,18,5.3,2.4,1,1
2024-09-09T11:07:00.000000000Z,1.10427,london,monday,6.2,5.6,85,15,5.6,2.1,1,1
2024-09-09T11:08:00.000000000Z,1.10444,london,monday,4.5,7.3,85,12,7.3,0.4,1,1
2024-09-09T11:09:00.000000000Z,1.10442,london,monday,4.7,7.1,84,12,7.1,0.6,1,1
2024-09-09T11:10:00.000000000Z,1.10438,london,monday,5.1,6.7,83,11,6.7,1.0,1,1
2024-09-09T11:11:00.000000000Z,1.10443,london,monday,4.6,7.2,82,9,7.2,0.5,1,1
2024-09-09T11:12:00.000000000Z,1.10444,london,monday,4.5,7.3,81,8,7.3,0.4,1,1
2024-09-09T11:13:00.000000000Z,1.10448,london,monday,4.1,7.7,80,7,7.7,0.0,1,1
2024-09-09T11:14:00.000000000Z,1.1044,london,monday,4.9,6.9,79,7,6.9,0.0,1,1
2024-09-09T11:15:00.000000000Z,1.10432,london,monday,5.7,6.1,77,7,6.1,0.4,1,1
2024-09-09T11:16:00.000000000Z,1.10436,london,monday,5.3,6.5,77,5,6.5,0.0,1,1
2024-09-09T11:17:00.000000000Z,1.10436,london,monday,5.3,6.5,76,4,6.5,0.0,1,1
2024-09-09T11:18:00.000000000Z,1.10434,london,monday,5.5,6.3,75,3,6.3,0.0,1,1
2024-09-09T11:19:00.000000000Z,1.10424,london,monday,6.5,5.3,73,5,5.3,0.0,1,1
2024-09-09T11:20:00.000000000Z,1.10418,london,monday,7.1,4.7,39,6,4.7,0.0,1,1
2024-09-09T11:21:00.000000000Z,1.10408,london,monday,8.1,3.7,29,7,3.7,0.0,1,1
2024-09-09T11:22:00.000000000Z,1.10401,london,monday,8.8,3.0,15,9,3.0,0.4,1,1
2024-09-09T11:23:00.000000000Z,1.10405,london,monday,8.4,3.4,15,7,3.4,0.0,1,1
2024-09-09T11:24:00.000000000Z,1.10397,london,monday,9.2,2.6,12,7,2.6,0.0,1,1
2024-09-09T11:25:00.000000000Z,1.10393,london,monday,9.6,2.2,11,,2.2,0.0,1,0
2024-09-09T11:26:00.000000000Z,1.10392,london,monday,9.7,2.1,10,,2.1,0.0,1,0
2024-09-09T11:27:00.000000000Z,1.1039,london,monday,9.9,1.9,9,,1.9,0.0,1,0
2024-09-09T11:28:00.000000000Z,1.10382,london,monday,10.7,1.1,7,,1.1,0.0,1,0
2024-09-09T11:29:00.000000000Z,1.10384,london,monday,10.6,1.3,7,,1.3,0.0,1,0
2024-09-09T11:30:00.000000000Z,1.10376,london,monday,11.4,0.5,5,,0.5,0.0,1,0
2024-09-09T11:31:00.000000000Z,1.10371,london,monday,11.9,0.0,4,,0.0,0.0,1,0
2024-09-09T11:32:00.000000000Z,1.10394,london,monday,10.1,0.5,4,,0.5,0.0,1,0
2024-09-09T11:33:00.000000000Z,1.10389,london,monday,11.4,0.0,3,,0.0,0.0,1,0
2024-09-09T11:34:00.000000000Z,1.1039,london,monday,11.3,0.0,2,,0.0,0.0,1,0
2024-09-09T11:35:00.000000000Z,1.10408,london,monday,10.1,1.2,15,,0.0,0.0,1,0
2024-09-09T11:36:00.000000000Z,1.10422,london,monday,9.0,2.6,23,83,1.2,6.7,1,1
2024-09-09T11:37:00.000000000Z,1.10428,london,monday,8.4,3.2,55,81,2.0,6.1,1,1
2024-09-09T11:38:00.000000000Z,1.10432,london,monday,8.0,3.6,54,80,2.4,5.7,1,1
2024-09-09T11:39:00.000000000Z,1.10429,london,monday,8.3,3.3,53,79,2.1,6.0,1,1
2024-09-09T11:40:00.000000000Z,1.10428,london,monday,8.4,3.2,52,78,2.0,6.1,1,1
2024-09-09T11:41:00.000000000Z,1.10418,london,monday,9.4,2.2,18,,0.8,0.0,1,0
2024-09-09T11:42:00.000000000Z,1.10419,london,monday,9.5,2.3,17,,0.9,0.0,1,0
2024-09-09T11:43:00.000000000Z,1.10418,london,monday,9.6,2.2,16,,0.8,0.0,1,0
2024-09-09T11:44:00.000000000Z,1.1042,london,monday,9.4,2.4,15,,1.0,0.0,1,0
2024-09-09T11:45:00.000000000Z,1.10422,london,monday,9.2,2.6,14,74,1.2,6.7,1,1
2024-09-09T11:46:00.000000000Z,1.10416,london,monday,10.2,2.0,13,,0.6,0.0,1,0
2024-09-09T11:47:00.000000000Z,1.10414,london,monday,10.4,1.8,12,,0.4,0.0,1,0
2024-09-09T11:48:00.000000000Z,1.1041,london,monday,10.8,1.4,3,,0.0,0.0,1,0
2024-09-09T11:49:00.000000000Z,1.10421,london,monday,9.7,2.5,10,,0.0,0.0,1,0
2024-09-09T11:50:00.000000000Z,1.10434,london,monday,8.4,3.8,43,22,2.6,1.4,1,1
2024-09-09T11:51:00.000000000Z,1.10436,london,monday,8.2,4.0,42,21,2.8,1.2,1,1
2024-09-09T11:52:00.000000000Z,1.10427,london,monday,9.1,3.1,40,66,1.9,6.2,1,1
2024-09-09T11:53:00.000000000Z,1.10436,london,monday,8.2,4.0,40,19,2.8,1.2,1,1
2024-09-09T11:54:00.000000000Z,1.10426,london,monday,9.2,3.0,38,64,1.8,6.3,1,1
2024-09-09T11:55:00.000000000Z,1.10433,london,monday,8.5,3.7,38,17,2.5,1.5,1,1
2024-09-09T11:56:00.000000000Z,1.10435,london,monday,8.3,3.9,37,16,2.7,1.3,1,1
2024-09-09T11:57:00.000000000Z,1.10436,london,monday,8.2,4.0,36,15,2.8,1.2,1,1
2024-09-09T11:58:00.000000000Z,1.10438,london,monday,8.0,4.2,35,14,3.0,1.0,1,1
2024-09-09T11:59:00.000000000Z,1.10448,london,monday,7.0,5.2,34,4,4.0,0.0,1,1
2024-09-09T12:00:00.000000000Z,1.10444,london,monday,7.4,4.8,33,12,3.6,0.0,1,1
2024-09-09T12:01:00.000000000Z,1.10434,london,monday,8.4,3.8,32,11,2.6,0.3,1,1
2024-09-09T12:02:00.000000000Z,1.10424,london,monday,9.4,2.8,30,56,1.6,6.5,1,1
2024-09-09T12:03:00.000000000Z,1.10422,london,monday,9.6,2.6,29,56,1.4,6.7,1,1
2024-09-09T12:04:00.000000000Z,1.10422,london,monday,9.6,2.6,28,55,1.4,6.7,1,1
2024-09-09T12:05:00.000000000Z,1.10432,london,monday,8.6,3.6,27,53,2.4,5.7,1,1
2024-09-09T12:06:00.000000000Z,1.10428,london,monday,9.0,3.2,26,52,2.0,6.1,1,1
2024-09-09T12:07:00.000000000Z,1.10437,london,monday,8.1,4.1,26,5,2.9,0.0,1,1
2024-09-09T12:08:00.000000000Z,1.10429,london,monday,8.9,3.3,24,50,2.1,6.0,1,1
2024-09-09T12:09:00.000000000Z,1.1043,london,monday,8.8,3.4,23,49,2.2,5.9,1,1
2024-09-09T12:10:00.000000000Z,1.10428,london,monday,9.0,3.2,22,48,2.0,6.1,1,1
2024-09-09T12:11:00.000000000Z,1.10421,london,monday,9.7,2.5,21,,1.3,0.0,1,0
2024-09-09T12:12:00.000000000Z,1.10408,london,monday,11.0,1.2,3,,0.0,0.0,1,0
2024-09-09T12:13:00.000000000Z,1.10408,london,monday,11.0,1.2,2,,0.0,0.0,1,0
2024-09-09T12:14:00.000000000Z,1.10432,london,monday,8.6,3.6,18,44,2.4,5.7,1,1
2024-09-09T12:15:00.000000000Z,1.10436,london,monday,8.2,4.0,18,8,2.8,0.0,1,1
2024-09-09T12:16:00.000000000Z,1.10432,london,monday,8.6,3.6,16,42,2.4,5.7,1,1
2024-09-09T12:17:00.000000000Z,1.10428,london,monday,9.0,3.2,15,41,2.0,6.1,1,1
2024-09-09T12:18:00.000000000Z,1.10416,london,monday,10.2,2.0,14,,0.8,0.0,1,0
2024-09-09T12:19:00.000000000Z,1.10414,london,monday,10.4,1.8,13,,0.6,0.0,1,0
2024-09-09T12:20:00.000000000Z,1.10418,london,monday,10.0,2.2,12,,1.0,0.0,1,0
2024-09-09T12:21:00.000000000Z,1.1043,london,monday,8.8,3.4,11,37,2.2,5.9,1,1
2024-09-09T12:22:00.000000000Z,1.10422,london,monday,9.6,2.6,10,37,1.4,6.7,1,1
2024-09-09T12:23:00.000000000Z,1.10408,london,monday,11.0,1.2,7,,0.0,0.0,1,0
2024-09-09T12:24:00.000000000Z,1.10419,london,monday,9.9,2.3,8,,0.7,0.0,1,0
2024-09-09T12:25:00.000000000Z,1.10422,london,monday,9.6,2.6,7,34,1.0,6.7,1,1
2024-09-09T12:26:00.000000000Z,1.10412,london,monday,10.6,1.6,6,,0.0,0.0,1,0
2024-09-09T12:27:00.000000000Z,1.10418,london,monday,10.0,2.2,5,,0.0,0.0,1,0
2024-09-09T12:28:00.000000000Z,1.10432,london,monday,8.6,3.6,4,30,1.0,5.7,1,1
2024-09-09T12:29:00.000000000Z,1.10422,london,monday,9.6,2.6,3,30,0.0,6.7,1,1
2024-09-09T12:30:00.000000000Z,1.10433,london,monday,8.5,3.7,3,28,0.0,5.6,1,1
2024-09-09T12:31:00.000000000Z,1.10436,london,monday,8.2,5.4,2,27,0.0,5.3,1,1
2024-09-09T12:32:00.000000000Z,1.10458,london,monday,6.0,8.0,8,15,0.0,3.1,1,1
2024-09-09T12:33:00.000000000Z,1.10479,london,monday,3.9,11.4,42,11,8.3,1.0,1,1
2024-09-09T12:34:00.000000000Z,1.10482,london,monday,3.6,11.7,41,10,8.6,0.7,1,1
2024-09-09T12:35:00.000000000Z,1.10474,london,monday,4.4,10.9,38,11,7.8,1.5,1,1
2024-09-09T12:36:00.000000000Z,1.1048,london,monday,3.8,11.5,39,8,8.4,0.9,1,1
2024-09-09T12:37:00.000000000Z,1.1047,london,monday,4.8,10.5,35,9,7.4,1.9,1,1
2024-09-09T12:38:00.000000000Z,1.10468,london,monday,5.0,10.3,34,8,7.2,2.1,1,1
2024-09-09T12:39:00.000000000Z,1.10466,london,monday,5.2,10.1,33,7,7.0,2.3,1,1
2024-09-09T12:40:00.000000000Z,1.10489,london,monday,2.9,12.4,42,3,9.3,0.0,1,1
2024-09-09T12:41:00.000000000Z,1.10477,london,monday,4.1,11.2,32,3,8.1,0.0,1,1
2024-09-09T12:42:00.000000000Z,1.10475,london,monday,4.3,11.0,31,4,7.9,0.0,1,1
2024-09-09T12:43:00.000000000Z,1.10458,london,monday,6.0,9.3,26,4,6.2,0.0,1,1
2024-09-09T12:44:00.000000000Z,1.1045,london,monday,6.8,8.5,25,5,5.4,0.0,1,1
2024-09-09T12:45:00.000000000Z,1.1045,london,monday,6.8,8.5,24,4,5.4,0.0,1,1
2024-09-09T12:46:00.000000000Z,1.10438,london,monday,8.0,7.3,22,12,4.2,0.6,1,1
2024-09-09T12:47:00.000000000Z,1.10428,london,monday,9.0,6.3,20,11,3.2,1.6,1,1
2024-09-09T12:48:00.000000000Z,1.10428,london,monday,9.0,6.3,19,10,3.2,1.6,1,1
2024-09-09T12:49:00.000000000Z,1.1042,london,monday,9.8,5.5,18,82,2.4,9.8,1,1
2024-09-09T12:50:00.000000000Z,1.10417,london,monday,10.1,5.2,3,81,0.0,10.1,1,1
2024-09-09T12:51:00.000000000Z,1.1044,london,monday,7.8,7.5,17,7,4.4,0.4,1,1
2024-09-09T12:52:00.000000000Z,1.1044,london,monday,7.8,7.5,16,6,4.4,0.4,1,1
2024-09-09T12:53:00.000000000Z,1.10444,london,monday,7.4,7.9,15,4,4.8,0.0,1,1
2024-09-09T12:54:00.000000000Z,1.1044,london,monday,7.8,7.5,14,4,4.4,0.2,1,1
2024-09-09T12:55:00.000000000Z,1.10442,london,monday,7.6,7.7,13,3,4.6,0.0,1,1
2024-09-09T12:56:00.000000000Z,1.10442,london,monday,7.6,7.7,12,2,4.6,0.0,1,1
2024-09-09T12:57:00.000000000Z,1.10418,london,monday,10.0,5.3,10,74,2.2,10.0,1,1
2024-09-09T12:58:00.000000000Z,1.10399,london,monday,11.9,3.5,5,75,0.3,11.9,1,1
2024-09-09T12:59:00.000000000Z,1.10396,london,monday,12.2,3.2,4,74,0.0,12.2,1,1
2024-09-09T13:00:00.000000000Z,1.10416,london,monday,10.2,5.8,7,71,0.8,10.2,1,1
2024-09-09T13:01:00.000000000Z,1.10408,london,monday,11.0,5.0,5,70,0.0,11.0,1,1
2024-09-09T13:02:00.000000000Z,1.10416,london,monday,10.2,6.4,5,69,0.0,10.2,1,1
2024-09-09T13:03:00.000000000Z,1.10432,london,monday,8.6,8.6,4,61,0.6,8.6,1,1
2024-09-09T13:04:00.000000000Z,1.10426,london,monday,9.2,8.0,3,67,0.0,9.2,1,1
2024-09-09T13:05:00.000000000Z,1.10432,london,monday,8.6,8.6,2,59,0.0,8.6,1,1
2024-09-09T13:06:00.000000000Z,1.10436,london,monday,8.2,9.0,2,58,0.0,8.2,1,1
2024-09-09T13:07:00.000000000Z,1.1046,london,monday,5.8,11.4,2,27,0.0,5.8,1,1
2024-09-09T13:08:00.000000000Z,1.10474,london,monday,4.4,12.8,5,25,0.1,4.4,1,1
2024-09-09T13:09:00.000000000Z,1.1049,london,monday,2.8,14.4,17,24,1.7,2.8,1,1
2024-09-09T13:10:00.000000000Z,1.10473,london,monday,4.5,12.7,3,23,0.0,4.5,1,1
2024-09-09T13:11:00.000000000Z,1.1048,london,monday,3.8,13.4,4,22,0.0,3.8,1,1
2024-09-09T13:12:00.000000000Z,1.10495,london,monday,2.3,14.9,,20,0.0,2.3,0,1
2024-09-09T13:13:00.000000000Z,1.10503,london,monday,1.5,15.7,,18,0.0,1.5,0,1
2024-09-09T13:14:00.000000000Z,1.105,london,monday,1.8,15.4,,17,0.0,1.8,0,1
2024-09-09T13:15:00.000000000Z,1.10509,london,monday,0.9,16.3,,16,0.0,0.9,0,1
2024-09-09T13:16:00.000000000Z,1.10512,london,monday,0.6,16.6,,15,0.0,0.6,0,1
2024-09-09T13:17:00.000000000Z,1.10511,london,monday,0.7,16.5,,14,0.0,0.7,0,1
2024-09-09T13:18:00.000000000Z,1.105,london,monday,1.8,15.4,,13,0.0,1.8,0,1
2024-09-09T13:19:00.000000000Z,1.10489,london,monday,2.9,14.3,3,14,0.0,2.9,1,1
2024-09-09T13:20:00.000000000Z,1.10509,london,monday,0.9,16.3,,11,0.0,0.9,0,1
2024-09-09T13:21:00.000000000Z,1.10512,london,monday,0.6,16.6,,10,0.0,0.6,0,1
2024-09-09T13:22:00.000000000Z,1.10514,london,monday,0.4,16.8,,5,0.0,0.4,0,1
2024-09-09T13:23:00.000000000Z,1.10513,london,monday,0.5,16.7,,8,0.0,0.5,0,1
2024-09-09T13:24:00.000000000Z,1.10506,london,monday,1.2,16.0,,7,0.0,1.2,0,1
2024-09-09T13:25:00.000000000Z,1.10512,london,monday,0.6,16.6,,6,0.0,0.6,0,1
2024-09-09T13:26:00.000000000Z,1.10518,london,monday,0.0,17.2,,1,0.0,0.0,0,1
2024-09-09T13:27:00.000000000Z,1.10488,london,monday,1.6,14.2,,6,0.0,1.6,0,1
2024-09-09T13:28:00.000000000Z,1.10504,london,monday,0.0,15.8,,3,0.0,0.0,0,1
2024-09-09T13:29:00.000000000Z,1.10497,london,monday,0.4,15.1,,2,0.0,0.4,0,1
2024-09-09T13:30:00.000000000Z,1.10501,london,monday,0.0,15.5,,1,0.0,0.0,0,1
2024-09-09T13:31:00.000000000Z,1.10471,london,monday,0.9,12.5,,2,0.0,0.0,0,1
2024-09-09T13:32:00.000000000Z,1.10468,london,monday,1.2,12.2,,2,0.0,0.0,0,1
2024-09-09T13:33:00.000000000Z,1.10444,london,monday,3.6,9.8,14,31,1.7,3.6,1,1
2024-09-09T13:34:00.000000000Z,1.10432,london,monday,4.8,8.6,7,30,0.5,4.8,1,1
2024-09-09T13:35:00.000000000Z,1.10442,london,monday,3.8,9.6,12,29,1.5,3.8,1,1
2024-09-09T13:36:00.000000000Z,1.10427,london,monday,5.3,8.1,5,35,0.0,5.3,1,1
2024-09-09T13:37:00.000000000Z,1.10432,london,monday,4.8,8.6,4,27,0.1,4.8,1,1
2024-09-09T13:38:00.000000000Z,1.10441,london,monday,3.9,9.5,8,26,1.0,3.9,1,1
2024-09-09T13:39:00.000000000Z,1.10431,london,monday,4.9,8.5,2,32,0.0,4.9,1,1
2024-09-09T13:40:00.000000000Z,1.10442,london,monday,3.8,9.6,7,24,0.0,3.8,1,1
2024-09-09T13:41:00.000000000Z,1.10459,london,monday,2.1,11.3,,22,0.0,2.1,0,1
2024-09-09T13:42:00.000000000Z,1.10447,london,monday,3.3,10.1,5,21,0.0,3.3,1,1
2024-09-09T13:43:00.000000000Z,1.10448,london,monday,3.2,10.2,4,20,0.0,3.2,1,1
2024-09-09T13:44:00.000000000Z,1.10448,london,monday,3.2,10.2,3,19,0.0,3.2,1,1
2024-09-09T13:45:00.000000000Z,1.10456,london,monday,2.4,11.0,,18,0.0,2.4,0,1
2024-09-09T13:46:00.000000000Z,1.10466,london,monday,1.4,12.0,,5,0.0,1.2,0,1
2024-09-09T13:47:00.000000000Z,1.10477,london,monday,0.3,13.1,,3,0.0,0.1,0,1
2024-09-09T13:48:00.000000000Z,1.10478,london,monday,0.2,13.2,,2,0.0,0.0,0,1
2024-09-09T13:49:00.000000000Z,1.10476,london,monday,0.4,13.0,,1,0.0,0.0,0,1
2024-09-09T13:50:00.000000000Z,1.10448,london,monday,3.2,10.2,8,13,1.2,3.2,1,1
2024-09-09T13:51:00.000000000Z,1.10439,london,monday,4.1,9.3,4,13,0.3,4.1,1,1
2024-09-09T13:52:00.000000000Z,1.10436,london,monday,4.4,9.0,2,12,0.0,4.4,1,1
2024-09-09T13:53:00.000000000Z,1.10452,london,monday,2.8,10.6,5,10,0.0,2.8,1,1
2024-09-09T13:54:00.000000000Z,1.10463,london,monday,1.7,11.7,,9,0.0,1.7,0,1
2024-09-09T13:55:00.000000000Z,1.10465,london,monday,1.5,11.9,,8,0.0,1.5,0,1
2024-09-09T13:56:00.000000000Z,1.10464,london,monday,1.6,11.8,,7,0.0,1.6,0,1
2024-09-09T13:57:00.000000000Z,1.10464,london,monday,1.6,11.8,,6,0.0,1.6,0,1
2024-09-09T13:58:00.000000000Z,1.1048,london,monday,0.0,13.4,,3,0.0,0.0,0,1
2024-09-09T13:59:00.000000000Z,1.1047,london,monday,0.0,12.4,,2,0.0,0.0,0,1
2024-09-09T14:00:00.000000000Z,1.10456,london,monday,0.0,11.0,,3,0.0,0.0,0,1
2024-09-09T14:01:00.000000000Z,1.1044,london,monday,1.3,9.4,,3,0.0,0.0,0,1
2024-09-09T14:02:00.000000000Z,1.1044,london,monday,1.3,9.4,,2,0.0,0.0,0,1
2024-09-09T14:03:00.000000000Z,1.10421,london,monday,3.2,7.5,20,8,5.6,2.4,1,1
2024-09-09T14:04:00.000000000Z,1.10406,london,monday,4.7,6.0,2,8,0.0,3.9,1,1
2024-09-09T14:05:00.000000000Z,1.10426,london,monday,2.7,8.0,18,6,6.1,1.9,1,1
2024-09-09T14:06:00.000000000Z,1.10445,london,monday,0.8,9.9,,3,0.0,0.0,0,1
2024-09-09T14:07:00.000000000Z,1.10433,london,monday,2.0,8.7,,4,0.0,0.0,0,1
2024-09-09T14:08:00.000000000Z,1.10424,london,monday,2.9,7.8,15,3,5.9,0.0,1,1
2024-09-09T14:09:00.000000000Z,1.10414,london,monday,3.9,6.8,12,2,4.9,0.2,1,1
2024-09-09T14:10:00.000000000Z,1.10416,london,monday,3.7,7.0,13,1,5.1,0.0,1,1
2024-09-09T14:11:00.000000000Z,1.10382,london,monday,7.1,3.6,7,31,1.7,7.1,1,1
2024-09-09T14:12:00.000000000Z,1.10378,london,monday,7.5,3.2,6,30,1.3,7.5,1,1
2024-09-09T14:13:00.000000000Z,1.10365,london,monday,8.8,1.9,4,,0.0,0.0,1,0
2024-09-09T14:14:00.000000000Z,1.10382,london,monday,7.1,3.6,4,28,0.8,7.1,1,1
2024-09-09T14:15:00.000000000Z,1.10374,london,monday,7.9,2.8,2,28,0.0,7.9,1,1
2024-09-09T14:16:00.000000000Z,1.10374,london,monday,7.9,2.8,1,27,0.0,7.9,1,1
2024-09-09T14:17:00.000000000Z,1.104,london,monday,5.3,5.4,2,19,0.0,5.3,1,1
2024-09-09T14:18:00.000000000Z,1.1042,london,monday,3.3,7.4,5,13,0.0,3.3,1,1
2024-09-09T14:19:00.000000000Z,1.10438,london,monday,1.5,9.2,,11,0.0,1.5,0,1
2024-09-09T14:20:00.000000000Z,1.10432,london,monday,2.1,8.6,,10,0.0,2.1,0,1
2024-09-09T14:21:00.000000000Z,1.10441,london,monday,1.2,9.5,,9,0.0,1.2,0,1
2024-09-09T14:22:00.000000000Z,1.10433,london,monday,2.0,8.7,,8,0.0,2.0,0,1
2024-09-09T14:23:00.000000000Z,1.10453,london,monday,0.0,10.7,,6,0.0,0.0,0,1
2024-09-09T14:24:00.000000000Z,1.10445,london,monday,0.0,9.9,,6,0.0,0.0,0,1
2024-09-09T14:25:00.000000000Z,1.1044,london,monday,0.2,9.4,,5,0.0,0.0,0,1
2024-09-09T14:26:00.000000000Z,1.10432,london,monday,1.0,8.6,,4,0.0,0.4,0,1
2024-09-09T14:27:00.000000000Z,1.10436,london,monday,0.6,9.0,,3,0.0,0.0,0,1
2024-09-09T14:28:00.000000000Z,1.10431,london,monday,1.1,8.5,,2,0.0,0.0,0,1
2024-09-09T14:29:00.000000000Z,1.10423,london,monday,1.9,7.7,,2,0.0,0.0,0,1
2024-09-09T14:30:00.000000000Z,1.104,london,monday,4.2,5.4,27,6,5.4,0.0,1,1
2024-09-09T14:31:00.000000000Z,1.1038,london,monday,6.2,3.4,19,11,3.4,1.8,1,1
2024-09-09T14:32:00.000000000Z,1.10398,london,monday,4.4,5.2,22,4,5.2,0.0,1,1
2024-09-09T14:33:00.000000000Z,1.10396,london,monday,4.6,5.0,21,3,5.0,0.0,1,1
2024-09-09T14:34:00.000000000Z,1.10382,london,monday,6.0,3.6,16,8,3.6,1.1,1,1
2024-09-09T14:35:00.000000000Z,1.10393,london,monday,4.9,4.7,19,3,4.7,0.0,1,1
2024-09-09T14:36:00.000000000Z,1.10371,london,monday,7.1,2.5,14,,2.5,0.0,1,0
2024-09-09T14:37:00.000000000Z,1.10392,london,monday,5.0,4.6,13,1,4.6,0.0,1,1
2024-09-09T14:38:00.000000000Z,1.10364,london,monday,7.8,1.8,8,,1.8,0.0,1,0
2024-09-09T14:39:00.000000000Z,1.1037,london,monday,7.2,2.4,11,,2.4,0.0,1,0
2024-09-09T14:40:00.000000000Z,1.10358,london,monday,8.4,1.2,6,,1.2,0.0,1,0
2024-09-09T14:41:00.000000000Z,1.10358,london,monday,8.4,1.2,5,,1.2,0.0,1,0
2024-09-09T14:42:00.000000000Z,1.10352,london,monday,9.0,0.6,4,,0.6,0.0,1,0
2024-09-09T14:43:00.000000000Z,1.10346,london,monday,9.6,0.0,2,,0.0,0.0,1,0
2024-09-09T14:44:00.000000000Z,1.10352,london,monday,9.0,0.0,2,,0.0,0.0,1,0
2024-09-09T14:45:00.000000000Z,1.10372,london,monday,7.0,0.6,5,,0.1,0.0,1,0
2024-09-09T14:46:00.000000000Z,1.1039,london,monday,5.2,2.4,4,,1.9,0.0,1,0
2024-09-09T14:47:00.000000000Z,1.10388,london,monday,5.4,2.2,3,,1.7,0.0,1,0
2024-09-09T14:48:00.000000000Z,1.10371,london,monday,7.1,0.5,2,,0.0,0.0,1,0
2024-09-09T14:49:00.000000000Z,1.10388,london,monday,5.4,2.2,1,,0.0,0.0,1,0
2024-09-09T14:50:00.000000000Z,1.10418,london,monday,2.4,5.2,,3,0.0,0.0,0,1
2024-09-09T14:51:00.000000000Z,1.10398,london,monday,4.4,3.2,3,38,1.2,4.4,1,1
2024-09-09T14:52:00.000000000Z,1.10408,london,monday,3.4,4.2,19,36,2.2,3.4,1,1
2024-09-09T14:53:00.000000000Z,1.10386,london,monday,5.6,2.0,1,,0.0,0.0,1,0
2024-09-09T14:54:00.000000000Z,1.10423,london,monday,1.9,5.7,,1,0.0,0.0,0,1
2024-09-09T14:55:00.000000000Z,1.10396,london,monday,4.6,3.0,2,34,0.0,4.6,1,1
2024-09-09T14:56:00.000000000Z,1.10408,london,monday,3.4,4.2,15,32,1.9,3.4,1,1
2024-09-09T14:57:00.000000000Z,1.1043,london,monday,1.2,6.4,,8,0.0,0.0,0,1
2024-09-09T14:58:00.000000000Z,1.10422,london,monday,2.0,5.6,,7,0.0,0.6,0,1
2024-09-09T14:59:00.000000000Z,1.10421,london,monday,2.1,5.5,,6,0.0,0.7,0,1
2024-09-09T15:00:00.000000000Z,1.10428,london,monday,1.4,6.2,,5,0.0,0.0,0,1
2024-09-09T15:01:00.000000000Z,1.10421,london,monday,2.1,5.5,,4,0.0,0.7,0,1
2024-09-09T15:02:00.000000000Z,1.10422,london,monday,2.0,5.6,,3,0.0,0.6,0,1
2024-09-09T15:03:00.000000000Z,1.10428,london,monday,1.4,6.2,,2,0.0,0.0,0,1
2024-09-09T15:04:00.000000000Z,1.10413,london,monday,2.9,4.7,7,24,2.4,2.9,1,1
2024-09-09T15:05:00.000000000Z,1.10389,london,monday,5.3,2.3,2,,0.0,0.0,1,0
2024-09-09T15:06:00.000000000Z,1.10392,london,monday,5.0,2.6,1,23,0.0,5.0,1,1
2024-09-09T15:07:00.000000000Z,1.10421,london,monday,2.1,5.5,,20,0.0,2.1,0,1
2024-09-09T15:08:00.000000000Z,1.10412,london,monday,3.0,4.6,3,20,0.0,3.0,1,1
2024-09-09T15:09:00.000000000Z,1.10412,london,monday,3.0,4.6,2,19,0.0,3.0,1,1
2024-09-09T15:10:00.000000000Z,1.10419,london,monday,2.3,5.3,,17,0.0,2.3,0,1
2024-09-09T15:11:00.000000000Z,1.10442,london,monday,0.0,7.6,,3,0.0,0.0,0,1
2024-09-09T15:12:00.000000000Z,1.1044,london,monday,0.0,7.4,,2,0.0,0.0,0,1
2024-09-09T15:13:00.000000000Z,1.1043,london,monday,1.0,6.4,,13,0.0,1.0,0,1
2024-09-09T15:14:00.000000000Z,1.10412,london,monday,2.8,4.6,7,14,0.0,2.8,1,1
2024-09-09T15:15:00.000000000Z,1.10422,london,monday,1.8,5.6,,12,0.0,1.8,0,1
2024-09-09T15:16:00.000000000Z,1.10432,london,monday,0.8,6.6,,10,0.0,0.8,0,1
2024-09-09T15:17:00.000000000Z,1.10426,london,monday,1.4,6.0,,10,0.0,1.4,0,1
2024-09-09T15:18:00.000000000Z,1.10428,london,monday,1.2,6.2,,8,0.0,1.2,0,1
2024-09-09T15:19:00.000000000Z,1.10426,london,monday,1.4,6.0,,8,0.0,1.4,0,1
2024-09-09T15:20:00.000000000Z,1.10426,london,monday,1.4,6.0,,7,0.0,1.4,0,1
2024-09-09T15:21:00.000000000Z,1.1044,london,monday,0.0,7.4,,5,0.0,0.0,0,1
2024-09-09T15:22:00.000000000Z,1.10426,london,monday,1.1,6.0,,5,0.0,0.0,0,1
2024-09-09T15:23:00.000000000Z,1.10422,london,monday,1.5,5.6,,4,0.0,0.0,0,1
2024-09-09T15:24:00.000000000Z,1.10417,london,monday,2.0,5.1,,3,0.0,0.1,0,1
2024-09-09T15:25:00.000000000Z,1.10418,london,monday,1.9,5.2,,2,0.0,0.0,0,1
2024-09-09T15:26:00.000000000Z,1.10402,london,monday,3.5,3.6,24,3,3.6,0.0,1,1
2024-09-09T15:27:00.000000000Z,1.10389,london,monday,4.8,2.3,18,,2.3,0.0,1,0
2024-09-09T15:28:00.000000000Z,1.10379,london,monday,5.8,1.3,10,,1.3,0.0,1,0
2024-09-09T15:29:00.000000000Z,1.10366,london,monday,7.1,0.0,8,,0.0,0.0,1,0
2024-09-09T15:30:00.000000000Z,1.10371,london,monday,6.6,0.5,7,,0.5,0.0,1,0
2024-09-09T15:31:00.000000000Z,1.10366,london,monday,7.1,0.0,6,,0.0,0.0,1,0
2024-09-09T15:32:00.000000000Z,1.10374,london,monday,6.3,0.4,5,,0.4,0.0,1,0
2024-09-09T15:33:00.000000000Z,1.10384,london,monday,5.3,1.4,9,,1.4,0.0,1,0
2024-09-09T15:34:00.000000000Z,1.10376,london,monday,6.1,0.6,3,,0.6,0.0,1,0
2024-09-09T15:35:00.000000000Z,1.1037,london,monday,6.7,0.0,2,,0.0,0.0,1,0
2024-09-09T15:36:00.000000000Z,1.10388,london,monday,4.9,0.0,9,,0.0,0.0,1,0
2024-09-09T15:37:00.000000000Z,1.10402,london,monday,3.5,0.1,13,,0.1,0.0,1,0
2024-09-09T15:38:00.000000000Z,1.10406,london,monday,3.1,0.5,15,,0.5,0.0,1,0
2024-09-09T15:39:00.000000000Z,1.10408,london,monday,2.9,0.7,14,,0.7,0.0,1,0
2024-09-09T15:40:00.000000000Z,1.10401,london,monday,3.6,0.0,10,,0.0,0.0,1,0
2024-09-09T15:41:00.000000000Z,1.10408,london,monday,2.9,0.2,12,,0.2,0.0,1,0
2024-09-09T15:42:00.000000000Z,1.1041,london,monday,2.7,0.4,11,,0.4,0.0,1,0
2024-09-09T15:43:00.000000000Z,1.10406,london,monday,3.1,0.0,10,,0.0,0.0,1,0
2024-09-09T15:44:00.000000000Z,1.1041,london,monday,2.7,0.2,9,,0.2,0.0,1,0
2024-09-09T15:45:00.000000000Z,1.10424,london,monday,1.3,1.6,,,0.0,0.0,0,0
2024-09-09T15:46:00.000000000Z,1.1042,london,monday,1.7,1.2,,,0.0,0.0,0,0
2024-09-09T15:47:00.000000000Z,1.10414,london,monday,2.3,0.6,,,0.0,0.0,0,0
2024-09-09T15:48:00.000000000Z,1.10422,london,monday,1.5,1.4,,,0.0,0.0,0,0
2024-09-09T15:49:00.000000000Z,1.10408,london,monday,2.9,0.0,4,,0.0,0.0,1,0
2024-09-09T15:50:00.000000000Z,1.10427,london,monday,1.0,1.2,,,0.0,0.0,0,0
2024-09-09T15:51:00.000000000Z,1.10426,london,monday,1.1,1.1,,,0.0,0.0,0,0
2024-09-09T15:52:00.000000000Z,1.10431,london,monday,0.6,1.6,,,0.0,0.0,0,0
2024-09-09T15:53:00.000000000Z,1.10437,london,monday,0.0,2.2,,,0.0,0.0,0,0
2024-09-09T15:54:00.000000000Z,1.10432,london,monday,0.2,1.7,,,0.0,0.0,0,0
2024-09-09T15:55:00.000000000Z,1.10424,london,monday,1.0,0.9,,,0.0,0.0,0,0
2024-09-09T15:56:00.000000000Z,1.10426,london,monday,0.8,1.1,,,0.0,0.0,0,0
2024-09-09T15:57:00.000000000Z,1.10434,london,monday,0.0,1.9,,,0.0,0.0,0,0
2024-09-09T15:58:00.000000000Z,1.10419,london,monday,0.0,0.4,,,0.0,0.0,0,0
2024-09-09T15:59:00.000000000Z,1.10415,london,monday,0.0,0.0,,,0.0,0.0,0,0
2024-09-16T08:00:00.000000000Z,1.11144,london,monday,14.4,0.0,2,,0.0,0.0,1,0
2024-09-16T08:01:00.000000000Z,1.11144,london,monday,14.4,0.0,1,,0.0,0.0,1,0
2024-09-16T08:02:00.000000000Z,1.11169,london,monday,11.9,1.3,13,,1.3,0.0,1,0
2024-09-16T08:03:00.000000000Z,1.11159,london,monday,12.9,0.3,10,,0.3,0.0,1,0
2024-09-16T08:04:00.000000000Z,1.11156,london,monday,13.2,0.0,9,,0.0,0.0,1,0
2024-09-16T08:05:00.000000000Z,1.11158,london,monday,13.0,0.0,8,,0.0,0.0,1,0
2024-09-16T08:06:00.000000000Z,1.1117,london,monday,11.8,1.2,9,,1.2,0.0,1,0
2024-09-16T08:07:00.000000000Z,1.11158,london,monday,13.0,0.0,6,,0.0,0.0,1,0
2024-09-16T08:08:00.000000000Z,1.11172,london,monday,11.6,0.5,8,,0.5,0.0,1,0
2024-09-16T08:09:00.000000000Z,1.11174,london,monday,11.4,0.7,8,,0.7,0.0,1,0
2024-09-16T08:10:00.000000000Z,1.11172,london,monday,11.6,0.5,6,,0.5,0.0,1,0
2024-09-16T08:11:00.000000000Z,1.11167,london,monday,12.1,0.0,4,,0.0,0.0,1,0
2024-09-16T08:12:00.000000000Z,1.11176,london,monday,11.2,0.0,5,,0.0,0.0,1,0
2024-09-16T08:13:00.000000000Z,1.11186,london,monday,10.2,0.0,6,,0.0,0.0,1,0
2024-09-16T08:14:00.000000000Z,1.11187,london,monday,10.1,0.0,5,,0.0,0.0,1,0
2024-09-16T08:15:00.000000000Z,1.11196,london,monday,9.2,0.9,9,,0.9,0.0,1,0
2024-09-16T08:16:00.000000000Z,1.11198,london,monday,9.0,1.1,8,,1.1,0.0,1,0
2024-09-16T08:17:00.000000000Z,1.11202,london,monday,8.6,1.5,12,,1.5,0.0,1,0
2024-09-16T08:18:00.000000000Z,1.11187,london,monday,10.1,0.0,1,,0.0,0.0,1,0
2024-09-16T08:19:00.000000000Z,1.11212,london,monday,7.6,1.8,37,,1.8,0.0,1,0
2024-09-16T08:20:00.000000000Z,1.11216,london,monday,7.2,2.2,37,,2.2,0.0,1,0
2024-09-16T08:21:00.000000000Z,1.11206,london,monday,8.2,1.2,27,,1.2,0.0,1,0
2024-09-16T08:22:00.000000000Z,1.11217,london,monday,7.1,2.3,35,,2.3,0.0,1,0
2024-09-16T08:23:00.000000000Z,1.1122,london,monday,6.8,2.6,34,16,2.6,0.7,1,1
2024-09-16T08:24:00.000000000Z,1.11226,london,monday,6.2,3.2,33,9,3.2,0.1,1,1
2024-09-16T08:25:00.000000000Z,1.11222,london,monday,6.6,2.8,32,14,2.8,0.5,1,1
2024-09-16T08:26:00.000000000Z,1.1122,london,monday,6.8,2.6,31,13,2.6,0.7,1,1
2024-09-16T08:27:00.000000000Z,1.11218,london,monday,7.0,2.4,30,,2.4,0.0,1,0
2024-09-16T08:28:00.000000000Z,1.11224,london,monday,6.4,3.0,29,11,3.0,0.3,1,1
2024-09-16T08:29:00.000000000Z,1.11227,london,monday,6.1,3.3,28,4,3.3,0.0,1,1
2024-09-16T08:30:00.000000000Z,1.11226,london,monday,6.2,3.2,27,3,3.2,0.1,1,1
2024-09-16T08:31:00.000000000Z,1.11227,london,monday,6.1,3.3,26,2,3.3,0.0,1,1
2024-09-16T08:32:00.000000000Z,1.1121,london,monday,7.8,1.6,24,,1.6,0.0,1,0
2024-09-16T08:33:00.000000000Z,1.112,london,monday,8.8,0.6,15,,0.6,0.0,1,0
2024-09-16T08:34:00.000000000Z,1.11206,london,monday,8.2,1.2,14,,1.2,0.0,1,0
2024-09-16T08:35:00.000000000Z,1.11202,london,monday,8.6,0.8,13,,0.8,0.0,1,0
2024-09-16T08:36:00.000000000Z,1.11199,london,monday,8.9,0.5,12,,0.5,0.0,1,0
2024-09-16T08:37:00.000000000Z,1.11205,london,monday,8.3,1.1,11,,1.1,0.0,1,0
2024-09-16T08:38:00.000000000Z,1.11202,london,monday,8.6,0.8,10,,0.8,0.0,1,0
2024-09-16T08:39:00.000000000Z,1.11194,london,monday,9.4,0.0,7,,0.0,0.0,1,0
2024-09-16T08:40:00.000000000Z,1.11195,london,monday,9.3,0.1,6,,0.0,0.0,1,0
2024-09-16T08:41:00.000000000Z,1.11204,london,monday,8.4,1.0,7,,0.0,0.0,1,0
2024-09-16T08:42:00.000000000Z,1.11216,london,monday,7.2,2.2,15,,0.8,0.0,1,0
2024-09-16T08:43:00.000000000Z,1.1121,london,monday,7.8,1.6,13,,0.2,0.0,1,0
2024-09-16T08:44:00.000000000Z,1.11216,london,monday,7.2,2.2,13,,0.8,0.0,1,0
2024-09-16T08:45:00.000000000Z,1.11214,london,monday,7.4,2.0,12,,0.6,0.0,1,0
2024-09-16T08:46:00.000000000Z,1.11222,london,monday,6.6,2.8,11,65,1.4,6.6,1,1
2024-09-16T08:47:00.000000000Z,1.11216,london,monday,7.2,2.2,10,,0.8,0.0,1,0
2024-09-16T08:48:00.000000000Z,1.11232,london,monday,5.6,3.8,9,12,2.4,2.8,1,1
2024-09-16T08:49:00.000000000Z,1.11212,london,monday,7.6,1.8,7,,0.4,0.0,1,0
2024-09-16T08:50:00.000000000Z,1.11208,london,monday,8.0,1.4,6,,0.0,0.0,1,0
2024-09-16T08:51:00.000000000Z,1.11221,london,monday,6.7,2.7,6,63,0.2,6.7,1,1
2024-09-16T08:52:00.000000000Z,1.11226,london,monday,6.2,3.2,5,9,0.7,3.4,1,1
2024-09-16T08:53:00.000000000Z,1.11227,london,monday,6.1,3.3,4,8,0.8,3.3,1,1
2024-09-16T08:54:00.000000000Z,1.11224,london,monday,6.4,3.0,3,57,0.5,6.4,1,1
2024-09-16T08:55:00.000000000Z,1.11219,london,monday,6.9,2.5,2,59,0.0,6.9,1,1
2024-09-16T08:56:00.000000000Z,1.11238,london,monday,5.0,4.4,11,4,3.7,2.2,1,1
2024-09-16T08:57:00.000000000Z,1.1126,london,monday,2.8,6.6,13,2,5.9,0.0,1,1
2024-09-16T08:58:00.000000000Z,1.1125,london,monday,3.8,5.6,9,2,4.9,0.0,1,1
2024-09-16T08:59:00.000000000Z,1.1123,london,monday,5.8,3.6,8,2,2.9,0.0,1,1
2024-09-16T09:00:00.000000000Z,1.11206,london,monday,8.2,1.2,4,,0.5,0.0,1,0
2024-09-16T09:01:00.000000000Z,1.11201,london,monday,8.7,0.7,2,,0.0,0.0,1,0
2024-09-16T09:02:00.000000000Z,1.11212,london,monday,7.6,1.8,3,,0.0,0.0,1,0
2024-09-16T09:03:00.000000000Z,1.11226,london,monday,6.2,3.2,4,48,0.0,6.2,1,1
2024-09-16T09:04:00.000000000Z,1.11234,london,monday,5.4,4.0,3,46,0.0,5.4,1,1
2024-09-16T09:05:00.000000000Z,1.11238,london,monday,5.0,4.4,2,44,0.0,5.0,1,1
2024-09-16T09:06:00.000000000Z,1.1125,london,monday,3.8,5.6,1,30,0.0,3.8,1,1
2024-09-16T09:07:00.000000000Z,1.11283,london,monday,0.5,8.9,,9,0.0,0.3,0,1
2024-09-16T09:08:00.000000000Z,1.11284,london,monday,0.4,9.0,,8,0.0,0.2,0,1
2024-09-16T09:09:00.000000000Z,1.11284,london,monday,0.4,9.0,,7,0.0,0.2,0,1
2024-09-16T09:10:00.000000000Z,1.11286,london,monday,0.2,9.2,,6,0.0,0.0,0,1
2024-09-16T09:11:00.000000000Z,1.11282,london,monday,0.6,8.8,,5,0.0,0.0,0,1
2024-09-16T09:12:00.000000000Z,1.11282,london,monday,0.6,8.8,,4,0.0,0.0,0,1
2024-09-16T09:13:00.000000000Z,1.1128,london,monday,0.8,8.6,,20,0.0,0.8,0,1
2024-09-16T09:14:00.000000000Z,1.1128,london,monday,0.8,8.6,,19,0.0,0.8,0,1
2024-09-16T09:15:00.000000000Z,1.11269,london,monday,1.9,7.5,,19,0.0,1.9,0,1
2024-09-16T09:16:00.000000000Z,1.11256,london,monday,3.2,6.2,3,20,0.0,3.2,1,1
2024-09-16T09:17:00.000000000Z,1.11276,london,monday,1.2,8.2,,16,0.0,1.2,0,1
2024-09-16T09:18:00.000000000Z,1.11279,london,monday,0.9,8.5,,15,0.0,0.9,0,1
2024-09-16T09:19:00.000000000Z,1.11284,london,monday,0.4,9.0,,14,0.0,0.4,0,1
2024-09-16T09:20:00.000000000Z,1.11268,london,monday,2.0,7.4,,14,0.0,2.0,0,1
2024-09-16T09:21:00.000000000Z,1.11276,london,monday,1.2,8.2,,12,0.0,1.2,0,1
2024-09-16T09:22:00.000000000Z,1.1127,london,monday,1.8,7.6,,12,0.0,1.8,0,1
2024-09-16T09:23:00.000000000Z,1.11266,london,monday,2.2,7.2,,13,0.0,2.2,0,1
2024-09-16T09:24:00.000000000Z,1.11273,london,monday,1.5,7.9,,9,0.0,1.5,0,1
2024-09-16T09:25:00.000000000Z,1.11285,london,monday,0.3,9.1,,8,0.0,0.3,0,1
2024-09-16T09:26:00.000000000Z,1.11283,london,monday,0.5,8.9,,7,0.0,0.5,0,1
2024-09-16T09:27:00.000000000Z,1.11288,london,monday,0.0,9.4,,5,0.0,0.0,0,1
2024-09-16T09:28:00.000000000Z,1.11284,london,monday,0.0,9.0,,5,0.0,0.0,0,1
2024-09-16T09:29:00.000000000Z,1.1128,london,monday,0.0,8.6,,4,0.0,0.0,0,1
2024-09-16T09:30:00.000000000Z,1.11273,london,monday,0.4,7.9,,3,0.0,0.0,0,1
2024-09-16T09:31:00.000000000Z,1.11268,london,monday,0.9,7.4,,3,0.0,0.0,0,1
2024-09-16T09:32:00.000000000Z,1.11262,london,monday,1.5,6.8,,4,0.0,0.0,0,1
2024-09-16T09:33:00.000000000Z,1.11247,london,monday,3.0,5.3,51,3,5.3,0.2,1,1
2024-09-16T09:34:00.000000000Z,1.11242,london,monday,3.5,4.8,43,4,4.8,0.7,1,1
2024-09-16T09:35:00.000000000Z,1.11249,london,monday,2.8,5.5,50,1,5.5,0.0,1,1
2024-09-16T09:36:00.000000000Z,1.11222,london,monday,5.5,3.5,35,15,2.8,0.9,1,1
2024-09-16T09:37:00.000000000Z,1.11218,london,monday,5.9,4.8,28,99,2.4,5.9,1,1
2024-09-16T09:38:00.000000000Z,1.11216,london,monday,6.1,5.1,27,98,2.2,6.1,1,1
2024-09-16T09:39:00.000000000Z,1.11218,london,monday,5.9,5.4,26,97,2.4,5.9,1,1
2024-09-16T09:40:00.000000000Z,1.11229,london,monday,4.8,6.5,36,11,3.5,0.2,1,1
2024-09-16T09:41:00.000000000Z,1.11219,london,monday,5.8,5.5,24,13,2.5,1.2,1,1
2024-09-16T09:42:00.000000000Z,1.11224,london,monday,5.3,6.0,33,9,3.0,0.7,1,1
2024-09-16T09:43:00.000000000Z,1.1122,london,monday,5.7,5.6,22,11,2.6,1.1,1,1
2024-09-16T09:44:00.000000000Z,1.11221,london,monday,5.6,5.7,21,10,2.7,1.0,1,1
2024-09-16T09:45:00.000000000Z,1.11224,london,monday,5.3,6.0,30,6,3.0,0.7,1,1
2024-09-16T09:46:00.000000000Z,1.11231,london,monday,4.6,6.7,30,5,3.7,0.0,1,1
2024-09-16T09:47:00.000000000Z,1.11221,london,monday,5.6,5.7,18,7,2.7,0.7,1,1
2024-09-16T09:48:00.000000000Z,1.11228,london,monday,4.9,6.4,28,3,3.4,0.0,1,1
2024-09-16T09:49:00.000000000Z,1.1121,london,monday,6.7,4.6,16,88,1.6,6.7,1,1
2024-09-16T09:50:00.000000000Z,1.11208,london,monday,6.9,4.4,15,87,1.4,6.9,1,1
2024-09-16T09:51:00.000000000Z,1.11196,london,monday,8.1,3.2,14,86,0.2,8.1,1,1
2024-09-16T09:52:00.000000000Z,1.11206,london,monday,7.1,4.2,13,85,1.2,7.1,1,1
2024-09-16T09:53:00.000000000Z,1.112,london,monday,7.7,3.6,12,84,0.6,7.7,1,1
2024-09-16T09:54:00.000000000Z,1.11194,london,monday,8.3,3.0,8,84,0.0,8.3,1,1
2024-09-16T09:55:00.000000000Z,1.11194,london,monday,8.3,3.0,7,83,0.0,8.3,1,1
2024-09-16T09:56:00.000000000Z,1.11201,london,monday,7.6,3.7,9,81,0.1,7.6,1,1
2024-09-16T09:57:00.000000000Z,1.11201,london,monday,7.6,3.7,8,80,0.1,7.6,1,1
2024-09-16T09:58:00.000000000Z,1.112,london,monday,7.7,3.6,7,79,0.0,7.7,1,1
2024-09-16T09:59:00.000000000Z,1.11206,london,monday,7.1,4.2,6,78,0.0,7.1,1,1
2024-09-16T10:00:00.000000000Z,1.11216,london,monday,6.1,5.2,5,76,0.2,6.1,1,1
2024-09-16T10:01:00.000000000Z,1.11214,london,monday,6.3,5.0,4,75,0.0,6.3,1,1
2024-09-16T10:02:00.000000000Z,1.1122,london,monday,5.7,5.6,3,73,0.6,5.7,1,1
2024-09-16T10:03:00.000000000Z,1.11214,london,monday,6.3,5.0,2,73,0.0,6.3,1,1
2024-09-16T10:04:00.000000000Z,1.1122,london,monday,5.7,5.6,1,71,0.0,5.7,1,1
2024-09-16T10:05:00.000000000Z,1.11246,london,monday,3.1,8.2,17,39,1.8,3.1,1,1
2024-09-16T10:06:00.000000000Z,1.1124,london,monday,3.7,7.6,11,38,1.2,3.7,1,1
2024-09-16T10:07:00.000000000Z,1.1123,london,monday,4.7,6.6,9,38,0.2,4.7,1,1
2024-09-16T10:08:00.000000000Z,1.11228,london,monday,4.9,6.4,8,64,0.0,4.9,1,1
2024-09-16T10:09:00.000000000Z,1.11232,london,monday,4.5,6.8,7,36,0.0,4.5,1,1
2024-09-16T10:10:00.000000000Z,1.11238,london,monday,3.9,7.4,7,34,0.0,3.9,1,1
2024-09-16T10:11:00.000000000Z,1.11248,london,monday,2.9,8.4,13,33,0.5,2.9,1,1
2024-09-16T10:12:00.000000000Z,1.11248,london,monday,2.9,8.4,12,32,0.5,2.9,1,1
2024-09-16T10:13:00.000000000Z,1.11243,london,monday,3.4,7.9,9,31,0.0,3.4,1,1
2024-09-16T10:14:00.000000000Z,1.11244,london,monday,3.3,8.0,8,30,0.0,3.3,1,1
2024-09-16T10:15:00.000000000Z,1.11252,london,monday,2.5,8.8,17,25,0.0,2.5,1,1
2024-09-16T10:16:00.000000000Z,1.11258,london,monday,1.9,9.4,,24,0.0,1.9,0,1
2024-09-16T10:17:00.000000000Z,1.11268,london,monday,0.9,10.4,,21,0.0,0.9,0,1
2024-09-16T10:18:00.000000000Z,1.11267,london,monday,1.0,10.3,,20,0.0,1.0,0,1
2024-09-16T10:19:00.000000000Z,1.11262,london,monday,1.5,9.8,,20,0.0,1.5,0,1
2024-09-16T10:20:00.000000000Z,1.11265,london,monday,1.2,10.1,,18,0.0,1.2,0,1
2024-09-16T10:21:00.000000000Z,1.11268,london,monday,0.9,10.4,,17,0.0,0.9,0,1
2024-09-16T10:22:00.000000000Z,1.11272,london,monday,0.5,10.8,,16,0.0,0.5,0,1
2024-09-16T10:23:00.000000000Z,1.11265,london,monday,1.2,10.1,,15,0.0,1.2,0,1
2024-09-16T10:24:00.000000000Z,1.11273,london,monday,0.4,10.9,,14,0.0,0.4,0,1
2024-09-16T10:25:00.000000000Z,1.11275,london,monday,0.2,11.1,,13,0.0,0.2,0,1
2024-09-16T10:26:00.000000000Z,1.1127,london,monday,0.7,10.6,,12,0.0,0.7,0,1
2024-09-16T10:27:00.000000000Z,1.1126,london,monday,1.7,9.6,,12,0.0,1.7,0,1
2024-09-16T10:28:00.000000000Z,1.1126,london,monday,1.7,9.6,,11,0.0,1.7,0,1
2024-09-16T10:29:00.000000000Z,1.11266,london,monday,1.1,10.2,,9,0.0,1.1,0,1
2024-09-16T10:30:00.000000000Z,1.11266,london,monday,1.1,10.2,,8,0.0,1.1,0,1
2024-09-16T10:31:00.000000000Z,1.11272,london,monday,0.5,10.8,,7,0.0,0.5,0,1
2024-09-16T10:32:00.000000000Z,1.11277,london,monday,0.0,11.3,,5,0.0,0.0,0,1
2024-09-16T10:33:00.000000000Z,1.11271,london,monday,0.9,10.7,,5,0.0,0.4,0,1
2024-09-16T10:34:00.000000000Z,1.11262,london,monday,1.8,9.8,,5,0.0,1.3,0,1
2024-09-16T10:35:00.000000000Z,1.11272,london,monday,0.8,10.8,,3,0.0,0.3,0,1
2024-09-16T10:36:00.000000000Z,1.11275,london,monday,0.5,11.1,,2,0.0,0.0,0,1
2024-09-16T10:37:00.000000000Z,1.1125,london,monday,3.0,8.6,86,3,8.6,0.0,1,1
2024-09-16T10:38:00.000000000Z,1.11238,london,monday,4.2,7.4,83,6,7.4,0.0,1,1
2024-09-16T10:39:00.000000000Z,1.11234,london,monday,4.6,7.0,82,5,7.0,0.0,1,1
2024-09-16T10:40:00.000000000Z,1.11224,london,monday,5.6,6.0,23,34,2.1,2.9,1,1
2024-09-16T10:41:00.000000000Z,1.11231,london,monday,4.9,6.7,79,4,6.7,0.0,1,1
2024-09-16T10:42:00.000000000Z,1.11227,london,monday,5.3,6.3,21,30,2.4,2.6,1,1
2024-09-16T10:43:00.000000000Z,1.11224,london,monday,6.0,6.0,20,31,2.1,2.9,1,1
2024-09-16T10:44:00.000000000Z,1.11208,london,monday,7.6,4.4,18,33,0.5,4.5,1,1
2024-09-16T10:45:00.000000000Z,1.11203,london,monday,8.1,3.9,5,32,0.0,5.0,1,1
2024-09-16T10:46:00.000000000Z,1.11218,london,monday,6.6,5.4,17,30,0.7,3.5,1,1
2024-09-16T10:47:00.000000000Z,1.1122,london,monday,6.8,5.6,16,28,0.9,3.3,1,1
2024-09-16T10:48:00.000000000Z,1.11226,london,monday,6.7,6.2,15,24,1.5,2.7,1,1
2024-09-16T10:49:00.000000000Z,1.11224,london,monday,7.1,6.0,14,25,1.3,2.9,1,1
2024-09-16T10:50:00.000000000Z,1.11231,london,monday,7.7,6.7,70,22,6.7,2.2,1,1
2024-09-16T10:51:00.000000000Z,1.11226,london,monday,8.9,6.2,12,21,1.5,2.7,1,1
2024-09-16T10:52:00.000000000Z,1.1122,london,monday,9.9,5.6,11,23,0.9,3.3,1,1
2024-09-16T10:53:00.000000000Z,1.11211,london,monday,10.8,4.7,9,24,0.0,4.2,1,1
2024-09-16T10:54:00.000000000Z,1.11216,london,monday,10.3,5.2,8,22,0.0,3.7,1,1
2024-09-16T10:55:00.000000000Z,1.11223,london,monday,9.6,5.9,8,19,0.3,3.0,1,1
2024-09-16T10:56:00.000000000Z,1.11222,london,monday,9.7,5.8,7,18,0.2,3.1,1,1
2024-09-16T10:57:00.000000000Z,1.11224,london,monday,9.5,6.0,6,17,0.4,2.9,1,1
2024-09-16T10:58:00.000000000Z,1.11224,london,monday,9.5,6.0,5,16,0.4,2.9,1,1
2024-09-16T10:59:00.000000000Z,1.1122,london,monday,9.9,5.6,4,16,0.0,3.3,1,1
2024-09-16T11:00:00.000000000Z,1.11224,london,monday,9.5,6.0,3,14,0.0,2.9,1,1
2024-09-16T11:01:00.000000000Z,1.11227,london,monday,9.2,6.3,2,11,0.0,2.6,1,1
2024-09-16T11:02:00.000000000Z,1.11242,london,monday,7.7,7.8,59,6,7.8,1.1,1,1
2024-09-16T11:03:00.000000000Z,1.11253,london,monday,6.6,8.9,70,4,8.9,0.0,1,1
2024-09-16T11:04:00.000000000Z,1.1125,london,monday,6.9,8.6,59,3,8.6,0.0,1,1
2024-09-16T11:05:00.000000000Z,1.11248,london,monday,7.1,8.4,58,3,8.4,0.0,1,1
2024-09-16T11:06:00.000000000Z,1.11234,london,monday,8.5,7.0,55,3,7.0,0.0,1,1
2024-09-16T11:07:00.000000000Z,1.11225,london,monday,9.4,6.1,32,7,6.1,0.0,1,1
2024-09-16T11:08:00.000000000Z,1.11214,london,monday,10.5,5.0,29,8,5.0,0.0,1,1
2024-09-16T11:09:00.000000000Z,1.11208,london,monday,11.1,4.4,26,8,4.4,0.2,1,1
2024-09-16T11:10:00.000000000Z,1.11206,london,monday,11.3,4.2,25,7,4.2,0.4,1,1
2024-09-16T11:11:00.000000000Z,1.1121,london,monday,10.9,4.6,26,6,4.6,0.0,1,1
2024-09-16T11:12:00.000000000Z,1.112,london,monday,11.9,3.6,23,5,3.6,0.3,1,1
2024-09-16T11:13:00.000000000Z,1.11203,london,monday,11.6,3.9,22,4,3.9,0.0,1,1
2024-09-16T11:14:00.000000000Z,1.11196,london,monday,12.3,3.2,21,3,3.2,0.0,1,1
2024-09-16T11:15:00.000000000Z,1.11194,london,monday,12.5,3.0,20,3,3.0,0.0,1,1
2024-09-16T11:16:00.000000000Z,1.11187,london,monday,13.2,2.3,8,,2.3,0.0,1,0
2024-09-16T11:17:00.000000000Z,1.1117,london,monday,14.9,0.6,4,,0.6,0.0,1,0
2024-09-16T11:18:00.000000000Z,1.11165,london,monday,15.4,0.1,3,,0.1,0.0,1,0
2024-09-16T11:19:00.000000000Z,1.11164,london,monday,15.5,0.0,2,,0.0,0.0,1,0
2024-09-16T11:20:00.000000000Z,1.11184,london,monday,13.5,0.8,4,,0.0,0.0,1,0
2024-09-16T11:21:00.000000000Z,1.11196,london,monday,12.3,2.0,14,,0.8,0.0,1,0
2024-09-16T11:22:00.000000000Z,1.11188,london,monday,13.1,1.2,9,,0.0,0.0,1,0
2024-09-16T11:23:00.000000000Z,1.11202,london,monday,11.7,2.6,12,77,0.8,11.7,1,1
2024-09-16T11:24:00.000000000Z,1.11212,london,monday,10.7,3.6,13,76,1.8,10.7,1,1
2024-09-16T11:25:00.000000000Z,1.1121,london,monday,10.9,3.4,12,75,1.6,10.9,1,1
2024-09-16T11:26:00.000000000Z,1.11194,london,monday,12.5,1.8,9,,0.0,0.0,1,0
2024-09-16T11:27:00.000000000Z,1.11211,london,monday,10.8,3.5,10,73,0.7,10.8,1,1
2024-09-16T11:28:00.000000000Z,1.11204,london,monday,11.5,2.8,7,72,0.0,11.5,1,1
2024-09-16T11:29:00.000000000Z,1.11206,london,monday,11.3,3.0,6,71,0.2,11.3,1,1
2024-09-16T11:30:00.000000000Z,1.11204,london,monday,11.5,2.8,5,70,0.0,11.5,1,1
2024-09-16T11:31:00.000000000Z,1.11213,london,monday,10.6,3.7,6,69,0.0,10.6,1,1
2024-09-16T11:32:00.000000000Z,1.11215,london,monday,10.4,3.9,5,68,0.0,10.4,1,1
2024-09-16T11:33:00.000000000Z,1.11218,london,monday,10.1,4.2,4,67,0.2,10.1,1,1
2024-09-16T11:34:00.000000000Z,1.11216,london,monday,10.3,4.0,3,66,0.0,10.3,1,1
2024-09-16T11:35:00.000000000Z,1.11234,london,monday,8.5,5.8,26,65,2.0,8.5,1,1
2024-09-16T11:36:00.000000000Z,1.11232,london,monday,8.7,5.6,24,64,1.8,8.7,1,1
2024-09-16T11:37:00.000000000Z,1.11245,london,monday,7.4,6.9,24,13,3.1,0.8,1,1
2024-09-16T11:38:00.000000000Z,1.1124,london,monday,7.9,6.4,23,13,2.6,1.3,1,1
2024-09-16T11:39:00.000000000Z,1.11251,london,monday,6.8,7.5,24,10,3.7,0.2,1,1
2024-09-16T11:40:00.000000000Z,1.11248,london,monday,7.1,7.2,23,9,3.4,0.5,1,1
2024-09-16T11:41:00.000000000Z,1.11244,london,monday,7.5,6.8,20,9,3.0,0.9,1,1
2024-09-16T11:42:00.000000000Z,1.11253,london,monday,6.6,7.7,31,7,3.9,0.0,1,1
2024-09-16T11:43:00.000000000Z,1.11252,london,monday,6.7,7.6,20,6,3.8,0.0,1,1
2024-09-16T11:44:00.000000000Z,1.11236,london,monday,8.3,6.0,17,56,2.2,8.3,1,1
2024-09-16T11:45:00.000000000Z,1.11237,london,monday,8.2,6.1,16,53,2.3,8.2,1,1
2024-09-16T11:46:00.000000000Z,1.1123,london,monday,8.9,5.4,14,54,1.6,8.9,1,1
2024-09-16T11:47:00.000000000Z,1.1123,london,monday,8.9,5.4,13,53,1.6,8.9,1,1
2024-09-16T11:48:00.000000000Z,1.11232,london,monday,8.7,5.6,12,52,1.8,8.7,1,1
2024-09-16T11:49:00.000000000Z,1.11222,london,monday,9.7,4.6,8,51,0.8,9.7,1,1
2024-09-16T11:50:00.000000000Z,1.11216,london,monday,11.4,4.0,7,50,0.2,10.3,1,1
2024-09-16T11:51:00.000000000Z,1.11214,london,monday,11.6,3.8,6,49,0.0,10.5,1,1
2024-09-16T11:52:00.000000000Z,1.11214,london,monday,12.2,3.8,5,48,0.0,10.5,1,1
2024-09-16T11:53:00.000000000Z,1.11234,london,monday,10.6,5.8,8,47,0.1,8.5,1,1
2024-09-16T11:54:00.000000000Z,1.11236,london,monday,10.8,6.0,7,46,0.3,8.3,1,1
2024-09-16T11:55:00.000000000Z,1.11236,london,monday,11.8,6.0,6,45,0.3,8.3,1,1
2024-09-16T11:56:00.000000000Z,1.11233,london,monday,12.1,5.7,5,44,0.0,8.6,1,1
2024-09-16T11:57:00.000000000Z,1.11248,london,monday,10.6,7.2,6,41,1.0,7.1,1,1
2024-09-16T11:58:00.000000000Z,1.11244,london,monday,11.0,6.8,3,40,0.6,7.5,1,1
2024-09-16T11:59:00.000000000Z,1.11238,london,monday,11.6,6.2,2,39,0.0,8.1,1,1
2024-09-16T12:00:00.000000000Z,1.11258,london,monday,9.6,8.2,23,36,2.0,6.1,1,1
2024-09-16T12:01:00.000000000Z,1.11272,london,monday,8.2,9.6,29,4,3.4,0.5,1,1
2024-09-16T12:02:00.000000000Z,1.1127,london,monday,8.4,9.4,27,3,3.2,0.7,1,1
2024-09-16T12:03:00.000000000Z,1.11277,london,monday,7.7,10.1,27,2,3.9,0.0,1,1
2024-09-16T12:04:00.000000000Z,1.11264,london,monday,9.0,8.8,24,1,2.6,0.0,1,1
2024-09-16T12:05:00.000000000Z,1.11238,london,monday,11.6,6.2,2,33,0.0,8.1,1,1
2024-09-16T12:06:00.000000000Z,1.11244,london,monday,11.0,6.8,5,32,0.0,7.5,1,1
2024-09-16T12:07:00.000000000Z,1.11264,london,monday,9.0,8.8,21,28,1.9,5.5,1,1
2024-09-16T12:08:00.000000000Z,1.11262,london,monday,9.2,8.6,19,28,1.7,5.7,1,1
2024-09-16T12:09:00.000000000Z,1.11259,london,monday,9.5,8.3,14,27,1.4,6.0,1,1
2024-09-16T12:10:00.000000000Z,1.11265,london,monday,8.9,8.9,18,25,2.0,5.4,1,1
2024-09-16T12:11:00.000000000Z,1.11272,london,monday,8.2,9.6,19,4,2.7,0.8,1,1
2024-09-16T12:12:00.000000000Z,1.11271,london,monday,8.3,9.5,18,3,2.6,0.9,1,1
2024-09-16T12:13:00.000000000Z,1.1128,london,monday,7.4,10.4,17,2,3.5,0.0,1,1
2024-09-16T12:14:00.000000000Z,1.11266,london,monday,8.8,9.0,14,21,2.1,5.3,1,1
2024-09-16T12:15:00.000000000Z,1.11246,london,monday,10.8,7.0,6,23,0.1,7.3,1,1
2024-09-16T12:16:00.000000000Z,1.11264,london,monday,9.0,8.8,12,19,1.9,5.5,1,1
2024-09-16T12:17:00.000000000Z,1.11268,london,monday,8.6,9.2,11,18,2.3,5.1,1,1
2024-09-16T12:18:00.000000000Z,1.11245,london,monday,10.9,6.9,3,20,0.0,7.4,1,1
2024-09-16T12:19:00.000000000Z,1.11254,london,monday,10.0,7.8,4,18,0.0,6.5,1,1
2024-09-16T12:20:00.000000000Z,1.11264,london,monday,9.0,8.8,8,15,0.0,5.5,1,1
2024-09-16T12:21:00.000000000Z,1.11274,london,monday,8.0,9.8,9,14,0.4,4.5,1,1
2024-09-16T12:22:00.000000000Z,1.11278,london,monday,7.6,10.2,8,13,0.8,4.1,1,1
2024-09-16T12:23:00.000000000Z,1.11284,london,monday,7.0,10.8,8,11,1.4,3.5,1,1
2024-09-16T12:24:00.000000000Z,1.1127,london,monday,8.4,9.4,5,11,0.0,4.9,1,1
2024-09-16T12:25:00.000000000Z,1.11276,london,monday,7.8,10.0,5,10,0.0,4.3,1,1
2024-09-16T12:26:00.000000000Z,1.11277,london,monday,7.7,10.1,4,9,0.0,4.2,1,1
2024-09-16T12:27:00.000000000Z,1.11288,london,monday,6.6,11.2,4,7,0.0,3.1,1,1
2024-09-16T12:28:00.000000000Z,1.11293,london,monday,6.1,11.7,4,6,0.0,2.6,1,1
2024-09-16T12:29:00.000000000Z,1.11295,london,monday,5.9,11.9,61,5,11.9,2.4,1,1
2024-09-16T12:30:00.000000000Z,1.11308,london,monday,4.6,13.2,62,3,13.2,1.1,1,1
2024-09-16T12:31:00.000000000Z,1.11315,london,monday,3.9,13.9,63,2,13.9,0.4,1,1
2024-09-16T12:32:00.000000000Z,1.11319,london,monday,3.5,14.3,62,1,14.3,0.0,1,1
2024-09-16T12:33:00.000000000Z,1.11272,london,monday,8.2,9.6,44,2,9.6,0.0,1,1
2024-09-16T12:34:00.000000000Z,1.11255,london,monday,9.9,7.9,43,3,7.9,0.0,1,1
2024-09-16T12:35:00.000000000Z,1.11238,london,monday,11.6,6.2,39,3,6.2,0.0,1,1
2024-09-16T12:36:00.000000000Z,1.11232,london,monday,12.2,5.6,24,4,5.6,0.0,1,1
2024-09-16T12:37:00.000000000Z,1.11224,london,monday,13.0,4.8,21,3,4.8,0.0,1,1
2024-09-16T12:38:00.000000000Z,1.11212,london,monday,14.2,3.6,19,2,3.6,0.2,1,1
2024-09-16T12:39:00.000000000Z,1.11214,london,monday,14.0,3.8,18,1,3.8,0.0,1,1
2024-09-16T12:40:00.000000000Z,1.11176,london,monday,17.8,0.0,2,,0.0,0.0,1,0
2024-09-16T12:41:00.000000000Z,1.11184,london,monday,17.0,0.0,1,,0.0,0.0,1,0
2024-09-16T12:42:00.000000000Z,1.11222,london,monday,13.2,2.2,16,,2.2,0.0,1,0
2024-09-16T12:43:00.000000000Z,1.112,london,monday,15.4,0.0,6,,0.0,0.0,1,0
2024-09-16T12:44:00.000000000Z,1.11202,london,monday,15.2,0.0,5,,0.0,0.0,1,0
2024-09-16T12:45:00.000000000Z,1.11202,london,monday,15.2,0.0,4,,0.0,0.0,1,0
2024-09-16T12:46:00.000000000Z,1.11219,london,monday,13.5,0.8,11,,0.8,0.0,1,0
2024-09-16T12:47:00.000000000Z,1.11211,london,monday,14.3,0.0,10,,0.0,0.0,1,0
2024-09-16T12:48:00.000000000Z,1.11221,london,monday,13.3,0.7,10,,0.7,0.0,1,0
2024-09-16T12:49:00.000000000Z,1.11231,london,monday,12.3,1.7,11,,1.7,0.0,1,0
2024-09-16T12:50:00.000000000Z,1.11214,london,monday,14.0,0.0,7,,0.0,0.0,1,0
2024-09-16T12:51:00.000000000Z,1.11214,london,monday,14.0,0.0,6,,0.0,0.0,1,0
2024-09-16T12:52:00.000000000Z,1.11219,london,monday,13.5,0.1,5,,0.0,0.0,1,0
2024-09-16T12:53:00.000000000Z,1.11234,london,monday,12.0,1.6,21,,1.0,0.0,1,0
2024-09-16T12:54:00.000000000Z,1.11228,london,monday,12.6,1.0,6,,0.4,0.0,1,0
2024-09-16T12:55:00.000000000Z,1.11234,london,monday,12.0,1.6,19,,1.0,0.0,1,0
2024-09-16T12:56:00.000000000Z,1.11224,london,monday,13.0,0.6,2,,0.0,0.0,1,0
2024-09-16T12:57:00.000000000Z,1.11245,london,monday,10.9,2.7,18,69,1.0,10.9,1,1
2024-09-16T12:58:00.000000000Z,1.1125,london,monday,10.4,3.2,18,67,1.5,10.4,1,1
2024-09-16T12:59:00.000000000Z,1.1125,london,monday,10.4,3.2,17,66,1.5,10.4,1,1
2024-09-16T13:00:00.000000000Z,1.11257,london,monday,9.7,3.9,17,64,2.2,9.7,1,1
2024-09-16T13:01:00.000000000Z,1.11239,london,monday,11.5,2.1,13,,0.4,0.0,1,0
2024-09-16T13:02:00.000000000Z,1.11244,london,monday,11.0,2.6,13,64,0.9,11.0,1,1
2024-09-16T13:03:00.000000000Z,1.11251,london,monday,10.3,4.1,14,62,1.6,10.3,1,1
2024-09-16T13:04:00.000000000Z,1.11253,london,monday,10.1,5.8,13,60,1.8,10.1,1,1
2024-09-16T13:05:00.000000000Z,1.11235,london,monday,11.9,4.0,9,99,0.0,11.9,1,1
2024-09-16T13:06:00.000000000Z,1.1125,london,monday,10.4,6.0,10,59,1.0,10.4,1,1
2024-09-16T13:07:00.000000000Z,1.11254,london,monday,10.0,7.0,10,57,1.4,10.0,1,1
2024-09-16T13:08:00.000000000Z,1.1125,london,monday,10.4,6.6,8,57,1.0,10.4,1,1
2024-09-16T13:09:00.000000000Z,1.1124,london,monday,11.4,5.6,5,94,0.0,11.4,1,1
2024-09-16T13:10:00.000000000Z,1.11256,london,monday,9.8,7.2,7,54,0.1,9.8,1,1
2024-09-16T13:11:00.000000000Z,1.11255,london,monday,9.9,7.1,6,53,0.0,9.9,1,1
2024-09-16T13:12:00.000000000Z,1.11259,london,monday,9.5,7.5,5,52,0.4,9.5,1,1
2024-09-16T13:13:00.000000000Z,1.11255,london,monday,9.9,7.1,4,51,0.0,9.9,1,1
2024-09-16T13:14:00.000000000Z,1.11266,london,monday,8.8,8.2,3,50,0.0,8.8,1,1
2024-09-16T13:15:00.000000000Z,1.1127,london,monday,8.4,8.6,2,49,0.0,8.4,1,1
2024-09-16T13:16:00.000000000Z,1.11276,london,monday,7.8,9.2,11,44,2.4,7.8,1,1
2024-09-16T13:17:00.000000000Z,1.11298,london,monday,5.6,11.4,13,2,4.6,0.0,1,1
2024-09-16T13:18:00.000000000Z,1.11298,london,monday,5.6,11.4,12,1,4.6,0.0,1,1
2024-09-16T13:19:00.000000000Z,1.1127,london,monday,8.4,8.6,8,45,1.8,8.4,1,1
2024-09-16T13:20:00.000000000Z,1.11278,london,monday,7.6,9.4,7,2,2.6,0.0,1,1
2024-09-16T13:21:00.000000000Z,1.11268,london,monday,8.6,8.4,6,43,1.6,8.6,1,1
2024-09-16T13:22:00.000000000Z,1.11252,london,monday,10.2,6.8,2,43,0.0,10.2,1,1
2024-09-16T13:23:00.000000000Z,1.11271,london,monday,8.3,8.7,4,41,0.0,8.3,1,1
2024-09-16T13:24:00.000000000Z,1.11278,london,monday,7.6,9.4,3,36,0.0,7.6,1,1
2024-09-16T13:25:00.000000000Z,1.11284,london,monday,7.0,10.0,5,35,0.0,7.0,1,1
2024-09-16T13:26:00.000000000Z,1.11284,london,monday,7.0,10.0,4,34,0.0,7.0,1,1
2024-09-16T13:27:00.000000000Z,1.11306,london,monday,4.8,12.2,5,19,0.8,4.8,1,1
2024-09-16T13:28:00.000000000Z,1.11298,london,monday,5.6,11.4,2,32,0.0,5.6,1,1
2024-09-16T13:29:00.000000000Z,1.11306,london,monday,4.8,12.2,3,17,0.0,4.8,1,1
2024-09-16T13:30:00.000000000Z,1.1133,london,monday,2.4,14.6,,15,0.0,2.4,0,1
2024-09-16T13:31:00.000000000Z,1.11318,london,monday,3.6,13.4,3,14,0.0,3.6,1,1
2024-09-16T13:32:00.000000000Z,1.11336,london,monday,1.8,15.2,,11,0.0,1.8,0,1
2024-09-16T13:33:00.000000000Z,1.1134,london,monday,1.4,15.6,,4,0.0,1.4,0,1
2024-09-16T13:34:00.000000000Z,1.11344,london,monday,1.0,16.0,,3,0.0,1.0,0,1
2024-09-16T13:35:00.000000000Z,1.11354,london,monday,0.0,17.0,,2,0.0,0.0,0,1
2024-09-16T13:36:00.000000000Z,1.11345,london,monday,0.0,16.1,,1,0.0,0.0,0,1
2024-09-16T13:37:00.000000000Z,1.11314,london,monday,2.0,13.0,,8,0.0,2.0,0,1
2024-09-16T13:38:00.000000000Z,1.11334,london,monday,0.0,15.0,,5,0.0,0.0,0,1
2024-09-16T13:39:00.000000000Z,1.11328,london,monday,0.1,14.4,,6,0.0,0.1,0,1
2024-09-16T13:40:00.000000000Z,1.11329,london,monday,0.0,14.5,,5,0.0,0.0,0,1
2024-09-16T13:41:00.000000000Z,1.1132,london,monday,0.2,13.6,,4,0.0,0.2,0,1
2024-09-16T13:42:00.000000000Z,1.11318,london,monday,0.4,13.4,,3,0.0,0.4,0,1
2024-09-16T13:43:00.000000000Z,1.11308,london,monday,1.4,12.4,,3,0.0,1.4,0,1
2024-09-16T13:44:00.000000000Z,1.11322,london,monday,0.0,13.8,,1,0.0,0.0,0,1
2024-09-16T13:45:00.000000000Z,1.11286,london,monday,1.9,10.2,,15,0.0,1.9,0,1
2024-09-16T13:46:00.000000000Z,1.11277,london,monday,2.8,9.3,9,14,0.1,2.8,1,1
2024-09-16T13:47:00.000000000Z,1.11278,london,monday,2.7,9.4,8,13,0.2,2.7,1,1
2024-09-16T13:48:00.000000000Z,1.11288,london,monday,1.7,10.4,,12,0.0,1.7,0,1
2024-09-16T13:49:00.000000000Z,1.11296,london,monday,0.9,11.2,,11,0.0,0.9,0,1
2024-09-16T13:50:00.000000000Z,1.11292,london,monday,1.3,10.8,,10,0.0,1.3,0,1
2024-09-16T13:51:00.000000000Z,1.11276,london,monday,2.9,9.2,3,9,0.0,2.9,1,1
2024-09-16T13:52:00.000000000Z,1.11286,london,monday,1.9,10.2,,8,0.0,1.9,0,1
2024-09-16T13:53:00.000000000Z,1.11282,london,monday,2.3,9.8,,7,0.0,2.3,0,1
2024-09-16T13:54:00.000000000Z,1.11301,london,monday,0.4,11.7,,3,0.0,0.4,0,1
2024-09-16T13:55:00.000000000Z,1.11305,london,monday,0.0,12.1,,2,0.0,0.0,0,1
2024-09-16T13:56:00.000000000Z,1.11302,london,monday,0.0,11.8,,1,0.0,0.0,0,1
2024-09-16T13:57:00.000000000Z,1.11275,london,monday,2.6,9.1,41,3,5.7,2.1,1,1
2024-09-16T13:58:00.000000000Z,1.11281,london,monday,2.0,11.3,,2,0.0,1.5,0,1
2024-09-16T13:59:00.000000000Z,1.11296,london,monday,0.5,12.8,,1,0.0,0.0,0,1
2024-09-16T14:00:00.000000000Z,1.11248,london,monday,5.3,8.0,16,5,3.0,1.4,1,1
2024-09-16T14:01:00.000000000Z,1.11262,london,monday,3.9,9.4,35,3,4.4,0.0,1,1
2024-09-16T14:02:00.000000000Z,1.11257,london,monday,4.4,8.9,29,2,3.9,0.0,1,1
2024-09-16T14:03:00.000000000Z,1.11255,london,monday,4.6,8.7,28,1,3.7,0.0,1,1
2024-09-16T14:04:00.000000000Z,1.11228,london,monday,7.3,6.0,11,40,1.0,7.3,1,1
2024-09-16T14:05:00.000000000Z,1.11222,london,monday,7.9,5.4,9,39,0.4,7.9,1,1
2024-09-16T14:06:00.000000000Z,1.11218,london,monday,8.3,5.0,7,40,0.0,8.3,1,1
2024-09-16T14:07:00.000000000Z,1.11218,london,monday,8.3,5.0,6,39,0.0,8.3,1,1
2024-09-16T14:08:00.000000000Z,1.1122,london,monday,8.1,5.2,6,36,0.2,8.1,1,1
2024-09-16T14:09:00.000000000Z,1.11223,london,monday,7.8,5.5,6,35,0.5,7.8,1,1
2024-09-16T14:10:00.000000000Z,1.11229,london,monday,7.2,6.1,5,34,1.1,7.2,1,1
2024-09-16T14:11:00.000000000Z,1.11218,london,monday,8.3,5.0,2,35,0.0,8.3,1,1
2024-09-16T14:12:00.000000000Z,1.11218,london,monday,8.3,5.0,1,34,0.0,8.3,1,1
2024-09-16T14:13:00.000000000Z,1.11244,london,monday,5.7,7.6,3,30,0.0,5.7,1,1
2024-09-16T14:14:00.000000000Z,1.11247,london,monday,5.4,7.9,2,29,0.0,5.4,1,1
2024-09-16T14:15:00.000000000Z,1.11262,london,monday,3.9,9.4,21,27,0.8,3.9,1,1
2024-09-16T14:16:00.000000000Z,1.11274,london,monday,2.7,10.6,22,25,2.0,2.7,1,1
2024-09-16T14:17:00.000000000Z,1.11268,london,monday,3.3,10.0,21,25,1.4,3.3,1,1
2024-09-16T14:18:00.000000000Z,1.1127,london,monday,3.1,10.2,20,23,1.6,3.1,1,1
2024-09-16T14:19:00.000000000Z,1.11274,london,monday,2.7,10.6,19,22,2.0,2.7,1,1
2024-09-16T14:20:00.000000000Z,1.11258,london,monday,4.3,9.0,11,22,0.4,4.3,1,1
2024-09-16T14:21:00.000000000Z,1.11278,london,monday,2.3,11.0,,20,0.0,2.3,0,1
2024-09-16T14:22:00.000000000Z,1.1127,london,monday,3.1,10.2,16,19,1.6,3.1,1,1
2024-09-16T14:23:00.000000000Z,1.11256,london,monday,4.5,8.8,8,19,0.2,4.5,1,1
2024-09-16T14:24:00.000000000Z,1.11254,london,monday,4.7,8.6,7,18,0.0,4.7,1,1
2024-09-16T14:25:00.000000000Z,1.11269,london,monday,3.2,10.1,13,17,1.1,3.2,1,1
2024-09-16T14:26:00.000000000Z,1.11274,london,monday,2.7,10.6,12,15,1.6,2.7,1,1
2024-09-16T14:27:00.000000000Z,1.11271,london,monday,3.0,10.3,11,14,1.3,3.0,1,1
2024-09-16T14:28:00.000000000Z,1.11258,london,monday,4.3,9.0,3,14,0.0,4.3,1,1
2024-09-16T14:29:00.000000000Z,1.11277,london,monday,2.4,10.9,,12,0.0,2.4,0,1
2024-09-16T14:30:00.000000000Z,1.11274,london,monday,2.7,10.6,8,11,0.0,2.7,1,1
2024-09-16T14:31:00.000000000Z,1.11285,london,monday,1.6,11.7,,10,0.0,1.6,0,1
2024-09-16T14:32:00.000000000Z,1.1128,london,monday,2.1,11.2,,9,0.0,2.1,0,1
2024-09-16T14:33:00.000000000Z,1.11284,london,monday,1.7,11.6,,8,0.0,1.7,0,1
2024-09-16T14:34:00.000000000Z,1.11282,london,monday,1.9,11.4,,7,0.0,1.9,0,1
2024-09-16T14:35:00.000000000Z,1.11284,london,monday,1.7,11.6,,6,0.0,1.7,0,1
2024-09-16T14:36:00.000000000Z,1.11289,london,monday,1.2,12.1,,4,0.0,1.2,0,1
2024-09-16T14:37:00.000000000Z,1.11292,london,monday,0.9,12.4,,3,0.0,0.9,0,1
2024-09-16T14:38:00.000000000Z,1.11301,london,monday,0.0,13.3,,2,0.0,0.0,0,1
2024-09-16T14:39:00.000000000Z,1.11286,london,monday,0.0,11.8,,2,0.0,0.0,0,1
2024-09-16T14:40:00.000000000Z,1.11261,london,monday,0.0,9.3,,2,0.0,0.0,0,1
2024-09-16T14:41:00.000000000Z,1.11244,london,monday,0.0,7.6,,2,0.0,0.0,0,1
2024-09-16T14:42:00.000000000Z,1.11224,london,monday,1.9,5.6,,2,0.0,0.0,0,1
2024-09-16T14:43:00.000000000Z,1.1121,london,monday,3.3,4.2,13,4,2.6,0.0,1,1
2024-09-16T14:44:00.000000000Z,1.11195,london,monday,4.8,2.7,6,54,1.1,4.8,1,1
2024-09-16T14:45:00.000000000Z,1.112,london,monday,4.3,3.2,6,53,1.6,4.3,1,1
2024-09-16T14:46:00.000000000Z,1.1119,london,monday,5.3,2.2,4,,0.6,0.0,1,0
2024-09-16T14:47:00.000000000Z,1.11184,london,monday,5.9,1.6,2,,0.0,0.0,1,0
2024-09-16T14:48:00.000000000Z,1.11198,london,monday,4.5,3.0,3,50,0.0,4.5,1,1
2024-09-16T14:49:00.000000000Z,1.11214,london,monday,2.9,4.6,7,48,0.0,2.9,1,1
2024-09-16T14:50:00.000000000Z,1.11221,london,monday,2.2,5.3,,17,0.0,2.2,0,1
2024-09-16T14:51:00.000000000Z,1.11226,london,monday,1.7,5.8,,15,0.0,1.7,0,1
2024-09-16T14:52:00.000000000Z,1.11232,london,monday,1.1,6.4,,13,0.0,1.1,0,1
2024-09-16T14:53:00.000000000Z,1.11227,london,monday,1.6,5.9,,13,0.0,1.6,0,1
2024-09-16T14:54:00.000000000Z,1.11221,london,monday,2.2,5.3,,13,0.0,2.2,0,1
2024-09-16T14:55:00.000000000Z,1.11228,london,monday,1.5,6.0,,11,0.0,1.5,0,1
2024-09-16T14:56:00.000000000Z,1.11243,london,monday,0.0,7.5,,7,0.0,0.0,0,1
2024-09-16T14:57:00.000000000Z,1.11234,london,monday,0.8,6.6,,8,0.0,0.8,0,1
2024-09-16T14:58:00.000000000Z,1.11242,london,monday,0.0,7.4,,5,0.0,0.0,0,1
2024-09-16T14:59:00.000000000Z,1.11238,london,monday,0.0,7.0,,4,0.0,0.0,0,1
2024-09-16T15:00:00.000000000Z,1.11228,london,monday,1.0,6.0,,6,0.0,0.2,0,1
2024-09-16T15:01:00.000000000Z,1.1123,london,monday,0.8,6.2,,5,0.0,0.0,0,1
2024-09-16T15:02:00.000000000Z,1.11226,london,monday,1.2,5.8,,4,0.0,0.0,0,1
2024-09-16T15:03:00.000000000Z,1.11211,london,monday,2.7,4.3,22,34,1.7,2.7,1,1
2024-09-16T15:04:00.000000000Z,1.1121,london,monday,2.8,4.2,21,33,1.6,2.8,1,1
2024-09-16T15:05:00.000000000Z,1.11206,london,monday,3.2,3.8,13,33,1.2,3.2,1,1
2024-09-16T15:06:00.000000000Z,1.11201,london,monday,3.7,3.3,3,32,0.7,3.7,1,1
2024-09-16T15:07:00.000000000Z,1.11194,london,monday,4.4,2.6,2,31,0.0,4.4,1,1
2024-09-16T15:08:00.000000000Z,1.11214,london,monday,2.4,4.6,,29,0.0,2.4,0,1
2024-09-16T15:09:00.000000000Z,1.1123,london,monday,0.8,6.2,,27,0.0,0.8,0,1
2024-09-16T15:10:00.000000000Z,1.11222,london,monday,1.6,5.4,,27,0.0,1.6,0,1
2024-09-16T15:11:00.000000000Z,1.11218,london,monday,2.0,5.0,,26,0.0,2.0,0,1
2024-09-16T15:12:00.000000000Z,1.11217,london,monday,2.1,4.9,,25,0.0,2.1,0,1
2024-09-16T15:13:00.000000000Z,1.1123,london,monday,0.8,6.2,,23,0.0,0.8,0,1
2024-09-16T15:14:00.000000000Z,1.11217,london,monday,2.1,4.9,,23,0.0,2.1,0,1
2024-09-16T15:15:00.000000000Z,1.11208,london,monday,3.0,4.0,7,23,0.0,3.0,1,1
2024-09-16T15:16:00.000000000Z,1.11219,london,monday,1.9,5.1,,21,0.0,1.9,0,1
2024-09-16T15:17:00.000000000Z,1.11216,london,monday,2.2,4.8,,20,0.0,2.2,0,1
2024-09-16T15:18:00.000000000Z,1.11232,london,monday,0.6,6.4,,18,0.0,0.6,0,1
2024-09-16T15:19:00.000000000Z,1.11222,london,monday,1.6,5.4,,18,0.0,1.6,0,1
2024-09-16T15:20:00.000000000Z,1.1122,london,monday,1.8,5.2,,17,0.0,1.8,0,1
2024-09-16T15:21:00.000000000Z,1.11223,london,monday,1.5,5.5,,16,0.0,1.5,0,1
2024-09-16T15:22:00.000000000Z,1.11233,london,monday,0.5,6.5,,14,0.0,0.5,0,1
2024-09-16T15:23:00.000000000Z,1.11215,london,monday,2.3,4.7,,14,0.0,2.3,0,1
2024-09-16T15:24:00.000000000Z,1.11233,london,monday,0.5,6.5,,12,0.0,0.5,0,1
2024-09-16T15:25:00.000000000Z,1.11238,london,monday,0.0,7.0,,9,0.0,0.0,0,1
2024-09-16T15:26:00.000000000Z,1.11234,london,monday,0.0,6.6,,10,0.0,0.0,0,1
2024-09-16T15:27:00.000000000Z,1.11226,london,monday,0.8,5.8,,9,0.0,0.8,0,1
2024-09-16T15:28:00.000000000Z,1.11234,london,monday,0.0,6.6,,8,0.0,0.0,0,1
2024-09-16T15:29:00.000000000Z,1.11231,london,monday,0.3,6.3,,7,0.0,0.3,0,1
2024-09-16T15:30:00.000000000Z,1.11234,london,monday,0.0,6.6,,6,0.0,0.0,0,1
2024-09-16T15:31:00.000000000Z,1.11216,london,monday,1.1,4.8,,6,0.0,1.0,0,1
2024-09-16T15:32:00.000000000Z,1.11226,london,monday,0.1,5.8,,4,0.0,0.0,0,1
2024-09-16T15:33:00.000000000Z,1.1122,london,monday,0.7,5.2,,4,0.0,0.0,0,1
2024-09-16T15:34:00.000000000Z,1.11212,london,monday,1.5,4.4,,3,0.0,0.5,0,1
2024-09-16T15:35:00.000000000Z,1.11217,london,monday,1.0,4.9,,2,0.0,0.0,0,1
2024-09-16T15:36:00.000000000Z,1.11199,london,monday,2.8,3.1,23,2,3.1,0.0,1,1
2024-09-16T15:37:00.000000000Z,1.11184,london,monday,4.3,1.6,21,,1.6,0.0,1,0
2024-09-16T15:38:00.000000000Z,1.11168,london,monday,5.9,0.0,6,,0.0,0.0,1,0
2024-09-16T15:39:00.000000000Z,1.11189,london,monday,3.8,1.3,19,,1.3,0.0,1,0
2024-09-16T15:40:00.000000000Z,1.1118,london,monday,4.7,0.4,7,,0.0,0.0,1,0
2024-09-16T15:41:00.000000000Z,1.11186,london,monday,4.1,1.0,17,,1.0,0.0,1,0
2024-09-16T15:42:00.000000000Z,1.1118,london,monday,4.7,0.4,5,,0.0,0.0,1,0
2024-09-16T15:43:00.000000000Z,1.1118,london,monday,4.7,0.4,4,,0.0,0.0,1,0
2024-09-16T15:44:00.000000000Z,1.11203,london,monday,2.4,2.7,,6,0.0,0.3,0,1
2024-09-16T15:45:00.000000000Z,1.11202,london,monday,2.5,2.6,14,5,2.6,0.4,1,1
2024-09-16T15:46:00.000000000Z,1.11198,london,monday,2.9,2.2,13,,2.2,0.0,1,0
2024-09-16T15:47:00.000000000Z,1.11206,london,monday,2.1,3.0,,3,0.0,0.0,0,1
2024-09-16T15:48:00.000000000Z,1.11203,london,monday,2.4,2.7,,2,0.0,0.0,0,1
2024-09-16T15:49:00.000000000Z,1.11202,london,monday,2.5,2.6,10,1,2.6,0.0,1,1
2024-09-16T15:50:00.000000000Z,1.11176,london,monday,5.1,0.0,7,,0.0,0.0,1,0
2024-09-16T15:51:00.000000000Z,1.11182,london,monday,4.5,0.6,6,,0.6,0.0,1,0
2024-09-16T15:52:00.000000000Z,1.11176,london,monday,5.1,0.0,5,,0.0,0.0,1,0
2024-09-16T15:53:00.000000000Z,1.11186,london,monday,4.1,0.8,5,,0.8,0.0,1,0
2024-09-16T15:54:00.000000000Z,1.1119,london,monday,3.7,1.2,4,,1.2,0.0,1,0
2024-09-16T15:55:00.000000000Z,1.11194,london,monday,3.3,1.6,3,,1.6,0.0,1,0
2024-09-16T15:56:00.000000000Z,1.11178,london,monday,4.9,0.0,1,,0.0,0.0,1,0
2024-09-16T15:57:00.000000000Z,1.11208,london,monday,1.9,0.0,,,0.0,0.0,0,0
2024-09-16T15:58:00.000000000Z,1.11219,london,monday,0.8,0.0,,,0.0,0.0,0,0
2024-09-16T15:59:00.000000000Z,1.11227,london,monday,0.0,0.0,,,0.0,0.0,0,0
2024-09-23T08:00:00.000000000Z,1.11006,london,monday,11.6,16.4,77,1,16.4,0.0,1,1
2024-09-23T08:01:00.000000000Z,1.10953,london,monday,16.9,11.1,51,5,11.1,1.7,1,1
2024-09-23T08:02:00.000000000Z,1.10949,london,monday,17.3,10.7,50,5,10.7,2.1,1,1
2024-09-23T08:03:00.000000000Z,1.1097,london,monday,15.2,12.8,71,2,12.8,0.0,1,1
2024-09-23T08:04:00.000000000Z,1.10958,london,monday,16.4,11.6,66,1,11.6,0.0,1,1
2024-09-23T08:05:00.000000000Z,1.10928,london,monday,19.4,8.6,39,8,8.6,0.4,1,1
2024-09-23T08:06:00.000000000Z,1.10925,london,monday,19.7,8.3,38,7,8.3,0.7,1,1
2024-09-23T08:07:00.000000000Z,1.10916,london,monday,20.6,7.4,36,6,7.4,1.6,1,1
2024-09-23T08:08:00.000000000Z,1.1092,london,monday,20.2,7.8,36,5,7.8,1.2,1,1
2024-09-23T08:09:00.000000000Z,1.1093,london,monday,19.2,8.8,35,4,8.8,0.2,1,1
2024-09-23T08:10:00.000000000Z,1.10932,london,monday,19.0,9.0,34,3,9.0,0.0,1,1
2024-09-23T08:11:00.000000000Z,1.10926,london,monday,19.6,8.4,33,2,8.4,0.0,1,1
2024-09-23T08:12:00.000000000Z,1.10918,london,monday,20.4,7.6,32,1,7.6,0.0,1,1
2024-09-23T08:13:00.000000000Z,1.10858,london,monday,26.4,1.6,6,,1.6,0.0,1,0
2024-09-23T08:14:00.000000000Z,1.1087,london,monday,25.2,2.8,5,3,2.8,0.0,1,1
2024-09-23T08:15:00.000000000Z,1.10848,london,monday,27.4,0.6,4,,0.6,0.0,1,0
2024-09-23T08:16:00.000000000Z,1.10847,london,monday,27.5,0.5,3,,0.5,0.0,1,0
2024-09-23T08:17:00.000000000Z,1.10842,london,monday,28.0,0.0,2,,0.0,0.0,1,0
2024-09-23T08:18:00.000000000Z,1.10849,london,monday,27.3,0.0,1,,0.0,0.0,1,0
2024-09-23T08:19:00.000000000Z,1.10895,london,monday,22.7,2.3,9,,2.1,0.0,1,0
2024-09-23T08:20:00.000000000Z,1.10898,london,monday,22.4,2.6,8,21,2.4,4.2,1,1
2024-09-23T08:21:00.000000000Z,1.10895,london,monday,22.7,2.3,7,,2.1,0.0,1,0
2024-09-23T08:22:00.000000000Z,1.10907,london,monday,21.5,3.5,6,3,3.3,0.0,1,1
2024-09-23T08:23:00.000000000Z,1.10898,london,monday,22.4,2.6,5,18,2.4,4.2,1,1
2024-09-23T08:24:00.000000000Z,1.10886,london,monday,23.6,1.4,4,,1.2,0.0,1,0
2024-09-23T08:25:00.000000000Z,1.10874,london,monday,24.8,0.2,1,,0.0,0.0,1,0
2024-09-23T08:26:00.000000000Z,1.10903,london,monday,21.9,3.1,2,15,0.0,3.7,1,1
2024-09-23T08:27:00.000000000Z,1.10907,london,monday,21.5,3.5,1,13,0.0,3.3,1,1
2024-09-23T08:28:00.000000000Z,1.10934,london,monday,18.8,6.2,16,12,6.2,0.6,1,1
2024-09-23T08:29:00.000000000Z,1.10928,london,monday,19.4,5.6,15,11,5.6,1.2,1,1
2024-09-23T08:30:00.000000000Z,1.10922,london,monday,20.0,5.0,14,10,5.0,1.8,1,1
2024-09-23T08:31:00.000000000Z,1.10926,london,monday,19.6,5.4,13,9,5.4,1.4,1,1
2024-09-23T08:32:00.000000000Z,1.10932,london,monday,19.0,6.0,12,8,6.0,0.8,1,1
2024-09-23T08:33:00.000000000Z,1.10922,london,monday,20.0,5.0,11,7,5.0,1.8,1,1
2024-09-23T08:34:00.000000000Z,1.10932,london,monday,19.0,6.0,10,6,6.0,0.8,1,1
2024-09-23T08:35:00.000000000Z,1.1094,london,monday,18.2,6.8,14,5,6.8,0.0,1,1
2024-09-23T08:36:00.000000000Z,1.10915,london,monday,20.7,4.3,7,4,4.3,1.0,1,1
2024-09-23T08:37:00.000000000Z,1.10925,london,monday,19.7,5.3,7,3,5.3,0.0,1,1
2024-09-23T08:38:00.000000000Z,1.10924,london,monday,19.8,5.2,6,2,5.2,0.0,1,1
2024-09-23T08:39:00.000000000Z,1.10915,london,monday,20.7,4.3,4,1,4.3,0.0,1,1
2024-09-23T08:40:00.000000000Z,1.10878,london,monday,24.4,0.6,3,,0.6,0.0,1,0
2024-09-23T08:41:00.000000000Z,1.10872,london,monday,25.0,0.0,1,,0.0,0.0,1,0
2024-09-23T08:42:00.000000000Z,1.10898,london,monday,22.4,0.0,1,,0.0,0.0,1,0
2024-09-23T08:43:00.000000000Z,1.10942,london,monday,18.0,1.7,7,,0.0,0.0,1,0
2024-09-23T08:44:00.000000000Z,1.1096,london,monday,16.2,3.5,26,15,3.5,1.8,1,1
2024-09-23T08:45:00.000000000Z,1.10942,london,monday,18.0,1.7,5,,0.0,0.0,1,0
2024-09-23T08:46:00.000000000Z,1.10944,london,monday,17.8,1.9,5,,0.0,0.0,1,0
2024-09-23T08:47:00.000000000Z,1.10958,london,monday,16.4,3.3,23,12,3.3,2.0,1,1
2024-09-23T08:48:00.000000000Z,1.10962,london,monday,16.0,3.7,22,10,3.7,1.6,1,1
2024-09-23T08:49:00.000000000Z,1.10966,london,monday,15.6,4.1,23,9,4.1,1.2,1,1
2024-09-23T08:50:00.000000000Z,1.10968,london,monday,15.4,4.3,22,7,4.3,1.0,1,1
2024-09-23T08:51:00.000000000Z,1.10972,london,monday,15.8,4.7,24,6,4.7,0.6,1,1
2024-09-23T08:52:00.000000000Z,1.10978,london,monday,16.0,5.3,23,4,5.3,0.0,1,1
2024-09-23T08:53:00.000000000Z,1.10977,london,monday,17.1,5.2,22,3,5.2,0.1,1,1
2024-09-23T08:54:00.000000000Z,1.10978,london,monday,17.0,5.3,21,2,5.3,0.0,1,1
2024-09-23T08:55:00.000000000Z,1.10958,london,monday,19.0,3.3,15,4,3.3,0.0,1,1
2024-09-23T08:56:00.000000000Z,1.1095,london,monday,21.0,2.5,14,,2.5,0.0,1,0
2024-09-23T08:57:00.000000000Z,1.10942,london,monday,21.8,1.7,13,,1.7,0.0,1,0
2024-09-23T08:58:00.000000000Z,1.10937,london,monday,24.0,1.2,4,,1.2,0.0,1,0
2024-09-23T08:59:00.000000000Z,1.10925,london,monday,25.2,0.0,3,,0.0,0.0,1,0
2024-09-23T09:00:00.000000000Z,1.10943,london,monday,23.4,0.0,10,,0.0,0.0,1,0
2024-09-23T09:01:00.000000000Z,1.1095,london,monday,22.7,0.3,9,,0.3,0.0,1,0
2024-09-23T09:02:00.000000000Z,1.10962,london,monday,21.6,1.5,8,,1.5,0.0,1,0
2024-09-23T09:03:00.000000000Z,1.10954,london,monday,22.4,0.7,7,,0.7,0.0,1,0
2024-09-23T09:04:00.000000000Z,1.10947,london,monday,23.1,0.0,6,,0.0,0.0,1,0
2024-09-23T09:05:00.000000000Z,1.10952,london,monday,22.6,0.0,5,,0.0,0.0,1,0
2024-09-23T09:06:00.000000000Z,1.10956,london,monday,22.5,0.0,4,,0.0,0.0,1,0
2024-09-23T09:07:00.000000000Z,1.10956,london,monday,22.5,0.0,3,,0.0,0.0,1,0
2024-09-23T09:08:00.000000000Z,1.10964,london,monday,21.7,0.4,4,,0.4,0.0,1,0
2024-09-23T09:09:00.000000000Z,1.1096,london,monday,22.1,0.0,1,,0.0,0.0,1,0
2024-09-23T09:10:00.000000000Z,1.10988,london,monday,19.3,0.2,5,,0.2,0.0,1,0
2024-09-23T09:11:00.000000000Z,1.10986,london,monday,19.5,0.0,4,,0.0,0.0,1,0
2024-09-23T09:12:00.000000000Z,1.10993,london,monday,18.8,0.0,4,,0.0,0.0,1,0
2024-09-23T09:13:00.000000000Z,1.10994,london,monday,18.7,0.0,3,,0.0,0.0,1,0
2024-09-23T09:14:00.000000000Z,1.10996,london,monday,18.5,0.0,2,,0.0,0.0,1,0
2024-09-23T09:15:00.000000000Z,1.11013,london,monday,16.8,0.0,4,,0.0,0.0,1,0
2024-09-23T09:16:00.000000000Z,1.1103,london,monday,15.1,0.0,5,,0.0,0.0,1,0
2024-09-23T09:17:00.000000000Z,1.11032,london,monday,14.9,0.0,4,,0.0,0.0,1,0
2024-09-23T09:18:00.000000000Z,1.11034,london,monday,14.7,0.0,3,,0.0,0.0,1,0
2024-09-23T09:19:00.000000000Z,1.11052,london,monday,12.9,0.8,3,,0.2,0.0,1,0
2024-09-23T09:20:00.000000000Z,1.1105,london,monday,13.1,0.6,2,,0.0,0.0,1,0
2024-09-23T09:21:00.000000000Z,1.11072,london,monday,10.9,2.8,2,20,0.0,5.0,1,1
2024-09-23T09:22:00.000000000Z,1.11079,london,monday,10.2,3.5,1,19,0.0,4.3,1,1
2024-09-23T09:23:00.000000000Z,1.11116,london,monday,6.5,7.2,70,5,7.2,0.6,1,1
2024-09-23T09:24:00.000000000Z,1.11122,london,monday,5.9,7.8,69,4,7.8,0.0,1,1
2024-09-23T09:25:00.000000000Z,1.11112,london,monday,7.2,6.8,67,4,6.8,0.0,1,1
2024-09-23T09:26:00.000000000Z,1.11107,london,monday,7.7,6.3,66,3,6.3,0.0,1,1
2024-09-23T09:27:00.000000000Z,1.111,london,monday,8.7,5.6,64,5,5.6,0.0,1,1
2024-09-23T09:28:00.000000000Z,1.1109,london,monday,9.7,4.6,47,4,4.6,0.0,1,1
2024-09-23T09:29:00.000000000Z,1.11082,london,monday,10.6,3.8,44,11,3.8,0.6,1,1
2024-09-23T09:30:00.000000000Z,1.11088,london,monday,10.0,4.4,45,2,4.4,0.0,1,1
2024-09-23T09:31:00.000000000Z,1.11079,london,monday,11.3,3.5,40,10,3.5,0.1,1,1
2024-09-23T09:32:00.000000000Z,1.11057,london,monday,15.8,1.3,18,,1.3,0.0,1,0
2024-09-23T09:33:00.000000000Z,1.11064,london,monday,15.1,2.0,24,,2.0,0.0,1,0
2024-09-23T09:34:00.000000000Z,1.11057,london,monday,15.8,1.3,16,,1.3,0.0,1,0
2024-09-23T09:35:00.000000000Z,1.1108,london,monday,13.5,3.6,38,6,3.6,0.0,1,1
2024-09-23T09:36:00.000000000Z,1.11079,london,monday,13.6,3.5,35,5,3.5,0.0,1,1
2024-09-23T09:37:00.000000000Z,1.11058,london,monday,15.7,1.4,13,,1.4,0.0,1,0
2024-09-23T09:38:00.000000000Z,1.11069,london,monday,14.6,2.5,33,,2.5,0.0,1,0
2024-09-23T09:39:00.000000000Z,1.11064,london,monday,17.2,2.0,18,,2.0,0.0,1,0
2024-09-23T09:40:00.000000000Z,1.11056,london,monday,18.0,1.2,10,,1.2,0.0,1,0
2024-09-23T09:41:00.000000000Z,1.11044,london,monday,19.2,0.0,5,,0.0,0.0,1,0
2024-09-23T09:42:00.000000000Z,1.11057,london,monday,17.9,0.3,8,,0.3,0.0,1,0
2024-09-23T09:43:00.000000000Z,1.11054,london,monday,18.2,0.0,7,,0.0,0.0,1,0
2024-09-23T09:44:00.000000000Z,1.11059,london,monday,17.7,0.5,6,,0.0,0.0,1,0
2024-09-23T09:45:00.000000000Z,1.11069,london,monday,16.7,1.5,26,,1.5,0.0,1,0
2024-09-23T09:46:00.000000000Z,1.11076,london,monday,16.0,2.2,25,,2.2,0.0,1,0
2024-09-23T09:47:00.000000000Z,1.1106,london,monday,17.6,0.6,9,,0.0,0.0,1,0
2024-09-23T09:48:00.000000000Z,1.1106,london,monday,17.6,0.6,8,,0.0,0.0,1,0
2024-09-23T09:49:00.000000000Z,1.11074,london,monday,16.2,2.0,22,,2.0,0.0,1,0
2024-09-23T09:50:00.000000000Z,1.11084,london,monday,15.2,3.0,24,10,3.0,0.8,1,1
2024-09-23T09:51:00.000000000Z,1.11064,london,monday,17.2,1.0,6,,0.0,0.0,1,0
2024-09-23T09:52:00.000000000Z,1.11064,london,monday,17.2,1.0,5,,0.0,0.0,1,0
2024-09-23T09:53:00.000000000Z,1.11068,london,monday,16.8,1.4,18,,1.4,0.0,1,0
2024-09-23T09:54:00.000000000Z,1.11069,london,monday,16.7,1.5,17,,1.5,0.0,1,0
2024-09-23T09:55:00.000000000Z,1.11084,london,monday,15.2,3.0,19,5,3.0,0.8,1,1
2024-09-23T09:56:00.000000000Z,1.11089,london,monday,14.7,3.5,19,3,3.5,0.3,1,1
2024-09-23T09:57:00.000000000Z,1.11092,london,monday,14.7,3.8,18,1,3.8,0.0,1,1
2024-09-23T09:58:00.000000000Z,1.11066,london,monday,17.3,1.2,13,,1.2,0.0,1,0
2024-09-23T09:59:00.000000000Z,1.1106,london,monday,17.9,0.6,12,,0.6,0.0,1,0
2024-09-23T10:00:00.000000000Z,1.11057,london,monday,18.2,0.3,6,,0.3,0.0,1,0
2024-09-23T10:01:00.000000000Z,1.11061,london,monday,17.8,0.7,10,,0.7,0.0,1,0
2024-09-23T10:02:00.000000000Z,1.11062,london,monday,17.7,0.8,9,,0.8,0.0,1,0
2024-09-23T10:03:00.000000000Z,1.11054,london,monday,18.5,0.0,3,,0.0,0.0,1,0
2024-09-23T10:04:00.000000000Z,1.1107,london,monday,16.9,0.0,7,,0.0,0.0,1,0
2024-09-23T10:05:00.000000000Z,1.1107,london,monday,16.9,0.0,6,,0.0,0.0,1,0
2024-09-23T10:06:00.000000000Z,1.11084,london,monday,15.5,0.4,8,,0.4,0.0,1,0
2024-09-23T10:07:00.000000000Z,1.1108,london,monday,15.9,0.0,6,,0.0,0.0,1,0
2024-09-23T10:08:00.000000000Z,1.11082,london,monday,16.2,0.0,5,,0.0,0.0,1,0
2024-09-23T10:09:00.000000000Z,1.11084,london,monday,16.6,0.0,5,,0.0,0.0,1,0
2024-09-23T10:10:00.000000000Z,1.11084,london,monday,16.6,0.0,4,,0.0,0.0,1,0
2024-09-23T10:11:00.000000000Z,1.11104,london,monday,14.8,2.0,20,,2.0,0.0,1,0
2024-09-23T10:12:00.000000000Z,1.11104,london,monday,14.8,2.0,19,,2.0,0.0,1,0
2024-09-23T10:13:00.000000000Z,1.11109,london,monday,14.3,2.5,19,,2.5,0.0,1,0
2024-09-23T10:14:00.000000000Z,1.1111,london,monday,14.2,2.6,18,13,2.6,1.2,1,1
2024-09-23T10:15:00.000000000Z,1.11119,london,monday,13.3,3.5,18,11,3.5,0.3,1,1
2024-09-23T10:16:00.000000000Z,1.11119,london,monday,13.3,3.5,17,10,3.5,0.3,1,1
2024-09-23T10:17:00.000000000Z,1.11122,london,monday,13.0,3.8,16,8,3.8,0.0,1,1
2024-09-23T10:18:00.000000000Z,1.11105,london,monday,14.7,2.1,14,,2.1,0.0,1,0
2024-09-23T10:19:00.000000000Z,1.11114,london,monday,13.8,3.0,14,7,3.0,0.4,1,1
2024-09-23T10:20:00.000000000Z,1.11118,london,monday,13.4,3.4,13,6,3.4,0.0,1,1
2024-09-23T10:21:00.000000000Z,1.11115,london,monday,13.7,3.1,12,5,3.1,0.0,1,1
2024-09-23T10:22:00.000000000Z,1.11102,london,monday,15.0,1.8,9,,1.8,0.0,1,0
2024-09-23T10:23:00.000000000Z,1.11102,london,monday,15.0,1.8,8,,1.8,0.0,1,0
2024-09-23T10:24:00.000000000Z,1.111,london,monday,15.2,1.6,7,,1.6,0.0,1,0
2024-09-23T10:25:00.000000000Z,1.11094,london,monday,15.8,1.0,6,,1.0,0.0,1,0
2024-09-23T10:26:00.000000000Z,1.11088,london,monday,16.4,0.4,5,,0.4,0.0,1,0
2024-09-23T10:27:00.000000000Z,1.11084,london,monday,16.8,0.0,4,,0.0,0.0,1,0
2024-09-23T10:28:00.000000000Z,1.11098,london,monday,15.4,1.0,3,,1.0,0.0,1,0
2024-09-23T10:29:00.000000000Z,1.11088,london,monday,16.4,0.0,2,,0.0,0.0,1,0
2024-09-23T10:30:00.000000000Z,1.11092,london,monday,16.0,0.0,1,,0.0,0.0,1,0
2024-09-23T10:31:00.000000000Z,1.1113,london,monday,12.2,0.6,5,,0.0,0.0,1,0
2024-09-23T10:32:00.000000000Z,1.11138,london,monday,11.4,1.4,6,,0.0,0.0,1,0
2024-09-23T10:33:00.000000000Z,1.11148,london,monday,10.4,2.4,5,,0.4,0.0,1,0
2024-09-23T10:34:00.000000000Z,1.11144,london,monday,10.8,2.0,4,,0.0,0.0,1,0
2024-09-23T10:35:00.000000000Z,1.11148,london,monday,10.4,2.4,3,,0.0,0.0,1,0
2024-09-23T10:36:00.000000000Z,1.1116,london,monday,9.2,3.6,31,14,3.6,2.1,1,1
2024-09-23T10:37:00.000000000Z,1.11158,london,monday,9.4,3.4,28,13,3.4,2.3,1,1
2024-09-23T10:38:00.000000000Z,1.11177,london,monday,7.5,6.9,34,6,5.3,0.1,1,1
2024-09-23T10:39:00.000000000Z,1.11166,london,monday,8.6,8.0,32,11,4.2,1.5,1,1
2024-09-23T10:40:00.000000000Z,1.11153,london,monday,9.9,6.7,2,10,0.0,2.8,1,1
2024-09-23T10:41:00.000000000Z,1.1117,london,monday,8.2,8.4,31,8,4.6,1.1,1,1
2024-09-23T10:42:00.000000000Z,1.11178,london,monday,7.4,9.2,30,2,5.4,0.0,1,1
2024-09-23T10:43:00.000000000Z,1.11173,london,monday,7.9,8.7,29,1,4.9,0.0,1,1
2024-09-23T10:44:00.000000000Z,1.11148,london,monday,10.4,6.2,2,94,0.0,10.4,1,1
2024-09-23T10:45:00.000000000Z,1.1116,london,monday,9.2,7.4,22,5,3.6,2.1,1,1
2024-09-23T10:46:00.000000000Z,1.11181,london,monday,7.1,9.5,26,2,5.7,0.0,1,1
2024-09-23T10:47:00.000000000Z,1.1117,london,monday,8.2,8.4,25,2,4.6,0.0,1,1
2024-09-23T10:48:00.000000000Z,1.11152,london,monday,10.0,6.6,17,2,2.8,0.0,1,1
2024-09-23T10:49:00.000000000Z,1.11143,london,monday,10.9,5.7,15,89,1.9,10.9,1,1
2024-09-23T10:50:00.000000000Z,1.11124,london,monday,12.8,3.8,7,89,0.0,12.8,1,1
2024-09-23T10:51:00.000000000Z,1.1113,london,monday,12.2,4.4,12,88,0.2,12.2,1,1
2024-09-23T10:52:00.000000000Z,1.11128,london,monday,12.4,4.2,11,87,0.0,12.4,1,1
2024-09-23T10:53:00.000000000Z,1.11132,london,monday,12.0,4.6,10,86,0.4,12.0,1,1
2024-09-23T10:54:00.000000000Z,1.11128,london,monday,12.4,4.2,9,85,0.0,12.4,1,1
2024-09-23T10:55:00.000000000Z,1.11138,london,monday,11.4,5.2,9,83,0.7,11.4,1,1
2024-09-23T10:56:00.000000000Z,1.11144,london,monday,10.8,5.8,8,82,1.3,10.8,1,1
2024-09-23T10:57:00.000000000Z,1.11149,london,monday,10.3,6.3,8,81,1.8,10.3,1,1
2024-09-23T10:58:00.000000000Z,1.11143,london,monday,10.9,5.7,6,80,1.2,10.9,1,1
2024-09-23T10:59:00.000000000Z,1.11131,london,monday,12.1,4.5,4,80,0.0,12.1,1,1
2024-09-23T11:00:00.000000000Z,1.11132,london,monday,12.0,4.6,3,79,0.0,12.0,1,1
2024-09-23T11:01:00.000000000Z,1.11133,london,monday,11.9,4.7,2,78,0.0,11.9,1,1
2024-09-23T11:02:00.000000000Z,1.11144,london,monday,10.8,5.8,2,76,0.0,10.8,1,1
2024-09-23T11:03:00.000000000Z,1.1116,london,monday,9.2,7.4,4,74,0.0,9.2,1,1
2024-09-23T11:04:00.000000000Z,1.11172,london,monday,8.0,8.6,8,70,0.0,8.0,1,1
2024-09-23T11:05:00.000000000Z,1.11184,london,monday,6.8,9.8,7,68,0.8,6.8,1,1
2024-09-23T11:06:00.000000000Z,1.11176,london,monday,7.6,9.0,6,68,0.0,7.6,1,1
2024-09-23T11:07:00.000000000Z,1.11187,london,monday,6.5,10.1,5,66,0.1,6.5,1,1
2024-09-23T11:08:00.000000000Z,1.11186,london,monday,6.6,10.0,4,65,0.0,6.6,1,1
2024-09-23T11:09:00.000000000Z,1.11188,london,monday,6.4,10.2,3,64,0.0,6.4,1,1
2024-09-23T11:10:00.000000000Z,1.11188,london,monday,6.4,10.2,2,63,0.0,6.4,1,1
2024-09-23T11:11:00.000000000Z,1.11192,london,monday,6.0,10.6,8,62,0.0,6.0,1,1
2024-09-23T11:12:00.000000000Z,1.11215,london,monday,3.7,12.9,36,50,2.5,3.7,1,1
2024-09-23T11:13:00.000000000Z,1.11202,london,monday,5.0,11.6,6,60,0.2,5.0,1,1
2024-09-23T11:14:00.000000000Z,1.112,london,monday,5.2,11.4,5,59,0.0,5.2,1,1
2024-09-23T11:15:00.000000000Z,1.1121,london,monday,4.2,12.4,4,47,0.7,4.2,1,1
2024-09-23T11:16:00.000000000Z,1.11203,london,monday,4.9,11.7,3,57,0.0,4.9,1,1
2024-09-23T11:17:00.000000000Z,1.11204,london,monday,4.8,11.8,2,56,0.0,4.8,1,1
2024-09-23T11:18:00.000000000Z,1.1121,london,monday,4.2,12.4,1,44,0.0,4.2,1,1
2024-09-23T11:19:00.000000000Z,1.11236,london,monday,1.6,15.0,,5,0.0,0.0,0,1
2024-09-23T11:20:00.000000000Z,1.11227,london,monday,2.5,14.1,,4,0.0,0.0,0,1
2024-09-23T11:21:00.000000000Z,1.11226,london,monday,2.8,14.0,30,3,3.6,0.0,1,1
2024-09-23T11:22:00.000000000Z,1.11225,london,monday,2.9,13.9,27,2,3.5,0.0,1,1
2024-09-23T11:23:00.000000000Z,1.11216,london,monday,3.8,13.0,25,3,2.6,0.0,1,1
2024-09-23T11:24:00.000000000Z,1.11196,london,monday,6.0,11.0,6,49,0.6,5.6,1,1
2024-09-23T11:25:00.000000000Z,1.112,london,monday,6.8,11.4,10,48,1.0,5.2,1,1
2024-09-23T11:26:00.000000000Z,1.1119,london,monday,7.8,10.4,4,47,0.0,6.2,1,1
2024-09-23T11:27:00.000000000Z,1.112,london,monday,6.8,11.4,8,46,0.8,5.2,1,1
2024-09-23T11:28:00.000000000Z,1.11192,london,monday,7.6,10.6,2,45,0.0,6.0,1,1
2024-09-23T11:29:00.000000000Z,1.11202,london,monday,7.2,11.6,6,44,0.0,5.0,1,1
2024-09-23T11:30:00.000000000Z,1.11222,london,monday,5.8,13.6,19,28,0.8,3.0,1,1
2024-09-23T11:31:00.000000000Z,1.11216,london,monday,8.0,13.0,17,31,0.2,3.6,1,1
2024-09-23T11:32:00.000000000Z,1.11214,london,monday,8.2,12.8,5,30,0.0,3.8,1,1
2024-09-23T11:33:00.000000000Z,1.11215,london,monday,8.1,12.9,15,29,0.0,3.7,1,1
2024-09-23T11:34:00.000000000Z,1.11218,london,monday,7.8,13.2,14,28,0.2,3.4,1,1
2024-09-23T11:35:00.000000000Z,1.1123,london,monday,6.6,14.4,89,23,14.4,2.2,1,1
2024-09-23T11:36:00.000000000Z,1.11229,london,monday,8.0,14.3,85,22,14.3,2.3,1,1
2024-09-23T11:37:00.000000000Z,1.11239,london,monday,7.0,15.3,88,20,15.3,1.3,1,1
2024-09-23T11:38:00.000000000Z,1.11236,london,monday,7.3,15.0,87,19,15.0,1.6,1,1
2024-09-23T11:39:00.000000000Z,1.11225,london,monday,8.4,13.9,10,19,0.9,2.7,1,1
2024-09-23T11:40:00.000000000Z,1.11222,london,monday,9.4,13.6,9,18,0.6,3.0,1,1
2024-09-23T11:41:00.000000000Z,1.11216,london,monday,10.0,13.0,7,21,0.0,3.6,1,1
2024-09-23T11:42:00.000000000Z,1.11233,london,monday,8.3,14.7,83,15,14.7,1.9,1,1
2024-09-23T11:43:00.000000000Z,1.11236,london,monday,8.8,15.0,82,14,15.0,1.6,1,1
2024-09-23T11:44:00.000000000Z,1.11234,london,monday,10.9,14.8,81,13,14.8,1.8,1,1
2024-09-23T11:45:00.000000000Z,1.11227,london,monday,11.6,14.1,76,13,14.1,2.5,1,1
2024-09-23T11:46:00.000000000Z,1.11217,london,monday,12.6,13.1,2,16,0.0,3.5,1,1
2024-09-23T11:47:00.000000000Z,1.11226,london,monday,11.7,14.0,4,11,0.0,2.6,1,1
2024-09-23T11:48:00.000000000Z,1.11244,london,monday,9.9,15.8,81,7,15.8,0.8,1,1
2024-09-23T11:49:00.000000000Z,1.1125,london,monday,9.3,16.4,81,6,16.4,0.2,1,1
2024-09-23T11:50:00.000000000Z,1.11246,london,monday,9.7,16.0,79,5,16.0,0.6,1,1
2024-09-23T11:51:00.000000000Z,1.11252,london,monday,9.1,16.6,79,1,16.6,0.0,1,1
2024-09-23T11:52:00.000000000Z,1.11226,london,monday,11.7,14.0,69,6,14.0,0.9,1,1
2024-09-23T11:53:00.000000000Z,1.11235,london,monday,10.8,14.9,72,4,14.9,0.0,1,1
2024-09-23T11:54:00.000000000Z,1.1123,london,monday,11.3,14.4,70,4,14.4,0.0,1,1
2024-09-23T11:55:00.000000000Z,1.11216,london,monday,12.7,13.0,66,7,13.0,0.0,1,1
2024-09-23T11:56:00.000000000Z,1.11216,london,monday,12.7,13.0,65,6,13.0,0.0,1,1
2024-09-23T11:57:00.000000000Z,1.11206,london,monday,13.7,12.0,57,13,12.0,0.5,1,1
2024-09-23T11:58:00.000000000Z,1.11196,london,monday,14.7,11.0,54,15,11.0,1.5,1,1
2024-09-23T11:59:00.000000000Z,1.11198,london,monday,14.5,11.2,53,14,11.2,1.3,1,1
2024-09-23T12:00:00.000000000Z,1.11208,london,monday,13.5,12.2,54,10,12.2,0.3,1,1
2024-09-23T12:01:00.000000000Z,1.11206,london,monday,13.7,12.0,53,9,12.0,0.5,1,1
2024-09-23T12:02:00.000000000Z,1.11185,london,monday,15.8,9.9,1,11,0.0,2.6,1,1
2024-09-23T12:03:00.000000000Z,1.11211,london,monday,13.2,12.5,57,7,12.5,0.0,1,1
2024-09-23T12:04:00.000000000Z,1.11193,london,monday,15.0,10.7,47,9,10.7,0.7,1,1
2024-09-23T12:05:00.000000000Z,1.112,london,monday,14.3,11.4,47,8,11.4,0.0,1,1
2024-09-23T12:06:00.000000000Z,1.112,london,monday,14.3,11.4,46,7,11.4,0.0,1,1
2024-09-23T12:07:00.000000000Z,1.11198,london,monday,14.5,11.2,45,6,11.2,0.0,1,1
2024-09-23T12:08:00.000000000Z,1.1119,london,monday,15.3,10.4,43,5,10.4,0.0,1,1
2024-09-23T12:09:00.000000000Z,1.11187,london,monday,15.6,10.1,42,4,10.1,0.0,1,1
2024-09-23T12:10:00.000000000Z,1.1118,london,monday,16.3,9.4,41,4,9.4,0.4,1,1
2024-09-23T12:11:00.000000000Z,1.11184,london,monday,15.9,9.8,40,2,9.8,0.0,1,1
2024-09-23T12:12:00.000000000Z,1.11184,london,monday,15.9,9.8,39,1,9.8,0.0,1,1
2024-09-23T12:13:00.000000000Z,1.11155,london,monday,18.8,6.9,35,4,6.9,0.0,1,1
2024-09-23T12:14:00.000000000Z,1.11142,london,monday,20.1,5.6,26,4,5.6,0.0,1,1
2024-09-23T12:15:00.000000000Z,1.11138,london,monday,20.5,5.2,25,3,5.2,0.0,1,1
2024-09-23T12:16:00.000000000Z,1.11136,london,monday,20.7,5.0,24,2,5.0,0.0,1,1
2024-09-23T12:17:00.000000000Z,1.11126,london,monday,21.7,4.0,19,2,4.0,0.0,1,1
2024-09-23T12:18:00.000000000Z,1.11108,london,monday,23.5,2.2,13,,2.2,0.0,1,0
2024-09-23T12:19:00.000000000Z,1.11086,london,monday,25.7,0.0,1,,0.0,0.0,1,0
2024-09-23T12:20:00.000000000Z,1.11121,london,monday,22.2,2.5,12,4,2.5,0.0,1,1
2024-09-23T12:21:00.000000000Z,1.11119,london,monday,22.4,2.3,11,,2.3,0.0,1,0
2024-09-23T12:22:00.000000000Z,1.11106,london,monday,23.7,1.0,9,,1.0,0.0,1,0
2024-09-23T12:23:00.000000000Z,1.11102,london,monday,24.1,0.6,7,,0.6,0.0,1,0
2024-09-23T12:24:00.000000000Z,1.11096,london,monday,24.7,0.0,6,,0.0,0.0,1,0
2024-09-23T12:25:00.000000000Z,1.11099,london,monday,24.4,0.0,5,,0.0,0.0,1,0
2024-09-23T12:26:00.000000000Z,1.11112,london,monday,23.1,0.0,5,,0.0,0.0,1,0
2024-09-23T12:27:00.000000000Z,1.11112,london,monday,23.1,0.0,4,,0.0,0.0,1,0
2024-09-23T12:28:00.000000000Z,1.11118,london,monday,22.5,0.0,4,,0.0,0.0,1,0
2024-09-23T12:29:00.000000000Z,1.1112,london,monday,22.3,0.0,3,,0.0,0.0,1,0
2024-09-23T12:30:00.000000000Z,1.1113,london,monday,21.3,0.0,10,,0.0,0.0,1,0
2024-09-23T12:31:00.000000000Z,1.11141,london,monday,20.2,0.3,9,,0.3,0.0,1,0
2024-09-23T12:32:00.000000000Z,1.1115,london,monday,19.3,1.2,14,,1.2,0.0,1,0
2024-09-23T12:33:00.000000000Z,1.11142,london,monday,20.1,0.4,7,,0.4,0.0,1,0
2024-09-23T12:34:00.000000000Z,1.11138,london,monday,20.5,0.0,6,,0.0,0.0,1,0
2024-09-23T12:35:00.000000000Z,1.11142,london,monday,20.1,0.0,5,,0.0,0.0,1,0
2024-09-23T12:36:00.000000000Z,1.11154,london,monday,18.9,0.7,12,,0.7,0.0,1,0
2024-09-23T12:37:00.000000000Z,1.1115,london,monday,19.3,0.3,9,,0.3,0.0,1,0
2024-09-23T12:38:00.000000000Z,1.11147,london,monday,19.6,0.0,2,,0.0,0.0,1,0
2024-09-23T12:39:00.000000000Z,1.11148,london,monday,19.5,0.0,1,,0.0,0.0,1,0
2024-09-23T12:40:00.000000000Z,1.11174,london,monday,16.9,1.2,8,,1.2,0.0,1,0
2024-09-23T12:41:00.000000000Z,1.11168,london,monday,17.5,0.6,7,,0.6,0.0,1,0
2024-09-23T12:42:00.000000000Z,1.11162,london,monday,18.1,0.0,6,,0.0,0.0,1,0
2024-09-23T12:43:00.000000000Z,1.11174,london,monday,16.9,1.2,5,,1.2,0.0,1,0
2024-09-23T12:44:00.000000000Z,1.11162,london,monday,18.1,0.0,4,,0.0,0.0,1,0
2024-09-23T12:45:00.000000000Z,1.11174,london,monday,16.9,0.0,3,,0.0,0.0,1,0
2024-09-23T12:46:00.000000000Z,1.11178,london,monday,16.5,0.0,2,,0.0,0.0,1,0
2024-09-23T12:47:00.000000000Z,1.11178,london,monday,16.5,0.0,1,,0.0,0.0,1,0
2024-09-23T12:48:00.000000000Z,1.11204,london,monday,13.9,2.2,4,,2.0,0.0,1,0
2024-09-23T12:49:00.000000000Z,1.11184,london,monday,16.6,0.2,2,,0.0,0.0,1,0
2024-09-23T12:50:00.000000000Z,1.11204,london,monday,16.4,2.2,2,,0.0,0.0,1,0
2024-09-23T12:51:00.000000000Z,1.1122,london,monday,14.8,3.8,10,77,0.2,12.3,1,1
2024-09-23T12:52:00.000000000Z,1.1123,london,monday,15.4,4.8,12,75,1.2,11.3,1,1
2024-09-23T12:53:00.000000000Z,1.11222,london,monday,16.2,4.0,8,75,0.4,12.1,1,1
2024-09-23T12:54:00.000000000Z,1.11234,london,monday,16.5,5.2,11,73,1.6,10.9,1,1
2024-09-23T12:55:00.000000000Z,1.11218,london,monday,21.1,3.6,6,73,0.0,12.5,1,1
2024-09-23T12:56:00.000000000Z,1.1122,london,monday,20.9,3.8,5,72,0.0,12.3,1,1
2024-09-23T12:57:00.000000000Z,1.1123,london,monday,19.9,4.8,7,70,0.4,11.3,1,1
2024-09-23T12:58:00.000000000Z,1.11226,london,monday,20.3,4.4,3,70,0.0,11.7,1,1
2024-09-23T12:59:00.000000000Z,1.11226,london,monday,20.3,4.4,2,69,0.0,11.7,1,1
2024-09-23T13:00:00.000000000Z,1.11236,london,monday,19.3,5.4,5,67,0.0,10.7,1,1
2024-09-23T13:01:00.000000000Z,1.11254,london,monday,17.5,7.2,9,44,0.0,8.9,1,1
2024-09-23T13:02:00.000000000Z,1.11254,london,monday,17.5,7.2,8,43,0.0,8.9,1,1
2024-09-23T13:03:00.000000000Z,1.11254,london,monday,17.5,7.2,7,42,0.0,8.9,1,1
2024-09-23T13:04:00.000000000Z,1.11256,london,monday,17.3,7.4,7,41,0.0,8.7,1,1
2024-09-23T13:05:00.000000000Z,1.11268,london,monday,16.1,8.6,6,40,0.4,7.5,1,1
2024-09-23T13:06:00.000000000Z,1.11264,london,monday,16.5,8.2,5,39,0.0,7.9,1,1
2024-09-23T13:07:00.000000000Z,1.11264,london,monday,16.5,8.2,4,38,0.0,7.9,1,1
2024-09-23T13:08:00.000000000Z,1.11266,london,monday,16.3,8.4,3,37,0.0,7.7,1,1
2024-09-23T13:09:00.000000000Z,1.11274,london,monday,15.5,9.2,7,36,0.2,6.9,1,1
2024-09-23T13:10:00.000000000Z,1.1128,london,monday,14.9,9.8,6,35,0.8,6.3,1,1
2024-09-23T13:11:00.000000000Z,1.11296,london,monday,13.3,11.4,12,34,2.4,4.7,1,1
2024-09-23T13:12:00.000000000Z,1.11274,london,monday,15.5,9.2,4,33,0.2,6.9,1,1
2024-09-23T13:13:00.000000000Z,1.11284,london,monday,14.5,10.2,7,32,1.2,5.9,1,1
2024-09-23T13:14:00.000000000Z,1.11272,london,monday,15.7,9.0,2,31,0.0,7.1,1,1
2024-09-23T13:15:00.000000000Z,1.11278,london,monday,15.1,9.6,1,30,0.0,6.5,1,1
2024-09-23T13:16:00.000000000Z,1.11309,london,monday,12.0,12.7,8,3,2.7,0.0,1,1
2024-09-23T13:17:00.000000000Z,1.11309,london,monday,12.0,12.7,7,2,2.7,0.0,1,1
2024-09-23T13:18:00.000000000Z,1.11292,london,monday,13.7,11.0,5,27,1.0,5.1,1,1
2024-09-23T13:19:00.000000000Z,1.11282,london,monday,14.7,10.0,1,26,0.0,6.1,1,1
2024-09-23T13:20:00.000000000Z,1.11316,london,monday,11.3,13.4,4,25,1.6,2.7,1,1
2024-09-23T13:21:00.000000000Z,1.113,london,monday,12.9,11.8,3,24,0.0,4.3,1,1
2024-09-23T13:22:00.000000000Z,1.11306,london,monday,12.3,12.4,2,23,0.0,3.7,1,1
2024-09-23T13:23:00.000000000Z,1.11324,london,monday,10.5,14.2,66,8,14.2,1.9,1,1
2024-09-23T13:24:00.000000000Z,1.11343,london,monday,8.6,16.1,66,7,16.1,0.0,1,1
2024-09-23T13:25:00.000000000Z,1.11342,london,monday,8.7,16.0,65,6,16.0,0.0,1,1
2024-09-23T13:26:00.000000000Z,1.11338,london,monday,9.1,15.6,64,5,15.6,0.0,1,1
2024-09-23T13:27:00.000000000Z,1.11334,london,monday,9.5,15.2,63,4,15.2,0.0,1,1
2024-09-23T13:28:00.000000000Z,1.11326,london,monday,10.3,14.4,62,3,14.4,0.2,1,1
2024-09-23T13:29:00.000000000Z,1.11328,london,monday,10.1,14.6,61,2,14.6,0.0,1,1
2024-09-23T13:30:00.000000000Z,1.1132,london,monday,10.9,13.8,59,15,13.8,0.6,1,1
2024-09-23T13:31:00.000000000Z,1.11298,london,monday,13.1,11.6,6,14,0.0,2.8,1,1
2024-09-23T13:32:00.000000000Z,1.11298,london,monday,13.1,11.6,5,13,0.0,2.8,1,1
2024-09-23T13:33:00.000000000Z,1.1132,london,monday,10.9,13.8,56,12,13.8,0.6,1,1
2024-09-23T13:34:00.000000000Z,1.11316,london,monday,11.3,13.4,54,11,13.4,1.0,1,1
2024-09-23T13:35:00.000000000Z,1.11316,london,monday,11.3,13.4,53,10,13.4,1.0,1,1
2024-09-23T13:36:00.000000000Z,1.1132,london,monday,10.9,13.8,53,9,13.8,0.6,1,1
2024-09-23T13:37:00.000000000Z,1.11326,london,monday,10.3,14.4,53,8,14.4,0.0,1,1
2024-09-23T13:38:00.000000000Z,1.1131,london,monday,11.9,12.8,50,7,12.8,1.4,1,1
2024-09-23T13:39:00.000000000Z,1.11316,london,monday,11.3,13.4,49,6,13.4,0.8,1,1
2024-09-23T13:40:00.000000000Z,1.11304,london,monday,12.5,12.2,47,5,12.2,2.0,1,1
2024-09-23T13:41:00.000000000Z,1.11308,london,monday,12.1,12.6,47,4,12.6,1.6,1,1
2024-09-23T13:42:00.000000000Z,1.11301,london,monday,12.8,11.9,45,3,11.9,2.3,1,1
2024-09-23T13:43:00.000000000Z,1.11324,london,monday,10.5,14.2,46,2,14.2,0.0,1,1
2024-09-23T13:44:00.000000000Z,1.11312,london,monday,11.7,13.0,44,1,13.0,0.0,1,1
2024-09-23T13:45:00.000000000Z,1.11221,london,monday,20.8,3.9,2,23,0.0,7.8,1,1
2024-09-23T13:46:00.000000000Z,1.11224,london,monday,20.5,4.2,1,22,0.0,7.5,1,1
2024-09-23T13:47:00.000000000Z,1.11256,london,monday,17.3,7.4,10,20,2.4,4.3,1,1
2024-09-23T13:48:00.000000000Z,1.11242,london,monday,18.7,6.0,2,19,0.0,5.7,1,1
2024-09-23T13:49:00.000000000Z,1.11261,london,monday,16.8,7.9,8,2,2.9,1.1,1,1
2024-09-23T13:50:00.000000000Z,1.11272,london,monday,15.7,9.0,7,1,4.0,0.0,1,1
2024-09-23T13:51:00.000000000Z,1.11232,london,monday,19.7,5.0,1,16,0.0,6.7,1,1
2024-09-23T13:52:00.000000000Z,1.1126,london,monday,16.9,7.8,5,14,1.8,3.9,1,1
2024-09-23T13:53:00.000000000Z,1.11242,london,monday,18.7,6.0,1,14,0.0,5.7,1,1
2024-09-23T13:54:00.000000000Z,1.11272,london,monday,15.7,9.0,3,12,1.6,2.7,1,1
2024-09-23T13:55:00.000000000Z,1.11266,london,monday,16.3,8.4,2,11,1.0,3.3,1,1
2024-09-23T13:56:00.000000000Z,1.11256,london,monday,17.3,7.4,1,11,0.0,4.3,1,1
2024-09-23T13:57:00.000000000Z,1.11299,london,monday,13.0,11.7,27,5,11.7,0.0,1,1
2024-09-23T13:58:00.000000000Z,1.11293,london,monday,13.6,11.1,25,4,11.1,0.1,1,1
2024-09-23T13:59:00.000000000Z,1.11294,london,monday,13.5,11.2,25,3,11.2,0.0,1,1
2024-09-23T14:00:00.000000000Z,1.11282,london,monday,14.7,10.0,23,6,10.0,1.1,1,1
2024-09-23T14:01:00.000000000Z,1.11293,london,monday,13.6,11.1,22,1,11.1,0.0,1,1
2024-09-23T14:02:00.000000000Z,1.11266,london,monday,16.3,8.4,14,4,8.4,1.0,1,1
2024-09-23T14:03:00.000000000Z,1.11276,london,monday,15.3,9.4,13,3,9.4,0.0,1,1
2024-09-23T14:04:00.000000000Z,1.11266,london,monday,16.3,8.4,12,2,8.4,0.0,1,1
2024-09-23T14:05:00.000000000Z,1.11264,london,monday,16.5,8.2,11,1,8.2,0.0,1,1
2024-09-23T14:06:00.000000000Z,1.11232,london,monday,19.7,5.0,9,1,5.0,0.0,1,1
2024-09-23T14:07:00.000000000Z,1.11202,london,monday,22.7,2.0,6,,2.0,0.0,1,0
2024-09-23T14:08:00.000000000Z,1.11182,london,monday,24.7,0.0,2,,0.0,0.0,1,0
2024-09-23T14:09:00.000000000Z,1.11191,london,monday,23.8,0.0,3,,0.0,0.0,1,0
2024-09-23T14:10:00.000000000Z,1.11211,london,monday,21.8,0.1,3,,0.1,0.0,1,0
2024-09-23T14:11:00.000000000Z,1.1121,london,monday,21.9,0.0,2,,0.0,0.0,1,0
2024-09-23T14:12:00.000000000Z,1.11218,london,monday,21.1,0.0,3,,0.0,0.0,1,0
2024-09-23T14:13:00.000000000Z,1.11238,london,monday,19.1,0.0,2,,0.0,0.0,1,0
2024-09-23T14:14:00.000000000Z,1.11242,london,monday,18.7,0.0,1,,0.0,0.0,1,0
2024-09-23T14:15:00.000000000Z,1.11285,london,monday,14.4,4.1,8,51,0.9,14.4,1,1
2024-09-23T14:16:00.000000000Z,1.11304,london,monday,12.5,6.0,11,4,2.8,0.0,1,1
2024-09-23T14:17:00.000000000Z,1.11302,london,monday,12.7,5.8,10,3,2.6,0.0,1,1
2024-09-23T14:18:00.000000000Z,1.1129,london,monday,13.9,4.6,5,47,1.4,13.9,1,1
2024-09-23T14:19:00.000000000Z,1.113,london,monday,12.9,5.6,8,46,2.4,12.9,1,1
2024-09-23T14:20:00.000000000Z,1.11276,london,monday,15.3,3.2,2,46,0.0,15.3,1,1
2024-09-23T14:21:00.000000000Z,1.11276,london,monday,15.3,3.2,1,45,0.0,15.3,1,1
2024-09-23T14:22:00.000000000Z,1.11302,london,monday,12.7,5.8,5,43,0.0,12.7,1,1
2024-09-23T14:23:00.000000000Z,1.11318,london,monday,11.1,7.4,6,29,0.3,11.1,1,1
2024-09-23T14:24:00.000000000Z,1.11324,london,monday,10.5,8.0,5,28,0.9,10.5,1,1
2024-09-23T14:25:00.000000000Z,1.11322,london,monday,10.7,7.8,4,27,0.7,10.7,1,1
2024-09-23T14:26:00.000000000Z,1.11315,london,monday,11.4,7.1,2,31,0.0,11.4,1,1
2024-09-23T14:27:00.000000000Z,1.11332,london,monday,9.7,8.8,3,25,0.0,9.7,1,1
2024-09-23T14:28:00.000000000Z,1.11342,london,monday,8.7,9.8,2,21,0.0,8.7,1,1
2024-09-23T14:29:00.000000000Z,1.1135,london,monday,7.9,10.6,3,20,0.0,7.9,1,1
2024-09-23T14:30:00.000000000Z,1.11368,london,monday,6.1,12.4,4,18,0.4,6.1,1,1
2024-09-23T14:31:00.000000000Z,1.11364,london,monday,6.5,12.0,3,17,0.0,6.5,1,1
2024-09-23T14:32:00.000000000Z,1.11384,london,monday,4.5,14.0,3,6,0.6,4.5,1,1
2024-09-23T14:33:00.000000000Z,1.11378,london,monday,5.1,13.4,2,12,0.0,5.1,1,1
2024-09-23T14:34:00.000000000Z,1.11399,london,monday,3.0,15.5,1,3,0.0,3.0,1,1
2024-09-23T14:35:00.000000000Z,1.11429,london,monday,0.0,18.5,,1,0.0,0.0,0,1
2024-09-23T14:36:00.000000000Z,1.11398,london,monday,0.3,15.4,,1,0.0,0.0,0,1
2024-09-23T14:37:00.000000000Z,1.11362,london,monday,3.9,11.8,5,12,0.4,3.9,1,1
2024-09-23T14:38:00.000000000Z,1.11358,london,monday,4.3,11.4,3,11,0.0,4.3,1,1
2024-09-23T14:39:00.000000000Z,1.11364,london,monday,3.7,12.0,3,9,0.0,3.7,1,1
2024-09-23T14:40:00.000000000Z,1.11364,london,monday,3.7,12.0,2,8,0.0,3.7,1,1
2024-09-23T14:41:00.000000000Z,1.11384,london,monday,1.7,14.0,,4,0.0,1.7,0,1
2024-09-23T14:42:00.000000000Z,1.11401,london,monday,0.0,15.7,,2,0.0,0.0,0,1
2024-09-23T14:43:00.000000000Z,1.11384,london,monday,0.0,14.0,,2,0.0,0.0,0,1
2024-09-23T14:44:00.000000000Z,1.11366,london,monday,0.4,12.2,,4,0.0,0.0,0,1
2024-09-23T14:45:00.000000000Z,1.11344,london,monday,2.6,10.0,50,4,10.0,0.8,1,1
2024-09-23T14:46:00.000000000Z,1.11351,london,monday,1.9,10.7,,3,0.0,0.1,0,1
2024-09-23T14:47:00.000000000Z,1.11352,london,monday,1.8,10.8,,2,0.0,0.0,0,1
2024-09-23T14:48:00.000000000Z,1.11338,london,monday,3.2,9.4,47,1,9.4,0.0,1,1
2024-09-23T14:49:00.000000000Z,1.11308,london,monday,6.2,6.4,31,15,6.4,2.4,1,1
2024-09-23T14:50:00.000000000Z,1.1132,london,monday,5.0,7.6,31,2,7.6,0.0,1,1
2024-09-23T14:51:00.000000000Z,1.11312,london,monday,5.8,6.8,29,13,6.8,2.0,1,1
2024-09-23T14:52:00.000000000Z,1.11292,london,monday,7.8,4.8,2,13,0.0,4.0,1,1
2024-09-23T14:53:00.000000000Z,1.11303,london,monday,6.7,5.9,8,12,1.5,2.9,1,1
2024-09-23T14:54:00.000000000Z,1.11318,london,monday,5.2,7.4,27,3,7.4,0.0,1,1
2024-09-23T14:55:00.000000000Z,1.11298,london,monday,7.2,5.4,4,10,1.0,3.4,1,1
2024-09-23T14:56:00.000000000Z,1.11296,london,monday,7.4,5.2,3,9,0.8,3.6,1,1
2024-09-23T14:57:00.000000000Z,1.11288,london,monday,8.2,4.4,2,8,0.0,4.4,1,1
2024-09-23T14:58:00.000000000Z,1.11308,london,monday,6.2,6.4,22,6,6.4,2.4,1,1
2024-09-23T14:59:00.000000000Z,1.11324,london,monday,4.6,8.0,27,4,8.0,0.8,1,1
2024-09-23T15:00:00.000000000Z,1.11326,london,monday,4.4,8.2,26,3,8.2,0.6,1,1
2024-09-23T15:01:00.000000000Z,1.11332,london,monday,3.8,8.8,34,2,8.8,0.0,1,1
2024-09-23T15:02:00.000000000Z,1.11322,london,monday,4.8,7.8,24,1,7.8,0.0,1,1
2024-09-23T15:03:00.000000000Z,1.11292,london,monday,7.8,4.8,12,2,4.8,0.0,1,1
2024-09-23T15:04:00.000000000Z,1.11278,london,monday,9.2,3.4,9,2,3.4,0.0,1,1
2024-09-23T15:05:00.000000000Z,1.11262,london,monday,10.8,1.8,7,,1.8,0.0,1,0
2024-09-23T15:06:00.000000000Z,1.11244,london,monday,12.6,0.0,5,,0.0,0.0,1,0
2024-09-23T15:07:00.000000000Z,1.11249,london,monday,12.1,0.5,4,,0.5,0.0,1,0
2024-09-23T15:08:00.000000000Z,1.11244,london,monday,12.6,0.0,3,,0.0,0.0,1,0
2024-09-23T15:09:00.000000000Z,1.11263,london,monday,10.7,0.0,3,,0.0,0.0,1,0
2024-09-23T15:10:00.000000000Z,1.11269,london,monday,10.1,0.0,2,,0.0,0.0,1,0
2024-09-23T15:11:00.000000000Z,1.11282,london,monday,8.8,1.0,2,,0.0,0.0,1,0
2024-09-23T15:12:00.000000000Z,1.11298,london,monday,7.2,2.6,7,45,0.0,7.2,1,1
2024-09-23T15:13:00.000000000Z,1.11313,london,monday,5.7,4.1,7,43,0.5,5.7,1,1
2024-09-23T15:14:00.000000000Z,1.11308,london,monday,6.2,3.6,6,42,0.0,6.2,1,1
2024-09-23T15:15:00.000000000Z,1.1132,london,monday,5.0,4.8,6,41,0.8,5.0,1,1
2024-09-23T15:16:00.000000000Z,1.11312,london,monday,5.8,4.0,4,40,0.0,5.8,1,1
2024-09-23T15:17:00.000000000Z,1.11318,london,monday,5.2,4.6,4,39,0.4,5.2,1,1
2024-09-23T15:18:00.000000000Z,1.11314,london,monday,5.6,4.2,3,38,0.0,5.6,1,1
2024-09-23T15:19:00.000000000Z,1.11325,london,monday,4.5,5.3,7,36,0.0,4.5,1,1
2024-09-23T15:20:00.000000000Z,1.11338,london,monday,3.2,6.6,15,32,1.0,3.2,1,1
2024-09-23T15:21:00.000000000Z,1.11346,london,monday,2.4,7.4,,31,0.0,2.4,0,1
2024-09-23T15:22:00.000000000Z,1.11332,london,monday,3.8,6.0,13,31,0.4,3.8,1,1
2024-09-23T15:23:00.000000000Z,1.11328,london,monday,4.2,5.6,3,32,0.0,4.2,1,1
2024-09-23T15:24:00.000000000Z,1.11338,london,monday,3.2,6.6,11,28,0.3,3.2,1,1
2024-09-23T15:25:00.000000000Z,1.11347,london,monday,2.3,7.5,,27,0.0,2.3,0,1
2024-09-23T15:26:00.000000000Z,1.11354,london,monday,1.6,8.2,,25,0.0,1.6,0,1
2024-09-23T15:27:00.000000000Z,1.11336,london,monday,3.4,6.4,8,25,0.1,3.4,1,1
2024-09-23T15:28:00.000000000Z,1.1135,london,monday,2.0,7.8,,24,0.0,2.0,0,1
2024-09-23T15:29:00.000000000Z,1.1134,london,monday,3.0,6.8,6,23,0.5,3.0,1,1
2024-09-23T15:30:00.000000000Z,1.11338,london,monday,3.2,6.6,5,22,0.3,3.2,1,1
2024-09-23T15:31:00.000000000Z,1.11335,london,monday,3.5,6.3,4,21,0.0,3.5,1,1
2024-09-23T15:32:00.000000000Z,1.11352,london,monday,1.8,8.0,,19,0.0,1.8,0,1
2024-09-23T15:33:00.000000000Z,1.11346,london,monday,2.4,7.4,,19,0.0,2.4,0,1
2024-09-23T15:34:00.000000000Z,1.11355,london,monday,1.5,8.3,,17,0.0,1.5,0,1
2024-09-23T15:35:00.000000000Z,1.1137,london,monday,0.0,9.8,,10,0.0,0.0,0,1
2024-09-23T15:36:00.000000000Z,1.11366,london,monday,0.0,9.4,,9,0.0,0.0,0,1
2024-09-23T15:37:00.000000000Z,1.11351,london,monday,1.5,7.9,,14,0.0,1.5,0,1
2024-09-23T15:38:00.000000000Z,1.11366,london,monday,0.0,9.4,,7,0.0,0.0,0,1
2024-09-23T15:39:00.000000000Z,1.11366,london,monday,0.0,9.4,,6,0.0,0.0,0,1
2024-09-23T15:40:00.000000000Z,1.11347,london,monday,1.8,7.5,,12,0.0,1.8,0,1
2024-09-23T15:41:00.000000000Z,1.11365,london,monday,0.0,9.3,,4,0.0,0.0,0,1
2024-09-23T15:42:00.000000000Z,1.11359,london,monday,0.5,8.7,,9,0.0,0.5,0,1
2024-09-23T15:43:00.000000000Z,1.11355,london,monday,0.9,8.3,,8,0.0,0.9,0,1
2024-09-23T15:44:00.000000000Z,1.11346,london,monday,1.8,7.4,,8,0.0,1.8,0,1
2024-09-23T15:45:00.000000000Z,1.1134,london,monday,2.4,6.8,,7,0.0,2.4,0,1
2024-09-23T15:46:00.000000000Z,1.11364,london,monday,0.0,9.2,,5,0.0,0.0,0,1
2024-09-23T15:47:00.000000000Z,1.1136,london,monday,0.0,8.8,,4,0.0,0.0,0,1
2024-09-23T15:48:00.000000000Z,1.11355,london,monday,0.0,8.3,,3,0.0,0.0,0,1
2024-09-23T15:49:00.000000000Z,1.11342,london,monday,0.4,7.0,,3,0.0,0.4,0,1
2024-09-23T15:50:00.000000000Z,1.11346,london,monday,0.0,7.4,,2,0.0,0.0,0,1
2024-09-23T15:51:00.000000000Z,1.11325,london,monday,0.0,5.3,,4,0.0,0.0,0,1
2024-09-23T15:52:00.000000000Z,1.1131,london,monday,0.0,3.8,,4,0.0,0.0,0,1
2024-09-23T15:53:00.000000000Z,1.11306,london,monday,0.4,3.4,,4,0.0,0.4,0,1
2024-09-23T15:54:00.000000000Z,1.1131,london,monday,0.0,3.8,,2,0.0,0.0,0,1
2024-09-23T15:55:00.000000000Z,1.11297,london,monday,0.7,2.5,,2,0.0,0.0,0,1
2024-09-23T15:56:00.000000000Z,1.11281,london,monday,2.3,0.9,,,0.0,0.0,0,0
2024-09-23T15:57:00.000000000Z,1.11272,london,monday,3.2,0.0,2,,0.0,0.0,1,0
2024-09-23T15:58:00.000000000Z,1.11286,london,monday,1.8,0.0,,,0.0,0.0,0,0
2024-09-23T15:59:00.000000000Z,1.11304,london,monday,0.0,0.0,,,0.0,0.0,0,0
2024-09-30T08:00:00.000000000Z,1.11747,london,monday,33.7,0.0,1,,0.0,0.0,1,0
2024-09-30T08:01:00.000000000Z,1.11803,london,monday,28.1,2.1,12,,2.1,0.0,1,0
2024-09-30T08:02:00.000000000Z,1.1182,london,monday,26.4,3.8,20,2,3.8,0.0,1,1
2024-09-30T08:03:00.000000000Z,1.11798,london,monday,28.6,1.6,10,,1.6,0.0,1,0
2024-09-30T08:04:00.000000000Z,1.11784,london,monday,30.0,0.2,5,,0.2,0.0,1,0
2024-09-30T08:05:00.000000000Z,1.11802,london,monday,28.2,2.0,8,,2.0,0.0,1,0
2024-09-30T08:06:00.000000000Z,1.11798,london,monday,28.6,1.6,7,,1.6,0.0,1,0
2024-09-30T08:07:00.000000000Z,1.11806,london,monday,27.8,2.4,7,,2.4,0.0,1,0
2024-09-30T08:08:00.000000000Z,1.11782,london,monday,30.2,0.0,1,,0.0,0.0,1,0
2024-09-30T08:09:00.000000000Z,1.11812,london,monday,27.2,1.4,5,,1.4,0.0,1,0
2024-09-30T08:10:00.000000000Z,1.11799,london,monday,28.5,0.1,3,,0.1,0.0,1,0
2024-09-30T08:11:00.000000000Z,1.11798,london,monday,28.6,0.0,2,,0.0,0.0,1,0
2024-09-30T08:12:00.000000000Z,1.11811,london,monday,27.3,0.0,2,,0.0,0.0,1,0
2024-09-30T08:13:00.000000000Z,1.1183,london,monday,25.4,1.8,9,,1.8,0.0,1,0
2024-09-30T08:14:00.000000000Z,1.1184,london,monday,24.4,2.8,8,2,2.8,0.0,1,1
2024-09-30T08:15:00.000000000Z,1.1183,london,monday,25.4,1.8,7,,1.8,0.0,1,0
2024-09-30T08:16:00.000000000Z,1.11812,london,monday,27.2,0.0,5,,0.0,0.0,1,0
2024-09-30T08:17:00.000000000Z,1.11812,london,monday,27.2,0.0,4,,0.0,0.0,1,0
2024-09-30T08:18:00.000000000Z,1.11828,london,monday,25.6,0.6,4,,0.6,0.0,1,0
2024-09-30T08:19:00.000000000Z,1.11822,london,monday,26.2,0.0,3,,0.0,0.0,1,0
2024-09-30T08:20:00.000000000Z,1.11829,london,monday,25.5,0.0,2,,0.0,0.0,1,0
2024-09-30T08:21:00.000000000Z,1.1184,london,monday,24.4,0.0,1,,0.0,0.0,1,0
2024-09-30T08:22:00.000000000Z,1.11868,london,monday,21.6,0.7,4,,0.7,0.0,1,0
2024-09-30T08:23:00.000000000Z,1.11866,london,monday,21.8,0.5,3,,0.5,0.0,1,0
2024-09-30T08:24:00.000000000Z,1.11862,london,monday,22.2,0.1,2,,0.1,0.0,1,0
2024-09-30T08:25:00.000000000Z,1.11861,london,monday,22.3,0.0,1,,0.0,0.0,1,0
2024-09-30T08:26:00.000000000Z,1.11894,london,monday,19.0,2.7,6,99,0.2,19.0,1,1
2024-09-30T08:27:00.000000000Z,1.11892,london,monday,19.2,2.5,5,,0.0,0.0,1,0
2024-09-30T08:28:00.000000000Z,1.11894,london,monday,19.0,2.7,4,97,0.0,19.0,1,1
2024-09-30T08:29:00.000000000Z,1.11896,london,monday,18.8,2.9,3,96,0.0,18.8,1,1
2024-09-30T08:30:00.000000000Z,1.11916,london,monday,16.8,4.9,3,87,0.2,16.8,1,1
2024-09-30T08:31:00.000000000Z,1.11914,london,monday,17.0,4.7,2,90,0.0,17.0,1,1
2024-09-30T08:32:00.000000000Z,1.11933,london,monday,15.1,6.6,9,85,1.7,15.1,1,1
2024-09-30T08:33:00.000000000Z,1.11948,london,monday,13.6,8.1,9,1,3.2,0.0,1,1
2024-09-30T08:34:00.000000000Z,1.11916,london,monday,16.8,4.9,3,83,0.0,16.8,1,1
2024-09-30T08:35:00.000000000Z,1.1193,london,monday,15.4,6.3,6,82,0.6,15.4,1,1
2024-09-30T08:36:00.000000000Z,1.11924,london,monday,16.0,5.7,5,81,0.0,16.0,1,1
2024-09-30T08:37:00.000000000Z,1.11942,london,monday,14.2,7.5,5,79,1.2,14.2,1,1
2024-09-30T08:38:00.000000000Z,1.11932,london,monday,15.2,7.2,3,79,0.2,15.2,1,1
2024-09-30T08:39:00.000000000Z,1.1193,london,monday,15.4,7.4,2,78,0.0,15.4,1,1
2024-09-30T08:40:00.000000000Z,1.1194,london,monday,14.4,8.4,2,76,0.0,14.4,1,1
2024-09-30T08:41:00.000000000Z,1.11962,london,monday,12.2,10.6,3,30,0.0,12.2,1,1
2024-09-30T08:42:00.000000000Z,1.11978,london,monday,10.6,12.6,13,7,3.3,1.1,1,1
2024-09-30T08:43:00.000000000Z,1.11983,london,monday,10.1,13.1,12,6,3.8,0.6,1,1
2024-09-30T08:44:00.000000000Z,1.11989,london,monday,9.5,13.7,11,5,4.4,0.0,1,1
2024-09-30T08:45:00.000000000Z,1.1197,london,monday,11.4,11.8,9,25,2.5,11.4,1,1
2024-09-30T08:46:00.000000000Z,1.11987,london,monday,9.7,14.0,9,3,4.2,0.0,1,1
2024-09-30T08:47:00.000000000Z,1.11978,london,monday,10.6,13.1,8,2,3.3,0.0,1,1
2024-09-30T08:48:00.000000000Z,1.11966,london,monday,11.8,11.9,6,23,2.1,11.8,1,1
2024-09-30T08:49:00.000000000Z,1.1195,london,monday,13.4,10.3,3,39,0.5,13.4,1,1
2024-09-30T08:50:00.000000000Z,1.11945,london,monday,13.9,9.8,2,66,0.0,13.9,1,1
2024-09-30T08:51:00.000000000Z,1.11967,london,monday,11.7,12.0,3,20,0.0,11.7,1,1
2024-09-30T08:52:00.000000000Z,1.11978,london,monday,10.6,13.1,3,18,0.0,10.6,1,1
2024-09-30T08:53:00.000000000Z,1.11986,london,monday,9.8,13.9,2,17,0.0,9.8,1,1
2024-09-30T08:54:00.000000000Z,1.11996,london,monday,8.8,14.9,1,15,0.0,8.8,1,1
2024-09-30T08:55:00.000000000Z,1.12022,london,monday,6.2,18.0,2,8,0.0,6.2,1,1
2024-09-30T08:56:00.000000000Z,1.12026,london,monday,5.8,18.6,1,7,0.0,5.8,1,1
2024-09-30T08:57:00.000000000Z,1.12084,london,monday,0.0,24.4,,1,0.0,0.0,0,1
2024-09-30T08:58:00.000000000Z,1.12051,london,monday,0.7,21.1,,3,0.0,0.7,0,1
2024-09-30T08:59:00.000000000Z,1.12058,london,monday,0.0,21.8,,2,0.0,0.0,0,1
2024-09-30T09:00:00.000000000Z,1.1204,london,monday,0.0,20.0,,1,0.0,0.0,0,1
2024-09-30T09:01:00.000000000Z,1.12011,london,monday,2.1,17.1,,8,0.0,2.1,0,1
2024-09-30T09:02:00.000000000Z,1.1201,london,monday,2.2,17.0,,7,0.0,2.2,0,1
2024-09-30T09:03:00.000000000Z,1.1199,london,monday,4.2,15.0,1,7,0.0,4.2,1,1
2024-09-30T09:04:00.000000000Z,1.12016,london,monday,1.6,17.6,,5,0.0,1.6,0,1
2024-09-30T09:05:00.000000000Z,1.12032,london,monday,0.0,19.2,,3,0.0,0.0,0,1
2024-09-30T09:06:00.000000000Z,1.1203,london,monday,0.0,19.0,,2,0.0,0.0,0,1
2024-09-30T09:07:00.000000000Z,1.12026,london,monday,0.0,18.6,,1,0.0,0.0,0,1
2024-09-30T09:08:00.000000000Z,1.11994,london,monday,0.0,15.4,,1,0.0,0.0,0,1
2024-09-30T09:09:00.000000000Z,1.11967,london,monday,1.9,12.7,,2,0.0,0.0,0,1
2024-09-30T09:10:00.000000000Z,1.11944,london,monday,4.2,10.4,3,46,1.6,4.2,1,1
2024-09-30T09:11:00.000000000Z,1.11928,london,monday,5.8,8.8,2,46,0.0,5.8,1,1
2024-09-30T09:12:00.000000000Z,1.11929,london,monday,5.7,8.9,1,45,0.0,5.7,1,1
2024-09-30T09:13:00.000000000Z,1.1197,london,monday,1.6,13.0,,15,0.0,1.6,0,1
2024-09-30T09:14:00.000000000Z,1.11955,london,monday,3.1,11.5,1,14,0.0,3.1,1,1
2024-09-30T09:15:00.000000000Z,1.11984,london,monday,0.2,14.4,,12,0.0,0.2,0,1
2024-09-30T09:16:00.000000000Z,1.11959,london,monday,2.7,11.9,6,12,0.0,2.7,1,1
2024-09-30T09:17:00.000000000Z,1.11968,london,monday,1.8,12.8,,11,0.0,1.8,0,1
2024-09-30T09:18:00.000000000Z,1.11968,london,monday,1.8,12.8,,10,0.0,1.8,0,1
2024-09-30T09:19:00.000000000Z,1.11965,london,monday,2.1,12.5,,9,0.0,2.1,0,1
2024-09-30T09:20:00.000000000Z,1.1196,london,monday,2.6,12.0,2,8,0.0,2.6,1,1
2024-09-30T09:21:00.000000000Z,1.11974,london,monday,1.2,13.4,,7,0.0,1.2,0,1
2024-09-30T09:22:00.000000000Z,1.11986,london,monday,0.0,14.6,,3,0.0,0.0,0,1
2024-09-30T09:23:00.000000000Z,1.11975,london,monday,0.5,13.5,,5,0.0,0.5,0,1
2024-09-30T09:24:00.000000000Z,1.1198,london,monday,0.0,14.0,,4,0.0,0.0,0,1
2024-09-30T09:25:00.000000000Z,1.1196,london,monday,0.6,12.0,,3,0.0,0.6,0,1
2024-09-30T09:26:00.000000000Z,1.11966,london,monday,0.0,12.6,,2,0.0,0.0,0,1
2024-09-30T09:27:00.000000000Z,1.11958,london,monday,0.7,11.8,,1,0.0,0.0,0,1
2024-09-30T09:28:00.000000000Z,1.11922,london,monday,4.3,8.2,10,29,0.0,4.3,1,1
2024-09-30T09:29:00.000000000Z,1.11941,london,monday,2.4,10.1,,27,0.0,2.4,0,1
2024-09-30T09:30:00.000000000Z,1.1193,london,monday,3.5,9.0,12,27,0.3,3.5,1,1
2024-09-30T09:31:00.000000000Z,1.11927,london,monday,3.8,8.7,11,26,0.0,3.8,1,1
2024-09-30T09:32:00.000000000Z,1.11946,london,monday,1.9,10.6,,24,0.0,1.9,0,1
2024-09-30T09:33:00.000000000Z,1.11944,london,monday,2.1,10.4,,23,0.0,2.1,0,1
2024-09-30T09:34:00.000000000Z,1.1193,london,monday,3.5,9.0,8,23,0.0,3.5,1,1
2024-09-30T09:35:00.000000000Z,1.1194,london,monday,2.5,10.0,8,21,0.4,2.5,1,1
2024-09-30T09:36:00.000000000Z,1.11944,london,monday,2.1,10.4,,20,0.0,2.1,0,1
2024-09-30T09:37:00.000000000Z,1.11944,london,monday,2.1,10.4,,19,0.0,2.1,0,1
2024-09-30T09:38:00.000000000Z,1.1195,london,monday,1.5,11.0,,13,0.0,1.5,0,1
2024-09-30T09:39:00.000000000Z,1.11936,london,monday,2.9,9.6,4,18,0.0,2.9,1,1
2024-09-30T09:40:00.000000000Z,1.11941,london,monday,2.4,10.1,,16,0.0,2.4,0,1
2024-09-30T09:41:00.000000000Z,1.11942,london,monday,2.3,10.2,,15,0.0,2.3,0,1
2024-09-30T09:42:00.000000000Z,1.11956,london,monday,0.9,11.6,,9,0.0,0.9,0,1
2024-09-30T09:43:00.000000000Z,1.11965,london,monday,0.0,12.5,,7,0.0,0.0,0,1
2024-09-30T09:44:00.000000000Z,1.1195,london,monday,0.0,11.0,,7,0.0,0.0,0,1
2024-09-30T09:45:00.000000000Z,1.11946,london,monday,0.4,10.6,,11,0.0,0.4,0,1
2024-09-30T09:46:00.000000000Z,1.1195,london,monday,0.0,11.0,,5,0.0,0.0,0,1
2024-09-30T09:47:00.000000000Z,1.11949,london,monday,0.0,10.9,,4,0.0,0.0,0,1
2024-09-30T09:48:00.000000000Z,1.11943,london,monday,0.3,10.3,,8,0.0,0.3,0,1
2024-09-30T09:49:00.000000000Z,1.11946,london,monday,0.0,10.6,,7,0.0,0.0,0,1
2024-09-30T09:50:00.000000000Z,1.11932,london,monday,2.6,9.2,100,7,9.2,0.0,1,1
2024-09-30T09:51:00.000000000Z,1.11922,london,monday,4.0,8.2,99,6,8.2,0.8,1,1
2024-09-30T09:52:00.000000000Z,1.11926,london,monday,3.6,8.6,98,5,8.6,0.4,1,1
2024-09-30T09:53:00.000000000Z,1.1193,london,monday,4.4,9.0,97,4,9.0,0.0,1,1
2024-09-30T09:54:00.000000000Z,1.1193,london,monday,6.3,9.0,96,3,9.0,0.0,1,1
2024-09-30T09:55:00.000000000Z,1.11921,london,monday,8.1,8.1,95,2,8.1,0.0,1,1
2024-09-30T09:56:00.000000000Z,1.11912,london,monday,9.1,7.2,76,5,7.2,0.0,1,1
2024-09-30T09:57:00.000000000Z,1.1189,london,monday,11.7,5.0,69,21,5.0,0.7,1,1
2024-09-30T09:58:00.000000000Z,1.11896,london,monday,11.1,5.6,68,7,5.6,0.0,1,1
2024-09-30T09:59:00.000000000Z,1.11896,london,monday,11.1,5.6,67,6,5.6,0.0,1,1
2024-09-30T10:00:00.000000000Z,1.1189,london,monday,11.7,5.0,66,18,5.0,0.7,1,1
2024-09-30T10:01:00.000000000Z,1.11878,london,monday,12.9,3.8,54,21,3.8,1.9,1,1
2024-09-30T10:02:00.000000000Z,1.11874,london,monday,13.3,3.4,29,24,2.7,2.3,1,1
2024-09-30T10:03:00.000000000Z,1.11882,london,monday,12.5,4.2,52,16,4.2,1.5,1,1
2024-09-30T10:04:00.000000000Z,1.11877,london,monday,13.0,3.7,51,18,3.7,2.0,1,1
2024-09-30T10:05:00.000000000Z,1.11867,london,monday,15.4,2.7,5,30,0.0,3.3,1,1
2024-09-30T10:06:00.000000000Z,1.11872,london,monday,15.2,3.2,5,29,0.0,2.8,1,1
2024-09-30T10:07:00.000000000Z,1.11875,london,monday,14.9,3.5,24,19,2.8,2.2,1,1
2024-09-30T10:08:00.000000000Z,1.11882,london,monday,14.2,4.2,47,11,4.2,1.5,1,1
2024-09-30T10:09:00.000000000Z,1.11882,london,monday,14.2,4.2,46,10,4.2,1.5,1,1
2024-09-30T10:10:00.000000000Z,1.11893,london,monday,13.1,5.3,56,8,5.3,0.4,1,1
2024-09-30T10:11:00.000000000Z,1.11897,london,monday,12.7,5.7,55,6,5.7,0.0,1,1
2024-09-30T10:12:00.000000000Z,1.1188,london,monday,14.4,4.0,43,10,4.0,0.7,1,1
2024-09-30T10:13:00.000000000Z,1.11876,london,monday,14.8,3.6,40,13,3.6,1.1,1,1
2024-09-30T10:14:00.000000000Z,1.11887,london,monday,13.7,4.7,52,4,4.7,0.0,1,1
2024-09-30T10:15:00.000000000Z,1.11881,london,monday,14.3,4.1,40,4,4.1,0.0,1,1
2024-09-30T10:16:00.000000000Z,1.11877,london,monday,14.7,3.7,39,6,3.7,0.0,1,1
2024-09-30T10:17:00.000000000Z,1.11872,london,monday,15.2,3.2,14,18,2.5,2.8,1,1
2024-09-30T10:18:00.000000000Z,1.1186,london,monday,16.4,2.0,12,,1.3,0.0,1,0
2024-09-30T10:19:00.000000000Z,1.11856,london,monday,16.8,1.6,11,,0.9,0.0,1,0
2024-09-30T10:20:00.000000000Z,1.11858,london,monday,16.6,1.8,10,,1.1,0.0,1,0
2024-09-30T10:21:00.000000000Z,1.11866,london,monday,15.8,2.6,10,15,1.9,3.4,1,1
2024-09-30T10:22:00.000000000Z,1.11852,london,monday,17.2,1.2,8,,0.5,0.0,1,0
2024-09-30T10:23:00.000000000Z,1.11862,london,monday,16.2,2.2,7,,1.5,0.0,1,0
2024-09-30T10:24:00.000000000Z,1.11862,london,monday,16.2,2.2,6,,1.5,0.0,1,0
2024-09-30T10:25:00.000000000Z,1.11856,london,monday,16.8,1.6,5,,0.9,0.0,1,0
2024-09-30T10:26:00.000000000Z,1.11847,london,monday,17.7,0.7,4,,0.0,0.0,1,0
2024-09-30T10:27:00.000000000Z,1.11862,london,monday,16.2,2.2,3,,0.0,0.0,1,0
2024-09-30T10:28:00.000000000Z,1.1187,london,monday,15.4,3.0,3,7,0.0,3.0,1,1
2024-09-30T10:29:00.000000000Z,1.11871,london,monday,15.3,3.1,2,6,0.0,2.9,1,1
2024-09-30T10:30:00.000000000Z,1.11888,london,monday,13.6,4.8,36,5,4.8,1.2,1,1
2024-09-30T10:31:00.000000000Z,1.119,london,monday,12.4,6.0,35,1,6.0,0.0,1,1
2024-09-30T10:32:00.000000000Z,1.11866,london,monday,15.8,2.6,20,4,2.6,1.4,1,1
2024-09-30T10:33:00.000000000Z,1.11872,london,monday,15.2,3.2,20,2,3.2,0.8,1,1
2024-09-30T10:34:00.000000000Z,1.1188,london,monday,14.4,4.0,21,1,4.0,0.0,1,1
2024-09-30T10:35:00.000000000Z,1.11842,london,monday,18.2,0.2,13,,0.2,0.0,1,0
2024-09-30T10:36:00.000000000Z,1.1184,london,monday,18.4,0.0,12,,0.0,0.0,1,0
2024-09-30T10:37:00.000000000Z,1.11841,london,monday,18.3,0.0,11,,0.0,0.0,1,0
2024-09-30T10:38:00.000000000Z,1.11852,london,monday,17.2,1.0,13,,1.0,0.0,1,0
2024-09-30T10:39:00.000000000Z,1.11858,london,monday,16.6,1.6,12,,1.6,0.0,1,0
2024-09-30T10:40:00.000000000Z,1.11847,london,monday,17.7,0.5,8,,0.5,0.0,1,0
2024-09-30T10:41:00.000000000Z,1.11862,london,monday,16.2,2.0,11,,2.0,0.0,1,0
2024-09-30T10:42:00.000000000Z,1.11854,london,monday,17.0,1.2,9,,1.2,0.0,1,0
2024-09-30T10:43:00.000000000Z,1.11861,london,monday,16.3,1.9,9,,1.9,0.0,1,0
2024-09-30T10:44:00.000000000Z,1.11861,london,monday,16.3,1.9,8,,1.9,0.0,1,0
2024-09-30T10:45:00.000000000Z,1.11842,london,monday,18.2,0.0,3,,0.0,0.0,1,0
2024-09-30T10:46:00.000000000Z,1.11856,london,monday,16.8,0.0,5,,0.0,0.0,1,0
2024-09-30T10:47:00.000000000Z,1.11864,london,monday,16.0,0.0,5,,0.0,0.0,1,0
2024-09-30T10:48:00.000000000Z,1.11874,london,monday,15.0,0.2,5,,0.2,0.0,1,0
2024-09-30T10:49:00.000000000Z,1.11872,london,monday,15.2,0.0,4,,0.0,0.0,1,0
2024-09-30T10:50:00.000000000Z,1.11872,london,monday,15.2,0.0,3,,0.0,0.0,1,0
2024-09-30T10:51:00.000000000Z,1.11886,london,monday,13.8,0.7,14,,0.0,0.0,1,0
2024-09-30T10:52:00.000000000Z,1.11892,london,monday,13.2,2.2,14,,0.0,0.0,1,0
2024-09-30T10:53:00.000000000Z,1.11901,london,monday,12.3,3.1,13,99,0.7,12.3,1,1
2024-09-30T10:54:00.000000000Z,1.11901,london,monday,12.3,3.1,12,98,0.7,12.3,1,1
2024-09-30T10:55:00.000000000Z,1.11907,london,monday,11.7,3.7,11,96,1.3,11.7,1,1
2024-09-30T10:56:00.000000000Z,1.11897,london,monday,12.7,2.7,10,96,0.3,12.7,1,1
2024-09-30T10:57:00.000000000Z,1.11908,london,monday,11.6,3.8,13,94,1.4,11.6,1,1
2024-09-30T10:58:00.000000000Z,1.11902,london,monday,12.2,3.2,8,94,0.8,12.2,1,1
2024-09-30T10:59:00.000000000Z,1.119,london,monday,12.4,3.0,7,93,0.6,12.4,1,1
2024-09-30T11:00:00.000000000Z,1.11896,london,monday,12.8,2.6,6,92,0.2,12.8,1,1
2024-09-30T11:01:00.000000000Z,1.11901,london,monday,12.3,3.1,5,91,0.7,12.3,1,1
2024-09-30T11:02:00.000000000Z,1.11908,london,monday,11.6,3.8,8,89,1.4,11.6,1,1
2024-09-30T11:03:00.000000000Z,1.11906,london,monday,11.8,3.6,3,88,1.2,11.8,1,1
2024-09-30T11:04:00.000000000Z,1.11894,london,monday,13.0,2.4,2,,0.0,0.0,1,0
2024-09-30T11:05:00.000000000Z,1.11911,london,monday,11.3,4.1,7,86,0.0,11.3,1,1
2024-09-30T11:06:00.000000000Z,1.11932,london,monday,9.2,6.2,24,72,2.0,9.2,1,1
2024-09-30T11:07:00.000000000Z,1.11924,london,monday,10.0,5.4,23,71,1.2,10.0,1,1
2024-09-30T11:08:00.000000000Z,1.11922,london,monday,10.2,5.2,22,70,1.0,10.2,1,1
2024-09-30T11:09:00.000000000Z,1.11926,london,monday,9.8,5.6,21,69,1.4,9.8,1,1
2024-09-30T11:10:00.000000000Z,1.11936,london,monday,8.8,6.6,21,67,2.4,8.8,1,1
2024-09-30T11:11:00.000000000Z,1.11934,london,monday,9.0,6.4,20,66,2.2,9.0,1,1
2024-09-30T11:12:00.000000000Z,1.1194,london,monday,8.4,7.2,21,13,2.8,0.2,1,1
2024-09-30T11:13:00.000000000Z,1.1194,london,monday,8.4,7.2,20,12,2.8,0.2,1,1
2024-09-30T11:14:00.000000000Z,1.11942,london,monday,8.2,7.4,19,11,3.0,0.0,1,1
2024-09-30T11:15:00.000000000Z,1.11931,london,monday,9.3,6.3,15,63,1.9,9.3,1,1
2024-09-30T11:16:00.000000000Z,1.11922,london,monday,10.2,5.4,14,62,1.0,10.2,1,1
2024-09-30T11:17:00.000000000Z,1.11922,london,monday,10.2,5.4,13,61,1.0,10.2,1,1
2024-09-30T11:18:00.000000000Z,1.11924,london,monday,10.0,5.6,12,60,1.2,10.0,1,1
2024-09-30T11:19:00.000000000Z,1.11924,london,monday,10.0,5.6,11,59,1.2,10.0,1,1
2024-09-30T11:20:00.000000000Z,1.11918,london,monday,10.6,5.0,10,71,0.6,10.6,1,1
2024-09-30T11:21:00.000000000Z,1.11921,london,monday,10.3,5.3,9,69,0.9,10.3,1,1
2024-09-30T11:22:00.000000000Z,1.11925,london,monday,9.9,10.5,8,56,1.3,9.9,1,1
2024-09-30T11:23:00.000000000Z,1.11921,london,monday,10.3,10.1,7,67,0.9,10.3,1,1
2024-09-30T11:24:00.000000000Z,1.11934,london,monday,9.0,14.4,7,53,2.2,9.0,1,1
2024-09-30T11:25:00.000000000Z,1.11912,london,monday,11.2,15.2,5,66,0.0,11.2,1,1
2024-09-30T11:26:00.000000000Z,1.1192,london,monday,10.4,16.0,4,64,0.0,10.4,1,1
2024-09-30T11:27:00.000000000Z,1.1193,london,monday,9.4,19.2,3,51,0.0,9.4,1,1
2024-09-30T11:28:00.000000000Z,1.11932,london,monday,9.2,22.2,2,50,0.0,9.2,1,1
2024-09-30T11:29:00.000000000Z,1.11932,london,monday,9.2,24.2,1,49,0.0,9.2,1,1
2024-09-30T11:30:00.000000000Z,1.11958,london,monday,6.6,26.8,4,46,0.2,6.6,1,1
2024-09-30T11:31:00.000000000Z,1.11962,london,monday,6.2,27.2,3,44,0.6,6.2,1,1
2024-09-30T11:32:00.000000000Z,1.11956,london,monday,6.8,26.6,2,44,0.0,6.8,1,1
2024-09-30T11:33:00.000000000Z,1.11974,london,monday,5.0,28.4,2,38,0.0,5.0,1,1
2024-09-30T11:34:00.000000000Z,1.11993,london,monday,3.1,30.3,11,22,0.8,3.1,1,1
2024-09-30T11:35:00.000000000Z,1.12002,london,monday,2.2,31.2,,20,0.0,2.2,0,1
2024-09-30T11:36:00.000000000Z,1.12003,london,monday,2.1,31.3,,19,0.0,2.1,0,1
2024-09-30T11:37:00.000000000Z,1.12007,london,monday,1.7,31.7,,18,0.0,1.7,0,1
2024-09-30T11:38:00.000000000Z,1.12006,london,monday,1.8,31.6,,17,0.0,1.8,0,1
2024-09-30T11:39:00.000000000Z,1.11991,london,monday,3.3,30.1,6,17,0.6,3.3,1,1
2024-09-30T11:40:00.000000000Z,1.11988,london,monday,3.6,29.8,5,16,0.3,3.6,1,1
2024-09-30T11:41:00.000000000Z,1.11991,london,monday,3.3,30.1,4,15,0.6,3.3,1,1
2024-09-30T11:42:00.000000000Z,1.11985,london,monday,3.9,29.5,3,14,0.0,3.9,1,1
2024-09-30T11:43:00.000000000Z,1.11996,london,monday,2.8,30.6,3,13,0.0,2.8,1,1
2024-09-30T11:44:00.000000000Z,1.12002,london,monday,2.2,31.2,,11,0.0,2.2,0,1
2024-09-30T11:45:00.000000000Z,1.12021,london,monday,0.3,33.1,,5,0.0,0.3,0,1
2024-09-30T11:46:00.000000000Z,1.12024,london,monday,0.0,33.4,,4,0.0,0.0,0,1
2024-09-30T11:47:00.000000000Z,1.12017,london,monday,0.0,32.7,,3,0.0,0.0,0,1
2024-09-30T11:48:00.000000000Z,1.12013,london,monday,0.3,32.3,,7,0.0,0.3,0,1
2024-09-30T11:49:00.000000000Z,1.12016,london,monday,0.0,32.6,,1,0.0,0.0,0,1
2024-09-30T11:50:00.000000000Z,1.11991,london,monday,0.7,30.1,,6,0.0,0.7,0,1
2024-09-30T11:51:00.000000000Z,1.11995,london,monday,0.3,30.5,,5,0.0,0.3,0,1
2024-09-30T11:52:00.000000000Z,1.1199,london,monday,0.8,30.0,,4,0.0,0.8,0,1
2024-09-30T11:53:00.000000000Z,1.11998,london,monday,0.0,30.8,,2,0.0,0.0,0,1
2024-09-30T11:54:00.000000000Z,1.11994,london,monday,0.3,30.4,,2,0.0,0.0,0,1
2024-09-30T11:55:00.000000000Z,1.11972,london,monday,2.5,28.2,,16,0.0,2.5,0,1
2024-09-30T11:56:00.000000000Z,1.11958,london,monday,3.9,26.8,4,20,0.0,3.9,1,1
2024-09-30T11:57:00.000000000Z,1.1196,london,monday,3.7,27.0,3,19,0.0,3.7,1,1
2024-09-30T11:58:00.000000000Z,1.11968,london,monday,2.9,27.8,2,14,0.0,2.9,1,1
2024-09-30T11:59:00.000000000Z,1.11978,london,monday,1.9,28.8,,12,0.0,1.9,0,1
2024-09-30T12:00:00.000000000Z,1.11996,london,monday,0.1,30.6,,8,0.0,0.1,0,1
2024-09-30T12:01:00.000000000Z,1.11997,london,monday,0.0,30.7,,7,0.0,0.0,0,1
2024-09-30T12:02:00.000000000Z,1.11992,london,monday,0.0,30.2,,7,0.0,0.0,0,1
2024-09-30T12:03:00.000000000Z,1.11982,london,monday,0.0,29.2,,7,0.0,0.0,0,1
2024-09-30T12:04:00.000000000Z,1.11982,london,monday,0.0,29.2,,6,0.0,0.0,0,1
2024-09-30T12:05:00.000000000Z,1.11972,london,monday,0.8,28.2,,6,0.0,0.8,0,1
2024-09-30T12:06:00.000000000Z,1.1198,london,monday,0.0,29.0,,4,0.0,0.0,0,1
2024-09-30T12:07:00.000000000Z,1.1198,london,monday,0.0,29.0,,3,0.0,0.0,0,1
2024-09-30T12:08:00.000000000Z,1.1197,london,monday,0.0,28.0,,4,0.0,0.0,0,1
2024-09-30T12:09:00.000000000Z,1.11964,london,monday,0.0,27.4,,4,0.0,0.0,0,1
2024-09-30T12:10:00.000000000Z,1.11954,london,monday,0.0,26.4,,6,0.0,0.0,0,1
2024-09-30T12:11:00.000000000Z,1.11945,london,monday,0.0,25.5,,6,0.0,0.0,0,1
2024-09-30T12:12:00.000000000Z,1.11939,london,monday,0.0,24.9,,5,0.0,0.0,0,1
2024-09-30T12:13:00.000000000Z,1.11938,london,monday,0.1,24.8,,4,0.0,0.1,0,1
2024-09-30T12:14:00.000000000Z,1.11939,london,monday,0.0,24.9,,3,0.0,0.0,0,1
2024-09-30T12:15:00.000000000Z,1.11936,london,monday,0.0,24.6,,2,0.0,0.0,0,1
2024-09-30T12:16:00.000000000Z,1.11922,london,monday,0.4,23.2,,2,0.0,0.0,0,1
2024-09-30T12:17:00.000000000Z,1.11908,london,monday,1.8,21.8,,14,0.0,1.8,0,1
2024-09-30T12:18:00.000000000Z,1.11897,london,monday,2.9,20.7,5,14,0.0,2.9,1,1
2024-09-30T12:19:00.000000000Z,1.11906,london,monday,2.0,22.1,,12,0.0,2.0,0,1
2024-09-30T12:20:00.000000000Z,1.1191,london,monday,1.6,23.4,,11,0.0,1.6,0,1
2024-09-30T12:21:00.000000000Z,1.11913,london,monday,1.3,24.7,,10,0.0,1.3,0,1
2024-09-30T12:22:00.000000000Z,1.1192,london,monday,0.6,26.4,,8,0.0,0.6,0,1
2024-09-30T12:23:00.000000000Z,1.11926,london,monday,0.0,27.6,,7,0.0,0.0,0,1
2024-09-30T12:24:00.000000000Z,1.11924,london,monday,0.0,27.4,,6,0.0,0.0,0,1
2024-09-30T12:25:00.000000000Z,1.11918,london,monday,0.2,26.8,,6,0.0,0.2,0,1
2024-09-30T12:26:00.000000000Z,1.11904,london,monday,1.6,25.4,,5,0.0,1.6,0,1
2024-09-30T12:27:00.000000000Z,1.11905,london,monday,1.5,26.1,,4,0.0,1.5,0,1
2024-09-30T12:28:00.000000000Z,1.11912,london,monday,0.8,26.8,,3,0.0,0.8,0,1
2024-09-30T12:29:00.000000000Z,1.1192,london,monday,0.0,28.8,,1,0.0,0.0,0,1
2024-09-30T12:30:00.000000000Z,1.11894,london,monday,2.6,26.2,7,22,2.4,2.6,1,1
2024-09-30T12:31:00.000000000Z,1.11879,london,monday,4.1,26.7,4,31,0.9,4.1,1,1
2024-09-30T12:32:00.000000000Z,1.1187,london,monday,5.0,26.4,3,30,0.0,5.0,1,1
2024-09-30T12:33:00.000000000Z,1.11879,london,monday,4.1,27.3,2,29,0.0,4.1,1,1
2024-09-30T12:34:00.000000000Z,1.11894,london,monday,2.6,28.8,3,18,0.0,2.6,1,1
2024-09-30T12:35:00.000000000Z,1.1191,london,monday,1.0,30.4,,10,0.0,1.0,0,1
2024-09-30T12:36:00.000000000Z,1.11906,london,monday,1.4,30.0,,9,0.0,1.4,0,1
2024-09-30T12:37:00.000000000Z,1.1192,london,monday,0.0,31.4,,8,0.0,0.0,0,1
2024-09-30T12:38:00.000000000Z,1.1192,london,monday,0.0,31.4,,7,0.0,0.0,0,1
2024-09-30T12:39:00.000000000Z,1.119,london,monday,1.9,29.4,,6,0.0,1.9,0,1
2024-09-30T12:40:00.000000000Z,1.1191,london,monday,0.9,30.4,,5,0.0,0.9,0,1
2024-09-30T12:41:00.000000000Z,1.11907,london,monday,1.2,30.1,,4,0.0,1.2,0,1
2024-09-30T12:42:00.000000000Z,1.11914,london,monday,0.5,31.3,,3,0.0,0.5,0,1
2024-09-30T12:43:00.000000000Z,1.11919,london,monday,0.0,31.8,,2,0.0,0.0,0,1
2024-09-30T12:44:00.000000000Z,1.11902,london,monday,1.0,31.5,,1,0.0,0.0,0,1
2024-09-30T12:45:00.000000000Z,1.11875,london,monday,3.7,38.8,12,17,0.7,3.7,1,1
2024-09-30T12:46:00.000000000Z,1.11878,london,monday,3.4,39.1,11,16,1.0,3.4,1,1
2024-09-30T12:47:00.000000000Z,1.11874,london,monday,3.8,42.9,10,15,0.6,3.8,1,1
2024-09-30T12:48:00.000000000Z,1.11893,london,monday,1.9,46.3,,4,0.0,0.0,0,1
2024-09-30T12:49:00.000000000Z,1.11879,london,monday,3.3,44.9,8,13,1.1,3.3,1,1
2024-09-30T12:50:00.000000000Z,1.11884,london,monday,2.8,45.4,7,12,1.6,2.8,1,1
2024-09-30T12:51:00.000000000Z,1.11878,london,monday,3.4,44.8,6,11,1.0,3.4,1,1
2024-09-30T12:52:00.000000000Z,1.11868,london,monday,4.4,43.8,4,10,0.0,4.4,1,1
2024-09-30T12:53:00.000000000Z,1.11886,london,monday,2.6,45.6,8,9,1.2,2.6,1,1
2024-09-30T12:54:00.000000000Z,1.11874,london,monday,3.8,44.4,3,8,0.0,3.8,1,1
2024-09-30T12:55:00.000000000Z,1.11878,london,monday,3.4,44.8,2,7,0.0,3.4,1,1
2024-09-30T12:56:00.000000000Z,1.11894,london,monday,1.8,46.4,,6,0.0,1.8,0,1
2024-09-30T12:57:00.000000000Z,1.1191,london,monday,0.2,48.0,,5,0.0,0.2,0,1
2024-09-30T12:58:00.000000000Z,1.11908,london,monday,0.4,47.8,,4,0.0,0.4,0,1
2024-09-30T12:59:00.000000000Z,1.11898,london,monday,1.4,46.8,,3,0.0,1.4,0,1
2024-09-30T13:00:00.000000000Z,1.11894,london,monday,1.8,46.4,,2,0.0,1.8,0,1
2024-09-30T13:01:00.000000000Z,1.11912,london,monday,0.0,48.2,,1,0.0,0.0,0,1
2024-09-30T13:02:00.000000000Z,1.1182,london,monday,1.2,39.0,,2,0.0,1.2,0,1
2024-09-30T13:03:00.000000000Z,1.11832,london,monday,0.0,40.2,,1,0.0,0.0,0,1
2024-09-30T13:04:00.000000000Z,1.1179,london,monday,3.3,36.0,12,1,10.0,0.0,1,1
2024-09-30T13:05:00.000000000Z,1.1176,london,monday,6.3,33.0,9,3,7.0,2.0,1,1
2024-09-30T13:06:00.000000000Z,1.1178,london,monday,4.3,35.0,9,1,9.0,0.0,1,1
2024-09-30T13:07:00.000000000Z,1.11738,london,monday,8.5,30.8,7,1,4.8,0.0,1,1
2024-09-30T13:08:00.000000000Z,1.1171,london,monday,11.3,28.0,4,51,2.0,11.3,1,1
2024-09-30T13:09:00.000000000Z,1.1169,london,monday,13.3,26.0,3,53,0.0,13.3,1,1
2024-09-30T13:10:00.000000000Z,1.11696,london,monday,12.7,26.6,2,51,0.0,12.7,1,1
2024-09-30T13:11:00.000000000Z,1.11708,london,monday,11.5,27.8,1,49,0.0,11.5,1,1
2024-09-30T13:12:00.000000000Z,1.11748,london,monday,7.5,31.8,2,33,0.0,7.5,1,1
2024-09-30T13:13:00.000000000Z,1.1176,london,monday,6.3,33.0,1,17,0.0,6.3,1,1
2024-09-30T13:14:00.000000000Z,1.11792,london,monday,3.1,36.2,2,6,0.0,3.1,1,1
2024-09-30T13:15:00.000000000Z,1.11812,london,monday,1.1,38.2,,3,0.0,1.1,0,1
2024-09-30T13:16:00.000000000Z,1.11823,london,monday,0.0,39.3,,1,0.0,0.0,0,1
2024-09-30T13:17:00.000000000Z,1.11796,london,monday,0.0,36.6,,3,0.0,0.0,0,1
2024-09-30T13:18:00.000000000Z,1.11782,london,monday,0.0,35.2,,2,0.0,0.0,0,1
2024-09-30T13:19:00.000000000Z,1.1178,london,monday,0.0,35.0,,1,0.0,0.0,0,1
2024-09-30T13:20:00.000000000Z,1.11741,london,monday,3.7,31.1,2,25,0.0,3.7,1,1
2024-09-30T13:21:00.000000000Z,1.11751,london,monday,2.7,32.1,2,10,0.0,2.7,1,1
2024-09-30T13:22:00.000000000Z,1.1177,london,monday,0.8,34.0,,8,0.0,0.8,0,1
2024-09-30T13:23:00.000000000Z,1.11776,london,monday,0.2,34.6,,6,0.0,0.2,0,1
2024-09-30T13:24:00.000000000Z,1.11778,london,monday,0.0,34.8,,5,0.0,0.0,0,1
2024-09-30T13:25:00.000000000Z,1.11772,london,monday,0.2,34.2,,4,0.0,0.2,0,1
2024-09-30T13:26:00.000000000Z,1.1177,london,monday,0.4,34.0,,4,0.0,0.4,0,1
2024-09-30T13:27:00.000000000Z,1.11774,london,monday,0.0,34.4,,2,0.0,0.0,0,1
2024-09-30T13:28:00.000000000Z,1.1176,london,monday,1.3,33.0,,2,0.0,0.0,0,1
2024-09-30T13:29:00.000000000Z,1.11745,london,monday,2.8,31.5,7,16,2.1,2.8,1,1
2024-09-30T13:30:00.000000000Z,1.11734,london,monday,3.9,30.4,4,17,1.0,3.9,1,1
2024-09-30T13:31:00.000000000Z,1.11724,london,monday,4.9,29.4,2,27,0.0,4.9,1,1
2024-09-30T13:32:00.000000000Z,1.11745,london,monday,2.8,31.5,4,13,0.0,2.8,1,1
2024-09-30T13:33:00.000000000Z,1.11757,london,monday,1.6,32.7,,12,0.0,1.6,0,1
2024-09-30T13:34:00.000000000Z,1.1176,london,monday,1.3,33.0,,10,0.0,1.3,0,1
2024-09-30T13:35:00.000000000Z,1.1175,london,monday,2.3,32.0,,10,0.0,2.3,0,1
2024-09-30T13:36:00.000000000Z,1.11772,london,monday,0.1,34.2,,4,0.0,0.1,0,1
2024-09-30T13:37:00.000000000Z,1.11772,london,monday,0.1,34.2,,3,0.0,0.1,0,1
2024-09-30T13:38:00.000000000Z,1.11766,london,monday,0.7,33.6,,2,0.0,0.7,0,1
2024-09-30T13:39:00.000000000Z,1.11773,london,monday,0.0,34.3,,1,0.0,0.0,0,1
2024-09-30T13:40:00.000000000Z,1.11735,london,monday,2.5,30.5,,7,0.0,1.6,0,1
2024-09-30T13:41:00.000000000Z,1.11751,london,monday,0.9,32.1,,4,0.0,0.0,0,1
2024-09-30T13:42:00.000000000Z,1.1174,london,monday,2.0,31.0,,3,0.0,0.6,0,1
2024-09-30T13:43:00.000000000Z,1.11746,london,monday,1.4,31.6,,2,0.0,0.0,0,1
2024-09-30T13:44:00.000000000Z,1.11732,london,monday,2.8,30.2,8,3,2.8,0.0,1,1
2024-09-30T13:45:00.000000000Z,1.11714,london,monday,4.6,28.4,4,14,1.0,4.6,1,1
2024-09-30T13:46:00.000000000Z,1.11713,london,monday,4.7,28.3,3,13,0.9,4.7,1,1
2024-09-30T13:47:00.000000000Z,1.11704,london,monday,5.6,27.4,1,13,0.0,5.6,1,1
2024-09-30T13:48:00.000000000Z,1.11734,london,monday,2.6,30.4,4,7,0.0,2.6,1,1
2024-09-30T13:49:00.000000000Z,1.11744,london,monday,1.6,31.4,,6,0.0,1.6,0,1
2024-09-30T13:50:00.000000000Z,1.11738,london,monday,2.2,30.8,,5,0.0,2.2,0,1
2024-09-30T13:51:00.000000000Z,1.11744,london,monday,1.6,31.4,,4,0.0,1.6,0,1
2024-09-30T13:52:00.000000000Z,1.1176,london,monday,0.0,33.0,,2,0.0,0.0,0,1
2024-09-30T13:53:00.000000000Z,1.11748,london,monday,0.0,31.8,,2,0.0,0.0,0,1
2024-09-30T13:54:00.000000000Z,1.1173,london,monday,0.0,30.0,,1,0.0,0.0,0,1
2024-09-30T13:55:00.000000000Z,1.11701,london,monday,1.5,27.1,,5,0.0,1.5,0,1
2024-09-30T13:56:00.000000000Z,1.11701,london,monday,1.5,27.1,,4,0.0,1.5,0,1
2024-09-30T13:57:00.000000000Z,1.11716,london,monday,0.0,29.2,,2,0.0,0.0,0,1
2024-09-30T13:58:00.000000000Z,1.11691,london,monday,0.0,26.7,,3,0.0,0.0,0,1
2024-09-30T13:59:00.000000000Z,1.11685,london,monday,0.0,27.3,,3,0.0,0.0,0,1
2024-09-30T14:00:00.000000000Z,1.11676,london,monday,0.0,26.4,,3,0.0,0.0,0,1
2024-09-30T14:01:00.000000000Z,1.11666,london,monday,0.5,25.4,,8,0.0,0.5,0,1
2024-09-30T14:02:00.000000000Z,1.11656,london,monday,1.5,24.4,,9,0.0,1.5,0,1
2024-09-30T14:03:00.000000000Z,1.1165,london,monday,2.1,23.8,,8,0.0,2.1,0,1
2024-09-30T14:04:00.000000000Z,1.11662,london,monday,0.9,25.2,,5,0.0,0.9,0,1
2024-09-30T14:05:00.000000000Z,1.11671,london,monday,0.0,26.1,,2,0.0,0.0,0,1
2024-09-30T14:06:00.000000000Z,1.11664,london,monday,0.0,25.4,,3,0.0,0.0,0,1
2024-09-30T14:07:00.000000000Z,1.11644,london,monday,1.4,23.4,,4,0.0,1.4,0,1
2024-09-30T14:08:00.000000000Z,1.11658,london,monday,0.0,24.8,,1,0.0,0.0,0,1
2024-09-30T14:09:00.000000000Z,1.11632,london,monday,1.1,22.6,,3,0.0,0.2,0,1
2024-09-30T14:10:00.000000000Z,1.11634,london,monday,0.9,24.8,,2,0.0,0.0,0,1
2024-09-30T14:11:00.000000000Z,1.11612,london,monday,3.1,24.8,3,13,0.6,3.1,1,1
2024-09-30T14:12:00.000000000Z,1.11606,london,monday,3.7,24.2,2,13,0.0,3.7,1,1
2024-09-30T14:13:00.000000000Z,1.11608,london,monday,3.5,25.2,1,12,0.0,3.5,1,1
2024-09-30T14:14:00.000000000Z,1.11642,london,monday,0.1,28.6,,6,0.0,0.1,0,1
2024-09-30T14:15:00.000000000Z,1.11637,london,monday,0.6,28.1,,5,0.0,0.6,0,1
2024-09-30T14:16:00.000000000Z,1.11643,london,monday,0.0,28.7,,3,0.0,0.0,0,1
2024-09-30T14:17:00.000000000Z,1.11642,london,monday,0.0,28.6,,3,0.0,0.0,0,1
2024-09-30T14:18:00.000000000Z,1.11625,london,monday,1.4,26.9,,6,0.0,0.7,0,1
2024-09-30T14:19:00.000000000Z,1.11617,london,monday,2.2,26.1,,5,0.0,1.5,0,1
2024-09-30T14:20:00.000000000Z,1.11606,london,monday,3.3,25.0,1,5,0.0,2.6,1,1
2024-09-30T14:21:00.000000000Z,1.11632,london,monday,0.7,27.6,,1,0.0,0.0,0,1
2024-09-30T14:22:00.000000000Z,1.11601,london,monday,3.8,24.5,33,3,17.1,0.5,1,1
2024-09-30T14:23:00.000000000Z,1.11606,london,monday,3.3,25.0,32,2,17.6,0.0,1,1
2024-09-30T14:24:00.000000000Z,1.11587,london,monday,5.2,23.1,31,1,15.7,0.0,1,1
2024-09-30T14:25:00.000000000Z,1.11487,london,monday,15.2,13.1,9,2,5.7,0.0,1,1
2024-09-30T14:26:00.000000000Z,1.11487,london,monday,15.2,13.1,8,1,5.7,0.0,1,1
2024-09-30T14:27:00.000000000Z,1.11445,london,monday,19.4,8.9,6,72,1.5,19.4,1,1
2024-09-30T14:28:00.000000000Z,1.1143,london,monday,20.9,7.4,2,82,0.0,20.9,1,1
2024-09-30T14:29:00.000000000Z,1.11454,london,monday,18.5,9.8,4,68,0.0,18.5,1,1
2024-09-30T14:30:00.000000000Z,1.11465,london,monday,17.4,10.9,3,67,0.3,17.4,1,1
2024-09-30T14:31:00.000000000Z,1.11462,london,monday,17.7,10.6,2,66,0.0,17.7,1,1
2024-09-30T14:32:00.000000000Z,1.11464,london,monday,17.5,10.8,1,65,0.0,17.5,1,1
2024-09-30T14:33:00.000000000Z,1.11508,london,monday,13.1,15.2,2,5,0.0,3.0,1,1
2024-09-30T14:34:00.000000000Z,1.11522,london,monday,11.7,16.6,14,3,5.9,1.6,1,1
2024-09-30T14:35:00.000000000Z,1.11538,london,monday,10.1,18.2,13,1,7.5,0.0,1,1
2024-09-30T14:36:00.000000000Z,1.11513,london,monday,12.6,15.7,12,2,5.0,0.0,1,1
2024-09-30T14:37:00.000000000Z,1.11488,london,monday,15.1,13.2,2,6,2.0,4.6,1,1
2024-09-30T14:38:00.000000000Z,1.11468,london,monday,17.1,11.2,1,59,0.0,17.1,1,1
2024-09-30T14:39:00.000000000Z,1.11534,london,monday,10.5,17.8,9,1,7.1,0.0,1,1
2024-09-30T14:40:00.000000000Z,1.11498,london,monday,14.1,14.2,7,3,3.5,2.0,1,1
2024-09-30T14:41:00.000000000Z,1.11518,london,monday,12.1,16.2,7,1,5.5,0.0,1,1
2024-09-30T14:42:00.000000000Z,1.11485,london,monday,15.4,12.9,5,55,2.2,15.4,1,1
2024-09-30T14:43:00.000000000Z,1.11463,london,monday,17.6,10.7,2,54,0.0,17.6,1,1
2024-09-30T14:44:00.000000000Z,1.1147,london,monday,16.9,11.4,3,53,0.0,16.9,1,1
2024-09-30T14:45:00.000000000Z,1.11488,london,monday,15.1,13.2,2,46,0.6,15.1,1,1
2024-09-30T14:46:00.000000000Z,1.11482,london,monday,15.7,12.6,1,51,0.0,15.7,1,1
2024-09-30T14:47:00.000000000Z,1.11524,london,monday,11.5,16.8,1,40,0.0,11.5,1,1
2024-09-30T14:48:00.000000000Z,1.11572,london,monday,6.7,21.6,7,3,4.4,0.0,1,1
2024-09-30T14:49:00.000000000Z,1.11568,london,monday,7.1,21.2,6,3,4.0,0.1,1,1
2024-09-30T14:50:00.000000000Z,1.11569,london,monday,7.0,21.3,5,2,4.1,0.0,1,1
2024-09-30T14:51:00.000000000Z,1.11546,london,monday,9.3,19.0,2,28,1.8,9.3,1,1
2024-09-30T14:52:00.000000000Z,1.11528,london,monday,11.1,17.2,1,35,0.0,11.1,1,1
2024-09-30T14:53:00.000000000Z,1.11584,london,monday,5.5,22.8,2,17,0.0,5.5,1,1
2024-09-30T14:54:00.000000000Z,1.11592,london,monday,4.7,23.6,1,15,0.0,4.7,1,1
2024-09-30T14:55:00.000000000Z,1.11639,london,monday,0.0,28.3,,2,0.0,0.0,0,1
2024-09-30T14:56:00.000000000Z,1.11628,london,monday,0.5,27.2,,2,0.0,0.0,0,1
2024-09-30T14:57:00.000000000Z,1.11613,london,monday,2.0,25.7,,2,0.0,0.0,0,1
2024-09-30T14:58:00.000000000Z,1.11594,london,monday,3.9,23.8,4,11,1.1,3.9,1,1
2024-09-30T14:59:00.000000000Z,1.11583,london,monday,5.0,22.7,3,11,0.0,5.0,1,1
2024-09-30T15:00:00.000000000Z,1.11595,london,monday,3.8,23.9,2,9,0.0,3.8,1,1
2024-09-30T15:01:00.000000000Z,1.11597,london,monday,3.6,24.1,1,8,0.0,3.6,1,1
2024-09-30T15:02:00.000000000Z,1.11633,london,monday,0.0,27.7,,3,0.0,0.0,0,1
2024-09-30T15:03:00.000000000Z,1.11632,london,monday,0.0,27.6,,2,0.0,0.0,0,1
2024-09-30T15:04:00.000000000Z,1.11612,london,monday,1.6,25.6,,4,0.0,1.6,0,1
2024-09-30T15:05:00.000000000Z,1.11602,london,monday,2.6,24.6,1,4,0.0,2.6,1,1
2024-09-30T15:06:00.000000000Z,1.11628,london,monday,0.0,27.2,,1,0.0,0.0,0,1
2024-09-30T15:07:00.000000000Z,1.11588,london,monday,0.1,23.2,,3,0.0,0.0,0,1
2024-09-30T15:08:00.000000000Z,1.11578,london,monday,1.1,22.2,,2,0.0,0.0,0,1
2024-09-30T15:09:00.000000000Z,1.11565,london,monday,2.4,20.9,,1,0.0,0.0,0,1
2024-09-30T15:10:00.000000000Z,1.11532,london,monday,5.7,17.6,2,17,0.0,5.7,1,1
2024-09-30T15:11:00.000000000Z,1.1154,london,monday,4.9,18.4,1,8,0.0,4.9,1,1
2024-09-30T15:12:00.000000000Z,1.11566,london,monday,2.3,21.0,,6,0.0,2.3,0,1
2024-09-30T15:13:00.000000000Z,1.11589,london,monday,0.0,23.3,,4,0.0,0.0,0,1
2024-09-30T15:14:00.000000000Z,1.11569,london,monday,0.9,21.3,,4,0.0,0.9,0,1
2024-09-30T15:15:00.000000000Z,1.11578,london,monday,0.0,22.2,,2,0.0,0.0,0,1
2024-09-30T15:16:00.000000000Z,1.11571,london,monday,0.0,21.5,,2,0.0,0.0,0,1
2024-09-30T15:17:00.000000000Z,1.11548,london,monday,0.5,19.2,,2,0.0,0.0,0,1
2024-09-30T15:18:00.000000000Z,1.11527,london,monday,2.6,17.1,3,9,1.7,2.6,1,1
2024-09-30T15:19:00.000000000Z,1.1151,london,monday,4.3,15.4,1,11,0.0,4.3,1,1
2024-09-30T15:20:00.000000000Z,1.11537,london,monday,1.6,18.1,,7,0.0,1.6,0,1
2024-09-30T15:21:00.000000000Z,1.11553,london,monday,0.0,19.7,,5,0.0,0.0,0,1
2024-09-30T15:22:00.000000000Z,1.11533,london,monday,1.8,17.7,,5,0.0,1.8,0,1
2024-09-30T15:23:00.000000000Z,1.11551,london,monday,0.0,19.5,,3,0.0,0.0,0,1
2024-09-30T15:24:00.000000000Z,1.11536,london,monday,0.0,18.0,,3,0.0,0.0,0,1
2024-09-30T15:25:00.000000000Z,1.11536,london,monday,0.0,18.0,,2,0.0,0.0,0,1
2024-09-30T15:26:00.000000000Z,1.11526,london,monday,0.0,17.0,,1,0.0,0.0,0,1
2024-09-30T15:27:00.000000000Z,1.11491,london,monday,0.3,13.5,,4,0.0,0.3,0,1
2024-09-30T15:28:00.000000000Z,1.11494,london,monday,0.0,13.8,,3,0.0,0.0,0,1
2024-09-30T15:29:00.000000000Z,1.11494,london,monday,0.0,13.8,,2,0.0,0.0,0,1
2024-09-30T15:30:00.000000000Z,1.1148,london,monday,1.2,12.4,,7,0.0,1.2,0,1
2024-09-30T15:31:00.000000000Z,1.11462,london,monday,3.0,10.6,2,6,0.0,3.0,1,1
2024-09-30T15:32:00.000000000Z,1.11466,london,monday,2.6,11.0,1,5,0.0,2.6,1,1
2024-09-30T15:33:00.000000000Z,1.11492,london,monday,0.0,13.6,,1,0.0,0.0,0,1
2024-09-30T15:34:00.000000000Z,1.11463,london,monday,0.3,10.7,,3,0.0,0.3,0,1
2024-09-30T15:35:00.000000000Z,1.11466,london,monday,0.0,11.0,,2,0.0,0.0,0,1
2024-09-30T15:36:00.000000000Z,1.11464,london,monday,0.0,10.8,,1,0.0,0.0,0,1
2024-09-30T15:37:00.000000000Z,1.11424,london,monday,1.8,6.8,,13,0.0,0.5,0,1
2024-09-30T15:38:00.000000000Z,1.11428,london,monday,1.4,7.2,,12,0.0,0.1,0,1
2024-09-30T15:39:00.000000000Z,1.11412,london,monday,3.0,5.6,20,11,5.6,1.7,1,1
2024-09-30T15:40:00.000000000Z,1.11412,london,monday,3.0,5.6,19,10,5.6,1.7,1,1
2024-09-30T15:41:00.000000000Z,1.11416,london,monday,2.6,6.0,18,9,6.0,1.3,1,1
2024-09-30T15:42:00.000000000Z,1.11426,london,monday,1.6,7.0,,8,0.0,0.3,0,1
2024-09-30T15:43:00.000000000Z,1.11417,london,monday,2.5,6.1,,7,0.0,1.2,0,1
2024-09-30T15:44:00.000000000Z,1.1141,london,monday,3.2,5.4,15,7,5.4,1.9,1,1
2024-09-30T15:45:00.000000000Z,1.11412,london,monday,3.0,5.6,14,5,5.6,1.7,1,1
2024-09-30T15:46:00.000000000Z,1.11429,london,monday,1.3,7.3,,4,0.0,0.0,0,1
2024-09-30T15:47:00.000000000Z,1.11412,london,monday,3.0,5.6,12,3,5.6,0.0,1,1
2024-09-30T15:48:00.000000000Z,1.11411,london,monday,3.1,5.5,11,3,5.5,0.0,1,1
2024-09-30T15:49:00.000000000Z,1.11406,london,monday,3.6,5.0,9,2,5.0,0.0,1,1
2024-09-30T15:50:00.000000000Z,1.11386,london,monday,5.6,3.0,8,3,3.0,0.0,1,1
2024-09-30T15:51:00.000000000Z,1.11364,london,monday,7.8,0.8,5,,0.8,0.0,1,0
2024-09-30T15:52:00.000000000Z,1.11366,london,monday,7.6,1.0,4,,1.0,0.0,1,0
2024-09-30T15:53:00.000000000Z,1.11356,london,monday,8.6,0.0,3,,0.0,0.0,1,0
2024-09-30T15:54:00.000000000Z,1.11361,london,monday,8.1,0.0,2,,0.0,0.0,1,0
2024-09-30T15:55:00.000000000Z,1.1138,london,monday,6.2,0.0,2,,0.0,0.0,1,0
2024-09-30T15:56:00.000000000Z,1.11398,london,monday,4.4,0.0,2,,0.0,0.0,1,0
2024-09-30T15:57:00.000000000Z,1.1141,london,monday,3.2,0.0,2,,0.0,0.0,1,0
2024-09-30T15:58:00.000000000Z,1.11434,london,monday,0.8,0.0,,,0.0,0.0,0,0
2024-09-30T15:59:00.000000000Z,1.11442,london,monday,0.0,0.0,,,0.0,0.0,0,0
2024-10-07T08:00:00.000000000Z,1.0968,london,monday,10.4,9.8,7,2,2.5,0.0,1,1
2024-10-07T08:01:00.000000000Z,1.09676,london,monday,10.8,9.4,6,62,2.1,10.8,1,1
2024-10-07T08:02:00.000000000Z,1.09655,london,monday,12.9,7.3,3,74,0.0,12.9,1,1
2024-10-07T08:03:00.000000000Z,1.09661,london,monday,12.3,7.9,2,71,0.0,12.3,1,1
2024-10-07T08:04:00.000000000Z,1.0967,london,monday,11.4,8.8,2,65,0.0,11.4,1,1
2024-10-07T08:05:00.000000000Z,1.09689,london,monday,9.5,10.7,4,58,0.0,9.5,1,1
2024-10-07T08:06:00.000000000Z,1.09698,london,monday,8.6,11.6,3,57,0.0,8.6,1,1
2024-10-07T08:07:00.000000000Z,1.09708,london,monday,7.6,12.6,2,53,0.1,7.6,1,1
2024-10-07T08:08:00.000000000Z,1.09707,london,monday,7.7,12.5,1,52,0.0,7.7,1,1
2024-10-07T08:09:00.000000000Z,1.09745,london,monday,3.9,16.3,16,6,3.1,0.0,1,1
2024-10-07T08:10:00.000000000Z,1.09742,london,monday,4.2,18.6,14,7,2.8,0.0,1,1
2024-10-07T08:11:00.000000000Z,1.0974,london,monday,4.4,18.8,13,6,2.6,0.0,1,1
2024-10-07T08:12:00.000000000Z,1.0973,london,monday,5.4,17.8,8,35,1.6,5.4,1,1
2024-10-07T08:13:00.000000000Z,1.09726,london,monday,5.8,17.4,7,35,1.2,5.8,1,1
2024-10-07T08:14:00.000000000Z,1.0973,london,monday,5.4,17.8,6,33,1.6,5.4,1,1
2024-10-07T08:15:00.000000000Z,1.09718,london,monday,6.6,16.6,5,34,0.4,6.6,1,1
2024-10-07T08:16:00.000000000Z,1.0972,london,monday,6.4,16.8,4,32,0.6,6.4,1,1
2024-10-07T08:17:00.000000000Z,1.09714,london,monday,7.0,16.2,3,43,0.0,7.0,1,1
2024-10-07T08:18:00.000000000Z,1.09714,london,monday,7.0,16.2,2,42,0.0,7.0,1,1
2024-10-07T08:19:00.000000000Z,1.09724,london,monday,6.0,17.2,1,29,0.0,6.0,1,1
2024-10-07T08:20:00.000000000Z,1.09756,london,monday,2.8,20.4,16,23,1.1,2.8,1,1
2024-10-07T08:21:00.000000000Z,1.09752,london,monday,3.2,20.0,4,23,0.0,3.2,1,1
2024-10-07T08:22:00.000000000Z,1.09764,london,monday,2.0,21.2,,21,0.0,2.0,0,1
2024-10-07T08:23:00.000000000Z,1.0976,london,monday,2.4,20.8,,20,0.0,2.4,0,1
2024-10-07T08:24:00.000000000Z,1.09769,london,monday,1.5,21.7,,19,0.0,1.5,0,1
2024-10-07T08:25:00.000000000Z,1.09779,london,monday,0.5,22.7,,4,0.0,0.0,0,1
2024-10-07T08:26:00.000000000Z,1.09776,london,monday,0.8,22.4,,3,0.0,0.0,0,1
2024-10-07T08:27:00.000000000Z,1.09767,london,monday,1.7,21.5,,16,0.0,1.7,0,1
2024-10-07T08:28:00.000000000Z,1.09758,london,monday,2.6,20.6,8,15,1.3,2.6,1,1
2024-10-07T08:29:00.000000000Z,1.09746,london,monday,3.8,19.4,6,15,0.1,3.8,1,1
2024-10-07T08:30:00.000000000Z,1.09745,london,monday,3.9,19.3,5,14,0.0,3.9,1,1
2024-10-07T08:31:00.000000000Z,1.09754,london,monday,3.0,20.2,4,13,0.0,3.0,1,1
2024-10-07T08:32:00.000000000Z,1.09758,london,monday,2.6,20.6,4,11,0.2,2.6,1,1
2024-10-07T08:33:00.000000000Z,1.09756,london,monday,2.8,20.4,3,10,0.0,2.8,1,1
2024-10-07T08:34:00.000000000Z,1.09762,london,monday,2.2,21.0,,9,0.0,2.2,0,1
2024-10-07T08:35:00.000000000Z,1.0978,london,monday,0.4,22.8,,3,0.0,0.4,0,1
2024-10-07T08:36:00.000000000Z,1.09784,london,monday,0.0,23.2,,2,0.0,0.0,0,1
2024-10-07T08:37:00.000000000Z,1.09781,london,monday,0.0,22.9,,1,0.0,0.0,0,1
2024-10-07T08:38:00.000000000Z,1.09754,london,monday,0.0,20.2,,6,0.0,0.0,0,1
2024-10-07T08:39:00.000000000Z,1.09754,london,monday,0.0,20.2,,5,0.0,0.0,0,1
2024-10-07T08:40:00.000000000Z,1.09751,london,monday,0.3,19.9,,4,0.0,0.3,0,1
2024-10-07T08:41:00.000000000Z,1.09754,london,monday,0.0,20.2,,3,0.0,0.0,0,1
2024-10-07T08:42:00.000000000Z,1.09748,london,monday,0.0,19.6,,2,0.0,0.0,0,1
2024-10-07T08:43:00.000000000Z,1.0973,london,monday,0.0,17.8,,4,0.0,0.0,0,1
2024-10-07T08:44:00.000000000Z,1.0972,london,monday,0.8,16.8,,4,0.0,0.8,0,1
2024-10-07T08:45:00.000000000Z,1.09721,london,monday,0.7,16.9,,3,0.0,0.7,0,1
2024-10-07T08:46:00.000000000Z,1.09728,london,monday,0.0,17.6,,1,0.0,0.0,0,1
2024-10-07T08:47:00.000000000Z,1.09702,london,monday,1.8,15.0,,16,0.0,1.8,0,1
2024-10-07T08:48:00.000000000Z,1.09694,london,monday,2.6,14.2,3,15,0.1,2.6,1,1
2024-10-07T08:49:00.000000000Z,1.09693,london,monday,2.7,14.1,2,14,0.0,2.7,1,1
2024-10-07T08:50:00.000000000Z,1.09708,london,monday,1.2,15.6,,10,0.0,1.2,0,1
2024-10-07T08:51:00.000000000Z,1.0972,london,monday,0.0,16.8,,5,0.0,0.0,0,1
2024-10-07T08:52:00.000000000Z,1.09708,london,monday,1.0,15.6,,8,0.0,1.0,0,1
2024-10-07T08:53:00.000000000Z,1.09718,london,monday,0.0,16.6,,4,0.0,0.0,0,1
2024-10-07T08:54:00.000000000Z,1.0971,london,monday,0.3,15.8,,6,0.0,0.3,0,1
2024-10-07T08:55:00.000000000Z,1.09702,london,monday,1.1,15.0,,8,0.0,1.1,0,1
2024-10-07T08:56:00.000000000Z,1.09694,london,monday,1.9,14.2,,7,0.0,1.9,0,1
2024-10-07T08:57:00.000000000Z,1.0969,london,monday,2.3,13.8,,6,0.0,2.3,0,1
2024-10-07T08:58:00.000000000Z,1.09713,london,monday,0.0,16.1,,2,0.0,0.0,0,1
2024-10-07T08:59:00.000000000Z,1.09702,london,monday,0.0,15.0,,4,0.0,0.0,0,1
2024-10-07T09:00:00.000000000Z,1.09678,london,monday,1.0,12.6,,3,0.0,0.9,0,1
2024-10-07T09:01:00.000000000Z,1.09687,london,monday,0.1,13.5,,2,0.0,0.0,0,1
2024-10-07T09:02:00.000000000Z,1.09687,london,monday,0.1,13.5,,1,0.0,0.0,0,1
2024-10-07T09:03:00.000000000Z,1.09648,london,monday,4.0,9.6,4,20,0.0,2.9,1,1
2024-10-07T09:04:00.000000000Z,1.09653,london,monday,3.5,10.1,73,12,10.1,2.4,1,1
2024-10-07T09:05:00.000000000Z,1.09668,london,monday,2.0,11.6,,4,0.0,0.9,0,1
2024-10-07T09:06:00.000000000Z,1.0966,london,monday,2.8,10.8,72,8,10.8,1.7,1,1
2024-10-07T09:07:00.000000000Z,1.09677,london,monday,1.1,12.5,,2,0.0,0.0,0,1
2024-10-07T09:08:00.000000000Z,1.09658,london,monday,3.0,10.6,70,6,10.6,0.0,1,1
2024-10-07T09:09:00.000000000Z,1.09638,london,monday,5.0,8.6,67,15,8.6,0.8,1,1
2024-10-07T09:10:00.000000000Z,1.09642,london,monday,4.6,9.0,66,14,9.0,0.4,1,1
2024-10-07T09:11:00.000000000Z,1.09642,london,monday,4.6,9.0,65,13,9.0,0.4,1,1
2024-10-07T09:12:00.000000000Z,1.09644,london,monday,4.4,9.2,64,12,9.2,0.2,1,1
2024-10-07T09:13:00.000000000Z,1.09638,london,monday,5.0,8.6,63,11,8.6,0.8,1,1
2024-10-07T09:14:00.000000000Z,1.09632,london,monday,5.6,8.0,62,14,8.0,1.4,1,1
2024-10-07T09:15:00.000000000Z,1.09646,london,monday,4.4,9.4,62,9,9.4,0.0,1,1
2024-10-07T09:16:00.000000000Z,1.09628,london,monday,6.2,7.6,59,12,7.6,1.4,1,1
2024-10-07T09:17:00.000000000Z,1.09628,london,monday,6.2,7.6,58,11,7.6,1.4,1,1
2024-10-07T09:18:00.000000000Z,1.09626,london,monday,6.4,7.4,57,10,7.4,1.6,1,1
2024-10-07T09:19:00.000000000Z,1.0964,london,monday,5.0,8.8,57,5,8.8,0.2,1,1
2024-10-07T09:20:00.000000000Z,1.09636,london,monday,5.4,8.4,56,8,8.4,0.6,1,1
2024-10-07T09:21:00.000000000Z,1.09642,london,monday,4.8,9.0,55,3,9.0,0.0,1,1
2024-10-07T09:22:00.000000000Z,1.09632,london,monday,5.8,8.0,54,6,8.0,0.0,1,1
2024-10-07T09:23:00.000000000Z,1.09622,london,monday,6.8,7.0,52,9,7.0,1.0,1,1
2024-10-07T09:24:00.000000000Z,1.09612,london,monday,7.8,6.0,20,10,3.0,2.0,1,1
2024-10-07T09:25:00.000000000Z,1.09632,london,monday,5.8,8.0,51,3,8.0,0.0,1,1
2024-10-07T09:26:00.000000000Z,1.09632,london,monday,5.8,8.0,50,2,8.0,0.0,1,1
2024-10-07T09:27:00.000000000Z,1.09612,london,monday,7.8,6.0,17,7,3.0,0.0,1,1
2024-10-07T09:28:00.000000000Z,1.09599,london,monday,9.1,4.7,14,22,1.7,4.1,1,1
2024-10-07T09:29:00.000000000Z,1.096,london,monday,9.0,4.8,13,21,1.8,4.0,1,1
2024-10-07T09:30:00.000000000Z,1.09606,london,monday,8.4,5.4,13,20,2.4,3.4,1,1
2024-10-07T09:31:00.000000000Z,1.09606,london,monday,8.4,5.4,12,19,2.4,3.4,1,1
2024-10-07T09:32:00.000000000Z,1.0959,london,monday,10.0,3.8,8,18,0.8,5.0,1,1
2024-10-07T09:33:00.000000000Z,1.09602,london,monday,9.9,5.0,9,17,2.0,3.8,1,1
2024-10-07T09:34:00.000000000Z,1.09582,london,monday,12.8,3.0,5,16,0.0,5.8,1,1
2024-10-07T09:35:00.000000000Z,1.09601,london,monday,11.6,4.9,7,15,1.6,3.9,1,1
2024-10-07T09:36:00.000000000Z,1.09585,london,monday,13.2,3.3,3,14,0.0,5.5,1,1
2024-10-07T09:37:00.000000000Z,1.096,london,monday,11.7,4.8,5,13,0.0,4.0,1,1
2024-10-07T09:38:00.000000000Z,1.09606,london,monday,11.1,5.4,5,12,0.0,3.4,1,1
2024-10-07T09:39:00.000000000Z,1.0961,london,monday,11.4,5.8,5,11,0.0,3.0,1,1
2024-10-07T09:40:00.000000000Z,1.09622,london,monday,10.2,7.0,35,9,7.0,1.8,1,1
2024-10-07T09:41:00.000000000Z,1.09618,london,monday,10.6,6.6,30,8,6.6,2.2,1,1
2024-10-07T09:42:00.000000000Z,1.0963,london,monday,9.4,7.8,34,6,7.8,1.0,1,1
2024-10-07T09:43:00.000000000Z,1.09632,london,monday,9.4,8.0,33,5,8.0,0.8,1,1
2024-10-07T09:44:00.000000000Z,1.09638,london,monday,9.4,8.6,32,2,8.6,0.2,1,1
2024-10-07T09:45:00.000000000Z,1.0964,london,monday,9.2,8.8,31,1,8.8,0.0,1,1
2024-10-07T09:46:00.000000000Z,1.09607,london,monday,12.6,5.5,25,4,5.5,0.1,1,1
2024-10-07T09:47:00.000000000Z,1.09608,london,monday,12.5,5.6,24,3,5.6,0.0,1,1
2024-10-07T09:48:00.000000000Z,1.09601,london,monday,13.2,4.9,15,2,4.9,0.0,1,1
2024-10-07T09:49:00.000000000Z,1.09586,london,monday,14.7,3.4,14,1,3.4,0.0,1,1
2024-10-07T09:50:00.000000000Z,1.09556,london,monday,17.7,0.4,4,,0.4,0.0,1,0
2024-10-07T09:51:00.000000000Z,1.09552,london,monday,18.1,0.0,2,,0.0,0.0,1,0
2024-10-07T09:52:00.000000000Z,1.09572,london,monday,16.8,0.0,8,,0.0,0.0,1,0
2024-10-07T09:53:00.000000000Z,1.09578,london,monday,17.8,0.0,7,,0.0,0.0,1,0
2024-10-07T09:54:00.000000000Z,1.09583,london,monday,17.9,0.0,9,,0.0,0.0,1,0
2024-10-07T09:55:00.000000000Z,1.09591,london,monday,17.1,0.7,8,,0.7,0.0,1,0
2024-10-07T09:56:00.000000000Z,1.09586,london,monday,17.6,0.2,7,,0.2,0.0,1,0
2024-10-07T09:57:00.000000000Z,1.09584,london,monday,17.8,0.0,6,,0.0,0.0,1,0
2024-10-07T09:58:00.000000000Z,1.09596,london,monday,16.6,0.8,5,,0.8,0.0,1,0
2024-10-07T09:59:00.000000000Z,1.09588,london,monday,18.4,0.0,4,,0.0,0.0,1,0
2024-10-07T10:00:00.000000000Z,1.09606,london,monday,16.8,1.8,11,,1.8,0.0,1,0
2024-10-07T10:01:00.000000000Z,1.09588,london,monday,19.8,0.0,2,,0.0,0.0,1,0
2024-10-07T10:02:00.000000000Z,1.09598,london,monday,19.3,0.0,1,,0.0,0.0,1,0
2024-10-07T10:03:00.000000000Z,1.09626,london,monday,16.5,0.8,12,,0.8,0.0,1,0
2024-10-07T10:04:00.000000000Z,1.09621,london,monday,17.0,0.3,7,,0.3,0.0,1,0
2024-10-07T10:05:00.000000000Z,1.09622,london,monday,16.9,0.4,10,,0.4,0.0,1,0
2024-10-07T10:06:00.000000000Z,1.09626,london,monday,16.5,0.8,9,,0.8,0.0,1,0
2024-10-07T10:07:00.000000000Z,1.09618,london,monday,17.3,0.0,4,,0.0,0.0,1,0
2024-10-07T10:08:00.000000000Z,1.09624,london,monday,16.7,0.6,7,,0.6,0.0,1,0
2024-10-07T10:09:00.000000000Z,1.09628,london,monday,16.3,1.0,6,,1.0,0.0,1,0
2024-10-07T10:10:00.000000000Z,1.0963,london,monday,17.1,1.2,6,,1.2,0.0,1,0
2024-10-07T10:11:00.000000000Z,1.09646,london,monday,15.5,2.8,6,2,2.8,0.0,1,1
2024-10-07T10:12:00.000000000Z,1.09644,london,monday,15.7,2.6,4,1,2.6,0.0,1,1
2024-10-07T10:13:00.000000000Z,1.09618,london,monday,18.3,0.0,2,,0.0,0.0,1,0
2024-10-07T10:14:00.000000000Z,1.09639,london,monday,16.2,0.7,2,,0.0,0.0,1,0
2024-10-07T10:15:00.000000000Z,1.09653,london,monday,14.8,2.1,2,,0.0,0.0,1,0
2024-10-07T10:16:00.000000000Z,1.0967,london,monday,13.1,3.8,57,13,3.8,1.8,1,1
2024-10-07T10:17:00.000000000Z,1.09682,london,monday,11.9,5.0,57,6,5.0,0.6,1,1
2024-10-07T10:18:00.000000000Z,1.09688,london,monday,11.3,5.6,57,5,5.6,0.0,1,1
2024-10-07T10:19:00.000000000Z,1.09684,london,monday,11.7,5.2,55,4,5.2,0.0,1,1
2024-10-07T10:20:00.000000000Z,1.09682,london,monday,11.9,5.0,54,3,5.0,0.0,1,1
2024-10-07T10:21:00.000000000Z,1.09672,london,monday,12.9,4.0,52,6,4.0,0.2,1,1
2024-10-07T10:22:00.000000000Z,1.09667,london,monday,13.5,3.5,51,7,3.5,0.7,1,1
2024-10-07T10:23:00.000000000Z,1.09652,london,monday,15.1,2.0,17,,1.5,0.0,1,0
2024-10-07T10:24:00.000000000Z,1.09662,london,monday,14.6,3.0,31,41,2.5,2.8,1,1
2024-10-07T10:25:00.000000000Z,1.09674,london,monday,13.4,4.2,48,2,4.2,0.0,1,1
2024-10-07T10:26:00.000000000Z,1.09668,london,monday,16.0,3.6,47,3,3.6,0.0,1,1
2024-10-07T10:27:00.000000000Z,1.09646,london,monday,18.2,1.4,10,,0.9,0.0,1,0
2024-10-07T10:28:00.000000000Z,1.09654,london,monday,17.4,2.2,22,,1.7,0.0,1,0
2024-10-07T10:29:00.000000000Z,1.0964,london,monday,18.8,0.8,6,,0.3,0.0,1,0
2024-10-07T10:30:00.000000000Z,1.09644,london,monday,18.4,1.2,7,,0.7,0.0,1,0
2024-10-07T10:31:00.000000000Z,1.09657,london,monday,17.1,2.5,24,34,2.0,3.3,1,1
2024-10-07T10:32:00.000000000Z,1.09652,london,monday,17.6,2.0,8,,1.5,0.0,1,0
2024-10-07T10:33:00.000000000Z,1.09637,london,monday,19.1,0.5,2,,0.0,0.0,1,0
2024-10-07T10:34:00.000000000Z,1.09653,london,monday,17.5,2.1,6,,0.0,0.0,1,0
2024-10-07T10:35:00.000000000Z,1.09667,london,monday,16.1,3.5,38,28,3.5,2.3,1,1
2024-10-07T10:36:00.000000000Z,1.09662,london,monday,16.6,3.0,19,29,0.4,2.8,1,1
2024-10-07T10:37:00.000000000Z,1.09672,london,monday,15.6,4.0,36,26,4.0,1.8,1,1
2024-10-07T10:38:00.000000000Z,1.09676,london,monday,15.2,4.4,35,25,4.4,1.4,1,1
2024-10-07T10:39:00.000000000Z,1.09672,london,monday,15.6,4.0,34,24,4.0,1.8,1,1
2024-10-07T10:40:00.000000000Z,1.09678,london,monday,15.0,4.6,34,19,4.6,1.2,1,1
2024-10-07T10:41:00.000000000Z,1.09675,london,monday,15.3,4.3,32,22,4.3,1.5,1,1
2024-10-07T10:42:00.000000000Z,1.09678,london,monday,15.0,4.6,32,17,4.6,1.2,1,1
2024-10-07T10:43:00.000000000Z,1.09674,london,monday,15.4,4.2,30,20,4.2,1.6,1,1
2024-10-07T10:44:00.000000000Z,1.09669,london,monday,15.9,3.7,29,19,3.7,2.1,1,1
2024-10-07T10:45:00.000000000Z,1.09658,london,monday,17.0,2.6,10,20,0.0,3.2,1,1
2024-10-07T10:46:00.000000000Z,1.09668,london,monday,16.0,3.6,27,17,3.6,2.2,1,1
2024-10-07T10:47:00.000000000Z,1.09666,london,monday,16.2,3.4,26,16,3.4,2.4,1,1
2024-10-07T10:48:00.000000000Z,1.09678,london,monday,15.0,4.6,26,11,4.6,1.2,1,1
2024-10-07T10:49:00.000000000Z,1.09678,london,monday,15.0,4.6,25,10,4.6,1.2,1,1
2024-10-07T10:50:00.000000000Z,1.09681,london,monday,14.7,4.9,24,9,4.9,0.9,1,1
2024-10-07T10:51:00.000000000Z,1.0967,london,monday,15.8,3.8,22,12,3.8,2.0,1,1
2024-10-07T10:52:00.000000000Z,1.0968,london,monday,14.8,4.8,22,7,4.8,1.0,1,1
2024-10-07T10:53:00.000000000Z,1.09669,london,monday,15.9,3.7,20,10,3.7,2.1,1,1
2024-10-07T10:54:00.000000000Z,1.09679,london,monday,14.9,4.7,20,5,4.7,1.1,1,1
2024-10-07T10:55:00.000000000Z,1.0969,london,monday,13.8,5.8,20,4,5.8,0.0,1,1
2024-10-07T10:56:00.000000000Z,1.0969,london,monday,13.8,5.8,19,3,5.8,0.0,1,1
2024-10-07T10:57:00.000000000Z,1.09672,london,monday,15.6,4.0,16,6,4.0,0.4,1,1
2024-10-07T10:58:00.000000000Z,1.09668,london,monday,16.0,3.6,15,5,3.6,0.8,1,1
2024-10-07T10:59:00.000000000Z,1.09652,london,monday,17.6,2.0,12,,2.0,0.0,1,0
2024-10-07T11:00:00.000000000Z,1.09652,london,monday,17.6,2.0,11,,2.0,0.0,1,0
2024-10-07T11:01:00.000000000Z,1.09676,london,monday,15.2,4.4,12,2,4.4,0.0,1,1
2024-10-07T11:02:00.000000000Z,1.09654,london,monday,17.4,2.2,9,,2.2,0.0,1,0
2024-10-07T11:03:00.000000000Z,1.0964,london,monday,18.8,0.8,7,,0.8,0.0,1,0
2024-10-07T11:04:00.000000000Z,1.09638,london,monday,19.0,0.6,6,,0.6,0.0,1,0
2024-10-07T11:05:00.000000000Z,1.09632,london,monday,19.6,0.0,5,,0.0,0.0,1,0
2024-10-07T11:06:00.000000000Z,1.09637,london,monday,19.1,0.0,4,,0.0,0.0,1,0
2024-10-07T11:07:00.000000000Z,1.09638,london,monday,19.0,0.0,3,,0.0,0.0,1,0
2024-10-07T11:08:00.000000000Z,1.09646,london,monday,18.2,0.0,2,,0.0,0.0,1,0
2024-10-07T11:09:00.000000000Z,1.09647,london,monday,18.1,0.0,2,,0.0,0.0,1,0
2024-10-07T11:10:00.000000000Z,1.09672,london,monday,15.6,0.0,3,,0.0,0.0,1,0
2024-10-07T11:11:00.000000000Z,1.0969,london,monday,13.8,0.0,4,,0.0,0.0,1,0
2024-10-07T11:12:00.000000000Z,1.0969,london,monday,13.8,0.0,3,,0.0,0.0,1,0
2024-10-07T11:13:00.000000000Z,1.09701,london,monday,12.7,0.3,11,,0.3,0.0,1,0
2024-10-07T11:14:00.000000000Z,1.0971,london,monday,11.8,1.2,18,,1.2,0.0,1,0
2024-10-07T11:15:00.000000000Z,1.09717,london,monday,11.1,1.9,18,,1.9,0.0,1,0
2024-10-07T11:16:00.000000000Z,1.09707,london,monday,12.1,0.9,8,,0.9,0.0,1,0
2024-10-07T11:17:00.000000000Z,1.09698,london,monday,13.0,0.0,2,,0.0,0.0,1,0
2024-10-07T11:18:00.000000000Z,1.09706,london,monday,12.2,0.3,6,,0.3,0.0,1,0
2024-10-07T11:19:00.000000000Z,1.09724,london,monday,10.4,2.1,14,,2.1,0.0,1,0
2024-10-07T11:20:00.000000000Z,1.09722,london,monday,10.6,1.9,13,,1.9,0.0,1,0
2024-10-07T11:21:00.000000000Z,1.09703,london,monday,12.5,0.0,3,,0.0,0.0,1,0
2024-10-07T11:22:00.000000000Z,1.09715,london,monday,11.3,0.0,11,,0.0,0.0,1,0
2024-10-07T11:23:00.000000000Z,1.09726,london,monday,10.2,1.0,10,,1.0,0.0,1,0
2024-10-07T11:24:00.000000000Z,1.09732,london,monday,9.6,1.6,10,,1.6,0.0,1,0
2024-10-07T11:25:00.000000000Z,1.09731,london,monday,9.7,1.5,8,,1.5,0.0,1,0
2024-10-07T11:26:00.000000000Z,1.09733,london,monday,9.5,1.7,8,,1.7,0.0,1,0
2024-10-07T11:27:00.000000000Z,1.0973,london,monday,9.8,1.4,6,,1.4,0.0,1,0
2024-10-07T11:28:00.000000000Z,1.09728,london,monday,10.0,1.2,5,,1.2,0.0,1,0
2024-10-07T11:29:00.000000000Z,1.09721,london,monday,10.7,0.5,4,,0.5,0.0,1,0
2024-10-07T11:30:00.000000000Z,1.09716,london,monday,11.2,0.0,3,,0.0,0.0,1,0
2024-10-07T11:31:00.000000000Z,1.09731,london,monday,9.7,0.9,2,,0.0,0.0,1,0
2024-10-07T11:32:00.000000000Z,1.0974,london,monday,8.8,1.8,7,,0.0,0.0,1,0
2024-10-07T11:33:00.000000000Z,1.09756,london,monday,7.2,3.4,8,63,1.4,7.2,1,1
2024-10-07T11:34:00.000000000Z,1.09762,london,monday,6.6,4.0,8,56,2.0,6.6,1,1
2024-10-07T11:35:00.000000000Z,1.09752,london,monday,7.6,3.0,6,62,1.0,7.6,1,1
2024-10-07T11:36:00.000000000Z,1.0976,london,monday,6.8,3.8,5,54,1.8,6.8,1,1
2024-10-07T11:37:00.000000000Z,1.09744,london,monday,8.4,2.2,2,,0.2,0.0,1,0
2024-10-07T11:38:00.000000000Z,1.09742,london,monday,8.6,2.0,1,,0.0,0.0,1,0
2024-10-07T11:39:00.000000000Z,1.09772,london,monday,5.6,5.0,11,46,0.0,5.6,1,1
2024-10-07T11:40:00.000000000Z,1.09774,london,monday,5.4,5.2,10,45,0.0,5.4,1,1
2024-10-07T11:41:00.000000000Z,1.09786,london,monday,4.2,6.4,25,16,2.5,1.5,1,1
2024-10-07T11:42:00.000000000Z,1.09791,london,monday,3.7,6.9,24,13,3.0,1.0,1,1
2024-10-07T11:43:00.000000000Z,1.0979,london,monday,3.8,6.8,23,12,2.9,1.1,1,1
2024-10-07T11:44:00.000000000Z,1.09785,london,monday,4.3,6.3,22,41,2.4,4.3,1,1
2024-10-07T11:45:00.000000000Z,1.09781,london,monday,4.7,5.9,19,40,2.0,4.7,1,1
2024-10-07T11:46:00.000000000Z,1.0978,london,monday,4.8,5.8,18,39,1.9,4.8,1,1
2024-10-07T11:47:00.000000000Z,1.09782,london,monday,4.6,6.0,17,38,2.1,4.6,1,1
2024-10-07T11:48:00.000000000Z,1.09781,london,monday,4.7,5.9,16,37,2.0,4.7,1,1
2024-10-07T11:49:00.000000000Z,1.0978,london,monday,4.8,5.8,15,36,1.9,4.8,1,1
2024-10-07T11:50:00.000000000Z,1.09801,london,monday,2.7,7.9,16,4,4.0,0.0,1,1
2024-10-07T11:51:00.000000000Z,1.09798,london,monday,3.0,7.6,15,4,3.7,0.0,1,1
2024-10-07T11:52:00.000000000Z,1.0979,london,monday,3.8,6.8,14,3,2.9,0.4,1,1
2024-10-07T11:53:00.000000000Z,1.09794,london,monday,3.4,7.2,13,2,3.3,0.0,1,1
2024-10-07T11:54:00.000000000Z,1.09773,london,monday,5.5,5.1,8,31,1.2,5.5,1,1
2024-10-07T11:55:00.000000000Z,1.09763,london,monday,6.5,4.1,5,35,0.2,6.5,1,1
2024-10-07T11:56:00.000000000Z,1.09766,london,monday,6.2,4.4,4,34,0.5,6.2,1,1
2024-10-07T11:57:00.000000000Z,1.09761,london,monday,6.7,3.9,3,33,0.0,6.7,1,1
2024-10-07T11:58:00.000000000Z,1.09776,london,monday,5.2,5.4,4,27,0.8,5.2,1,1
2024-10-07T11:59:00.000000000Z,1.09768,london,monday,6.0,4.6,1,31,0.0,6.0,1,1
2024-10-07T12:00:00.000000000Z,1.09793,london,monday,3.5,7.1,6,24,0.0,3.5,1,1
2024-10-07T12:01:00.000000000Z,1.09798,london,monday,3.0,7.6,5,22,0.0,3.0,1,1
2024-10-07T12:02:00.000000000Z,1.09802,london,monday,2.6,8.0,4,21,0.0,2.6,1,1
2024-10-07T12:03:00.000000000Z,1.09803,london,monday,2.5,8.1,,18,0.0,2.5,0,1
2024-10-07T12:04:00.000000000Z,1.09808,london,monday,2.0,8.6,,17,0.0,2.0,0,1
2024-10-07T12:05:00.000000000Z,1.09807,london,monday,2.1,8.5,,16,0.0,2.1,0,1
2024-10-07T12:06:00.000000000Z,1.09828,london,monday,0.0,10.6,,9,0.0,0.0,0,1
2024-10-07T12:07:00.000000000Z,1.09819,london,monday,0.9,9.7,,14,0.0,0.9,0,1
2024-10-07T12:08:00.000000000Z,1.09825,london,monday,0.3,10.3,,7,0.0,0.3,0,1
2024-10-07T12:09:00.000000000Z,1.09822,london,monday,0.6,10.0,,6,0.0,0.6,0,1
2024-10-07T12:10:00.000000000Z,1.09828,london,monday,0.0,10.6,,5,0.0,0.0,0,1
2024-10-07T12:11:00.000000000Z,1.09828,london,monday,0.0,10.6,,4,0.0,0.0,0,1
2024-10-07T12:12:00.000000000Z,1.09814,london,monday,0.7,9.2,,9,0.0,0.0,0,1
2024-10-07T12:13:00.000000000Z,1.09812,london,monday,0.9,9.0,,8,0.0,0.0,0,1
2024-10-07T12:14:00.000000000Z,1.09804,london,monday,1.7,8.2,,7,0.0,0.6,0,1
2024-10-07T12:15:00.000000000Z,1.09796,london,monday,2.5,7.4,,8,0.0,1.4,0,1
2024-10-07T12:16:00.000000000Z,1.0981,london,monday,1.1,8.8,,5,0.0,0.0,0,1
2024-10-07T12:17:00.000000000Z,1.09809,london,monday,1.2,8.7,,4,0.0,0.0,0,1
2024-10-07T12:18:00.000000000Z,1.09804,london,monday,1.7,8.2,,3,0.0,0.4,0,1
2024-10-07T12:19:00.000000000Z,1.09808,london,monday,1.3,8.6,,2,0.0,0.0,0,1
2024-10-07T12:20:00.000000000Z,1.09802,london,monday,2.2,8.0,,3,0.0,0.0,0,1
2024-10-07T12:21:00.000000000Z,1.09778,london,monday,5.4,5.6,46,4,5.6,0.4,1,1
2024-10-07T12:22:00.000000000Z,1.09782,london,monday,6.1,6.0,53,3,6.0,0.0,1,1
2024-10-07T12:23:00.000000000Z,1.09769,london,monday,7.4,4.7,28,2,4.7,0.0,1,1
2024-10-07T12:24:00.000000000Z,1.09765,london,monday,7.8,4.3,27,6,4.3,0.0,1,1
2024-10-07T12:25:00.000000000Z,1.09744,london,monday,9.9,2.2,23,,2.2,0.0,1,0
2024-10-07T12:26:00.000000000Z,1.09746,london,monday,9.7,2.4,22,,2.4,0.0,1,0
2024-10-07T12:27:00.000000000Z,1.09744,london,monday,9.9,2.2,21,,2.2,0.0,1,0
2024-10-07T12:28:00.000000000Z,1.09748,london,monday,9.5,2.6,21,10,2.6,0.6,1,1
2024-10-07T12:29:00.000000000Z,1.09754,london,monday,8.9,3.2,20,7,3.2,0.0,1,1
2024-10-07T12:30:00.000000000Z,1.09733,london,monday,11.0,1.1,10,,1.1,0.0,1,0
2024-10-07T12:31:00.000000000Z,1.09738,london,monday,10.5,1.6,17,,1.6,0.0,1,0
2024-10-07T12:32:00.000000000Z,1.09742,london,monday,10.1,2.0,16,,2.0,0.0,1,0
2024-10-07T12:33:00.000000000Z,1.09744,london,monday,9.9,2.2,15,,2.2,0.0,1,0
2024-10-07T12:34:00.000000000Z,1.09741,london,monday,10.2,1.9,14,,1.9,0.0,1,0
2024-10-07T12:35:00.000000000Z,1.09747,london,monday,9.6,2.5,13,,2.5,0.0,1,0
2024-10-07T12:36:00.000000000Z,1.09728,london,monday,11.5,0.6,4,,0.6,0.0,1,0
2024-10-07T12:37:00.000000000Z,1.09726,london,monday,11.7,0.4,2,,0.4,0.0,1,0
2024-10-07T12:38:00.000000000Z,1.09722,london,monday,12.1,0.0,1,,0.0,0.0,1,0
2024-10-07T12:39:00.000000000Z,1.09752,london,monday,9.1,2.0,10,,1.5,0.0,1,0
2024-10-07T12:40:00.000000000Z,1.09762,london,monday,8.1,3.0,11,6,2.5,0.0,1,1
2024-10-07T12:41:00.000000000Z,1.09762,london,monday,8.1,3.0,10,5,2.5,0.0,1,1
2024-10-07T12:42:00.000000000Z,1.09758,london,monday,8.5,2.6,9,49,2.1,6.3,1,1
2024-10-07T12:43:00.000000000Z,1.09746,london,monday,9.7,1.4,5,,0.9,0.0,1,0
2024-10-07T12:44:00.000000000Z,1.09743,london,monday,10.0,1.1,4,,0.6,0.0,1,0
2024-10-07T12:45:00.000000000Z,1.09738,london,monday,10.5,0.6,3,,0.1,0.0,1,0
2024-10-07T12:46:00.000000000Z,1.09737,london,monday,10.6,0.5,2,,0.0,0.0,1,0
2024-10-07T12:47:00.000000000Z,1.09759,london,monday,8.4,2.7,4,44,0.0,6.2,1,1
2024-10-07T12:48:00.000000000Z,1.09772,london,monday,7.1,4.0,18,37,2.0,4.9,1,1
2024-10-07T12:49:00.000000000Z,1.09782,london,monday,6.1,5.0,26,7,3.0,1.4,1,1
2024-10-07T12:50:00.000000000Z,1.09778,london,monday,6.5,4.6,17,6,2.6,1.8,1,1
2024-10-07T12:51:00.000000000Z,1.09796,london,monday,4.7,6.4,69,2,6.4,0.0,1,1
2024-10-07T12:52:00.000000000Z,1.09777,london,monday,6.6,4.5,14,33,2.5,4.4,1,1
2024-10-07T12:53:00.000000000Z,1.09766,london,monday,7.7,3.4,12,37,1.4,5.5,1,1
2024-10-07T12:54:00.000000000Z,1.09758,london,monday,8.5,2.7,6,37,0.6,6.3,1,1
2024-10-07T12:55:00.000000000Z,1.09758,london,monday,8.5,2.7,5,36,0.6,6.3,1,1
2024-10-07T12:56:00.000000000Z,1.09752,london,monday,9.1,2.1,2,,0.0,0.0,1,0
2024-10-07T12:57:00.000000000Z,1.09768,london,monday,7.5,3.7,8,33,1.4,5.3,1,1
2024-10-07T12:58:00.000000000Z,1.09782,london,monday,6.1,5.1,17,4,2.8,0.6,1,1
2024-10-07T12:59:00.000000000Z,1.09772,london,monday,7.1,4.1,7,26,1.8,4.9,1,1
2024-10-07T13:00:00.000000000Z,1.09788,london,monday,5.5,5.7,15,2,3.4,0.0,1,1
2024-10-07T13:01:00.000000000Z,1.09778,london,monday,6.5,4.7,6,24,2.4,4.3,1,1
2024-10-07T13:02:00.000000000Z,1.09754,london,monday,8.9,2.3,2,,0.0,0.0,1,0
2024-10-07T13:03:00.000000000Z,1.09759,london,monday,8.4,2.8,2,28,0.0,6.2,1,1
2024-10-07T13:04:00.000000000Z,1.09782,london,monday,6.1,5.1,11,8,2.6,2.2,1,1
2024-10-07T13:05:00.000000000Z,1.09796,london,monday,4.7,6.5,55,7,6.4,0.8,1,1
2024-10-07T13:06:00.000000000Z,1.09802,london,monday,4.1,7.1,55,2,7.0,0.2,1,1
2024-10-07T13:07:00.000000000Z,1.09804,london,monday,3.9,7.3,54,1,7.2,0.0,1,1
2024-10-07T13:08:00.000000000Z,1.09776,london,monday,6.7,4.6,7,17,2.0,4.5,1,1
2024-10-07T13:09:00.000000000Z,1.09792,london,monday,5.1,8.0,7,3,3.6,0.0,1,1
2024-10-07T13:10:00.000000000Z,1.0979,london,monday,5.3,8.8,6,2,3.4,0.0,1,1
2024-10-07T13:11:00.000000000Z,1.09775,london,monday,6.8,7.3,2,14,1.9,4.6,1,1
2024-10-07T13:12:00.000000000Z,1.09756,london,monday,8.7,5.4,1,82,0.0,8.7,1,1
2024-10-07T13:13:00.000000000Z,1.09801,london,monday,4.2,9.9,48,9,6.9,2.0,1,1
2024-10-07T13:14:00.000000000Z,1.09801,london,monday,4.2,9.9,47,8,6.9,2.0,1,1
2024-10-07T13:15:00.000000000Z,1.09813,london,monday,3.0,11.1,47,3,8.1,0.8,1,1
2024-10-07T13:16:00.000000000Z,1.09821,london,monday,2.2,11.9,,1,0.0,0.0,0,1
2024-10-07T13:17:00.000000000Z,1.09792,london,monday,5.1,9.0,43,5,6.0,1.1,1,1
2024-10-07T13:18:00.000000000Z,1.09781,london,monday,6.2,7.9,42,7,4.9,2.2,1,1
2024-10-07T13:19:00.000000000Z,1.09803,london,monday,4.0,10.1,42,2,7.1,0.0,1,1
2024-10-07T13:20:00.000000000Z,1.09792,london,monday,5.1,9.0,40,2,6.0,0.0,1,1
2024-10-07T13:21:00.000000000Z,1.09776,london,monday,6.7,7.4,35,4,4.4,0.0,1,1
2024-10-07T13:22:00.000000000Z,1.09762,london,monday,8.1,6.0,16,9,3.0,0.2,1,1
2024-10-07T13:23:00.000000000Z,1.09764,london,monday,7.9,6.2,15,7,3.2,0.0,1,1
2024-10-07T13:24:00.000000000Z,1.09761,london,monday,8.2,5.9,14,7,2.9,0.0,1,1
2024-10-07T13:25:00.000000000Z,1.09746,london,monday,9.7,4.4,10,84,1.4,9.7,1,1
2024-10-07T13:26:00.000000000Z,1.09754,london,monday,8.9,5.2,9,83,2.2,8.9,1,1
2024-10-07T13:27:00.000000000Z,1.09746,london,monday,9.7,4.4,8,82,1.4,9.7,1,1
2024-10-07T13:28:00.000000000Z,1.09744,london,monday,9.9,4.2,6,81,1.2,9.9,1,1
2024-10-07T13:29:00.000000000Z,1.09748,london,monday,9.5,4.6,6,80,1.6,9.5,1,1
2024-10-07T13:30:00.000000000Z,1.09738,london,monday,10.5,3.6,4,79,0.6,10.5,1,1
2024-10-07T13:31:00.000000000Z,1.09732,london,monday,11.1,3.0,3,79,0.0,11.1,1,1
2024-10-07T13:32:00.000000000Z,1.09732,london,monday,11.1,3.0,2,78,0.0,11.1,1,1
2024-10-07T13:33:00.000000000Z,1.09748,london,monday,9.5,4.6,2,76,0.0,9.5,1,1
2024-10-07T13:34:00.000000000Z,1.09769,london,monday,7.4,6.7,22,58,1.7,7.4,1,1
2024-10-07T13:35:00.000000000Z,1.09784,london,monday,5.9,8.2,25,1,3.2,0.0,1,1
2024-10-07T13:36:00.000000000Z,1.09752,london,monday,9.1,5.0,1,73,0.0,9.1,1,1
2024-10-07T13:37:00.000000000Z,1.0978,london,monday,6.3,7.8,23,44,1.8,6.3,1,1
2024-10-07T13:38:00.000000000Z,1.0979,london,monday,5.3,8.8,22,11,2.8,0.0,1,1
2024-10-07T13:39:00.000000000Z,1.09771,london,monday,7.2,6.9,17,53,0.9,7.2,1,1
2024-10-07T13:40:00.000000000Z,1.09777,london,monday,6.6,7.5,16,42,1.5,6.6,1,1
2024-10-07T13:41:00.000000000Z,1.09786,london,monday,5.7,8.4,19,38,2.4,5.7,1,1
2024-10-07T13:42:00.000000000Z,1.09782,london,monday,6.1,8.0,18,37,2.0,6.1,1,1
2024-10-07T13:43:00.000000000Z,1.09778,london,monday,6.5,7.6,17,38,1.6,6.5,1,1
2024-10-07T13:44:00.000000000Z,1.09778,london,monday,6.5,7.6,16,37,1.6,6.5,1,1
2024-10-07T13:45:00.000000000Z,1.09782,london,monday,6.1,8.0,15,34,2.0,6.1,1,1
2024-10-07T13:46:00.000000000Z,1.09779,london,monday,6.4,7.7,14,35,1.7,6.4,1,1
2024-10-07T13:47:00.000000000Z,1.09766,london,monday,7.7,6.4,8,45,0.4,7.7,1,1
2024-10-07T13:48:00.000000000Z,1.09772,london,monday,7.1,7.0,8,34,1.0,7.1,1,1
2024-10-07T13:49:00.000000000Z,1.09762,london,monday,8.1,6.0,6,45,0.0,8.1,1,1
2024-10-07T13:50:00.000000000Z,1.09774,london,monday,6.9,7.2,6,32,0.2,6.9,1,1
2024-10-07T13:51:00.000000000Z,1.09779,london,monday,6.4,7.7,9,30,0.7,6.4,1,1
2024-10-07T13:52:00.000000000Z,1.09783,london,monday,6.0,8.1,8,27,1.1,6.0,1,1
2024-10-07T13:53:00.000000000Z,1.09772,london,monday,7.1,7.0,3,29,0.0,7.1,1,1
2024-10-07T13:54:00.000000000Z,1.09782,london,monday,6.1,8.0,6,25,0.0,6.1,1,1
2024-10-07T13:55:00.000000000Z,1.09793,london,monday,5.0,9.1,5,13,0.9,5.0,1,1
2024-10-07T13:56:00.000000000Z,1.09802,london,monday,4.1,10.0,5,12,1.8,4.1,1,1
2024-10-07T13:57:00.000000000Z,1.098,london,monday,4.3,9.8,4,11,1.6,4.3,1,1
2024-10-07T13:58:00.000000000Z,1.09784,london,monday,5.9,8.2,2,21,0.0,5.9,1,1
2024-10-07T13:59:00.000000000Z,1.09798,london,monday,4.5,9.6,1,9,0.0,4.5,1,1
2024-10-07T14:00:00.000000000Z,1.09824,london,monday,1.9,12.2,,5,0.0,1.9,0,1
2024-10-07T14:01:00.000000000Z,1.09832,london,monday,1.1,13.0,,4,0.0,1.1,0,1
2024-10-07T14:02:00.000000000Z,1.09843,london,monday,0.0,14.1,,2,0.0,0.0,0,1
2024-10-07T14:03:00.000000000Z,1.09838,london,monday,0.0,13.6,,2,0.0,0.0,0,1
2024-10-07T14:04:00.000000000Z,1.09813,london,monday,2.0,11.1,,3,0.0,0.0,0,1
2024-10-07T14:05:00.000000000Z,1.09791,london,monday,4.2,8.9,8,4,2.9,0.1,1,1
2024-10-07T14:06:00.000000000Z,1.09792,london,monday,4.1,9.0,7,2,3.0,0.0,1,1
2024-10-07T14:07:00.000000000Z,1.09778,london,monday,5.5,7.6,5,14,1.6,5.5,1,1
2024-10-07T14:08:00.000000000Z,1.09767,london,monday,6.6,6.5,4,24,0.5,6.6,1,1
2024-10-07T14:09:00.000000000Z,1.09762,london,monday,7.1,6.0,3,25,0.0,7.1,1,1
2024-10-07T14:10:00.000000000Z,1.09765,london,monday,6.8,6.3,2,23,0.0,6.8,1,1
2024-10-07T14:11:00.000000000Z,1.09778,london,monday,5.5,7.6,1,10,0.0,5.5,1,1
2024-10-07T14:12:00.000000000Z,1.09806,london,monday,2.7,10.4,2,6,0.0,2.7,1,1
2024-10-07T14:13:00.000000000Z,1.09821,london,monday,1.2,11.9,,3,0.0,1.2,0,1
2024-10-07T14:14:00.000000000Z,1.09833,london,monday,0.0,13.1,,1,0.0,0.0,0,1
2024-10-07T14:15:00.000000000Z,1.098,london,monday,0.0,9.8,,4,0.0,0.0,0,1
2024-10-07T14:16:00.000000000Z,1.09788,london,monday,0.8,8.6,,3,0.0,0.8,0,1
2024-10-07T14:17:00.000000000Z,1.09796,london,monday,0.0,9.4,,2,0.0,0.0,0,1
2024-10-07T14:18:00.000000000Z,1.09778,london,monday,1.4,7.6,,3,0.0,0.0,0,1
2024-10-07T14:19:00.000000000Z,1.09756,london,monday,3.6,5.4,6,15,0.9,3.6,1,1
2024-10-07T14:20:00.000000000Z,1.0976,london,monday,3.2,5.8,5,14,1.3,3.2,1,1
2024-10-07T14:21:00.000000000Z,1.09752,london,monday,4.0,5.0,4,28,0.5,4.0,1,1
2024-10-07T14:22:00.000000000Z,1.09747,london,monday,4.5,4.5,2,27,0.0,4.5,1,1
2024-10-07T14:23:00.000000000Z,1.09762,london,monday,3.0,6.0,3,11,0.0,3.0,1,1
2024-10-07T14:24:00.000000000Z,1.09776,london,monday,1.6,7.4,,8,0.0,1.6,0,1
2024-10-07T14:25:00.000000000Z,1.09787,london,monday,0.5,8.5,,6,0.0,0.5,0,1
2024-10-07T14:26:00.000000000Z,1.09792,london,monday,0.0,9.0,,1,0.0,0.0,0,1
2024-10-07T14:27:00.000000000Z,1.09767,london,monday,2.2,6.5,,5,0.0,0.8,0,1
2024-10-07T14:28:00.000000000Z,1.09762,london,monday,2.7,6.0,73,6,6.0,1.3,1,1
2024-10-07T14:29:00.000000000Z,1.09764,london,monday,2.5,6.2,72,4,6.2,1.1,1,1
2024-10-07T14:30:00.000000000Z,1.09775,london,monday,1.4,7.3,,2,0.0,0.0,0,1
2024-10-07T14:31:00.000000000Z,1.09758,london,monday,3.1,5.6,69,3,5.6,0.0,1,1
2024-10-07T14:32:00.000000000Z,1.09741,london,monday,4.8,3.9,8,17,1.0,3.1,1,1
2024-10-07T14:33:00.000000000Z,1.09738,london,monday,5.1,3.6,7,16,0.7,3.4,1,1
2024-10-07T14:34:00.000000000Z,1.09731,london,monday,5.8,2.9,3,16,0.0,4.1,1,1
2024-10-07T14:35:00.000000000Z,1.09736,london,monday,5.3,3.4,3,15,0.0,3.6,1,1
2024-10-07T14:36:00.000000000Z,1.09755,london,monday,3.4,5.3,64,12,5.3,1.7,1,1
2024-10-07T14:37:00.000000000Z,1.0976,london,monday,2.9,5.8,63,11,5.8,1.2,1,1
2024-10-07T14:38:00.000000000Z,1.09762,london,monday,2.7,6.0,63,10,6.0,1.0,1,1
2024-10-07T14:39:00.000000000Z,1.09762,london,monday,2.7,6.0,62,9,6.0,1.0,1,1
2024-10-07T14:40:00.000000000Z,1.09772,london,monday,1.7,7.0,,7,0.0,0.0,0,1
2024-10-07T14:41:00.000000000Z,1.09759,london,monday,3.0,5.7,59,7,5.7,1.1,1,1
2024-10-07T14:42:00.000000000Z,1.09768,london,monday,2.1,6.6,,5,0.0,0.2,0,1
2024-10-07T14:43:00.000000000Z,1.0977,london,monday,1.9,6.8,,4,0.0,0.0,0,1
2024-10-07T14:44:00.000000000Z,1.09762,london,monday,2.7,6.0,57,4,6.0,0.2,1,1
2024-10-07T14:45:00.000000000Z,1.09764,london,monday,2.5,6.2,56,2,6.2,0.0,1,1
2024-10-07T14:46:00.000000000Z,1.09751,london,monday,3.8,4.9,39,3,4.9,0.0,1,1
2024-10-07T14:47:00.000000000Z,1.09738,london,monday,5.1,3.6,10,2,3.6,0.0,1,1
2024-10-07T14:48:00.000000000Z,1.0973,london,monday,5.9,2.8,9,2,2.8,0.0,1,1
2024-10-07T14:49:00.000000000Z,1.09712,london,monday,7.7,1.0,4,,1.0,0.0,1,0
2024-10-07T14:50:00.000000000Z,1.09702,london,monday,8.7,0.0,2,,0.0,0.0,1,0
2024-10-07T14:51:00.000000000Z,1.09714,london,monday,7.5,0.0,2,,0.0,0.0,1,0
2024-10-07T14:52:00.000000000Z,1.0973,london,monday,5.9,0.0,5,,0.0,0.0,1,0
2024-10-07T14:53:00.000000000Z,1.09745,london,monday,4.4,0.7,4,,0.7,0.0,1,0
2024-10-07T14:54:00.000000000Z,1.09738,london,monday,5.1,0.0,3,,0.0,0.0,1,0
2024-10-07T14:55:00.000000000Z,1.09749,london,monday,4.0,1.1,30,,1.1,0.0,1,0
2024-10-07T14:56:00.000000000Z,1.09749,london,monday,4.0,1.1,29,,1.1,0.0,1,0
2024-10-07T14:57:00.000000000Z,1.09772,london,monday,1.7,3.4,,2,0.0,0.0,0,1
2024-10-07T14:58:00.000000000Z,1.09756,london,monday,3.3,1.8,42,,1.8,0.0,1,0
2024-10-07T14:59:00.000000000Z,1.09747,london,monday,4.2,0.9,23,,0.9,0.0,1,0
2024-10-07T15:00:00.000000000Z,1.09744,london,monday,4.5,0.6,4,,0.0,0.0,1,0
2024-10-07T15:01:00.000000000Z,1.09744,london,monday,4.5,0.6,3,,0.0,0.0,1,0
2024-10-07T15:02:00.000000000Z,1.09748,london,monday,4.1,1.0,23,,1.0,0.0,1,0
2024-10-07T15:03:00.000000000Z,1.09761,london,monday,2.8,2.3,37,,2.3,0.0,1,0
2024-10-07T15:04:00.000000000Z,1.09771,london,monday,1.8,3.3,,5,0.0,0.0,0,1
2024-10-07T15:05:00.000000000Z,1.09756,london,monday,3.3,1.8,35,,1.8,0.0,1,0
2024-10-07T15:06:00.000000000Z,1.09756,london,monday,3.3,1.8,34,,1.8,0.0,1,0
2024-10-07T15:07:00.000000000Z,1.09761,london,monday,2.8,2.3,33,,2.3,0.0,1,0
2024-10-07T15:08:00.000000000Z,1.0976,london,monday,2.9,2.2,32,,2.2,0.0,1,0
2024-10-07T15:09:00.000000000Z,1.09738,london,monday,5.1,0.0,13,,0.0,0.0,1,0
2024-10-07T15:10:00.000000000Z,1.09741,london,monday,4.8,0.3,12,,0.3,0.0,1,0
2024-10-07T15:11:00.000000000Z,1.09749,london,monday,4.0,1.1,14,,1.1,0.0,1,0
2024-10-07T15:12:00.000000000Z,1.09746,london,monday,4.3,0.8,10,,0.8,0.0,1,0
2024-10-07T15:13:00.000000000Z,1.0974,london,monday,4.9,0.2,9,,0.2,0.0,1,0
2024-10-07T15:14:00.000000000Z,1.09742,london,monday,4.7,0.4,8,,0.4,0.0,1,0
2024-10-07T15:15:00.000000000Z,1.09746,london,monday,4.3,0.8,7,,0.8,0.0,1,0
2024-10-07T15:16:00.000000000Z,1.09745,london,monday,4.4,0.7,6,,0.7,0.0,1,0
2024-10-07T15:17:00.000000000Z,1.09746,london,monday,4.3,0.8,5,,0.8,0.0,1,0
2024-10-07T15:18:00.000000000Z,1.09746,london,monday,4.3,0.8,4,,0.8,0.0,1,0
2024-10-07T15:19:00.000000000Z,1.09738,london,monday,5.1,0.0,3,,0.0,0.0,1,0
2024-10-07T15:20:00.000000000Z,1.09743,london,monday,4.6,0.4,2,,0.0,0.0,1,0
2024-10-07T15:21:00.000000000Z,1.09762,london,monday,2.7,2.3,20,,2.3,0.0,1,0
2024-10-07T15:22:00.000000000Z,1.09772,london,monday,1.7,3.3,,9,0.0,0.4,0,1
2024-10-07T15:23:00.000000000Z,1.09759,london,monday,3.0,2.0,17,,2.0,0.0,1,0
2024-10-07T15:24:00.000000000Z,1.09767,london,monday,2.2,2.8,,12,0.0,0.9,0,1
2024-10-07T15:25:00.000000000Z,1.09776,london,monday,1.3,3.7,,6,0.0,0.0,0,1
2024-10-07T15:26:00.000000000Z,1.09776,london,monday,1.3,3.7,,5,0.0,0.0,0,1
2024-10-07T15:27:00.000000000Z,1.09772,london,monday,1.7,3.3,,4,0.0,0.0,0,1
2024-10-07T15:28:00.000000000Z,1.09764,london,monday,2.5,2.5,13,,2.5,0.0,1,0
2024-10-07T15:29:00.000000000Z,1.09767,london,monday,2.2,2.8,,7,0.0,0.0,0,1
2024-10-07T15:30:00.000000000Z,1.09756,london,monday,3.3,1.7,10,,1.7,0.0,1,0
2024-10-07T15:31:00.000000000Z,1.09747,london,monday,4.2,0.8,6,,0.8,0.0,1,0
2024-10-07T15:32:00.000000000Z,1.09765,london,monday,2.4,2.6,,4,0.0,0.0,0,1
2024-10-07T15:33:00.000000000Z,1.09755,london,monday,3.4,1.6,7,,1.6,0.0,1,0
2024-10-07T15:34:00.000000000Z,1.09758,london,monday,3.1,1.9,6,,1.9,0.0,1,0
2024-10-07T15:35:00.000000000Z,1.09749,london,monday,4.0,1.0,5,,1.0,0.0,1,0
2024-10-07T15:36:00.000000000Z,1.09739,london,monday,5.0,0.0,1,,0.0,0.0,1,0
2024-10-07T15:37:00.000000000Z,1.09773,london,monday,1.6,3.1,,10,0.0,1.6,0,1
2024-10-07T15:38:00.000000000Z,1.09772,london,monday,1.7,3.0,,10,0.0,1.7,0,1
2024-10-07T15:39:00.000000000Z,1.09764,london,monday,2.5,2.2,2,,0.0,0.0,1,0
2024-10-07T15:40:00.000000000Z,1.09786,london,monday,0.3,4.4,,3,0.0,0.3,0,1
2024-10-07T15:41:00.000000000Z,1.09789,london,monday,0.0,4.7,,2,0.0,0.0,0,1
2024-10-07T15:42:00.000000000Z,1.09785,london,monday,0.0,4.3,,1,0.0,0.0,0,1
2024-10-07T15:43:00.000000000Z,1.09756,london,monday,2.6,1.4,8,,1.4,0.0,1,0
2024-10-07T15:44:00.000000000Z,1.09756,london,monday,2.6,1.4,7,,1.4,0.0,1,0
2024-10-07T15:45:00.000000000Z,1.09758,london,monday,2.4,1.6,,,0.0,0.0,0,0
2024-10-07T15:46:00.000000000Z,1.0975,london,monday,3.2,0.8,4,,0.8,0.0,1,0
2024-10-07T15:47:00.000000000Z,1.09748,london,monday,3.4,0.6,3,,0.6,0.0,1,0
2024-10-07T15:48:00.000000000Z,1.09742,london,monday,4.0,0.0,2,,0.0,0.0,1,0
2024-10-07T15:49:00.000000000Z,1.09765,london,monday,1.7,0.8,,,0.0,0.0,0,0
2024-10-07T15:50:00.000000000Z,1.0978,london,monday,0.2,2.3,,,0.0,0.0,0,0
2024-10-07T15:51:00.000000000Z,1.09782,london,monday,0.0,2.5,,5,0.0,0.0,0,1
2024-10-07T15:52:00.000000000Z,1.09774,london,monday,0.0,1.7,,,0.0,0.0,0,0
2024-10-07T15:53:00.000000000Z,1.09763,london,monday,0.7,0.6,,,0.0,0.0,0,0
2024-10-07T15:54:00.000000000Z,1.0977,london,monday,0.0,1.3,,,0.0,0.0,0,0
2024-10-07T15:55:00.000000000Z,1.09763,london,monday,0.2,0.6,,,0.0,0.0,0,0
2024-10-07T15:56:00.000000000Z,1.09757,london,monday,0.8,0.0,,,0.0,0.0,0,0
2024-10-07T15:57:00.000000000Z,1.0976,london,monday,0.5,0.0,,,0.0,0.0,0,0
2024-10-07T15:58:00.000000000Z,1.09765,london,monday,0.0,0.4,,,0.0,0.0,0,0
2024-10-07T15:59:00.000000000Z,1.09761,london,monday,0.0,0.0,,,0.0,0.0,0,0
2024-10-14T08:00:00.000000000Z,1.09288,london,monday,7.9,3.7,69,30,3.7,2.2,1,1
2024-10-14T08:01:00.000000000Z,1.09286,london,monday,8.1,3.5,39,55,2.3,2.5,1,1
2024-10-14T08:02:00.000000000Z,1.0928,london,monday,8.7,2.9,7,55,0.0,3.1,1,1
2024-10-14T08:03:00.000000000Z,1.09296,london,monday,7.1,4.5,66,27,4.5,1.4,1,1
2024-10-14T08:04:00.000000000Z,1.09288,london,monday,7.9,3.7,65,26,3.7,2.2,1,1
2024-10-14T08:05:00.000000000Z,1.09294,london,monday,7.3,4.3,64,25,4.3,1.6,1,1
2024-10-14T08:06:00.000000000Z,1.093,london,monday,6.7,4.9,65,10,4.9,1.0,1,1
2024-10-14T08:07:00.000000000Z,1.09304,london,monday,6.3,5.3,64,8,5.3,0.6,1,1
2024-10-14T08:08:00.000000000Z,1.09303,london,monday,6.4,5.2,63,7,5.2,0.7,1,1
2024-10-14T08:09:00.000000000Z,1.09306,london,monday,6.1,5.5,63,6,5.5,0.4,1,1
2024-10-14T08:10:00.000000000Z,1.0931,london,monday,5.7,5.9,63,3,5.9,0.0,1,1
2024-10-14T08:11:00.000000000Z,1.0929,london,monday,7.7,3.9,58,19,3.9,0.2,1,1
2024-10-14T08:12:00.000000000Z,1.09292,london,monday,7.5,4.1,57,18,4.1,0.0,1,1
2024-10-14T08:13:00.000000000Z,1.09284,london,monday,8.3,3.3,27,43,2.1,2.7,1,1
2024-10-14T08:14:00.000000000Z,1.09286,london,monday,8.1,3.5,26,42,2.3,2.5,1,1
2024-10-14T08:15:00.000000000Z,1.09276,london,monday,9.1,2.5,21,,1.3,0.0,1,0
2024-10-14T08:16:00.000000000Z,1.09274,london,monday,9.3,2.3,20,,1.1,0.0,1,0
2024-10-14T08:17:00.000000000Z,1.09286,london,monday,8.1,3.5,23,39,2.3,2.5,1,1
2024-10-14T08:18:00.000000000Z,1.09284,london,monday,8.3,3.3,22,38,2.1,2.7,1,1
2024-10-14T08:19:00.000000000Z,1.09288,london,monday,7.9,3.7,50,11,3.7,0.0,1,1
2024-10-14T08:20:00.000000000Z,1.09282,london,monday,8.5,3.1,20,36,1.9,2.9,1,1
2024-10-14T08:21:00.000000000Z,1.09276,london,monday,9.1,2.5,15,,1.3,0.0,1,0
2024-10-14T08:22:00.000000000Z,1.09285,london,monday,8.2,3.4,18,34,2.2,2.6,1,1
2024-10-14T08:23:00.000000000Z,1.0928,london,monday,8.7,2.9,14,34,1.7,3.1,1,1
2024-10-14T08:24:00.000000000Z,1.09276,london,monday,9.1,2.5,12,,1.3,0.0,1,0
2024-10-14T08:25:00.000000000Z,1.09282,london,monday,8.5,3.1,15,31,1.9,2.9,1,1
2024-10-14T08:26:00.000000000Z,1.09277,london,monday,9.0,2.6,10,31,1.4,3.4,1,1
2024-10-14T08:27:00.000000000Z,1.09273,london,monday,9.4,2.2,9,,1.0,0.0,1,0
2024-10-14T08:28:00.000000000Z,1.09278,london,monday,8.9,2.7,9,29,1.5,3.3,1,1
2024-10-14T08:29:00.000000000Z,1.09271,london,monday,9.6,2.0,7,,0.8,0.0,1,0
2024-10-14T08:30:00.000000000Z,1.09263,london,monday,10.4,1.2,4,,0.0,0.0,1,0
2024-10-14T08:31:00.000000000Z,1.0928,london,monday,8.7,2.9,6,26,0.0,3.1,1,1
2024-10-14T08:32:00.000000000Z,1.09282,london,monday,8.5,3.1,8,24,0.0,2.9,1,1
2024-10-14T08:33:00.000000000Z,1.09282,london,monday,8.5,3.1,7,23,0.0,2.9,1,1
2024-10-14T08:34:00.000000000Z,1.0929,london,monday,7.7,3.9,35,22,3.9,2.1,1,1
2024-10-14T08:35:00.000000000Z,1.0929,london,monday,7.7,3.9,34,21,3.9,2.1,1,1
2024-10-14T08:36:00.000000000Z,1.09302,london,monday,6.5,5.1,35,18,5.1,0.9,1,1
2024-10-14T08:37:00.000000000Z,1.09305,london,monday,6.2,5.4,35,17,5.4,0.6,1,1
2024-10-14T08:38:00.000000000Z,1.09302,london,monday,6.5,5.1,33,16,5.1,0.9,1,1
2024-10-14T08:39:00.000000000Z,1.09304,london,monday,6.3,5.3,32,15,5.3,0.7,1,1
2024-10-14T08:40:00.000000000Z,1.09311,london,monday,5.6,6.0,33,5,6.0,0.0,1,1
2024-10-14T08:41:00.000000000Z,1.09302,london,monday,6.5,5.1,30,13,5.1,0.0,1,1
2024-10-14T08:42:00.000000000Z,1.09299,london,monday,6.8,4.8,27,14,4.8,0.0,1,1
2024-10-14T08:43:00.000000000Z,1.09294,london,monday,7.3,4.3,26,13,4.3,0.4,1,1
2024-10-14T08:44:00.000000000Z,1.0929,london,monday,7.7,3.9,25,12,3.9,0.8,1,1
2024-10-14T08:45:00.000000000Z,1.09283,london,monday,8.4,3.2,24,11,3.2,1.5,1,1
2024-10-14T08:46:00.000000000Z,1.09292,london,monday,7.5,4.1,23,10,4.1,0.6,1,1
2024-10-14T08:47:00.000000000Z,1.09296,london,monday,7.1,4.5,22,9,4.5,0.2,1,1
2024-10-14T08:48:00.000000000Z,1.0929,london,monday,7.7,3.9,21,8,3.9,0.8,1,1
2024-10-14T08:49:00.000000000Z,1.09286,london,monday,8.1,3.5,20,7,3.5,1.2,1,1
2024-10-14T08:50:00.000000000Z,1.09294,london,monday,7.3,4.3,19,6,4.3,0.4,1,1
2024-10-14T08:51:00.000000000Z,1.09295,london,monday,7.2,4.4,18,5,4.4,0.3,1,1
2024-10-14T08:52:00.000000000Z,1.09298,london,monday,6.9,4.7,17,4,4.7,0.0,1,1
2024-10-14T08:53:00.000000000Z,1.09284,london,monday,8.3,3.3,16,3,3.3,0.0,1,1
2024-10-14T08:54:00.000000000Z,1.09276,london,monday,9.1,2.5,15,,2.5,0.0,1,0
2024-10-14T08:55:00.000000000Z,1.09276,london,monday,9.1,2.5,14,,2.5,0.0,1,0
2024-10-14T08:56:00.000000000Z,1.09256,london,monday,11.1,0.5,4,,0.5,0.0,1,0
2024-10-14T08:57:00.000000000Z,1.09251,london,monday,11.6,0.0,3,,0.0,0.0,1,0
2024-10-14T08:58:00.000000000Z,1.0926,london,monday,10.7,0.2,3,,0.0,0.0,1,0
2024-10-14T08:59:00.000000000Z,1.0927,london,monday,9.7,1.2,9,,0.0,0.0,1,0
2024-10-14T09:00:00.000000000Z,1.09282,london,monday,8.5,2.4,9,,1.2,0.0,1,0
2024-10-14T09:01:00.000000000Z,1.09289,london,monday,7.8,3.1,8,63,1.9,7.8,1,1
2024-10-14T09:02:00.000000000Z,1.09271,london,monday,9.6,1.3,6,,0.1,0.0,1,0
2024-10-14T09:03:00.000000000Z,1.09274,london,monday,9.3,1.6,6,,0.4,0.0,1,0
2024-10-14T09:04:00.000000000Z,1.0927,london,monday,9.7,1.7,4,,0.0,0.0,1,0
2024-10-14T09:05:00.000000000Z,1.09284,london,monday,8.3,3.2,4,88,0.0,8.3,1,1
2024-10-14T09:06:00.000000000Z,1.09288,london,monday,7.9,4.6,3,58,0.0,7.9,1,1
2024-10-14T09:07:00.000000000Z,1.09294,london,monday,7.3,5.2,2,57,0.0,7.3,1,1
2024-10-14T09:08:00.000000000Z,1.09298,london,monday,6.9,5.6,1,55,0.0,6.9,1,1
2024-10-14T09:09:00.000000000Z,1.09324,london,monday,4.3,8.2,16,45,0.2,4.3,1,1
2024-10-14T09:10:00.000000000Z,1.09322,london,monday,4.5,9.4,14,44,0.0,4.5,1,1
2024-10-14T09:11:00.000000000Z,1.0933,london,monday,3.7,10.2,14,42,0.0,3.7,1,1
2024-10-14T09:12:00.000000000Z,1.09332,london,monday,3.5,10.4,13,41,0.0,3.5,1,1
2024-10-14T09:13:00.000000000Z,1.09337,london,monday,3.0,10.9,12,40,0.5,3.0,1,1
2024-10-14T09:14:00.000000000Z,1.09334,london,monday,3.3,10.6,11,39,0.2,3.3,1,1
2024-10-14T09:15:00.000000000Z,1.09332,london,monday,3.5,10.4,10,38,0.0,3.5,1,1
2024-10-14T09:16:00.000000000Z,1.09337,london,monday,3.0,10.9,9,37,0.5,3.0,1,1
2024-10-14T09:17:00.000000000Z,1.09338,london,monday,2.9,11.2,8,36,0.6,2.9,1,1
2024-10-14T09:18:00.000000000Z,1.09332,london,monday,3.5,10.6,7,35,0.0,3.5,1,1
2024-10-14T09:19:00.000000000Z,1.09336,london,monday,3.1,11.0,6,34,0.0,3.1,1,1
2024-10-14T09:20:00.000000000Z,1.09337,london,monday,3.0,11.1,5,33,0.1,3.0,1,1
2024-10-14T09:21:00.000000000Z,1.09336,london,monday,3.1,11.6,4,32,0.0,3.1,1,1
2024-10-14T09:22:00.000000000Z,1.0934,london,monday,2.7,12.9,3,31,0.0,2.7,1,1
2024-10-14T09:23:00.000000000Z,1.09346,london,monday,2.1,14.4,,16,0.0,2.1,0,1
2024-10-14T09:24:00.000000000Z,1.09348,london,monday,1.9,14.6,,9,0.0,1.9,0,1
2024-10-14T09:25:00.000000000Z,1.09367,london,monday,0.0,16.5,,5,0.0,0.0,0,1
2024-10-14T09:26:00.000000000Z,1.09365,london,monday,0.0,16.3,,4,0.0,0.0,0,1
2024-10-14T09:27:00.000000000Z,1.09362,london,monday,0.0,16.0,,3,0.0,0.0,0,1
2024-10-14T09:28:00.000000000Z,1.09361,london,monday,0.0,16.7,,2,0.0,0.0,0,1
2024-10-14T09:29:00.000000000Z,1.09348,london,monday,0.0,15.6,,4,0.0,0.0,0,1
2024-10-14T09:30:00.000000000Z,1.09335,london,monday,0.1,14.5,,23,0.0,0.1,0,1
2024-10-14T09:31:00.000000000Z,1.0933,london,monday,0.6,14.0,,22,0.0,0.6,0,1
2024-10-14T09:32:00.000000000Z,1.09326,london,monday,1.0,13.6,,22,0.0,1.0,0,1
2024-10-14T09:33:00.000000000Z,1.09322,london,monday,1.4,13.2,,21,0.0,1.4,0,1
2024-10-14T09:34:00.000000000Z,1.09332,london,monday,0.4,14.2,,19,0.0,0.4,0,1
2024-10-14T09:35:00.000000000Z,1.09331,london,monday,0.5,14.1,,18,0.0,0.5,0,1
2024-10-14T09:36:00.000000000Z,1.09336,london,monday,0.0,14.6,,17,0.0,0.0,0,1
2024-10-14T09:37:00.000000000Z,1.09334,london,monday,0.0,14.4,,16,0.0,0.0,0,1
2024-10-14T09:38:00.000000000Z,1.09328,london,monday,0.4,13.8,,16,0.0,0.4,0,1
2024-10-14T09:39:00.000000000Z,1.0932,london,monday,1.2,13.0,,17,0.0,1.2,0,1
2024-10-14T09:40:00.000000000Z,1.09318,london,monday,1.4,12.8,,17,0.0,1.4,0,1
2024-10-14T09:41:00.000000000Z,1.09324,london,monday,0.8,13.4,,13,0.0,0.8,0,1
2024-10-14T09:42:00.000000000Z,1.09324,london,monday,0.8,13.4,,12,0.0,0.8,0,1
2024-10-14T09:43:00.000000000Z,1.09326,london,monday,0.6,13.6,,11,0.0,0.6,0,1
2024-10-14T09:44:00.000000000Z,1.09326,london,monday,0.6,13.6,,10,0.0,0.6,0,1
2024-10-14T09:45:00.000000000Z,1.09332,london,monday,0.0,14.6,,8,0.0,0.0,0,1
2024-10-14T09:46:00.000000000Z,1.0933,london,monday,0.0,15.8,,7,0.0,0.0,0,1
2024-10-14T09:47:00.000000000Z,1.09324,london,monday,0.5,16.3,,7,0.0,0.5,0,1
2024-10-14T09:48:00.000000000Z,1.09329,london,monday,0.0,17.1,,5,0.0,0.0,0,1
2024-10-14T09:49:00.000000000Z,1.09318,london,monday,0.0,16.4,,8,0.0,0.0,0,1
2024-10-14T09:50:00.000000000Z,1.09316,london,monday,0.0,16.2,,7,0.0,0.0,0,1
2024-10-14T09:51:00.000000000Z,1.09315,london,monday,0.1,17.0,,6,0.0,0.1,0,1
2024-10-14T09:52:00.000000000Z,1.09316,london,monday,0.0,17.1,,5,0.0,0.0,0,1
2024-10-14T09:53:00.000000000Z,1.09304,london,monday,0.0,15.9,,9,0.0,0.0,0,1
2024-10-14T09:54:00.000000000Z,1.09295,london,monday,0.5,15.0,,10,0.0,0.2,0,1
2024-10-14T09:55:00.000000000Z,1.09297,london,monday,0.3,15.2,,8,0.0,0.0,0,1
2024-10-14T09:56:00.000000000Z,1.09294,london,monday,0.6,14.9,,8,0.0,0.0,0,1
2024-10-14T09:57:00.000000000Z,1.09283,london,monday,1.7,13.8,,47,0.0,1.7,0,1
2024-10-14T09:58:00.000000000Z,1.09287,london,monday,1.3,14.2,,6,0.0,0.7,0,1
2024-10-14T09:59:00.000000000Z,1.0929,london,monday,1.0,14.6,,5,0.0,0.4,0,1
2024-10-14T10:00:00.000000000Z,1.0929,london,monday,1.0,14.6,,4,0.0,0.4,0,1
2024-10-14T10:01:00.000000000Z,1.09294,london,monday,0.6,15.5,,3,0.0,0.0,0,1
2024-10-14T10:02:00.000000000Z,1.09274,london,monday,2.6,13.5,9,44,1.4,2.6,1,1
2024-10-14T10:03:00.000000000Z,1.09272,london,monday,2.8,13.3,8,43,1.2,2.8,1,1
2024-10-14T10:04:00.000000000Z,1.0926,london,monday,4.0,12.1,6,46,0.0,4.0,1,1
2024-10-14T10:05:00.000000000Z,1.09266,london,monday,3.4,12.7,5,45,0.0,3.4,1,1
2024-10-14T10:06:00.000000000Z,1.09268,london,monday,3.2,14.0,5,40,0.0,3.2,1,1
2024-10-14T10:07:00.000000000Z,1.09282,london,monday,1.8,16.8,,37,0.0,1.8,0,1
2024-10-14T10:08:00.000000000Z,1.09282,london,monday,1.8,17.6,,36,0.0,1.8,0,1
2024-10-14T10:09:00.000000000Z,1.09282,london,monday,1.8,17.6,,35,0.0,1.8,0,1
2024-10-14T10:10:00.000000000Z,1.09292,london,monday,0.8,18.6,,21,0.0,0.8,0,1
2024-10-14T10:11:00.000000000Z,1.093,london,monday,0.0,19.4,,16,0.0,0.0,0,1
2024-10-14T10:12:00.000000000Z,1.09296,london,monday,0.2,19.0,,19,0.0,0.2,0,1
2024-10-14T10:13:00.000000000Z,1.09296,london,monday,0.2,19.0,,18,0.0,0.2,0,1
2024-10-14T10:14:00.000000000Z,1.09292,london,monday,0.6,18.6,,17,0.0,0.6,0,1
2024-10-14T10:15:00.000000000Z,1.09296,london,monday,0.2,19.0,,16,0.0,0.2,0,1
2024-10-14T10:16:00.000000000Z,1.0929,london,monday,0.8,18.4,,16,0.0,0.8,0,1
2024-10-14T10:17:00.000000000Z,1.09288,london,monday,1.0,18.2,,15,0.0,1.0,0,1
2024-10-14T10:18:00.000000000Z,1.09292,london,monday,0.6,18.6,,13,0.0,0.6,0,1
2024-10-14T10:19:00.000000000Z,1.09282,london,monday,1.6,17.6,,25,0.0,1.6,0,1
2024-10-14T10:20:00.000000000Z,1.09286,london,monday,1.2,18.0,,13,0.0,1.2,0,1
2024-10-14T10:21:00.000000000Z,1.09298,london,monday,0.0,19.2,,9,0.0,0.0,0,1
2024-10-14T10:22:00.000000000Z,1.09286,london,monday,0.9,18.0,,11,0.0,0.9,0,1
2024-10-14T10:23:00.000000000Z,1.09295,london,monday,0.0,18.9,,8,0.0,0.0,0,1
2024-10-14T10:24:00.000000000Z,1.0929,london,monday,0.0,18.4,,8,0.0,0.0,0,1
2024-10-14T10:25:00.000000000Z,1.0928,london,monday,0.0,17.4,,19,0.0,0.0,0,1
2024-10-14T10:26:00.000000000Z,1.0928,london,monday,0.0,17.4,,18,0.0,0.0,0,1
2024-10-14T10:27:00.000000000Z,1.09274,london,monday,0.1,16.8,,19,0.0,0.1,0,1
2024-10-14T10:28:00.000000000Z,1.09274,london,monday,0.1,16.8,,18,0.0,0.1,0,1
2024-10-14T10:29:00.000000000Z,1.09275,london,monday,0.0,16.9,,17,0.0,0.0,0,1
2024-10-14T10:30:00.000000000Z,1.09272,london,monday,0.0,16.6,,16,0.0,0.0,0,1
2024-10-14T10:31:00.000000000Z,1.09266,london,monday,0.1,16.0,,19,0.0,0.1,0,1
2024-10-14T10:32:00.000000000Z,1.09262,london,monday,0.5,15.6,,18,0.0,0.5,0,1
2024-10-14T10:33:00.000000000Z,1.09258,london,monday,0.9,15.2,,17,0.0,0.9,0,1
2024-10-14T10:34:00.000000000Z,1.09262,london,monday,0.5,15.6,,16,0.0,0.5,0,1
2024-10-14T10:35:00.000000000Z,1.09262,london,monday,0.5,15.6,,15,0.0,0.5,0,1
2024-10-14T10:36:00.000000000Z,1.09263,london,monday,0.4,15.7,,14,0.0,0.4,0,1
2024-10-14T10:37:00.000000000Z,1.09264,london,monday,0.3,15.8,,13,0.0,0.3,0,1
2024-10-14T10:38:00.000000000Z,1.09262,london,monday,0.5,15.6,,12,0.0,0.5,0,1
2024-10-14T10:39:00.000000000Z,1.09267,london,monday,0.0,16.1,,7,0.0,0.0,0,1
2024-10-14T10:40:00.000000000Z,1.09267,london,monday,0.0,16.1,,6,0.0,0.0,0,1
2024-10-14T10:41:00.000000000Z,1.09262,london,monday,0.2,15.6,,9,0.0,0.2,0,1
2024-10-14T10:42:00.000000000Z,1.09262,london,monday,0.2,15.6,,8,0.0,0.2,0,1
2024-10-14T10:43:00.000000000Z,1.09264,london,monday,0.0,15.8,,7,0.0,0.0,0,1
2024-10-14T10:44:00.000000000Z,1.09253,london,monday,0.0,14.7,,6,0.0,0.0,0,1
2024-10-14T10:45:00.000000000Z,1.09252,london,monday,0.0,14.6,,12,0.0,0.0,0,1
2024-10-14T10:46:00.000000000Z,1.09242,london,monday,1.0,13.6,,16,0.0,1.0,0,1
2024-10-14T10:47:00.000000000Z,1.09242,london,monday,1.0,13.6,,15,0.0,1.0,0,1
2024-10-14T10:48:00.000000000Z,1.09252,london,monday,0.0,14.6,,9,0.0,0.0,0,1
2024-10-14T10:49:00.000000000Z,1.09244,london,monday,0.0,13.8,,13,0.0,0.0,0,1
2024-10-14T10:50:00.000000000Z,1.09228,london,monday,1.4,12.2,,13,0.0,1.4,0,1
2024-10-14T10:51:00.000000000Z,1.09242,london,monday,0.0,13.6,,11,0.0,0.0,0,1
2024-10-14T10:52:00.000000000Z,1.09237,london,monday,0.0,13.1,,10,0.0,0.0,0,1
2024-10-14T10:53:00.000000000Z,1.09232,london,monday,0.0,12.6,,10,0.0,0.0,0,1
2024-10-14T10:54:00.000000000Z,1.09231,london,monday,0.1,12.5,,9,0.0,0.1,0,1
2024-10-14T10:55:00.000000000Z,1.09228,london,monday,0.4,12.2,,8,0.0,0.4,0,1
2024-10-14T10:56:00.000000000Z,1.09228,london,monday,0.4,12.2,,7,0.0,0.4,0,1
2024-10-14T10:57:00.000000000Z,1.09226,london,monday,0.6,12.0,,11,0.0,0.6,0,1
2024-10-14T10:58:00.000000000Z,1.09228,london,monday,0.4,14.2,,5,0.0,0.4,0,1
2024-10-14T10:59:00.000000000Z,1.09228,london,monday,0.4,14.4,,4,0.0,0.4,0,1
2024-10-14T11:00:00.000000000Z,1.09232,london,monday,0.0,15.2,,3,0.0,0.0,0,1
2024-10-14T11:01:00.000000000Z,1.0922,london,monday,0.0,14.0,,7,0.0,0.0,0,1
2024-10-14T11:02:00.000000000Z,1.09211,london,monday,0.0,13.1,,24,0.0,0.0,0,1
2024-10-14T11:03:00.000000000Z,1.09202,london,monday,0.8,12.2,,23,0.0,0.8,0,1
2024-10-14T11:04:00.000000000Z,1.09205,london,monday,0.5,12.5,,22,0.0,0.5,0,1
2024-10-14T11:05:00.000000000Z,1.09206,london,monday,0.4,12.6,,21,0.0,0.4,0,1
2024-10-14T11:06:00.000000000Z,1.09205,london,monday,0.5,12.5,,20,0.0,0.5,0,1
2024-10-14T11:07:00.000000000Z,1.09205,london,monday,0.5,12.5,,19,0.0,0.5,0,1
2024-10-14T11:08:00.000000000Z,1.09194,london,monday,1.6,11.4,,19,0.0,1.6,0,1
2024-10-14T11:09:00.000000000Z,1.09192,london,monday,1.8,11.2,,18,0.0,1.8,0,1
2024-10-14T11:10:00.000000000Z,1.0919,london,monday,2.0,11.0,,17,0.0,2.0,0,1
2024-10-14T11:11:00.000000000Z,1.09201,london,monday,0.9,12.1,,15,0.0,0.9,0,1
2024-10-14T11:12:00.000000000Z,1.09198,london,monday,1.2,11.8,,14,0.0,1.2,0,1
2024-10-14T11:13:00.000000000Z,1.0919,london,monday,2.0,11.0,,14,0.0,2.0,0,1
2024-10-14T11:14:00.000000000Z,1.0919,london,monday,2.0,11.0,,13,0.0,2.0,0,1
2024-10-14T11:15:00.000000000Z,1.09194,london,monday,1.6,11.4,,12,0.0,1.6,0,1
2024-10-14T11:16:00.000000000Z,1.09201,london,monday,0.9,12.1,,10,0.0,0.9,0,1
2024-10-14T11:17:00.000000000Z,1.09203,london,monday,0.7,12.3,,9,0.0,0.7,0,1
2024-10-14T11:18:00.000000000Z,1.09201,london,monday,0.9,12.1,,8,0.0,0.9,0,1
2024-10-14T11:19:00.000000000Z,1.09196,london,monday,1.4,11.6,,8,0.0,1.4,0,1
2024-10-14T11:20:00.000000000Z,1.09194,london,monday,1.6,11.4,,7,0.0,1.6,0,1
2024-10-14T11:21:00.000000000Z,1.09206,london,monday,0.4,12.6,,5,0.0,0.4,0,1
2024-10-14T11:22:00.000000000Z,1.0921,london,monday,0.0,13.0,,4,0.0,0.0,0,1
2024-10-14T11:23:00.000000000Z,1.092,london,monday,0.0,12.0,,3,0.0,0.0,0,1
2024-10-14T11:24:00.000000000Z,1.0919,london,monday,0.0,11.0,,3,0.0,0.0,0,1
2024-10-14T11:25:00.000000000Z,1.09186,london,monday,0.0,10.6,,2,0.0,0.0,0,1
2024-10-14T11:26:00.000000000Z,1.09172,london,monday,0.0,9.2,,5,0.0,0.0,0,1
2024-10-14T11:27:00.000000000Z,1.09161,london,monday,0.7,11.3,,19,0.0,0.3,0,1
2024-10-14T11:28:00.000000000Z,1.09158,london,monday,1.0,11.0,,18,0.0,0.6,0,1
2024-10-14T11:29:00.000000000Z,1.09154,london,monday,1.4,10.6,,17,0.0,1.0,0,1
2024-10-14T11:30:00.000000000Z,1.09159,london,monday,0.9,11.1,,16,0.0,0.5,0,1
2024-10-14T11:31:00.000000000Z,1.09145,london,monday,2.3,9.7,,16,0.0,1.9,0,1
2024-10-14T11:32:00.000000000Z,1.09152,london,monday,1.6,10.4,,15,0.0,1.2,0,1
2024-10-14T11:33:00.000000000Z,1.09164,london,monday,0.4,11.6,,13,0.0,0.0,0,1
2024-10-14T11:34:00.000000000Z,1.0916,london,monday,0.8,11.2,,12,0.0,0.4,0,1
2024-10-14T11:35:00.000000000Z,1.09164,london,monday,0.4,11.6,,11,0.0,0.0,0,1
2024-10-14T11:36:00.000000000Z,1.09164,london,monday,0.4,11.6,,10,0.0,0.0,0,1
2024-10-14T11:37:00.000000000Z,1.09159,london,monday,0.9,11.1,,9,0.0,0.0,0,1
2024-10-14T11:38:00.000000000Z,1.09149,london,monday,1.9,10.1,,9,0.0,0.0,0,1
2024-10-14T11:39:00.000000000Z,1.09144,london,monday,2.4,9.6,,8,0.0,0.5,0,1
2024-10-14T11:40:00.000000000Z,1.09149,london,monday,1.9,10.1,,7,0.0,0.0,0,1
2024-10-14T11:41:00.000000000Z,1.09139,london,monday,2.9,9.1,42,6,3.3,0.9,1,1
2024-10-14T11:42:00.000000000Z,1.09143,london,monday,2.5,9.5,41,5,3.7,0.5,1,1
2024-10-14T11:43:00.000000000Z,1.09141,london,monday,2.7,9.3,40,4,3.5,0.7,1,1
2024-10-14T11:44:00.000000000Z,1.09148,london,monday,2.0,10.0,,3,0.0,0.0,0,1
2024-10-14T11:45:00.000000000Z,1.0914,london,monday,2.8,9.2,38,2,3.4,0.0,1,1
2024-10-14T11:46:00.000000000Z,1.09128,london,monday,4.0,8.0,37,52,2.2,4.0,1,1
2024-10-14T11:47:00.000000000Z,1.09114,london,monday,5.4,6.6,4,51,0.8,5.4,1,1
2024-10-14T11:48:00.000000000Z,1.09106,london,monday,6.2,5.8,2,52,0.0,6.2,1,1
2024-10-14T11:49:00.000000000Z,1.09111,london,monday,5.7,6.3,2,49,0.0,5.7,1,1
2024-10-14T11:50:00.000000000Z,1.09134,london,monday,3.4,8.6,33,48,2.4,3.4,1,1
2024-10-14T11:51:00.000000000Z,1.0914,london,monday,2.8,9.2,32,5,3.0,0.0,1,1
2024-10-14T11:52:00.000000000Z,1.0914,london,monday,2.8,9.2,31,4,3.0,0.0,1,1
2024-10-14T11:53:00.000000000Z,1.09139,london,monday,2.9,9.1,30,3,2.9,0.0,1,1
2024-10-14T11:54:00.000000000Z,1.09138,london,monday,3.0,9.0,29,2,2.8,0.0,1,1
2024-10-14T11:55:00.000000000Z,1.09135,london,monday,3.3,8.7,28,1,2.5,0.0,1,1
2024-10-14T11:56:00.000000000Z,1.0911,london,monday,5.8,6.2,7,43,0.0,5.8,1,1
2024-10-14T11:57:00.000000000Z,1.09114,london,monday,5.4,6.6,8,41,0.0,5.4,1,1
2024-10-14T11:58:00.000000000Z,1.09134,london,monday,3.4,8.6,25,40,1.8,3.4,1,1
2024-10-14T11:59:00.000000000Z,1.09128,london,monday,4.0,8.0,24,39,1.2,4.0,1,1
2024-10-14T12:00:00.000000000Z,1.09116,london,monday,5.2,6.8,5,38,0.0,5.2,1,1
2024-10-14T12:01:00.000000000Z,1.09122,london,monday,4.6,7.4,7,37,0.0,4.6,1,1
2024-10-14T12:02:00.000000000Z,1.09122,london,monday,4.6,7.4,6,36,0.0,4.6,1,1
2024-10-14T12:03:00.000000000Z,1.09137,london,monday,3.1,8.9,20,34,1.3,3.1,1,1
2024-10-14T12:04:00.000000000Z,1.0913,london,monday,5.6,8.2,19,34,0.6,3.8,1,1
2024-10-14T12:05:00.000000000Z,1.09144,london,monday,6.0,9.6,99,32,9.6,2.4,1,1
2024-10-14T12:06:00.000000000Z,1.09144,london,monday,7.0,9.6,98,31,9.6,2.4,1,1
2024-10-14T12:07:00.000000000Z,1.09142,london,monday,7.2,9.4,16,30,1.8,2.6,1,1
2024-10-14T12:08:00.000000000Z,1.0915,london,monday,10.0,10.2,96,12,10.2,0.0,1,1
2024-10-14T12:09:00.000000000Z,1.09145,london,monday,11.1,9.7,95,28,9.7,2.3,1,1
2024-10-14T12:10:00.000000000Z,1.0913,london,monday,12.6,8.2,13,28,0.6,3.8,1,1
2024-10-14T12:11:00.000000000Z,1.09134,london,monday,12.2,8.6,12,27,1.0,3.4,1,1
2024-10-14T12:12:00.000000000Z,1.09132,london,monday,12.4,8.4,11,26,0.8,3.6,1,1
2024-10-14T12:13:00.000000000Z,1.09142,london,monday,11.4,9.4,10,24,1.8,2.6,1,1
2024-10-14T12:14:00.000000000Z,1.09126,london,monday,13.0,7.8,9,24,0.2,4.2,1,1
2024-10-14T12:15:00.000000000Z,1.09136,london,monday,12.0,8.8,8,22,1.2,3.2,1,1
2024-10-14T12:16:00.000000000Z,1.0913,london,monday,12.6,8.2,7,22,0.6,3.8,1,1
2024-10-14T12:17:00.000000000Z,1.09138,london,monday,11.8,9.0,6,20,1.4,3.0,1,1
2024-10-14T12:18:00.000000000Z,1.09148,london,monday,10.8,10.0,86,19,10.0,2.0,1,1
2024-10-14T12:19:00.000000000Z,1.09134,london,monday,12.2,8.6,4,19,1.0,3.4,1,1
2024-10-14T12:20:00.000000000Z,1.09124,london,monday,13.2,7.6,3,18,0.0,4.4,1,1
2024-10-14T12:21:00.000000000Z,1.09136,london,monday,12.0,8.8,2,16,0.0,3.2,1,1
2024-10-14T12:22:00.000000000Z,1.09147,london,monday,10.9,9.9,82,15,9.9,2.1,1,1
2024-10-14T12:23:00.000000000Z,1.09168,london,monday,8.8,12.0,82,7,12.0,0.0,1,1
2024-10-14T12:24:00.000000000Z,1.09145,london,monday,11.1,9.7,80,13,9.7,1.9,1,1
2024-10-14T12:25:00.000000000Z,1.09158,london,monday,9.8,11.0,79,12,11.0,0.6,1,1
2024-10-14T12:26:00.000000000Z,1.09164,london,monday,9.2,11.6,79,6,11.6,0.0,1,1
2024-10-14T12:27:00.000000000Z,1.09151,london,monday,10.5,10.3,77,10,10.3,0.7,1,1
2024-10-14T12:28:00.000000000Z,1.09158,london,monday,9.8,11.0,76,9,11.0,0.0,1,1
2024-10-14T12:29:00.000000000Z,1.09151,london,monday,10.5,10.3,75,8,10.3,0.5,1,1
2024-10-14T12:30:00.000000000Z,1.0914,london,monday,11.6,9.2,74,7,9.2,1.6,1,1
2024-10-14T12:31:00.000000000Z,1.09144,london,monday,11.2,9.6,73,6,9.6,1.2,1,1
2024-10-14T12:32:00.000000000Z,1.09137,london,monday,11.9,8.9,72,5,8.9,1.9,1,1
2024-10-14T12:33:00.000000000Z,1.09141,london,monday,11.5,9.3,71,4,9.3,1.5,1,1
2024-10-14T12:34:00.000000000Z,1.09145,london,monday,11.1,9.7,70,3,9.7,1.1,1,1
2024-10-14T12:35:00.000000000Z,1.09156,london,monday,10.0,10.8,69,2,10.8,0.0,1,1
2024-10-14T12:36:00.000000000Z,1.09146,london,monday,11.0,9.8,68,1,9.8,0.0,1,1
2024-10-14T12:37:00.000000000Z,1.0911,london,monday,14.6,6.2,66,2,6.2,0.0,1,1
2024-10-14T12:38:00.000000000Z,1.09086,london,monday,17.0,3.8,9,29,0.6,3.0,1,1
2024-10-14T12:39:00.000000000Z,1.09084,london,monday,17.2,3.6,8,28,0.4,3.2,1,1
2024-10-14T12:40:00.000000000Z,1.0908,london,monday,17.6,3.2,6,27,0.0,3.6,1,1
2024-10-14T12:41:00.000000000Z,1.09099,london,monday,15.7,5.1,42,26,5.1,1.7,1,1
2024-10-14T12:42:00.000000000Z,1.09098,london,monday,15.8,5.0,41,25,5.0,1.8,1,1
2024-10-14T12:43:00.000000000Z,1.091,london,monday,15.6,5.2,40,24,5.2,1.6,1,1
2024-10-14T12:44:00.000000000Z,1.09092,london,monday,16.4,4.4,37,23,4.4,2.4,1,1
2024-10-14T12:45:00.000000000Z,1.09084,london,monday,17.2,3.6,2,22,0.0,3.2,1,1
2024-10-14T12:46:00.000000000Z,1.09108,london,monday,14.8,6.0,57,19,6.0,0.8,1,1
2024-10-14T12:47:00.000000000Z,1.09116,london,monday,14.0,6.8,56,4,6.8,0.0,1,1
2024-10-14T12:48:00.000000000Z,1.09114,london,monday,14.2,6.6,55,3,6.6,0.0,1,1
2024-10-14T12:49:00.000000000Z,1.091,london,monday,15.6,5.2,34,18,5.2,0.6,1,1
2024-10-14T12:50:00.000000000Z,1.09098,london,monday,15.8,5.0,33,17,5.0,0.8,1,1
2024-10-14T12:51:00.000000000Z,1.09088,london,monday,16.8,4.0,29,16,4.0,1.8,1,1
2024-10-14T12:52:00.000000000Z,1.09101,london,monday,15.5,5.3,31,15,5.3,0.5,1,1
2024-10-14T12:53:00.000000000Z,1.09106,london,monday,15.0,5.8,30,12,5.8,0.0,1,1
2024-10-14T12:54:00.000000000Z,1.09098,london,monday,15.8,5.0,29,13,5.0,0.7,1,1
2024-10-14T12:55:00.000000000Z,1.091,london,monday,15.6,5.2,28,12,5.2,0.5,1,1
2024-10-14T12:56:00.000000000Z,1.09105,london,monday,15.1,5.7,27,9,5.7,0.0,1,1
2024-10-14T12:57:00.000000000Z,1.09102,london,monday,15.4,5.4,26,10,5.4,0.0,1,1
2024-10-14T12:58:00.000000000Z,1.09101,london,monday,15.5,5.3,25,9,5.3,0.0,1,1
2024-10-14T12:59:00.000000000Z,1.09094,london,monday,16.2,4.6,22,8,4.6,0.5,1,1
2024-10-14T13:00:00.000000000Z,1.09092,london,monday,16.4,4.4,21,7,4.4,0.7,1,1
2024-10-14T13:01:00.000000000Z,1.09099,london,monday,15.7,5.1,22,6,5.1,0.0,1,1
2024-10-14T13:02:00.000000000Z,1.09098,london,monday,15.8,5.0,21,5,5.0,0.0,1,1
2024-10-14T13:03:00.000000000Z,1.09089,london,monday,16.7,4.1,17,4,4.1,0.1,1,1
2024-10-14T13:04:00.000000000Z,1.0909,london,monday,16.6,4.2,16,3,4.2,0.0,1,1
2024-10-14T13:05:00.000000000Z,1.0908,london,monday,17.6,3.2,9,2,3.2,0.0,1,1
2024-10-14T13:06:00.000000000Z,1.0908,london,monday,17.6,3.2,8,1,3.2,0.0,1,1
2024-10-14T13:07:00.000000000Z,1.09048,london,monday,20.8,0.0,6,,0.0,0.0,1,0
2024-10-14T13:08:00.000000000Z,1.09065,london,monday,19.1,0.8,6,,0.8,0.0,1,0
2024-10-14T13:09:00.000000000Z,1.09057,london,monday,19.9,0.0,4,,0.0,0.0,1,0
2024-10-14T13:10:00.000000000Z,1.09057,london,monday,19.9,0.0,3,,0.0,0.0,1,0
2024-10-14T13:11:00.000000000Z,1.0906,london,monday,19.6,0.2,2,,0.0,0.0,1,0
2024-10-14T13:12:00.000000000Z,1.09066,london,monday,19.0,0.8,2,,0.0,0.0,1,0
2024-10-14T13:13:00.000000000Z,1.09086,london,monday,17.0,2.8,7,84,1.7,17.0,1,1
2024-10-14T13:14:00.000000000Z,1.09105,london,monday,15.1,4.7,9,1,3.6,0.0,1,1
2024-10-14T13:15:00.000000000Z,1.0908,london,monday,17.6,2.2,5,,1.1,0.0,1,0
2024-10-14T13:16:00.000000000Z,1.09069,london,monday,18.7,1.1,3,,0.0,0.0,1,0
2024-10-14T13:17:00.000000000Z,1.09072,london,monday,18.4,1.4,2,,0.0,0.0,1,0
2024-10-14T13:18:00.000000000Z,1.09083,london,monday,17.3,2.5,2,,0.0,0.0,1,0
2024-10-14T13:19:00.000000000Z,1.09103,london,monday,15.3,4.5,4,78,0.0,15.3,1,1
2024-10-14T13:20:00.000000000Z,1.09116,london,monday,14.0,5.8,23,15,2.8,1.5,1,1
2024-10-14T13:21:00.000000000Z,1.0912,london,monday,13.6,6.2,22,14,3.2,1.1,1,1
2024-10-14T13:22:00.000000000Z,1.09116,london,monday,14.0,5.8,21,13,2.8,1.5,1,1
2024-10-14T13:23:00.000000000Z,1.09131,london,monday,12.5,7.3,20,4,4.3,0.0,1,1
2024-10-14T13:24:00.000000000Z,1.09124,london,monday,13.2,6.6,19,11,3.6,0.1,1,1
2024-10-14T13:25:00.000000000Z,1.09125,london,monday,13.1,6.7,18,7,3.7,0.0,1,1
2024-10-14T13:26:00.000000000Z,1.09124,london,monday,13.2,6.6,17,9,3.6,0.0,1,1
2024-10-14T13:27:00.000000000Z,1.09103,london,monday,15.3,4.5,16,70,1.5,15.3,1,1
2024-10-14T13:28:00.000000000Z,1.09102,london,monday,15.4,4.4,15,69,1.4,15.4,1,1
2024-10-14T13:29:00.000000000Z,1.09106,london,monday,15.0,4.8,14,68,1.8,15.0,1,1
2024-10-14T13:30:00.000000000Z,1.09104,london,monday,15.2,4.6,13,67,1.6,15.2,1,1
2024-10-14T13:31:00.000000000Z,1.09114,london,monday,14.2,5.6,12,4,2.6,0.0,1,1
2024-10-14T13:32:00.000000000Z,1.091,london,monday,15.6,4.2,11,65,1.2,15.6,1,1
2024-10-14T13:33:00.000000000Z,1.09102,london,monday,15.4,4.4,10,64,1.4,15.4,1,1
2024-10-14T13:34:00.000000000Z,1.09106,london,monday,15.0,4.8,9,63,1.8,15.0,1,1
2024-10-14T13:35:00.000000000Z,1.09088,london,monday,16.8,3.0,8,62,0.0,16.8,1,1
2024-10-14T13:36:00.000000000Z,1.09104,london,monday,15.2,4.6,7,61,1.5,15.2,1,1
2024-10-14T13:37:00.000000000Z,1.09095,london,monday,16.1,3.7,6,60,0.6,16.1,1,1
2024-10-14T13:38:00.000000000Z,1.091,london,monday,15.6,4.2,5,59,1.1,15.6,1,1
2024-10-14T13:39:00.000000000Z,1.09101,london,monday,15.5,4.3,4,58,1.2,15.5,1,1
2024-10-14T13:40:00.000000000Z,1.09098,london,monday,15.8,4.0,3,57,0.9,15.8,1,1
2024-10-14T13:41:00.000000000Z,1.09089,london,monday,16.7,3.1,2,56,0.0,16.7,1,1
2024-10-14T13:42:00.000000000Z,1.09093,london,monday,16.3,3.5,1,55,0.0,16.3,1,1
2024-10-14T13:43:00.000000000Z,1.09161,london,monday,9.5,10.3,1,22,0.0,9.5,1,1
2024-10-14T13:44:00.000000000Z,1.09186,london,monday,7.0,12.8,2,20,0.0,7.0,1,1
2024-10-14T13:45:00.000000000Z,1.09204,london,monday,5.2,14.6,3,15,1.2,5.2,1,1
2024-10-14T13:46:00.000000000Z,1.09214,london,monday,4.2,15.6,2,14,2.2,4.2,1,1
2024-10-14T13:47:00.000000000Z,1.09192,london,monday,6.4,13.4,1,13,0.0,6.4,1,1
2024-10-14T13:48:00.000000000Z,1.0925,london,monday,0.6,19.2,,10,0.0,0.6,0,1
2024-10-14T13:49:00.000000000Z,1.09256,london,monday,0.0,19.8,,9,0.0,0.0,0,1
2024-10-14T13:50:00.000000000Z,1.0924,london,monday,1.4,18.2,,9,0.0,1.4,0,1
2024-10-14T13:51:00.000000000Z,1.09248,london,monday,0.6,19.0,,7,0.0,0.6,0,1
2024-10-14T13:52:00.000000000Z,1.09238,london,monday,1.6,18.0,,7,0.0,1.6,0,1
2024-10-14T13:53:00.000000000Z,1.09242,london,monday,1.2,18.4,,6,0.0,1.2,0,1
2024-10-14T13:54:00.000000000Z,1.09248,london,monday,0.6,19.0,,4,0.0,0.6,0,1
2024-10-14T13:55:00.000000000Z,1.09254,london,monday,0.0,19.6,,3,0.0,0.0,0,1
2024-10-14T13:56:00.000000000Z,1.09251,london,monday,0.0,19.3,,2,0.0,0.0,0,1
2024-10-14T13:57:00.000000000Z,1.09249,london,monday,0.0,19.1,,1,0.0,0.0,0,1
2024-10-14T13:58:00.000000000Z,1.09222,london,monday,0.0,16.4,,1,0.0,0.0,0,1
2024-10-14T13:59:00.000000000Z,1.09192,london,monday,0.0,13.4,,1,0.0,0.0,0,1
2024-10-14T14:00:00.000000000Z,1.09166,london,monday,1.2,10.8,,5,0.0,1.2,0,1
2024-10-14T14:01:00.000000000Z,1.09178,london,monday,0.0,12.0,,4,0.0,0.0,0,1
2024-10-14T14:02:00.000000000Z,1.09178,london,monday,0.0,12.0,,3,0.0,0.0,0,1
2024-10-14T14:03:00.000000000Z,1.09167,london,monday,0.0,10.9,,2,0.0,0.0,0,1
2024-10-14T14:04:00.000000000Z,1.09159,london,monday,0.3,10.1,,1,0.0,0.0,0,1
2024-10-14T14:05:00.000000000Z,1.09132,london,monday,3.0,7.4,65,6,7.4,0.0,1,1
2024-10-14T14:06:00.000000000Z,1.09128,london,monday,3.4,7.0,19,6,4.6,0.0,1,1
2024-10-14T14:07:00.000000000Z,1.09122,london,monday,4.0,6.4,18,5,4.0,0.0,1,1
2024-10-14T14:08:00.000000000Z,1.09114,london,monday,4.8,5.6,17,5,3.2,0.0,1,1
2024-10-14T14:09:00.000000000Z,1.09108,london,monday,5.4,5.0,15,8,2.6,0.4,1,1
2024-10-14T14:10:00.000000000Z,1.09112,london,monday,5.0,5.4,15,7,3.0,0.0,1,1
2024-10-14T14:11:00.000000000Z,1.09105,london,monday,5.7,4.7,13,26,2.3,5.1,1,1
2024-10-14T14:12:00.000000000Z,1.09093,london,monday,6.9,3.5,10,25,1.1,6.3,1,1
2024-10-14T14:13:00.000000000Z,1.09088,london,monday,7.4,3.0,9,24,0.6,6.8,1,1
2024-10-14T14:14:00.000000000Z,1.09094,london,monday,6.8,3.6,8,23,1.2,6.2,1,1
2024-10-14T14:15:00.000000000Z,1.09096,london,monday,6.6,3.8,8,22,1.4,6.0,1,1
2024-10-14T14:16:00.000000000Z,1.09088,london,monday,7.4,3.0,6,21,0.6,6.8,1,1
2024-10-14T14:17:00.000000000Z,1.09082,london,monday,8.0,2.4,4,,0.0,0.0,1,0
2024-10-14T14:18:00.000000000Z,1.091,london,monday,6.2,4.2,5,19,0.0,5.6,1,1
2024-10-14T14:19:00.000000000Z,1.091,london,monday,6.2,4.2,4,18,0.0,5.6,1,1
2024-10-14T14:20:00.000000000Z,1.091,london,monday,6.2,4.2,3,17,0.0,5.6,1,1
2024-10-14T14:21:00.000000000Z,1.0911,london,monday,5.2,5.2,4,15,0.0,4.6,1,1
2024-10-14T14:22:00.000000000Z,1.0912,london,monday,4.2,6.2,3,10,0.0,3.6,1,1
2024-10-14T14:23:00.000000000Z,1.09128,london,monday,3.4,7.0,2,8,0.0,2.8,1,1
2024-10-14T14:24:00.000000000Z,1.09134,london,monday,2.8,7.6,46,5,7.6,2.2,1,1
2024-10-14T14:25:00.000000000Z,1.09156,london,monday,0.6,9.8,,2,0.0,0.0,0,1
2024-10-14T14:26:00.000000000Z,1.0915,london,monday,1.2,9.2,,1,0.0,0.0,0,1
2024-10-14T14:27:00.000000000Z,1.09123,london,monday,3.9,6.5,30,5,6.5,0.0,1,1
2024-10-14T14:28:00.000000000Z,1.0911,london,monday,5.2,5.2,27,8,5.2,0.0,1,1
2024-10-14T14:29:00.000000000Z,1.09108,london,monday,5.4,5.0,26,8,5.0,0.0,1,1
2024-10-14T14:30:00.000000000Z,1.09105,london,monday,5.7,4.7,25,7,4.7,0.0,1,1
2024-10-14T14:31:00.000000000Z,1.09098,london,monday,6.4,4.0,23,6,4.0,0.2,1,1
2024-10-14T14:32:00.000000000Z,1.09093,london,monday,6.9,3.5,15,5,3.5,0.7,1,1
2024-10-14T14:33:00.000000000Z,1.09098,london,monday,6.4,4.0,21,4,4.0,0.2,1,1
2024-10-14T14:34:00.000000000Z,1.091,london,monday,6.2,4.2,21,3,4.2,0.0,1,1
2024-10-14T14:35:00.000000000Z,1.0909,london,monday,7.2,3.2,11,2,3.2,0.0,1,1
2024-10-14T14:36:00.000000000Z,1.09084,london,monday,7.8,2.6,10,1,2.6,0.0,1,1
2024-10-14T14:37:00.000000000Z,1.09059,london,monday,10.3,0.1,7,,0.1,0.0,1,0
2024-10-14T14:38:00.000000000Z,1.09058,london,monday,10.4,0.0,6,,0.0,0.0,1,0
2024-10-14T14:39:00.000000000Z,1.09062,london,monday,10.0,0.4,5,,0.4,0.0,1,0
2024-10-14T14:40:00.000000000Z,1.09067,london,monday,9.5,0.9,4,,0.9,0.0,1,0
2024-10-14T14:41:00.000000000Z,1.09058,london,monday,10.4,0.0,3,,0.0,0.0,1,0
2024-10-14T14:42:00.000000000Z,1.0907,london,monday,9.2,1.2,2,,0.0,0.0,1,0
2024-10-14T14:43:00.000000000Z,1.09078,london,monday,8.4,2.0,2,,0.0,0.0,1,0
2024-10-14T14:44:00.000000000Z,1.09096,london,monday,6.6,3.8,3,65,0.0,6.6,1,1
2024-10-14T14:45:00.000000000Z,1.09106,london,monday,5.6,4.8,10,61,0.0,5.6,1,1
2024-10-14T14:46:00.000000000Z,1.09116,london,monday,4.6,5.8,10,59,0.6,4.6,1,1
2024-10-14T14:47:00.000000000Z,1.09122,london,monday,4.0,6.4,10,55,1.2,4.0,1,1
2024-10-14T14:48:00.000000000Z,1.09114,london,monday,4.8,5.6,7,57,0.4,4.8,1,1
2024-10-14T14:49:00.000000000Z,1.09114,london,monday,4.8,5.6,6,56,0.4,4.8,1,1
2024-10-14T14:50:00.000000000Z,1.09114,london,monday,4.8,5.6,5,55,0.4,4.8,1,1
2024-10-14T14:51:00.000000000Z,1.09114,london,monday,4.8,5.6,4,54,0.4,4.8,1,1
2024-10-14T14:52:00.000000000Z,1.0911,london,monday,5.2,5.2,3,54,0.0,5.2,1,1
2024-10-14T14:53:00.000000000Z,1.09113,london,monday,4.9,5.5,2,53,0.0,4.9,1,1
2024-10-14T14:54:00.000000000Z,1.09124,london,monday,3.8,6.6,3,48,0.0,3.8,1,1
2024-10-14T14:55:00.000000000Z,1.0914,london,monday,2.2,8.2,,26,0.0,2.0,0,1
2024-10-14T14:56:00.000000000Z,1.09146,london,monday,1.6,8.8,,24,0.0,1.4,0,1
2024-10-14T14:57:00.000000000Z,1.09149,london,monday,1.3,9.1,,23,0.0,1.1,0,1
2024-10-14T14:58:00.000000000Z,1.09146,london,monday,1.6,8.8,,22,0.0,1.4,0,1
2024-10-14T14:59:00.000000000Z,1.09149,london,monday,1.3,9.1,,21,0.0,1.1,0,1
2024-10-14T15:00:00.000000000Z,1.09153,london,monday,0.9,9.5,,20,0.0,0.7,0,1
2024-10-14T15:01:00.000000000Z,1.0915,london,monday,1.2,9.2,,19,0.0,1.0,0,1
2024-10-14T15:02:00.000000000Z,1.09151,london,monday,1.1,9.3,,18,0.0,0.9,0,1
2024-10-14T15:03:00.000000000Z,1.09142,london,monday,2.0,8.4,,18,0.0,1.8,0,1
2024-10-14T15:04:00.000000000Z,1.0913,london,monday,3.2,7.2,6,38,0.0,3.2,1,1
2024-10-14T15:05:00.000000000Z,1.09136,london,monday,2.6,7.8,28,16,2.8,2.4,1,1
2024-10-14T15:06:00.000000000Z,1.09145,london,monday,1.7,8.7,,14,0.0,1.5,0,1
2024-10-14T15:07:00.000000000Z,1.0915,london,monday,1.2,9.2,,13,0.0,1.0,0,1
2024-10-14T15:08:00.000000000Z,1.0914,london,monday,2.2,8.2,,13,0.0,2.0,0,1
2024-10-14T15:09:00.000000000Z,1.09142,london,monday,2.0,8.4,,12,0.0,1.8,0,1
2024-10-14T15:10:00.000000000Z,1.0916,london,monday,0.2,10.2,,2,0.0,0.0,0,1
2024-10-14T15:11:00.000000000Z,1.0915,london,monday,1.2,9.2,,9,0.0,0.0,0,1
2024-10-14T15:12:00.000000000Z,1.09134,london,monday,2.8,7.6,21,10,2.6,1.1,1,1
2024-10-14T15:13:00.000000000Z,1.09142,london,monday,2.0,8.4,,8,0.0,0.3,0,1
2024-10-14T15:14:00.000000000Z,1.09145,london,monday,1.7,8.7,,6,0.0,0.0,0,1
2024-10-14T15:15:00.000000000Z,1.0913,london,monday,3.2,7.2,18,27,2.2,3.2,1,1
2024-10-14T15:16:00.000000000Z,1.09136,london,monday,2.6,7.8,17,5,2.8,0.4,1,1
2024-10-14T15:17:00.000000000Z,1.0914,london,monday,2.2,8.2,,4,0.0,0.0,0,1
2024-10-14T15:18:00.000000000Z,1.09134,london,monday,2.8,7.6,15,4,2.6,0.2,1,1
2024-10-14T15:19:00.000000000Z,1.09136,london,monday,2.6,7.8,14,2,2.8,0.0,1,1
2024-10-14T15:20:00.000000000Z,1.0912,london,monday,4.2,6.2,11,22,1.2,4.2,1,1
2024-10-14T15:21:00.000000000Z,1.0911,london,monday,5.2,5.2,10,25,0.2,5.2,1,1
2024-10-14T15:22:00.000000000Z,1.09108,london,monday,5.4,5.0,9,24,0.0,5.4,1,1
2024-10-14T15:23:00.000000000Z,1.0911,london,monday,5.2,5.2,8,23,0.0,5.2,1,1
2024-10-14T15:24:00.000000000Z,1.09111,london,monday,5.1,5.3,7,22,0.0,5.1,1,1
2024-10-14T15:25:00.000000000Z,1.09112,london,monday,5.0,5.4,6,21,0.0,5.0,1,1
2024-10-14T15:26:00.000000000Z,1.09117,london,monday,4.5,5.9,5,16,0.0,4.5,1,1
2024-10-14T15:27:00.000000000Z,1.09122,london,monday,4.0,6.4,6,15,0.0,4.0,1,1
2024-10-14T15:28:00.000000000Z,1.09126,london,monday,3.6,6.8,5,14,0.2,3.6,1,1
2024-10-14T15:29:00.000000000Z,1.09124,london,monday,3.8,6.6,4,13,0.0,3.8,1,1
2024-10-14T15:30:00.000000000Z,1.09126,london,monday,3.6,6.8,3,12,0.0,3.6,1,1
2024-10-14T15:31:00.000000000Z,1.09146,london,monday,1.6,8.8,,9,0.0,1.6,0,1
2024-10-14T15:32:00.000000000Z,1.0914,london,monday,2.2,8.2,,8,0.0,2.2,0,1
2024-10-14T15:33:00.000000000Z,1.09162,london,monday,0.0,10.4,,3,0.0,0.0,0,1
2024-10-14T15:34:00.000000000Z,1.09154,london,monday,0.0,9.6,,6,0.0,0.0,0,1
2024-10-14T15:35:00.000000000Z,1.09152,london,monday,0.0,9.4,,5,0.0,0.0,0,1
2024-10-14T15:36:00.000000000Z,1.09136,london,monday,0.4,7.8,,5,0.0,0.4,0,1
2024-10-14T15:37:00.000000000Z,1.0914,london,monday,0.0,8.2,,3,0.0,0.0,0,1
2024-10-14T15:38:00.000000000Z,1.09134,london,monday,0.0,7.6,,3,0.0,0.0,0,1
2024-10-14T15:39:00.000000000Z,1.0913,london,monday,0.0,7.2,,3,0.0,0.0,0,1
2024-10-14T15:40:00.000000000Z,1.09112,london,monday,0.0,5.4,,6,0.0,0.0,0,1
2024-10-14T15:41:00.000000000Z,1.09108,london,monday,0.2,5.0,,5,0.0,0.2,0,1
2024-10-14T15:42:00.000000000Z,1.09091,london,monday,1.9,3.3,,9,0.0,1.9,0,1
2024-10-14T15:43:00.000000000Z,1.0911,london,monday,0.0,5.2,,3,0.0,0.0,0,1
2024-10-14T15:44:00.000000000Z,1.09098,london,monday,0.0,4.0,,5,0.0,0.0,0,1
2024-10-14T15:45:00.000000000Z,1.09088,london,monday,0.1,3.0,,6,0.0,0.1,0,1
2024-10-14T15:46:00.000000000Z,1.09079,london,monday,1.0,2.1,,,0.0,0.0,0,0
2024-10-14T15:47:00.000000000Z,1.09089,london,monday,0.0,3.1,,4,0.0,0.0,0,1
2024-10-14T15:48:00.000000000Z,1.09082,london,monday,0.0,2.4,,,0.0,0.0,0,0
2024-10-14T15:49:00.000000000Z,1.09068,london,monday,0.6,1.0,,,0.0,0.0,0,0
2024-10-14T15:50:00.000000000Z,1.09074,london,monday,0.0,1.6,,,0.0,0.0,0,0
2024-10-14T15:51:00.000000000Z,1.09062,london,monday,1.2,0.4,,,0.0,0.0,0,0
2024-10-14T15:52:00.000000000Z,1.09066,london,monday,0.8,0.8,,,0.0,0.0,0,0
2024-10-14T15:53:00.000000000Z,1.09066,london,monday,0.8,0.8,,,0.0,0.0,0,0
2024-10-14T15:54:00.000000000Z,1.09064,london,monday,1.0,0.6,,,0.0,0.0,0,0
2024-10-14T15:55:00.000000000Z,1.09058,london,monday,1.6,0.0,,,0.0,0.0,0,0
2024-10-14T15:56:00.000000000Z,1.0906,london,monday,1.4,0.0,,,0.0,0.0,0,0
2024-10-14T15:57:00.000000000Z,1.09074,london,monday,0.0,0.4,,,0.0,0.0,0,0
2024-10-14T15:58:00.000000000Z,1.0907,london,monday,0.0,0.0,,,0.0,0.0,0,0
2024-10-14T15:59:00.000000000Z,1.0907,london,monday,0.0,0.0,,,0.0,0.0,0,0
2024-10-21T08:00:00.000000000Z,1.08492,london,monday,8.8,0.4,13,,0.4,0.0,1,0
2024-10-21T08:01:00.000000000Z,1.08494,london,monday,8.6,0.6,12,,0.6,0.0,1,0
2024-10-21T08:02:00.000000000Z,1.08494,london,monday,8.6,0.6,11,,0.6,0.0,1,0
2024-10-21T08:03:00.000000000Z,1.08494,london,monday,8.6,0.6,10,,0.6,0.0,1,0
2024-10-21T08:04:00.000000000Z,1.08494,london,monday,8.6,0.6,9,,0.6,0.0,1,0
2024-10-21T08:05:00.000000000Z,1.08498,london,monday,8.2,1.0,16,,1.0,0.0,1,0
2024-10-21T08:06:00.000000000Z,1.08492,london,monday,8.8,0.4,7,,0.4,0.0,1,0
2024-10-21T08:07:00.000000000Z,1.08488,london,monday,9.2,0.0,6,,0.0,0.0,1,0
2024-10-21T08:08:00.000000000Z,1.08494,london,monday,8.6,0.6,5,,0.6,0.0,1,0
2024-10-21T08:09:00.000000000Z,1.08488,london,monday,9.2,0.0,4,,0.0,0.0,1,0
2024-10-21T08:10:00.000000000Z,1.08488,london,monday,9.2,0.0,3,,0.0,0.0,1,0
2024-10-21T08:11:00.000000000Z,1.08497,london,monday,8.3,0.0,10,,0.0,0.0,1,0
2024-10-21T08:12:00.000000000Z,1.08504,london,monday,7.6,1.3,9,,0.0,0.0,1,0
2024-10-21T08:13:00.000000000Z,1.0852,london,monday,6.0,3.7,30,99,1.0,6.0,1,1
2024-10-21T08:14:00.000000000Z,1.08514,london,monday,6.6,3.1,12,99,0.1,6.6,1,1
2024-10-21T08:15:00.000000000Z,1.08513,london,monday,6.7,3.0,9,98,0.0,6.7,1,1
2024-10-21T08:16:00.000000000Z,1.08518,london,monday,6.2,3.5,11,96,0.5,6.2,1,1
2024-10-21T08:17:00.000000000Z,1.08518,london,monday,6.2,4.8,10,95,0.5,6.2,1,1
2024-10-21T08:18:00.000000000Z,1.08518,london,monday,6.2,4.8,9,94,0.5,6.2,1,1
2024-10-21T08:19:00.000000000Z,1.08513,london,monday,6.7,4.7,5,94,0.0,6.7,1,1
2024-10-21T08:20:00.000000000Z,1.08519,london,monday,6.1,6.7,23,92,0.9,6.1,1,1
2024-10-21T08:21:00.000000000Z,1.08529,london,monday,5.1,7.7,31,91,1.9,5.1,1,1
2024-10-21T08:22:00.000000000Z,1.0853,london,monday,5.0,7.8,30,90,2.0,5.0,1,1
2024-10-21T08:23:00.000000000Z,1.0853,london,monday,5.0,7.8,29,89,2.0,5.0,1,1
2024-10-21T08:24:00.000000000Z,1.08538,london,monday,4.2,8.6,28,10,2.8,0.6,1,1
2024-10-21T08:25:00.000000000Z,1.08538,london,monday,4.2,8.6,27,9,2.8,0.6,1,1
2024-10-21T08:26:00.000000000Z,1.08539,london,monday,4.1,8.7,29,8,2.9,0.5,1,1
2024-10-21T08:27:00.000000000Z,1.08544,london,monday,3.6,9.2,28,2,3.4,0.0,1,1
2024-10-21T08:28:00.000000000Z,1.08528,london,monday,5.2,7.6,24,84,1.8,5.2,1,1
2024-10-21T08:29:00.000000000Z,1.08518,london,monday,6.2,6.6,14,83,0.8,6.2,1,1
2024-10-21T08:30:00.000000000Z,1.08524,london,monday,5.6,7.2,13,82,1.4,5.6,1,1
2024-10-21T08:31:00.000000000Z,1.0852,london,monday,6.0,6.8,12,81,1.0,6.0,1,1
2024-10-21T08:32:00.000000000Z,1.0852,london,monday,6.0,6.8,11,80,1.0,6.0,1,1
2024-10-21T08:33:00.000000000Z,1.08518,london,monday,6.2,6.6,10,79,0.8,6.2,1,1
2024-10-21T08:34:00.000000000Z,1.08512,london,monday,6.8,6.0,7,79,0.2,6.8,1,1
2024-10-21T08:35:00.000000000Z,1.08511,london,monday,6.9,5.9,6,78,0.1,6.9,1,1
2024-10-21T08:36:00.000000000Z,1.0851,london,monday,7.0,5.8,5,77,0.0,7.0,1,1
2024-10-21T08:37:00.000000000Z,1.08514,london,monday,6.6,6.2,5,76,0.0,6.6,1,1
2024-10-21T08:38:00.000000000Z,1.08518,london,monday,6.2,6.6,5,74,0.0,6.2,1,1
2024-10-21T08:39:00.000000000Z,1.08522,london,monday,5.8,7.0,4,73,0.4,5.8,1,1
2024-10-21T08:40:00.000000000Z,1.08518,london,monday,6.2,6.6,3,72,0.0,6.2,1,1
2024-10-21T08:41:00.000000000Z,1.08538,london,monday,4.2,8.6,11,69,0.5,4.2,1,1
2024-10-21T08:42:00.000000000Z,1.08539,london,monday,4.1,8.7,13,68,0.6,4.1,1,1
2024-10-21T08:43:00.000000000Z,1.08549,london,monday,3.1,9.7,13,66,1.6,3.1,1,1
2024-10-21T08:44:00.000000000Z,1.08548,london,monday,3.2,9.6,11,65,1.5,3.2,1,1
2024-10-21T08:45:00.000000000Z,1.0855,london,monday,3.0,9.8,11,64,1.7,3.0,1,1
2024-10-21T08:46:00.000000000Z,1.0854,london,monday,4.0,8.8,9,64,0.7,4.0,1,1
2024-10-21T08:47:00.000000000Z,1.08534,london,monday,4.6,8.2,5,65,0.1,4.6,1,1
2024-10-21T08:48:00.000000000Z,1.08533,london,monday,4.7,8.1,4,64,0.0,4.7,1,1
2024-10-21T08:49:00.000000000Z,1.08534,london,monday,4.6,8.2,3,63,0.0,4.6,1,1
2024-10-21T08:50:00.000000000Z,1.08534,london,monday,4.6,8.2,2,62,0.0,4.6,1,1
2024-10-21T08:51:00.000000000Z,1.08548,london,monday,3.2,9.6,4,58,0.0,3.2,1,1
2024-10-21T08:52:00.000000000Z,1.08564,london,monday,1.6,11.2,,54,0.0,1.6,0,1
2024-10-21T08:53:00.000000000Z,1.08558,london,monday,2.2,10.6,,56,0.0,2.2,0,1
2024-10-21T08:54:00.000000000Z,1.08564,london,monday,1.6,11.2,,52,0.0,1.6,0,1
2024-10-21T08:55:00.000000000Z,1.08574,london,monday,0.6,12.2,,11,0.0,0.2,0,1
2024-10-21T08:56:00.000000000Z,1.08576,london,monday,0.4,12.4,,10,0.0,0.0,0,1
2024-10-21T08:57:00.000000000Z,1.08562,london,monday,1.8,11.0,,51,0.0,1.8,0,1
2024-10-21T08:58:00.000000000Z,1.0856,london,monday,2.0,10.8,,50,0.0,2.0,0,1
2024-10-21T08:59:00.000000000Z,1.08554,london,monday,2.6,10.2,36,50,0.7,2.6,1,1
2024-10-21T09:00:00.000000000Z,1.08553,london,monday,2.7,10.1,35,49,0.6,2.7,1,1
2024-10-21T09:01:00.000000000Z,1.0856,london,monday,2.0,10.8,,47,0.0,2.0,0,1
2024-10-21T09:02:00.000000000Z,1.08554,london,monday,2.6,10.2,33,47,0.7,2.6,1,1
2024-10-21T09:03:00.000000000Z,1.08563,london,monday,1.7,11.1,,43,0.0,1.7,0,1
2024-10-21T09:04:00.000000000Z,1.08553,london,monday,2.7,10.1,31,45,0.6,2.7,1,1
2024-10-21T09:05:00.000000000Z,1.08552,london,monday,2.8,10.0,30,44,0.5,2.8,1,1
2024-10-21T09:06:00.000000000Z,1.08547,london,monday,3.3,9.5,27,43,0.0,3.3,1,1
2024-10-21T09:07:00.000000000Z,1.08553,london,monday,2.7,10.1,28,42,0.3,2.7,1,1
2024-10-21T09:08:00.000000000Z,1.08568,london,monday,1.2,11.6,,38,0.0,1.2,0,1
2024-10-21T09:09:00.000000000Z,1.0856,london,monday,2.0,10.8,,39,0.0,2.0,0,1
2024-10-21T09:10:00.000000000Z,1.08564,london,monday,1.6,11.2,,36,0.0,1.6,0,1
2024-10-21T09:11:00.000000000Z,1.0855,london,monday,3.0,9.8,24,38,0.0,3.0,1,1
2024-10-21T09:12:00.000000000Z,1.08557,london,monday,2.3,10.5,,37,0.0,2.3,0,1
2024-10-21T09:13:00.000000000Z,1.08556,london,monday,2.4,10.4,,36,0.0,2.4,0,1
2024-10-21T09:14:00.000000000Z,1.08554,london,monday,2.6,10.2,21,35,0.2,2.6,1,1
2024-10-21T09:15:00.000000000Z,1.0856,london,monday,2.0,10.8,,33,0.0,2.0,0,1
2024-10-21T09:16:00.000000000Z,1.08554,london,monday,2.6,10.2,19,33,0.2,2.6,1,1
2024-10-21T09:17:00.000000000Z,1.08554,london,monday,2.6,10.2,18,32,0.2,2.6,1,1
2024-10-21T09:18:00.000000000Z,1.08563,london,monday,1.7,11.1,,28,0.0,1.7,0,1
2024-10-21T09:19:00.000000000Z,1.08568,london,monday,1.2,11.6,,27,0.0,1.2,0,1
2024-10-21T09:20:00.000000000Z,1.08568,london,monday,1.2,11.6,,26,0.0,1.2,0,1
2024-10-21T09:21:00.000000000Z,1.08562,london,monday,1.8,11.0,,27,0.0,1.8,0,1
2024-10-21T09:22:00.000000000Z,1.08562,london,monday,1.8,11.0,,26,0.0,1.8,0,1
2024-10-21T09:23:00.000000000Z,1.08564,london,monday,1.6,11.2,,23,0.0,1.6,0,1
2024-10-21T09:24:00.000000000Z,1.0856,london,monday,2.0,10.8,,24,0.0,2.0,0,1
2024-10-21T09:25:00.000000000Z,1.0856,london,monday,2.0,10.8,,23,0.0,2.0,0,1
2024-10-21T09:26:00.000000000Z,1.0857,london,monday,1.0,11.8,,20,0.0,1.0,0,1
2024-10-21T09:27:00.000000000Z,1.08564,london,monday,1.6,11.2,,19,0.0,1.6,0,1
2024-10-21T09:28:00.000000000Z,1.08562,london,monday,1.8,11.0,,20,0.0,1.8,0,1
2024-10-21T09:29:00.000000000Z,1.08564,london,monday,1.6,11.2,,17,0.0,1.6,0,1
2024-10-21T09:30:00.000000000Z,1.08558,london,monday,2.2,10.6,,19,0.0,2.2,0,1
2024-10-21T09:31:00.000000000Z,1.08552,london,monday,2.8,10.0,4,18,0.0,2.8,1,1
2024-10-21T09:32:00.000000000Z,1.08559,london,monday,2.1,10.7,,16,0.0,2.1,0,1
2024-10-21T09:33:00.000000000Z,1.08572,london,monday,0.8,12.0,,13,0.0,0.8,0,1
2024-10-21T09:34:00.000000000Z,1.08568,london,monday,1.2,11.6,,12,0.0,1.2,0,1
2024-10-21T09:35:00.000000000Z,1.08579,london,monday,0.1,12.7,,8,0.0,0.1,0,1
2024-10-21T09:36:00.000000000Z,1.0858,london,monday,0.0,12.8,,7,0.0,0.0,0,1
2024-10-21T09:37:00.000000000Z,1.08568,london,monday,0.9,11.6,,9,0.0,0.9,0,1
2024-10-21T09:38:00.000000000Z,1.0857,london,monday,0.7,11.8,,8,0.0,0.7,0,1
2024-10-21T09:39:00.000000000Z,1.08577,london,monday,0.0,12.5,,4,0.0,0.0,0,1
2024-10-21T09:40:00.000000000Z,1.08574,london,monday,0.0,12.2,,4,0.0,0.0,0,1
2024-10-21T09:41:00.000000000Z,1.08564,london,monday,0.0,11.2,,5,0.0,0.0,0,1
2024-10-21T09:42:00.000000000Z,1.08558,london,monday,0.0,10.6,,7,0.0,0.0,0,1
2024-10-21T09:43:00.000000000Z,1.0855,london,monday,0.0,9.8,,6,0.0,0.0,0,1
2024-10-21T09:44:00.000000000Z,1.08548,london,monday,0.0,9.6,,5,0.0,0.0,0,1
2024-10-21T09:45:00.000000000Z,1.08548,london,monday,0.0,9.6,,4,0.0,0.0,0,1
2024-10-21T09:46:00.000000000Z,1.08538,london,monday,0.1,8.6,,4,0.0,0.1,0,1
2024-10-21T09:47:00.000000000Z,1.08539,london,monday,0.0,8.7,,3,0.0,0.0,0,1
2024-10-21T09:48:00.000000000Z,1.08534,london,monday,0.0,8.2,,4,0.0,0.0,0,1
2024-10-21T09:49:00.000000000Z,1.08518,london,monday,0.0,6.6,,3,0.0,0.0,0,1
2024-10-21T09:50:00.000000000Z,1.08512,london,monday,0.6,6.0,,3,0.0,0.0,0,1
2024-10-21T09:51:00.000000000Z,1.08509,london,monday,0.9,5.7,,2,0.0,0.0,0,1
2024-10-21T09:52:00.000000000Z,1.08491,london,monday,2.7,3.9,95,7,3.9,0.0,1,1
2024-10-21T09:53:00.000000000Z,1.08483,london,monday,3.5,3.1,92,7,3.1,0.8,1,1
2024-10-21T09:54:00.000000000Z,1.08488,london,monday,3.0,3.6,93,6,3.6,0.3,1,1
2024-10-21T09:55:00.000000000Z,1.08488,london,monday,3.0,3.6,92,5,3.6,0.3,1,1
2024-10-21T09:56:00.000000000Z,1.08491,london,monday,2.7,3.9,91,3,3.9,0.0,1,1
2024-10-21T09:57:00.000000000Z,1.0847,london,monday,4.8,1.8,73,,1.8,0.0,1,0
2024-10-21T09:58:00.000000000Z,1.08472,london,monday,4.6,2.0,85,,2.0,0.0,1,0
2024-10-21T09:59:00.000000000Z,1.08466,london,monday,5.2,1.4,51,,1.4,0.0,1,0
2024-10-21T10:00:00.000000000Z,1.08452,london,monday,6.6,0.0,4,,0.0,0.0,1,0
2024-10-21T10:01:00.000000000Z,1.08466,london,monday,5.2,1.0,49,,1.0,0.0,1,0
2024-10-21T10:02:00.000000000Z,1.08471,london,monday,4.7,1.5,81,,1.5,0.0,1,0
2024-10-21T10:03:00.000000000Z,1.08466,london,monday,5.2,1.0,47,,1.0,0.0,1,0
2024-10-21T10:04:00.000000000Z,1.08482,london,monday,3.6,2.6,81,24,2.6,0.6,1,1
2024-10-21T10:05:00.000000000Z,1.08481,london,monday,3.7,2.5,80,23,2.5,0.7,1,1
2024-10-21T10:06:00.000000000Z,1.08469,london,monday,4.9,1.3,64,,1.3,0.0,1,0
2024-10-21T10:07:00.000000000Z,1.08462,london,monday,5.6,0.6,12,,0.4,0.0,1,0
2024-10-21T10:08:00.000000000Z,1.08458,london,monday,6.0,0.2,10,,0.0,0.0,1,0
2024-10-21T10:09:00.000000000Z,1.08462,london,monday,6.0,0.6,10,,0.4,0.0,1,0
2024-10-21T10:10:00.000000000Z,1.08458,london,monday,7.0,0.2,8,,0.0,0.0,1,0
2024-10-21T10:11:00.000000000Z,1.08474,london,monday,5.4,1.8,72,,1.8,0.0,1,0
2024-10-21T10:12:00.000000000Z,1.08474,london,monday,5.8,1.8,71,,1.8,0.0,1,0
2024-10-21T10:13:00.000000000Z,1.08474,london,monday,5.8,1.8,70,,1.8,0.0,1,0
2024-10-21T10:14:00.000000000Z,1.08476,london,monday,5.6,2.0,69,,2.0,0.0,1,0
2024-10-21T10:15:00.000000000Z,1.08468,london,monday,7.3,1.2,55,,1.2,0.0,1,0
2024-10-21T10:16:00.000000000Z,1.08474,london,monday,7.8,1.8,67,,1.8,0.0,1,0
2024-10-21T10:17:00.000000000Z,1.08473,london,monday,8.5,1.7,66,,1.7,0.0,1,0
2024-10-21T10:18:00.000000000Z,1.08485,london,monday,7.6,2.9,69,10,2.9,0.3,1,1
2024-10-21T10:19:00.000000000Z,1.08487,london,monday,7.4,3.1,68,7,3.1,0.1,1,1
2024-10-21T10:20:00.000000000Z,1.08481,london,monday,8.0,2.5,65,8,2.5,0.7,1,1
2024-10-21T10:21:00.000000000Z,1.08478,london,monday,8.3,2.2,64,,2.2,0.0,1,0
2024-10-21T10:22:00.000000000Z,1.08474,london,monday,8.7,1.8,61,,1.8,0.0,1,0
2024-10-21T10:23:00.000000000Z,1.08479,london,monday,8.2,2.3,62,,2.3,0.0,1,0
2024-10-21T10:24:00.000000000Z,1.08488,london,monday,7.3,3.2,63,2,3.2,0.0,1,1
2024-10-21T10:25:00.000000000Z,1.08472,london,monday,8.9,1.6,58,,1.6,0.0,1,0
2024-10-21T10:26:00.000000000Z,1.08461,london,monday,10.0,0.5,24,,0.5,0.0,1,0
2024-10-21T10:27:00.000000000Z,1.08462,london,monday,9.9,0.6,23,,0.6,0.0,1,0
2024-10-21T10:28:00.000000000Z,1.08456,london,monday,10.5,0.0,14,,0.0,0.0,1,0
2024-10-21T10:29:00.000000000Z,1.0846,london,monday,10.1,0.0,21,,0.0,0.0,1,0
2024-10-21T10:30:00.000000000Z,1.08464,london,monday,9.7,0.2,20,,0.2,0.0,1,0
2024-10-21T10:31:00.000000000Z,1.08477,london,monday,8.4,1.5,54,,1.5,0.0,1,0
2024-10-21T10:32:00.000000000Z,1.08478,london,monday,8.3,1.6,53,,1.6,0.0,1,0
2024-10-21T10:33:00.000000000Z,1.08477,london,monday,8.4,1.5,52,,1.5,0.0,1,0
2024-10-21T10:34:00.000000000Z,1.08476,london,monday,8.5,1.4,49,,1.4,0.0,1,0
2024-10-21T10:35:00.000000000Z,1.08476,london,monday,8.5,1.4,48,,1.4,0.0,1,0
2024-10-21T10:36:00.000000000Z,1.08474,london,monday,8.7,1.2,47,,1.2,0.0,1,0
2024-10-21T10:37:00.000000000Z,1.08462,london,monday,9.9,0.0,13,,0.0,0.0,1,0
2024-10-21T10:38:00.000000000Z,1.08464,london,monday,9.7,0.2,12,,0.2,0.0,1,0
2024-10-21T10:39:00.000000000Z,1.08463,london,monday,9.8,0.1,11,,0.1,0.0,1,0
2024-10-21T10:40:00.000000000Z,1.08466,london,monday,9.5,0.4,10,,0.4,0.0,1,0
2024-10-21T10:41:00.000000000Z,1.08468,london,monday,9.3,0.6,29,,0.6,0.0,1,0
2024-10-21T10:42:00.000000000Z,1.08482,london,monday,7.9,2.0,43,,2.0,0.0,1,0
2024-10-21T10:43:00.000000000Z,1.08482,london,monday,7.9,2.0,42,,2.0,0.0,1,0
2024-10-21T10:44:00.000000000Z,1.08478,london,monday,8.3,1.6,41,,1.6,0.0,1,0
2024-10-21T10:45:00.000000000Z,1.08462,london,monday,9.9,0.0,5,,0.0,0.0,1,0
2024-10-21T10:46:00.000000000Z,1.0848,london,monday,8.1,1.2,39,,1.2,0.0,1,0
2024-10-21T10:47:00.000000000Z,1.08475,london,monday,8.6,0.7,36,,0.7,0.0,1,0
2024-10-21T10:48:00.000000000Z,1.08483,london,monday,7.8,1.5,37,,1.5,0.0,1,0
2024-10-21T10:49:00.000000000Z,1.08484,london,monday,8.2,1.6,38,,1.6,0.0,1,0
2024-10-21T10:50:00.000000000Z,1.08491,london,monday,9.1,2.3,37,,2.3,0.0,1,0
2024-10-21T10:51:00.000000000Z,1.08493,london,monday,8.9,2.5,36,,2.5,0.0,1,0
2024-10-21T10:52:00.000000000Z,1.08486,london,monday,9.6,1.8,35,,1.8,0.0,1,0
2024-10-21T10:53:00.000000000Z,1.08477,london,monday,10.5,0.9,32,,0.9,0.0,1,0
2024-10-21T10:54:00.000000000Z,1.08481,london,monday,10.1,1.3,31,,1.3,0.0,1,0
2024-10-21T10:55:00.000000000Z,1.08484,london,monday,9.8,1.6,32,,1.6,0.0,1,0
2024-10-21T10:56:00.000000000Z,1.08478,london,monday,10.6,1.0,29,,1.0,0.0,1,0
2024-10-21T10:57:00.000000000Z,1.0847,london,monday,11.4,0.2,13,,0.2,0.0,1,0
2024-10-21T10:58:00.000000000Z,1.08468,london,monday,11.6,0.0,12,,0.0,0.0,1,0
2024-10-21T10:59:00.000000000Z,1.08474,london,monday,11.0,0.4,24,,0.4,0.0,1,0
2024-10-21T11:00:00.000000000Z,1.08482,london,monday,10.3,1.2,25,,1.2,0.0,1,0
2024-10-21T11:01:00.000000000Z,1.08483,london,monday,10.2,1.3,24,,1.3,0.0,1,0
2024-10-21T11:02:00.000000000Z,1.08476,london,monday,10.9,0.6,21,,0.6,0.0,1,0
2024-10-21T11:03:00.000000000Z,1.0847,london,monday,11.5,0.0,7,,0.0,0.0,1,0
2024-10-21T11:04:00.000000000Z,1.08483,london,monday,10.2,1.2,21,,1.2,0.0,1,0
2024-10-21T11:05:00.000000000Z,1.08472,london,monday,11.3,0.1,18,,0.1,0.0,1,0
2024-10-21T11:06:00.000000000Z,1.08471,london,monday,11.4,0.0,17,,0.0,0.0,1,0
2024-10-21T11:07:00.000000000Z,1.08483,london,monday,10.2,0.2,18,,0.2,0.0,1,0
2024-10-21T11:08:00.000000000Z,1.08486,london,monday,9.9,0.5,19,,0.5,0.0,1,0
2024-10-21T11:09:00.000000000Z,1.08482,london,monday,10.3,0.1,16,,0.1,0.0,1,0
2024-10-21T11:10:00.000000000Z,1.08496,london,monday,8.9,1.5,39,,1.5,0.0,1,0
2024-10-21T11:11:00.000000000Z,1.08489,london,monday,10.1,0.8,16,,0.8,0.0,1,0
2024-10-21T11:12:00.000000000Z,1.08486,london,monday,10.4,0.5,15,,0.5,0.0,1,0
2024-10-21T11:13:00.000000000Z,1.08488,london,monday,10.2,0.7,14,,0.7,0.0,1,0
2024-10-21T11:14:00.000000000Z,1.08486,london,monday,10.4,0.5,13,,0.5,0.0,1,0
2024-10-21T11:15:00.000000000Z,1.0849,london,monday,10.0,0.9,12,,0.9,0.0,1,0
2024-10-21T11:16:00.000000000Z,1.0849,london,monday,10.0,0.9,11,,0.9,0.0,1,0
2024-10-21T11:17:00.000000000Z,1.08482,london,monday,10.8,0.1,8,,0.1,0.0,1,0
2024-10-21T11:18:00.000000000Z,1.08484,london,monday,10.6,0.3,9,,0.3,0.0,1,0
2024-10-21T11:19:00.000000000Z,1.08482,london,monday,10.8,0.1,6,,0.1,0.0,1,0
2024-10-21T11:20:00.000000000Z,1.08481,london,monday,10.9,0.0,5,,0.0,0.0,1,0
2024-10-21T11:21:00.000000000Z,1.08489,london,monday,10.1,0.2,6,,0.2,0.0,1,0
2024-10-21T11:22:00.000000000Z,1.08487,london,monday,10.3,0.0,5,,0.0,0.0,1,0
2024-10-21T11:23:00.000000000Z,1.08501,london,monday,8.9,0.9,27,,0.9,0.0,1,0
2024-10-21T11:24:00.000000000Z,1.08499,london,monday,9.1,0.7,26,,0.7,0.0,1,0
2024-10-21T11:25:00.000000000Z,1.08508,london,monday,8.2,1.6,30,,1.6,0.0,1,0
2024-10-21T11:26:00.000000000Z,1.08507,london,monday,8.3,1.5,26,,1.5,0.0,1,0
2024-10-21T11:27:00.000000000Z,1.08518,london,monday,7.2,2.6,29,9,2.6,0.0,1,1
2024-10-21T11:28:00.000000000Z,1.08516,london,monday,7.4,2.4,27,,2.4,0.0,1,0
2024-10-21T11:29:00.000000000Z,1.08512,london,monday,7.8,2.0,26,,2.0,0.0,1,0
2024-10-21T11:30:00.000000000Z,1.08517,london,monday,7.3,2.5,26,,2.5,0.0,1,0
2024-10-21T11:31:00.000000000Z,1.08516,london,monday,7.4,2.4,24,,2.4,0.0,1,0
2024-10-21T11:32:00.000000000Z,1.08508,london,monday,8.2,1.6,23,,1.6,0.0,1,0
2024-10-21T11:33:00.000000000Z,1.08508,london,monday,8.2,1.6,22,,1.6,0.0,1,0
2024-10-21T11:34:00.000000000Z,1.08508,london,monday,8.2,1.6,21,,1.6,0.0,1,0
2024-10-21T11:35:00.000000000Z,1.08506,london,monday,8.4,1.4,17,,1.4,0.0,1,0
2024-10-21T11:36:00.000000000Z,1.08492,london,monday,9.8,0.0,8,,0.0,0.0,1,0
2024-10-21T11:37:00.000000000Z,1.08502,london,monday,8.8,0.1,13,,0.1,0.0,1,0
2024-10-21T11:38:00.000000000Z,1.08502,london,monday,8.8,0.1,12,,0.1,0.0,1,0
2024-10-21T11:39:00.000000000Z,1.08501,london,monday,8.9,0.0,11,,0.0,0.0,1,0
2024-10-21T11:40:00.000000000Z,1.08503,london,monday,8.7,0.0,10,,0.0,0.0,1,0
2024-10-21T11:41:00.000000000Z,1.08506,london,monday,8.4,0.0,11,,0.0,0.0,1,0
2024-10-21T11:42:00.000000000Z,1.08512,london,monday,7.8,0.0,13,,0.0,0.0,1,0
2024-10-21T11:43:00.000000000Z,1.08513,london,monday,7.7,0.0,12,,0.0,0.0,1,0
2024-10-21T11:44:00.000000000Z,1.08518,london,monday,7.2,0.2,12,,0.2,0.0,1,0
2024-10-21T11:45:00.000000000Z,1.08518,london,monday,7.2,0.2,11,,0.2,0.0,1,0
2024-10-21T11:46:00.000000000Z,1.08516,london,monday,7.4,0.0,9,,0.0,0.0,1,0
2024-10-21T11:47:00.000000000Z,1.08516,london,monday,7.4,0.0,8,,0.0,0.0,1,0
2024-10-21T11:48:00.000000000Z,1.08518,london,monday,7.2,0.2,8,,0.0,0.0,1,0
2024-10-21T11:49:00.000000000Z,1.08522,london,monday,6.8,0.6,7,,0.0,0.0,1,0
2024-10-21T11:50:00.000000000Z,1.08528,london,monday,6.2,1.2,7,,0.6,0.0,1,0
2024-10-21T11:51:00.000000000Z,1.08527,london,monday,6.3,1.1,5,,0.5,0.0,1,0
2024-10-21T11:52:00.000000000Z,1.08532,london,monday,5.8,1.6,5,,1.0,0.0,1,0
2024-10-21T11:53:00.000000000Z,1.08532,london,monday,5.8,1.6,4,,1.0,0.0,1,0
2024-10-21T11:54:00.000000000Z,1.08522,london,monday,6.8,0.6,2,,0.0,0.0,1,0
2024-10-21T11:55:00.000000000Z,1.08541,london,monday,4.9,2.5,34,86,2.3,4.9,1,1
2024-10-21T11:56:00.000000000Z,1.08552,london,monday,3.8,3.6,34,6,3.4,0.9,1,1
2024-10-21T11:57:00.000000000Z,1.08558,london,monday,3.2,4.2,39,4,4.0,0.3,1,1
2024-10-21T11:58:00.000000000Z,1.08561,london,monday,2.9,4.5,53,3,4.3,0.0,1,1
2024-10-21T11:59:00.000000000Z,1.08558,london,monday,3.2,4.2,37,2,4.0,0.0,1,1
2024-10-21T12:00:00.000000000Z,1.08542,london,monday,4.8,2.6,30,81,2.4,4.8,1,1
2024-10-21T12:01:00.000000000Z,1.0853,london,monday,6.0,1.4,26,,1.2,0.0,1,0
2024-10-21T12:02:00.000000000Z,1.08526,london,monday,6.4,1.0,11,,0.0,0.0,1,0
2024-10-21T12:03:00.000000000Z,1.08528,london,monday,6.2,1.2,11,,0.2,0.0,1,0
2024-10-21T12:04:00.000000000Z,1.08526,london,monday,6.4,1.0,9,,0.0,0.0,1,0
2024-10-21T12:05:00.000000000Z,1.08528,london,monday,6.2,1.2,9,,0.0,0.0,1,0
2024-10-21T12:06:00.000000000Z,1.0853,london,monday,6.0,1.4,21,,1.2,0.0,1,0
2024-10-21T12:07:00.000000000Z,1.08532,london,monday,5.8,1.6,20,,1.4,0.0,1,0
2024-10-21T12:08:00.000000000Z,1.08536,london,monday,5.4,2.0,21,,1.8,0.0,1,0
2024-10-21T12:09:00.000000000Z,1.0853,london,monday,6.0,3.0,18,100,1.2,6.0,1,1
2024-10-21T12:10:00.000000000Z,1.08539,london,monday,5.1,3.9,19,99,2.1,5.1,1,1
2024-10-21T12:11:00.000000000Z,1.0854,london,monday,5.0,4.5,18,98,2.2,5.0,1,1
2024-10-21T12:12:00.000000000Z,1.0854,london,monday,5.0,5.0,17,97,2.2,5.0,1,1
2024-10-21T12:13:00.000000000Z,1.08552,london,monday,3.8,6.2,17,3,3.4,0.2,1,1
2024-10-21T12:14:00.000000000Z,1.08554,london,monday,3.6,7.3,16,2,3.6,0.0,1,1
2024-10-21T12:15:00.000000000Z,1.08532,london,monday,5.8,6.6,12,94,1.4,5.8,1,1
2024-10-21T12:16:00.000000000Z,1.08524,london,monday,6.6,8.2,10,95,0.6,6.6,1,1
2024-10-21T12:17:00.000000000Z,1.0852,london,monday,7.0,7.8,9,95,0.2,7.0,1,1
2024-10-21T12:18:00.000000000Z,1.0852,london,monday,7.0,7.8,8,94,0.2,7.0,1,1
2024-10-21T12:19:00.000000000Z,1.08518,london,monday,7.2,7.6,7,93,0.0,7.2,1,1
2024-10-21T12:20:00.000000000Z,1.08522,london,monday,6.8,8.0,6,91,0.0,6.8,1,1
2024-10-21T12:21:00.000000000Z,1.0854,london,monday,5.0,9.8,8,88,1.0,5.0,1,1
2024-10-21T12:22:00.000000000Z,1.0854,london,monday,5.0,9.8,7,87,1.0,5.0,1,1
2024-10-21T12:23:00.000000000Z,1.08538,london,monday,5.2,9.6,6,86,0.8,5.2,1,1
2024-10-21T12:24:00.000000000Z,1.0854,london,monday,5.0,9.8,5,85,1.0,5.0,1,1
2024-10-21T12:25:00.000000000Z,1.0853,london,monday,6.0,8.8,2,84,0.0,6.0,1,1
2024-10-21T12:26:00.000000000Z,1.08552,london,monday,3.8,11.0,4,51,0.0,3.8,1,1
2024-10-21T12:27:00.000000000Z,1.08558,london,monday,3.2,11.6,9,50,0.2,3.2,1,1
2024-10-21T12:28:00.000000000Z,1.08556,london,monday,3.4,11.4,2,49,0.0,3.4,1,1
2024-10-21T12:29:00.000000000Z,1.08566,london,monday,2.4,12.4,,45,0.0,2.4,0,1
2024-10-21T12:30:00.000000000Z,1.08582,london,monday,0.8,14.0,,14,0.0,0.3,0,1
2024-10-21T12:31:00.000000000Z,1.08578,london,monday,1.2,13.6,,13,0.0,0.7,0,1
2024-10-21T12:32:00.000000000Z,1.08579,london,monday,1.1,13.7,,12,0.0,0.6,0,1
2024-10-21T12:33:00.000000000Z,1.08582,london,monday,0.8,14.0,,11,0.0,0.3,0,1
2024-10-21T12:34:00.000000000Z,1.08578,london,monday,1.2,13.6,,10,0.0,0.7,0,1
2024-10-21T12:35:00.000000000Z,1.08577,london,monday,1.3,13.5,,9,0.0,0.8,0,1
2024-10-21T12:36:00.000000000Z,1.08584,london,monday,0.6,14.2,,8,0.0,0.1,0,1
2024-10-21T12:37:00.000000000Z,1.08574,london,monday,1.6,13.6,,29,0.0,1.6,0,1
2024-10-21T12:38:00.000000000Z,1.08576,london,monday,1.4,13.8,,6,0.0,0.9,0,1
2024-10-21T12:39:00.000000000Z,1.08575,london,monday,1.5,13.7,,5,0.0,1.0,0,1
2024-10-21T12:40:00.000000000Z,1.08585,london,monday,0.5,14.7,,3,0.0,0.0,0,1
2024-10-21T12:41:00.000000000Z,1.08573,london,monday,1.7,14.3,,25,0.0,1.7,0,1
2024-10-21T12:42:00.000000000Z,1.0857,london,monday,2.0,15.4,,24,0.0,2.0,0,1
2024-10-21T12:43:00.000000000Z,1.0856,london,monday,3.0,14.9,8,34,1.0,3.0,1,1
2024-10-21T12:44:00.000000000Z,1.0855,london,monday,4.0,13.9,5,37,0.0,4.0,1,1
2024-10-21T12:45:00.000000000Z,1.0856,london,monday,3.0,14.9,6,32,0.0,3.0,1,1
2024-10-21T12:46:00.000000000Z,1.0857,london,monday,2.0,15.9,,20,0.0,2.0,0,1
2024-10-21T12:47:00.000000000Z,1.08566,london,monday,2.4,15.9,,27,0.0,2.4,0,1
2024-10-21T12:48:00.000000000Z,1.08571,london,monday,1.9,16.9,,18,0.0,1.9,0,1
2024-10-21T12:49:00.000000000Z,1.08581,london,monday,0.9,17.9,,6,0.0,0.9,0,1
2024-10-21T12:50:00.000000000Z,1.08582,london,monday,0.8,18.8,,5,0.0,0.8,0,1
2024-10-21T12:51:00.000000000Z,1.0859,london,monday,0.0,19.8,,4,0.0,0.0,0,1
2024-10-21T12:52:00.000000000Z,1.08576,london,monday,0.6,19.1,,14,0.0,0.6,0,1
2024-10-21T12:53:00.000000000Z,1.08582,london,monday,0.0,21.0,,2,0.0,0.0,0,1
2024-10-21T12:54:00.000000000Z,1.08576,london,monday,0.0,20.4,,12,0.0,0.0,0,1
2024-10-21T12:55:00.000000000Z,1.08552,london,monday,2.2,18.0,,22,0.0,2.2,0,1
2024-10-21T12:56:00.000000000Z,1.08562,london,monday,1.2,19.4,,18,0.0,1.2,0,1
2024-10-21T12:57:00.000000000Z,1.0856,london,monday,1.4,19.2,,20,0.0,1.4,0,1
2024-10-21T12:58:00.000000000Z,1.08568,london,monday,0.6,20.0,,16,0.0,0.6,0,1
2024-10-21T12:59:00.000000000Z,1.08574,london,monday,0.0,20.6,,7,0.0,0.0,0,1
2024-10-21T13:00:00.000000000Z,1.08568,london,monday,0.4,20.0,,14,0.0,0.4,0,1
2024-10-21T13:01:00.000000000Z,1.08572,london,monday,0.0,20.4,,5,0.0,0.0,0,1
2024-10-21T13:02:00.000000000Z,1.08564,london,monday,0.6,19.6,,12,0.0,0.6,0,1
2024-10-21T13:03:00.000000000Z,1.0857,london,monday,0.0,20.2,,3,0.0,0.0,0,1
2024-10-21T13:04:00.000000000Z,1.08555,london,monday,1.4,18.7,,13,0.0,1.4,0,1
2024-10-21T13:05:00.000000000Z,1.08554,london,monday,1.5,18.6,,12,0.0,1.5,0,1
2024-10-21T13:06:00.000000000Z,1.08545,london,monday,2.4,17.7,,15,0.0,2.4,0,1
2024-10-21T13:07:00.000000000Z,1.08546,london,monday,2.3,18.0,,14,0.0,2.3,0,1
2024-10-21T13:08:00.000000000Z,1.08548,london,monday,2.1,19.2,,13,0.0,2.1,0,1
2024-10-21T13:09:00.000000000Z,1.08569,london,monday,0.0,21.5,,5,0.0,0.0,0,1
2024-10-21T13:10:00.000000000Z,1.08564,london,monday,0.2,21.0,,4,0.0,0.2,0,1
2024-10-21T13:11:00.000000000Z,1.08566,london,monday,0.0,21.2,,3,0.0,0.0,0,1
2024-10-21T13:12:00.000000000Z,1.08552,london,monday,0.0,19.8,,5,0.0,0.0,0,1
2024-10-21T13:13:00.000000000Z,1.0855,london,monday,0.0,19.6,,8,0.0,0.0,0,1
2024-10-21T13:14:00.000000000Z,1.08537,london,monday,1.2,18.5,,35,0.0,1.2,0,1
2024-10-21T13:15:00.000000000Z,1.08535,london,monday,1.4,18.7,,34,0.0,1.4,0,1
2024-10-21T13:16:00.000000000Z,1.08538,london,monday,1.1,19.0,,33,0.0,1.1,0,1
2024-10-21T13:17:00.000000000Z,1.08526,london,monday,2.3,18.8,,32,0.0,2.3,0,1
2024-10-21T13:18:00.000000000Z,1.0854,london,monday,0.9,20.2,,31,0.0,0.9,0,1
2024-10-21T13:19:00.000000000Z,1.08534,london,monday,1.5,19.6,,30,0.0,1.5,0,1
2024-10-21T13:20:00.000000000Z,1.08528,london,monday,2.1,19.1,,29,0.0,2.1,0,1
2024-10-21T13:21:00.000000000Z,1.08516,london,monday,3.3,18.4,15,31,0.0,3.3,1,1
2024-10-21T13:22:00.000000000Z,1.08519,london,monday,3.0,18.9,16,30,0.0,3.0,1,1
2024-10-21T13:23:00.000000000Z,1.08526,london,monday,2.3,20.8,,26,0.0,2.3,0,1
2024-10-21T13:24:00.000000000Z,1.08524,london,monday,2.5,21.0,14,27,0.4,2.5,1,1
2024-10-21T13:25:00.000000000Z,1.08529,london,monday,2.0,22.3,,24,0.0,2.0,0,1
2024-10-21T13:26:00.000000000Z,1.08524,london,monday,2.5,22.8,12,25,0.4,2.5,1,1
2024-10-21T13:27:00.000000000Z,1.08521,london,monday,2.8,22.5,11,24,0.1,2.8,1,1
2024-10-21T13:28:00.000000000Z,1.0852,london,monday,2.9,23.7,10,24,0.0,2.9,1,1
2024-10-21T13:29:00.000000000Z,1.08524,london,monday,2.5,24.1,9,22,0.4,2.5,1,1
2024-10-21T13:30:00.000000000Z,1.0853,london,monday,1.9,24.7,,19,0.0,1.9,0,1
2024-10-21T13:31:00.000000000Z,1.0852,london,monday,2.9,24.2,7,21,0.0,2.9,1,1
2024-10-21T13:32:00.000000000Z,1.08528,london,monday,2.1,25.0,,17,0.0,2.1,0,1
2024-10-21T13:33:00.000000000Z,1.08534,london,monday,1.5,25.6,,16,0.0,1.5,0,1
2024-10-21T13:34:00.000000000Z,1.08536,london,monday,1.3,25.8,,15,0.0,1.3,0,1
2024-10-21T13:35:00.000000000Z,1.0853,london,monday,1.9,25.2,,14,0.0,1.9,0,1
2024-10-21T13:36:00.000000000Z,1.08541,london,monday,0.8,26.3,,13,0.0,0.8,0,1
2024-10-21T13:37:00.000000000Z,1.08534,london,monday,1.5,25.6,,12,0.0,1.5,0,1
2024-10-21T13:38:00.000000000Z,1.08549,london,monday,0.0,27.1,,3,0.0,0.0,0,1
2024-10-21T13:39:00.000000000Z,1.08549,london,monday,0.0,27.1,,2,0.0,0.0,0,1
2024-10-21T13:40:00.000000000Z,1.08526,london,monday,0.8,24.8,,9,0.0,0.8,0,1
2024-10-21T13:41:00.000000000Z,1.08521,london,monday,1.3,24.3,,10,0.0,1.3,0,1
2024-10-21T13:42:00.000000000Z,1.08524,london,monday,1.0,24.6,,9,0.0,1.0,0,1
2024-10-21T13:43:00.000000000Z,1.0852,london,monday,1.4,24.2,,9,0.0,1.4,0,1
2024-10-21T13:44:00.000000000Z,1.08524,london,monday,1.0,24.6,,7,0.0,1.0,0,1
2024-10-21T13:45:00.000000000Z,1.08524,london,monday,1.0,25.3,,6,0.0,1.0,0,1
2024-10-21T13:46:00.000000000Z,1.08528,london,monday,0.6,27.4,,3,0.0,0.6,0,1
2024-10-21T13:47:00.000000000Z,1.08534,london,monday,0.0,28.0,,2,0.0,0.0,0,1
2024-10-21T13:48:00.000000000Z,1.0852,london,monday,0.0,26.6,,4,0.0,0.0,0,1
2024-10-21T13:49:00.000000000Z,1.085,london,monday,0.2,24.6,,6,0.0,0.2,0,1
2024-10-21T13:50:00.000000000Z,1.08502,london,monday,0.0,25.2,,5,0.0,0.0,0,1
2024-10-21T13:51:00.000000000Z,1.08495,london,monday,0.1,24.5,,4,0.0,0.1,0,1
2024-10-21T13:52:00.000000000Z,1.0849,london,monday,0.6,24.0,,4,0.0,0.6,0,1
2024-10-21T13:53:00.000000000Z,1.08496,london,monday,0.0,24.8,,2,0.0,0.0,0,1
2024-10-21T13:54:00.000000000Z,1.08481,london,monday,0.7,23.3,,2,0.0,0.0,0,1
2024-10-21T13:55:00.000000000Z,1.08466,london,monday,2.2,22.0,,22,0.0,2.2,0,1
2024-10-21T13:56:00.000000000Z,1.08442,london,monday,4.6,20.6,2,26,0.0,4.6,1,1
2024-10-21T13:57:00.000000000Z,1.0846,london,monday,2.8,22.5,7,24,0.4,2.8,1,1
2024-10-21T13:58:00.000000000Z,1.08471,london,monday,1.7,23.6,,19,0.0,1.7,0,1
2024-10-21T13:59:00.000000000Z,1.08474,london,monday,1.4,24.0,,17,0.0,1.4,0,1
2024-10-21T14:00:00.000000000Z,1.08462,london,monday,2.6,22.8,4,21,0.6,2.6,1,1
2024-10-21T14:01:00.000000000Z,1.08467,london,monday,2.1,23.3,,16,0.0,2.1,0,1
2024-10-21T14:02:00.000000000Z,1.08456,london,monday,3.2,22.2,2,19,0.0,3.2,1,1
2024-10-21T14:03:00.000000000Z,1.0847,london,monday,1.8,23.6,,14,0.0,1.8,0,1
2024-10-21T14:04:00.000000000Z,1.08488,london,monday,0.0,25.5,,5,0.0,0.0,0,1
2024-10-21T14:05:00.000000000Z,1.08476,london,monday,0.0,24.3,,10,0.0,0.0,0,1
2024-10-21T14:06:00.000000000Z,1.08476,london,monday,0.0,24.3,,9,0.0,0.0,0,1
2024-10-21T14:07:00.000000000Z,1.08468,london,monday,0.0,23.5,,10,0.0,0.0,0,1
2024-10-21T14:08:00.000000000Z,1.08468,london,monday,0.0,23.5,,9,0.0,0.0,0,1
2024-10-21T14:09:00.000000000Z,1.08459,london,monday,0.3,23.1,,12,0.0,0.3,0,1
2024-10-21T14:10:00.000000000Z,1.08458,london,monday,0.4,23.4,,11,0.0,0.4,0,1
2024-10-21T14:11:00.000000000Z,1.0846,london,monday,0.2,24.4,,10,0.0,0.2,0,1
2024-10-21T14:12:00.000000000Z,1.08462,london,monday,0.0,24.8,,9,0.0,0.0,0,1
2024-10-21T14:13:00.000000000Z,1.08452,london,monday,0.6,24.2,,9,0.0,0.6,0,1
2024-10-21T14:14:00.000000000Z,1.08458,london,monday,0.0,24.8,,7,0.0,0.0,0,1
2024-10-21T14:15:00.000000000Z,1.0845,london,monday,0.8,24.0,,7,0.0,0.8,0,1
2024-10-21T14:16:00.000000000Z,1.08448,london,monday,1.0,23.8,,6,0.0,1.0,0,1
2024-10-21T14:17:00.000000000Z,1.08438,london,monday,2.0,22.8,,6,0.0,2.0,0,1
2024-10-21T14:18:00.000000000Z,1.08445,london,monday,1.3,23.5,,4,0.0,1.3,0,1
2024-10-21T14:19:00.000000000Z,1.08458,london,monday,0.0,25.8,,2,0.0,0.0,0,1
2024-10-21T14:20:00.000000000Z,1.08448,london,monday,0.0,24.8,,2,0.0,0.0,0,1
2024-10-21T14:21:00.000000000Z,1.0843,london,monday,0.0,23.0,,7,0.0,0.0,0,1
2024-10-21T14:22:00.000000000Z,1.08416,london,monday,0.6,21.6,,10,0.0,0.6,0,1
2024-10-21T14:23:00.000000000Z,1.08411,london,monday,1.1,21.1,,9,0.0,1.1,0,1
2024-10-21T14:24:00.000000000Z,1.08412,london,monday,1.0,21.2,,8,0.0,1.0,0,1
2024-10-21T14:25:00.000000000Z,1.08412,london,monday,1.0,21.2,,7,0.0,1.0,0,1
2024-10-21T14:26:00.000000000Z,1.08422,london,monday,0.0,22.2,,4,0.0,0.0,0,1
2024-10-21T14:27:00.000000000Z,1.08407,london,monday,0.0,20.7,,6,0.0,0.0,0,1
2024-10-21T14:28:00.000000000Z,1.08402,london,monday,0.4,20.2,,5,0.0,0.4,0,1
2024-10-21T14:29:00.000000000Z,1.08406,london,monday,0.0,20.6,,4,0.0,0.0,0,1
2024-10-21T14:30:00.000000000Z,1.08394,london,monday,0.0,19.4,,6,0.0,0.0,0,1
2024-10-21T14:31:00.000000000Z,1.08392,london,monday,0.0,19.2,,16,0.0,0.0,0,1
2024-10-21T14:32:00.000000000Z,1.08385,london,monday,0.5,18.5,,16,0.0,0.5,0,1
2024-10-21T14:33:00.000000000Z,1.08372,london,monday,1.8,17.2,,24,0.0,1.8,0,1
2024-10-21T14:34:00.000000000Z,1.08372,london,monday,1.8,17.2,,23,0.0,1.8,0,1
2024-10-21T14:35:00.000000000Z,1.08372,london,monday,1.8,17.2,,22,0.0,1.8,0,1
2024-10-21T14:36:00.000000000Z,1.08368,london,monday,2.2,16.8,,21,0.0,2.2,0,1
2024-10-21T14:37:00.000000000Z,1.08378,london,monday,1.2,17.8,,17,0.0,1.2,0,1
2024-10-21T14:38:00.000000000Z,1.08387,london,monday,0.3,18.7,,10,0.0,0.3,0,1
2024-10-21T14:39:00.000000000Z,1.08378,london,monday,1.2,17.8,,15,0.0,1.2,0,1
2024-10-21T14:40:00.000000000Z,1.08376,london,monday,1.4,17.6,,15,0.0,1.4,0,1
2024-10-21T14:41:00.000000000Z,1.0839,london,monday,0.0,19.0,,7,0.0,0.0,0,1
2024-10-21T14:42:00.000000000Z,1.08378,london,monday,0.6,17.8,,12,0.0,0.6,0,1
2024-10-21T14:43:00.000000000Z,1.08384,london,monday,0.0,18.4,,5,0.0,0.0,0,1
2024-10-21T14:44:00.000000000Z,1.08383,london,monday,0.0,18.3,,4,0.0,0.0,0,1
2024-10-21T14:45:00.000000000Z,1.08378,london,monday,0.0,17.8,,9,0.0,0.0,0,1
2024-10-21T14:46:00.000000000Z,1.08369,london,monday,0.0,16.9,,11,0.0,0.0,0,1
2024-10-21T14:47:00.000000000Z,1.08366,london,monday,0.2,16.6,,10,0.0,0.2,0,1
2024-10-21T14:48:00.000000000Z,1.08356,london,monday,1.2,15.6,,14,0.0,1.2,0,1
2024-10-21T14:49:00.000000000Z,1.08354,london,monday,1.4,15.4,,14,0.0,1.4,0,1
2024-10-21T14:50:00.000000000Z,1.0836,london,monday,0.8,16.0,,11,0.0,0.8,0,1
2024-10-21T14:51:00.000000000Z,1.08356,london,monday,1.2,15.6,,11,0.0,1.2,0,1
2024-10-21T14:52:00.000000000Z,1.08358,london,monday,1.0,15.8,,9,0.0,1.0,0,1
2024-10-21T14:53:00.000000000Z,1.08368,london,monday,0.0,16.8,,4,0.0,0.0,0,1
2024-10-21T14:54:00.000000000Z,1.08352,london,monday,0.6,15.2,,9,0.0,0.6,0,1
2024-10-21T14:55:00.000000000Z,1.08348,london,monday,1.0,14.8,,8,0.0,1.0,0,1
2024-10-21T14:56:00.000000000Z,1.08358,london,monday,0.0,15.8,,5,0.0,0.0,0,1
2024-10-21T14:57:00.000000000Z,1.08338,london,monday,1.2,13.8,,8,0.0,1.2,0,1
2024-10-21T14:58:00.000000000Z,1.08349,london,monday,0.1,14.9,,5,0.0,0.1,0,1
2024-10-21T14:59:00.000000000Z,1.0835,london,monday,0.0,15.0,,4,0.0,0.0,0,1
2024-10-21T15:00:00.000000000Z,1.08337,london,monday,0.0,13.7,,5,0.0,0.0,0,1
2024-10-21T15:01:00.000000000Z,1.08332,london,monday,0.0,13.2,,4,0.0,0.0,0,1
2024-10-21T15:02:00.000000000Z,1.0833,london,monday,0.0,13.0,,4,0.0,0.0,0,1
2024-10-21T15:03:00.000000000Z,1.08318,london,monday,0.0,11.8,,5,0.0,0.0,0,1
2024-10-21T15:04:00.000000000Z,1.08314,london,monday,0.0,11.4,,4,0.0,0.0,0,1
2024-10-21T15:05:00.000000000Z,1.08306,london,monday,0.6,10.6,,6,0.0,0.0,0,1
2024-10-21T15:06:00.000000000Z,1.08296,london,monday,1.6,9.6,,20,0.0,1.6,0,1
2024-10-21T15:07:00.000000000Z,1.08299,london,monday,1.3,9.9,,18,0.0,1.3,0,1
2024-10-21T15:08:00.000000000Z,1.08283,london,monday,2.9,8.3,9,18,0.5,2.9,1,1
2024-10-21T15:09:00.000000000Z,1.08286,london,monday,2.6,8.6,9,17,0.8,2.6,1,1
2024-10-21T15:10:00.000000000Z,1.08289,london,monday,2.3,8.9,,16,0.0,2.3,0,1
2024-10-21T15:11:00.000000000Z,1.08278,london,monday,3.4,7.8,3,19,0.0,3.4,1,1
2024-10-21T15:12:00.000000000Z,1.08288,london,monday,2.4,8.8,,14,0.0,2.4,0,1
2024-10-21T15:13:00.000000000Z,1.08286,london,monday,2.6,8.6,5,13,0.0,2.6,1,1
2024-10-21T15:14:00.000000000Z,1.08306,london,monday,0.6,10.6,,11,0.0,0.6,0,1
2024-10-21T15:15:00.000000000Z,1.08298,london,monday,1.4,9.8,,10,0.0,1.4,0,1
2024-10-21T15:16:00.000000000Z,1.08306,london,monday,0.6,10.6,,9,0.0,0.6,0,1
2024-10-21T15:17:00.000000000Z,1.08308,london,monday,0.4,10.8,,7,0.0,0.4,0,1
2024-10-21T15:18:00.000000000Z,1.08312,london,monday,0.0,11.2,,4,0.0,0.0,0,1
2024-10-21T15:19:00.000000000Z,1.08302,london,monday,0.0,10.2,,6,0.0,0.0,0,1
2024-10-21T15:20:00.000000000Z,1.08296,london,monday,0.0,9.6,,6,0.0,0.0,0,1
2024-10-21T15:21:00.000000000Z,1.08293,london,monday,0.0,9.3,,5,0.0,0.0,0,1
2024-10-21T15:22:00.000000000Z,1.08284,london,monday,0.8,8.4,,4,0.0,0.8,0,1
2024-10-21T15:23:00.000000000Z,1.08292,london,monday,0.0,9.2,,3,0.0,0.0,0,1
2024-10-21T15:24:00.000000000Z,1.08282,london,monday,0.0,8.2,,2,0.0,0.0,0,1
2024-10-21T15:25:00.000000000Z,1.08271,london,monday,0.0,7.1,,10,0.0,0.0,0,1
2024-10-21T15:26:00.000000000Z,1.08254,london,monday,1.0,5.4,,23,0.0,1.0,0,1
2024-10-21T15:27:00.000000000Z,1.08256,london,monday,0.8,5.6,,22,0.0,0.8,0,1
2024-10-21T15:28:00.000000000Z,1.08264,london,monday,0.0,6.4,,8,0.0,0.0,0,1
2024-10-21T15:29:00.000000000Z,1.08256,london,monday,0.4,5.6,,20,0.0,0.4,0,1
2024-10-21T15:30:00.000000000Z,1.0825,london,monday,1.0,5.0,,20,0.0,1.0,0,1
2024-10-21T15:31:00.000000000Z,1.08254,london,monday,0.6,5.4,,18,0.0,0.6,0,1
2024-10-21T15:32:00.000000000Z,1.0826,london,monday,0.0,6.0,,5,0.0,0.0,0,1
2024-10-21T15:33:00.000000000Z,1.08248,london,monday,0.5,4.8,,18,0.0,0.5,0,1
2024-10-21T15:34:00.000000000Z,1.08252,london,monday,0.1,5.2,,16,0.0,0.1,0,1
2024-10-21T15:35:00.000000000Z,1.08246,london,monday,0.7,4.6,,16,0.0,0.7,0,1
2024-10-21T15:36:00.000000000Z,1.08236,london,monday,1.7,3.6,,17,0.0,1.7,0,1
2024-10-21T15:37:00.000000000Z,1.08235,london,monday,1.8,3.5,,22,0.0,1.8,0,1
2024-10-21T15:38:00.000000000Z,1.08253,london,monday,0.0,5.3,,11,0.0,0.0,0,1
2024-10-21T15:39:00.000000000Z,1.08234,london,monday,1.4,3.4,,20,0.0,1.4,0,1
2024-10-21T15:40:00.000000000Z,1.08236,london,monday,1.2,3.6,,13,0.0,1.2,0,1
2024-10-21T15:41:00.000000000Z,1.0824,london,monday,0.8,4.0,,11,0.0,0.8,0,1
2024-10-21T15:42:00.000000000Z,1.08238,london,monday,1.0,3.8,,11,0.0,1.0,0,1
2024-10-21T15:43:00.000000000Z,1.08235,london,monday,1.3,3.5,,16,0.0,1.3,0,1
2024-10-21T15:44:00.000000000Z,1.08233,london,monday,1.5,3.3,,15,0.0,1.5,0,1
2024-10-21T15:45:00.000000000Z,1.08248,london,monday,0.0,4.8,,6,0.0,0.0,0,1
2024-10-21T15:46:00.000000000Z,1.08243,london,monday,0.0,4.3,,5,0.0,0.0,0,1
2024-10-21T15:47:00.000000000Z,1.08236,london,monday,0.0,3.6,,6,0.0,0.0,0,1
2024-10-21T15:48:00.000000000Z,1.08234,london,monday,0.0,3.4,,11,0.0,0.0,0,1
2024-10-21T15:49:00.000000000Z,1.08228,london,monday,0.0,2.8,,10,0.0,0.0,0,1
2024-10-21T15:50:00.000000000Z,1.08224,london,monday,0.0,2.4,,,0.0,0.0,0,0
2024-10-21T15:51:00.000000000Z,1.08216,london,monday,0.0,1.6,,,0.0,0.0,0,0
2024-10-21T15:52:00.000000000Z,1.08214,london,monday,0.2,1.4,,,0.0,0.0,0,0
2024-10-21T15:53:00.000000000Z,1.0821,london,monday,0.6,1.0,,,0.0,0.0,0,0
2024-10-21T15:54:00.000000000Z,1.0821,london,monday,0.6,1.0,,,0.0,0.0,0,0
2024-10-21T15:55:00.000000000Z,1.08216,london,monday,0.0,1.6,,,0.0,0.0,0,0
2024-10-21T15:56:00.000000000Z,1.08211,london,monday,0.2,1.1,,,0.0,0.0,0,0
2024-10-21T15:57:00.000000000Z,1.08213,london,monday,0.0,1.3,,,0.0,0.0,0,0
2024-10-21T15:58:00.000000000Z,1.0821,london,monday,0.0,1.0,,,0.0,0.0,0,0
2024-10-21T15:59:00.000000000Z,1.082,london,monday,0.0,0.0,,,0.0,0.0,0,0
2024-10-28T08:00:00.000000000Z,1.08044,london,monday,16.4,2.0,11,,2.0,0.0,1,0
2024-10-28T08:01:00.000000000Z,1.08061,london,monday,14.7,3.7,12,3,3.7,0.0,1,1
2024-10-28T08:02:00.000000000Z,1.08056,london,monday,15.2,3.2,10,2,3.2,0.0,1,1
2024-10-28T08:03:00.000000000Z,1.08046,london,monday,16.2,2.2,8,,2.2,0.0,1,0
2024-10-28T08:04:00.000000000Z,1.08028,london,monday,18.0,0.4,4,,0.4,0.0,1,0
2024-10-28T08:05:00.000000000Z,1.08024,london,monday,18.4,0.0,2,,0.0,0.0,1,0
2024-10-28T08:06:00.000000000Z,1.08048,london,monday,16.0,0.0,5,,0.0,0.0,1,0
2024-10-28T08:07:00.000000000Z,1.08052,london,monday,15.6,0.0,5,,0.0,0.0,1,0
2024-10-28T08:08:00.000000000Z,1.0806,london,monday,14.8,0.6,5,,0.6,0.0,1,0
2024-10-28T08:09:00.000000000Z,1.08054,london,monday,15.4,0.0,3,,0.0,0.0,1,0
2024-10-28T08:10:00.000000000Z,1.08062,london,monday,14.6,0.0,3,,0.0,0.0,1,0
2024-10-28T08:11:00.000000000Z,1.08076,london,monday,13.2,0.0,6,,0.0,0.0,1,0
2024-10-28T08:12:00.000000000Z,1.08084,london,monday,12.4,0.0,6,,0.0,0.0,1,0
2024-10-28T08:13:00.000000000Z,1.08088,london,monday,12.0,0.3,5,,0.0,0.0,1,0
2024-10-28T08:14:00.000000000Z,1.08092,london,monday,11.6,0.7,4,,0.4,0.0,1,0
2024-10-28T08:15:00.000000000Z,1.08088,london,monday,12.0,0.3,3,,0.0,0.0,1,0
2024-10-28T08:16:00.000000000Z,1.08092,london,monday,11.6,0.7,2,,0.0,0.0,1,0
2024-10-28T08:17:00.000000000Z,1.08101,london,monday,10.7,1.6,2,,0.0,0.0,1,0
2024-10-28T08:18:00.000000000Z,1.08118,london,monday,9.0,3.3,2,92,0.0,9.0,1,1
2024-10-28T08:19:00.000000000Z,1.0813,london,monday,7.8,4.5,1,21,0.0,3.4,1,1
2024-10-28T08:20:00.000000000Z,1.08164,london,monday,4.4,7.9,35,4,6.3,0.0,1,1
2024-10-28T08:21:00.000000000Z,1.08142,london,monday,6.6,5.7,31,12,4.1,0.6,1,1
2024-10-28T08:22:00.000000000Z,1.08148,london,monday,6.0,6.3,31,9,4.7,0.0,1,1
2024-10-28T08:23:00.000000000Z,1.08139,london,monday,6.9,5.4,29,12,3.8,0.9,1,1
2024-10-28T08:24:00.000000000Z,1.08133,london,monday,7.5,4.8,27,11,3.2,1.5,1,1
2024-10-28T08:25:00.000000000Z,1.08128,london,monday,8.0,4.3,25,15,2.7,2.0,1,1
2024-10-28T08:26:00.000000000Z,1.08138,london,monday,7.0,5.3,26,9,3.7,1.0,1,1
2024-10-28T08:27:00.000000000Z,1.08148,london,monday,6.0,6.3,26,4,4.7,0.0,1,1
2024-10-28T08:28:00.000000000Z,1.08146,london,monday,6.2,6.1,25,5,4.5,0.0,1,1
2024-10-28T08:29:00.000000000Z,1.08142,london,monday,6.6,5.7,23,4,4.1,0.0,1,1
2024-10-28T08:30:00.000000000Z,1.08137,london,monday,7.1,5.2,22,5,3.6,0.0,1,1
2024-10-28T08:31:00.000000000Z,1.08123,london,monday,8.5,3.8,18,71,2.2,8.5,1,1
2024-10-28T08:32:00.000000000Z,1.08122,london,monday,8.6,3.7,17,70,2.1,8.6,1,1
2024-10-28T08:33:00.000000000Z,1.08116,london,monday,9.2,3.1,14,77,1.5,9.2,1,1
2024-10-28T08:34:00.000000000Z,1.08116,london,monday,9.2,3.1,13,76,1.5,9.2,1,1
2024-10-28T08:35:00.000000000Z,1.08106,london,monday,10.2,2.1,10,,0.5,0.0,1,0
2024-10-28T08:36:00.000000000Z,1.08108,london,monday,10.0,2.3,10,,0.7,0.0,1,0
2024-10-28T08:37:00.000000000Z,1.08108,london,monday,10.0,2.3,9,,0.7,0.0,1,0
2024-10-28T08:38:00.000000000Z,1.08112,london,monday,9.6,2.7,8,73,1.1,9.6,1,1
2024-10-28T08:39:00.000000000Z,1.08106,london,monday,10.2,2.1,6,,0.5,0.0,1,0
2024-10-28T08:40:00.000000000Z,1.08101,london,monday,10.7,1.6,4,,0.0,0.0,1,0
2024-10-28T08:41:00.000000000Z,1.08115,london,monday,9.3,3.0,6,69,1.4,9.3,1,1
2024-10-28T08:42:00.000000000Z,1.08101,london,monday,10.7,1.6,2,,0.0,0.0,1,0
2024-10-28T08:43:00.000000000Z,1.08117,london,monday,9.1,3.2,4,67,0.0,9.1,1,1
2024-10-28T08:44:00.000000000Z,1.08128,london,monday,8.0,4.3,6,56,0.0,8.0,1,1
2024-10-28T08:45:00.000000000Z,1.08133,london,monday,7.5,4.8,6,53,0.0,7.5,1,1
2024-10-28T08:46:00.000000000Z,1.08138,london,monday,7.0,5.3,6,52,0.0,7.0,1,1
2024-10-28T08:47:00.000000000Z,1.08143,london,monday,6.5,5.8,5,50,0.0,6.5,1,1
2024-10-28T08:48:00.000000000Z,1.08144,london,monday,6.4,5.9,5,43,0.0,6.4,1,1
2024-10-28T08:49:00.000000000Z,1.08148,london,monday,6.0,6.3,4,42,0.0,6.0,1,1
2024-10-28T08:50:00.000000000Z,1.08154,london,monday,5.4,6.9,4,40,0.0,5.4,1,1
2024-10-28T08:51:00.000000000Z,1.08158,london,monday,5.0,7.3,4,35,0.0,5.0,1,1
2024-10-28T08:52:00.000000000Z,1.08168,london,monday,4.0,8.3,3,32,0.0,4.0,1,1
2024-10-28T08:53:00.000000000Z,1.08176,london,monday,3.2,9.1,2,30,0.0,3.2,1,1
2024-10-28T08:54:00.000000000Z,1.08182,london,monday,2.6,9.7,1,24,0.0,2.6,1,1
2024-10-28T08:55:00.000000000Z,1.08208,london,monday,0.0,12.3,,9,0.0,0.0,0,1
2024-10-28T08:56:00.000000000Z,1.08204,london,monday,0.4,11.9,,9,0.0,0.4,0,1
2024-10-28T08:57:00.000000000Z,1.08208,london,monday,0.0,12.3,,7,0.0,0.0,0,1
2024-10-28T08:58:00.000000000Z,1.08196,london,monday,0.0,11.1,,9,0.0,0.0,0,1
2024-10-28T08:59:00.000000000Z,1.08192,london,monday,0.0,10.7,,8,0.0,0.0,0,1
2024-10-28T09:00:00.000000000Z,1.08186,london,monday,0.6,10.1,,18,0.0,0.6,0,1
2024-10-28T09:01:00.000000000Z,1.08187,london,monday,0.5,10.2,,6,0.0,0.4,0,1
2024-10-28T09:02:00.000000000Z,1.08191,london,monday,0.1,10.6,,5,0.0,0.0,0,1
2024-10-28T09:03:00.000000000Z,1.0819,london,monday,0.2,10.5,,4,0.0,0.0,0,1
2024-10-28T09:04:00.000000000Z,1.08181,london,monday,1.1,9.6,,14,0.0,1.1,0,1
2024-10-28T09:05:00.000000000Z,1.08172,london,monday,2.0,8.7,,19,0.0,2.0,0,1
2024-10-28T09:06:00.000000000Z,1.08172,london,monday,2.0,8.7,,18,0.0,2.0,0,1
2024-10-28T09:07:00.000000000Z,1.08162,london,monday,3.0,7.7,3,17,0.0,3.0,1,1
2024-10-28T09:08:00.000000000Z,1.08168,london,monday,2.4,8.3,,16,0.0,2.4,0,1
2024-10-28T09:09:00.000000000Z,1.08178,london,monday,1.4,9.3,,12,0.0,1.4,0,1
2024-10-28T09:10:00.000000000Z,1.08192,london,monday,0.0,10.7,,8,0.0,0.0,0,1
2024-10-28T09:11:00.000000000Z,1.08188,london,monday,0.0,10.3,,7,0.0,0.0,0,1
2024-10-28T09:12:00.000000000Z,1.08184,london,monday,0.4,9.9,,6,0.0,0.0,0,1
2024-10-28T09:13:00.000000000Z,1.08171,london,monday,1.7,8.6,,11,0.0,0.6,0,1
2024-10-28T09:14:00.000000000Z,1.08171,london,monday,1.7,8.6,,10,0.0,0.6,0,1
2024-10-28T09:15:00.000000000Z,1.08172,london,monday,1.6,8.7,,9,0.0,0.5,0,1
2024-10-28T09:16:00.000000000Z,1.08168,london,monday,2.0,8.3,,8,0.0,0.9,0,1
2024-10-28T09:17:00.000000000Z,1.08177,london,monday,1.1,9.2,,6,0.0,0.0,0,1
2024-10-28T09:18:00.000000000Z,1.08155,london,monday,3.3,7.0,48,8,7.0,0.3,1,1
2024-10-28T09:19:00.000000000Z,1.08158,london,monday,3.0,7.3,47,7,7.3,0.0,1,1
2024-10-28T09:20:00.000000000Z,1.08156,london,monday,3.2,7.1,46,6,7.1,0.0,1,1
2024-10-28T09:21:00.000000000Z,1.08152,london,monday,3.6,6.7,45,9,6.7,0.0,1,1
2024-10-28T09:22:00.000000000Z,1.08152,london,monday,3.6,6.7,44,8,6.7,0.0,1,1
2024-10-28T09:23:00.000000000Z,1.08148,london,monday,4.0,6.3,43,8,6.3,0.0,1,1
2024-10-28T09:24:00.000000000Z,1.08134,london,monday,5.4,4.9,40,14,4.9,2.2,1,1
2024-10-28T09:25:00.000000000Z,1.08136,london,monday,5.8,5.1,39,13,5.1,2.0,1,1
2024-10-28T09:26:00.000000000Z,1.0813,london,monday,6.4,4.5,7,14,1.2,2.6,1,1
2024-10-28T09:27:00.000000000Z,1.08135,london,monday,5.9,5.0,37,11,5.0,2.1,1,1
2024-10-28T09:28:00.000000000Z,1.08136,london,monday,6.4,5.1,36,10,5.1,2.0,1,1
2024-10-28T09:29:00.000000000Z,1.0814,london,monday,6.0,5.5,36,9,5.5,1.6,1,1
2024-10-28T09:30:00.000000000Z,1.08124,london,monday,7.6,3.9,3,12,0.6,3.2,1,1
2024-10-28T09:31:00.000000000Z,1.08118,london,monday,8.2,3.3,2,19,0.0,3.8,1,1
2024-10-28T09:32:00.000000000Z,1.08136,london,monday,6.4,5.1,32,6,5.1,2.0,1,1
2024-10-28T09:33:00.000000000Z,1.08156,london,monday,4.4,7.1,33,4,7.1,0.0,1,1
2024-10-28T09:34:00.000000000Z,1.08146,london,monday,5.4,6.1,31,3,6.1,0.0,1,1
2024-10-28T09:35:00.000000000Z,1.08136,london,monday,6.4,5.1,29,3,5.1,0.0,1,1
2024-10-28T09:36:00.000000000Z,1.08136,london,monday,6.4,5.1,28,2,5.1,0.0,1,1
2024-10-28T09:37:00.000000000Z,1.08117,london,monday,8.3,3.2,23,13,3.2,0.0,1,1
2024-10-28T09:38:00.000000000Z,1.08107,london,monday,9.3,2.2,21,,2.2,0.0,1,0
2024-10-28T09:39:00.000000000Z,1.08106,london,monday,9.4,2.1,20,,2.1,0.0,1,0
2024-10-28T09:40:00.000000000Z,1.08101,london,monday,9.9,1.6,16,,1.6,0.0,1,0
2024-10-28T09:41:00.000000000Z,1.0811,london,monday,9.0,2.5,19,,2.5,0.0,1,0
2024-10-28T09:42:00.000000000Z,1.08096,london,monday,10.4,1.1,13,,1.1,0.0,1,0
2024-10-28T09:43:00.000000000Z,1.08106,london,monday,9.4,2.1,16,,2.1,0.0,1,0
2024-10-28T09:44:00.000000000Z,1.08107,london,monday,9.3,2.2,15,,2.2,0.0,1,0
2024-10-28T09:45:00.000000000Z,1.08106,london,monday,9.4,2.1,14,,2.1,0.0,1,0
2024-10-28T09:46:00.000000000Z,1.08111,london,monday,8.9,2.6,14,5,2.6,0.0,1,1
2024-10-28T09:47:00.000000000Z,1.0811,london,monday,9.0,2.5,13,,2.5,0.0,1,0
2024-10-28T09:48:00.000000000Z,1.08108,london,monday,9.2,2.3,12,,2.3,0.0,1,0
2024-10-28T09:49:00.000000000Z,1.08104,london,monday,9.6,1.9,7,,1.9,0.0,1,0
2024-10-28T09:50:00.000000000Z,1.08089,london,monday,11.1,0.4,3,,0.4,0.0,1,0
2024-10-28T09:51:00.000000000Z,1.08085,london,monday,11.5,0.0,2,,0.0,0.0,1,0
2024-10-28T09:52:00.000000000Z,1.08095,london,monday,10.5,0.0,3,,0.0,0.0,1,0
2024-10-28T09:53:00.000000000Z,1.08114,london,monday,8.6,0.0,7,,0.0,0.0,1,0
2024-10-28T09:54:00.000000000Z,1.08116,london,monday,8.4,0.0,6,,0.0,0.0,1,0
2024-10-28T09:55:00.000000000Z,1.08122,london,monday,7.8,0.6,5,,0.0,0.0,1,0
2024-10-28T09:56:00.000000000Z,1.08129,london,monday,7.1,1.3,8,,0.2,0.0,1,0
2024-10-28T09:57:00.000000000Z,1.08128,london,monday,7.2,1.2,4,,0.1,0.0,1,0
2024-10-28T09:58:00.000000000Z,1.08127,london,monday,7.3,1.1,3,,0.0,0.0,1,0
2024-10-28T09:59:00.000000000Z,1.08132,london,monday,6.8,1.6,5,,0.0,0.0,1,0
2024-10-28T10:00:00.000000000Z,1.08148,london,monday,5.2,3.2,6,23,0.0,4.0,1,1
2024-10-28T10:01:00.000000000Z,1.08153,london,monday,4.7,3.7,5,22,0.1,3.5,1,1
2024-10-28T10:02:00.000000000Z,1.08152,london,monday,4.8,3.6,4,21,0.0,3.6,1,1
2024-10-28T10:03:00.000000000Z,1.08154,london,monday,4.6,3.8,3,20,0.0,3.4,1,1
2024-10-28T10:04:00.000000000Z,1.08162,london,monday,3.8,4.6,2,18,0.0,2.6,1,1
2024-10-28T10:05:00.000000000Z,1.08172,london,monday,2.8,5.6,63,16,5.6,1.6,1,1
2024-10-28T10:06:00.000000000Z,1.08188,london,monday,1.2,7.2,,12,0.0,0.0,0,1
2024-10-28T10:07:00.000000000Z,1.08186,london,monday,1.4,7.0,,11,0.0,0.0,0,1
2024-10-28T10:08:00.000000000Z,1.08182,london,monday,1.8,6.6,,10,0.0,0.0,0,1
2024-10-28T10:09:00.000000000Z,1.08182,london,monday,1.8,6.6,,9,0.0,0.0,0,1
2024-10-28T10:10:00.000000000Z,1.08169,london,monday,3.1,5.3,58,12,5.3,0.9,1,1
2024-10-28T10:11:00.000000000Z,1.08172,london,monday,2.8,5.6,57,10,5.6,0.6,1,1
2024-10-28T10:12:00.000000000Z,1.08172,london,monday,2.8,5.6,56,9,5.6,0.6,1,1
2024-10-28T10:13:00.000000000Z,1.08167,london,monday,3.3,5.1,52,9,5.1,1.1,1,1
2024-10-28T10:14:00.000000000Z,1.08173,london,monday,2.7,5.7,54,7,5.7,0.5,1,1
2024-10-28T10:15:00.000000000Z,1.08172,london,monday,2.8,5.6,53,6,5.6,0.6,1,1
2024-10-28T10:16:00.000000000Z,1.08178,london,monday,2.2,6.2,,2,0.0,0.0,0,1
2024-10-28T10:17:00.000000000Z,1.08163,london,monday,3.7,4.7,48,5,4.7,0.0,1,1
2024-10-28T10:18:00.000000000Z,1.08149,london,monday,5.1,3.3,26,5,3.3,0.5,1,1
2024-10-28T10:19:00.000000000Z,1.08152,london,monday,4.8,3.6,26,4,3.6,0.2,1,1
2024-10-28T10:20:00.000000000Z,1.08154,london,monday,4.6,3.8,25,3,3.8,0.0,1,1
2024-10-28T10:21:00.000000000Z,1.08146,london,monday,6.5,3.0,22,2,3.0,0.0,1,1
2024-10-28T10:22:00.000000000Z,1.08131,london,monday,8.0,1.5,14,,1.5,0.0,1,0
2024-10-28T10:23:00.000000000Z,1.08118,london,monday,9.3,0.2,12,,0.2,0.0,1,0
2024-10-28T10:24:00.000000000Z,1.08116,london,monday,10.1,0.0,11,,0.0,0.0,1,0
2024-10-28T10:25:00.000000000Z,1.08122,london,monday,9.8,0.4,10,,0.4,0.0,1,0
2024-10-28T10:26:00.000000000Z,1.08138,london,monday,8.4,2.0,16,,2.0,0.0,1,0
2024-10-28T10:27:00.000000000Z,1.0813,london,monday,11.4,1.2,9,,1.2,0.0,1,0
2024-10-28T10:28:00.000000000Z,1.08118,london,monday,12.6,0.0,7,,0.0,0.0,1,0
2024-10-28T10:29:00.000000000Z,1.0812,london,monday,12.4,0.0,6,,0.0,0.0,1,0
2024-10-28T10:30:00.000000000Z,1.08134,london,monday,11.3,0.4,11,,0.4,0.0,1,0
2024-10-28T10:31:00.000000000Z,1.08132,london,monday,11.5,0.2,6,,0.2,0.0,1,0
2024-10-28T10:32:00.000000000Z,1.0813,london,monday,11.7,0.0,4,,0.0,0.0,1,0
2024-10-28T10:33:00.000000000Z,1.08132,london,monday,11.7,0.0,4,,0.0,0.0,1,0
2024-10-28T10:34:00.000000000Z,1.0814,london,monday,11.0,0.0,9,,0.0,0.0,1,0
2024-10-28T10:35:00.000000000Z,1.08148,london,monday,10.2,0.0,9,,0.0,0.0,1,0
2024-10-28T10:36:00.000000000Z,1.08156,london,monday,9.5,0.4,9,,0.4,0.0,1,0
2024-10-28T10:37:00.000000000Z,1.08158,london,monday,10.0,0.6,26,,0.6,0.0,1,0
2024-10-28T10:38:00.000000000Z,1.08154,london,monday,10.4,0.2,7,,0.2,0.0,1,0
2024-10-28T10:39:00.000000000Z,1.08152,london,monday,10.6,0.0,6,,0.0,0.0,1,0
2024-10-28T10:40:00.000000000Z,1.08155,london,monday,10.3,0.3,5,,0.0,0.0,1,0
2024-10-28T10:41:00.000000000Z,1.08162,london,monday,9.6,1.0,24,,0.4,0.0,1,0
2024-10-28T10:42:00.000000000Z,1.08163,london,monday,9.5,1.1,23,,0.5,0.0,1,0
2024-10-28T10:43:00.000000000Z,1.08172,london,monday,8.6,2.0,25,,1.4,0.0,1,0
2024-10-28T10:44:00.000000000Z,1.08177,london,monday,8.1,2.5,77,,2.5,0.0,1,0
2024-10-28T10:45:00.000000000Z,1.08182,london,monday,7.6,3.0,76,52,3.0,1.8,1,1
2024-10-28T10:46:00.000000000Z,1.08178,london,monday,8.0,2.6,75,51,2.6,2.2,1,1
2024-10-28T10:47:00.000000000Z,1.08176,london,monday,8.2,2.4,74,,2.4,0.0,1,0
2024-10-28T10:48:00.000000000Z,1.08172,london,monday,8.6,2.0,20,,1.4,0.0,1,0
2024-10-28T10:49:00.000000000Z,1.08158,london,monday,10.0,0.6,14,,0.0,0.0,1,0
2024-10-28T10:50:00.000000000Z,1.08165,london,monday,9.3,1.3,15,,0.3,0.0,1,0
2024-10-28T10:51:00.000000000Z,1.08172,london,monday,8.6,2.0,17,,1.0,0.0,1,0
2024-10-28T10:52:00.000000000Z,1.08162,london,monday,9.6,1.0,13,,0.0,0.0,1,0
2024-10-28T10:53:00.000000000Z,1.08162,london,monday,9.6,1.0,12,,0.0,0.0,1,0
2024-10-28T10:54:00.000000000Z,1.08173,london,monday,8.5,2.1,14,,1.1,0.0,1,0
2024-10-28T10:55:00.000000000Z,1.08172,london,monday,8.6,2.0,13,,1.0,0.0,1,0
2024-10-28T10:56:00.000000000Z,1.0817,london,monday,8.8,1.8,12,,0.8,0.0,1,0
2024-10-28T10:57:00.000000000Z,1.08167,london,monday,9.1,1.5,8,,0.5,0.0,1,0
2024-10-28T10:58:00.000000000Z,1.08162,london,monday,9.6,1.0,7,,0.0,0.0,1,0
2024-10-28T10:59:00.000000000Z,1.08168,london,monday,9.0,1.6,6,,0.0,0.0,1,0
2024-10-28T11:00:00.000000000Z,1.08177,london,monday,8.1,2.8,61,100,2.5,8.1,1,1
2024-10-28T11:01:00.000000000Z,1.08172,london,monday,8.6,2.3,7,,0.0,0.0,1,0
2024-10-28T11:02:00.000000000Z,1.08177,london,monday,8.1,2.8,59,98,2.5,8.1,1,1
2024-10-28T11:03:00.000000000Z,1.08186,london,monday,7.2,3.7,61,33,3.4,1.4,1,1
2024-10-28T11:04:00.000000000Z,1.08186,london,monday,7.2,3.7,60,32,3.4,1.4,1,1
2024-10-28T11:05:00.000000000Z,1.08194,london,monday,6.4,4.5,60,10,4.2,0.6,1,1
2024-10-28T11:06:00.000000000Z,1.08183,london,monday,7.5,3.7,55,31,3.1,1.7,1,1
2024-10-28T11:07:00.000000000Z,1.08183,london,monday,7.5,4.9,54,30,3.1,1.7,1,1
2024-10-28T11:08:00.000000000Z,1.082,london,monday,5.8,6.6,59,6,4.8,0.0,1,1
2024-10-28T11:09:00.000000000Z,1.08196,london,monday,6.2,6.2,57,5,4.4,0.0,1,1
2024-10-28T11:10:00.000000000Z,1.08191,london,monday,6.7,5.7,54,8,3.9,0.0,1,1
2024-10-28T11:11:00.000000000Z,1.08188,london,monday,7.0,5.4,53,25,3.6,0.0,1,1
2024-10-28T11:12:00.000000000Z,1.08186,london,monday,7.2,5.2,52,24,3.4,0.0,1,1
2024-10-28T11:13:00.000000000Z,1.08178,london,monday,8.0,4.4,48,24,2.6,0.8,1,1
2024-10-28T11:14:00.000000000Z,1.0817,london,monday,8.8,3.6,45,93,1.8,8.8,1,1
2024-10-28T11:15:00.000000000Z,1.08168,london,monday,9.0,3.4,32,92,1.6,9.0,1,1
2024-10-28T11:16:00.000000000Z,1.08176,london,monday,8.2,4.2,45,84,2.4,8.2,1,1
2024-10-28T11:17:00.000000000Z,1.08166,london,monday,9.2,3.2,30,90,1.4,9.2,1,1
2024-10-28T11:18:00.000000000Z,1.08164,london,monday,9.4,3.0,29,89,1.2,9.4,1,1
2024-10-28T11:19:00.000000000Z,1.08169,london,monday,8.9,3.5,28,88,1.7,8.9,1,1
2024-10-28T11:20:00.000000000Z,1.08176,london,monday,8.2,4.2,41,80,2.4,8.2,1,1
2024-10-28T11:21:00.000000000Z,1.08172,london,monday,8.6,3.8,39,85,2.0,8.6,1,1
2024-10-28T11:22:00.000000000Z,1.08178,london,monday,8.0,4.4,39,15,2.6,0.8,1,1
2024-10-28T11:23:00.000000000Z,1.08178,london,monday,8.0,4.4,38,14,2.6,0.8,1,1
2024-10-28T11:24:00.000000000Z,1.08172,london,monday,8.6,3.8,36,82,2.0,8.6,1,1
2024-10-28T11:25:00.000000000Z,1.08176,london,monday,8.2,4.2,36,75,2.4,8.2,1,1
2024-10-28T11:26:00.000000000Z,1.0817,london,monday,8.8,3.6,33,81,1.8,8.8,1,1
2024-10-28T11:27:00.000000000Z,1.08172,london,monday,8.6,3.8,33,79,2.0,8.6,1,1
2024-10-28T11:28:00.000000000Z,1.08174,london,monday,8.4,4.0,33,78,2.2,8.4,1,1
2024-10-28T11:29:00.000000000Z,1.08178,london,monday,8.0,4.4,32,8,2.6,0.8,1,1
2024-10-28T11:30:00.000000000Z,1.08176,london,monday,8.2,4.2,31,70,2.4,8.2,1,1
2024-10-28T11:31:00.000000000Z,1.08177,london,monday,8.1,4.3,30,69,2.5,8.1,1,1
2024-10-28T11:32:00.000000000Z,1.08181,london,monday,7.7,4.7,29,5,2.9,0.5,1,1
2024-10-28T11:33:00.000000000Z,1.08186,london,monday,7.2,5.2,31,3,3.4,0.0,1,1
2024-10-28T11:34:00.000000000Z,1.0818,london,monday,7.8,4.6,27,3,2.8,0.0,1,1
2024-10-28T11:35:00.000000000Z,1.08166,london,monday,9.2,3.2,12,72,1.4,9.2,1,1
2024-10-28T11:36:00.000000000Z,1.0816,london,monday,9.8,2.6,10,71,0.8,9.8,1,1
2024-10-28T11:37:00.000000000Z,1.08152,london,monday,10.6,1.8,8,,0.0,0.0,1,0
2024-10-28T11:38:00.000000000Z,1.08158,london,monday,10.0,2.4,8,,0.0,0.0,1,0
2024-10-28T11:39:00.000000000Z,1.08158,london,monday,10.0,2.4,7,,0.0,0.0,1,0
2024-10-28T11:40:00.000000000Z,1.08163,london,monday,9.5,2.9,7,67,0.0,9.5,1,1
2024-10-28T11:41:00.000000000Z,1.08171,london,monday,8.7,3.7,18,66,0.5,8.7,1,1
2024-10-28T11:42:00.000000000Z,1.08166,london,monday,9.2,3.2,5,65,0.0,9.2,1,1
2024-10-28T11:43:00.000000000Z,1.08166,london,monday,9.2,3.2,4,64,0.0,9.2,1,1
2024-10-28T11:44:00.000000000Z,1.08174,london,monday,8.4,4.0,17,62,0.6,8.4,1,1
2024-10-28T11:45:00.000000000Z,1.0818,london,monday,7.8,4.6,16,55,1.2,7.8,1,1
2024-10-28T11:46:00.000000000Z,1.08186,london,monday,7.2,5.2,18,53,1.8,7.2,1,1
2024-10-28T11:47:00.000000000Z,1.08195,london,monday,6.3,6.1,18,6,2.7,0.0,1,1
2024-10-28T11:48:00.000000000Z,1.08182,london,monday,7.6,4.8,13,52,1.4,7.6,1,1
2024-10-28T11:49:00.000000000Z,1.08172,london,monday,8.6,3.8,11,57,0.4,8.6,1,1
2024-10-28T11:50:00.000000000Z,1.08178,london,monday,8.0,4.4,11,50,1.0,8.0,1,1
2024-10-28T11:51:00.000000000Z,1.08172,london,monday,8.6,3.8,9,55,0.4,8.6,1,1
2024-10-28T11:52:00.000000000Z,1.08174,london,monday,8.4,4.0,9,54,0.6,8.4,1,1
2024-10-28T11:53:00.000000000Z,1.08168,london,monday,9.0,3.4,6,54,0.0,9.0,1,1
2024-10-28T11:54:00.000000000Z,1.08172,london,monday,8.6,3.8,6,52,0.0,8.6,1,1
2024-10-28T11:55:00.000000000Z,1.08172,london,monday,8.6,3.8,5,51,0.0,8.6,1,1
2024-10-28T11:56:00.000000000Z,1.08172,london,monday,8.6,3.8,4,50,0.0,8.6,1,1
2024-10-28T11:57:00.000000000Z,1.08186,london,monday,7.2,5.2,7,42,0.0,7.2,1,1
2024-10-28T11:58:00.000000000Z,1.08192,london,monday,6.6,5.8,6,41,0.0,6.6,1,1
2024-10-28T11:59:00.000000000Z,1.08196,london,monday,6.2,6.2,7,40,0.0,6.2,1,1
2024-10-28T12:00:00.000000000Z,1.08198,london,monday,6.0,6.4,7,39,0.0,6.0,1,1
2024-10-28T12:01:00.000000000Z,1.08211,london,monday,4.7,7.7,6,37,0.1,4.7,1,1
2024-10-28T12:02:00.000000000Z,1.0821,london,monday,4.8,7.6,5,36,0.0,4.8,1,1
2024-10-28T12:03:00.000000000Z,1.0821,london,monday,4.8,7.6,4,35,0.0,4.8,1,1
2024-10-28T12:04:00.000000000Z,1.08217,london,monday,4.1,8.3,3,32,0.0,4.1,1,1
2024-10-28T12:05:00.000000000Z,1.0822,london,monday,3.8,8.6,5,31,0.0,3.8,1,1
2024-10-28T12:06:00.000000000Z,1.08222,london,monday,3.6,8.8,4,30,0.0,3.6,1,1
2024-10-28T12:07:00.000000000Z,1.08244,london,monday,1.4,11.0,,26,0.0,1.4,0,1
2024-10-28T12:08:00.000000000Z,1.08239,london,monday,1.9,10.5,,26,0.0,1.9,0,1
2024-10-28T12:09:00.000000000Z,1.08238,london,monday,2.0,10.4,,25,0.0,2.0,0,1
2024-10-28T12:10:00.000000000Z,1.08247,london,monday,1.1,11.3,,23,0.0,1.1,0,1
2024-10-28T12:11:00.000000000Z,1.08228,london,monday,3.0,9.4,6,24,0.0,3.0,1,1
2024-10-28T12:12:00.000000000Z,1.08241,london,monday,1.7,10.7,,21,0.0,1.7,0,1
2024-10-28T12:13:00.000000000Z,1.08249,london,monday,0.9,11.5,,20,0.0,0.9,0,1
2024-10-28T12:14:00.000000000Z,1.0825,london,monday,0.8,11.6,,19,0.0,0.8,0,1
2024-10-28T12:15:00.000000000Z,1.08243,london,monday,1.5,10.9,,18,0.0,1.5,0,1
2024-10-28T12:16:00.000000000Z,1.08251,london,monday,0.7,11.7,,17,0.0,0.7,0,1
2024-10-28T12:17:00.000000000Z,1.08258,london,monday,0.0,12.4,,10,0.0,0.0,0,1
2024-10-28T12:18:00.000000000Z,1.08256,london,monday,0.0,12.2,,9,0.0,0.0,0,1
2024-10-28T12:19:00.000000000Z,1.08246,london,monday,0.9,11.2,,14,0.0,0.9,0,1
2024-10-28T12:20:00.000000000Z,1.08247,london,monday,0.8,11.3,,13,0.0,0.8,0,1
2024-10-28T12:21:00.000000000Z,1.08252,london,monday,0.3,11.8,,12,0.0,0.3,0,1
2024-10-28T12:22:00.000000000Z,1.08255,london,monday,0.0,12.1,,5,0.0,0.0,0,1
2024-10-28T12:23:00.000000000Z,1.08249,london,monday,0.0,11.5,,10,0.0,0.0,0,1
2024-10-28T12:24:00.000000000Z,1.08247,london,monday,0.2,11.3,,9,0.0,0.2,0,1
2024-10-28T12:25:00.000000000Z,1.08244,london,monday,0.5,11.0,,8,0.0,0.5,0,1
2024-10-28T12:26:00.000000000Z,1.08237,london,monday,1.2,10.3,,8,0.0,1.2,0,1
2024-10-28T12:27:00.000000000Z,1.08229,london,monday,2.0,9.5,,8,0.0,2.0,0,1
2024-10-28T12:28:00.000000000Z,1.08228,london,monday,2.1,9.4,,7,0.0,2.1,0,1
2024-10-28T12:29:00.000000000Z,1.08238,london,monday,1.1,10.4,,5,0.0,1.1,0,1
2024-10-28T12:30:00.000000000Z,1.08247,london,monday,0.2,11.3,,3,0.0,0.2,0,1
2024-10-28T12:31:00.000000000Z,1.08249,london,monday,0.0,11.5,,2,0.0,0.0,0,1
2024-10-28T12:32:00.000000000Z,1.08238,london,monday,0.0,10.4,,2,0.0,0.0,0,1
2024-10-28T12:33:00.000000000Z,1.08216,london,monday,0.8,8.2,,3,0.0,0.0,0,1
2024-10-28T12:34:00.000000000Z,1.08206,london,monday,1.8,7.2,,4,0.0,0.0,0,1
2024-10-28T12:35:00.000000000Z,1.08202,london,monday,2.2,6.8,,3,0.0,0.0,0,1
2024-10-28T12:36:00.000000000Z,1.08191,london,monday,3.3,5.7,77,3,5.7,0.1,1,1
2024-10-28T12:37:00.000000000Z,1.08192,london,monday,3.2,5.8,76,2,5.8,0.0,1,1
2024-10-28T12:38:00.000000000Z,1.08175,london,monday,4.9,4.1,32,2,4.1,0.0,1,1
2024-10-28T12:39:00.000000000Z,1.08158,london,monday,6.6,2.4,26,,2.4,0.0,1,0
2024-10-28T12:40:00.000000000Z,1.08149,london,monday,7.5,1.5,24,,1.5,0.0,1,0
2024-10-28T12:41:00.000000000Z,1.08154,london,monday,7.0,2.0,23,,2.0,0.0,1,0
2024-10-28T12:42:00.000000000Z,1.0816,london,monday,6.4,2.6,23,5,2.6,0.0,1,1
2024-10-28T12:43:00.000000000Z,1.08157,london,monday,6.7,2.3,21,,2.3,0.0,1,0
2024-10-28T12:44:00.000000000Z,1.0816,london,monday,6.4,2.6,21,3,2.6,0.0,1,1
2024-10-28T12:45:00.000000000Z,1.08158,london,monday,6.6,2.4,20,,2.4,0.0,1,0
2024-10-28T12:46:00.000000000Z,1.08146,london,monday,7.8,1.2,18,,1.2,0.0,1,0
2024-10-28T12:47:00.000000000Z,1.08134,london,monday,9.0,0.0,2,,0.0,0.0,1,0
2024-10-28T12:48:00.000000000Z,1.08156,london,monday,8.0,1.6,16,,1.6,0.0,1,0
2024-10-28T12:49:00.000000000Z,1.08162,london,monday,7.4,2.2,18,,2.2,0.0,1,0
2024-10-28T12:50:00.000000000Z,1.08162,london,monday,7.6,2.2,17,,2.2,0.0,1,0
2024-10-28T12:51:00.000000000Z,1.08154,london,monday,8.4,1.4,13,,1.4,0.0,1,0
2024-10-28T12:52:00.000000000Z,1.0814,london,monday,9.8,0.0,10,,0.0,0.0,1,0
2024-10-28T12:53:00.000000000Z,1.0815,london,monday,8.8,1.0,11,,1.0,0.0,1,0
2024-10-28T12:54:00.000000000Z,1.0814,london,monday,9.8,0.0,8,,0.0,0.0,1,0
2024-10-28T12:55:00.000000000Z,1.08148,london,monday,9.0,0.1,9,,0.0,0.0,1,0
2024-10-28T12:56:00.000000000Z,1.0816,london,monday,7.8,1.3,9,,0.7,0.0,1,0
2024-10-28T12:57:00.000000000Z,1.08154,london,monday,8.4,0.7,7,,0.1,0.0,1,0
2024-10-28T12:58:00.000000000Z,1.08157,london,monday,8.1,1.0,6,,0.4,0.0,1,0
2024-10-28T12:59:00.000000000Z,1.08156,london,monday,8.2,0.9,5,,0.3,0.0,1,0
2024-10-28T13:00:00.000000000Z,1.08156,london,monday,8.2,0.9,4,,0.3,0.0,1,0
2024-10-28T13:01:00.000000000Z,1.08153,london,monday,8.5,0.6,3,,0.0,0.0,1,0
2024-10-28T13:02:00.000000000Z,1.08167,london,monday,7.1,2.0,5,,0.3,0.0,1,0
2024-10-28T13:03:00.000000000Z,1.08164,london,monday,7.4,1.7,4,,0.0,0.0,1,0
2024-10-28T13:04:00.000000000Z,1.08182,london,monday,5.6,3.5,48,16,3.5,2.0,1,1
2024-10-28T13:05:00.000000000Z,1.08185,london,monday,5.3,3.8,47,15,3.8,1.7,1,1
2024-10-28T13:06:00.000000000Z,1.08176,london,monday,6.2,2.9,4,14,0.0,2.6,1,1
2024-10-28T13:07:00.000000000Z,1.08194,london,monday,4.4,4.7,48,8,4.7,0.8,1,1
2024-10-28T13:08:00.000000000Z,1.08197,london,monday,4.1,5.0,47,7,5.0,0.5,1,1
2024-10-28T13:09:00.000000000Z,1.08178,london,monday,6.0,3.1,43,11,3.1,2.4,1,1
2024-10-28T13:10:00.000000000Z,1.08202,london,monday,4.4,5.5,78,5,5.5,0.0,1,1
2024-10-28T13:11:00.000000000Z,1.08191,london,monday,5.5,4.4,42,9,4.4,0.7,1,1
2024-10-28T13:12:00.000000000Z,1.08186,london,monday,7.2,3.9,40,8,3.9,1.2,1,1
2024-10-28T13:13:00.000000000Z,1.08188,london,monday,7.4,4.1,40,7,4.1,1.0,1,1
2024-10-28T13:14:00.000000000Z,1.08198,london,monday,6.4,5.1,41,1,5.1,0.0,1,1
2024-10-28T13:15:00.000000000Z,1.08168,london,monday,9.4,2.1,18,,2.1,0.0,1,0
2024-10-28T13:16:00.000000000Z,1.08167,london,monday,9.5,2.0,17,,2.0,0.0,1,0
2024-10-28T13:17:00.000000000Z,1.08172,london,monday,9.0,2.5,16,8,2.5,0.0,1,1
2024-10-28T13:18:00.000000000Z,1.08172,london,monday,9.0,2.5,15,7,2.5,0.0,1,1
2024-10-28T13:19:00.000000000Z,1.08166,london,monday,9.6,1.9,14,,1.9,0.0,1,0
2024-10-28T13:20:00.000000000Z,1.08148,london,monday,11.4,0.1,12,,0.1,0.0,1,0
2024-10-28T13:21:00.000000000Z,1.08158,london,monday,10.4,1.1,11,,1.1,0.0,1,0
2024-10-28T13:22:00.000000000Z,1.08164,london,monday,9.8,1.7,11,,1.7,0.0,1,0
2024-10-28T13:23:00.000000000Z,1.08154,london,monday,10.8,0.7,9,,0.7,0.0,1,0
2024-10-28T13:24:00.000000000Z,1.08168,london,monday,9.4,2.1,9,,2.1,0.0,1,0
2024-10-28T13:25:00.000000000Z,1.08147,london,monday,11.5,0.0,7,,0.0,0.0,1,0
2024-10-28T13:26:00.000000000Z,1.08158,london,monday,10.4,0.6,6,,0.6,0.0,1,0
2024-10-28T13:27:00.000000000Z,1.08158,london,monday,10.4,0.6,5,,0.6,0.0,1,0
2024-10-28T13:28:00.000000000Z,1.0816,london,monday,10.2,0.8,5,,0.8,0.0,1,0
2024-10-28T13:29:00.000000000Z,1.08162,london,monday,10.0,1.0,4,,1.0,0.0,1,0
2024-10-28T13:30:00.000000000Z,1.08154,london,monday,10.8,0.2,2,,0.2,0.0,1,0
2024-10-28T13:31:00.000000000Z,1.08152,london,monday,11.0,0.0,1,,0.0,0.0,1,0
2024-10-28T13:32:00.000000000Z,1.08184,london,monday,7.8,2.8,20,13,2.8,1.7,1,1
2024-10-28T13:33:00.000000000Z,1.08201,london,monday,6.1,4.5,55,12,4.5,0.0,1,1
2024-10-28T13:34:00.000000000Z,1.08188,london,monday,7.4,3.2,19,11,3.2,0.5,1,1
2024-10-28T13:35:00.000000000Z,1.08192,london,monday,7.0,3.6,18,10,3.6,0.1,1,1
2024-10-28T13:36:00.000000000Z,1.08187,london,monday,7.5,3.1,17,9,3.1,0.6,1,1
2024-10-28T13:37:00.000000000Z,1.08186,london,monday,7.6,3.0,15,8,3.0,0.7,1,1
2024-10-28T13:38:00.000000000Z,1.08182,london,monday,8.0,2.6,14,7,2.6,1.1,1,1
2024-10-28T13:39:00.000000000Z,1.08188,london,monday,7.4,3.2,14,6,3.2,0.5,1,1
2024-10-28T13:40:00.000000000Z,1.08176,london,monday,8.6,2.0,12,,2.0,0.0,1,0
2024-10-28T13:41:00.000000000Z,1.08176,london,monday,8.6,2.0,11,,2.0,0.0,1,0
2024-10-28T13:42:00.000000000Z,1.08178,london,monday,8.4,2.2,10,,2.2,0.0,1,0
2024-10-28T13:43:00.000000000Z,1.08187,london,monday,7.5,3.1,10,2,3.1,0.6,1,1
2024-10-28T13:44:00.000000000Z,1.08193,london,monday,6.9,3.7,11,1,3.7,0.0,1,1
2024-10-28T13:45:00.000000000Z,1.08156,london,monday,10.6,0.0,5,,0.0,0.0,1,0
2024-10-28T13:46:00.000000000Z,1.08168,london,monday,9.4,1.0,5,,0.6,0.0,1,0
2024-10-28T13:47:00.000000000Z,1.08162,london,monday,10.0,0.4,4,,0.0,0.0,1,0
2024-10-28T13:48:00.000000000Z,1.08172,london,monday,9.0,1.4,3,,0.0,0.0,1,0
2024-10-28T13:49:00.000000000Z,1.08173,london,monday,8.9,1.5,2,,0.0,0.0,1,0
2024-10-28T13:50:00.000000000Z,1.08182,london,monday,8.0,2.4,2,,0.0,0.0,1,0
2024-10-28T13:51:00.000000000Z,1.08199,london,monday,6.3,4.1,4,13,0.0,2.5,1,1
2024-10-28T13:52:00.000000000Z,1.08212,london,monday,5.0,5.4,38,9,5.4,1.2,1,1
2024-10-28T13:53:00.000000000Z,1.08218,london,monday,4.4,6.0,57,8,6.0,0.6,1,1
2024-10-28T13:54:00.000000000Z,1.08214,london,monday,4.8,5.6,56,7,5.6,1.0,1,1
2024-10-28T13:55:00.000000000Z,1.08224,london,monday,3.8,6.6,57,6,6.6,0.0,1,1
2024-10-28T13:56:00.000000000Z,1.082,london,monday,6.2,4.2,32,8,4.2,0.9,1,1
2024-10-28T13:57:00.000000000Z,1.08208,london,monday,5.4,5.0,31,5,5.0,0.1,1,1
2024-10-28T13:58:00.000000000Z,1.08209,london,monday,5.3,5.1,30,3,5.1,0.0,1,1
2024-10-28T13:59:00.000000000Z,1.08204,london,monday,5.8,4.6,29,3,4.6,0.4,1,1
2024-10-28T14:00:00.000000000Z,1.08208,london,monday,5.4,6.1,28,2,5.0,0.0,1,1
2024-10-28T14:01:00.000000000Z,1.08184,london,monday,7.8,3.7,25,7,2.6,0.0,1,1
2024-10-28T14:02:00.000000000Z,1.08178,london,monday,8.4,3.2,11,98,2.0,8.4,1,1
2024-10-28T14:03:00.000000000Z,1.08176,london,monday,8.6,3.0,10,97,1.8,8.6,1,1
2024-10-28T14:04:00.000000000Z,1.08167,london,monday,9.5,2.1,6,,0.9,0.0,1,0
2024-10-28T14:05:00.000000000Z,1.08162,london,monday,10.0,1.6,5,,0.4,0.0,1,0
2024-10-28T14:06:00.000000000Z,1.08178,london,monday,8.4,3.2,7,94,2.0,8.4,1,1
2024-10-28T14:07:00.000000000Z,1.08163,london,monday,9.9,1.7,3,,0.5,0.0,1,0
2024-10-28T14:08:00.000000000Z,1.08158,london,monday,10.4,1.2,1,,0.0,0.0,1,0
2024-10-28T14:09:00.000000000Z,1.08186,london,monday,7.6,4.0,17,90,1.2,7.6,1,1
2024-10-28T14:10:00.000000000Z,1.08194,london,monday,6.8,4.8,18,82,2.0,6.8,1,1
2024-10-28T14:11:00.000000000Z,1.08198,london,monday,6.4,5.2,17,81,2.4,6.4,1,1
2024-10-28T14:12:00.000000000Z,1.082,london,monday,6.2,5.4,16,6,2.6,0.6,1,1
2024-10-28T14:13:00.000000000Z,1.08206,london,monday,5.6,6.0,15,2,3.2,0.0,1,1
2024-10-28T14:14:00.000000000Z,1.08188,london,monday,7.4,4.2,13,79,1.4,7.4,1,1
2024-10-28T14:15:00.000000000Z,1.0818,london,monday,8.2,3.4,10,85,0.6,8.2,1,1
2024-10-28T14:16:00.000000000Z,1.08176,london,monday,8.6,3.0,9,84,0.2,8.6,1,1
2024-10-28T14:17:00.000000000Z,1.08178,london,monday,8.4,3.2,8,83,0.4,8.4,1,1
2024-10-28T14:18:00.000000000Z,1.08174,london,monday,8.8,2.8,6,82,0.0,8.8,1,1
2024-10-28T14:19:00.000000000Z,1.08178,london,monday,8.4,3.2,6,81,0.0,8.4,1,1
2024-10-28T14:20:00.000000000Z,1.08182,london,monday,8.0,3.6,6,80,0.0,8.0,1,1
2024-10-28T14:21:00.000000000Z,1.08183,london,monday,7.9,3.7,5,78,0.0,7.9,1,1
2024-10-28T14:22:00.000000000Z,1.08196,london,monday,6.6,5.0,6,70,0.4,6.6,1,1
2024-10-28T14:23:00.000000000Z,1.08192,london,monday,7.0,4.6,4,70,0.0,7.0,1,1
2024-10-28T14:24:00.000000000Z,1.082,london,monday,6.2,5.4,4,68,0.0,6.2,1,1
2024-10-28T14:25:00.000000000Z,1.08206,london,monday,5.6,6.0,3,57,0.0,5.6,1,1
2024-10-28T14:26:00.000000000Z,1.08212,london,monday,5.0,6.6,4,17,0.0,2.6,1,1
2024-10-28T14:27:00.000000000Z,1.08217,london,monday,4.5,7.1,23,15,3.1,2.1,1,1
2024-10-28T14:28:00.000000000Z,1.08236,london,monday,2.6,9.0,25,12,5.0,0.2,1,1
2024-10-28T14:29:00.000000000Z,1.08236,london,monday,2.6,9.0,24,11,5.0,0.2,1,1
2024-10-28T14:30:00.000000000Z,1.08238,london,monday,2.4,9.2,,10,0.0,0.0,0,1
2024-10-28T14:31:00.000000000Z,1.08234,london,monday,2.8,8.8,22,9,4.8,0.0,1,1
2024-10-28T14:32:00.000000000Z,1.08227,london,monday,3.5,8.1,20,9,4.1,0.7,1,1
2024-10-28T14:33:00.000000000Z,1.08234,london,monday,2.8,8.8,20,7,4.8,0.0,1,1
2024-10-28T14:34:00.000000000Z,1.08234,london,monday,2.8,8.8,19,6,4.8,0.0,1,1
2024-10-28T14:35:00.000000000Z,1.0823,london,monday,3.2,8.4,17,5,4.4,0.0,1,1
2024-10-28T14:36:00.000000000Z,1.08229,london,monday,3.3,8.3,16,5,4.3,0.0,1,1
2024-10-28T14:37:00.000000000Z,1.08228,london,monday,3.4,8.2,15,4,4.2,0.0,1,1
2024-10-28T14:38:00.000000000Z,1.08221,london,monday,4.1,7.5,12,4,3.5,0.6,1,1
2024-10-28T14:39:00.000000000Z,1.08227,london,monday,3.5,8.1,13,2,4.1,0.0,1,1
2024-10-28T14:40:00.000000000Z,1.08205,london,monday,5.7,5.9,5,43,1.9,5.7,1,1
2024-10-28T14:41:00.000000000Z,1.08201,london,monday,6.1,5.5,4,51,1.5,6.1,1,1
2024-10-28T14:42:00.000000000Z,1.0819,london,monday,7.2,4.4,3,51,0.4,7.2,1,1
2024-10-28T14:43:00.000000000Z,1.08186,london,monday,7.6,4.0,2,56,0.0,7.6,1,1
2024-10-28T14:44:00.000000000Z,1.08206,london,monday,5.6,6.0,1,38,0.0,5.6,1,1
2024-10-28T14:45:00.000000000Z,1.08232,london,monday,3.0,8.6,7,34,2.1,3.0,1,1
2024-10-28T14:46:00.000000000Z,1.08226,london,monday,3.6,8.0,6,33,1.5,3.6,1,1
2024-10-28T14:47:00.000000000Z,1.08227,london,monday,3.5,8.1,5,32,1.6,3.5,1,1
2024-10-28T14:48:00.000000000Z,1.08211,london,monday,5.1,6.5,2,34,0.0,5.1,1,1
2024-10-28T14:49:00.000000000Z,1.08226,london,monday,3.6,8.0,3,30,0.0,3.6,1,1
2024-10-28T14:50:00.000000000Z,1.08246,london,monday,1.6,10.0,,13,0.0,1.6,0,1
2024-10-28T14:51:00.000000000Z,1.08246,london,monday,1.6,10.0,,12,0.0,1.6,0,1
2024-10-28T14:52:00.000000000Z,1.08258,london,monday,0.4,11.2,,8,0.0,0.4,0,1
2024-10-28T14:53:00.000000000Z,1.08262,london,monday,0.0,11.6,,7,0.0,0.0,0,1
2024-10-28T14:54:00.000000000Z,1.08254,london,monday,0.0,10.8,,6,0.0,0.0,0,1
2024-10-28T14:55:00.000000000Z,1.08254,london,monday,0.0,10.8,,5,0.0,0.0,0,1
2024-10-28T14:56:00.000000000Z,1.08242,london,monday,0.2,9.6,,7,0.0,0.2,0,1
2024-10-28T14:57:00.000000000Z,1.08243,london,monday,0.1,9.7,,6,0.0,0.1,0,1
2024-10-28T14:58:00.000000000Z,1.08244,london,monday,0.0,9.8,,5,0.0,0.0,0,1
2024-10-28T14:59:00.000000000Z,1.08242,london,monday,0.0,9.6,,4,0.0,0.0,0,1
2024-10-28T15:00:00.000000000Z,1.08228,london,monday,1.0,8.2,,19,0.0,1.0,0,1
2024-10-28T15:01:00.000000000Z,1.08227,london,monday,1.1,8.1,,18,0.0,1.1,0,1
2024-10-28T15:02:00.000000000Z,1.08227,london,monday,1.1,8.1,,17,0.0,1.1,0,1
2024-10-28T15:03:00.000000000Z,1.08212,london,monday,2.6,6.6,6,18,0.0,2.6,1,1
2024-10-28T15:04:00.000000000Z,1.08224,london,monday,1.4,7.8,,15,0.0,1.4,0,1
2024-10-28T15:05:00.000000000Z,1.08225,london,monday,1.3,7.9,,14,0.0,1.3,0,1
2024-10-28T15:06:00.000000000Z,1.08234,london,monday,0.4,8.8,,13,0.0,0.4,0,1
2024-10-28T15:07:00.000000000Z,1.08236,london,monday,0.2,9.0,,12,0.0,0.2,0,1
2024-10-28T15:08:00.000000000Z,1.08231,london,monday,0.7,8.5,,11,0.0,0.7,0,1
2024-10-28T15:09:00.000000000Z,1.08238,london,monday,0.0,9.2,,9,0.0,0.0,0,1
2024-10-28T15:10:00.000000000Z,1.08232,london,monday,0.2,8.6,,9,0.0,0.2,0,1
2024-10-28T15:11:00.000000000Z,1.08226,london,monday,0.8,8.0,,8,0.0,0.8,0,1
2024-10-28T15:12:00.000000000Z,1.08228,london,monday,0.6,8.2,,7,0.0,0.6,0,1
2024-10-28T15:13:00.000000000Z,1.08234,london,monday,0.0,8.8,,6,0.0,0.0,0,1
2024-10-28T15:14:00.000000000Z,1.08232,london,monday,0.0,8.6,,5,0.0,0.0,0,1
2024-10-28T15:15:00.000000000Z,1.08222,london,monday,0.0,7.6,,4,0.0,0.0,0,1
2024-10-28T15:16:00.000000000Z,1.08215,london,monday,0.5,6.9,,5,0.0,0.5,0,1
2024-10-28T15:17:00.000000000Z,1.0822,london,monday,0.0,7.4,,2,0.0,0.0,0,1
2024-10-28T15:18:00.000000000Z,1.08212,london,monday,0.0,6.6,,3,0.0,0.0,0,1
2024-10-28T15:19:00.000000000Z,1.08192,london,monday,0.4,4.6,,14,0.0,0.4,0,1
2024-10-28T15:20:00.000000000Z,1.08192,london,monday,0.4,4.6,,13,0.0,0.4,0,1
2024-10-28T15:21:00.000000000Z,1.08186,london,monday,1.0,4.0,,18,0.0,1.0,0,1
2024-10-28T15:22:00.000000000Z,1.0818,london,monday,1.6,3.4,,18,0.0,1.6,0,1
2024-10-28T15:23:00.000000000Z,1.08178,london,monday,1.8,3.2,,17,0.0,1.8,0,1
2024-10-28T15:24:00.000000000Z,1.08182,london,monday,1.4,3.6,,16,0.0,1.4,0,1
2024-10-28T15:25:00.000000000Z,1.08182,london,monday,1.4,3.6,,15,0.0,1.4,0,1
2024-10-28T15:26:00.000000000Z,1.0819,london,monday,0.6,4.4,,7,0.0,0.6,0,1
2024-10-28T15:27:00.000000000Z,1.08192,london,monday,0.4,4.6,,6,0.0,0.4,0,1
2024-10-28T15:28:00.000000000Z,1.08196,london,monday,0.0,5.0,,4,0.0,0.0,0,1
2024-10-28T15:29:00.000000000Z,1.08187,london,monday,0.7,4.1,,4,0.0,0.7,0,1
2024-10-28T15:30:00.000000000Z,1.08184,london,monday,1.0,3.8,,9,0.0,1.0,0,1
2024-10-28T15:31:00.000000000Z,1.08194,london,monday,0.0,4.8,,1,0.0,0.0,0,1
2024-10-28T15:32:00.000000000Z,1.08168,london,monday,2.0,2.2,,,0.0,0.0,0,0
2024-10-28T15:33:00.000000000Z,1.08162,london,monday,2.6,1.6,25,,1.6,0.0,1,0
2024-10-28T15:34:00.000000000Z,1.08174,london,monday,1.4,2.8,,6,0.0,0.0,0,1
2024-10-28T15:35:00.000000000Z,1.08172,london,monday,1.6,2.6,,5,0.0,0.0,0,1
2024-10-28T15:36:00.000000000Z,1.08162,london,monday,2.6,1.6,22,,1.6,0.0,1,0
2024-10-28T15:37:00.000000000Z,1.08168,london,monday,2.0,2.2,,,0.0,0.0,0,0
2024-10-28T15:38:00.000000000Z,1.08166,london,monday,2.2,2.0,,,0.0,0.0,0,0
2024-10-28T15:39:00.000000000Z,1.08158,london,monday,3.0,1.2,18,,1.2,0.0,1,0
2024-10-28T15:40:00.000000000Z,1.08147,london,monday,4.1,0.1,11,,0.1,0.0,1,0
2024-10-28T15:41:00.000000000Z,1.08147,london,monday,4.1,0.1,10,,0.1,0.0,1,0
2024-10-28T15:42:00.000000000Z,1.08146,london,monday,4.2,0.0,9,,0.0,0.0,1,0
2024-10-28T15:43:00.000000000Z,1.08154,london,monday,3.4,0.6,11,,0.6,0.0,1,0
2024-10-28T15:44:00.000000000Z,1.08148,london,monday,4.0,0.0,7,,0.0,0.0,1,0
2024-10-28T15:45:00.000000000Z,1.08152,london,monday,3.6,0.1,9,,0.1,0.0,1,0
2024-10-28T15:46:00.000000000Z,1.08158,london,monday,3.0,0.7,11,,0.7,0.0,1,0
2024-10-28T15:47:00.000000000Z,1.08157,london,monday,3.1,0.6,7,,0.6,0.0,1,0
2024-10-28T15:48:00.000000000Z,1.08158,london,monday,3.0,0.7,9,,0.7,0.0,1,0
2024-10-28T15:49:00.000000000Z,1.08151,london,monday,3.7,0.0,2,,0.0,0.0,1,0
2024-10-28T15:50:00.000000000Z,1.08159,london,monday,2.9,0.0,8,,0.0,0.0,1,0
2024-10-28T15:51:00.000000000Z,1.08177,london,monday,1.1,0.9,,,0.0,0.0,0,0
2024-10-28T15:52:00.000000000Z,1.08173,london,monday,1.5,0.5,,,0.0,0.0,0,0
2024-10-28T15:53:00.000000000Z,1.08174,london,monday,1.4,0.6,,,0.0,0.0,0,0
2024-10-28T15:54:00.000000000Z,1.08182,london,monday,0.6,1.4,,,0.0,0.0,0,0
2024-10-28T15:55:00.000000000Z,1.08178,london,monday,1.0,1.0,,,0.0,0.0,0,0
2024-10-28T15:56:00.000000000Z,1.08168,london,monday,2.0,0.0,,,0.0,0.0,0,0
2024-10-28T15:57:00.000000000Z,1.08183,london,monday,0.5,0.0,,,0.0,0.0,0,0
2024-10-28T15:58:00.000000000Z,1.08188,london,monday,0.0,0.0,,,0.0,0.0,0,0
2024-10-28T15:59:00.000000000Z,1.08188,london,monday,0.0,0.0,,,0.0,0.0,0,0
2024-11-04T08:00:00.000000000Z,1.08914,london,monday,10.7,1.6,7,,1.0,0.0,1,0
2024-11-04T08:01:00.000000000Z,1.0893,london,monday,9.1,3.2,6,1,2.6,0.0,1,1
2024-11-04T08:02:00.000000000Z,1.08904,london,monday,11.7,0.6,4,,0.0,0.0,1,0
2024-11-04T08:03:00.000000000Z,1.08918,london,monday,10.3,2.0,4,,0.0,0.0,1,0
2024-11-04T08:04:00.000000000Z,1.08923,london,monday,9.8,2.5,3,,0.0,0.0,1,0
2024-11-04T08:05:00.000000000Z,1.08928,london,monday,9.3,3.0,2,43,0.0,7.4,1,1
2024-11-04T08:06:00.000000000Z,1.08935,london,monday,8.6,3.7,1,26,0.0,6.7,1,1
2024-11-04T08:07:00.000000000Z,1.08967,london,monday,5.4,6.9,4,21,1.1,3.5,1,1
2024-11-04T08:08:00.000000000Z,1.08956,london,monday,6.5,5.8,2,24,0.0,4.6,1,1
2024-11-04T08:09:00.000000000Z,1.08972,london,monday,4.9,7.4,3,16,0.0,3.0,1,1
2024-11-04T08:10:00.000000000Z,1.08988,london,monday,3.3,9.0,87,12,9.0,1.4,1,1
2024-11-04T08:11:00.000000000Z,1.08996,london,monday,2.5,9.8,,7,0.0,0.6,0,1
2024-11-04T08:12:00.000000000Z,1.09002,london,monday,1.9,10.4,,6,0.0,0.0,0,1
2024-11-04T08:13:00.000000000Z,1.08998,london,monday,2.3,10.0,,5,0.0,0.0,0,1
2024-11-04T08:14:00.000000000Z,1.08994,london,monday,2.7,9.6,84,4,9.6,0.0,1,1
2024-11-04T08:15:00.000000000Z,1.08982,london,monday,3.9,8.4,81,10,8.4,0.4,1,1
2024-11-04T08:16:00.000000000Z,1.08986,london,monday,3.5,8.8,81,6,8.8,0.0,1,1
2024-11-04T08:17:00.000000000Z,1.0898,london,monday,4.1,8.2,79,8,8.2,0.0,1,1
2024-11-04T08:18:00.000000000Z,1.08966,london,monday,5.5,6.8,77,10,6.8,0.4,1,1
2024-11-04T08:19:00.000000000Z,1.0897,london,monday,5.1,7.2,76,6,7.2,0.0,1,1
2024-11-04T08:20:00.000000000Z,1.08964,london,monday,5.7,6.6,72,8,6.6,0.4,1,1
2024-11-04T08:21:00.000000000Z,1.08968,london,monday,5.3,7.0,74,4,7.0,0.0,1,1
2024-11-04T08:22:00.000000000Z,1.08958,london,monday,6.3,6.0,70,10,6.0,0.8,1,1
2024-11-04T08:23:00.000000000Z,1.08958,london,monday,6.3,6.0,69,9,6.0,0.8,1,1
2024-11-04T08:24:00.000000000Z,1.08966,london,monday,5.5,6.8,71,4,6.8,0.0,1,1
2024-11-04T08:25:00.000000000Z,1.08942,london,monday,7.9,4.4,51,7,4.4,1.0,1,1
2024-11-04T08:26:00.000000000Z,1.08942,london,monday,7.9,4.4,50,6,4.4,1.0,1,1
2024-11-04T08:27:00.000000000Z,1.08949,london,monday,7.2,5.1,50,5,5.1,0.3,1,1
2024-11-04T08:28:00.000000000Z,1.08937,london,monday,8.4,3.9,36,4,3.9,1.5,1,1
2024-11-04T08:29:00.000000000Z,1.08952,london,monday,6.9,5.4,49,3,5.4,0.0,1,1
2024-11-04T08:30:00.000000000Z,1.08948,london,monday,7.3,5.0,47,2,5.0,0.0,1,1
2024-11-04T08:31:00.000000000Z,1.08944,london,monday,7.7,4.6,45,1,4.6,0.0,1,1
2024-11-04T08:32:00.000000000Z,1.0891,london,monday,11.1,1.2,4,,0.0,0.0,1,0
2024-11-04T08:33:00.000000000Z,1.08925,london,monday,9.6,2.7,5,17,0.0,2.7,1,1
2024-11-04T08:34:00.000000000Z,1.0893,london,monday,9.1,3.2,29,13,3.2,2.2,1,1
2024-11-04T08:35:00.000000000Z,1.08934,london,monday,8.7,3.6,28,12,3.6,1.8,1,1
2024-11-04T08:36:00.000000000Z,1.08946,london,monday,7.5,4.8,41,4,4.8,0.6,1,1
2024-11-04T08:37:00.000000000Z,1.0895,london,monday,7.1,5.2,40,3,5.2,0.2,1,1
2024-11-04T08:38:00.000000000Z,1.08952,london,monday,6.9,5.4,40,2,5.4,0.0,1,1
2024-11-04T08:39:00.000000000Z,1.0894,london,monday,8.1,4.2,37,1,4.2,0.0,1,1
2024-11-04T08:40:00.000000000Z,1.08913,london,monday,10.8,1.5,16,,1.5,0.0,1,0
2024-11-04T08:41:00.000000000Z,1.08912,london,monday,10.9,1.4,15,,1.4,0.0,1,0
2024-11-04T08:42:00.000000000Z,1.08911,london,monday,11.0,1.3,14,,1.3,0.0,1,0
2024-11-04T08:43:00.000000000Z,1.08927,london,monday,9.4,2.9,18,5,2.9,0.0,1,1
2024-11-04T08:44:00.000000000Z,1.08916,london,monday,10.5,1.8,14,,1.8,0.0,1,0
2024-11-04T08:45:00.000000000Z,1.08914,london,monday,10.7,1.6,11,,1.6,0.0,1,0
2024-11-04T08:46:00.000000000Z,1.08912,london,monday,10.9,1.4,10,,1.4,0.0,1,0
2024-11-04T08:47:00.000000000Z,1.08904,london,monday,11.7,0.6,9,,0.6,0.0,1,0
2024-11-04T08:48:00.000000000Z,1.08901,london,monday,12.0,0.3,8,,0.3,0.0,1,0
2024-11-04T08:49:00.000000000Z,1.08902,london,monday,11.9,0.4,7,,0.4,0.0,1,0
2024-11-04T08:50:00.000000000Z,1.08898,london,monday,12.3,0.0,1,,0.0,0.0,1,0
2024-11-04T08:51:00.000000000Z,1.08924,london,monday,9.7,1.0,10,,1.0,0.0,1,0
2024-11-04T08:52:00.000000000Z,1.08914,london,monday,10.7,0.0,4,,0.0,0.0,1,0
2024-11-04T08:53:00.000000000Z,1.08918,london,monday,10.3,0.4,8,,0.4,0.0,1,0
2024-11-04T08:54:00.000000000Z,1.08914,london,monday,10.7,0.0,2,,0.0,0.0,1,0
2024-11-04T08:55:00.000000000Z,1.08926,london,monday,9.5,1.2,6,,0.0,0.0,1,0
2024-11-04T08:56:00.000000000Z,1.08939,london,monday,8.2,2.5,20,11,2.5,2.4,1,1
2024-11-04T08:57:00.000000000Z,1.08926,london,monday,9.5,1.2,4,,0.0,0.0,1,0
2024-11-04T08:58:00.000000000Z,1.08941,london,monday,8.0,2.7,18,9,2.7,2.2,1,1
2024-11-04T08:59:00.000000000Z,1.08931,london,monday,9.0,1.7,4,,0.0,0.0,1,0
2024-11-04T09:00:00.000000000Z,1.08939,london,monday,8.2,2.5,16,7,2.5,2.4,1,1
2024-11-04T09:01:00.000000000Z,1.08954,london,monday,6.7,4.0,29,6,4.0,0.9,1,1
2024-11-04T09:02:00.000000000Z,1.08952,london,monday,6.9,3.8,16,5,3.8,1.1,1,1
2024-11-04T09:03:00.000000000Z,1.08959,london,monday,6.2,4.5,29,4,4.5,0.4,1,1
2024-11-04T09:04:00.000000000Z,1.08963,london,monday,5.8,4.9,28,3,4.9,0.0,1,1
2024-11-04T09:05:00.000000000Z,1.08946,london,monday,7.6,3.2,12,2,3.2,0.0,1,1
2024-11-04T09:06:00.000000000Z,1.0894,london,monday,8.2,2.6,10,1,2.6,0.0,1,1
2024-11-04T09:07:00.000000000Z,1.08914,london,monday,10.8,0.0,4,,0.0,0.0,1,0
2024-11-04T09:08:00.000000000Z,1.08928,london,monday,9.4,1.0,3,,1.0,0.0,1,0
2024-11-04T09:09:00.000000000Z,1.08918,london,monday,10.4,0.0,2,,0.0,0.0,1,0
2024-11-04T09:10:00.000000000Z,1.08933,london,monday,8.9,0.3,4,,0.0,0.0,1,0
2024-11-04T09:11:00.000000000Z,1.08956,london,monday,6.6,2.6,21,12,2.6,2.2,1,1
2024-11-04T09:12:00.000000000Z,1.08953,london,monday,6.9,2.3,18,,2.3,0.0,1,0
2024-11-04T09:13:00.000000000Z,1.0895,london,monday,7.2,2.0,4,,0.0,0.0,1,0
2024-11-04T09:14:00.000000000Z,1.08964,london,monday,5.8,3.4,18,8,3.4,1.4,1,1
2024-11-04T09:15:00.000000000Z,1.08962,london,monday,6.0,3.2,17,7,3.2,1.6,1,1
2024-11-04T09:16:00.000000000Z,1.08969,london,monday,5.3,3.9,19,6,3.9,0.9,1,1
2024-11-04T09:17:00.000000000Z,1.08976,london,monday,4.6,4.6,19,5,4.6,0.2,1,1
2024-11-04T09:18:00.000000000Z,1.08978,london,monday,4.4,4.8,18,4,4.8,0.0,1,1
2024-11-04T09:19:00.000000000Z,1.0896,london,monday,6.2,3.0,13,3,3.0,0.0,1,1
2024-11-04T09:20:00.000000000Z,1.08956,london,monday,6.6,2.6,12,3,2.6,0.0,1,1
2024-11-04T09:21:00.000000000Z,1.08953,london,monday,8.1,2.3,9,,2.3,0.0,1,0
2024-11-04T09:22:00.000000000Z,1.08934,london,monday,10.0,0.4,3,,0.4,0.0,1,0
2024-11-04T09:23:00.000000000Z,1.0893,london,monday,10.4,0.0,1,,0.0,0.0,1,0
2024-11-04T09:24:00.000000000Z,1.08958,london,monday,7.6,1.6,8,,0.0,0.0,1,0
2024-11-04T09:25:00.000000000Z,1.08968,london,monday,7.0,2.6,10,57,0.0,5.3,1,1
2024-11-04T09:26:00.000000000Z,1.08972,london,monday,6.7,3.0,10,55,0.0,4.9,1,1
2024-11-04T09:27:00.000000000Z,1.08978,london,monday,6.6,3.6,9,54,0.6,4.3,1,1
2024-11-04T09:28:00.000000000Z,1.08976,london,monday,6.8,3.4,8,53,0.4,4.5,1,1
2024-11-04T09:29:00.000000000Z,1.08976,london,monday,6.8,3.4,7,52,0.4,4.5,1,1
2024-11-04T09:30:00.000000000Z,1.08981,london,monday,6.3,3.9,6,51,0.9,4.0,1,1
2024-11-04T09:31:00.000000000Z,1.08972,london,monday,7.2,3.0,5,50,0.0,4.9,1,1
2024-11-04T09:32:00.000000000Z,1.0899,london,monday,5.4,4.8,5,18,0.1,3.1,1,1
2024-11-04T09:33:00.000000000Z,1.0899,london,monday,5.4,4.8,4,17,0.1,3.1,1,1
2024-11-04T09:34:00.000000000Z,1.08989,london,monday,5.5,4.7,3,16,0.0,3.2,1,1
2024-11-04T09:35:00.000000000Z,1.08996,london,monday,4.8,5.4,70,15,5.4,2.5,1,1
2024-11-04T09:36:00.000000000Z,1.09007,london,monday,3.7,6.5,85,11,6.5,1.4,1,1
2024-11-04T09:37:00.000000000Z,1.09016,london,monday,2.8,7.4,90,10,7.4,0.5,1,1
2024-11-04T09:38:00.000000000Z,1.09021,london,monday,2.3,7.9,,8,0.0,0.0,0,1
2024-11-04T09:39:00.000000000Z,1.09018,london,monday,2.6,7.6,88,8,7.6,0.0,1,1
2024-11-04T09:40:00.000000000Z,1.09014,london,monday,3.0,7.2,87,7,7.2,0.0,1,1
2024-11-04T09:41:00.000000000Z,1.0901,london,monday,3.4,6.8,84,6,6.8,0.0,1,1
2024-11-04T09:42:00.000000000Z,1.09002,london,monday,4.2,6.0,79,8,6.0,0.5,1,1
2024-11-04T09:43:00.000000000Z,1.09007,london,monday,3.7,6.5,78,4,6.5,0.0,1,1
2024-11-04T09:44:00.000000000Z,1.09004,london,monday,4.0,6.2,77,6,6.2,0.2,1,1
2024-11-04T09:45:00.000000000Z,1.09006,london,monday,3.8,6.4,76,5,6.4,0.0,1,1
2024-11-04T09:46:00.000000000Z,1.08994,london,monday,5.0,5.2,59,4,5.2,0.0,1,1
2024-11-04T09:47:00.000000000Z,1.08982,london,monday,6.2,4.0,52,33,4.0,0.0,1,1
2024-11-04T09:48:00.000000000Z,1.08982,london,monday,6.2,4.0,51,32,4.0,0.0,1,1
2024-11-04T09:49:00.000000000Z,1.08982,london,monday,6.2,4.0,50,31,4.0,0.0,1,1
2024-11-04T09:50:00.000000000Z,1.0896,london,monday,8.4,1.8,41,,1.8,0.0,1,0
2024-11-04T09:51:00.000000000Z,1.08962,london,monday,8.2,2.0,40,,2.0,0.0,1,0
2024-11-04T09:52:00.000000000Z,1.08965,london,monday,7.9,2.3,40,,2.3,0.0,1,0
2024-11-04T09:53:00.000000000Z,1.08972,london,monday,7.2,3.0,39,28,3.0,1.0,1,1
2024-11-04T09:54:00.000000000Z,1.08972,london,monday,7.2,3.0,38,27,3.0,1.0,1,1
2024-11-04T09:55:00.000000000Z,1.08976,london,monday,8.1,3.4,42,26,3.4,0.6,1,1
2024-11-04T09:56:00.000000000Z,1.08966,london,monday,10.6,2.4,36,,2.4,0.0,1,0
2024-11-04T09:57:00.000000000Z,1.08974,london,monday,9.8,3.2,40,24,3.2,0.8,1,1
2024-11-04T09:58:00.000000000Z,1.0896,london,monday,11.2,1.8,33,,1.8,0.0,1,0
2024-11-04T09:59:00.000000000Z,1.08962,london,monday,11.0,2.0,32,,2.0,0.0,1,0
2024-11-04T10:00:00.000000000Z,1.08978,london,monday,9.6,3.6,38,21,3.6,0.4,1,1
2024-11-04T10:01:00.000000000Z,1.08969,london,monday,11.1,2.7,31,21,2.7,1.3,1,1
2024-11-04T10:02:00.000000000Z,1.08974,london,monday,10.6,3.2,35,19,3.2,0.8,1,1
2024-11-04T10:03:00.000000000Z,1.08967,london,monday,11.3,2.5,29,,2.5,0.0,1,0
2024-11-04T10:04:00.000000000Z,1.08982,london,monday,9.8,4.0,35,16,4.0,0.0,1,1
2024-11-04T10:05:00.000000000Z,1.08976,london,monday,11.0,3.4,32,16,3.4,0.6,1,1
2024-11-04T10:06:00.000000000Z,1.08972,london,monday,13.0,3.0,26,15,3.0,1.0,1,1
2024-11-04T10:07:00.000000000Z,1.08975,london,monday,12.7,3.3,30,14,3.3,0.7,1,1
2024-11-04T10:08:00.000000000Z,1.08982,london,monday,12.0,4.0,31,12,4.0,0.0,1,1
2024-11-04T10:09:00.000000000Z,1.0898,london,monday,12.2,3.8,30,12,3.8,0.2,1,1
2024-11-04T10:10:00.000000000Z,1.08978,london,monday,12.4,3.6,28,11,3.6,0.4,1,1
2024-11-04T10:11:00.000000000Z,1.08968,london,monday,14.6,2.6,21,11,2.6,1.4,1,1
2024-11-04T10:12:00.000000000Z,1.08977,london,monday,14.2,3.5,25,9,3.5,0.5,1,1
2024-11-04T10:13:00.000000000Z,1.08974,london,monday,14.6,3.2,24,8,3.2,0.8,1,1
2024-11-04T10:14:00.000000000Z,1.08976,london,monday,15.0,3.4,23,7,3.4,0.6,1,1
2024-11-04T10:15:00.000000000Z,1.08982,london,monday,14.6,4.0,24,5,4.0,0.0,1,1
2024-11-04T10:16:00.000000000Z,1.08975,london,monday,15.3,3.3,21,5,3.3,0.0,1,1
2024-11-04T10:17:00.000000000Z,1.08973,london,monday,15.5,3.1,20,4,3.1,0.0,1,1
2024-11-04T10:18:00.000000000Z,1.08958,london,monday,18.1,1.6,13,,1.6,0.0,1,0
2024-11-04T10:19:00.000000000Z,1.08962,london,monday,17.7,2.0,12,,2.0,0.0,1,0
2024-11-04T10:20:00.000000000Z,1.08956,london,monday,19.1,1.4,11,,1.4,0.0,1,0
2024-11-04T10:21:00.000000000Z,1.08946,london,monday,20.1,0.4,6,,0.4,0.0,1,0
2024-11-04T10:22:00.000000000Z,1.08942,london,monday,20.5,0.0,5,,0.0,0.0,1,0
2024-11-04T10:23:00.000000000Z,1.08952,london,monday,19.5,0.5,8,,0.5,0.0,1,0
2024-11-04T10:24:00.000000000Z,1.08947,london,monday,20.0,0.0,3,,0.0,0.0,1,0
2024-11-04T10:25:00.000000000Z,1.08958,london,monday,18.9,0.0,6,,0.0,0.0,1,0
2024-11-04T10:26:00.000000000Z,1.08966,london,monday,18.1,0.0,6,,0.0,0.0,1,0
2024-11-04T10:27:00.000000000Z,1.08974,london,monday,17.3,0.5,10,,0.5,0.0,1,0
2024-11-04T10:28:00.000000000Z,1.08969,london,monday,17.8,0.0,4,,0.0,0.0,1,0
2024-11-04T10:29:00.000000000Z,1.08969,london,monday,17.8,0.0,3,,0.0,0.0,1,0
2024-11-04T10:30:00.000000000Z,1.08973,london,monday,17.4,0.0,7,,0.0,0.0,1,0
2024-11-04T10:31:00.000000000Z,1.08988,london,monday,15.9,0.5,12,,0.5,0.0,1,0
2024-11-04T10:32:00.000000000Z,1.08998,london,monday,14.9,1.5,29,,1.5,0.0,1,0
2024-11-04T10:33:00.000000000Z,1.08989,london,monday,15.8,0.6,10,,0.6,0.0,1,0
2024-11-04T10:34:00.000000000Z,1.08988,london,monday,15.9,0.5,9,,0.5,0.0,1,0
2024-11-04T10:35:00.000000000Z,1.08983,london,monday,16.4,0.0,8,,0.0,0.0,1,0
2024-11-04T10:36:00.000000000Z,1.08996,london,monday,15.1,1.3,9,,0.0,0.0,1,0
2024-11-04T10:37:00.000000000Z,1.09002,london,monday,14.5,1.9,24,,1.9,0.0,1,0
2024-11-04T10:38:00.000000000Z,1.09004,london,monday,14.3,2.1,23,,2.1,0.0,1,0
2024-11-04T10:39:00.000000000Z,1.09008,london,monday,13.9,2.5,22,,2.5,0.0,1,0
2024-11-04T10:40:00.000000000Z,1.09006,london,monday,14.1,2.3,21,,2.3,0.0,1,0
2024-11-04T10:41:00.000000000Z,1.08998,london,monday,14.9,1.5,20,,1.5,0.0,1,0
2024-11-04T10:42:00.000000000Z,1.09002,london,monday,14.5,1.9,19,,1.9,0.0,1,0
2024-11-04T10:43:00.000000000Z,1.09016,london,monday,13.1,3.3,24,7,3.3,0.6,1,1
2024-11-04T10:44:00.000000000Z,1.09018,london,monday,12.9,3.5,23,6,3.5,0.4,1,1
2024-11-04T10:45:00.000000000Z,1.09022,london,monday,12.5,3.9,50,2,3.9,0.0,1,1
2024-11-04T10:46:00.000000000Z,1.09008,london,monday,13.9,2.5,15,,2.5,0.0,1,0
2024-11-04T10:47:00.000000000Z,1.08996,london,monday,15.1,1.3,14,,1.3,0.0,1,0
2024-11-04T10:48:00.000000000Z,1.08994,london,monday,15.3,1.1,7,,1.1,0.0,1,0
2024-11-04T10:49:00.000000000Z,1.08997,london,monday,15.0,1.4,12,,1.4,0.0,1,0
2024-11-04T10:50:00.000000000Z,1.08983,london,monday,16.4,0.0,4,,0.0,0.0,1,0
2024-11-04T10:51:00.000000000Z,1.08983,london,monday,16.4,0.0,3,,0.0,0.0,1,0
2024-11-04T10:52:00.000000000Z,1.09005,london,monday,14.2,0.1,9,,0.1,0.0,1,0
2024-11-04T10:53:00.000000000Z,1.09004,london,monday,14.3,0.0,8,,0.0,0.0,1,0
2024-11-04T10:54:00.000000000Z,1.09017,london,monday,13.0,1.2,13,,1.1,0.0,1,0
2024-11-04T10:55:00.000000000Z,1.0902,london,monday,12.7,1.5,40,,1.5,0.0,1,0
2024-11-04T10:56:00.000000000Z,1.09006,london,monday,14.1,0.1,5,,0.0,0.0,1,0
2024-11-04T10:57:00.000000000Z,1.09006,london,monday,14.1,0.1,4,,0.0,0.0,1,0
2024-11-04T10:58:00.000000000Z,1.09012,london,monday,13.5,0.7,7,,0.0,0.0,1,0
2024-11-04T10:59:00.000000000Z,1.09016,london,monday,13.1,1.1,8,,0.3,0.0,1,0
2024-11-04T11:00:00.000000000Z,1.09014,london,monday,13.3,0.9,7,,0.1,0.0,1,0
2024-11-04T11:01:00.000000000Z,1.09034,london,monday,11.3,2.9,35,22,2.9,1.0,1,1
2024-11-04T11:02:00.000000000Z,1.09018,london,monday,12.9,1.3,5,,0.5,0.0,1,0
2024-11-04T11:03:00.000000000Z,1.09013,london,monday,13.4,0.8,3,,0.0,0.0,1,0
2024-11-04T11:04:00.000000000Z,1.09022,london,monday,12.5,1.7,31,,1.7,0.0,1,0
2024-11-04T11:05:00.000000000Z,1.09038,london,monday,10.9,3.3,31,17,3.3,0.6,1,1
2024-11-04T11:06:00.000000000Z,1.09039,london,monday,10.8,3.4,30,16,3.4,0.5,1,1
2024-11-04T11:07:00.000000000Z,1.09044,london,monday,10.3,3.9,29,9,3.9,0.0,1,1
2024-11-04T11:08:00.000000000Z,1.09038,london,monday,10.9,3.3,28,14,3.3,0.2,1,1
2024-11-04T11:09:00.000000000Z,1.09038,london,monday,10.9,3.3,27,13,3.3,0.2,1,1
2024-11-04T11:10:00.000000000Z,1.09034,london,monday,11.3,2.9,26,13,2.9,0.6,1,1
2024-11-04T11:11:00.000000000Z,1.09037,london,monday,11.0,3.2,25,11,3.2,0.3,1,1
2024-11-04T11:12:00.000000000Z,1.09032,london,monday,11.5,2.7,23,11,2.7,0.8,1,1
2024-11-04T11:13:00.000000000Z,1.09036,london,monday,11.1,3.1,23,9,3.1,0.4,1,1
2024-11-04T11:14:00.000000000Z,1.09034,london,monday,11.3,2.9,22,9,2.9,0.6,1,1
2024-11-04T11:15:00.000000000Z,1.09022,london,monday,12.5,1.7,20,,1.7,0.0,1,0
2024-11-04T11:16:00.000000000Z,1.09019,london,monday,12.8,1.4,19,,1.4,0.0,1,0
2024-11-04T11:17:00.000000000Z,1.0903,london,monday,11.7,2.5,18,6,2.5,1.0,1,1
2024-11-04T11:18:00.000000000Z,1.0904,london,monday,10.7,3.5,18,4,3.5,0.0,1,1
2024-11-04T11:19:00.000000000Z,1.09025,london,monday,12.2,2.0,16,,2.0,0.0,1,0
2024-11-04T11:20:00.000000000Z,1.0902,london,monday,12.7,1.5,15,,1.5,0.0,1,0
2024-11-04T11:21:00.000000000Z,1.09022,london,monday,12.5,1.7,14,,1.7,0.0,1,0
2024-11-04T11:22:00.000000000Z,1.09011,london,monday,13.6,0.6,3,,0.6,0.0,1,0
2024-11-04T11:23:00.000000000Z,1.09005,london,monday,14.2,0.0,2,,0.0,0.0,1,0
2024-11-04T11:24:00.000000000Z,1.09014,london,monday,13.3,0.8,10,,0.8,0.0,1,0
2024-11-04T11:25:00.000000000Z,1.09039,london,monday,10.8,3.3,11,2,3.3,0.0,1,1
2024-11-04T11:26:00.000000000Z,1.09028,london,monday,11.9,2.2,9,,2.2,0.0,1,0
2024-11-04T11:27:00.000000000Z,1.09012,london,monday,13.5,0.6,7,,0.6,0.0,1,0
2024-11-04T11:28:00.000000000Z,1.09012,london,monday,13.5,0.6,6,,0.6,0.0,1,0
2024-11-04T11:29:00.000000000Z,1.09016,london,monday,13.1,1.0,5,,1.0,0.0,1,0
2024-11-04T11:30:00.000000000Z,1.09018,london,monday,12.9,1.2,5,,1.2,0.0,1,0
2024-11-04T11:31:00.000000000Z,1.09006,london,monday,14.1,0.0,3,,0.0,0.0,1,0
2024-11-04T11:32:00.000000000Z,1.09022,london,monday,12.5,0.0,3,,0.0,0.0,1,0
2024-11-04T11:33:00.000000000Z,1.09028,london,monday,11.9,0.4,2,,0.0,0.0,1,0
2024-11-04T11:34:00.000000000Z,1.09042,london,monday,10.5,1.8,2,,0.0,0.0,1,0
2024-11-04T11:35:00.000000000Z,1.09057,london,monday,9.0,3.3,10,39,0.0,9.0,1,1
2024-11-04T11:36:00.000000000Z,1.09072,london,monday,7.5,4.8,10,36,1.1,7.5,1,1
2024-11-04T11:37:00.000000000Z,1.09072,london,monday,7.5,4.8,9,35,1.1,7.5,1,1
2024-11-04T11:38:00.000000000Z,1.09061,london,monday,8.6,3.7,8,36,0.0,8.6,1,1
2024-11-04T11:39:00.000000000Z,1.09066,london,monday,8.1,4.2,7,33,0.0,8.1,1,1
2024-11-04T11:40:00.000000000Z,1.09074,london,monday,7.3,5.0,6,32,0.6,7.3,1,1
2024-11-04T11:41:00.000000000Z,1.0908,london,monday,6.7,5.6,10,30,1.2,6.7,1,1
2024-11-04T11:42:00.000000000Z,1.09074,london,monday,7.3,6.3,4,30,0.6,7.3,1,1
2024-11-04T11:43:00.000000000Z,1.09068,london,monday,7.9,7.6,3,29,0.0,7.9,1,1
2024-11-04T11:44:00.000000000Z,1.0908,london,monday,6.7,9.3,7,27,0.0,6.7,1,1
2024-11-04T11:45:00.000000000Z,1.09086,london,monday,6.1,9.9,6,26,0.0,6.1,1,1
2024-11-04T11:46:00.000000000Z,1.09102,london,monday,4.5,13.4,9,23,0.6,4.5,1,1
2024-11-04T11:47:00.000000000Z,1.09096,london,monday,5.1,13.4,7,23,0.0,5.1,1,1
2024-11-04T11:48:00.000000000Z,1.09098,london,monday,4.9,15.8,6,22,0.0,4.9,1,1
2024-11-04T11:49:00.000000000Z,1.09102,london,monday,4.5,16.2,6,20,0.0,4.5,1,1
2024-11-04T11:50:00.000000000Z,1.09102,london,monday,4.5,16.2,5,19,0.0,4.5,1,1
2024-11-04T11:51:00.000000000Z,1.09114,london,monday,3.3,17.4,7,17,0.0,3.3,1,1
2024-11-04T11:52:00.000000000Z,1.09119,london,monday,2.8,17.9,8,12,0.0,2.8,1,1
2024-11-04T11:53:00.000000000Z,1.0912,london,monday,2.7,18.0,7,11,0.0,2.7,1,1
2024-11-04T11:54:00.000000000Z,1.09126,london,monday,2.1,18.6,,10,0.0,2.1,0,1
2024-11-04T11:55:00.000000000Z,1.09128,london,monday,1.9,18.8,,9,0.0,1.9,0,1
2024-11-04T11:56:00.000000000Z,1.09128,london,monday,1.9,18.8,,8,0.0,1.9,0,1
2024-11-04T11:57:00.000000000Z,1.09128,london,monday,1.9,18.8,,7,0.0,1.9,0,1
2024-11-04T11:58:00.000000000Z,1.09139,london,monday,0.8,19.9,,4,0.0,0.8,0,1
2024-11-04T11:59:00.000000000Z,1.09136,london,monday,1.1,19.6,,4,0.0,1.1,0,1
2024-11-04T12:00:00.000000000Z,1.09147,london,monday,0.0,20.7,,2,0.0,0.0,0,1
2024-11-04T12:01:00.000000000Z,1.09128,london,monday,0.0,18.8,,3,0.0,0.0,0,1
2024-11-04T12:02:00.000000000Z,1.09112,london,monday,0.0,17.2,,6,0.0,0.0,0,1
2024-11-04T12:03:00.000000000Z,1.09106,london,monday,0.0,16.6,,6,0.0,0.0,0,1
2024-11-04T12:04:00.000000000Z,1.09093,london,monday,1.1,15.3,,6,0.0,1.1,0,1
2024-11-04T12:05:00.000000000Z,1.09096,london,monday,0.8,15.6,,5,0.0,0.8,0,1
2024-11-04T12:06:00.000000000Z,1.09104,london,monday,0.0,16.4,,3,0.0,0.0,0,1
2024-11-04T12:07:00.000000000Z,1.0909,london,monday,0.2,15.0,,3,0.0,0.0,0,1
2024-11-04T12:08:00.000000000Z,1.09087,london,monday,0.5,14.7,,2,0.0,0.0,0,1
2024-11-04T12:09:00.000000000Z,1.09076,london,monday,1.6,13.6,,3,0.0,0.0,0,1
2024-11-04T12:10:00.000000000Z,1.09062,london,monday,3.0,12.2,16,4,3.1,0.0,1,1
2024-11-04T12:11:00.000000000Z,1.09051,london,monday,4.1,11.1,12,40,2.0,4.1,1,1
2024-11-04T12:12:00.000000000Z,1.0904,london,monday,5.2,10.0,6,70,0.9,5.2,1,1
2024-11-04T12:13:00.000000000Z,1.09041,london,monday,5.1,10.1,5,69,1.0,5.1,1,1
2024-11-04T12:14:00.000000000Z,1.09031,london,monday,6.1,9.1,3,69,0.0,6.1,1,1
2024-11-04T12:15:00.000000000Z,1.09032,london,monday,6.0,9.2,2,68,0.0,6.0,1,1
2024-11-04T12:16:00.000000000Z,1.09036,london,monday,5.6,9.6,1,66,0.0,5.6,1,1
2024-11-04T12:17:00.000000000Z,1.09061,london,monday,3.1,12.1,9,28,0.3,3.1,1,1
2024-11-04T12:18:00.000000000Z,1.09067,london,monday,2.5,12.7,,25,0.0,2.5,0,1
2024-11-04T12:19:00.000000000Z,1.09058,london,monday,3.4,11.8,7,26,0.0,3.4,1,1
2024-11-04T12:20:00.000000000Z,1.09062,london,monday,3.0,12.2,6,25,0.0,3.0,1,1
2024-11-04T12:21:00.000000000Z,1.09067,london,monday,2.5,12.7,,22,0.0,2.5,0,1
2024-11-04T12:22:00.000000000Z,1.09069,london,monday,2.3,12.9,,21,0.0,2.3,0,1
2024-11-04T12:23:00.000000000Z,1.09078,london,monday,1.4,13.8,,17,0.0,1.4,0,1
2024-11-04T12:24:00.000000000Z,1.09078,london,monday,1.4,13.8,,16,0.0,1.4,0,1
2024-11-04T12:25:00.000000000Z,1.09083,london,monday,0.9,14.3,,15,0.0,0.9,0,1
2024-11-04T12:26:00.000000000Z,1.09092,london,monday,0.0,15.2,,7,0.0,0.0,0,1
2024-11-04T12:27:00.000000000Z,1.09088,london,monday,0.0,14.8,,7,0.0,0.0,0,1
2024-11-04T12:28:00.000000000Z,1.09082,london,monday,0.7,14.2,,12,0.0,0.6,0,1
2024-11-04T12:29:00.000000000Z,1.09082,london,monday,0.7,14.2,,11,0.0,0.6,0,1
2024-11-04T12:30:00.000000000Z,1.09088,london,monday,0.1,14.8,,4,0.0,0.0,0,1
2024-11-04T12:31:00.000000000Z,1.09076,london,monday,1.3,13.6,,9,0.0,0.6,0,1
2024-11-04T12:32:00.000000000Z,1.0907,london,monday,1.9,13.0,,10,0.0,1.2,0,1
2024-11-04T12:33:00.000000000Z,1.09065,london,monday,2.4,12.5,,11,0.0,1.7,0,1
2024-11-04T12:34:00.000000000Z,1.09062,london,monday,2.7,12.2,41,11,3.8,2.0,1,1
2024-11-04T12:35:00.000000000Z,1.09078,london,monday,1.1,13.8,,5,0.0,0.4,0,1
2024-11-04T12:36:00.000000000Z,1.09082,london,monday,0.7,14.2,,4,0.0,0.0,0,1
2024-11-04T12:37:00.000000000Z,1.09076,london,monday,1.3,13.6,,3,0.0,0.0,0,1
2024-11-04T12:38:00.000000000Z,1.09066,london,monday,2.3,12.6,,6,0.0,0.3,0,1
2024-11-04T12:39:00.000000000Z,1.09069,london,monday,2.0,12.9,,4,0.0,0.0,0,1
2024-11-04T12:40:00.000000000Z,1.0905,london,monday,3.9,11.0,34,11,2.6,0.0,1,1
2024-11-04T12:41:00.000000000Z,1.09048,london,monday,4.1,10.8,33,41,2.4,4.0,1,1
2024-11-04T12:42:00.000000000Z,1.09044,london,monday,4.5,10.4,22,40,2.0,4.4,1,1
2024-11-04T12:43:00.000000000Z,1.09042,london,monday,4.7,10.2,21,39,1.8,4.6,1,1
2024-11-04T12:44:00.000000000Z,1.09037,london,monday,5.2,9.7,13,38,1.3,5.1,1,1
2024-11-04T12:45:00.000000000Z,1.09027,london,monday,6.2,8.7,12,38,0.3,6.1,1,1
2024-11-04T12:46:00.000000000Z,1.09032,london,monday,5.7,9.2,11,37,0.8,5.6,1,1
2024-11-04T12:47:00.000000000Z,1.09036,london,monday,5.3,9.6,10,35,1.2,5.2,1,1
2024-11-04T12:48:00.000000000Z,1.09036,london,monday,5.3,9.6,9,34,1.2,5.2,1,1
2024-11-04T12:49:00.000000000Z,1.09034,london,monday,5.5,9.4,8,34,1.0,5.4,1,1
2024-11-04T12:50:00.000000000Z,1.09046,london,monday,4.3,10.6,24,32,2.2,4.2,1,1
2024-11-04T12:51:00.000000000Z,1.09024,london,monday,6.5,8.4,5,32,0.0,6.4,1,1
2024-11-04T12:52:00.000000000Z,1.09036,london,monday,5.3,9.6,5,30,0.5,5.2,1,1
2024-11-04T12:53:00.000000000Z,1.09038,london,monday,5.1,9.8,4,29,0.7,5.0,1,1
2024-11-04T12:54:00.000000000Z,1.09031,london,monday,5.8,9.1,3,29,0.0,5.7,1,1
2024-11-04T12:55:00.000000000Z,1.09038,london,monday,5.1,9.8,2,27,0.0,5.0,1,1
2024-11-04T12:56:00.000000000Z,1.0905,london,monday,3.9,11.0,18,26,1.6,3.8,1,1
2024-11-04T12:57:00.000000000Z,1.09063,london,monday,2.6,12.3,18,10,2.9,0.7,1,1
2024-11-04T12:58:00.000000000Z,1.09051,london,monday,3.8,11.1,16,24,1.7,3.7,1,1
2024-11-04T12:59:00.000000000Z,1.09046,london,monday,4.3,10.6,15,23,1.2,4.2,1,1
2024-11-04T13:00:00.000000000Z,1.09042,london,monday,4.7,10.2,4,22,0.0,4.6,1,1
2024-11-04T13:01:00.000000000Z,1.09049,london,monday,4.0,10.9,13,21,1.5,3.9,1,1
2024-11-04T13:02:00.000000000Z,1.09066,london,monday,2.3,12.6,,5,0.0,0.4,0,1
2024-11-04T13:03:00.000000000Z,1.09064,london,monday,2.5,12.4,,4,0.0,0.6,0,1
2024-11-04T13:04:00.000000000Z,1.0907,london,monday,1.9,13.0,,3,0.0,0.0,0,1
2024-11-04T13:05:00.000000000Z,1.09057,london,monday,3.2,11.7,10,17,2.3,3.1,1,1
2024-11-04T13:06:00.000000000Z,1.09048,london,monday,4.1,10.8,8,16,1.4,4.0,1,1
2024-11-04T13:07:00.000000000Z,1.09038,london,monday,5.1,9.8,7,15,0.4,5.0,1,1
2024-11-04T13:08:00.000000000Z,1.09034,london,monday,5.5,9.4,6,15,0.0,5.4,1,1
2024-11-04T13:09:00.000000000Z,1.09041,london,monday,4.8,10.1,5,13,0.0,4.7,1,1
2024-11-04T13:10:00.000000000Z,1.09056,london,monday,3.3,11.6,5,12,1.0,3.2,1,1
2024-11-04T13:11:00.000000000Z,1.09046,london,monday,4.3,10.6,3,11,0.0,4.2,1,1
2024-11-04T13:12:00.000000000Z,1.09053,london,monday,3.6,11.3,2,10,0.0,3.5,1,1
2024-11-04T13:13:00.000000000Z,1.09058,london,monday,3.1,11.8,2,9,0.0,3.0,1,1
2024-11-04T13:14:00.000000000Z,1.0908,london,monday,0.9,14.0,,7,0.0,0.8,0,1
2024-11-04T13:15:00.000000000Z,1.09088,london,monday,0.1,14.8,,5,0.0,0.0,0,1
2024-11-04T13:16:00.000000000Z,1.09078,london,monday,1.1,13.8,,5,0.0,0.3,0,1
2024-11-04T13:17:00.000000000Z,1.09066,london,monday,2.3,12.6,,5,0.0,1.5,0,1
2024-11-04T13:18:00.000000000Z,1.09081,london,monday,0.8,14.1,,2,0.0,0.0,0,1
2024-11-04T13:19:00.000000000Z,1.09068,london,monday,2.1,12.8,,3,0.0,0.0,0,1
2024-11-04T13:20:00.000000000Z,1.09056,london,monday,3.3,11.6,46,2,11.6,0.0,1,1
2024-11-04T13:21:00.000000000Z,1.09046,london,monday,4.3,10.6,34,1,10.6,0.0,1,1
2024-11-04T13:22:00.000000000Z,1.09011,london,monday,7.8,7.1,30,4,7.1,0.0,1,1
2024-11-04T13:23:00.000000000Z,1.08992,london,monday,9.7,5.2,29,4,5.2,0.0,1,1
2024-11-04T13:24:00.000000000Z,1.08987,london,monday,10.2,4.7,28,4,4.7,0.0,1,1
2024-11-04T13:25:00.000000000Z,1.08987,london,monday,10.2,4.7,27,3,4.7,0.0,1,1
2024-11-04T13:26:00.000000000Z,1.08968,london,monday,12.1,2.8,24,2,2.8,0.0,1,1
2024-11-04T13:27:00.000000000Z,1.08962,london,monday,12.7,2.2,19,,2.2,0.0,1,0
2024-11-04T13:28:00.000000000Z,1.0894,london,monday,14.9,0.0,5,,0.0,0.0,1,0
2024-11-04T13:29:00.000000000Z,1.08954,london,monday,13.5,1.2,6,,1.2,0.0,1,0
2024-11-04T13:30:00.000000000Z,1.08942,london,monday,14.7,0.0,3,,0.0,0.0,1,0
2024-11-04T13:31:00.000000000Z,1.08951,london,monday,13.8,0.9,4,,0.9,0.0,1,0
2024-11-04T13:32:00.000000000Z,1.08942,london,monday,14.7,0.0,1,,0.0,0.0,1,0
2024-11-04T13:33:00.000000000Z,1.08972,london,monday,11.7,0.3,18,,0.1,0.0,1,0
2024-11-04T13:34:00.000000000Z,1.08974,london,monday,11.5,0.5,17,,0.3,0.0,1,0
2024-11-04T13:35:00.000000000Z,1.0898,london,monday,10.9,1.1,16,,0.9,0.0,1,0
2024-11-04T13:36:00.000000000Z,1.08974,london,monday,11.5,0.5,15,,0.3,0.0,1,0
2024-11-04T13:37:00.000000000Z,1.08972,london,monday,11.7,0.3,14,,0.1,0.0,1,0
2024-11-04T13:38:00.000000000Z,1.08972,london,monday,11.7,0.3,13,,0.1,0.0,1,0
2024-11-04T13:39:00.000000000Z,1.08971,london,monday,11.8,0.2,11,,0.0,0.0,1,0
2024-11-04T13:40:00.000000000Z,1.08986,london,monday,10.3,1.7,12,,0.6,0.0,1,0
2024-11-04T13:41:00.000000000Z,1.08986,london,monday,10.3,1.7,11,,0.6,0.0,1,0
2024-11-04T13:42:00.000000000Z,1.08981,london,monday,10.8,1.2,9,,0.1,0.0,1,0
2024-11-04T13:43:00.000000000Z,1.08987,london,monday,10.2,1.8,9,,0.7,0.0,1,0
2024-11-04T13:44:00.000000000Z,1.08984,london,monday,10.5,1.5,7,,0.4,0.0,1,0
2024-11-04T13:45:00.000000000Z,1.0898,london,monday,10.9,1.1,6,,0.0,0.0,1,0
2024-11-04T13:46:00.000000000Z,1.0899,london,monday,9.9,2.1,6,,1.0,0.0,1,0
2024-11-04T13:47:00.000000000Z,1.0898,london,monday,10.9,1.1,4,,0.0,0.0,1,0
2024-11-04T13:48:00.000000000Z,1.08984,london,monday,10.5,1.5,3,,0.2,0.0,1,0
2024-11-04T13:49:00.000000000Z,1.08982,london,monday,10.7,1.3,2,,0.0,0.0,1,0
2024-11-04T13:50:00.000000000Z,1.08996,london,monday,9.3,2.7,2,65,0.0,9.3,1,1
2024-11-04T13:51:00.000000000Z,1.09009,london,monday,8.0,4.0,1,59,0.0,8.0,1,1
2024-11-04T13:52:00.000000000Z,1.09043,london,monday,4.6,7.4,3,37,0.0,4.6,1,1
2024-11-04T13:53:00.000000000Z,1.09058,london,monday,3.1,8.9,13,9,3.2,2.2,1,1
2024-11-04T13:54:00.000000000Z,1.09052,london,monday,3.7,8.3,2,8,0.0,2.8,1,1
2024-11-04T13:55:00.000000000Z,1.09072,london,monday,1.7,10.3,,7,0.0,0.8,0,1
2024-11-04T13:56:00.000000000Z,1.0908,london,monday,0.9,11.1,,3,0.0,0.0,0,1
2024-11-04T13:57:00.000000000Z,1.09068,london,monday,2.1,9.9,,5,0.0,0.4,0,1
2024-11-04T13:58:00.000000000Z,1.09072,london,monday,1.7,10.3,,4,0.0,0.0,0,1
2024-11-04T13:59:00.000000000Z,1.09052,london,monday,3.7,8.3,6,3,2.6,0.5,1,1
2024-11-04T14:00:00.000000000Z,1.09057,london,monday,3.2,8.8,6,2,3.1,0.0,1,1
2024-11-04T14:01:00.000000000Z,1.09048,london,monday,4.1,7.9,4,28,2.2,4.1,1,1
2024-11-04T14:02:00.000000000Z,1.09026,london,monday,6.3,5.7,2,48,0.0,6.3,1,1
2024-11-04T14:03:00.000000000Z,1.09043,london,monday,4.6,7.4,2,26,0.0,4.6,1,1
2024-11-04T14:04:00.000000000Z,1.09063,london,monday,2.6,9.4,4,12,0.0,2.6,1,1
2024-11-04T14:05:00.000000000Z,1.09079,london,monday,1.0,11.0,,11,0.0,1.0,0,1
2024-11-04T14:06:00.000000000Z,1.09085,london,monday,0.4,11.6,,4,0.0,0.4,0,1
2024-11-04T14:07:00.000000000Z,1.09075,london,monday,1.4,10.6,,9,0.0,1.4,0,1
2024-11-04T14:08:00.000000000Z,1.09089,london,monday,0.0,12.0,,2,0.0,0.0,0,1
2024-11-04T14:09:00.000000000Z,1.09081,london,monday,0.3,11.3,,7,0.0,0.3,0,1
2024-11-04T14:10:00.000000000Z,1.09058,london,monday,2.6,9.0,3,7,0.0,2.6,1,1
2024-11-04T14:11:00.000000000Z,1.09064,london,monday,2.0,9.6,,5,0.0,2.0,0,1
2024-11-04T14:12:00.000000000Z,1.09058,london,monday,2.6,9.0,1,5,0.0,2.6,1,1
2024-11-04T14:13:00.000000000Z,1.09084,london,monday,0.0,11.6,,1,0.0,0.0,0,1
2024-11-04T14:14:00.000000000Z,1.09058,london,monday,1.5,9.0,,3,0.0,0.0,0,1
2024-11-04T14:15:00.000000000Z,1.09058,london,monday,1.5,9.0,,2,0.0,0.0,0,1
2024-11-04T14:16:00.000000000Z,1.09038,london,monday,3.5,7.0,3,13,0.6,3.5,1,1
2024-11-04T14:17:00.000000000Z,1.09032,london,monday,4.1,6.6,1,16,0.0,4.1,1,1
2024-11-04T14:18:00.000000000Z,1.09058,london,monday,1.5,9.2,,8,0.0,1.5,0,1
2024-11-04T14:19:00.000000000Z,1.09073,london,monday,0.0,10.7,,5,0.0,0.0,0,1
2024-11-04T14:20:00.000000000Z,1.09062,london,monday,1.0,9.6,,5,0.0,0.2,0,1
2024-11-04T14:21:00.000000000Z,1.09064,london,monday,0.8,9.8,,3,0.0,0.0,0,1
2024-11-04T14:22:00.000000000Z,1.09052,london,monday,2.0,8.6,,7,0.0,0.0,0,1
2024-11-04T14:23:00.000000000Z,1.09051,london,monday,2.1,8.5,,6,0.0,0.0,0,1
2024-11-04T14:24:00.000000000Z,1.09038,london,monday,3.4,7.2,41,5,6.9,0.0,1,1
2024-11-04T14:25:00.000000000Z,1.09034,london,monday,3.8,6.8,40,8,6.5,0.0,1,1
2024-11-04T14:26:00.000000000Z,1.09033,london,monday,3.9,6.7,39,7,6.4,0.1,1,1
2024-11-04T14:27:00.000000000Z,1.09034,london,monday,3.8,6.8,38,6,6.5,0.0,1,1
2024-11-04T14:28:00.000000000Z,1.0903,london,monday,4.2,6.4,37,18,6.1,1.2,1,1
2024-11-04T14:29:00.000000000Z,1.09012,london,monday,6.0,4.6,14,21,0.6,3.0,1,1
2024-11-04T14:30:00.000000000Z,1.09022,london,monday,5.0,5.6,34,20,5.3,2.0,1,1
2024-11-04T14:31:00.000000000Z,1.09034,london,monday,3.8,6.8,34,2,6.5,0.0,1,1
2024-11-04T14:32:00.000000000Z,1.09018,london,monday,5.4,5.2,31,18,4.9,2.4,1,1
2024-11-04T14:33:00.000000000Z,1.09006,london,monday,6.6,4.0,9,17,0.0,3.6,1,1
2024-11-04T14:34:00.000000000Z,1.09014,london,monday,5.8,4.8,11,16,0.0,2.8,1,1
2024-11-04T14:35:00.000000000Z,1.09028,london,monday,4.4,6.2,29,11,5.9,1.4,1,1
2024-11-04T14:36:00.000000000Z,1.09016,london,monday,5.6,5.0,9,14,0.0,2.6,1,1
2024-11-04T14:37:00.000000000Z,1.09022,london,monday,5.0,5.6,27,13,5.3,2.0,1,1
2024-11-04T14:38:00.000000000Z,1.09024,london,monday,4.8,5.8,26,12,5.5,1.8,1,1
2024-11-04T14:39:00.000000000Z,1.09026,london,monday,4.6,6.0,25,11,5.7,1.6,1,1
2024-11-04T14:40:00.000000000Z,1.09027,london,monday,4.5,6.1,24,6,5.8,1.5,1,1
2024-11-04T14:41:00.000000000Z,1.09024,london,monday,4.8,5.8,23,9,5.5,1.8,1,1
2024-11-04T14:42:00.000000000Z,1.09036,london,monday,3.6,7.0,23,4,6.7,0.6,1,1
2024-11-04T14:43:00.000000000Z,1.09038,london,monday,3.4,7.2,22,3,6.9,0.4,1,1
2024-11-04T14:44:00.000000000Z,1.09032,london,monday,4.0,6.6,21,2,6.3,1.0,1,1
2024-11-04T14:45:00.000000000Z,1.09042,london,monday,3.0,7.6,34,1,7.3,0.0,1,1
2024-11-04T14:46:00.000000000Z,1.09002,london,monday,7.0,3.6,16,4,3.3,1.8,1,1
2024-11-04T14:47:00.000000000Z,1.0902,london,monday,5.2,5.4,17,3,5.1,0.0,1,1
2024-11-04T14:48:00.000000000Z,1.09009,london,monday,6.3,4.3,14,2,4.0,0.9,1,1
2024-11-04T14:49:00.000000000Z,1.09018,london,monday,5.4,5.2,14,1,4.9,0.0,1,1
2024-11-04T14:50:00.000000000Z,1.08976,london,monday,9.6,1.0,6,,0.7,0.0,1,0
2024-11-04T14:51:00.000000000Z,1.08972,london,monday,10.0,0.6,5,,0.3,0.0,1,0
2024-11-04T14:52:00.000000000Z,1.08978,london,monday,9.4,1.2,5,,0.9,0.0,1,0
2024-11-04T14:53:00.000000000Z,1.08976,london,monday,9.6,1.0,3,,0.7,0.0,1,0
2024-11-04T14:54:00.000000000Z,1.08978,london,monday,9.4,1.2,3,,0.9,0.0,1,0
2024-11-04T14:55:00.000000000Z,1.08969,london,monday,10.3,0.3,1,,0.0,0.0,1,0
2024-11-04T14:56:00.000000000Z,1.09002,london,monday,7.0,3.6,6,50,0.6,7.0,1,1
2024-11-04T14:57:00.000000000Z,1.09008,london,monday,6.4,4.2,5,49,1.2,6.4,1,1
2024-11-04T14:58:00.000000000Z,1.09008,london,monday,6.4,4.2,4,48,1.2,6.4,1,1
2024-11-04T14:59:00.000000000Z,1.08998,london,monday,7.4,3.2,3,49,0.2,7.4,1,1
2024-11-04T15:00:00.000000000Z,1.08996,london,monday,7.6,3.0,2,49,0.0,7.6,1,1
2024-11-04T15:01:00.000000000Z,1.09018,london,monday,5.4,5.2,2,45,0.0,5.4,1,1
2024-11-04T15:02:00.000000000Z,1.09036,london,monday,3.6,7.0,3,8,0.0,2.7,1,1
2024-11-04T15:03:00.000000000Z,1.09045,london,monday,2.7,7.9,16,7,4.3,1.8,1,1
2024-11-04T15:04:00.000000000Z,1.09054,london,monday,1.8,8.8,,5,0.0,0.9,0,1
2024-11-04T15:05:00.000000000Z,1.09063,london,monday,0.9,9.7,,2,0.0,0.0,0,1
2024-11-04T15:06:00.000000000Z,1.09052,london,monday,2.0,8.6,,3,0.0,0.0,0,1
2024-11-04T15:07:00.000000000Z,1.09036,london,monday,3.6,7.0,10,3,3.4,0.1,1,1
2024-11-04T15:08:00.000000000Z,1.09037,london,monday,3.5,7.1,9,2,3.5,0.0,1,1
2024-11-04T15:09:00.000000000Z,1.09023,london,monday,4.9,5.7,6,37,2.1,4.9,1,1
2024-11-04T15:10:00.000000000Z,1.09002,london,monday,7.0,3.6,2,36,0.0,7.0,1,1
2024-11-04T15:11:00.000000000Z,1.09022,london,monday,5.0,5.6,4,35,0.0,5.0,1,1
2024-11-04T15:12:00.000000000Z,1.09034,london,monday,3.8,6.8,5,11,0.0,3.8,1,1
2024-11-04T15:13:00.000000000Z,1.09034,london,monday,3.8,6.8,4,10,0.0,3.8,1,1
2024-11-04T15:14:00.000000000Z,1.09042,london,monday,3.0,7.6,5,9,0.0,3.0,1,1
2024-11-04T15:15:00.000000000Z,1.09059,london,monday,1.3,9.3,,7,0.0,1.3,0,1
2024-11-04T15:16:00.000000000Z,1.09056,london,monday,1.6,9.0,,6,0.0,1.6,0,1
2024-11-04T15:17:00.000000000Z,1.09066,london,monday,0.6,10.0,,5,0.0,0.6,0,1
2024-11-04T15:18:00.000000000Z,1.09062,london,monday,1.0,9.6,,4,0.0,1.0,0,1
2024-11-04T15:19:00.000000000Z,1.09072,london,monday,0.0,10.6,,3,0.0,0.0,0,1
2024-11-04T15:20:00.000000000Z,1.09061,london,monday,1.0,9.5,,2,0.0,0.0,0,1
2024-11-04T15:21:00.000000000Z,1.0905,london,monday,2.1,8.4,,1,0.0,0.0,0,1
2024-11-04T15:22:00.000000000Z,1.09023,london,monday,4.8,5.7,4,24,1.7,4.8,1,1
2024-11-04T15:23:00.000000000Z,1.09006,london,monday,6.5,4.0,3,23,0.0,6.5,1,1
2024-11-04T15:24:00.000000000Z,1.09011,london,monday,6.0,4.5,2,22,0.0,6.0,1,1
2024-11-04T15:25:00.000000000Z,1.09026,london,monday,4.5,6.0,1,21,0.0,4.5,1,1
2024-11-04T15:26:00.000000000Z,1.09066,london,monday,0.5,10.0,,3,0.0,0.0,0,1
2024-11-04T15:27:00.000000000Z,1.09052,london,monday,1.9,8.6,,3,0.0,0.0,0,1
2024-11-04T15:28:00.000000000Z,1.09048,london,monday,2.3,8.2,,2,0.0,0.0,0,1
2024-11-04T15:29:00.000000000Z,1.09029,london,monday,4.2,6.3,7,16,1.0,4.2,1,1
2024-11-04T15:30:00.000000000Z,1.09022,london,monday,4.9,5.6,5,16,0.3,4.9,1,1
2024-11-04T15:31:00.000000000Z,1.0904,london,monday,3.1,7.4,8,14,2.1,3.1,1,1
2024-11-04T15:32:00.000000000Z,1.09036,london,monday,3.5,7.0,6,13,1.7,3.5,1,1
2024-11-04T15:33:00.000000000Z,1.09019,london,monday,5.2,5.3,2,13,0.0,5.2,1,1
2024-11-04T15:34:00.000000000Z,1.09029,london,monday,4.2,6.3,2,11,0.0,4.2,1,1
2024-11-04T15:35:00.000000000Z,1.09053,london,monday,1.8,8.7,,10,0.0,1.8,0,1
2024-11-04T15:36:00.000000000Z,1.09058,london,monday,1.3,9.2,,9,0.0,1.3,0,1
2024-11-04T15:37:00.000000000Z,1.09048,london,monday,2.3,8.2,,8,0.0,2.3,0,1
2024-11-04T15:38:00.000000000Z,1.09062,london,monday,0.9,9.6,,6,0.0,0.9,0,1
2024-11-04T15:39:00.000000000Z,1.09071,london,monday,0.0,10.5,,2,0.0,0.0,0,1
2024-11-04T15:40:00.000000000Z,1.09051,london,monday,0.0,8.5,,5,0.0,0.0,0,1
2024-11-04T15:41:00.000000000Z,1.09037,london,monday,0.5,7.1,,4,0.0,0.5,0,1
2024-11-04T15:42:00.000000000Z,1.09037,london,monday,0.5,7.1,,3,0.0,0.5,0,1
2024-11-04T15:43:00.000000000Z,1.09042,london,monday,0.0,7.6,,2,0.0,0.0,0,1
2024-11-04T15:44:00.000000000Z,1.09036,london,monday,0.0,7.0,,1,0.0,0.0,0,1
2024-11-04T15:45:00.000000000Z,1.09002,london,monday,0.0,3.6,,1,0.0,0.0,0,1
2024-11-04T15:46:00.000000000Z,1.08974,london,monday,1.9,0.8,,,0.0,0.0,0,0
2024-11-04T15:47:00.000000000Z,1.08977,london,monday,1.6,1.1,,,0.0,0.0,0,0
2024-11-04T15:48:00.000000000Z,1.08972,london,monday,2.1,0.6,,,0.0,0.0,0,0
2024-11-04T15:49:00.000000000Z,1.08968,london,monday,2.5,0.2,10,,0.2,0.0,1,0
2024-11-04T15:50:00.000000000Z,1.0897,london,monday,2.3,0.4,,,0.0,0.0,0,0
2024-11-04T15:51:00.000000000Z,1.08972,london,monday,2.1,0.6,,,0.0,0.0,0,0
2024-11-04T15:52:00.000000000Z,1.08974,london,monday,1.9,0.8,,,0.0,0.0,0,0
2024-11-04T15:53:00.000000000Z,1.08976,london,monday,1.7,1.0,,,0.0,0.0,0,0
2024-11-04T15:54:00.000000000Z,1.08976,london,monday,1.7,1.0,,,0.0,0.0,0,0
2024-11-04T15:55:00.000000000Z,1.08979,london,monday,1.4,1.3,,,0.0,0.0,0,0
2024-11-04T15:56:00.000000000Z,1.08976,london,monday,1.7,1.0,,,0.0,0.0,0,0
2024-11-04T15:57:00.000000000Z,1.08966,london,monday,2.7,0.0,2,,0.0,0.0,1,0
2024-11-04T15:58:00.000000000Z,1.08984,london,monday,0.9,0.0,,,0.0,0.0,0,0
2024-11-04T15:59:00.000000000Z,1.08993,london,monday,0.0,0.0,,,0.0,0.0,0,0
